08-22 17:02:38.429 I/system_server(  695): Background concurrent mark compact GC freed 24MB AllocSpace bytes, 35(1232KB) LOS objects, 38% free, 38MB/62MB, paused 25.039ms,1.002s total 4.082s
08-22 17:02:47.413 I/system_server(  695): Background young concurrent mark compact GC freed 22MB AllocSpace bytes, 19(1072KB) LOS objects, 39% free, 36MB/60MB, paused 1.520ms,424.148ms total 534.366ms
08-22 17:02:52.876 I/HWUI    (16830): Davey! duration=802ms; Flags=1, FrameTimelineVsyncId=61742029, IntendedVsync=154268888231078, Vsync=154269588231050, InputEventId=0, HandleInputStart=154269590048800, AnimationStart=154269590097900, PerformTraversalsStart=154269590776700, DrawStart=154269658977500, FrameDeadline=154268904897744, FrameStartTime=154269589688600, FrameInterval=16666666, WorkloadTarget=16666666, AnimationTime=154269588231050, AnimationCounter=-1, SyncQueued=154269660297400, SyncStart=154269665363700, IssueDrawCommandsStart=154269665457300, SwapBuffers=154269665680500, FrameCompleted=154269695990500, DequeueBufferDuration=25800, QueueBufferDuration=544900, GpuCompleted=154269695861500, SwapBuffersCompleted=154269695990500, DisplayPresentTime=1099511627775, CommandSubmissionCompleted=154269665680500, 
08-22 17:02:52.891 I/HWUI    (16830): Davey! duration=835ms; Flags=1, FrameTimelineVsyncId=61742029, IntendedVsync=154268888231078, Vsync=154269588231050, InputEventId=0, HandleInputStart=154269590048800, AnimationStart=154269590097900, PerformTraversalsStart=154269590776700, DrawStart=154269698113700, FrameDeadline=154268921564410, FrameStartTime=154269589688600, FrameInterval=16666666, WorkloadTarget=16666666, AnimationTime=154269588231050, AnimationCounter=-1, SyncQueued=154269698234800, SyncStart=154269731376900, IssueDrawCommandsStart=154269731461900, SwapBuffers=154269735355200, FrameCompleted=154269756759900, DequeueBufferDuration=27000, QueueBufferDuration=479200, GpuCompleted=154269756759900, SwapBuffersCompleted=154269753616100, DisplayPresentTime=0, CommandSubmissionCompleted=154269735355200, 
08-22 17:02:54.104 I/om.simba.player(16830): Background concurrent mark compact GC freed 12MB AllocSpace bytes, 49(2592KB) LOS objects, 49% free, 5141KB/10MB, paused 1.720ms,109.472ms total 158.186ms
08-22 17:02:57.986 I/om.simba.player(16830): Background young concurrent mark compact GC freed 1776KB AllocSpace bytes, 0(0B) LOS objects, 13% free, 8869KB/10MB, paused 2.739ms,283.669ms total 353.497ms
08-22 17:02:58.284 I/om.simba.player(16830): Background concurrent mark compact GC freed 64KB AllocSpace bytes, 1(16KB) LOS objects, 49% free, 10MB/20MB, paused 3.609ms,139.537ms total 192.304ms
08-22 17:03:00.078 I/om.simba.player(16830): Background young concurrent mark compact GC freed 2880KB AllocSpace bytes, 0(0B) LOS objects, 16% free, 16MB/20MB, paused 2.607ms,450.227ms total 470.892ms
08-22 17:03:03.270 I/om.simba.player(16830): NativeAlloc concurrent mark compact GC freed 13MB AllocSpace bytes, 0(0B) LOS objects, 49% free, 5397KB/10MB, paused 1.654ms,13.058ms total 43.229ms
08-22 17:03:04.371 I/om.simba.player(16830): Background young concurrent mark compact GC freed 4032KB AllocSpace bytes, 0(0B) LOS objects, 35% free, 6966KB/10MB, paused 2.432ms,161.887ms total 205.699ms
08-22 17:03:06.964 I/system_server(  695): Background young concurrent mark compact GC freed 24MB AllocSpace bytes, 1(32KB) LOS objects, 38% free, 36MB/60MB, paused 8.241ms,422.934ms total 492.229ms
08-22 17:03:10.049 W/ReactNativeJS(16830):            duration: 0,
08-22 17:03:10.049 W/ReactNativeJS(16830):         duration: 0,
08-22 17:03:10.376 I/om.simba.player(16830): NativeAlloc concurrent mark compact GC freed 2512KB AllocSpace bytes, 8(384KB) LOS objects, 49% free, 7750KB/15MB, paused 1.364ms,46.229ms total 73.621ms
08-22 17:03:56.644 I/system_server(  695): Background young concurrent mark compact GC freed 22MB AllocSpace bytes, 4(128KB) LOS objects, 39% free, 36MB/60MB, paused 4.065ms,46.665ms total 87.072ms
08-22 17:04:03.691 I/om.simba.player(16830): Background young concurrent mark compact GC freed 4384KB AllocSpace bytes, 11(528KB) LOS objects, 36% free, 9878KB/15MB, paused 1.316ms,14.143ms total 34.183ms
08-22 17:04:46.697 I/system_server(  695): Background young concurrent mark compact GC freed 24MB AllocSpace bytes, 4(128KB) LOS objects, 38% free, 37MB/60MB, paused 6.973ms,55.590ms total 110.932ms
08-22 17:04:48.045 W/libc    (16376): Access denied finding property "persist.adb.tls_server.enable"
08-22 17:04:48.046 W/libc    (16376): Access denied finding property "service.adb.tls.port"
08-22 17:05:36.874 I/system_server(  695): Background young concurrent mark compact GC freed 23MB AllocSpace bytes, 4(128KB) LOS objects, 39% free, 36MB/60MB, paused 4.531ms,55.569ms total 204.498ms
08-22 17:06:26.781 I/system_server(  695): Background young concurrent mark compact GC freed 23MB AllocSpace bytes, 4(128KB) LOS objects, 38% free, 36MB/60MB, paused 11.344ms,49.576ms total 108.994ms
08-22 17:07:13.324 I/om.simba.player(16830): Background young concurrent mark compact GC freed 5456KB AllocSpace bytes, 0(0B) LOS objects, 35% free, 10054KB/15MB, paused 1.687ms,14.750ms total 36.688ms
08-22 17:07:16.706 I/system_server(  695): Background young concurrent mark compact GC freed 23MB AllocSpace bytes, 4(128KB) LOS objects, 38% free, 36MB/60MB, paused 11.733ms,52.543ms total 108.903ms
08-22 17:08:06.793 I/system_server(  695): Background young concurrent mark compact GC freed 22MB AllocSpace bytes, 4(128KB) LOS objects, 38% free, 37MB/60MB, paused 4.669ms,46.174ms total 100.545ms
08-22 17:08:56.890 I/system_server(  695): Background young concurrent mark compact GC freed 22MB AllocSpace bytes, 4(128KB) LOS objects, 38% free, 36MB/60MB, paused 2.255ms,47.106ms total 74.517ms
08-22 17:09:46.851 I/system_server(  695): Background young concurrent mark compact GC freed 23MB AllocSpace bytes, 4(128KB) LOS objects, 37% free, 37MB/60MB, paused 8.240ms,61.640ms total 119.598ms
08-22 17:10:22.211 I/om.simba.player(16830): Background young concurrent mark compact GC freed 5456KB AllocSpace bytes, 0(0B) LOS objects, 35% free, 10070KB/15MB, paused 1.057ms,24.468ms total 42.120ms
08-22 17:10:36.869 I/system_server(  695): Background young concurrent mark compact GC freed 22MB AllocSpace bytes, 4(128KB) LOS objects, 38% free, 37MB/60MB, paused 6.128ms,53.161ms total 97.343ms
08-22 17:11:18.080 W/unknown:BridgelessReact(16830): ReactHost{0}.onHostPause(activity)
08-22 17:11:18.110 W/unknown:BridgelessReact(16830): ReactHost{0}.ReactContext.onHostPause()
08-22 17:11:20.135 I/s.nexuslauncher( 1475): NativeAlloc concurrent mark compact GC freed 3411KB AllocSpace bytes, 8(448KB) LOS objects, 49% free, 7455KB/14MB, paused 3.158ms,16.319ms total 72.076ms
08-22 17:11:23.302 I/system_server(  695): Background young concurrent mark compact GC freed 22MB AllocSpace bytes, 5(160KB) LOS objects, 38% free, 37MB/60MB, paused 5.708ms,52.929ms total 95.626ms
08-22 17:11:27.557 I/ackageinstaller( 6160): Background concurrent mark compact GC freed 775KB AllocSpace bytes, 0(0B) LOS objects, 49% free, 2964KB/5929KB, paused 2.395ms,103.661ms total 362.655ms
08-22 17:11:29.632 I/s.nexuslauncher( 1475): Background concurrent mark compact GC freed 6032KB AllocSpace bytes, 14(1008KB) LOS objects, 49% free, 7215KB/14MB, paused 11.478ms,98.702ms total 353.031ms
08-22 17:11:31.127 I/system_server(  695): Background concurrent mark compact GC freed 22MB AllocSpace bytes, 30(1264KB) LOS objects, 37% free, 39MB/63MB, paused 98.086ms,251.096ms total 1.984s
08-22 17:11:39.250 I/system_server(  695): Background young concurrent mark compact GC freed 23MB AllocSpace bytes, 15(640KB) LOS objects, 39% free, 36MB/60MB, paused 2.443ms,43.279ms total 133.432ms
08-22 17:12:18.191 I/system_server(  695): Background young concurrent mark compact GC freed 23MB AllocSpace bytes, 16(992KB) LOS objects, 39% free, 36MB/60MB, paused 4.445ms,797.982ms total 1.088s
08-22 17:13:01.883 I/system_server(  695): Background concurrent mark compact GC freed 17MB AllocSpace bytes, 5(160KB) LOS objects, 40% free, 35MB/59MB, paused 1.954ms,102.376ms total 332.752ms
08-22 17:13:42.370 W/libbinder.BackendUnifiedServiceManager(17469): Thread Pool max thread count is 0. Cannot cache binder as linkToDeath cannot be implemented. serviceName: android.hardware.bluetooth.audio.IBluetoothAudioProviderFactory/default
08-22 17:13:42.372 W/libbinder.BackendUnifiedServiceManager(17469): Thread Pool max thread count is 0. Cannot cache binder as linkToDeath cannot be implemented. serviceName: android.hardware.bluetooth.offload.leaudio.IHciProxy/default
08-22 17:13:42.655 W/libbinder.BackendUnifiedServiceManager(17469): Thread Pool max thread count is 0. Cannot cache binder as linkToDeath cannot be implemented. serviceName: audio
08-22 17:13:42.982 W/libbinder.BackendUnifiedServiceManager(17469): Thread Pool max thread count is 0. Cannot cache binder as linkToDeath cannot be implemented. serviceName: media.audio_flinger
08-22 17:13:43.011 W/libbinder.BackendUnifiedServiceManager(17469): Thread Pool max thread count is 0. Cannot cache binder as linkToDeath cannot be implemented. serviceName: media.audio_policy
08-22 17:13:43.666 W/libbinder.BackendUnifiedServiceManager(17472): Thread Pool max thread count is 0. Cannot cache binder as linkToDeath cannot be implemented. serviceName: android.hardware.bluetooth.audio.IBluetoothAudioProviderFactory/default
08-22 17:13:43.667 W/libbinder.BackendUnifiedServiceManager(17472): Thread Pool max thread count is 0. Cannot cache binder as linkToDeath cannot be implemented. serviceName: android.hardware.bluetooth.offload.leaudio.IHciProxy/default
08-22 17:13:43.787 W/libbinder.BackendUnifiedServiceManager(17472): Thread Pool max thread count is 0. Cannot cache binder as linkToDeath cannot be implemented. serviceName: audio
08-22 17:13:43.956 W/libbinder.BackendUnifiedServiceManager(17472): Thread Pool max thread count is 0. Cannot cache binder as linkToDeath cannot be implemented. serviceName: media.audio_flinger
08-22 17:13:43.959 W/libbinder.BackendUnifiedServiceManager(17472): Thread Pool max thread count is 0. Cannot cache binder as linkToDeath cannot be implemented. serviceName: media.audio_policy
08-22 17:13:57.199 I/system_server(  695): Background young concurrent mark compact GC freed 24MB AllocSpace bytes, 8(304KB) LOS objects, 40% free, 35MB/59MB, paused 2.466ms,46.359ms total 108.110ms
08-22 17:14:10.449 I/system_server(  695): Background concurrent mark compact GC freed 17MB AllocSpace bytes, 4(112KB) LOS objects, 39% free, 36MB/60MB, paused 23.339ms,74.326ms total 983.569ms
08-22 17:14:13.981 I/system_server(  695): Background young concurrent mark compact GC freed 23MB AllocSpace bytes, 19(976KB) LOS objects, 39% free, 36MB/60MB, paused 4.364ms,98.208ms total 312.271ms
08-22 17:14:17.593 I/HWUI    ( 1475): Davey! duration=801ms; Flags=0, FrameTimelineVsyncId=61991407, IntendedVsync=154953488209241, Vsync=154954271542496, InputEventId=0, HandleInputStart=154954279096500, AnimationStart=154954279123000, PerformTraversalsStart=154954279415000, DrawStart=154954279553600, FrameDeadline=154953504875907, FrameStartTime=154954278733700, FrameInterval=16666665, WorkloadTarget=16666666, AnimationTime=154954271542496, AnimationCounter=-1, SyncQueued=154954279837700, SyncStart=154954279985000, IssueDrawCommandsStart=154954280160200, SwapBuffers=154954285755000, FrameCompleted=154954289980800, DequeueBufferDuration=25700, QueueBufferDuration=3367900, GpuCompleted=154954289831300, SwapBuffersCompleted=154954289980800, DisplayPresentTime=0, CommandSubmissionCompleted=154954285755000, 
08-22 17:14:22.745 I/system_server(  695): Background young concurrent mark compact GC freed 22MB AllocSpace bytes, 6(224KB) LOS objects, 39% free, 36MB/60MB, paused 6.850ms,59.408ms total 106.315ms
08-22 17:14:32.757 I/om.simba.player(17565): NativeAlloc concurrent mark compact GC freed 12MB AllocSpace bytes, 53(2912KB) LOS objects, 49% free, 5493KB/10MB, paused 1.267ms,19.967ms total 53.626ms
08-22 17:14:47.209 I/system_server(  695): Background young concurrent mark compact GC freed 23MB AllocSpace bytes, 2(64KB) LOS objects, 39% free, 36MB/60MB, paused 2.923ms,52.076ms total 129.802ms
08-22 17:14:48.133 W/libc    (16376): Access denied finding property "persist.adb.tls_server.enable"
08-22 17:14:48.133 W/libc    (16376): Access denied finding property "service.adb.tls.port"
08-22 17:15:21.814 I/om.simba.player(17565): Background young concurrent mark compact GC freed 3888KB AllocSpace bytes, 0(0B) LOS objects, 33% free, 7301KB/10MB, paused 4.219ms,12.256ms total 58.854ms
08-22 17:15:22.447 I/om.simba.player(17565): Background concurrent mark compact GC freed 944KB AllocSpace bytes, 1(16KB) LOS objects, 49% free, 9989KB/19MB, paused 4.709ms,15.216ms total 51.572ms
08-22 17:15:24.288 I/om.simba.player(17565): Background young concurrent mark compact GC freed 2544KB AllocSpace bytes, 0(0B) LOS objects, 12% free, 17MB/19MB, paused 5.010ms,28.233ms total 63.156ms
08-22 17:15:24.767 I/om.simba.player(17565): Background concurrent mark compact GC freed 48KB AllocSpace bytes, 0(0B) LOS objects, 50% free, 19MB/39MB, paused 5.987ms,26.038ms total 91.788ms
08-22 17:15:27.070 I/system_server(  695): Background young concurrent mark compact GC freed 22MB AllocSpace bytes, 3(96KB) LOS objects, 38% free, 36MB/60MB, paused 3.685ms,47.213ms total 80.003ms
08-22 17:15:28.041 I/om.simba.player(17565): NativeAlloc concurrent mark compact GC freed 22MB AllocSpace bytes, 8(512KB) LOS objects, 49% free, 7718KB/15MB, paused 1.263ms,66.002ms total 111.805ms
08-22 17:15:31.032 I/om.simba.player(17565): NativeAlloc concurrent mark compact GC freed 1360KB AllocSpace bytes, 2(128KB) LOS objects, 49% free, 8278KB/16MB, paused 1.011ms,30.316ms total 65.748ms
08-22 17:15:32.474 I/ReactNativeJS(17565):      duration: 0,
08-22 17:15:32.478 I/ReactNativeJS(17565):      duration: 0,
08-22 17:15:34.601 I/ReactNativeJS(17565):      duration: 0,
08-22 17:15:34.611 I/ReactNativeJS(17565):      duration: 0,
08-22 17:15:34.620 I/ReactNativeJS(17565):      duration: 0,
08-22 17:15:34.628 I/ReactNativeJS(17565):      duration: 0,
08-22 17:15:34.797 W/unknown:BridgelessReact(17565): ReactHost{0}.onHostPause(activity)
08-22 17:15:34.801 W/unknown:BridgelessReact(17565): ReactHost{0}.ReactContext.onHostPause()
08-22 17:15:36.790 I/.android.gms.ui(17789): Background concurrent mark compact GC freed 1030KB AllocSpace bytes, 1(16KB) LOS objects, 49% free, 5776KB/11MB, paused 2.745ms,49.459ms total 1.621s
08-22 17:15:42.146 I/ReactNativeJS(17565):      duration: 0,
08-22 17:15:42.194 I/ReactNativeJS(17565):      duration: 0,
08-22 17:15:42.412 W/ReactNativeJS(17565):         duration: 0,
08-22 17:15:43.058 E/CelloAccountMetadataLoa(10186): 	at com.google.android.libraries.drive.core.impl.cello.jni.SlimJni__HttpRequestContext.native_onError(Native Method)
08-22 17:15:43.058 E/CelloAccountMetadataLoa(10186): 	at com.google.android.libraries.drive.core.impl.cello.jni.SlimJni__HttpRequestContext.onError(PG:10)
08-22 17:15:43.526 I/ReactNativeJS(17565):      duration: 0,
08-22 17:15:43.555 I/ReactNativeJS(17565):      duration: 0,
08-22 17:15:46.350 W/ActivityTaskManager(  695): Activity pause timeout for ActivityRecord{81660682 u0 com.simba.player/.MainActivity t77}
08-22 17:15:47.350 W/unknown:BridgelessReact(17565): ReactHost{0}.onHostPause(activity)
08-22 17:15:47.390 W/unknown:BridgelessReact(17565): ReactHost{0}.ReactContext.onHostPause()
08-22 17:15:48.410 I/om.simba.player(17565): Background young concurrent mark compact GC freed 5924KB AllocSpace bytes, 15(864KB) LOS objects, 35% free, 10MB/16MB, paused 3.466ms,140.027ms total 692.325ms
08-22 17:15:48.538 I/system_server(  695): Background young concurrent mark compact GC freed 26MB AllocSpace bytes, 2(64KB) LOS objects, 35% free, 38MB/60MB, paused 31.664ms,909.405ms total 1.355s
08-22 17:15:52.842 I/HWUI    ( 1210): Davey! duration=996ms; Flags=0, FrameTimelineVsyncId=62033978, IntendedVsync=155048654866554, Vsync=155049588199850, InputEventId=0, HandleInputStart=155049602992000, AnimationStart=155049603015000, PerformTraversalsStart=155049608073300, DrawStart=155049608160300, FrameDeadline=155049688199846, FrameStartTime=155049602623600, FrameInterval=16666666, WorkloadTarget=16666666, AnimationTime=155049588199850, AnimationCounter=-1, SyncQueued=155049611941100, SyncStart=155049666671000, IssueDrawCommandsStart=155049666851500, SwapBuffers=155049687958800, FrameCompleted=155049705782500, DequeueBufferDuration=31600, QueueBufferDuration=1295300, GpuCompleted=155049705782500, SwapBuffersCompleted=155049690251200, DisplayPresentTime=0, CommandSubmissionCompleted=155049687958800, 
08-22 17:15:53.467 I/ssioncontroller( 1210): Background young concurrent mark compact GC freed 5206KB AllocSpace bytes, 7(224KB) LOS objects, 20% free, 12MB/16MB, paused 2.437ms,254.589ms total 3.201s
08-22 17:15:54.836 I/ssioncontroller( 1210): CollectorTransition concurrent mark compact GC freed 704KB AllocSpace bytes, 2(64KB) LOS objects, 49% free, 12MB/24MB, paused 1.779ms,523.735ms total 728.209ms
08-22 17:15:56.142 I/system_server(  695): Background young concurrent mark compact GC freed 20MB AllocSpace bytes, 1(32KB) LOS objects, 34% free, 39MB/60MB, paused 170.659ms,620.045ms total 1.338s
08-22 17:15:59.552 I/system_server(  695): Background concurrent mark compact GC freed 17MB AllocSpace bytes, 10(464KB) LOS objects, 39% free, 36MB/60MB, paused 43.953ms,197.741ms total 2.456s
08-22 17:16:00.652 W/libc    (16376): Access denied finding property "persist.adb.tls_server.enable"
08-22 17:16:00.652 W/libc    (16376): Access denied finding property "service.adb.tls.port"
08-22 17:16:02.505 I/system_server(  695): Background young concurrent mark compact GC freed 22MB AllocSpace bytes, 7(224KB) LOS objects, 38% free, 37MB/60MB, paused 7.228ms,198.374ms total 304.453ms
08-22 17:16:03.484 I/Bugle   (17881): ForwardSyncEngineImpl: Scan complete. duration ms: PT0.117S, smsToAdd: 0, mmsToAdd: 0, messagesToDelete: 0, lastTimestampMillis: 1969-12-31T23:59:59.999Z, batchId: 18000a29-9179-41ae-8cd6-51213ef4f5b5, syncId: 48facda1-f87b-4728-ad49-09c3b61ec522, messagesToMerge: 0
08-22 17:16:04.253 I/Bugle   (17881): ForwardSyncEngineImpl: Scan complete. duration ms: PT0.086S, smsToAdd: 0, mmsToAdd: 0, messagesToDelete: 0, lastTimestampMillis: 1969-12-31T23:59:59.999Z, batchId: e8a2ddd9-9560-4b66-9bec-a2fb132594c7, syncId: e5cb936a-4fe2-4f1c-89b2-ce01da804659, messagesToMerge: 0
08-22 17:16:04.346 I/ReactNativeJS(17565):      duration: 0,
08-22 17:16:04.369 I/ReactNativeJS(17565):      duration: 0,
08-22 17:16:04.412 W/native  (18021): W0000 00:00:1787399164.412296   18135 geller_cache.cc:1887] Sync timestamp is empty for ASSISTANT_EPHEMERAL_AUDIO, so cleanup for data_retention_days config cannot run
08-22 17:16:04.416 I/native  (18021): I0000 00:00:1787399164.416885   18135 geller_cache.cc:2003] Data size config for ASSISTANT_EPHEMERAL_AUDIO is 1048576 bytes
08-22 17:16:04.416 I/native  (18021): I0000 00:00:1787399164.416926   18135 geller_cache.cc:2005] Actual data size for ASSISTANT_EPHEMERAL_AUDIO is 0 bytes
08-22 17:16:04.596 W/native  (18021): W0000 00:00:1787399164.594484   18135 geller_cache.cc:1887] Sync timestamp is empty for SOUND_SEARCH_VAA2_AUDIO_WAA_METADATA, so cleanup for data_retention_days config cannot run
08-22 17:16:04.599 I/native  (18021): I0000 00:00:1787399164.597259   18135 geller_cache.cc:2003] Data size config for SOUND_SEARCH_VAA2_AUDIO_WAA_METADATA is 1048576 bytes
08-22 17:16:04.599 I/native  (18021): I0000 00:00:1787399164.597298   18135 geller_cache.cc:2005] Actual data size for SOUND_SEARCH_VAA2_AUDIO_WAA_METADATA is 0 bytes
08-22 17:16:04.599 W/native  (18021): W0000 00:00:1787399164.597485   18135 geller_cache.cc:1887] Sync timestamp is empty for SOUND_SEARCH_VAA2_AUDIO_METADATA, so cleanup for data_retention_days config cannot run
08-22 17:16:04.605 I/native  (18021): I0000 00:00:1787399164.603184   18135 geller_cache.cc:2003] Data size config for SOUND_SEARCH_VAA2_AUDIO_METADATA is 1048576 bytes
08-22 17:16:04.605 I/native  (18021): I0000 00:00:1787399164.603267   18135 geller_cache.cc:2005] Actual data size for SOUND_SEARCH_VAA2_AUDIO_METADATA is 0 bytes
08-22 17:16:04.605 W/native  (18021): W0000 00:00:1787399164.603455   18135 geller_cache.cc:1887] Sync timestamp is empty for VOICE_MATCH_AUDIO_METADATA, so cleanup for data_retention_days config cannot run
08-22 17:16:04.607 I/native  (18021): I0000 00:00:1787399164.605288   18135 geller_cache.cc:2003] Data size config for VOICE_MATCH_AUDIO_METADATA is 2097152 bytes
08-22 17:16:04.607 I/native  (18021): I0000 00:00:1787399164.605323   18135 geller_cache.cc:2005] Actual data size for VOICE_MATCH_AUDIO_METADATA is 0 bytes
08-22 17:16:05.366 I/om.simba.player(17565): Background concurrent mark compact GC freed 4510KB AllocSpace bytes, 9(464KB) LOS objects, 49% free, 11MB/22MB, paused 6.071ms,340.554ms total 554.969ms
08-22 17:16:07.801 I/system_server(  695): Background young concurrent mark compact GC freed 23MB AllocSpace bytes, 8(240KB) LOS objects, 39% free, 36MB/60MB, paused 2.253ms,252.437ms total 360.923ms
08-22 17:16:11.076 D/MpvBridgeModule(17565): [PlaybackTrace][Bridge][getDuration] ptr=0 duration=0.0
08-22 17:16:11.644 I/MpvBridgeModule(17565): [PlaybackTrace][Bridge][tls] caFile=/data/user/0/com.simba.player/files/mpv/cacert.pem bytes=188900
08-22 17:16:11.651 I/MpvJNI  (17565): [PlaybackTrace][Native][create] option audio-device-auto=yes result=-5
08-22 17:16:11.651 I/MpvJNI  (17565): [PlaybackTrace][Native][create] option tls-ca-file=/data/user/0/com.simba.player/files/mpv/cacert.pem result=0
08-22 17:16:11.651 I/MpvJNI  (17565): [PlaybackTrace][Native][create] option tls-verify=yes result=0
08-22 17:16:11.652 I/MpvJNI  (17565): [PlaybackTrace][Native][create] option pause=no result=0
08-22 17:16:11.717 I/ReactNativeJS(17565): '[INFO]', '[PlaybackTrace][JS][loadFile:call]', { requestedPath: 'https://prod-1.storage.jamendo.com/?trackid=1593988&format=mp31&from=%2FV3E9Qwm8kkOD6hbkNYXkg%3D%3D%7CMJJdmScXeWFhFQqasgwXjQ%3D%3D',
08-22 17:16:11.721 I/ReactNativeJS(17565): '[INFO]', '[PlaybackTrace][JS][loadFile:return]', { resolvedPath: 'https://prod-1.storage.jamendo.com/?trackid=1593988&format=mp31&from=%2FV3E9Qwm8kkOD6hbkNYXkg%3D%3D%7CMJJdmScXeWFhFQqasgwXjQ%3D%3D' }
08-22 17:16:11.722 I/MpvBridgeModule(17565): [PlaybackTrace][Bridge][loadFile] nativeLoadFile returned
08-22 17:16:11.738 I/MpvEvent(17565): [PlaybackTrace][Native][mpv-log] prefix=cplayer level=v text=Set property: gapless-audio="no" -> 1
08-22 17:16:11.738 D/mpv     (17565): [cplayer] v: Set property: gapless-audio="no" -> 1
08-22 17:16:11.738 I/MpvEvent(17565): [PlaybackTrace][Native][mpv-log] prefix=cplayer level=v text=Set property: audio-delay="0" -> 1
08-22 17:16:11.738 D/mpv     (17565): [cplayer] v: Set property: audio-delay="0" -> 1
08-22 17:16:11.738 I/MpvEvent(17565): [PlaybackTrace][Native][mpv-log] prefix=cplayer level=v text=Set property: audio-samplerate="0" -> 1
08-22 17:16:11.738 D/mpv     (17565): [cplayer] v: Set property: audio-samplerate="0" -> 1
08-22 17:16:11.771 I/ReactNativeJS(17565):      duration: 0,
08-22 17:16:11.777 I/ReactNativeJS(17565):      duration: 0,
08-22 17:16:11.787 I/ReactNativeJS(17565):         duration: 0,
08-22 17:16:11.787 I/ReactNativeJS(17565):      duration: 0,
08-22 17:16:11.849 I/MpvBridgeModule(17565): [PlaybackTrace][Bridge][observeProperty] name=cache-buffering-state initialized=true
08-22 17:16:11.849 I/MpvProperty(17565): Observing property: cache-buffering-state (id=4060560534374325851)
08-22 17:16:11.850 I/MpvEvent(17565): [PlaybackTrace][Native][eventLoop] property=cache-buffering-state format=NONE
08-22 17:16:11.852 I/MpvBridgeModule(17565): [PlaybackTrace][Bridge][observeProperty] name=paused-for-cache initialized=true
08-22 17:16:11.853 I/MpvProperty(17565): Observing property: paused-for-cache (id=5839792331034341279)
08-22 17:16:11.853 I/MpvEvent(17565): [PlaybackTrace][Native][eventLoop] property=paused-for-cache format=NONE
08-22 17:16:11.858 I/MpvBridgeModule(17565): [PlaybackTrace][Bridge][observeProperty] name=demuxer-cache-state initialized=true
08-22 17:16:11.858 I/MpvProperty(17565): Observing property: demuxer-cache-state (id=10892494493859709653)
08-22 17:16:11.858 I/MpvBridgeModule(17565): [PlaybackTrace][Bridge][observeProperty] name=seekable initialized=true
08-22 17:16:11.859 I/MpvEvent(17565): [PlaybackTrace][Native][eventLoop] property=demuxer-cache-state format=NONE
08-22 17:16:11.860 I/MpvEvent(17565): [PlaybackTrace][Native][eventLoop] property=seekable format=NONE
08-22 17:16:11.957 I/MpvJNI  (17565): [PlaybackTrace][Native][getDuration] result=-10 duration=0.000000
08-22 17:16:11.958 D/MpvBridgeModule(17565): [PlaybackTrace][Bridge][getDuration] ptr=131217388352464 duration=0.0
08-22 17:16:12.221 I/MpvEvent(17565): [PlaybackTrace][Native][mpv-log] prefix=cplayer level=v text=Set property: gapless-audio="no" -> 1
08-22 17:16:12.221 D/mpv     (17565): [cplayer] v: Set property: gapless-audio="no" -> 1
08-22 17:16:12.221 I/MpvEvent(17565): [PlaybackTrace][Native][mpv-log] prefix=cplayer level=v text=Set property: audio-delay="0" -> 1
08-22 17:16:12.221 D/mpv     (17565): [cplayer] v: Set property: audio-delay="0" -> 1
08-22 17:16:12.221 I/MpvEvent(17565): [PlaybackTrace][Native][mpv-log] prefix=cplayer level=v text=Set property: audio-samplerate="0" -> 1
08-22 17:16:12.221 D/mpv     (17565): [cplayer] v: Set property: audio-samplerate="0" -> 1
08-22 17:16:12.566 I/om.simba.player(17565): Background young concurrent mark compact GC freed 7680KB AllocSpace bytes, 22(1744KB) LOS objects, 40% free, 13MB/22MB, paused 1.690ms,75.743ms total 216.922ms
08-22 17:16:12.653 I/ReactNativeJS(17565): '[INFO]', '[PlaybackTrace][Controller][fallback-resume]'
08-22 17:16:12.653 I/ReactNativeJS(17565): '[INFO]', '[PlaybackTrace][JS][resume:call]'
08-22 17:16:12.678 I/MpvJNI  (17565): [PlaybackTrace][Native][play] pause=no result=0
08-22 17:16:12.678 I/MpvEvent(17565): [PlaybackTrace][Native][mpv-log] prefix=cplayer level=v text=Set property: pause="no" -> 1
08-22 17:16:12.678 I/MpvBridgeModule(17565): [PlaybackTrace][Bridge][play] nativePlay returned
08-22 17:16:12.678 D/mpv     (17565): [cplayer] v: Set property: pause="no" -> 1
08-22 17:16:12.846 I/ReactNativeJS(17565):         duration: 0,
08-22 17:16:12.846 I/ReactNativeJS(17565):      duration: 0,
08-22 17:16:12.853 I/ReactNativeJS(17565):         duration: 0,
08-22 17:16:12.853 I/ReactNativeJS(17565):      duration: 0,
08-22 17:16:12.977 I/MpvJNI  (17565): [PlaybackTrace][Native][getDuration] result=-10 duration=0.000000
08-22 17:16:12.977 D/MpvBridgeModule(17565): [PlaybackTrace][Bridge][getDuration] ptr=131217388352464 duration=0.0
08-22 17:16:13.038 W/libc    (16376): Access denied finding property "persist.adb.tls_server.enable"
08-22 17:16:13.038 W/libc    (16376): Access denied finding property "service.adb.tls.port"
08-22 17:16:13.229 I/MpvEvent(17565): [PlaybackTrace][Native][mpv-log] prefix=ffmpeg level=v text=Mime-type: 'audio/mpeg'
08-22 17:16:13.229 D/mpv     (17565): [ffmpeg] v: Mime-type: 'audio/mpeg'
08-22 17:16:13.236 I/MpvJNI  (17565): [PlaybackTrace][Native][getDuration] result=-10 duration=0.000000
08-22 17:16:13.237 D/MpvBridgeModule(17565): [PlaybackTrace][Bridge][getDuration] ptr=131217388352464 duration=0.0
08-22 17:16:13.237 D/MpvBridgeModule(17565): [PlaybackTrace][Bridge][getPlaybackState] ptr=131217388352464 state=playing idle=false eof=false pause=false
08-22 17:16:13.245 I/MpvJNI  (17565): [PlaybackTrace][Native][getDuration] result=-10 duration=0.000000
08-22 17:16:13.245 D/MpvBridgeModule(17565): [PlaybackTrace][Bridge][getDuration] ptr=131217388352464 duration=0.0
08-22 17:16:13.436 I/MpvEvent(17565): [PlaybackTrace][Native][mpv-log] prefix=cplayer level=info text=ΓùÅ Audio  --aid=1  (mp3 2ch 44100 Hz 96 kbps)
08-22 17:16:13.436 D/mpv     (17565): [cplayer] info: ΓùÅ Audio  --aid=1  (mp3 2ch 44100 Hz 96 kbps)
08-22 17:16:13.438 I/MpvEvent(17565): [PlaybackTrace][Native][eventLoop] MPV_EVENT_AUDIO_RECONFIG
08-22 17:16:13.438 I/MpvEvent(17565): [PlaybackTrace][Native][dispatch:event] name=audioReconfig payload={}
08-22 17:16:13.441 I/MpvBridgeModule(17565): [PlaybackTrace][Bridge][listener:event] name=audioReconfig payload={}
08-22 17:16:13.441 I/MpvEvent(17565): [PlaybackTrace][Native][eventLoop] MPV_EVENT_AUDIO_RECONFIG
08-22 17:16:13.441 I/MpvEvent(17565): [PlaybackTrace][Native][dispatch:event] name=audioReconfig payload={}
08-22 17:16:13.442 I/MpvBridgeModule(17565): [PlaybackTrace][Bridge][listener:event] name=audioReconfig payload={}
08-22 17:16:13.447 I/MpvEvent(17565): [PlaybackTrace][Native][property] name=seekable format=6 value=null
08-22 17:16:13.447 I/MpvEvent(17565): [PlaybackTrace][Native][dispatch:property] name=seekable value=null
08-22 17:16:13.447 I/MpvBridgeModule(17565): [PlaybackTrace][Bridge][listener:property] name=seekable value=null
08-22 17:16:13.460 I/MpvEvent(17565): [PlaybackTrace][Native][mpv-log] prefix=ad level=v text=    mp3float (mp3) - MP3 (MPEG audio layer 3)
08-22 17:16:13.460 I/MpvEvent(17565): [PlaybackTrace][Native][mpv-log] prefix=ad level=v text=    mp3 - MP3 (MPEG audio layer 3)
08-22 17:16:13.461 I/MpvEvent(17565): [PlaybackTrace][Native][mpv-log] prefix=ad level=v text=Selected decoder: mp3float - MP3 (MPEG audio layer 3)
08-22 17:16:13.463 I/MpvEvent(17565): [PlaybackTrace][Native][mpv-log] prefix=cplayer level=info text=Displaying cover art. Use --no-audio-display to prevent this.
08-22 17:16:13.463 D/mpv     (17565): [cplayer] info: Displaying cover art. Use --no-audio-display to prevent this.
08-22 17:16:13.475 D/AudioSystem(17565): getService: IAudioPolicyService retrieved: 0x77571e1418e0  cached: 0x77571e1418e0
08-22 17:16:13.485 I/MpvEvent(17565): [PlaybackTrace][Native][mpv-log] prefix=ao level=v text=Trying audio driver 'audiotrack'
08-22 17:16:13.488 I/MpvEvent(17565): [PlaybackTrace][Native][mpv-log] prefix=ao/audiotrack level=v text=requested format: 44100 Hz, stereo channels, floatp
08-22 17:16:13.488 D/mpv     (17565): [ao/audiotrack] v: requested format: 44100 Hz, stereo channels, floatp
08-22 17:16:13.532 D/AudioSystem(17565): getService: IAudioFlingerService retrieved: 0x77571e145080  IAudioFlinger cached: 0x7757edb51830
08-22 17:16:13.549 I/MpvEvent(17565): [PlaybackTrace][Native][mpv-log] prefix=ao/audiotrack level=v text=AudioTrack.nativeOutputSampleRate = 48000
08-22 17:16:13.549 D/mpv     (17565): [ao/audiotrack] v: AudioTrack.nativeOutputSampleRate = 48000
08-22 17:16:13.550 I/MpvEvent(17565): [PlaybackTrace][Native][mpv-log] prefix=ao/audiotrack level=v text=Channel layouts:
08-22 17:16:13.550 D/mpv     (17565): [ao/audiotrack] v: Channel layouts:
08-22 17:16:13.550 I/MpvEvent(17565): [PlaybackTrace][Native][mpv-log] prefix=ao/audiotrack level=v text= - mono
08-22 17:16:13.550 D/mpv     (17565): [ao/audiotrack] v:  - mono
08-22 17:16:13.554 I/MpvEvent(17565): [PlaybackTrace][Native][mpv-log] prefix=ao/audiotrack level=v text= - stereo
08-22 17:16:13.554 D/mpv     (17565): [ao/audiotrack] v:  - stereo
08-22 17:16:13.556 I/MpvEvent(17565): [PlaybackTrace][Native][mpv-log] prefix=ao/audiotrack level=v text= - 3.0
08-22 17:16:13.556 D/mpv     (17565): [ao/audiotrack] v:  - 3.0
08-22 17:16:13.556 I/MpvEvent(17565): [PlaybackTrace][Native][mpv-log] prefix=ao/audiotrack level=v text= - quad
08-22 17:16:13.556 D/mpv     (17565): [ao/audiotrack] v:  - quad
08-22 17:16:13.556 I/MpvEvent(17565): [PlaybackTrace][Native][mpv-log] prefix=ao/audiotrack level=v text= - 5.0
08-22 17:16:13.557 D/mpv     (17565): [ao/audiotrack] v:  - 5.0
08-22 17:16:13.558 I/MpvEvent(17565): [PlaybackTrace][Native][mpv-log] prefix=ao/audiotrack level=v text= - 5.1
08-22 17:16:13.558 D/mpv     (17565): [ao/audiotrack] v:  - 5.1
08-22 17:16:13.558 I/MpvEvent(17565): [PlaybackTrace][Native][mpv-log] prefix=ao/audiotrack level=v text= - 6.1(back)
08-22 17:16:13.558 D/mpv     (17565): [ao/audiotrack] v:  - 6.1(back)
08-22 17:16:13.558 I/MpvEvent(17565): [PlaybackTrace][Native][mpv-log] prefix=ao/audiotrack level=v text= - 7.1
08-22 17:16:13.559 D/mpv     (17565): [ao/audiotrack] v:  - 7.1
08-22 17:16:13.559 I/MpvEvent(17565): [PlaybackTrace][Native][mpv-log] prefix=ao/audiotrack level=v text=result: stereo
08-22 17:16:13.559 D/mpv     (17565): [ao/audiotrack] v: result: stereo
08-22 17:16:13.577 I/MpvEvent(17565): [PlaybackTrace][Native][mpv-log] prefix=ao/audiotrack level=v text=Setting bufferSize = 52920 (driver=32096, min=26460, max=52920)
08-22 17:16:13.577 D/mpv     (17565): [ao/audiotrack] v: Setting bufferSize = 52920 (driver=32096, min=26460, max=52920)
08-22 17:16:13.580 I/MpvEvent(17565): [PlaybackTrace][Native][mpv-log] prefix=ao/audiotrack level=v text=Using NIO ByteBuffer
08-22 17:16:13.580 D/mpv     (17565): [ao/audiotrack] v: Using NIO ByteBuffer
08-22 17:16:13.580 I/MpvEvent(17565): [PlaybackTrace][Native][mpv-log] prefix=ao/audiotrack level=v text=Using API21 initializer
08-22 17:16:13.580 D/mpv     (17565): [ao/audiotrack] v: Using API21 initializer
08-22 17:16:13.723 I/ReactNativeJS(17565): '[INFO]', '[PlaybackTrace][Controller][event:onFileLoaded]', { fileUri: 'https://prod-1.storage.jamendo.com/?trackid=1593988&format=mp31&from=%2FV3E9Qwm8kkOD6hbkNYXkg%3D%3D%7CMJJdmScXeWFhFQqasgwXjQ%3D%3D',
08-22 17:16:13.725 I/ReactNativeJS(17565): '[INFO]', '[PlaybackTrace][Controller][onFileLoaded:resume]'
08-22 17:16:13.725 I/ReactNativeJS(17565): '[INFO]', '[PlaybackTrace][JS][resume:call]'
08-22 17:16:13.818 I/MpvEvent(17565): [PlaybackTrace][Native][mpv-log] prefix=ao/audiotrack level=v text=AudioTrack.getBufferSizeInFrames = 6615
08-22 17:16:13.818 D/mpv     (17565): [ao/audiotrack] v: AudioTrack.getBufferSizeInFrames = 6615
08-22 17:16:13.818 I/MpvEvent(17565): [PlaybackTrace][Native][mpv-log] prefix=ao/audiotrack level=v text=device buffer: 6615 samples.
08-22 17:16:13.818 D/mpv     (17565): [ao/audiotrack] v: device buffer: 6615 samples.
08-22 17:16:13.818 I/MpvEvent(17565): [PlaybackTrace][Native][mpv-log] prefix=ao/audiotrack level=v text=using soft-buffer of 8820 samples.
08-22 17:16:13.818 D/mpv     (17565): [ao/audiotrack] v: using soft-buffer of 8820 samples.
08-22 17:16:13.818 I/MpvEvent(17565): [PlaybackTrace][Native][mpv-log] prefix=cplayer level=info text=AO: [audiotrack] 44100Hz stereo 2ch float
08-22 17:16:13.818 D/mpv     (17565): [cplayer] info: AO: [audiotrack] 44100Hz stereo 2ch float
08-22 17:16:13.818 I/MpvEvent(17565): [PlaybackTrace][Native][mpv-log] prefix=cplayer level=v text=AO: Description: Android AudioTrack audio output
08-22 17:16:13.818 D/mpv     (17565): [cplayer] v: AO: Description: Android AudioTrack audio output
08-22 17:16:13.843 I/MpvEvent(17565): [PlaybackTrace][Native][eventLoop] MPV_EVENT_AUDIO_RECONFIG
08-22 17:16:13.843 I/MpvEvent(17565): [PlaybackTrace][Native][dispatch:event] name=audioReconfig payload={}
08-22 17:16:13.843 I/MpvBridgeModule(17565): [PlaybackTrace][Bridge][listener:event] name=audioReconfig payload={}
08-22 17:16:13.879 I/MpvJNI  (17565): [PlaybackTrace][Native][getDuration] result=0 duration=149.696033
08-22 17:16:13.879 I/MpvJNI  (17565): [PlaybackTrace][Native][play] pause=no result=0
08-22 17:16:13.879 I/MpvBridgeModule(17565): [PlaybackTrace][Bridge][play] nativePlay returned
08-22 17:16:13.880 I/MpvEvent(17565): [PlaybackTrace][Native][mpv-log] prefix=cplayer level=v text=Set property: pause="no" -> 1
08-22 17:16:13.880 D/mpv     (17565): [cplayer] v: Set property: pause="no" -> 1
08-22 17:16:13.880 I/MpvEvent(17565): [PlaybackTrace][Native][mpv-log] prefix=cplayer level=v text=audio ready
08-22 17:16:13.880 D/mpv     (17565): [cplayer] v: audio ready
08-22 17:16:13.880 I/MpvEvent(17565): [PlaybackTrace][Native][mpv-log] prefix=cplayer level=v text=starting audio playback
08-22 17:16:13.880 D/mpv     (17565): [cplayer] v: starting audio playback
08-22 17:16:13.882 D/MpvBridgeModule(17565): [PlaybackTrace][Bridge][getDuration] ptr=131217388352464 duration=149.69603333333333
08-22 17:16:13.950 I/MpvEvent(17565): [PlaybackTrace][Native][property] name=cache-buffering-state format=6 value=null
08-22 17:16:13.950 I/MpvEvent(17565): [PlaybackTrace][Native][dispatch:property] name=cache-buffering-state value=null
08-22 17:16:13.950 D/MPVLib  (17565): onNativePropertyChanged: cache-buffering-state = null
08-22 17:16:13.950 I/MpvBridgeModule(17565): [PlaybackTrace][Bridge][listener:property] name=cache-buffering-state value=null
08-22 17:16:13.951 I/MpvEvent(17565): [PlaybackTrace][Native][property] name=paused-for-cache format=6 value=null
08-22 17:16:13.951 I/MpvEvent(17565): [PlaybackTrace][Native][dispatch:property] name=paused-for-cache value=null
08-22 17:16:13.951 D/MPVLib  (17565): onNativePropertyChanged: paused-for-cache = null
08-22 17:16:13.951 I/MpvBridgeModule(17565): [PlaybackTrace][Bridge][listener:property] name=paused-for-cache value=null
08-22 17:16:13.953 I/MpvEvent(17565): [PlaybackTrace][Native][property] name=demuxer-cache-state format=6 value=null
08-22 17:16:13.953 I/MpvEvent(17565): [PlaybackTrace][Native][dispatch:property] name=demuxer-cache-state value=null
08-22 17:16:13.954 D/MPVLib  (17565): onNativePropertyChanged: demuxer-cache-state = null
08-22 17:16:13.954 I/MpvBridgeModule(17565): [PlaybackTrace][Bridge][listener:property] name=demuxer-cache-state value=null
08-22 17:16:13.956 I/MpvEvent(17565): [PlaybackTrace][Native][mpv-log] prefix=cplayer level=v text=playback restart complete @ 0.000001, audio=playing, video=eof
08-22 17:16:13.956 D/mpv     (17565): [cplayer] v: playback restart complete @ 0.000001, audio=playing, video=eof
08-22 17:16:13.956 I/MpvEvent(17565): [PlaybackTrace][Native][mpv-log] prefix=cplayer level=warn text=Audio device underrun detected.
08-22 17:16:13.956 D/mpv     (17565): [cplayer] warn: Audio device underrun detected.
08-22 17:16:13.970 I/MpvEvent(17565): [PlaybackTrace][Native][mpv-log] prefix=cplayer level=v text=restarting audio after underrun
08-22 17:16:13.970 D/mpv     (17565): [cplayer] v: restarting audio after underrun
08-22 17:16:14.123 I/MpvJNI  (17565): [PlaybackTrace][Native][getDuration] result=0 duration=149.696033
08-22 17:16:14.123 D/MpvBridgeModule(17565): [PlaybackTrace][Bridge][getDuration] ptr=131217388352464 duration=149.69603333333333
08-22 17:16:14.123 D/MpvBridgeModule(17565): [PlaybackTrace][Bridge][getPlaybackState] ptr=131217388352464 state=playing idle=false eof=false pause=false
08-22 17:16:14.141 I/MpvEvent(17565): [PlaybackTrace][Native][property] name=demuxer-cache-state format=6 value=null
08-22 17:16:14.141 I/MpvEvent(17565): [PlaybackTrace][Native][dispatch:property] name=demuxer-cache-state value=null
08-22 17:16:14.141 D/MPVLib  (17565): onNativePropertyChanged: demuxer-cache-state = null
08-22 17:16:14.141 I/MpvBridgeModule(17565): [PlaybackTrace][Bridge][listener:property] name=demuxer-cache-state value=null
08-22 17:16:14.168 I/MpvJNI  (17565): [PlaybackTrace][Native][getDuration] result=0 duration=149.696033
08-22 17:16:14.168 D/MpvBridgeModule(17565): [PlaybackTrace][Bridge][getDuration] ptr=131217388352464 duration=149.69603333333333
08-22 17:16:14.285 I/ndroid.systemui( 1209): Background young concurrent mark compact GC freed 22MB AllocSpace bytes, 0(0B) LOS objects, 37% free, 36MB/58MB, paused 1.536ms,2.660s total 4.909s
08-22 17:16:14.385 I/MpvEvent(17565): [PlaybackTrace][Native][property] name=demuxer-cache-state format=6 value=null
08-22 17:16:14.385 I/MpvEvent(17565): [PlaybackTrace][Native][dispatch:property] name=demuxer-cache-state value=null
08-22 17:16:14.386 D/MPVLib  (17565): onNativePropertyChanged: demuxer-cache-state = null
08-22 17:16:14.386 I/MpvBridgeModule(17565): [PlaybackTrace][Bridge][listener:property] name=demuxer-cache-state value=null
08-22 17:16:14.414 I/MpvJNI  (17565): [PlaybackTrace][Native][getDuration] result=0 duration=149.696033
08-22 17:16:14.414 D/MpvBridgeModule(17565): [PlaybackTrace][Bridge][getDuration] ptr=131217388352464 duration=149.69603333333333
08-22 17:16:14.414 D/MpvBridgeModule(17565): [PlaybackTrace][Bridge][getPlaybackState] ptr=131217388352464 state=playing idle=false eof=false pause=false
08-22 17:16:14.494 I/MpvJNI  (17565): [PlaybackTrace][Native][getDuration] result=0 duration=149.696033
08-22 17:16:14.494 D/MpvBridgeModule(17565): [PlaybackTrace][Bridge][getDuration] ptr=131217388352464 duration=149.69603333333333
08-22 17:16:14.678 I/MpvEvent(17565): [PlaybackTrace][Native][property] name=demuxer-cache-state format=6 value=null
08-22 17:16:14.678 I/MpvEvent(17565): [PlaybackTrace][Native][dispatch:property] name=demuxer-cache-state value=null
08-22 17:16:14.679 D/MPVLib  (17565): onNativePropertyChanged: demuxer-cache-state = null
08-22 17:16:14.679 I/MpvBridgeModule(17565): [PlaybackTrace][Bridge][listener:property] name=demuxer-cache-state value=null
08-22 17:16:14.720 I/MpvJNI  (17565): [PlaybackTrace][Native][getDuration] result=0 duration=149.696033
08-22 17:16:14.720 D/MpvBridgeModule(17565): [PlaybackTrace][Bridge][getDuration] ptr=131217388352464 duration=149.69603333333333
08-22 17:16:14.911 I/MpvEvent(17565): [PlaybackTrace][Native][property] name=demuxer-cache-state format=6 value=null
08-22 17:16:14.911 I/MpvEvent(17565): [PlaybackTrace][Native][dispatch:property] name=demuxer-cache-state value=null
08-22 17:16:14.912 D/MPVLib  (17565): onNativePropertyChanged: demuxer-cache-state = null
08-22 17:16:14.912 I/MpvBridgeModule(17565): [PlaybackTrace][Bridge][listener:property] name=demuxer-cache-state value=null
08-22 17:16:14.997 I/MpvJNI  (17565): [PlaybackTrace][Native][getDuration] result=0 duration=149.696033
08-22 17:16:14.999 D/MpvBridgeModule(17565): [PlaybackTrace][Bridge][getDuration] ptr=131217388352464 duration=149.69603333333333
08-22 17:16:14.999 D/MpvBridgeModule(17565): [PlaybackTrace][Bridge][getPlaybackState] ptr=131217388352464 state=playing idle=false eof=false pause=false
08-22 17:16:15.020 I/MpvJNI  (17565): [PlaybackTrace][Native][getDuration] result=0 duration=149.696033
08-22 17:16:15.020 D/MpvBridgeModule(17565): [PlaybackTrace][Bridge][getDuration] ptr=131217388352464 duration=149.69603333333333
08-22 17:16:15.145 I/MpvEvent(17565): [PlaybackTrace][Native][property] name=demuxer-cache-state format=6 value=null
08-22 17:16:15.145 I/MpvEvent(17565): [PlaybackTrace][Native][dispatch:property] name=demuxer-cache-state value=null
08-22 17:16:15.145 D/MPVLib  (17565): onNativePropertyChanged: demuxer-cache-state = null
08-22 17:16:15.145 I/MpvBridgeModule(17565): [PlaybackTrace][Bridge][listener:property] name=demuxer-cache-state value=null
08-22 17:16:15.391 I/MpvEvent(17565): [PlaybackTrace][Native][property] name=demuxer-cache-state format=6 value=null
08-22 17:16:15.391 I/MpvEvent(17565): [PlaybackTrace][Native][dispatch:property] name=demuxer-cache-state value=null
08-22 17:16:15.391 D/MPVLib  (17565): onNativePropertyChanged: demuxer-cache-state = null
08-22 17:16:15.391 I/MpvBridgeModule(17565): [PlaybackTrace][Bridge][listener:property] name=demuxer-cache-state value=null
08-22 17:16:15.508 I/MpvJNI  (17565): [PlaybackTrace][Native][getDuration] result=0 duration=149.696033
08-22 17:16:15.509 D/MpvBridgeModule(17565): [PlaybackTrace][Bridge][getDuration] ptr=131217388352464 duration=149.69603333333333
08-22 17:16:15.509 D/MpvBridgeModule(17565): [PlaybackTrace][Bridge][getPlaybackState] ptr=131217388352464 state=playing idle=false eof=false pause=false
08-22 17:16:15.513 I/ReactNativeJS(17565): '[INFO]', '[PlaybackTrace][Controller][loadAndResume:before]', { uri: 'https://prod-1.storage.jamendo.com/?trackid=1593988&format=mp31&from=%2FV3E9Qwm8kkOD6hbkNYXkg%3D%3D%7CMJJdmScXeWFhFQqasgwXjQ%3D%3D',
08-22 17:16:15.514 I/ReactNativeJS(17565): '[INFO]', '[PlaybackTrace][JS][loadFile:call]', { requestedPath: 'https://prod-1.storage.jamendo.com/?trackid=1593988&format=mp31&from=%2FV3E9Qwm8kkOD6hbkNYXkg%3D%3D%7CMJJdmScXeWFhFQqasgwXjQ%3D%3D',
08-22 17:16:15.514 I/ReactNativeJS(17565): '[INFO]', '[PlaybackTrace][JS][loadFile:return]', { resolvedPath: 'https://prod-1.storage.jamendo.com/?trackid=1593988&format=mp31&from=%2FV3E9Qwm8kkOD6hbkNYXkg%3D%3D%7CMJJdmScXeWFhFQqasgwXjQ%3D%3D' }
08-22 17:16:15.515 I/ReactNativeJS(17565): '[INFO]', '[PlaybackTrace][Controller][loadAndResume:loaded]', 'https://prod-1.storage.jamendo.com/?trackid=1593988&format=mp31&from=%2FV3E9Qwm8kkOD6hbkNYXkg%3D%3D%7CMJJdmScXeWFhFQqasgwXjQ%3D%3D'
08-22 17:16:15.515 I/MpvBridgeModule(17565): [PlaybackTrace][Bridge][loadFile] nativeLoadFile returned
08-22 17:16:15.521 I/ReactNativeJS(17565): '[INFO]', '[PlaybackTrace][JS][resume:call]'
08-22 17:16:15.521 I/MpvEvent(17565): [PlaybackTrace][Native][eventLoop] MPV_EVENT_AUDIO_RECONFIG
08-22 17:16:15.521 I/MpvEvent(17565): [PlaybackTrace][Native][dispatch:event] name=audioReconfig payload={}
08-22 17:16:15.522 I/MpvBridgeModule(17565): [PlaybackTrace][Bridge][listener:event] name=audioReconfig payload={}
08-22 17:16:15.544 I/MpvJNI  (17565): [PlaybackTrace][Native][play] pause=no result=0
08-22 17:16:15.544 I/MpvBridgeModule(17565): [PlaybackTrace][Bridge][play] nativePlay returned
08-22 17:16:15.546 I/ReactNativeJS(17565): '[INFO]', '[PlaybackTrace][Controller][loadAndResume:resumed]', 'https://prod-1.storage.jamendo.com/?trackid=1593988&format=mp31&from=%2FV3E9Qwm8kkOD6hbkNYXkg%3D%3D%7CMJJdmScXeWFhFQqasgwXjQ%3D%3D'
08-22 17:16:15.561 I/MpvEvent(17565): [PlaybackTrace][Native][eventLoop] MPV_EVENT_AUDIO_RECONFIG
08-22 17:16:15.561 I/MpvEvent(17565): [PlaybackTrace][Native][dispatch:event] name=audioReconfig payload={}
08-22 17:16:15.565 I/MpvBridgeModule(17565): [PlaybackTrace][Bridge][listener:event] name=audioReconfig payload={}
08-22 17:16:15.570 I/MpvEvent(17565): [PlaybackTrace][Native][mpv-log] prefix=cplayer level=v text=Set property: pause="no" -> 1
08-22 17:16:15.570 D/mpv     (17565): [cplayer] v: Set property: pause="no" -> 1
08-22 17:16:15.635 I/MpvJNI  (17565): [PlaybackTrace][Native][getDuration] result=-10 duration=0.000000
08-22 17:16:15.635 D/MpvBridgeModule(17565): [PlaybackTrace][Bridge][getDuration] ptr=131217388352464 duration=0.0
08-22 17:16:15.970 I/ReactNativeJS(17565): '[INFO]', '[PlaybackTrace][JS][resume:call]'
08-22 17:16:15.970 I/MpvJNI  (17565): [PlaybackTrace][Native][getDuration] result=-10 duration=0.000000
08-22 17:16:15.970 D/MpvBridgeModule(17565): [PlaybackTrace][Bridge][getDuration] ptr=131217388352464 duration=0.0
08-22 17:16:15.973 I/MpvEvent(17565): [PlaybackTrace][Native][mpv-log] prefix=cplayer level=v text=Set property: pause="no" -> 1
08-22 17:16:15.973 I/MpvJNI  (17565): [PlaybackTrace][Native][play] pause=no result=0
08-22 17:16:15.973 D/mpv     (17565): [cplayer] v: Set property: pause="no" -> 1
08-22 17:16:15.973 I/MpvBridgeModule(17565): [PlaybackTrace][Bridge][play] nativePlay returned
08-22 17:16:15.974 D/MpvBridgeModule(17565): [PlaybackTrace][Bridge][getPlaybackState] ptr=131217388352464 state=playing idle=false eof=false pause=false
08-22 17:16:16.026 I/MpvJNI  (17565): [PlaybackTrace][Native][getDuration] result=-10 duration=0.000000
08-22 17:16:16.026 D/MpvBridgeModule(17565): [PlaybackTrace][Bridge][getDuration] ptr=131217388352464 duration=0.0
08-22 17:16:16.328 I/MpvJNI  (17565): [PlaybackTrace][Native][getDuration] result=-10 duration=0.000000
08-22 17:16:16.329 D/MpvBridgeModule(17565): [PlaybackTrace][Bridge][getDuration] ptr=131217388352464 duration=0.0
08-22 17:16:16.331 D/MpvBridgeModule(17565): [PlaybackTrace][Bridge][getPlaybackState] ptr=131217388352464 state=playing idle=false eof=false pause=false
08-22 17:16:16.552 I/ReactNativeJS(17565):         duration: 0,
08-22 17:16:16.552 I/ReactNativeJS(17565):      duration: 0,
08-22 17:16:16.561 I/ReactNativeJS(17565):         duration: 0,
08-22 17:16:16.561 I/ReactNativeJS(17565):      duration: 0,
08-22 17:16:16.563 I/MpvJNI  (17565): [PlaybackTrace][Native][getDuration] result=-10 duration=0.000000
08-22 17:16:16.564 D/MpvBridgeModule(17565): [PlaybackTrace][Bridge][getDuration] ptr=131217388352464 duration=0.0
08-22 17:16:16.564 D/MpvBridgeModule(17565): [PlaybackTrace][Bridge][getPlaybackState] ptr=131217388352464 state=playing idle=false eof=false pause=false
08-22 17:16:16.715 I/MpvEvent(17565): [PlaybackTrace][Native][dispatch:event] name=endFile payload={"reason":2,"error":0}
08-22 17:16:16.716 D/MPVLib  (17565): onNativeEvent: endFile {"reason":2,"error":0}
08-22 17:16:16.716 I/MpvBridgeModule(17565): [PlaybackTrace][Bridge][listener:event] name=endFile payload={"reason":2,"error":0}
08-22 17:16:16.717 I/MpvEvent(17565): [PlaybackTrace][Native][eventLoop] property=cache-buffering-state format=NONE
08-22 17:16:16.717 I/MpvEvent(17565): [PlaybackTrace][Native][eventLoop] property=paused-for-cache format=NONE
08-22 17:16:16.717 I/MpvJNI  (17565): [PlaybackTrace][Native][getDuration] result=-10 duration=0.000000
08-22 17:16:16.717 I/MpvEvent(17565): [PlaybackTrace][Native][eventLoop] property=demuxer-cache-state format=NONE
08-22 17:16:16.717 I/MpvEvent(17565): [PlaybackTrace][Native][eventLoop] property=seekable format=NONE
08-22 17:16:16.717 D/MpvBridgeModule(17565): [PlaybackTrace][Bridge][getDuration] ptr=131217388352464 duration=0.0
08-22 17:16:17.181 W/libc    (16376): Access denied finding property "persist.adb.tls_server.enable"
08-22 17:16:17.182 W/libc    (16376): Access denied finding property "service.adb.tls.port"
08-22 17:16:17.215 W/MediaControlGattService(31456): Feature TRACK_DURATION support: true
08-22 17:16:17.260 W/MediaControlGattService(31456): Feature TRACK_DURATION support: true
08-22 17:16:17.261 W/MediaControlGattService(31456): Feature TRACK_DURATION support: true
08-22 17:16:17.261 W/MediaControlGattService(31456): Feature TRACK_DURATION_NOTIFY support: true
08-22 17:16:17.392 I/MpvJNI  (17565): [PlaybackTrace][Native][getDuration] result=-10 duration=0.000000
08-22 17:16:17.392 D/MpvBridgeModule(17565): [PlaybackTrace][Bridge][getDuration] ptr=131217388352464 duration=0.0
08-22 17:16:17.392 D/MpvBridgeModule(17565): [PlaybackTrace][Bridge][getPlaybackState] ptr=131217388352464 state=playing idle=false eof=false pause=false
08-22 17:16:17.428 I/MpvEvent(17565): [PlaybackTrace][Native][mpv-log] prefix=ffmpeg level=v text=Mime-type: 'audio/mpeg'
08-22 17:16:17.428 D/mpv     (17565): [ffmpeg] v: Mime-type: 'audio/mpeg'
08-22 17:16:17.574 I/MpvEvent(17565): [PlaybackTrace][Native][property] name=cache-buffering-state format=6 value=null
08-22 17:16:17.574 I/MpvEvent(17565): [PlaybackTrace][Native][dispatch:property] name=cache-buffering-state value=null
08-22 17:16:17.574 D/MPVLib  (17565): onNativePropertyChanged: cache-buffering-state = null
08-22 17:16:17.574 I/MpvBridgeModule(17565): [PlaybackTrace][Bridge][listener:property] name=cache-buffering-state value=null
08-22 17:16:17.587 I/MpvEvent(17565): [PlaybackTrace][Native][eventLoop] MPV_EVENT_AUDIO_RECONFIG
08-22 17:16:17.587 I/MpvEvent(17565): [PlaybackTrace][Native][dispatch:event] name=audioReconfig payload={}
08-22 17:16:17.588 I/MpvBridgeModule(17565): [PlaybackTrace][Bridge][listener:event] name=audioReconfig payload={}
08-22 17:16:17.603 W/libc    (16376): Access denied finding property "persist.adb.tls_server.enable"
08-22 17:16:17.606 W/libc    (16376): Access denied finding property "service.adb.tls.port"
08-22 17:16:17.609 I/MpvEvent(17565): [PlaybackTrace][Native][eventLoop] MPV_EVENT_AUDIO_RECONFIG
08-22 17:16:17.609 I/MpvEvent(17565): [PlaybackTrace][Native][dispatch:event] name=audioReconfig payload={}
08-22 17:16:17.615 I/MpvBridgeModule(17565): [PlaybackTrace][Bridge][listener:event] name=audioReconfig payload={}
08-22 17:16:17.650 I/MpvEvent(17565): [PlaybackTrace][Native][property] name=seekable format=6 value=null
08-22 17:16:17.650 I/MpvEvent(17565): [PlaybackTrace][Native][dispatch:property] name=seekable value=null
08-22 17:16:17.651 I/ReactNativeJS(17565): '[INFO]', '[PlaybackTrace][Controller][event:onFileLoaded]', { fileUri: 'https://prod-1.storage.jamendo.com/?trackid=1593988&format=mp31&from=%2FV3E9Qwm8kkOD6hbkNYXkg%3D%3D%7CMJJdmScXeWFhFQqasgwXjQ%3D%3D',
08-22 17:16:17.657 I/MpvBridgeModule(17565): [PlaybackTrace][Bridge][listener:property] name=seekable value=null
08-22 17:16:17.659 I/MpvEvent(17565): [PlaybackTrace][Native][eventLoop] MPV_EVENT_AUDIO_RECONFIG
08-22 17:16:17.659 I/MpvEvent(17565): [PlaybackTrace][Native][dispatch:event] name=audioReconfig payload={}
08-22 17:16:17.660 I/MpvBridgeModule(17565): [PlaybackTrace][Bridge][listener:event] name=audioReconfig payload={}
08-22 17:16:17.661 I/MpvEvent(17565): [PlaybackTrace][Native][mpv-log] prefix=cplayer level=info text=ΓùÅ Audio  --aid=1  (mp3 2ch 44100 Hz 96 kbps)
08-22 17:16:17.661 D/mpv     (17565): [cplayer] info: ΓùÅ Audio  --aid=1  (mp3 2ch 44100 Hz 96 kbps)
08-22 17:16:17.700 I/MpvEvent(17565): [PlaybackTrace][Native][mpv-log] prefix=ad level=v text=    mp3float (mp3) - MP3 (MPEG audio layer 3)
08-22 17:16:17.700 I/MpvEvent(17565): [PlaybackTrace][Native][mpv-log] prefix=ad level=v text=    mp3 - MP3 (MPEG audio layer 3)
08-22 17:16:17.700 I/MpvEvent(17565): [PlaybackTrace][Native][mpv-log] prefix=ad level=v text=Selected decoder: mp3float - MP3 (MPEG audio layer 3)
08-22 17:16:17.704 I/MpvEvent(17565): [PlaybackTrace][Native][mpv-log] prefix=cplayer level=info text=Displaying cover art. Use --no-audio-display to prevent this.
08-22 17:16:17.704 D/mpv     (17565): [cplayer] info: Displaying cover art. Use --no-audio-display to prevent this.
08-22 17:16:17.709 I/MpvEvent(17565): [PlaybackTrace][Native][mpv-log] prefix=ao level=v text=Trying audio driver 'audiotrack'
08-22 17:16:17.709 I/MpvEvent(17565): [PlaybackTrace][Native][mpv-log] prefix=ao/audiotrack level=v text=requested format: 44100 Hz, stereo channels, floatp
08-22 17:16:17.709 D/mpv     (17565): [ao/audiotrack] v: requested format: 44100 Hz, stereo channels, floatp
08-22 17:16:17.709 I/MpvEvent(17565): [PlaybackTrace][Native][mpv-log] prefix=ao/audiotrack level=v text=AudioTrack.nativeOutputSampleRate = 48000
08-22 17:16:17.709 D/mpv     (17565): [ao/audiotrack] v: AudioTrack.nativeOutputSampleRate = 48000
08-22 17:16:17.710 I/MpvEvent(17565): [PlaybackTrace][Native][mpv-log] prefix=ao/audiotrack level=v text=Channel layouts:
08-22 17:16:17.710 D/mpv     (17565): [ao/audiotrack] v: Channel layouts:
08-22 17:16:17.710 I/MpvEvent(17565): [PlaybackTrace][Native][mpv-log] prefix=ao/audiotrack level=v text= - mono
08-22 17:16:17.710 D/mpv     (17565): [ao/audiotrack] v:  - mono
08-22 17:16:17.710 I/MpvEvent(17565): [PlaybackTrace][Native][mpv-log] prefix=ao/audiotrack level=v text= - stereo
08-22 17:16:17.710 D/mpv     (17565): [ao/audiotrack] v:  - stereo
08-22 17:16:17.710 I/MpvEvent(17565): [PlaybackTrace][Native][mpv-log] prefix=ao/audiotrack level=v text= - 3.0
08-22 17:16:17.710 D/mpv     (17565): [ao/audiotrack] v:  - 3.0
08-22 17:16:17.711 I/MpvEvent(17565): [PlaybackTrace][Native][mpv-log] prefix=ao/audiotrack level=v text= - quad
08-22 17:16:17.711 D/mpv     (17565): [ao/audiotrack] v:  - quad
08-22 17:16:17.711 I/MpvEvent(17565): [PlaybackTrace][Native][mpv-log] prefix=ao/audiotrack level=v text= - 5.0
08-22 17:16:17.711 D/mpv     (17565): [ao/audiotrack] v:  - 5.0
08-22 17:16:17.711 I/MpvEvent(17565): [PlaybackTrace][Native][mpv-log] prefix=ao/audiotrack level=v text= - 5.1
08-22 17:16:17.711 D/mpv     (17565): [ao/audiotrack] v:  - 5.1
08-22 17:16:17.713 I/MpvEvent(17565): [PlaybackTrace][Native][mpv-log] prefix=ao/audiotrack level=v text= - 6.1(back)
08-22 17:16:17.713 D/mpv     (17565): [ao/audiotrack] v:  - 6.1(back)
08-22 17:16:17.713 I/MpvEvent(17565): [PlaybackTrace][Native][mpv-log] prefix=ao/audiotrack level=v text= - 7.1
08-22 17:16:17.713 D/mpv     (17565): [ao/audiotrack] v:  - 7.1
08-22 17:16:17.713 I/MpvEvent(17565): [PlaybackTrace][Native][mpv-log] prefix=ao/audiotrack level=v text=result: stereo
08-22 17:16:17.713 D/mpv     (17565): [ao/audiotrack] v: result: stereo
08-22 17:16:17.713 I/MpvEvent(17565): [PlaybackTrace][Native][mpv-log] prefix=ao/audiotrack level=v text=Setting bufferSize = 52920 (driver=32096, min=26460, max=52920)
08-22 17:16:17.713 D/mpv     (17565): [ao/audiotrack] v: Setting bufferSize = 52920 (driver=32096, min=26460, max=52920)
08-22 17:16:17.713 I/MpvEvent(17565): [PlaybackTrace][Native][mpv-log] prefix=ao/audiotrack level=v text=Using NIO ByteBuffer
08-22 17:16:17.713 D/mpv     (17565): [ao/audiotrack] v: Using NIO ByteBuffer
08-22 17:16:17.713 I/MpvEvent(17565): [PlaybackTrace][Native][mpv-log] prefix=ao/audiotrack level=v text=Using API21 initializer
08-22 17:16:17.713 D/mpv     (17565): [ao/audiotrack] v: Using API21 initializer
08-22 17:16:17.713 I/MpvEvent(17565): [PlaybackTrace][Native][mpv-log] prefix=ao/audiotrack level=v text=AudioTrack.getBufferSizeInFrames = 6615
08-22 17:16:17.713 D/mpv     (17565): [ao/audiotrack] v: AudioTrack.getBufferSizeInFrames = 6615
08-22 17:16:17.713 I/MpvEvent(17565): [PlaybackTrace][Native][mpv-log] prefix=ao/audiotrack level=v text=device buffer: 6615 samples.
08-22 17:16:17.713 D/mpv     (17565): [ao/audiotrack] v: device buffer: 6615 samples.
08-22 17:16:17.713 I/MpvEvent(17565): [PlaybackTrace][Native][mpv-log] prefix=ao/audiotrack level=v text=using soft-buffer of 8820 samples.
08-22 17:16:17.713 D/mpv     (17565): [ao/audiotrack] v: using soft-buffer of 8820 samples.
08-22 17:16:17.714 I/MpvEvent(17565): [PlaybackTrace][Native][mpv-log] prefix=cplayer level=info text=AO: [audiotrack] 44100Hz stereo 2ch float
08-22 17:16:17.714 D/mpv     (17565): [cplayer] info: AO: [audiotrack] 44100Hz stereo 2ch float
08-22 17:16:17.714 I/MpvEvent(17565): [PlaybackTrace][Native][mpv-log] prefix=cplayer level=v text=AO: Description: Android AudioTrack audio output
08-22 17:16:17.714 D/mpv     (17565): [cplayer] v: AO: Description: Android AudioTrack audio output
08-22 17:16:17.724 I/MpvEvent(17565): [PlaybackTrace][Native][property] name=paused-for-cache format=6 value=null
08-22 17:16:17.724 I/MpvEvent(17565): [PlaybackTrace][Native][dispatch:property] name=paused-for-cache value=null
08-22 17:16:17.724 D/MPVLib  (17565): onNativePropertyChanged: paused-for-cache = null
08-22 17:16:17.724 I/MpvBridgeModule(17565): [PlaybackTrace][Bridge][listener:property] name=paused-for-cache value=null
08-22 17:16:17.725 I/MpvEvent(17565): [PlaybackTrace][Native][property] name=demuxer-cache-state format=6 value=null
08-22 17:16:17.725 I/MpvEvent(17565): [PlaybackTrace][Native][dispatch:property] name=demuxer-cache-state value=null
08-22 17:16:17.725 D/MPVLib  (17565): onNativePropertyChanged: demuxer-cache-state = null
08-22 17:16:17.725 I/MpvBridgeModule(17565): [PlaybackTrace][Bridge][listener:property] name=demuxer-cache-state value=null
08-22 17:16:17.726 I/MpvEvent(17565): [PlaybackTrace][Native][mpv-log] prefix=cplayer level=v text=audio ready
08-22 17:16:17.726 D/mpv     (17565): [cplayer] v: audio ready
08-22 17:16:17.726 I/MpvEvent(17565): [PlaybackTrace][Native][mpv-log] prefix=cplayer level=v text=starting audio playback
08-22 17:16:17.726 D/mpv     (17565): [cplayer] v: starting audio playback
08-22 17:16:17.753 I/MpvEvent(17565): [PlaybackTrace][Native][mpv-log] prefix=cplayer level=v text=playback restart complete @ 0.000001, audio=playing, video=eof
08-22 17:16:17.753 D/mpv     (17565): [cplayer] v: playback restart complete @ 0.000001, audio=playing, video=eof
08-22 17:16:17.753 I/MpvEvent(17565): [PlaybackTrace][Native][mpv-log] prefix=cplayer level=warn text=Audio device underrun detected.
08-22 17:16:17.753 D/mpv     (17565): [cplayer] warn: Audio device underrun detected.
08-22 17:16:17.791 I/MpvJNI  (17565): [PlaybackTrace][Native][getDuration] result=0 duration=149.696033
08-22 17:16:17.791 D/MpvBridgeModule(17565): [PlaybackTrace][Bridge][getDuration] ptr=131217388352464 duration=149.69603333333333
08-22 17:16:17.793 I/MpvEvent(17565): [PlaybackTrace][Native][mpv-log] prefix=cplayer level=v text=restarting audio after underrun
08-22 17:16:17.793 D/mpv     (17565): [cplayer] v: restarting audio after underrun
08-22 17:16:17.839 I/MpvEvent(17565): [PlaybackTrace][Native][property] name=demuxer-cache-state format=6 value=null
08-22 17:16:17.839 I/MpvEvent(17565): [PlaybackTrace][Native][dispatch:property] name=demuxer-cache-state value=null
08-22 17:16:17.840 D/MPVLib  (17565): onNativePropertyChanged: demuxer-cache-state = null
08-22 17:16:17.840 I/MpvBridgeModule(17565): [PlaybackTrace][Bridge][listener:property] name=demuxer-cache-state value=null
08-22 17:16:18.112 I/MpvEvent(17565): [PlaybackTrace][Native][property] name=demuxer-cache-state format=6 value=null
08-22 17:16:18.112 I/MpvEvent(17565): [PlaybackTrace][Native][dispatch:property] name=demuxer-cache-state value=null
08-22 17:16:18.116 D/MPVLib  (17565): onNativePropertyChanged: demuxer-cache-state = null
08-22 17:16:18.116 I/MpvBridgeModule(17565): [PlaybackTrace][Bridge][listener:property] name=demuxer-cache-state value=null
08-22 17:16:18.197 I/MpvJNI  (17565): [PlaybackTrace][Native][getDuration] result=0 duration=149.696033
08-22 17:16:18.197 D/MpvBridgeModule(17565): [PlaybackTrace][Bridge][getDuration] ptr=131217388352464 duration=149.69603333333333
08-22 17:16:18.197 D/MpvBridgeModule(17565): [PlaybackTrace][Bridge][getPlaybackState] ptr=131217388352464 state=playing idle=false eof=false pause=false
08-22 17:16:18.211 I/MpvJNI  (17565): [PlaybackTrace][Native][getDuration] result=0 duration=149.696033
08-22 17:16:18.211 D/MpvBridgeModule(17565): [PlaybackTrace][Bridge][getDuration] ptr=131217388352464 duration=149.69603333333333
08-22 17:16:18.370 I/MpvEvent(17565): [PlaybackTrace][Native][property] name=demuxer-cache-state format=6 value=null
08-22 17:16:18.372 I/MpvEvent(17565): [PlaybackTrace][Native][dispatch:property] name=demuxer-cache-state value=null
08-22 17:16:18.373 D/MPVLib  (17565): onNativePropertyChanged: demuxer-cache-state = null
08-22 17:16:18.374 I/MpvBridgeModule(17565): [PlaybackTrace][Bridge][listener:property] name=demuxer-cache-state value=null
08-22 17:16:18.621 I/MpvEvent(17565): [PlaybackTrace][Native][property] name=demuxer-cache-state format=6 value=null
08-22 17:16:18.621 I/MpvEvent(17565): [PlaybackTrace][Native][dispatch:property] name=demuxer-cache-state value=null
08-22 17:16:18.621 D/MPVLib  (17565): onNativePropertyChanged: demuxer-cache-state = null
08-22 17:16:18.621 I/MpvBridgeModule(17565): [PlaybackTrace][Bridge][listener:property] name=demuxer-cache-state value=null
08-22 17:16:18.629 I/MpvJNI  (17565): [PlaybackTrace][Native][getDuration] result=0 duration=149.696033
08-22 17:16:18.629 D/MpvBridgeModule(17565): [PlaybackTrace][Bridge][getDuration] ptr=131217388352464 duration=149.69603333333333
08-22 17:16:18.629 D/MpvBridgeModule(17565): [PlaybackTrace][Bridge][getPlaybackState] ptr=131217388352464 state=playing idle=false eof=false pause=false
08-22 17:16:18.645 I/MpvJNI  (17565): [PlaybackTrace][Native][getDuration] result=0 duration=149.696033
08-22 17:16:18.645 D/MpvBridgeModule(17565): [PlaybackTrace][Bridge][getDuration] ptr=131217388352464 duration=149.69603333333333
08-22 17:16:18.708 D/MediaSessionService(  695): onSessionPlaybackStateChanged: record=com.simba.player/MediaNotification/27 (userId=0) playbackState=PlaybackState {state=PLAYING(3), position=0, buffered position=0, speed=1.0, updated=155075558, actions=823, custom actions=[], active item id=-1, error=null}
08-22 17:16:18.929 I/MpvEvent(17565): [PlaybackTrace][Native][property] name=demuxer-cache-state format=6 value=null
08-22 17:16:18.929 I/MpvEvent(17565): [PlaybackTrace][Native][dispatch:property] name=demuxer-cache-state value=null
08-22 17:16:18.930 D/MPVLib  (17565): onNativePropertyChanged: demuxer-cache-state = null
08-22 17:16:18.930 I/MpvBridgeModule(17565): [PlaybackTrace][Bridge][listener:property] name=demuxer-cache-state value=null
08-22 17:16:18.930 I/MpvEvent(17565): [PlaybackTrace][Native][mpv-log] prefix=cplayer level=warn text=Audio device underrun detected.
08-22 17:16:18.930 D/mpv     (17565): [cplayer] warn: Audio device underrun detected.
08-22 17:16:18.930 I/MpvEvent(17565): [PlaybackTrace][Native][mpv-log] prefix=cplayer level=v text=restarting audio after underrun
08-22 17:16:18.930 D/mpv     (17565): [cplayer] v: restarting audio after underrun
08-22 17:16:18.930 W/MediaControlGattService(31456): Feature TRACK_DURATION support: true
08-22 17:16:19.074 I/MpvJNI  (17565): [PlaybackTrace][Native][getDuration] result=0 duration=149.696033
08-22 17:16:19.074 D/MpvBridgeModule(17565): [PlaybackTrace][Bridge][getDuration] ptr=131217388352464 duration=149.69603333333333
08-22 17:16:19.074 D/MpvBridgeModule(17565): [PlaybackTrace][Bridge][getPlaybackState] ptr=131217388352464 state=playing idle=false eof=false pause=false
08-22 17:16:19.108 I/MpvJNI  (17565): [PlaybackTrace][Native][getDuration] result=0 duration=149.696033
08-22 17:16:19.108 D/MpvBridgeModule(17565): [PlaybackTrace][Bridge][getDuration] ptr=131217388352464 duration=149.69603333333333
08-22 17:16:19.133 I/MpvEvent(17565): [PlaybackTrace][Native][property] name=demuxer-cache-state format=6 value=null
08-22 17:16:19.133 I/MpvEvent(17565): [PlaybackTrace][Native][dispatch:property] name=demuxer-cache-state value=null
08-22 17:16:19.133 D/MPVLib  (17565): onNativePropertyChanged: demuxer-cache-state = null
08-22 17:16:19.134 I/MpvBridgeModule(17565): [PlaybackTrace][Bridge][listener:property] name=demuxer-cache-state value=null
08-22 17:16:19.328 I/system_server(  695): Background young concurrent mark compact GC freed 24MB AllocSpace bytes, 4(160KB) LOS objects, 39% free, 36MB/60MB, paused 3.868ms,79.258ms total 230.935ms
08-22 17:16:19.376 I/MpvEvent(17565): [PlaybackTrace][Native][property] name=demuxer-cache-state format=6 value=null
08-22 17:16:19.377 I/MpvEvent(17565): [PlaybackTrace][Native][dispatch:property] name=demuxer-cache-state value=null
08-22 17:16:19.377 D/MPVLib  (17565): onNativePropertyChanged: demuxer-cache-state = null
08-22 17:16:19.377 I/MpvBridgeModule(17565): [PlaybackTrace][Bridge][listener:property] name=demuxer-cache-state value=null
08-22 17:16:19.443 I/MpvJNI  (17565): [PlaybackTrace][Native][getDuration] result=0 duration=149.696033
08-22 17:16:19.443 D/MpvBridgeModule(17565): [PlaybackTrace][Bridge][getDuration] ptr=131217388352464 duration=149.69603333333333
08-22 17:16:19.443 D/MpvBridgeModule(17565): [PlaybackTrace][Bridge][getPlaybackState] ptr=131217388352464 state=playing idle=false eof=false pause=false
08-22 17:16:19.458 I/MpvJNI  (17565): [PlaybackTrace][Native][getDuration] result=0 duration=149.696033
08-22 17:16:19.458 D/MpvBridgeModule(17565): [PlaybackTrace][Bridge][getDuration] ptr=131217388352464 duration=149.69603333333333
08-22 17:16:19.483 D/MediaSessionService(  695): onSessionPlaybackStateChanged: record=com.simba.player/MediaNotification/27 (userId=0) playbackState=PlaybackState {state=PLAYING(3), position=1, buffered position=0, speed=1.0, updated=155076351, actions=823, custom actions=[], active item id=-1, error=null}
08-22 17:16:19.625 I/MpvEvent(17565): [PlaybackTrace][Native][property] name=demuxer-cache-state format=6 value=null
08-22 17:16:19.625 I/MpvEvent(17565): [PlaybackTrace][Native][dispatch:property] name=demuxer-cache-state value=null
08-22 17:16:19.625 D/MPVLib  (17565): onNativePropertyChanged: demuxer-cache-state = null
08-22 17:16:19.625 I/MpvBridgeModule(17565): [PlaybackTrace][Bridge][listener:property] name=demuxer-cache-state value=null
08-22 17:16:19.874 I/MpvEvent(17565): [PlaybackTrace][Native][property] name=demuxer-cache-state format=6 value=null
08-22 17:16:19.874 I/MpvEvent(17565): [PlaybackTrace][Native][dispatch:property] name=demuxer-cache-state value=null
08-22 17:16:19.875 D/MPVLib  (17565): onNativePropertyChanged: demuxer-cache-state = null
08-22 17:16:19.875 I/MpvBridgeModule(17565): [PlaybackTrace][Bridge][listener:property] name=demuxer-cache-state value=null
08-22 17:16:19.932 I/om.simba.player(17565): Background young concurrent mark compact GC freed 8176KB AllocSpace bytes, 9(9712KB) LOS objects, 30% free, 15MB/22MB, paused 4.204ms,27.075ms total 169.506ms
08-22 17:16:20.064 I/om.simba.player(17565): Background young concurrent mark compact GC freed 336KB AllocSpace bytes, 0(0B) LOS objects, 30% free, 15MB/22MB, paused 4.728ms,43.993ms total 125.984ms
08-22 17:16:20.077 I/MpvJNI  (17565): [PlaybackTrace][Native][getDuration] result=0 duration=149.696033
08-22 17:16:20.077 D/MpvBridgeModule(17565): [PlaybackTrace][Bridge][getDuration] ptr=131217388352464 duration=149.69603333333333
08-22 17:16:20.077 D/MpvBridgeModule(17565): [PlaybackTrace][Bridge][getPlaybackState] ptr=131217388352464 state=playing idle=false eof=false pause=false
08-22 17:16:20.093 I/MpvJNI  (17565): [PlaybackTrace][Native][getDuration] result=0 duration=149.696033
08-22 17:16:20.094 D/MpvBridgeModule(17565): [PlaybackTrace][Bridge][getDuration] ptr=131217388352464 duration=149.69603333333333
08-22 17:16:20.235 I/MpvEvent(17565): [PlaybackTrace][Native][property] name=demuxer-cache-state format=6 value=null
08-22 17:16:20.235 I/MpvEvent(17565): [PlaybackTrace][Native][dispatch:property] name=demuxer-cache-state value=null
08-22 17:16:20.235 D/MPVLib  (17565): onNativePropertyChanged: demuxer-cache-state = null
08-22 17:16:20.236 I/MpvBridgeModule(17565): [PlaybackTrace][Bridge][listener:property] name=demuxer-cache-state value=null
08-22 17:16:20.482 I/MpvJNI  (17565): [PlaybackTrace][Native][getDuration] result=0 duration=149.696033
08-22 17:16:20.482 D/MpvBridgeModule(17565): [PlaybackTrace][Bridge][getDuration] ptr=131217388352464 duration=149.69603333333333
08-22 17:16:20.491 I/MpvEvent(17565): [PlaybackTrace][Native][property] name=demuxer-cache-state format=6 value=null
08-22 17:16:20.491 I/MpvEvent(17565): [PlaybackTrace][Native][dispatch:property] name=demuxer-cache-state value=null
08-22 17:16:20.491 D/MPVLib  (17565): onNativePropertyChanged: demuxer-cache-state = null
08-22 17:16:20.491 I/MpvBridgeModule(17565): [PlaybackTrace][Bridge][listener:property] name=demuxer-cache-state value=null
08-22 17:16:20.706 I/MpvJNI  (17565): [PlaybackTrace][Native][getDuration] result=0 duration=149.696033
08-22 17:16:20.706 D/MpvBridgeModule(17565): [PlaybackTrace][Bridge][getDuration] ptr=131217388352464 duration=149.69603333333333
08-22 17:16:20.706 D/MpvBridgeModule(17565): [PlaybackTrace][Bridge][getPlaybackState] ptr=131217388352464 state=playing idle=false eof=false pause=false
08-22 17:16:20.718 I/MpvJNI  (17565): [PlaybackTrace][Native][getDuration] result=0 duration=149.696033
08-22 17:16:20.719 D/MpvBridgeModule(17565): [PlaybackTrace][Bridge][getDuration] ptr=131217388352464 duration=149.69603333333333
08-22 17:16:20.725 D/MediaSessionService(  695): onSessionPlaybackStateChanged: record=com.simba.player/MediaNotification/27 (userId=0) playbackState=PlaybackState {state=PLAYING(3), position=2, buffered position=0, speed=1.0, updated=155077596, actions=823, custom actions=[], active item id=-1, error=null}
08-22 17:16:21.018 I/ReactNativeJS(17565): '[INFO]', '[PlaybackTrace][Controller][loadAndResume:before]', { uri: 'https://prod-1.storage.jamendo.com/?trackid=1593988&format=mp31&from=%2FV3E9Qwm8kkOD6hbkNYXkg%3D%3D%7CMJJdmScXeWFhFQqasgwXjQ%3D%3D',
08-22 17:16:21.019 I/ReactNativeJS(17565): '[INFO]', '[PlaybackTrace][JS][loadFile:call]', { requestedPath: 'https://prod-1.storage.jamendo.com/?trackid=1593988&format=mp31&from=%2FV3E9Qwm8kkOD6hbkNYXkg%3D%3D%7CMJJdmScXeWFhFQqasgwXjQ%3D%3D',
08-22 17:16:21.022 I/MpvBridgeModule(17565): [PlaybackTrace][Bridge][loadFile] nativeLoadFile returned
08-22 17:16:21.022 I/ReactNativeJS(17565): '[INFO]', '[PlaybackTrace][JS][loadFile:return]', { resolvedPath: 'https://prod-1.storage.jamendo.com/?trackid=1593988&format=mp31&from=%2FV3E9Qwm8kkOD6hbkNYXkg%3D%3D%7CMJJdmScXeWFhFQqasgwXjQ%3D%3D' }
08-22 17:16:21.022 I/ReactNativeJS(17565): '[INFO]', '[PlaybackTrace][Controller][loadAndResume:loaded]', 'https://prod-1.storage.jamendo.com/?trackid=1593988&format=mp31&from=%2FV3E9Qwm8kkOD6hbkNYXkg%3D%3D%7CMJJdmScXeWFhFQqasgwXjQ%3D%3D'
08-22 17:16:21.022 I/ReactNativeJS(17565): '[INFO]', '[PlaybackTrace][JS][resume:call]'
08-22 17:16:21.023 I/ReactNativeJS(17565): '[INFO]', '[PlaybackTrace][Controller][loadAndResume:resumed]', 'https://prod-1.storage.jamendo.com/?trackid=1593988&format=mp31&from=%2FV3E9Qwm8kkOD6hbkNYXkg%3D%3D%7CMJJdmScXeWFhFQqasgwXjQ%3D%3D'
08-22 17:16:21.030 I/MpvEvent(17565): [PlaybackTrace][Native][eventLoop] MPV_EVENT_AUDIO_RECONFIG
08-22 17:16:21.030 I/MpvEvent(17565): [PlaybackTrace][Native][dispatch:event] name=audioReconfig payload={}
08-22 17:16:21.031 I/MpvBridgeModule(17565): [PlaybackTrace][Bridge][listener:event] name=audioReconfig payload={}
08-22 17:16:21.050 I/MpvEvent(17565): [PlaybackTrace][Native][eventLoop] MPV_EVENT_AUDIO_RECONFIG
08-22 17:16:21.050 I/MpvEvent(17565): [PlaybackTrace][Native][dispatch:event] name=audioReconfig payload={}
08-22 17:16:21.050 I/MpvBridgeModule(17565): [PlaybackTrace][Bridge][listener:event] name=audioReconfig payload={}
08-22 17:16:21.055 I/MpvJNI  (17565): [PlaybackTrace][Native][play] pause=no result=0
08-22 17:16:21.055 I/MpvEvent(17565): [PlaybackTrace][Native][mpv-log] prefix=cplayer level=v text=Set property: pause="no" -> 1
08-22 17:16:21.055 D/mpv     (17565): [cplayer] v: Set property: pause="no" -> 1
08-22 17:16:21.055 I/MpvBridgeModule(17565): [PlaybackTrace][Bridge][play] nativePlay returned
08-22 17:16:21.055 I/MpvJNI  (17565): [PlaybackTrace][Native][getDuration] result=-10 duration=0.000000
08-22 17:16:21.055 D/MpvBridgeModule(17565): [PlaybackTrace][Bridge][getDuration] ptr=131217388352464 duration=0.0
08-22 17:16:21.059 I/MpvEvent(17565): [PlaybackTrace][Native][dispatch:event] name=endFile payload={"reason":2,"error":0}
08-22 17:16:21.059 D/MPVLib  (17565): onNativeEvent: endFile {"reason":2,"error":0}
08-22 17:16:21.059 I/MpvBridgeModule(17565): [PlaybackTrace][Bridge][listener:event] name=endFile payload={"reason":2,"error":0}
08-22 17:16:21.060 D/MpvBridgeModule(17565): [PlaybackTrace][Bridge][getPlaybackState] ptr=131217388352464 state=playing idle=false eof=false pause=false
08-22 17:16:21.061 I/MpvEvent(17565): [PlaybackTrace][Native][eventLoop] property=cache-buffering-state format=NONE
08-22 17:16:21.061 I/MpvEvent(17565): [PlaybackTrace][Native][eventLoop] property=paused-for-cache format=NONE
08-22 17:16:21.061 I/MpvEvent(17565): [PlaybackTrace][Native][eventLoop] property=demuxer-cache-state format=NONE
08-22 17:16:21.061 I/MpvEvent(17565): [PlaybackTrace][Native][eventLoop] property=seekable format=NONE
08-22 17:16:21.086 I/MpvJNI  (17565): [PlaybackTrace][Native][getDuration] result=-10 duration=0.000000
08-22 17:16:21.086 D/MpvBridgeModule(17565): [PlaybackTrace][Bridge][getDuration] ptr=131217388352464 duration=0.0
08-22 17:16:21.453 I/ReactNativeJS(17565): '[INFO]', '[PlaybackTrace][JS][resume:call]'
08-22 17:16:21.455 I/MpvJNI  (17565): [PlaybackTrace][Native][play] pause=no result=0
08-22 17:16:21.455 I/MpvBridgeModule(17565): [PlaybackTrace][Bridge][play] nativePlay returned
08-22 17:16:21.458 I/MpvEvent(17565): [PlaybackTrace][Native][mpv-log] prefix=cplayer level=v text=Set property: pause="no" -> 1
08-22 17:16:21.458 D/mpv     (17565): [cplayer] v: Set property: pause="no" -> 1
08-22 17:16:21.494 I/MpvJNI  (17565): [PlaybackTrace][Native][getDuration] result=-10 duration=0.000000
08-22 17:16:21.495 D/MpvBridgeModule(17565): [PlaybackTrace][Bridge][getDuration] ptr=131217388352464 duration=0.0
08-22 17:16:21.497 D/MpvBridgeModule(17565): [PlaybackTrace][Bridge][getPlaybackState] ptr=131217388352464 state=playing idle=false eof=false pause=false
08-22 17:16:21.554 D/MediaSessionService(  695): onSessionPlaybackStateChanged: record=com.simba.player/MediaNotification/27 (userId=0) playbackState=PlaybackState {state=PLAYING(3), position=0, buffered position=0, speed=1.0, updated=155078424, actions=823, custom actions=[], active item id=-1, error=null}
08-22 17:16:22.021 I/MpvJNI  (17565): [PlaybackTrace][Native][getDuration] result=-10 duration=0.000000
08-22 17:16:22.021 D/MpvBridgeModule(17565): [PlaybackTrace][Bridge][getDuration] ptr=131217388352464 duration=0.0
08-22 17:16:22.022 D/MpvBridgeModule(17565): [PlaybackTrace][Bridge][getPlaybackState] ptr=131217388352464 state=playing idle=false eof=false pause=false
08-22 17:16:22.153 I/MpvEvent(17565): [PlaybackTrace][Native][mpv-log] prefix=ffmpeg level=v text=Mime-type: 'audio/mpeg'
08-22 17:16:22.153 D/mpv     (17565): [ffmpeg] v: Mime-type: 'audio/mpeg'
08-22 17:16:22.401 I/MpvEvent(17565): [PlaybackTrace][Native][mpv-log] prefix=cplayer level=info text=ΓùÅ Audio  --aid=1  (mp3 2ch 44100 Hz 96 kbps)
08-22 17:16:22.401 D/mpv     (17565): [cplayer] info: ΓùÅ Audio  --aid=1  (mp3 2ch 44100 Hz 96 kbps)
08-22 17:16:22.404 I/MpvEvent(17565): [PlaybackTrace][Native][eventLoop] MPV_EVENT_AUDIO_RECONFIG
08-22 17:16:22.404 I/MpvEvent(17565): [PlaybackTrace][Native][dispatch:event] name=audioReconfig payload={}
08-22 17:16:22.406 I/MpvBridgeModule(17565): [PlaybackTrace][Bridge][listener:event] name=audioReconfig payload={}
08-22 17:16:22.411 I/MpvEvent(17565): [PlaybackTrace][Native][eventLoop] MPV_EVENT_AUDIO_RECONFIG
08-22 17:16:22.411 I/MpvEvent(17565): [PlaybackTrace][Native][dispatch:event] name=audioReconfig payload={}
08-22 17:16:22.412 I/MpvBridgeModule(17565): [PlaybackTrace][Bridge][listener:event] name=audioReconfig payload={}
08-22 17:16:22.417 I/ReactNativeJS(17565): '[INFO]', '[PlaybackTrace][Controller][event:onFileLoaded]', { fileUri: 'https://prod-1.storage.jamendo.com/?trackid=1593988&format=mp31&from=%2FV3E9Qwm8kkOD6hbkNYXkg%3D%3D%7CMJJdmScXeWFhFQqasgwXjQ%3D%3D',
08-22 17:16:22.417 I/MpvEvent(17565): [PlaybackTrace][Native][mpv-log] prefix=ad level=v text=    mp3float (mp3) - MP3 (MPEG audio layer 3)
08-22 17:16:22.417 I/MpvEvent(17565): [PlaybackTrace][Native][mpv-log] prefix=ad level=v text=    mp3 - MP3 (MPEG audio layer 3)
08-22 17:16:22.418 I/MpvEvent(17565): [PlaybackTrace][Native][mpv-log] prefix=ad level=v text=Selected decoder: mp3float - MP3 (MPEG audio layer 3)
08-22 17:16:22.418 I/MpvEvent(17565): [PlaybackTrace][Native][mpv-log] prefix=cplayer level=info text=Displaying cover art. Use --no-audio-display to prevent this.
08-22 17:16:22.418 D/mpv     (17565): [cplayer] info: Displaying cover art. Use --no-audio-display to prevent this.
08-22 17:16:22.433 I/MpvEvent(17565): [PlaybackTrace][Native][property] name=cache-buffering-state format=6 value=null
08-22 17:16:22.433 I/MpvEvent(17565): [PlaybackTrace][Native][dispatch:property] name=cache-buffering-state value=null
08-22 17:16:22.433 D/MPVLib  (17565): onNativePropertyChanged: cache-buffering-state = null
08-22 17:16:22.434 I/MpvBridgeModule(17565): [PlaybackTrace][Bridge][listener:property] name=cache-buffering-state value=null
08-22 17:16:22.436 I/MpvEvent(17565): [PlaybackTrace][Native][property] name=seekable format=6 value=null
08-22 17:16:22.436 I/MpvEvent(17565): [PlaybackTrace][Native][dispatch:property] name=seekable value=null
08-22 17:16:22.437 I/MpvBridgeModule(17565): [PlaybackTrace][Bridge][listener:property] name=seekable value=null
08-22 17:16:22.439 I/MpvEvent(17565): [PlaybackTrace][Native][mpv-log] prefix=ao level=v text=Trying audio driver 'audiotrack'
08-22 17:16:22.439 I/MpvEvent(17565): [PlaybackTrace][Native][mpv-log] prefix=ao/audiotrack level=v text=requested format: 44100 Hz, stereo channels, floatp
08-22 17:16:22.439 D/mpv     (17565): [ao/audiotrack] v: requested format: 44100 Hz, stereo channels, floatp
08-22 17:16:22.439 I/MpvEvent(17565): [PlaybackTrace][Native][mpv-log] prefix=ao/audiotrack level=v text=AudioTrack.nativeOutputSampleRate = 48000
08-22 17:16:22.439 D/mpv     (17565): [ao/audiotrack] v: AudioTrack.nativeOutputSampleRate = 48000
08-22 17:16:22.439 I/MpvEvent(17565): [PlaybackTrace][Native][mpv-log] prefix=ao/audiotrack level=v text=Channel layouts:
08-22 17:16:22.439 D/mpv     (17565): [ao/audiotrack] v: Channel layouts:
08-22 17:16:22.439 I/MpvEvent(17565): [PlaybackTrace][Native][mpv-log] prefix=ao/audiotrack level=v text= - mono
08-22 17:16:22.439 D/mpv     (17565): [ao/audiotrack] v:  - mono
08-22 17:16:22.440 I/MpvEvent(17565): [PlaybackTrace][Native][mpv-log] prefix=ao/audiotrack level=v text= - stereo
08-22 17:16:22.440 D/mpv     (17565): [ao/audiotrack] v:  - stereo
08-22 17:16:22.441 I/MpvEvent(17565): [PlaybackTrace][Native][mpv-log] prefix=ao/audiotrack level=v text= - 3.0
08-22 17:16:22.442 D/mpv     (17565): [ao/audiotrack] v:  - 3.0
08-22 17:16:22.442 I/MpvEvent(17565): [PlaybackTrace][Native][mpv-log] prefix=ao/audiotrack level=v text= - quad
08-22 17:16:22.442 D/mpv     (17565): [ao/audiotrack] v:  - quad
08-22 17:16:22.442 I/MpvEvent(17565): [PlaybackTrace][Native][mpv-log] prefix=ao/audiotrack level=v text= - 5.0
08-22 17:16:22.442 D/mpv     (17565): [ao/audiotrack] v:  - 5.0
08-22 17:16:22.442 I/MpvEvent(17565): [PlaybackTrace][Native][mpv-log] prefix=ao/audiotrack level=v text= - 5.1
08-22 17:16:22.442 D/mpv     (17565): [ao/audiotrack] v:  - 5.1
08-22 17:16:22.442 I/MpvEvent(17565): [PlaybackTrace][Native][mpv-log] prefix=ao/audiotrack level=v text= - 6.1(back)
08-22 17:16:22.442 D/mpv     (17565): [ao/audiotrack] v:  - 6.1(back)
08-22 17:16:22.442 I/MpvEvent(17565): [PlaybackTrace][Native][mpv-log] prefix=ao/audiotrack level=v text= - 7.1
08-22 17:16:22.442 D/mpv     (17565): [ao/audiotrack] v:  - 7.1
08-22 17:16:22.442 I/MpvEvent(17565): [PlaybackTrace][Native][mpv-log] prefix=ao/audiotrack level=v text=result: stereo
08-22 17:16:22.442 D/mpv     (17565): [ao/audiotrack] v: result: stereo
08-22 17:16:22.442 I/MpvEvent(17565): [PlaybackTrace][Native][mpv-log] prefix=ao/audiotrack level=v text=Setting bufferSize = 52920 (driver=32096, min=26460, max=52920)
08-22 17:16:22.442 D/mpv     (17565): [ao/audiotrack] v: Setting bufferSize = 52920 (driver=32096, min=26460, max=52920)
08-22 17:16:22.442 I/MpvEvent(17565): [PlaybackTrace][Native][mpv-log] prefix=ao/audiotrack level=v text=Using NIO ByteBuffer
08-22 17:16:22.442 D/mpv     (17565): [ao/audiotrack] v: Using NIO ByteBuffer
08-22 17:16:22.442 I/MpvEvent(17565): [PlaybackTrace][Native][mpv-log] prefix=ao/audiotrack level=v text=Using API21 initializer
08-22 17:16:22.442 D/mpv     (17565): [ao/audiotrack] v: Using API21 initializer
08-22 17:16:22.475 I/MpvEvent(17565): [PlaybackTrace][Native][mpv-log] prefix=ao/audiotrack level=v text=AudioTrack.getBufferSizeInFrames = 6615
08-22 17:16:22.475 D/mpv     (17565): [ao/audiotrack] v: AudioTrack.getBufferSizeInFrames = 6615
08-22 17:16:22.476 I/MpvEvent(17565): [PlaybackTrace][Native][mpv-log] prefix=ao/audiotrack level=v text=device buffer: 6615 samples.
08-22 17:16:22.476 D/mpv     (17565): [ao/audiotrack] v: device buffer: 6615 samples.
08-22 17:16:22.477 I/MpvEvent(17565): [PlaybackTrace][Native][mpv-log] prefix=ao/audiotrack level=v text=using soft-buffer of 8820 samples.
08-22 17:16:22.477 D/mpv     (17565): [ao/audiotrack] v: using soft-buffer of 8820 samples.
08-22 17:16:22.477 I/MpvEvent(17565): [PlaybackTrace][Native][mpv-log] prefix=cplayer level=info text=AO: [audiotrack] 44100Hz stereo 2ch float
08-22 17:16:22.477 D/mpv     (17565): [cplayer] info: AO: [audiotrack] 44100Hz stereo 2ch float
08-22 17:16:22.479 I/MpvEvent(17565): [PlaybackTrace][Native][mpv-log] prefix=cplayer level=v text=AO: Description: Android AudioTrack audio output
08-22 17:16:22.479 D/mpv     (17565): [cplayer] v: AO: Description: Android AudioTrack audio output
08-22 17:16:22.480 I/MpvEvent(17565): [PlaybackTrace][Native][eventLoop] MPV_EVENT_AUDIO_RECONFIG
08-22 17:16:22.480 I/MpvEvent(17565): [PlaybackTrace][Native][dispatch:event] name=audioReconfig payload={}
08-22 17:16:22.481 I/MpvBridgeModule(17565): [PlaybackTrace][Bridge][listener:event] name=audioReconfig payload={}
08-22 17:16:22.503 I/MpvEvent(17565): [PlaybackTrace][Native][property] name=paused-for-cache format=6 value=null
08-22 17:16:22.503 I/MpvEvent(17565): [PlaybackTrace][Native][dispatch:property] name=paused-for-cache value=null
08-22 17:16:22.504 D/MPVLib  (17565): onNativePropertyChanged: paused-for-cache = null
08-22 17:16:22.504 I/MpvBridgeModule(17565): [PlaybackTrace][Bridge][listener:property] name=paused-for-cache value=null
08-22 17:16:22.505 I/MpvJNI  (17565): [PlaybackTrace][Native][getDuration] result=0 duration=149.696033
08-22 17:16:22.505 D/MpvBridgeModule(17565): [PlaybackTrace][Bridge][getDuration] ptr=131217388352464 duration=149.69603333333333
08-22 17:16:22.505 I/MpvEvent(17565): [PlaybackTrace][Native][property] name=demuxer-cache-state format=6 value=null
08-22 17:16:22.505 I/MpvEvent(17565): [PlaybackTrace][Native][dispatch:property] name=demuxer-cache-state value=null
08-22 17:16:22.506 D/MPVLib  (17565): onNativePropertyChanged: demuxer-cache-state = null
08-22 17:16:22.506 I/MpvBridgeModule(17565): [PlaybackTrace][Bridge][listener:property] name=demuxer-cache-state value=null
08-22 17:16:22.508 I/MpvEvent(17565): [PlaybackTrace][Native][mpv-log] prefix=cplayer level=v text=audio ready
08-22 17:16:22.508 D/mpv     (17565): [cplayer] v: audio ready
08-22 17:16:22.508 I/MpvEvent(17565): [PlaybackTrace][Native][mpv-log] prefix=cplayer level=v text=starting audio playback
08-22 17:16:22.509 D/mpv     (17565): [cplayer] v: starting audio playback
08-22 17:16:22.522 D/MpvBridgeModule(17565): [PlaybackTrace][Bridge][getPlaybackState] ptr=131217388352464 state=playing idle=false eof=false pause=false
08-22 17:16:22.531 I/MpvEvent(17565): [PlaybackTrace][Native][mpv-log] prefix=cplayer level=v text=playback restart complete @ 0.000001, audio=playing, video=eof
08-22 17:16:22.531 D/mpv     (17565): [cplayer] v: playback restart complete @ 0.000001, audio=playing, video=eof
08-22 17:16:22.531 I/MpvEvent(17565): [PlaybackTrace][Native][mpv-log] prefix=cplayer level=warn text=Audio device underrun detected.
08-22 17:16:22.531 D/mpv     (17565): [cplayer] warn: Audio device underrun detected.
08-22 17:16:22.542 I/MpvJNI  (17565): [PlaybackTrace][Native][getDuration] result=0 duration=149.696033
08-22 17:16:22.542 I/MpvEvent(17565): [PlaybackTrace][Native][mpv-log] prefix=cplayer level=v text=restarting audio after underrun
08-22 17:16:22.542 D/mpv     (17565): [cplayer] v: restarting audio after underrun
08-22 17:16:22.542 D/MpvBridgeModule(17565): [PlaybackTrace][Bridge][getDuration] ptr=131217388352464 duration=149.69603333333333
08-22 17:16:22.585 D/MediaSessionService(  695): onSessionPlaybackStateChanged: record=com.simba.player/MediaNotification/27 (userId=0) playbackState=PlaybackState {state=PLAYING(3), position=0, buffered position=0, speed=1.0, updated=155079456, actions=823, custom actions=[], active item id=-1, error=null}
08-22 17:16:22.689 I/MpvEvent(17565): [PlaybackTrace][Native][property] name=demuxer-cache-state format=6 value=null
08-22 17:16:22.689 I/MpvEvent(17565): [PlaybackTrace][Native][dispatch:property] name=demuxer-cache-state value=null
08-22 17:16:22.689 D/MPVLib  (17565): onNativePropertyChanged: demuxer-cache-state = null
08-22 17:16:22.689 I/MpvBridgeModule(17565): [PlaybackTrace][Bridge][listener:property] name=demuxer-cache-state value=null
08-22 17:16:22.762 I/MpvJNI  (17565): [PlaybackTrace][Native][getDuration] result=0 duration=149.696033
08-22 17:16:22.763 D/MpvBridgeModule(17565): [PlaybackTrace][Bridge][getDuration] ptr=131217388352464 duration=149.69603333333333
08-22 17:16:22.940 I/MpvEvent(17565): [PlaybackTrace][Native][property] name=demuxer-cache-state format=6 value=null
08-22 17:16:22.940 I/MpvEvent(17565): [PlaybackTrace][Native][dispatch:property] name=demuxer-cache-state value=null
08-22 17:16:22.945 D/MPVLib  (17565): onNativePropertyChanged: demuxer-cache-state = null
08-22 17:16:22.945 I/MpvBridgeModule(17565): [PlaybackTrace][Bridge][listener:property] name=demuxer-cache-state value=null
08-22 17:16:22.952 I/MpvJNI  (17565): [PlaybackTrace][Native][getDuration] result=0 duration=149.696033
08-22 17:16:22.952 D/MpvBridgeModule(17565): [PlaybackTrace][Bridge][getDuration] ptr=131217388352464 duration=149.69603333333333
08-22 17:16:23.097 I/MpvJNI  (17565): [PlaybackTrace][Native][getDuration] result=0 duration=149.696033
08-22 17:16:23.097 D/MpvBridgeModule(17565): [PlaybackTrace][Bridge][getDuration] ptr=131217388352464 duration=149.69603333333333
08-22 17:16:23.097 D/MpvBridgeModule(17565): [PlaybackTrace][Bridge][getPlaybackState] ptr=131217388352464 state=playing idle=false eof=false pause=false
08-22 17:16:23.108 I/MpvJNI  (17565): [PlaybackTrace][Native][getDuration] result=0 duration=149.696033
08-22 17:16:23.108 D/MpvBridgeModule(17565): [PlaybackTrace][Bridge][getDuration] ptr=131217388352464 duration=149.69603333333333
08-22 17:16:23.190 I/MpvEvent(17565): [PlaybackTrace][Native][property] name=demuxer-cache-state format=6 value=null
08-22 17:16:23.190 I/MpvEvent(17565): [PlaybackTrace][Native][dispatch:property] name=demuxer-cache-state value=null
08-22 17:16:23.190 D/MPVLib  (17565): onNativePropertyChanged: demuxer-cache-state = null
08-22 17:16:23.191 I/MpvBridgeModule(17565): [PlaybackTrace][Bridge][listener:property] name=demuxer-cache-state value=null
08-22 17:16:23.338 I/MpvJNI  (17565): [PlaybackTrace][Native][getDuration] result=0 duration=149.696033
08-22 17:16:23.338 D/MpvBridgeModule(17565): [PlaybackTrace][Bridge][getDuration] ptr=131217388352464 duration=149.69603333333333
08-22 17:16:23.445 I/MpvEvent(17565): [PlaybackTrace][Native][property] name=demuxer-cache-state format=6 value=null
08-22 17:16:23.445 I/MpvEvent(17565): [PlaybackTrace][Native][dispatch:property] name=demuxer-cache-state value=null
08-22 17:16:23.446 D/MPVLib  (17565): onNativePropertyChanged: demuxer-cache-state = null
08-22 17:16:23.446 I/MpvBridgeModule(17565): [PlaybackTrace][Bridge][listener:property] name=demuxer-cache-state value=null
08-22 17:16:23.527 I/MpvJNI  (17565): [PlaybackTrace][Native][getDuration] result=0 duration=149.696033
08-22 17:16:23.527 D/MpvBridgeModule(17565): [PlaybackTrace][Bridge][getDuration] ptr=131217388352464 duration=149.69603333333333
08-22 17:16:23.527 D/MpvBridgeModule(17565): [PlaybackTrace][Bridge][getPlaybackState] ptr=131217388352464 state=playing idle=false eof=false pause=false
08-22 17:16:23.549 I/MpvJNI  (17565): [PlaybackTrace][Native][getDuration] result=0 duration=149.696033
08-22 17:16:23.550 D/MpvBridgeModule(17565): [PlaybackTrace][Bridge][getDuration] ptr=131217388352464 duration=149.69603333333333
08-22 17:16:23.560 D/MediaSessionService(  695): onSessionPlaybackStateChanged: record=com.simba.player/MediaNotification/27 (userId=0) playbackState=PlaybackState {state=PLAYING(3), position=0, buffered position=0, speed=1.0, updated=155080430, actions=823, custom actions=[], active item id=-1, error=null}
08-22 17:16:23.703 I/MpvEvent(17565): [PlaybackTrace][Native][property] name=demuxer-cache-state format=6 value=null
08-22 17:16:23.704 I/MpvEvent(17565): [PlaybackTrace][Native][dispatch:property] name=demuxer-cache-state value=null
08-22 17:16:23.704 D/MPVLib  (17565): onNativePropertyChanged: demuxer-cache-state = null
08-22 17:16:23.704 I/MpvBridgeModule(17565): [PlaybackTrace][Bridge][listener:property] name=demuxer-cache-state value=null
08-22 17:16:23.799 I/MpvJNI  (17565): [PlaybackTrace][Native][getDuration] result=0 duration=149.696033
08-22 17:16:23.800 D/MpvBridgeModule(17565): [PlaybackTrace][Bridge][getDuration] ptr=131217388352464 duration=149.69603333333333
08-22 17:16:23.953 I/MpvEvent(17565): [PlaybackTrace][Native][property] name=demuxer-cache-state format=6 value=null
08-22 17:16:23.953 I/MpvEvent(17565): [PlaybackTrace][Native][dispatch:property] name=demuxer-cache-state value=null
08-22 17:16:23.953 D/MPVLib  (17565): onNativePropertyChanged: demuxer-cache-state = null
08-22 17:16:23.953 I/MpvBridgeModule(17565): [PlaybackTrace][Bridge][listener:property] name=demuxer-cache-state value=null
08-22 17:16:24.033 I/MpvJNI  (17565): [PlaybackTrace][Native][getDuration] result=0 duration=149.696033
08-22 17:16:24.033 D/MpvBridgeModule(17565): [PlaybackTrace][Bridge][getDuration] ptr=131217388352464 duration=149.69603333333333
08-22 17:16:24.218 I/MpvEvent(17565): [PlaybackTrace][Native][property] name=demuxer-cache-state format=6 value=null
08-22 17:16:24.218 I/MpvEvent(17565): [PlaybackTrace][Native][dispatch:property] name=demuxer-cache-state value=null
08-22 17:16:24.218 D/MPVLib  (17565): onNativePropertyChanged: demuxer-cache-state = null
08-22 17:16:24.218 I/MpvBridgeModule(17565): [PlaybackTrace][Bridge][listener:property] name=demuxer-cache-state value=null
08-22 17:16:24.377 I/MpvJNI  (17565): [PlaybackTrace][Native][getDuration] result=0 duration=149.696033
08-22 17:16:24.377 D/MpvBridgeModule(17565): [PlaybackTrace][Bridge][getDuration] ptr=131217388352464 duration=149.69603333333333
08-22 17:16:24.378 D/MpvBridgeModule(17565): [PlaybackTrace][Bridge][getPlaybackState] ptr=131217388352464 state=playing idle=false eof=false pause=false
08-22 17:16:24.399 I/MpvJNI  (17565): [PlaybackTrace][Native][getDuration] result=0 duration=149.696033
08-22 17:16:24.399 D/MpvBridgeModule(17565): [PlaybackTrace][Bridge][getDuration] ptr=131217388352464 duration=149.69603333333333
08-22 17:16:24.470 I/MpvEvent(17565): [PlaybackTrace][Native][property] name=demuxer-cache-state format=6 value=null
08-22 17:16:24.470 I/MpvEvent(17565): [PlaybackTrace][Native][dispatch:property] name=demuxer-cache-state value=null
08-22 17:16:24.470 D/MPVLib  (17565): onNativePropertyChanged: demuxer-cache-state = null
08-22 17:16:24.471 I/MpvBridgeModule(17565): [PlaybackTrace][Bridge][listener:property] name=demuxer-cache-state value=null
08-22 17:16:24.660 I/MpvJNI  (17565): [PlaybackTrace][Native][getDuration] result=0 duration=149.696033
08-22 17:16:24.660 D/MpvBridgeModule(17565): [PlaybackTrace][Bridge][getDuration] ptr=131217388352464 duration=149.69603333333333
08-22 17:16:24.660 D/MpvBridgeModule(17565): [PlaybackTrace][Bridge][getPlaybackState] ptr=131217388352464 state=playing idle=false eof=false pause=false
08-22 17:16:24.674 I/MpvJNI  (17565): [PlaybackTrace][Native][getDuration] result=0 duration=149.696033
08-22 17:16:24.674 D/MpvBridgeModule(17565): [PlaybackTrace][Bridge][getDuration] ptr=131217388352464 duration=149.69603333333333
08-22 17:16:24.685 D/MediaSessionService(  695): onSessionPlaybackStateChanged: record=com.simba.player/MediaNotification/27 (userId=0) playbackState=PlaybackState {state=PLAYING(3), position=2, buffered position=0, speed=1.0, updated=155081556, actions=823, custom actions=[], active item id=-1, error=null}
08-22 17:16:24.729 I/MpvEvent(17565): [PlaybackTrace][Native][property] name=demuxer-cache-state format=6 value=null
08-22 17:16:24.729 I/MpvEvent(17565): [PlaybackTrace][Native][dispatch:property] name=demuxer-cache-state value=null
08-22 17:16:24.729 D/MPVLib  (17565): onNativePropertyChanged: demuxer-cache-state = null
08-22 17:16:24.729 I/MpvBridgeModule(17565): [PlaybackTrace][Bridge][listener:property] name=demuxer-cache-state value=null
08-22 17:16:24.853 I/MpvJNI  (17565): [PlaybackTrace][Native][getDuration] result=0 duration=149.696033
08-22 17:16:24.853 D/MpvBridgeModule(17565): [PlaybackTrace][Bridge][getDuration] ptr=131217388352464 duration=149.69603333333333
08-22 17:16:24.982 I/MpvEvent(17565): [PlaybackTrace][Native][property] name=demuxer-cache-state format=6 value=null
08-22 17:16:24.982 I/MpvEvent(17565): [PlaybackTrace][Native][dispatch:property] name=demuxer-cache-state value=null
08-22 17:16:24.982 D/MPVLib  (17565): onNativePropertyChanged: demuxer-cache-state = null
08-22 17:16:24.983 I/MpvBridgeModule(17565): [PlaybackTrace][Bridge][listener:property] name=demuxer-cache-state value=null
08-22 17:16:25.031 I/MpvJNI  (17565): [PlaybackTrace][Native][getDuration] result=0 duration=149.696033
08-22 17:16:25.031 D/MpvBridgeModule(17565): [PlaybackTrace][Bridge][getDuration] ptr=131217388352464 duration=149.69603333333333
08-22 17:16:25.235 I/MpvEvent(17565): [PlaybackTrace][Native][property] name=demuxer-cache-state format=6 value=null
08-22 17:16:25.235 I/MpvEvent(17565): [PlaybackTrace][Native][dispatch:property] name=demuxer-cache-state value=null
08-22 17:16:25.235 D/MPVLib  (17565): onNativePropertyChanged: demuxer-cache-state = null
08-22 17:16:25.235 I/MpvBridgeModule(17565): [PlaybackTrace][Bridge][listener:property] name=demuxer-cache-state value=null
08-22 17:16:25.257 I/MpvJNI  (17565): [PlaybackTrace][Native][getDuration] result=0 duration=149.696033
08-22 17:16:25.257 D/MpvBridgeModule(17565): [PlaybackTrace][Bridge][getDuration] ptr=131217388352464 duration=149.69603333333333
08-22 17:16:25.257 D/MpvBridgeModule(17565): [PlaybackTrace][Bridge][getPlaybackState] ptr=131217388352464 state=playing idle=false eof=false pause=false
08-22 17:16:25.281 I/MpvJNI  (17565): [PlaybackTrace][Native][getDuration] result=0 duration=149.696033
08-22 17:16:25.281 D/MpvBridgeModule(17565): [PlaybackTrace][Bridge][getDuration] ptr=131217388352464 duration=149.69603333333333
08-22 17:16:25.486 I/MpvEvent(17565): [PlaybackTrace][Native][property] name=demuxer-cache-state format=6 value=null
08-22 17:16:25.486 I/MpvEvent(17565): [PlaybackTrace][Native][dispatch:property] name=demuxer-cache-state value=null
08-22 17:16:25.486 D/MPVLib  (17565): onNativePropertyChanged: demuxer-cache-state = null
08-22 17:16:25.486 I/MpvBridgeModule(17565): [PlaybackTrace][Bridge][listener:property] name=demuxer-cache-state value=null
08-22 17:16:25.523 I/MpvJNI  (17565): [PlaybackTrace][Native][getDuration] result=0 duration=149.696033
08-22 17:16:25.523 D/MpvBridgeModule(17565): [PlaybackTrace][Bridge][getDuration] ptr=131217388352464 duration=149.69603333333333
08-22 17:16:25.524 D/MpvBridgeModule(17565): [PlaybackTrace][Bridge][getPlaybackState] ptr=131217388352464 state=playing idle=false eof=false pause=false
08-22 17:16:25.690 I/MpvJNI  (17565): [PlaybackTrace][Native][getDuration] result=0 duration=149.696033
08-22 17:16:25.690 D/MpvBridgeModule(17565): [PlaybackTrace][Bridge][getDuration] ptr=131217388352464 duration=149.69603333333333
08-22 17:16:25.722 D/MediaSessionService(  695): onSessionPlaybackStateChanged: record=com.simba.player/MediaNotification/27 (userId=0) playbackState=PlaybackState {state=PLAYING(3), position=2, buffered position=0, speed=1.0, updated=155082593, actions=823, custom actions=[], active item id=-1, error=null}
08-22 17:16:25.792 I/MpvEvent(17565): [PlaybackTrace][Native][property] name=demuxer-cache-state format=6 value=null
08-22 17:16:25.792 I/MpvEvent(17565): [PlaybackTrace][Native][dispatch:property] name=demuxer-cache-state value=null
08-22 17:16:25.793 D/MPVLib  (17565): onNativePropertyChanged: demuxer-cache-state = null
08-22 17:16:25.793 I/MpvBridgeModule(17565): [PlaybackTrace][Bridge][listener:property] name=demuxer-cache-state value=null
08-22 17:16:25.910 I/MpvJNI  (17565): [PlaybackTrace][Native][getDuration] result=0 duration=149.696033
08-22 17:16:25.910 D/MpvBridgeModule(17565): [PlaybackTrace][Bridge][getDuration] ptr=131217388352464 duration=149.69603333333333
08-22 17:16:26.089 I/MpvJNI  (17565): [PlaybackTrace][Native][getDuration] result=0 duration=149.696033
08-22 17:16:26.090 D/MpvBridgeModule(17565): [PlaybackTrace][Bridge][getDuration] ptr=131217388352464 duration=149.69603333333333
08-22 17:16:26.090 D/MpvBridgeModule(17565): [PlaybackTrace][Bridge][getPlaybackState] ptr=131217388352464 state=playing idle=false eof=false pause=false
08-22 17:16:26.098 I/MpvJNI  (17565): [PlaybackTrace][Native][getDuration] result=0 duration=149.696033
08-22 17:16:26.098 D/MpvBridgeModule(17565): [PlaybackTrace][Bridge][getDuration] ptr=131217388352464 duration=149.69603333333333
08-22 17:16:26.536 I/MpvJNI  (17565): [PlaybackTrace][Native][getDuration] result=0 duration=149.696033
08-22 17:16:26.536 D/MpvBridgeModule(17565): [PlaybackTrace][Bridge][getDuration] ptr=131217388352464 duration=149.69603333333333
08-22 17:16:26.536 D/MpvBridgeModule(17565): [PlaybackTrace][Bridge][getPlaybackState] ptr=131217388352464 state=playing idle=false eof=false pause=false
08-22 17:16:26.567 D/MediaSessionService(  695): onSessionPlaybackStateChanged: record=com.simba.player/MediaNotification/27 (userId=0) playbackState=PlaybackState {state=PLAYING(3), position=3, buffered position=0, speed=1.0, updated=155083438, actions=823, custom actions=[], active item id=-1, error=null}
08-22 17:16:26.689 I/MpvEvent(17565): [PlaybackTrace][Native][property] name=demuxer-cache-state format=6 value=null
08-22 17:16:26.689 I/MpvEvent(17565): [PlaybackTrace][Native][dispatch:property] name=demuxer-cache-state value=null
08-22 17:16:26.689 D/MPVLib  (17565): onNativePropertyChanged: demuxer-cache-state = null
08-22 17:16:26.689 I/MpvBridgeModule(17565): [PlaybackTrace][Bridge][listener:property] name=demuxer-cache-state value=null
08-22 17:16:26.695 I/MpvJNI  (17565): [PlaybackTrace][Native][getDuration] result=0 duration=149.696033
08-22 17:16:26.697 D/MpvBridgeModule(17565): [PlaybackTrace][Bridge][getDuration] ptr=131217388352464 duration=149.69603333333333
08-22 17:16:26.940 I/MpvEvent(17565): [PlaybackTrace][Native][property] name=demuxer-cache-state format=6 value=null
08-22 17:16:26.940 I/MpvEvent(17565): [PlaybackTrace][Native][dispatch:property] name=demuxer-cache-state value=null
08-22 17:16:26.940 D/MPVLib  (17565): onNativePropertyChanged: demuxer-cache-state = null
08-22 17:16:26.940 I/MpvBridgeModule(17565): [PlaybackTrace][Bridge][listener:property] name=demuxer-cache-state value=null
08-22 17:16:26.946 I/MpvJNI  (17565): [PlaybackTrace][Native][getDuration] result=0 duration=149.696033
08-22 17:16:26.946 D/MpvBridgeModule(17565): [PlaybackTrace][Bridge][getDuration] ptr=131217388352464 duration=149.69603333333333
08-22 17:16:27.251 I/MpvJNI  (17565): [PlaybackTrace][Native][getDuration] result=0 duration=149.696033
08-22 17:16:27.251 D/MpvBridgeModule(17565): [PlaybackTrace][Bridge][getDuration] ptr=131217388352464 duration=149.69603333333333
08-22 17:16:27.252 D/MpvBridgeModule(17565): [PlaybackTrace][Bridge][getPlaybackState] ptr=131217388352464 state=playing idle=false eof=false pause=false
08-22 17:16:27.265 I/MpvJNI  (17565): [PlaybackTrace][Native][getDuration] result=0 duration=149.696033
08-22 17:16:27.265 D/MpvBridgeModule(17565): [PlaybackTrace][Bridge][getDuration] ptr=131217388352464 duration=149.69603333333333
08-22 17:16:27.555 I/MpvJNI  (17565): [PlaybackTrace][Native][getDuration] result=0 duration=149.696033
08-22 17:16:27.555 D/MpvBridgeModule(17565): [PlaybackTrace][Bridge][getDuration] ptr=131217388352464 duration=149.69603333333333
08-22 17:16:27.555 D/MpvBridgeModule(17565): [PlaybackTrace][Bridge][getPlaybackState] ptr=131217388352464 state=playing idle=false eof=false pause=false
08-22 17:16:27.578 D/MediaSessionService(  695): onSessionPlaybackStateChanged: record=com.simba.player/MediaNotification/27 (userId=0) playbackState=PlaybackState {state=PLAYING(3), position=4, buffered position=0, speed=1.0, updated=155084449, actions=823, custom actions=[], active item id=-1, error=null}
08-22 17:16:27.596 I/MpvEvent(17565): [PlaybackTrace][Native][property] name=demuxer-cache-state format=6 value=null
08-22 17:16:27.596 I/MpvEvent(17565): [PlaybackTrace][Native][dispatch:property] name=demuxer-cache-state value=null
08-22 17:16:27.596 D/MPVLib  (17565): onNativePropertyChanged: demuxer-cache-state = null
08-22 17:16:27.596 I/MpvBridgeModule(17565): [PlaybackTrace][Bridge][listener:property] name=demuxer-cache-state value=null
08-22 17:16:27.605 I/MpvJNI  (17565): [PlaybackTrace][Native][getDuration] result=0 duration=149.696033
08-22 17:16:27.605 D/MpvBridgeModule(17565): [PlaybackTrace][Bridge][getDuration] ptr=131217388352464 duration=149.69603333333333
08-22 17:16:27.847 I/MpvEvent(17565): [PlaybackTrace][Native][property] name=demuxer-cache-state format=6 value=null
08-22 17:16:27.847 I/MpvEvent(17565): [PlaybackTrace][Native][dispatch:property] name=demuxer-cache-state value=null
08-22 17:16:27.847 D/MPVLib  (17565): onNativePropertyChanged: demuxer-cache-state = null
08-22 17:16:27.847 I/MpvBridgeModule(17565): [PlaybackTrace][Bridge][listener:property] name=demuxer-cache-state value=null
08-22 17:16:27.851 I/MpvJNI  (17565): [PlaybackTrace][Native][getDuration] result=0 duration=149.696033
08-22 17:16:27.851 D/MpvBridgeModule(17565): [PlaybackTrace][Bridge][getDuration] ptr=131217388352464 duration=149.69603333333333
08-22 17:16:28.119 I/MpvJNI  (17565): [PlaybackTrace][Native][getDuration] result=0 duration=149.696033
08-22 17:16:28.119 D/MpvBridgeModule(17565): [PlaybackTrace][Bridge][getDuration] ptr=131217388352464 duration=149.69603333333333
08-22 17:16:28.119 D/MpvBridgeModule(17565): [PlaybackTrace][Bridge][getPlaybackState] ptr=131217388352464 state=playing idle=false eof=false pause=false
08-22 17:16:28.121 I/MpvJNI  (17565): [PlaybackTrace][Native][getDuration] result=0 duration=149.696033
08-22 17:16:28.121 D/MpvBridgeModule(17565): [PlaybackTrace][Bridge][getDuration] ptr=131217388352464 duration=149.69603333333333
08-22 17:16:28.435 I/ReactNativeJS(17565): '[INFO]', '[PlaybackTrace][Controller][loadAndResume:before]', { uri: 'https://prod-1.storage.jamendo.com/?trackid=1593988&format=mp31&from=%2FV3E9Qwm8kkOD6hbkNYXkg%3D%3D%7CMJJdmScXeWFhFQqasgwXjQ%3D%3D',
08-22 17:16:28.436 I/ReactNativeJS(17565): '[INFO]', '[PlaybackTrace][JS][loadFile:call]', { requestedPath: 'https://prod-1.storage.jamendo.com/?trackid=1593988&format=mp31&from=%2FV3E9Qwm8kkOD6hbkNYXkg%3D%3D%7CMJJdmScXeWFhFQqasgwXjQ%3D%3D',
08-22 17:16:28.438 I/MpvBridgeModule(17565): [PlaybackTrace][Bridge][loadFile] nativeLoadFile returned
08-22 17:16:28.438 I/ReactNativeJS(17565): '[INFO]', '[PlaybackTrace][JS][loadFile:return]', { resolvedPath: 'https://prod-1.storage.jamendo.com/?trackid=1593988&format=mp31&from=%2FV3E9Qwm8kkOD6hbkNYXkg%3D%3D%7CMJJdmScXeWFhFQqasgwXjQ%3D%3D' }
08-22 17:16:28.439 I/ReactNativeJS(17565): '[INFO]', '[PlaybackTrace][Controller][loadAndResume:loaded]', 'https://prod-1.storage.jamendo.com/?trackid=1593988&format=mp31&from=%2FV3E9Qwm8kkOD6hbkNYXkg%3D%3D%7CMJJdmScXeWFhFQqasgwXjQ%3D%3D'
08-22 17:16:28.439 I/ReactNativeJS(17565): '[INFO]', '[PlaybackTrace][JS][resume:call]'
08-22 17:16:28.439 I/ReactNativeJS(17565): '[INFO]', '[PlaybackTrace][Controller][loadAndResume:resumed]', 'https://prod-1.storage.jamendo.com/?trackid=1593988&format=mp31&from=%2FV3E9Qwm8kkOD6hbkNYXkg%3D%3D%7CMJJdmScXeWFhFQqasgwXjQ%3D%3D'
08-22 17:16:28.443 I/MpvEvent(17565): [PlaybackTrace][Native][eventLoop] MPV_EVENT_AUDIO_RECONFIG
08-22 17:16:28.443 I/MpvEvent(17565): [PlaybackTrace][Native][dispatch:event] name=audioReconfig payload={}
08-22 17:16:28.443 I/MpvBridgeModule(17565): [PlaybackTrace][Bridge][listener:event] name=audioReconfig payload={}
08-22 17:16:28.450 I/MpvJNI  (17565): [PlaybackTrace][Native][play] pause=no result=0
08-22 17:16:28.450 I/MpvBridgeModule(17565): [PlaybackTrace][Bridge][play] nativePlay returned
08-22 17:16:28.450 I/MpvEvent(17565): [PlaybackTrace][Native][eventLoop] MPV_EVENT_AUDIO_RECONFIG
08-22 17:16:28.450 I/MpvEvent(17565): [PlaybackTrace][Native][dispatch:event] name=audioReconfig payload={}
08-22 17:16:28.453 I/MpvBridgeModule(17565): [PlaybackTrace][Bridge][listener:event] name=audioReconfig payload={}
08-22 17:16:28.454 I/MpvEvent(17565): [PlaybackTrace][Native][mpv-log] prefix=cplayer level=v text=Set property: pause="no" -> 1
08-22 17:16:28.454 D/mpv     (17565): [cplayer] v: Set property: pause="no" -> 1
08-22 17:16:28.455 I/MpvEvent(17565): [PlaybackTrace][Native][dispatch:event] name=endFile payload={"reason":2,"error":0}
08-22 17:16:28.456 D/MPVLib  (17565): onNativeEvent: endFile {"reason":2,"error":0}
08-22 17:16:28.456 I/MpvBridgeModule(17565): [PlaybackTrace][Bridge][listener:event] name=endFile payload={"reason":2,"error":0}
08-22 17:16:28.457 I/MpvEvent(17565): [PlaybackTrace][Native][eventLoop] property=cache-buffering-state format=NONE
08-22 17:16:28.457 I/MpvEvent(17565): [PlaybackTrace][Native][eventLoop] property=paused-for-cache format=NONE
08-22 17:16:28.457 I/MpvEvent(17565): [PlaybackTrace][Native][eventLoop] property=demuxer-cache-state format=NONE
08-22 17:16:28.457 I/MpvEvent(17565): [PlaybackTrace][Native][eventLoop] property=seekable format=NONE
08-22 17:16:28.568 I/MpvJNI  (17565): [PlaybackTrace][Native][getDuration] result=-10 duration=0.000000
08-22 17:16:28.568 D/MpvBridgeModule(17565): [PlaybackTrace][Bridge][getDuration] ptr=131217388352464 duration=0.0
08-22 17:16:28.568 D/MpvBridgeModule(17565): [PlaybackTrace][Bridge][getPlaybackState] ptr=131217388352464 state=playing idle=false eof=false pause=false
08-22 17:16:28.582 D/MediaSessionService(  695): onSessionPlaybackStateChanged: record=com.simba.player/MediaNotification/27 (userId=0) playbackState=PlaybackState {state=PLAYING(3), position=0, buffered position=0, speed=1.0, updated=155085453, actions=823, custom actions=[], active item id=-1, error=null}
08-22 17:16:28.702 I/ReactNativeJS(17565): '[INFO]', '[PlaybackTrace][JS][resume:call]'
08-22 17:16:28.704 I/MpvJNI  (17565): [PlaybackTrace][Native][play] pause=no result=0
08-22 17:16:28.704 I/MpvBridgeModule(17565): [PlaybackTrace][Bridge][play] nativePlay returned
08-22 17:16:28.704 I/MpvEvent(17565): [PlaybackTrace][Native][mpv-log] prefix=cplayer level=v text=Set property: pause="no" -> 1
08-22 17:16:28.704 D/mpv     (17565): [cplayer] v: Set property: pause="no" -> 1
08-22 17:16:29.138 I/MpvJNI  (17565): [PlaybackTrace][Native][getDuration] result=-10 duration=0.000000
08-22 17:16:29.138 D/MpvBridgeModule(17565): [PlaybackTrace][Bridge][getDuration] ptr=131217388352464 duration=0.0
08-22 17:16:29.141 D/MpvBridgeModule(17565): [PlaybackTrace][Bridge][getPlaybackState] ptr=131217388352464 state=playing idle=false eof=false pause=false
08-22 17:16:29.147 I/MpvJNI  (17565): [PlaybackTrace][Native][getDuration] result=-10 duration=0.000000
08-22 17:16:29.147 D/MpvBridgeModule(17565): [PlaybackTrace][Bridge][getDuration] ptr=131217388352464 duration=0.0
08-22 17:16:29.362 I/MpvEvent(17565): [PlaybackTrace][Native][mpv-log] prefix=ffmpeg level=error text=tls: mbedtls_ssl_handshake returned -0x6600
08-22 17:16:29.362 D/mpv     (17565): [ffmpeg] error: tls: mbedtls_ssl_handshake returned -0x6600
08-22 17:16:29.362 E/MpvEvent(17565): [PlaybackTrace][Native][dispatch:error] code=-1 message=tls: mbedtls_ssl_handshake returned -0x6600
08-22 17:16:29.363 E/MPVLib  (17565): onNativeError: code=-1 msg=tls: mbedtls_ssl_handshake returned -0x6600
08-22 17:16:29.363 E/MpvBridgeModule(17565): [PlaybackTrace][Bridge][listener:error] code=-1 message=tls: mbedtls_ssl_handshake returned -0x6600
08-22 17:16:29.367 I/MpvEvent(17565): [PlaybackTrace][Native][mpv-log] prefix=cplayer level=v text=Opening failed or was aborted: https://prod-1.storage.jamendo.com/?trackid=1593988&format=mp31&from=%2FV3E9Qwm8kkOD6hbkNYXkg%3D%3D%7CMJJdmScXeWFhFQqasgwXjQ%3D%3D
08-22 17:16:29.367 D/mpv     (17565): [cplayer] v: Opening failed or was aborted: https://prod-1.storage.jamendo.com/?trackid=1593988&format=mp31&from=%2FV3E9Qwm8kkOD6hbkNYXkg%3D%3D%7CMJJdmScXeWFhFQqasgwXjQ%3D%3D
08-22 17:16:29.436 I/MpvJNI  (17565): [PlaybackTrace][Native][getDuration] result=-10 duration=0.000000
08-22 17:16:29.436 D/MpvBridgeModule(17565): [PlaybackTrace][Bridge][getDuration] ptr=131217388352464 duration=0.0
08-22 17:16:29.636 I/MpvEvent(17565): [PlaybackTrace][Native][dispatch:event] name=endFile payload={"reason":4,"error":-13}
08-22 17:16:29.636 D/MPVLib  (17565): onNativeEvent: endFile {"reason":4,"error":-13}
08-22 17:16:29.636 I/MpvBridgeModule(17565): [PlaybackTrace][Bridge][listener:event] name=endFile payload={"reason":4,"error":-13}
08-22 17:16:29.799 I/om.simba.player(17565): Background concurrent mark compact GC freed 3312KB AllocSpace bytes, 15(5632KB) LOS objects, 49% free, 13MB/27MB, paused 4.970ms,81.507ms total 158.349ms
08-22 17:16:29.827 I/MpvJNI  (17565): [PlaybackTrace][Native][getDuration] result=-10 duration=0.000000
08-22 17:16:29.827 D/MpvBridgeModule(17565): [PlaybackTrace][Bridge][getDuration] ptr=131217388352464 duration=0.0
08-22 17:16:29.850 I/MpvJNI  (17565): [PlaybackTrace][Native][getDuration] result=-10 duration=0.000000
08-22 17:16:29.850 D/MpvBridgeModule(17565): [PlaybackTrace][Bridge][getDuration] ptr=131217388352464 duration=0.0
08-22 17:16:29.867 D/MediaSessionService(  695): onSessionPlaybackStateChanged: record=com.simba.player/MediaNotification/27 (userId=0) playbackState=PlaybackState {state=PAUSED(2), position=0, buffered position=0, speed=1.0, updated=155086737, actions=823, custom actions=[], active item id=-1, error=null}
08-22 17:16:30.152 I/MpvJNI  (17565): [PlaybackTrace][Native][getDuration] result=-10 duration=0.000000
08-22 17:16:30.152 D/MpvBridgeModule(17565): [PlaybackTrace][Bridge][getDuration] ptr=131217388352464 duration=0.0
08-22 17:16:30.155 I/MpvJNI  (17565): [PlaybackTrace][Native][getDuration] result=-10 duration=0.000000
08-22 17:16:30.155 D/MpvBridgeModule(17565): [PlaybackTrace][Bridge][getDuration] ptr=131217388352464 duration=0.0
08-22 17:16:30.603 I/MpvJNI  (17565): [PlaybackTrace][Native][getDuration] result=-10 duration=0.000000
08-22 17:16:30.603 D/MpvBridgeModule(17565): [PlaybackTrace][Bridge][getDuration] ptr=131217388352464 duration=0.0
08-22 17:16:30.615 D/MediaSessionService(  695): onSessionPlaybackStateChanged: record=com.simba.player/MediaNotification/27 (userId=0) playbackState=PlaybackState {state=PAUSED(2), position=0, buffered position=0, speed=1.0, updated=155087486, actions=823, custom actions=[], active item id=-1, error=null}
08-22 17:16:30.935 I/ReactNativeJS(17565): '[INFO]', '[PlaybackTrace][Controller][loadAndResume:before]', { uri: 'https://prod-1.storage.jamendo.com/?trackid=1593988&format=mp31&from=%2FV3E9Qwm8kkOD6hbkNYXkg%3D%3D%7CMJJdmScXeWFhFQqasgwXjQ%3D%3D',
08-22 17:16:30.936 I/ReactNativeJS(17565): '[INFO]', '[PlaybackTrace][JS][loadFile:call]', { requestedPath: 'https://prod-1.storage.jamendo.com/?trackid=1593988&format=mp31&from=%2FV3E9Qwm8kkOD6hbkNYXkg%3D%3D%7CMJJdmScXeWFhFQqasgwXjQ%3D%3D',
08-22 17:16:30.937 I/MpvBridgeModule(17565): [PlaybackTrace][Bridge][loadFile] nativeLoadFile returned
08-22 17:16:30.937 I/ReactNativeJS(17565): '[INFO]', '[PlaybackTrace][JS][loadFile:return]', { resolvedPath: 'https://prod-1.storage.jamendo.com/?trackid=1593988&format=mp31&from=%2FV3E9Qwm8kkOD6hbkNYXkg%3D%3D%7CMJJdmScXeWFhFQqasgwXjQ%3D%3D' }
08-22 17:16:30.939 I/ReactNativeJS(17565): '[INFO]', '[PlaybackTrace][Controller][loadAndResume:loaded]', 'https://prod-1.storage.jamendo.com/?trackid=1593988&format=mp31&from=%2FV3E9Qwm8kkOD6hbkNYXkg%3D%3D%7CMJJdmScXeWFhFQqasgwXjQ%3D%3D'
08-22 17:16:30.940 I/ReactNativeJS(17565): '[INFO]', '[PlaybackTrace][JS][resume:call]'
08-22 17:16:30.941 I/ReactNativeJS(17565): '[INFO]', '[PlaybackTrace][Controller][loadAndResume:resumed]', 'https://prod-1.storage.jamendo.com/?trackid=1593988&format=mp31&from=%2FV3E9Qwm8kkOD6hbkNYXkg%3D%3D%7CMJJdmScXeWFhFQqasgwXjQ%3D%3D'
08-22 17:16:30.941 I/MpvJNI  (17565): [PlaybackTrace][Native][play] pause=no result=0
08-22 17:16:30.941 I/MpvBridgeModule(17565): [PlaybackTrace][Bridge][play] nativePlay returned
08-22 17:16:30.941 I/MpvEvent(17565): [PlaybackTrace][Native][mpv-log] prefix=cplayer level=v text=Set property: pause="no" -> 1
08-22 17:16:30.941 D/mpv     (17565): [cplayer] v: Set property: pause="no" -> 1
08-22 17:16:31.170 I/MpvJNI  (17565): [PlaybackTrace][Native][getDuration] result=-10 duration=0.000000
08-22 17:16:31.170 D/MpvBridgeModule(17565): [PlaybackTrace][Bridge][getDuration] ptr=131217388352464 duration=0.0
08-22 17:16:31.170 D/MpvBridgeModule(17565): [PlaybackTrace][Bridge][getPlaybackState] ptr=131217388352464 state=playing idle=false eof=false pause=false
08-22 17:16:31.173 I/MpvJNI  (17565): [PlaybackTrace][Native][getDuration] result=-10 duration=0.000000
08-22 17:16:31.173 D/MpvBridgeModule(17565): [PlaybackTrace][Bridge][getDuration] ptr=131217388352464 duration=0.0
08-22 17:16:31.296 I/ReactNativeJS(17565): '[INFO]', '[PlaybackTrace][JS][resume:call]'
08-22 17:16:31.296 I/MpvJNI  (17565): [PlaybackTrace][Native][play] pause=no result=0
08-22 17:16:31.296 I/MpvBridgeModule(17565): [PlaybackTrace][Bridge][play] nativePlay returned
08-22 17:16:31.297 I/MpvEvent(17565): [PlaybackTrace][Native][mpv-log] prefix=cplayer level=v text=Set property: pause="no" -> 1
08-22 17:16:31.297 D/mpv     (17565): [cplayer] v: Set property: pause="no" -> 1
08-22 17:16:31.353 I/ReactNativeJS(17565): '[INFO]', '[PlaybackTrace][Controller][loadAndResume:before]', { uri: 'https://prod-1.storage.jamendo.com/?trackid=1593988&format=mp31&from=%2FV3E9Qwm8kkOD6hbkNYXkg%3D%3D%7CMJJdmScXeWFhFQqasgwXjQ%3D%3D',
08-22 17:16:31.354 I/ReactNativeJS(17565): '[INFO]', '[PlaybackTrace][JS][loadFile:call]', { requestedPath: 'https://prod-1.storage.jamendo.com/?trackid=1593988&format=mp31&from=%2FV3E9Qwm8kkOD6hbkNYXkg%3D%3D%7CMJJdmScXeWFhFQqasgwXjQ%3D%3D',
08-22 17:16:31.355 I/MpvBridgeModule(17565): [PlaybackTrace][Bridge][loadFile] nativeLoadFile returned
08-22 17:16:31.355 I/ReactNativeJS(17565): '[INFO]', '[PlaybackTrace][JS][loadFile:return]', { resolvedPath: 'https://prod-1.storage.jamendo.com/?trackid=1593988&format=mp31&from=%2FV3E9Qwm8kkOD6hbkNYXkg%3D%3D%7CMJJdmScXeWFhFQqasgwXjQ%3D%3D' }
08-22 17:16:31.355 I/ReactNativeJS(17565): '[INFO]', '[PlaybackTrace][Controller][loadAndResume:loaded]', 'https://prod-1.storage.jamendo.com/?trackid=1593988&format=mp31&from=%2FV3E9Qwm8kkOD6hbkNYXkg%3D%3D%7CMJJdmScXeWFhFQqasgwXjQ%3D%3D'
08-22 17:16:31.357 I/ReactNativeJS(17565): '[INFO]', '[PlaybackTrace][JS][resume:call]'
08-22 17:16:31.357 I/MpvJNI  (17565): [PlaybackTrace][Native][play] pause=no result=0
08-22 17:16:31.357 I/MpvBridgeModule(17565): [PlaybackTrace][Bridge][play] nativePlay returned
08-22 17:16:31.357 I/ReactNativeJS(17565): '[INFO]', '[PlaybackTrace][Controller][loadAndResume:resumed]', 'https://prod-1.storage.jamendo.com/?trackid=1593988&format=mp31&from=%2FV3E9Qwm8kkOD6hbkNYXkg%3D%3D%7CMJJdmScXeWFhFQqasgwXjQ%3D%3D'
08-22 17:16:31.357 I/MpvEvent(17565): [PlaybackTrace][Native][mpv-log] prefix=cplayer level=v text=Set property: pause="no" -> 1
08-22 17:16:31.357 D/mpv     (17565): [cplayer] v: Set property: pause="no" -> 1
08-22 17:16:31.388 I/MpvEvent(17565): [PlaybackTrace][Native][mpv-log] prefix=ffmpeg level=error text=tls: mbedtls_ssl_handshake returned -0x7280
08-22 17:16:31.388 D/mpv     (17565): [ffmpeg] error: tls: mbedtls_ssl_handshake returned -0x7280
08-22 17:16:31.388 E/MpvEvent(17565): [PlaybackTrace][Native][dispatch:error] code=-1 message=tls: mbedtls_ssl_handshake returned -0x7280
08-22 17:16:31.389 E/MPVLib  (17565): onNativeError: code=-1 msg=tls: mbedtls_ssl_handshake returned -0x7280
08-22 17:16:31.389 E/MpvBridgeModule(17565): [PlaybackTrace][Bridge][listener:error] code=-1 message=tls: mbedtls_ssl_handshake returned -0x7280
08-22 17:16:31.390 I/MpvEvent(17565): [PlaybackTrace][Native][mpv-log] prefix=cplayer level=v text=Opening failed or was aborted: https://prod-1.storage.jamendo.com/?trackid=1593988&format=mp31&from=%2FV3E9Qwm8kkOD6hbkNYXkg%3D%3D%7CMJJdmScXeWFhFQqasgwXjQ%3D%3D
08-22 17:16:31.390 D/mpv     (17565): [cplayer] v: Opening failed or was aborted: https://prod-1.storage.jamendo.com/?trackid=1593988&format=mp31&from=%2FV3E9Qwm8kkOD6hbkNYXkg%3D%3D%7CMJJdmScXeWFhFQqasgwXjQ%3D%3D
08-22 17:16:31.390 I/MpvEvent(17565): [PlaybackTrace][Native][dispatch:event] name=endFile payload={"reason":2,"error":0}
08-22 17:16:31.393 D/MPVLib  (17565): onNativeEvent: endFile {"reason":2,"error":0}
08-22 17:16:31.394 I/MpvBridgeModule(17565): [PlaybackTrace][Bridge][listener:event] name=endFile payload={"reason":2,"error":0}
08-22 17:16:31.619 I/MpvJNI  (17565): [PlaybackTrace][Native][getDuration] result=-10 duration=0.000000
08-22 17:16:31.619 D/MpvBridgeModule(17565): [PlaybackTrace][Bridge][getDuration] ptr=131217388352464 duration=0.0
08-22 17:16:31.619 D/MpvBridgeModule(17565): [PlaybackTrace][Bridge][getPlaybackState] ptr=131217388352464 state=playing idle=false eof=false pause=false
08-22 17:16:31.620 I/ReactNativeJS(17565): '[INFO]', '[PlaybackTrace][JS][resume:call]'
08-22 17:16:31.623 I/MpvJNI  (17565): [PlaybackTrace][Native][play] pause=no result=0
08-22 17:16:31.623 I/MpvBridgeModule(17565): [PlaybackTrace][Bridge][play] nativePlay returned
08-22 17:16:31.623 I/MpvEvent(17565): [PlaybackTrace][Native][mpv-log] prefix=cplayer level=v text=Set property: pause="no" -> 1
08-22 17:16:31.623 D/mpv     (17565): [cplayer] v: Set property: pause="no" -> 1
08-22 17:16:31.633 D/MediaSessionService(  695): onSessionPlaybackStateChanged: record=com.simba.player/MediaNotification/27 (userId=0) playbackState=PlaybackState {state=PLAYING(3), position=0, buffered position=0, speed=1.0, updated=155088504, actions=823, custom actions=[], active item id=-1, error=null}
08-22 17:16:32.187 I/MpvJNI  (17565): [PlaybackTrace][Native][getDuration] result=-10 duration=0.000000
08-22 17:16:32.187 D/MpvBridgeModule(17565): [PlaybackTrace][Bridge][getDuration] ptr=131217388352464 duration=0.0
08-22 17:16:32.187 D/MpvBridgeModule(17565): [PlaybackTrace][Bridge][getPlaybackState] ptr=131217388352464 state=playing idle=false eof=false pause=false
08-22 17:16:32.474 I/MpvEvent(17565): [PlaybackTrace][Native][mpv-log] prefix=ffmpeg level=error text=tls: mbedtls_ssl_handshake returned -0x6600
08-22 17:16:32.474 D/mpv     (17565): [ffmpeg] error: tls: mbedtls_ssl_handshake returned -0x6600
08-22 17:16:32.474 E/MpvEvent(17565): [PlaybackTrace][Native][dispatch:error] code=-1 message=tls: mbedtls_ssl_handshake returned -0x6600
08-22 17:16:32.475 E/MPVLib  (17565): onNativeError: code=-1 msg=tls: mbedtls_ssl_handshake returned -0x6600
08-22 17:16:32.475 E/MpvBridgeModule(17565): [PlaybackTrace][Bridge][listener:error] code=-1 message=tls: mbedtls_ssl_handshake returned -0x6600
08-22 17:16:32.505 I/MpvEvent(17565): [PlaybackTrace][Native][mpv-log] prefix=cplayer level=v text=Opening failed or was aborted: https://prod-1.storage.jamendo.com/?trackid=1593988&format=mp31&from=%2FV3E9Qwm8kkOD6hbkNYXkg%3D%3D%7CMJJdmScXeWFhFQqasgwXjQ%3D%3D
08-22 17:16:32.505 D/mpv     (17565): [cplayer] v: Opening failed or was aborted: https://prod-1.storage.jamendo.com/?trackid=1593988&format=mp31&from=%2FV3E9Qwm8kkOD6hbkNYXkg%3D%3D%7CMJJdmScXeWFhFQqasgwXjQ%3D%3D
08-22 17:16:32.508 I/MpvJNI  (17565): [PlaybackTrace][Native][getDuration] result=-10 duration=0.000000
08-22 17:16:32.509 D/MpvBridgeModule(17565): [PlaybackTrace][Bridge][getDuration] ptr=131217388352464 duration=0.0
08-22 17:16:32.559 I/MpvEvent(17565): [PlaybackTrace][Native][dispatch:event] name=endFile payload={"reason":4,"error":-13}
08-22 17:16:32.559 D/MPVLib  (17565): onNativeEvent: endFile {"reason":4,"error":-13}
08-22 17:16:32.559 I/MpvBridgeModule(17565): [PlaybackTrace][Bridge][listener:event] name=endFile payload={"reason":4,"error":-13}
08-22 17:16:32.746 I/MpvJNI  (17565): [PlaybackTrace][Native][getDuration] result=-10 duration=0.000000
08-22 17:16:32.746 D/MpvBridgeModule(17565): [PlaybackTrace][Bridge][getDuration] ptr=131217388352464 duration=0.0
08-22 17:16:32.777 D/MediaSessionService(  695): onSessionPlaybackStateChanged: record=com.simba.player/MediaNotification/27 (userId=0) playbackState=PlaybackState {state=PAUSED(2), position=0, buffered position=0, speed=1.0, updated=155089645, actions=823, custom actions=[], active item id=-1, error=null}
08-22 17:16:32.792 I/MpvJNI  (17565): [PlaybackTrace][Native][getDuration] result=-10 duration=0.000000
08-22 17:16:32.793 D/MpvBridgeModule(17565): [PlaybackTrace][Bridge][getDuration] ptr=131217388352464 duration=0.0
08-22 17:16:32.963 I/ReactNativeJS(17565): '[INFO]', '[PlaybackTrace][Controller][loadAndResume:before]', { uri: 'https://prod-1.storage.jamendo.com/?trackid=1593988&format=mp31&from=%2FV3E9Qwm8kkOD6hbkNYXkg%3D%3D%7CMJJdmScXeWFhFQqasgwXjQ%3D%3D',
08-22 17:16:32.964 I/ReactNativeJS(17565): '[INFO]', '[PlaybackTrace][JS][loadFile:call]', { requestedPath: 'https://prod-1.storage.jamendo.com/?trackid=1593988&format=mp31&from=%2FV3E9Qwm8kkOD6hbkNYXkg%3D%3D%7CMJJdmScXeWFhFQqasgwXjQ%3D%3D',
08-22 17:16:32.965 I/MpvBridgeModule(17565): [PlaybackTrace][Bridge][loadFile] nativeLoadFile returned
08-22 17:16:32.965 I/ReactNativeJS(17565): '[INFO]', '[PlaybackTrace][JS][loadFile:return]', { resolvedPath: 'https://prod-1.storage.jamendo.com/?trackid=1593988&format=mp31&from=%2FV3E9Qwm8kkOD6hbkNYXkg%3D%3D%7CMJJdmScXeWFhFQqasgwXjQ%3D%3D' }
08-22 17:16:32.968 I/ReactNativeJS(17565): '[INFO]', '[PlaybackTrace][Controller][loadAndResume:loaded]', 'https://prod-1.storage.jamendo.com/?trackid=1593988&format=mp31&from=%2FV3E9Qwm8kkOD6hbkNYXkg%3D%3D%7CMJJdmScXeWFhFQqasgwXjQ%3D%3D'
08-22 17:16:32.971 I/ReactNativeJS(17565): '[INFO]', '[PlaybackTrace][JS][resume:call]'
08-22 17:16:32.972 I/ReactNativeJS(17565): '[INFO]', '[PlaybackTrace][Controller][loadAndResume:resumed]', 'https://prod-1.storage.jamendo.com/?trackid=1593988&format=mp31&from=%2FV3E9Qwm8kkOD6hbkNYXkg%3D%3D%7CMJJdmScXeWFhFQqasgwXjQ%3D%3D'
08-22 17:16:32.972 I/MpvJNI  (17565): [PlaybackTrace][Native][play] pause=no result=0
08-22 17:16:32.972 I/MpvEvent(17565): [PlaybackTrace][Native][mpv-log] prefix=cplayer level=v text=Set property: pause="no" -> 1
08-22 17:16:32.972 D/mpv     (17565): [cplayer] v: Set property: pause="no" -> 1
08-22 17:16:32.972 I/MpvBridgeModule(17565): [PlaybackTrace][Bridge][play] nativePlay returned
08-22 17:16:32.975 I/ReactNativeJS(17565): '[INFO]', '[PlaybackTrace][Controller][loadAndResume:before]', { uri: 'https://prod-1.storage.jamendo.com/?trackid=1593988&format=mp31&from=%2FV3E9Qwm8kkOD6hbkNYXkg%3D%3D%7CMJJdmScXeWFhFQqasgwXjQ%3D%3D',
08-22 17:16:32.976 I/ReactNativeJS(17565): '[INFO]', '[PlaybackTrace][JS][loadFile:call]', { requestedPath: 'https://prod-1.storage.jamendo.com/?trackid=1593988&format=mp31&from=%2FV3E9Qwm8kkOD6hbkNYXkg%3D%3D%7CMJJdmScXeWFhFQqasgwXjQ%3D%3D',
08-22 17:16:32.978 I/ReactNativeJS(17565): '[INFO]', '[PlaybackTrace][JS][loadFile:return]', { resolvedPath: 'https://prod-1.storage.jamendo.com/?trackid=1593988&format=mp31&from=%2FV3E9Qwm8kkOD6hbkNYXkg%3D%3D%7CMJJdmScXeWFhFQqasgwXjQ%3D%3D' }
08-22 17:16:32.979 I/ReactNativeJS(17565): '[INFO]', '[PlaybackTrace][Controller][loadAndResume:loaded]', 'https://prod-1.storage.jamendo.com/?trackid=1593988&format=mp31&from=%2FV3E9Qwm8kkOD6hbkNYXkg%3D%3D%7CMJJdmScXeWFhFQqasgwXjQ%3D%3D'
08-22 17:16:32.980 I/MpvBridgeModule(17565): [PlaybackTrace][Bridge][loadFile] nativeLoadFile returned
08-22 17:16:32.980 I/ReactNativeJS(17565): '[INFO]', '[PlaybackTrace][JS][resume:call]'
08-22 17:16:32.981 I/ReactNativeJS(17565): '[INFO]', '[PlaybackTrace][Controller][loadAndResume:resumed]', 'https://prod-1.storage.jamendo.com/?trackid=1593988&format=mp31&from=%2FV3E9Qwm8kkOD6hbkNYXkg%3D%3D%7CMJJdmScXeWFhFQqasgwXjQ%3D%3D'
08-22 17:16:32.982 I/MpvJNI  (17565): [PlaybackTrace][Native][play] pause=no result=0
08-22 17:16:32.982 I/MpvBridgeModule(17565): [PlaybackTrace][Bridge][play] nativePlay returned
08-22 17:16:32.982 I/MpvEvent(17565): [PlaybackTrace][Native][mpv-log] prefix=cplayer level=v text=Set property: pause="no" -> 1
08-22 17:16:32.983 D/mpv     (17565): [cplayer] v: Set property: pause="no" -> 1
08-22 17:16:32.991 I/MpvEvent(17565): [PlaybackTrace][Native][mpv-log] prefix=cplayer level=v text=Opening failed or was aborted: https://prod-1.storage.jamendo.com/?trackid=1593988&format=mp31&from=%2FV3E9Qwm8kkOD6hbkNYXkg%3D%3D%7CMJJdmScXeWFhFQqasgwXjQ%3D%3D
08-22 17:16:32.991 D/mpv     (17565): [cplayer] v: Opening failed or was aborted: https://prod-1.storage.jamendo.com/?trackid=1593988&format=mp31&from=%2FV3E9Qwm8kkOD6hbkNYXkg%3D%3D%7CMJJdmScXeWFhFQqasgwXjQ%3D%3D
08-22 17:16:32.992 I/MpvEvent(17565): [PlaybackTrace][Native][dispatch:event] name=endFile payload={"reason":2,"error":0}
08-22 17:16:32.992 D/MPVLib  (17565): onNativeEvent: endFile {"reason":2,"error":0}
08-22 17:16:32.992 I/MpvBridgeModule(17565): [PlaybackTrace][Bridge][listener:event] name=endFile payload={"reason":2,"error":0}
08-22 17:16:33.202 I/MpvJNI  (17565): [PlaybackTrace][Native][getDuration] result=-10 duration=0.000000
08-22 17:16:33.202 D/MpvBridgeModule(17565): [PlaybackTrace][Bridge][getDuration] ptr=131217388352464 duration=0.0
08-22 17:16:33.202 D/MpvBridgeModule(17565): [PlaybackTrace][Bridge][getPlaybackState] ptr=131217388352464 state=playing idle=false eof=false pause=false
08-22 17:16:33.235 I/ReactNativeJS(17565): '[INFO]', '[PlaybackTrace][JS][resume:call]'
08-22 17:16:33.235 I/MpvJNI  (17565): [PlaybackTrace][Native][play] pause=no result=0
08-22 17:16:33.235 I/MpvBridgeModule(17565): [PlaybackTrace][Bridge][play] nativePlay returned
08-22 17:16:33.236 I/MpvEvent(17565): [PlaybackTrace][Native][mpv-log] prefix=cplayer level=v text=Set property: pause="no" -> 1
08-22 17:16:33.236 D/mpv     (17565): [cplayer] v: Set property: pause="no" -> 1
08-22 17:16:33.237 I/ReactNativeJS(17565): '[INFO]', '[PlaybackTrace][JS][resume:call]'
08-22 17:16:33.238 I/MpvJNI  (17565): [PlaybackTrace][Native][play] pause=no result=0
08-22 17:16:33.238 I/MpvEvent(17565): [PlaybackTrace][Native][mpv-log] prefix=cplayer level=v text=Set property: pause="no" -> 1
08-22 17:16:33.238 I/MpvBridgeModule(17565): [PlaybackTrace][Bridge][play] nativePlay returned
08-22 17:16:33.238 D/mpv     (17565): [cplayer] v: Set property: pause="no" -> 1
08-22 17:16:33.652 I/MpvJNI  (17565): [PlaybackTrace][Native][getDuration] result=-10 duration=0.000000
08-22 17:16:33.652 D/MpvBridgeModule(17565): [PlaybackTrace][Bridge][getDuration] ptr=131217388352464 duration=0.0
08-22 17:16:33.653 D/MpvBridgeModule(17565): [PlaybackTrace][Bridge][getPlaybackState] ptr=131217388352464 state=playing idle=false eof=false pause=false
08-22 17:16:33.675 D/MediaSessionService(  695): onSessionPlaybackStateChanged: record=com.simba.player/MediaNotification/27 (userId=0) playbackState=PlaybackState {state=PLAYING(3), position=0, buffered position=0, speed=1.0, updated=155090544, actions=823, custom actions=[], active item id=-1, error=null}
08-22 17:16:33.694 I/MpvEvent(17565): [PlaybackTrace][Native][mpv-log] prefix=ffmpeg level=v text=Mime-type: 'audio/mpeg'
08-22 17:16:33.694 D/mpv     (17565): [ffmpeg] v: Mime-type: 'audio/mpeg'
08-22 17:16:33.965 I/MpvEvent(17565): [PlaybackTrace][Native][mpv-log] prefix=cplayer level=info text=ΓùÅ Audio  --aid=1  (mp3 2ch 44100 Hz 96 kbps)
08-22 17:16:33.965 D/mpv     (17565): [cplayer] info: ΓùÅ Audio  --aid=1  (mp3 2ch 44100 Hz 96 kbps)
08-22 17:16:33.974 I/MpvEvent(17565): [PlaybackTrace][Native][eventLoop] MPV_EVENT_AUDIO_RECONFIG
08-22 17:16:33.979 I/MpvEvent(17565): [PlaybackTrace][Native][dispatch:event] name=audioReconfig payload={}
08-22 17:16:33.981 I/MpvBridgeModule(17565): [PlaybackTrace][Bridge][listener:event] name=audioReconfig payload={}
08-22 17:16:33.986 I/MpvEvent(17565): [PlaybackTrace][Native][eventLoop] MPV_EVENT_AUDIO_RECONFIG
08-22 17:16:33.986 I/MpvEvent(17565): [PlaybackTrace][Native][dispatch:event] name=audioReconfig payload={}
08-22 17:16:33.987 I/MpvBridgeModule(17565): [PlaybackTrace][Bridge][listener:event] name=audioReconfig payload={}
08-22 17:16:33.990 I/ReactNativeJS(17565): '[INFO]', '[PlaybackTrace][Controller][event:onFileLoaded]', { fileUri: 'https://prod-1.storage.jamendo.com/?trackid=1593988&format=mp31&from=%2FV3E9Qwm8kkOD6hbkNYXkg%3D%3D%7CMJJdmScXeWFhFQqasgwXjQ%3D%3D',
08-22 17:16:33.990 I/MpvEvent(17565): [PlaybackTrace][Native][mpv-log] prefix=ad level=v text=    mp3float (mp3) - MP3 (MPEG audio layer 3)
08-22 17:16:33.990 I/MpvEvent(17565): [PlaybackTrace][Native][mpv-log] prefix=ad level=v text=    mp3 - MP3 (MPEG audio layer 3)
08-22 17:16:33.992 I/MpvEvent(17565): [PlaybackTrace][Native][mpv-log] prefix=ad level=v text=Selected decoder: mp3float - MP3 (MPEG audio layer 3)
08-22 17:16:33.992 I/MpvEvent(17565): [PlaybackTrace][Native][mpv-log] prefix=cplayer level=info text=Displaying cover art. Use --no-audio-display to prevent this.
08-22 17:16:33.992 D/mpv     (17565): [cplayer] info: Displaying cover art. Use --no-audio-display to prevent this.
08-22 17:16:34.005 I/MpvEvent(17565): [PlaybackTrace][Native][property] name=cache-buffering-state format=6 value=null
08-22 17:16:34.005 I/MpvEvent(17565): [PlaybackTrace][Native][dispatch:property] name=cache-buffering-state value=null
08-22 17:16:34.005 D/MPVLib  (17565): onNativePropertyChanged: cache-buffering-state = null
08-22 17:16:34.005 I/MpvBridgeModule(17565): [PlaybackTrace][Bridge][listener:property] name=cache-buffering-state value=null
08-22 17:16:34.006 I/MpvEvent(17565): [PlaybackTrace][Native][property] name=seekable format=6 value=null
08-22 17:16:34.006 I/MpvEvent(17565): [PlaybackTrace][Native][dispatch:property] name=seekable value=null
08-22 17:16:34.006 I/MpvBridgeModule(17565): [PlaybackTrace][Bridge][listener:property] name=seekable value=null
08-22 17:16:34.007 I/MpvEvent(17565): [PlaybackTrace][Native][mpv-log] prefix=ao level=v text=Trying audio driver 'audiotrack'
08-22 17:16:34.007 I/MpvEvent(17565): [PlaybackTrace][Native][mpv-log] prefix=ao/audiotrack level=v text=requested format: 44100 Hz, stereo channels, floatp
08-22 17:16:34.007 D/mpv     (17565): [ao/audiotrack] v: requested format: 44100 Hz, stereo channels, floatp
08-22 17:16:34.007 I/MpvEvent(17565): [PlaybackTrace][Native][mpv-log] prefix=ao/audiotrack level=v text=AudioTrack.nativeOutputSampleRate = 48000
08-22 17:16:34.008 D/mpv     (17565): [ao/audiotrack] v: AudioTrack.nativeOutputSampleRate = 48000
08-22 17:16:34.008 I/MpvEvent(17565): [PlaybackTrace][Native][mpv-log] prefix=ao/audiotrack level=v text=Channel layouts:
08-22 17:16:34.008 D/mpv     (17565): [ao/audiotrack] v: Channel layouts:
08-22 17:16:34.008 I/MpvEvent(17565): [PlaybackTrace][Native][mpv-log] prefix=ao/audiotrack level=v text= - mono
08-22 17:16:34.008 D/mpv     (17565): [ao/audiotrack] v:  - mono
08-22 17:16:34.008 I/MpvEvent(17565): [PlaybackTrace][Native][mpv-log] prefix=ao/audiotrack level=v text= - stereo
08-22 17:16:34.008 D/mpv     (17565): [ao/audiotrack] v:  - stereo
08-22 17:16:34.008 I/MpvEvent(17565): [PlaybackTrace][Native][mpv-log] prefix=ao/audiotrack level=v text= - 3.0
08-22 17:16:34.008 D/mpv     (17565): [ao/audiotrack] v:  - 3.0
08-22 17:16:34.008 I/MpvEvent(17565): [PlaybackTrace][Native][mpv-log] prefix=ao/audiotrack level=v text= - quad
08-22 17:16:34.008 D/mpv     (17565): [ao/audiotrack] v:  - quad
08-22 17:16:34.008 I/MpvEvent(17565): [PlaybackTrace][Native][mpv-log] prefix=ao/audiotrack level=v text= - 5.0
08-22 17:16:34.008 D/mpv     (17565): [ao/audiotrack] v:  - 5.0
08-22 17:16:34.008 I/MpvEvent(17565): [PlaybackTrace][Native][mpv-log] prefix=ao/audiotrack level=v text= - 5.1
08-22 17:16:34.008 D/mpv     (17565): [ao/audiotrack] v:  - 5.1
08-22 17:16:34.008 I/MpvEvent(17565): [PlaybackTrace][Native][mpv-log] prefix=ao/audiotrack level=v text= - 6.1(back)
08-22 17:16:34.008 D/mpv     (17565): [ao/audiotrack] v:  - 6.1(back)
08-22 17:16:34.008 I/MpvEvent(17565): [PlaybackTrace][Native][mpv-log] prefix=ao/audiotrack level=v text= - 7.1
08-22 17:16:34.008 D/mpv     (17565): [ao/audiotrack] v:  - 7.1
08-22 17:16:34.008 I/MpvEvent(17565): [PlaybackTrace][Native][mpv-log] prefix=ao/audiotrack level=v text=result: stereo
08-22 17:16:34.008 D/mpv     (17565): [ao/audiotrack] v: result: stereo
08-22 17:16:34.008 I/MpvEvent(17565): [PlaybackTrace][Native][mpv-log] prefix=ao/audiotrack level=v text=Setting bufferSize = 52920 (driver=32096, min=26460, max=52920)
08-22 17:16:34.008 D/mpv     (17565): [ao/audiotrack] v: Setting bufferSize = 52920 (driver=32096, min=26460, max=52920)
08-22 17:16:34.008 I/MpvEvent(17565): [PlaybackTrace][Native][mpv-log] prefix=ao/audiotrack level=v text=Using NIO ByteBuffer
08-22 17:16:34.008 D/mpv     (17565): [ao/audiotrack] v: Using NIO ByteBuffer
08-22 17:16:34.008 I/MpvEvent(17565): [PlaybackTrace][Native][mpv-log] prefix=ao/audiotrack level=v text=Using API21 initializer
08-22 17:16:34.008 D/mpv     (17565): [ao/audiotrack] v: Using API21 initializer
08-22 17:16:34.019 I/MpvEvent(17565): [PlaybackTrace][Native][mpv-log] prefix=ao/audiotrack level=v text=AudioTrack.getBufferSizeInFrames = 6615
08-22 17:16:34.020 D/mpv     (17565): [ao/audiotrack] v: AudioTrack.getBufferSizeInFrames = 6615
08-22 17:16:34.020 I/MpvEvent(17565): [PlaybackTrace][Native][mpv-log] prefix=ao/audiotrack level=v text=device buffer: 6615 samples.
08-22 17:16:34.021 D/mpv     (17565): [ao/audiotrack] v: device buffer: 6615 samples.
08-22 17:16:34.021 I/ReactNativeJS(17565): '[INFO]', '[PlaybackTrace][Controller][loadAndResume:before]', { uri: 'https://prod-1.storage.jamendo.com/?trackid=1593988&format=mp31&from=%2FV3E9Qwm8kkOD6hbkNYXkg%3D%3D%7CMJJdmScXeWFhFQqasgwXjQ%3D%3D',
08-22 17:16:34.021 I/MpvEvent(17565): [PlaybackTrace][Native][eventLoop] MPV_EVENT_AUDIO_RECONFIG
08-22 17:16:34.021 I/MpvEvent(17565): [PlaybackTrace][Native][dispatch:event] name=audioReconfig payload={}
08-22 17:16:34.021 I/MpvBridgeModule(17565): [PlaybackTrace][Bridge][listener:event] name=audioReconfig payload={}
08-22 17:16:34.021 I/ReactNativeJS(17565): '[INFO]', '[PlaybackTrace][JS][loadFile:call]', { requestedPath: 'https://prod-1.storage.jamendo.com/?trackid=1593988&format=mp31&from=%2FV3E9Qwm8kkOD6hbkNYXkg%3D%3D%7CMJJdmScXeWFhFQqasgwXjQ%3D%3D',
08-22 17:16:34.022 I/ReactNativeJS(17565): '[INFO]', '[PlaybackTrace][JS][loadFile:return]', { resolvedPath: 'https://prod-1.storage.jamendo.com/?trackid=1593988&format=mp31&from=%2FV3E9Qwm8kkOD6hbkNYXkg%3D%3D%7CMJJdmScXeWFhFQqasgwXjQ%3D%3D' }
08-22 17:16:34.024 I/ReactNativeJS(17565): '[INFO]', '[PlaybackTrace][Controller][loadAndResume:loaded]', 'https://prod-1.storage.jamendo.com/?trackid=1593988&format=mp31&from=%2FV3E9Qwm8kkOD6hbkNYXkg%3D%3D%7CMJJdmScXeWFhFQqasgwXjQ%3D%3D'
08-22 17:16:34.025 I/ReactNativeJS(17565): '[INFO]', '[PlaybackTrace][JS][resume:call]'
08-22 17:16:34.026 I/ReactNativeJS(17565): '[INFO]', '[PlaybackTrace][Controller][loadAndResume:resumed]', 'https://prod-1.storage.jamendo.com/?trackid=1593988&format=mp31&from=%2FV3E9Qwm8kkOD6hbkNYXkg%3D%3D%7CMJJdmScXeWFhFQqasgwXjQ%3D%3D'
08-22 17:16:34.028 I/MpvEvent(17565): [PlaybackTrace][Native][mpv-log] prefix=ao/audiotrack level=v text=using soft-buffer of 8820 samples.
08-22 17:16:34.028 D/mpv     (17565): [ao/audiotrack] v: using soft-buffer of 8820 samples.
08-22 17:16:34.028 I/MpvEvent(17565): [PlaybackTrace][Native][mpv-log] prefix=cplayer level=info text=AO: [audiotrack] 44100Hz stereo 2ch float
08-22 17:16:34.028 D/mpv     (17565): [cplayer] info: AO: [audiotrack] 44100Hz stereo 2ch float
08-22 17:16:34.029 I/MpvEvent(17565): [PlaybackTrace][Native][mpv-log] prefix=cplayer level=v text=AO: Description: Android AudioTrack audio output
08-22 17:16:34.029 D/mpv     (17565): [cplayer] v: AO: Description: Android AudioTrack audio output
08-22 17:16:34.039 I/MpvEvent(17565): [PlaybackTrace][Native][property] name=paused-for-cache format=6 value=null
08-22 17:16:34.039 I/MpvBridgeModule(17565): [PlaybackTrace][Bridge][loadFile] nativeLoadFile returned
08-22 17:16:34.039 I/MpvEvent(17565): [PlaybackTrace][Native][dispatch:property] name=paused-for-cache value=null
08-22 17:16:34.039 D/MPVLib  (17565): onNativePropertyChanged: paused-for-cache = null
08-22 17:16:34.039 I/MpvBridgeModule(17565): [PlaybackTrace][Bridge][listener:property] name=paused-for-cache value=null
08-22 17:16:34.039 I/MpvJNI  (17565): [PlaybackTrace][Native][play] pause=no result=0
08-22 17:16:34.039 I/MpvBridgeModule(17565): [PlaybackTrace][Bridge][play] nativePlay returned
08-22 17:16:34.041 I/MpvEvent(17565): [PlaybackTrace][Native][property] name=demuxer-cache-state format=6 value=null
08-22 17:16:34.041 I/MpvEvent(17565): [PlaybackTrace][Native][dispatch:property] name=demuxer-cache-state value=null
08-22 17:16:34.041 D/MPVLib  (17565): onNativePropertyChanged: demuxer-cache-state = null
08-22 17:16:34.041 I/MpvBridgeModule(17565): [PlaybackTrace][Bridge][listener:property] name=demuxer-cache-state value=null
08-22 17:16:34.042 I/MpvEvent(17565): [PlaybackTrace][Native][mpv-log] prefix=cplayer level=v text=Set property: pause="no" -> 1
08-22 17:16:34.042 D/mpv     (17565): [cplayer] v: Set property: pause="no" -> 1
08-22 17:16:34.043 I/MpvEvent(17565): [PlaybackTrace][Native][eventLoop] MPV_EVENT_AUDIO_RECONFIG
08-22 17:16:34.043 I/MpvEvent(17565): [PlaybackTrace][Native][dispatch:event] name=audioReconfig payload={}
08-22 17:16:34.044 I/MpvBridgeModule(17565): [PlaybackTrace][Bridge][listener:event] name=audioReconfig payload={}
08-22 17:16:34.055 I/MpvEvent(17565): [PlaybackTrace][Native][eventLoop] MPV_EVENT_AUDIO_RECONFIG
08-22 17:16:34.055 I/MpvEvent(17565): [PlaybackTrace][Native][dispatch:event] name=audioReconfig payload={}
08-22 17:16:34.055 I/MpvBridgeModule(17565): [PlaybackTrace][Bridge][listener:event] name=audioReconfig payload={}
08-22 17:16:34.057 I/MpvJNI  (17565): [PlaybackTrace][Native][getDuration] result=-10 duration=0.000000
08-22 17:16:34.057 D/MpvBridgeModule(17565): [PlaybackTrace][Bridge][getDuration] ptr=131217388352464 duration=0.0
08-22 17:16:34.112 I/MpvEvent(17565): [PlaybackTrace][Native][dispatch:event] name=endFile payload={"reason":2,"error":0}
08-22 17:16:34.112 D/MPVLib  (17565): onNativeEvent: endFile {"reason":2,"error":0}
08-22 17:16:34.113 I/MpvBridgeModule(17565): [PlaybackTrace][Bridge][listener:event] name=endFile payload={"reason":2,"error":0}
08-22 17:16:34.124 I/MpvEvent(17565): [PlaybackTrace][Native][eventLoop] property=cache-buffering-state format=NONE
08-22 17:16:34.124 I/MpvEvent(17565): [PlaybackTrace][Native][eventLoop] property=paused-for-cache format=NONE
08-22 17:16:34.124 I/MpvEvent(17565): [PlaybackTrace][Native][eventLoop] property=demuxer-cache-state format=NONE
08-22 17:16:34.124 I/MpvEvent(17565): [PlaybackTrace][Native][eventLoop] property=seekable format=NONE
08-22 17:16:34.255 I/MpvJNI  (17565): [PlaybackTrace][Native][getDuration] result=-10 duration=0.000000
08-22 17:16:34.255 D/MpvBridgeModule(17565): [PlaybackTrace][Bridge][getDuration] ptr=131217388352464 duration=0.0
08-22 17:16:34.255 D/MpvBridgeModule(17565): [PlaybackTrace][Bridge][getPlaybackState] ptr=131217388352464 state=playing idle=false eof=false pause=false
08-22 17:16:34.286 I/ReactNativeJS(17565): '[INFO]', '[PlaybackTrace][JS][resume:call]'
08-22 17:16:34.288 I/MpvJNI  (17565): [PlaybackTrace][Native][play] pause=no result=0
08-22 17:16:34.288 I/MpvBridgeModule(17565): [PlaybackTrace][Bridge][play] nativePlay returned
08-22 17:16:34.288 I/MpvEvent(17565): [PlaybackTrace][Native][mpv-log] prefix=cplayer level=v text=Set property: pause="no" -> 1
08-22 17:16:34.288 D/mpv     (17565): [cplayer] v: Set property: pause="no" -> 1
08-22 17:16:34.670 I/MpvJNI  (17565): [PlaybackTrace][Native][getDuration] result=-10 duration=0.000000
08-22 17:16:34.670 D/MpvBridgeModule(17565): [PlaybackTrace][Bridge][getDuration] ptr=131217388352464 duration=0.0
08-22 17:16:34.670 D/MpvBridgeModule(17565): [PlaybackTrace][Bridge][getPlaybackState] ptr=131217388352464 state=playing idle=false eof=false pause=false
08-22 17:16:34.689 D/MediaSessionService(  695): onSessionPlaybackStateChanged: record=com.simba.player/MediaNotification/27 (userId=0) playbackState=PlaybackState {state=PLAYING(3), position=0, buffered position=0, speed=1.0, updated=155091559, actions=823, custom actions=[], active item id=-1, error=null}
08-22 17:16:35.013 I/MpvEvent(17565): [PlaybackTrace][Native][mpv-log] prefix=ffmpeg level=v text=Mime-type: 'audio/mpeg'
08-22 17:16:35.013 D/mpv     (17565): [ffmpeg] v: Mime-type: 'audio/mpeg'
08-22 17:16:35.113 I/MpvEvent(17565): [PlaybackTrace][Native][property] name=cache-buffering-state format=6 value=null
08-22 17:16:35.113 I/MpvEvent(17565): [PlaybackTrace][Native][dispatch:property] name=cache-buffering-state value=null
08-22 17:16:35.113 D/MPVLib  (17565): onNativePropertyChanged: cache-buffering-state = null
08-22 17:16:35.113 I/MpvBridgeModule(17565): [PlaybackTrace][Bridge][listener:property] name=cache-buffering-state value=null
08-22 17:16:35.116 I/MpvEvent(17565): [PlaybackTrace][Native][property] name=demuxer-cache-state format=6 value=null
08-22 17:16:35.117 I/MpvEvent(17565): [PlaybackTrace][Native][dispatch:property] name=demuxer-cache-state value=null
08-22 17:16:35.117 D/MPVLib  (17565): onNativePropertyChanged: demuxer-cache-state = null
08-22 17:16:35.117 I/MpvBridgeModule(17565): [PlaybackTrace][Bridge][listener:property] name=demuxer-cache-state value=null
08-22 17:16:35.119 I/MpvEvent(17565): [PlaybackTrace][Native][eventLoop] MPV_EVENT_AUDIO_RECONFIG
08-22 17:16:35.119 I/MpvEvent(17565): [PlaybackTrace][Native][dispatch:event] name=audioReconfig payload={}
08-22 17:16:35.120 I/MpvBridgeModule(17565): [PlaybackTrace][Bridge][listener:event] name=audioReconfig payload={}
08-22 17:16:35.122 I/MpvEvent(17565): [PlaybackTrace][Native][mpv-log] prefix=cplayer level=info text=ΓùÅ Audio  --aid=1  (mp3 2ch 44100 Hz 96 kbps)
08-22 17:16:35.122 D/mpv     (17565): [cplayer] info: ΓùÅ Audio  --aid=1  (mp3 2ch 44100 Hz 96 kbps)
08-22 17:16:35.124 I/MpvEvent(17565): [PlaybackTrace][Native][eventLoop] MPV_EVENT_AUDIO_RECONFIG
08-22 17:16:35.124 I/MpvEvent(17565): [PlaybackTrace][Native][dispatch:event] name=audioReconfig payload={}
08-22 17:16:35.124 I/MpvBridgeModule(17565): [PlaybackTrace][Bridge][listener:event] name=audioReconfig payload={}
08-22 17:16:35.127 I/MpvEvent(17565): [PlaybackTrace][Native][mpv-log] prefix=ad level=v text=    mp3float (mp3) - MP3 (MPEG audio layer 3)
08-22 17:16:35.127 I/MpvEvent(17565): [PlaybackTrace][Native][mpv-log] prefix=ad level=v text=    mp3 - MP3 (MPEG audio layer 3)
08-22 17:16:35.127 I/MpvEvent(17565): [PlaybackTrace][Native][mpv-log] prefix=ad level=v text=Selected decoder: mp3float - MP3 (MPEG audio layer 3)
08-22 17:16:35.128 I/MpvEvent(17565): [PlaybackTrace][Native][mpv-log] prefix=cplayer level=info text=Displaying cover art. Use --no-audio-display to prevent this.
08-22 17:16:35.128 D/mpv     (17565): [cplayer] info: Displaying cover art. Use --no-audio-display to prevent this.
08-22 17:16:35.129 I/MpvEvent(17565): [PlaybackTrace][Native][property] name=paused-for-cache format=6 value=null
08-22 17:16:35.129 I/MpvEvent(17565): [PlaybackTrace][Native][dispatch:property] name=paused-for-cache value=null
08-22 17:16:35.129 D/MPVLib  (17565): onNativePropertyChanged: paused-for-cache = null
08-22 17:16:35.129 I/MpvBridgeModule(17565): [PlaybackTrace][Bridge][listener:property] name=paused-for-cache value=null
08-22 17:16:35.130 I/MpvJNI  (17565): [PlaybackTrace][Native][getDuration] result=0 duration=149.696033
08-22 17:16:35.130 I/MpvEvent(17565): [PlaybackTrace][Native][property] name=demuxer-cache-state format=6 value=null
08-22 17:16:35.130 D/MpvBridgeModule(17565): [PlaybackTrace][Bridge][getDuration] ptr=131217388352464 duration=149.69603333333333
08-22 17:16:35.130 I/MpvEvent(17565): [PlaybackTrace][Native][dispatch:property] name=demuxer-cache-state value=null
08-22 17:16:35.130 D/MPVLib  (17565): onNativePropertyChanged: demuxer-cache-state = null
08-22 17:16:35.130 I/MpvBridgeModule(17565): [PlaybackTrace][Bridge][listener:property] name=demuxer-cache-state value=null
08-22 17:16:35.132 I/MpvEvent(17565): [PlaybackTrace][Native][property] name=seekable format=6 value=null
08-22 17:16:35.132 I/MpvEvent(17565): [PlaybackTrace][Native][dispatch:property] name=seekable value=null
08-22 17:16:35.133 I/MpvBridgeModule(17565): [PlaybackTrace][Bridge][listener:property] name=seekable value=null
08-22 17:16:35.135 I/MpvEvent(17565): [PlaybackTrace][Native][mpv-log] prefix=ao level=v text=Trying audio driver 'audiotrack'
08-22 17:16:35.135 I/MpvEvent(17565): [PlaybackTrace][Native][mpv-log] prefix=ao/audiotrack level=v text=requested format: 44100 Hz, stereo channels, floatp
08-22 17:16:35.135 D/mpv     (17565): [ao/audiotrack] v: requested format: 44100 Hz, stereo channels, floatp
08-22 17:16:35.135 I/MpvEvent(17565): [PlaybackTrace][Native][mpv-log] prefix=ao/audiotrack level=v text=AudioTrack.nativeOutputSampleRate = 48000
08-22 17:16:35.135 D/mpv     (17565): [ao/audiotrack] v: AudioTrack.nativeOutputSampleRate = 48000
08-22 17:16:35.135 I/MpvEvent(17565): [PlaybackTrace][Native][mpv-log] prefix=ao/audiotrack level=v text=Channel layouts:
08-22 17:16:35.135 D/mpv     (17565): [ao/audiotrack] v: Channel layouts:
08-22 17:16:35.136 I/MpvEvent(17565): [PlaybackTrace][Native][mpv-log] prefix=ao/audiotrack level=v text= - mono
08-22 17:16:35.136 D/mpv     (17565): [ao/audiotrack] v:  - mono
08-22 17:16:35.136 I/MpvEvent(17565): [PlaybackTrace][Native][mpv-log] prefix=ao/audiotrack level=v text= - stereo
08-22 17:16:35.136 D/mpv     (17565): [ao/audiotrack] v:  - stereo
08-22 17:16:35.136 I/MpvEvent(17565): [PlaybackTrace][Native][mpv-log] prefix=ao/audiotrack level=v text= - 3.0
08-22 17:16:35.136 D/mpv     (17565): [ao/audiotrack] v:  - 3.0
08-22 17:16:35.136 I/MpvEvent(17565): [PlaybackTrace][Native][mpv-log] prefix=ao/audiotrack level=v text= - quad
08-22 17:16:35.136 D/mpv     (17565): [ao/audiotrack] v:  - quad
08-22 17:16:35.136 I/MpvEvent(17565): [PlaybackTrace][Native][mpv-log] prefix=ao/audiotrack level=v text= - 5.0
08-22 17:16:35.136 D/mpv     (17565): [ao/audiotrack] v:  - 5.0
08-22 17:16:35.136 I/MpvEvent(17565): [PlaybackTrace][Native][mpv-log] prefix=ao/audiotrack level=v text= - 5.1
08-22 17:16:35.136 D/mpv     (17565): [ao/audiotrack] v:  - 5.1
08-22 17:16:35.136 I/MpvEvent(17565): [PlaybackTrace][Native][mpv-log] prefix=ao/audiotrack level=v text= - 6.1(back)
08-22 17:16:35.136 D/mpv     (17565): [ao/audiotrack] v:  - 6.1(back)
08-22 17:16:35.136 I/MpvEvent(17565): [PlaybackTrace][Native][mpv-log] prefix=ao/audiotrack level=v text= - 7.1
08-22 17:16:35.136 D/mpv     (17565): [ao/audiotrack] v:  - 7.1
08-22 17:16:35.137 I/MpvEvent(17565): [PlaybackTrace][Native][mpv-log] prefix=ao/audiotrack level=v text=result: stereo
08-22 17:16:35.137 D/mpv     (17565): [ao/audiotrack] v: result: stereo
08-22 17:16:35.137 I/MpvEvent(17565): [PlaybackTrace][Native][mpv-log] prefix=ao/audiotrack level=v text=Setting bufferSize = 52920 (driver=32096, min=26460, max=52920)
08-22 17:16:35.137 D/mpv     (17565): [ao/audiotrack] v: Setting bufferSize = 52920 (driver=32096, min=26460, max=52920)
08-22 17:16:35.137 I/MpvEvent(17565): [PlaybackTrace][Native][mpv-log] prefix=ao/audiotrack level=v text=Using NIO ByteBuffer
08-22 17:16:35.137 D/mpv     (17565): [ao/audiotrack] v: Using NIO ByteBuffer
08-22 17:16:35.137 I/MpvEvent(17565): [PlaybackTrace][Native][mpv-log] prefix=ao/audiotrack level=v text=Using API21 initializer
08-22 17:16:35.137 D/mpv     (17565): [ao/audiotrack] v: Using API21 initializer
08-22 17:16:35.148 I/MpvEvent(17565): [PlaybackTrace][Native][eventLoop] MPV_EVENT_AUDIO_RECONFIG
08-22 17:16:35.148 I/MpvEvent(17565): [PlaybackTrace][Native][dispatch:event] name=audioReconfig payload={}
08-22 17:16:35.149 I/MpvBridgeModule(17565): [PlaybackTrace][Bridge][listener:event] name=audioReconfig payload={}
08-22 17:16:35.150 I/MpvEvent(17565): [PlaybackTrace][Native][mpv-log] prefix=ao/audiotrack level=v text=AudioTrack.getBufferSizeInFrames = 6615
08-22 17:16:35.150 D/mpv     (17565): [ao/audiotrack] v: AudioTrack.getBufferSizeInFrames = 6615
08-22 17:16:35.150 I/MpvEvent(17565): [PlaybackTrace][Native][mpv-log] prefix=ao/audiotrack level=v text=device buffer: 6615 samples.
08-22 17:16:35.150 D/mpv     (17565): [ao/audiotrack] v: device buffer: 6615 samples.
08-22 17:16:35.150 I/MpvEvent(17565): [PlaybackTrace][Native][mpv-log] prefix=ao/audiotrack level=v text=using soft-buffer of 8820 samples.
08-22 17:16:35.150 D/mpv     (17565): [ao/audiotrack] v: using soft-buffer of 8820 samples.
08-22 17:16:35.150 I/MpvEvent(17565): [PlaybackTrace][Native][mpv-log] prefix=cplayer level=info text=AO: [audiotrack] 44100Hz stereo 2ch float
08-22 17:16:35.150 D/mpv     (17565): [cplayer] info: AO: [audiotrack] 44100Hz stereo 2ch float
08-22 17:16:35.151 I/MpvEvent(17565): [PlaybackTrace][Native][mpv-log] prefix=cplayer level=v text=AO: Description: Android AudioTrack audio output
08-22 17:16:35.151 D/mpv     (17565): [cplayer] v: AO: Description: Android AudioTrack audio output
08-22 17:16:35.157 I/MpvEvent(17565): [PlaybackTrace][Native][property] name=demuxer-cache-state format=6 value=null
08-22 17:16:35.157 I/MpvEvent(17565): [PlaybackTrace][Native][dispatch:property] name=demuxer-cache-state value=null
08-22 17:16:35.158 D/MPVLib  (17565): onNativePropertyChanged: demuxer-cache-state = null
08-22 17:16:35.159 I/MpvBridgeModule(17565): [PlaybackTrace][Bridge][listener:property] name=demuxer-cache-state value=null
08-22 17:16:35.166 I/MpvEvent(17565): [PlaybackTrace][Native][mpv-log] prefix=cplayer level=v text=audio ready
08-22 17:16:35.167 D/mpv     (17565): [cplayer] v: audio ready
08-22 17:16:35.167 I/MpvEvent(17565): [PlaybackTrace][Native][mpv-log] prefix=cplayer level=v text=starting audio playback
08-22 17:16:35.167 D/mpv     (17565): [cplayer] v: starting audio playback
08-22 17:16:35.167 I/MpvEvent(17565): [PlaybackTrace][Native][mpv-log] prefix=cplayer level=v text=playback restart complete @ 0.000001, audio=playing, video=eof
08-22 17:16:35.167 D/mpv     (17565): [cplayer] v: playback restart complete @ 0.000001, audio=playing, video=eof
08-22 17:16:35.170 I/MpvEvent(17565): [PlaybackTrace][Native][mpv-log] prefix=cplayer level=warn text=Audio device underrun detected.
08-22 17:16:35.170 D/mpv     (17565): [cplayer] warn: Audio device underrun detected.
08-22 17:16:35.170 I/MpvEvent(17565): [PlaybackTrace][Native][mpv-log] prefix=cplayer level=v text=restarting audio after underrun
08-22 17:16:35.171 D/mpv     (17565): [cplayer] v: restarting audio after underrun
08-22 17:16:35.281 I/ReactNativeJS(17565): '[INFO]', '[PlaybackTrace][Controller][event:onFileLoaded]', { fileUri: 'https://prod-1.storage.jamendo.com/?trackid=1593988&format=mp31&from=%2FV3E9Qwm8kkOD6hbkNYXkg%3D%3D%7CMJJdmScXeWFhFQqasgwXjQ%3D%3D',
08-22 17:16:35.283 I/MpvJNI  (17565): [PlaybackTrace][Native][getDuration] result=0 duration=149.696033
08-22 17:16:35.283 D/MpvBridgeModule(17565): [PlaybackTrace][Bridge][getDuration] ptr=131217388352464 duration=149.69603333333333
08-22 17:16:35.283 D/MpvBridgeModule(17565): [PlaybackTrace][Bridge][getPlaybackState] ptr=131217388352464 state=playing idle=false eof=false pause=false
08-22 17:16:35.292 I/MpvJNI  (17565): [PlaybackTrace][Native][getDuration] result=0 duration=149.696033
08-22 17:16:35.292 D/MpvBridgeModule(17565): [PlaybackTrace][Bridge][getDuration] ptr=131217388352464 duration=149.69603333333333
08-22 17:16:35.382 I/MpvEvent(17565): [PlaybackTrace][Native][property] name=demuxer-cache-state format=6 value=null
08-22 17:16:35.382 I/MpvEvent(17565): [PlaybackTrace][Native][dispatch:property] name=demuxer-cache-state value=null
08-22 17:16:35.383 D/MPVLib  (17565): onNativePropertyChanged: demuxer-cache-state = null
08-22 17:16:35.383 I/MpvBridgeModule(17565): [PlaybackTrace][Bridge][listener:property] name=demuxer-cache-state value=null
08-22 17:16:35.466 I/MpvJNI  (17565): [PlaybackTrace][Native][getDuration] result=0 duration=149.696033
08-22 17:16:35.466 D/MpvBridgeModule(17565): [PlaybackTrace][Bridge][getDuration] ptr=131217388352464 duration=149.69603333333333
08-22 17:16:35.597 I/ReactNativeJS(17565): '[INFO]', '[PlaybackTrace][Controller][loadAndResume:before]', { uri: 'https://prod-1.storage.jamendo.com/?trackid=1593988&format=mp31&from=%2FV3E9Qwm8kkOD6hbkNYXkg%3D%3D%7CMJJdmScXeWFhFQqasgwXjQ%3D%3D',
08-22 17:16:35.597 I/ReactNativeJS(17565): '[INFO]', '[PlaybackTrace][JS][loadFile:call]', { requestedPath: 'https://prod-1.storage.jamendo.com/?trackid=1593988&format=mp31&from=%2FV3E9Qwm8kkOD6hbkNYXkg%3D%3D%7CMJJdmScXeWFhFQqasgwXjQ%3D%3D',
08-22 17:16:35.598 I/ReactNativeJS(17565): '[INFO]', '[PlaybackTrace][JS][loadFile:return]', { resolvedPath: 'https://prod-1.storage.jamendo.com/?trackid=1593988&format=mp31&from=%2FV3E9Qwm8kkOD6hbkNYXkg%3D%3D%7CMJJdmScXeWFhFQqasgwXjQ%3D%3D' }
08-22 17:16:35.598 I/ReactNativeJS(17565): '[INFO]', '[PlaybackTrace][Controller][loadAndResume:loaded]', 'https://prod-1.storage.jamendo.com/?trackid=1593988&format=mp31&from=%2FV3E9Qwm8kkOD6hbkNYXkg%3D%3D%7CMJJdmScXeWFhFQqasgwXjQ%3D%3D'
08-22 17:16:35.599 I/MpvBridgeModule(17565): [PlaybackTrace][Bridge][loadFile] nativeLoadFile returned
08-22 17:16:35.599 I/ReactNativeJS(17565): '[INFO]', '[PlaybackTrace][JS][resume:call]'
08-22 17:16:35.600 I/ReactNativeJS(17565): '[INFO]', '[PlaybackTrace][Controller][loadAndResume:resumed]', 'https://prod-1.storage.jamendo.com/?trackid=1593988&format=mp31&from=%2FV3E9Qwm8kkOD6hbkNYXkg%3D%3D%7CMJJdmScXeWFhFQqasgwXjQ%3D%3D'
08-22 17:16:35.614 I/MpvEvent(17565): [PlaybackTrace][Native][eventLoop] MPV_EVENT_AUDIO_RECONFIG
08-22 17:16:35.617 I/MpvEvent(17565): [PlaybackTrace][Native][dispatch:event] name=audioReconfig payload={}
08-22 17:16:35.619 I/MpvBridgeModule(17565): [PlaybackTrace][Bridge][listener:event] name=audioReconfig payload={}
08-22 17:16:35.632 I/MpvJNI  (17565): [PlaybackTrace][Native][play] pause=no result=0
08-22 17:16:35.634 I/MpvBridgeModule(17565): [PlaybackTrace][Bridge][play] nativePlay returned
08-22 17:16:35.653 I/MpvEvent(17565): [PlaybackTrace][Native][eventLoop] MPV_EVENT_AUDIO_RECONFIG
08-22 17:16:35.653 I/MpvEvent(17565): [PlaybackTrace][Native][dispatch:event] name=audioReconfig payload={}
08-22 17:16:35.653 I/MpvBridgeModule(17565): [PlaybackTrace][Bridge][listener:event] name=audioReconfig payload={}
08-22 17:16:35.654 I/MpvEvent(17565): [PlaybackTrace][Native][mpv-log] prefix=cplayer level=v text=Set property: pause="no" -> 1
08-22 17:16:35.654 D/mpv     (17565): [cplayer] v: Set property: pause="no" -> 1
08-22 17:16:35.661 I/MpvEvent(17565): [PlaybackTrace][Native][dispatch:event] name=endFile payload={"reason":2,"error":0}
08-22 17:16:35.661 D/MPVLib  (17565): onNativeEvent: endFile {"reason":2,"error":0}
08-22 17:16:35.661 I/MpvBridgeModule(17565): [PlaybackTrace][Bridge][listener:event] name=endFile payload={"reason":2,"error":0}
08-22 17:16:35.668 I/MpvEvent(17565): [PlaybackTrace][Native][eventLoop] property=cache-buffering-state format=NONE
08-22 17:16:35.668 I/MpvEvent(17565): [PlaybackTrace][Native][eventLoop] property=paused-for-cache format=NONE
08-22 17:16:35.668 I/MpvEvent(17565): [PlaybackTrace][Native][eventLoop] property=demuxer-cache-state format=NONE
08-22 17:16:35.668 I/MpvEvent(17565): [PlaybackTrace][Native][eventLoop] property=seekable format=NONE
08-22 17:16:35.686 I/MpvJNI  (17565): [PlaybackTrace][Native][getDuration] result=-10 duration=0.000000
08-22 17:16:35.686 D/MpvBridgeModule(17565): [PlaybackTrace][Bridge][getDuration] ptr=131217388352464 duration=0.0
08-22 17:16:35.686 D/MpvBridgeModule(17565): [PlaybackTrace][Bridge][getPlaybackState] ptr=131217388352464 state=playing idle=false eof=false pause=false
08-22 17:16:35.698 D/MediaSessionService(  695): onSessionPlaybackStateChanged: record=com.simba.player/MediaNotification/27 (userId=0) playbackState=PlaybackState {state=PLAYING(3), position=0, buffered position=0, speed=1.0, updated=155092569, actions=823, custom actions=[], active item id=-1, error=null}
08-22 17:16:35.755 I/ReactNativeJS(17565): '[INFO]', '[PlaybackTrace][Controller][loadAndResume:before]', { uri: 'https://prod-1.storage.jamendo.com/?trackid=1593988&format=mp31&from=%2FV3E9Qwm8kkOD6hbkNYXkg%3D%3D%7CMJJdmScXeWFhFQqasgwXjQ%3D%3D',
08-22 17:16:35.755 I/ReactNativeJS(17565): '[INFO]', '[PlaybackTrace][JS][loadFile:call]', { requestedPath: 'https://prod-1.storage.jamendo.com/?trackid=1593988&format=mp31&from=%2FV3E9Qwm8kkOD6hbkNYXkg%3D%3D%7CMJJdmScXeWFhFQqasgwXjQ%3D%3D',
08-22 17:16:35.756 I/ReactNativeJS(17565): '[INFO]', '[PlaybackTrace][JS][loadFile:return]', { resolvedPath: 'https://prod-1.storage.jamendo.com/?trackid=1593988&format=mp31&from=%2FV3E9Qwm8kkOD6hbkNYXkg%3D%3D%7CMJJdmScXeWFhFQqasgwXjQ%3D%3D' }
08-22 17:16:35.756 I/ReactNativeJS(17565): '[INFO]', '[PlaybackTrace][Controller][loadAndResume:loaded]', 'https://prod-1.storage.jamendo.com/?trackid=1593988&format=mp31&from=%2FV3E9Qwm8kkOD6hbkNYXkg%3D%3D%7CMJJdmScXeWFhFQqasgwXjQ%3D%3D'
08-22 17:16:35.758 I/ReactNativeJS(17565): '[INFO]', '[PlaybackTrace][JS][resume:call]'
08-22 17:16:35.766 I/ReactNativeJS(17565): '[INFO]', '[PlaybackTrace][Controller][loadAndResume:resumed]', 'https://prod-1.storage.jamendo.com/?trackid=1593988&format=mp31&from=%2FV3E9Qwm8kkOD6hbkNYXkg%3D%3D%7CMJJdmScXeWFhFQqasgwXjQ%3D%3D'
08-22 17:16:35.766 I/MpvBridgeModule(17565): [PlaybackTrace][Bridge][loadFile] nativeLoadFile returned
08-22 17:16:35.771 I/MpvJNI  (17565): [PlaybackTrace][Native][play] pause=no result=0
08-22 17:16:35.771 I/MpvBridgeModule(17565): [PlaybackTrace][Bridge][play] nativePlay returned
08-22 17:16:35.771 I/MpvEvent(17565): [PlaybackTrace][Native][mpv-log] prefix=cplayer level=v text=Set property: pause="no" -> 1
08-22 17:16:35.772 D/mpv     (17565): [cplayer] v: Set property: pause="no" -> 1
08-22 17:16:35.774 I/MpvEvent(17565): [PlaybackTrace][Native][mpv-log] prefix=cplayer level=v text=Opening failed or was aborted: https://prod-1.storage.jamendo.com/?trackid=1593988&format=mp31&from=%2FV3E9Qwm8kkOD6hbkNYXkg%3D%3D%7CMJJdmScXeWFhFQqasgwXjQ%3D%3D
08-22 17:16:35.774 D/mpv     (17565): [cplayer] v: Opening failed or was aborted: https://prod-1.storage.jamendo.com/?trackid=1593988&format=mp31&from=%2FV3E9Qwm8kkOD6hbkNYXkg%3D%3D%7CMJJdmScXeWFhFQqasgwXjQ%3D%3D
08-22 17:16:35.775 I/MpvEvent(17565): [PlaybackTrace][Native][dispatch:event] name=endFile payload={"reason":2,"error":0}
08-22 17:16:35.776 D/MPVLib  (17565): onNativeEvent: endFile {"reason":2,"error":0}
08-22 17:16:35.776 I/MpvBridgeModule(17565): [PlaybackTrace][Bridge][listener:event] name=endFile payload={"reason":2,"error":0}
08-22 17:16:35.836 I/ReactNativeJS(17565): '[INFO]', '[PlaybackTrace][Controller][loadAndResume:before]', { uri: 'https://prod-1.storage.jamendo.com/?trackid=1593988&format=mp31&from=%2FV3E9Qwm8kkOD6hbkNYXkg%3D%3D%7CMJJdmScXeWFhFQqasgwXjQ%3D%3D',
08-22 17:16:35.838 I/ReactNativeJS(17565): '[INFO]', '[PlaybackTrace][JS][loadFile:call]', { requestedPath: 'https://prod-1.storage.jamendo.com/?trackid=1593988&format=mp31&from=%2FV3E9Qwm8kkOD6hbkNYXkg%3D%3D%7CMJJdmScXeWFhFQqasgwXjQ%3D%3D',
08-22 17:16:35.839 I/MpvBridgeModule(17565): [PlaybackTrace][Bridge][loadFile] nativeLoadFile returned
08-22 17:16:35.839 I/ReactNativeJS(17565): '[INFO]', '[PlaybackTrace][JS][loadFile:return]', { resolvedPath: 'https://prod-1.storage.jamendo.com/?trackid=1593988&format=mp31&from=%2FV3E9Qwm8kkOD6hbkNYXkg%3D%3D%7CMJJdmScXeWFhFQqasgwXjQ%3D%3D' }
08-22 17:16:35.840 I/ReactNativeJS(17565): '[INFO]', '[PlaybackTrace][Controller][loadAndResume:loaded]', 'https://prod-1.storage.jamendo.com/?trackid=1593988&format=mp31&from=%2FV3E9Qwm8kkOD6hbkNYXkg%3D%3D%7CMJJdmScXeWFhFQqasgwXjQ%3D%3D'
08-22 17:16:35.841 I/ReactNativeJS(17565): '[INFO]', '[PlaybackTrace][JS][resume:call]'
08-22 17:16:35.844 I/ReactNativeJS(17565): '[INFO]', '[PlaybackTrace][Controller][loadAndResume:resumed]', 'https://prod-1.storage.jamendo.com/?trackid=1593988&format=mp31&from=%2FV3E9Qwm8kkOD6hbkNYXkg%3D%3D%7CMJJdmScXeWFhFQqasgwXjQ%3D%3D'
08-22 17:16:35.845 I/MpvJNI  (17565): [PlaybackTrace][Native][play] pause=no result=0
08-22 17:16:35.845 I/MpvBridgeModule(17565): [PlaybackTrace][Bridge][play] nativePlay returned
08-22 17:16:35.845 I/MpvEvent(17565): [PlaybackTrace][Native][mpv-log] prefix=cplayer level=v text=Set property: pause="no" -> 1
08-22 17:16:35.845 D/mpv     (17565): [cplayer] v: Set property: pause="no" -> 1
08-22 17:16:35.870 I/ReactNativeJS(17565): '[INFO]', '[PlaybackTrace][JS][resume:call]'
08-22 17:16:35.871 I/MpvJNI  (17565): [PlaybackTrace][Native][play] pause=no result=0
08-22 17:16:35.871 I/MpvBridgeModule(17565): [PlaybackTrace][Bridge][play] nativePlay returned
08-22 17:16:35.871 I/MpvEvent(17565): [PlaybackTrace][Native][mpv-log] prefix=cplayer level=v text=Set property: pause="no" -> 1
08-22 17:16:35.871 D/mpv     (17565): [cplayer] v: Set property: pause="no" -> 1
08-22 17:16:35.888 I/MpvEvent(17565): [PlaybackTrace][Native][dispatch:event] name=endFile payload={"reason":2,"error":0}
08-22 17:16:35.889 D/MPVLib  (17565): onNativeEvent: endFile {"reason":2,"error":0}
08-22 17:16:35.889 I/MpvBridgeModule(17565): [PlaybackTrace][Bridge][listener:event] name=endFile payload={"reason":2,"error":0}
08-22 17:16:35.893 I/MpvEvent(17565): [PlaybackTrace][Native][mpv-log] prefix=cplayer level=v text=Opening failed or was aborted: https://prod-1.storage.jamendo.com/?trackid=1593988&format=mp31&from=%2FV3E9Qwm8kkOD6hbkNYXkg%3D%3D%7CMJJdmScXeWFhFQqasgwXjQ%3D%3D
08-22 17:16:35.893 D/mpv     (17565): [cplayer] v: Opening failed or was aborted: https://prod-1.storage.jamendo.com/?trackid=1593988&format=mp31&from=%2FV3E9Qwm8kkOD6hbkNYXkg%3D%3D%7CMJJdmScXeWFhFQqasgwXjQ%3D%3D
08-22 17:16:36.021 I/ReactNativeJS(17565): '[INFO]', '[PlaybackTrace][JS][resume:call]'
08-22 17:16:36.025 I/MpvJNI  (17565): [PlaybackTrace][Native][play] pause=no result=0
08-22 17:16:36.025 I/MpvBridgeModule(17565): [PlaybackTrace][Bridge][play] nativePlay returned
08-22 17:16:36.025 I/MpvEvent(17565): [PlaybackTrace][Native][mpv-log] prefix=cplayer level=v text=Set property: pause="no" -> 1
08-22 17:16:36.025 D/mpv     (17565): [cplayer] v: Set property: pause="no" -> 1
08-22 17:16:36.103 I/ReactNativeJS(17565): '[INFO]', '[PlaybackTrace][JS][resume:call]'
08-22 17:16:36.104 I/MpvJNI  (17565): [PlaybackTrace][Native][play] pause=no result=0
08-22 17:16:36.104 I/MpvBridgeModule(17565): [PlaybackTrace][Bridge][play] nativePlay returned
08-22 17:16:36.104 I/MpvEvent(17565): [PlaybackTrace][Native][mpv-log] prefix=cplayer level=v text=Set property: pause="no" -> 1
08-22 17:16:36.104 D/mpv     (17565): [cplayer] v: Set property: pause="no" -> 1
08-22 17:16:36.252 I/MpvJNI  (17565): [PlaybackTrace][Native][getDuration] result=-10 duration=0.000000
08-22 17:16:36.252 D/MpvBridgeModule(17565): [PlaybackTrace][Bridge][getDuration] ptr=131217388352464 duration=0.0
08-22 17:16:36.252 D/MpvBridgeModule(17565): [PlaybackTrace][Bridge][getPlaybackState] ptr=131217388352464 state=playing idle=false eof=false pause=false
08-22 17:16:36.255 I/MpvJNI  (17565): [PlaybackTrace][Native][getDuration] result=-10 duration=0.000000
08-22 17:16:36.255 D/MpvBridgeModule(17565): [PlaybackTrace][Bridge][getDuration] ptr=131217388352464 duration=0.0
08-22 17:16:36.585 I/MpvEvent(17565): [PlaybackTrace][Native][mpv-log] prefix=ffmpeg level=v text=Mime-type: 'audio/mpeg'
08-22 17:16:36.585 D/mpv     (17565): [ffmpeg] v: Mime-type: 'audio/mpeg'
08-22 17:16:36.704 I/MpvJNI  (17565): [PlaybackTrace][Native][getDuration] result=-10 duration=0.000000
08-22 17:16:36.704 D/MpvBridgeModule(17565): [PlaybackTrace][Bridge][getDuration] ptr=131217388352464 duration=0.0
08-22 17:16:36.704 D/MpvBridgeModule(17565): [PlaybackTrace][Bridge][getPlaybackState] ptr=131217388352464 state=playing idle=false eof=false pause=false
08-22 17:16:36.718 D/MediaSessionService(  695): onSessionPlaybackStateChanged: record=com.simba.player/MediaNotification/27 (userId=0) playbackState=PlaybackState {state=PLAYING(3), position=0, buffered position=0, speed=1.0, updated=155093589, actions=823, custom actions=[], active item id=-1, error=null}
08-22 17:16:36.797 I/MpvEvent(17565): [PlaybackTrace][Native][property] name=cache-buffering-state format=6 value=null
08-22 17:16:36.797 I/MpvEvent(17565): [PlaybackTrace][Native][dispatch:property] name=cache-buffering-state value=null
08-22 17:16:36.798 D/MPVLib  (17565): onNativePropertyChanged: cache-buffering-state = null
08-22 17:16:36.798 I/MpvBridgeModule(17565): [PlaybackTrace][Bridge][listener:property] name=cache-buffering-state value=null
08-22 17:16:36.800 I/MpvEvent(17565): [PlaybackTrace][Native][property] name=demuxer-cache-state format=6 value=null
08-22 17:16:36.800 I/MpvEvent(17565): [PlaybackTrace][Native][dispatch:property] name=demuxer-cache-state value=null
08-22 17:16:36.801 D/MPVLib  (17565): onNativePropertyChanged: demuxer-cache-state = null
08-22 17:16:36.801 I/MpvBridgeModule(17565): [PlaybackTrace][Bridge][listener:property] name=demuxer-cache-state value=null
08-22 17:16:36.803 I/MpvEvent(17565): [PlaybackTrace][Native][mpv-log] prefix=cplayer level=info text=ΓùÅ Audio  --aid=1  (mp3 2ch 44100 Hz 96 kbps)
08-22 17:16:36.803 D/mpv     (17565): [cplayer] info: ΓùÅ Audio  --aid=1  (mp3 2ch 44100 Hz 96 kbps)
08-22 17:16:36.812 I/MpvEvent(17565): [PlaybackTrace][Native][eventLoop] MPV_EVENT_AUDIO_RECONFIG
08-22 17:16:36.812 I/MpvEvent(17565): [PlaybackTrace][Native][dispatch:event] name=audioReconfig payload={}
08-22 17:16:36.812 I/MpvBridgeModule(17565): [PlaybackTrace][Bridge][listener:event] name=audioReconfig payload={}
08-22 17:16:36.813 I/MpvEvent(17565): [PlaybackTrace][Native][eventLoop] MPV_EVENT_AUDIO_RECONFIG
08-22 17:16:36.813 I/MpvEvent(17565): [PlaybackTrace][Native][dispatch:event] name=audioReconfig payload={}
08-22 17:16:36.813 I/MpvBridgeModule(17565): [PlaybackTrace][Bridge][listener:event] name=audioReconfig payload={}
08-22 17:16:36.815 I/MpvEvent(17565): [PlaybackTrace][Native][mpv-log] prefix=ad level=v text=    mp3float (mp3) - MP3 (MPEG audio layer 3)
08-22 17:16:36.815 I/MpvEvent(17565): [PlaybackTrace][Native][mpv-log] prefix=ad level=v text=    mp3 - MP3 (MPEG audio layer 3)
08-22 17:16:36.816 I/MpvEvent(17565): [PlaybackTrace][Native][mpv-log] prefix=ad level=v text=Selected decoder: mp3float - MP3 (MPEG audio layer 3)
08-22 17:16:36.819 I/MpvEvent(17565): [PlaybackTrace][Native][mpv-log] prefix=cplayer level=info text=Displaying cover art. Use --no-audio-display to prevent this.
08-22 17:16:36.819 D/mpv     (17565): [cplayer] info: Displaying cover art. Use --no-audio-display to prevent this.
08-22 17:16:36.821 I/MpvEvent(17565): [PlaybackTrace][Native][property] name=paused-for-cache format=6 value=null
08-22 17:16:36.821 I/MpvEvent(17565): [PlaybackTrace][Native][dispatch:property] name=paused-for-cache value=null
08-22 17:16:36.821 D/MPVLib  (17565): onNativePropertyChanged: paused-for-cache = null
08-22 17:16:36.822 I/MpvBridgeModule(17565): [PlaybackTrace][Bridge][listener:property] name=paused-for-cache value=null
08-22 17:16:36.823 I/MpvEvent(17565): [PlaybackTrace][Native][property] name=seekable format=6 value=null
08-22 17:16:36.823 I/MpvEvent(17565): [PlaybackTrace][Native][dispatch:property] name=seekable value=null
08-22 17:16:36.823 I/MpvBridgeModule(17565): [PlaybackTrace][Bridge][listener:property] name=seekable value=null
08-22 17:16:36.828 I/MpvEvent(17565): [PlaybackTrace][Native][mpv-log] prefix=ao level=v text=Trying audio driver 'audiotrack'
08-22 17:16:36.828 I/MpvEvent(17565): [PlaybackTrace][Native][mpv-log] prefix=ao/audiotrack level=v text=requested format: 44100 Hz, stereo channels, floatp
08-22 17:16:36.828 D/mpv     (17565): [ao/audiotrack] v: requested format: 44100 Hz, stereo channels, floatp
08-22 17:16:36.828 I/MpvEvent(17565): [PlaybackTrace][Native][mpv-log] prefix=ao/audiotrack level=v text=AudioTrack.nativeOutputSampleRate = 48000
08-22 17:16:36.828 D/mpv     (17565): [ao/audiotrack] v: AudioTrack.nativeOutputSampleRate = 48000
08-22 17:16:36.828 I/MpvEvent(17565): [PlaybackTrace][Native][mpv-log] prefix=ao/audiotrack level=v text=Channel layouts:
08-22 17:16:36.828 D/mpv     (17565): [ao/audiotrack] v: Channel layouts:
08-22 17:16:36.828 I/MpvEvent(17565): [PlaybackTrace][Native][mpv-log] prefix=ao/audiotrack level=v text= - mono
08-22 17:16:36.829 D/mpv     (17565): [ao/audiotrack] v:  - mono
08-22 17:16:36.829 I/MpvEvent(17565): [PlaybackTrace][Native][mpv-log] prefix=ao/audiotrack level=v text= - stereo
08-22 17:16:36.829 D/mpv     (17565): [ao/audiotrack] v:  - stereo
08-22 17:16:36.829 I/MpvEvent(17565): [PlaybackTrace][Native][mpv-log] prefix=ao/audiotrack level=v text= - 3.0
08-22 17:16:36.829 D/mpv     (17565): [ao/audiotrack] v:  - 3.0
08-22 17:16:36.829 I/MpvEvent(17565): [PlaybackTrace][Native][mpv-log] prefix=ao/audiotrack level=v text= - quad
08-22 17:16:36.829 D/mpv     (17565): [ao/audiotrack] v:  - quad
08-22 17:16:36.829 I/MpvEvent(17565): [PlaybackTrace][Native][mpv-log] prefix=ao/audiotrack level=v text= - 5.0
08-22 17:16:36.829 D/mpv     (17565): [ao/audiotrack] v:  - 5.0
08-22 17:16:36.829 I/MpvEvent(17565): [PlaybackTrace][Native][mpv-log] prefix=ao/audiotrack level=v text= - 5.1
08-22 17:16:36.829 D/mpv     (17565): [ao/audiotrack] v:  - 5.1
08-22 17:16:36.829 I/MpvEvent(17565): [PlaybackTrace][Native][mpv-log] prefix=ao/audiotrack level=v text= - 6.1(back)
08-22 17:16:36.829 D/mpv     (17565): [ao/audiotrack] v:  - 6.1(back)
08-22 17:16:36.829 I/MpvEvent(17565): [PlaybackTrace][Native][mpv-log] prefix=ao/audiotrack level=v text= - 7.1
08-22 17:16:36.829 D/mpv     (17565): [ao/audiotrack] v:  - 7.1
08-22 17:16:36.830 I/MpvEvent(17565): [PlaybackTrace][Native][mpv-log] prefix=ao/audiotrack level=v text=result: stereo
08-22 17:16:36.830 D/mpv     (17565): [ao/audiotrack] v: result: stereo
08-22 17:16:36.830 I/MpvEvent(17565): [PlaybackTrace][Native][mpv-log] prefix=ao/audiotrack level=v text=Setting bufferSize = 52920 (driver=32096, min=26460, max=52920)
08-22 17:16:36.830 D/mpv     (17565): [ao/audiotrack] v: Setting bufferSize = 52920 (driver=32096, min=26460, max=52920)
08-22 17:16:36.830 I/MpvEvent(17565): [PlaybackTrace][Native][mpv-log] prefix=ao/audiotrack level=v text=Using NIO ByteBuffer
08-22 17:16:36.830 D/mpv     (17565): [ao/audiotrack] v: Using NIO ByteBuffer
08-22 17:16:36.830 I/MpvEvent(17565): [PlaybackTrace][Native][mpv-log] prefix=ao/audiotrack level=v text=Using API21 initializer
08-22 17:16:36.830 D/mpv     (17565): [ao/audiotrack] v: Using API21 initializer
08-22 17:16:36.841 I/MpvEvent(17565): [PlaybackTrace][Native][mpv-log] prefix=ao/audiotrack level=v text=AudioTrack.getBufferSizeInFrames = 6615
08-22 17:16:36.841 D/mpv     (17565): [ao/audiotrack] v: AudioTrack.getBufferSizeInFrames = 6615
08-22 17:16:36.841 I/MpvEvent(17565): [PlaybackTrace][Native][mpv-log] prefix=ao/audiotrack level=v text=device buffer: 6615 samples.
08-22 17:16:36.841 D/mpv     (17565): [ao/audiotrack] v: device buffer: 6615 samples.
08-22 17:16:36.841 I/MpvEvent(17565): [PlaybackTrace][Native][mpv-log] prefix=ao/audiotrack level=v text=using soft-buffer of 8820 samples.
08-22 17:16:36.841 D/mpv     (17565): [ao/audiotrack] v: using soft-buffer of 8820 samples.
08-22 17:16:36.841 I/MpvEvent(17565): [PlaybackTrace][Native][mpv-log] prefix=cplayer level=info text=AO: [audiotrack] 44100Hz stereo 2ch float
08-22 17:16:36.841 D/mpv     (17565): [cplayer] info: AO: [audiotrack] 44100Hz stereo 2ch float
08-22 17:16:36.841 I/MpvEvent(17565): [PlaybackTrace][Native][mpv-log] prefix=cplayer level=v text=AO: Description: Android AudioTrack audio output
08-22 17:16:36.841 D/mpv     (17565): [cplayer] v: AO: Description: Android AudioTrack audio output
08-22 17:16:36.844 I/MpvEvent(17565): [PlaybackTrace][Native][eventLoop] MPV_EVENT_AUDIO_RECONFIG
08-22 17:16:36.844 I/MpvEvent(17565): [PlaybackTrace][Native][dispatch:event] name=audioReconfig payload={}
08-22 17:16:36.845 I/MpvBridgeModule(17565): [PlaybackTrace][Bridge][listener:event] name=audioReconfig payload={}
08-22 17:16:36.891 I/MpvJNI  (17565): [PlaybackTrace][Native][getDuration] result=0 duration=149.696033
08-22 17:16:36.891 I/MpvEvent(17565): [PlaybackTrace][Native][property] name=demuxer-cache-state format=6 value=null
08-22 17:16:36.891 I/MpvEvent(17565): [PlaybackTrace][Native][dispatch:property] name=demuxer-cache-state value=null
08-22 17:16:36.891 D/MpvBridgeModule(17565): [PlaybackTrace][Bridge][getDuration] ptr=131217388352464 duration=149.69603333333333
08-22 17:16:36.892 D/MPVLib  (17565): onNativePropertyChanged: demuxer-cache-state = null
08-22 17:16:36.892 I/MpvBridgeModule(17565): [PlaybackTrace][Bridge][listener:property] name=demuxer-cache-state value=null
08-22 17:16:36.895 I/MpvEvent(17565): [PlaybackTrace][Native][mpv-log] prefix=cplayer level=v text=audio ready
08-22 17:16:36.895 D/mpv     (17565): [cplayer] v: audio ready
08-22 17:16:36.895 I/MpvEvent(17565): [PlaybackTrace][Native][mpv-log] prefix=cplayer level=v text=starting audio playback
08-22 17:16:36.895 D/mpv     (17565): [cplayer] v: starting audio playback
08-22 17:16:36.939 I/MpvEvent(17565): [PlaybackTrace][Native][mpv-log] prefix=cplayer level=v text=playback restart complete @ 0.000001, audio=playing, video=eof
08-22 17:16:36.939 D/mpv     (17565): [cplayer] v: playback restart complete @ 0.000001, audio=playing, video=eof
08-22 17:16:36.946 I/MpvEvent(17565): [PlaybackTrace][Native][mpv-log] prefix=cplayer level=warn text=Audio device underrun detected.
08-22 17:16:36.946 D/mpv     (17565): [cplayer] warn: Audio device underrun detected.
08-22 17:16:36.946 I/MpvEvent(17565): [PlaybackTrace][Native][mpv-log] prefix=cplayer level=v text=restarting audio after underrun
08-22 17:16:36.946 D/mpv     (17565): [cplayer] v: restarting audio after underrun
08-22 17:16:37.075 I/MpvEvent(17565): [PlaybackTrace][Native][property] name=demuxer-cache-state format=6 value=null
08-22 17:16:37.075 I/MpvEvent(17565): [PlaybackTrace][Native][dispatch:property] name=demuxer-cache-state value=null
08-22 17:16:37.076 D/MPVLib  (17565): onNativePropertyChanged: demuxer-cache-state = null
08-22 17:16:37.076 I/MpvBridgeModule(17565): [PlaybackTrace][Bridge][listener:property] name=demuxer-cache-state value=null
08-22 17:16:37.328 I/MpvEvent(17565): [PlaybackTrace][Native][property] name=demuxer-cache-state format=6 value=null
08-22 17:16:37.328 I/MpvEvent(17565): [PlaybackTrace][Native][dispatch:property] name=demuxer-cache-state value=null
08-22 17:16:37.328 D/MPVLib  (17565): onNativePropertyChanged: demuxer-cache-state = null
08-22 17:16:37.329 I/MpvBridgeModule(17565): [PlaybackTrace][Bridge][listener:property] name=demuxer-cache-state value=null
08-22 17:16:37.406 I/ReactNativeJS(17565): '[INFO]', '[PlaybackTrace][Controller][event:onFileLoaded]', { fileUri: 'https://prod-1.storage.jamendo.com/?trackid=1593988&format=mp31&from=%2FV3E9Qwm8kkOD6hbkNYXkg%3D%3D%7CMJJdmScXeWFhFQqasgwXjQ%3D%3D',
08-22 17:16:37.408 I/MpvJNI  (17565): [PlaybackTrace][Native][getDuration] result=0 duration=149.696033
08-22 17:16:37.408 D/MpvBridgeModule(17565): [PlaybackTrace][Bridge][getDuration] ptr=131217388352464 duration=149.69603333333333
08-22 17:16:37.408 D/MpvBridgeModule(17565): [PlaybackTrace][Bridge][getPlaybackState] ptr=131217388352464 state=playing idle=false eof=false pause=false
08-22 17:16:37.411 I/ReactNativeJS(17565): '[INFO]', '[PlaybackTrace][Controller][loadAndResume:before]', { uri: 'https://prod-1.storage.jamendo.com/?trackid=1593988&format=mp31&from=%2FV3E9Qwm8kkOD6hbkNYXkg%3D%3D%7CMJJdmScXeWFhFQqasgwXjQ%3D%3D',
08-22 17:16:37.411 I/ReactNativeJS(17565): '[INFO]', '[PlaybackTrace][JS][loadFile:call]', { requestedPath: 'https://prod-1.storage.jamendo.com/?trackid=1593988&format=mp31&from=%2FV3E9Qwm8kkOD6hbkNYXkg%3D%3D%7CMJJdmScXeWFhFQqasgwXjQ%3D%3D',
08-22 17:16:37.412 I/ReactNativeJS(17565): '[INFO]', '[PlaybackTrace][JS][loadFile:return]', { resolvedPath: 'https://prod-1.storage.jamendo.com/?trackid=1593988&format=mp31&from=%2FV3E9Qwm8kkOD6hbkNYXkg%3D%3D%7CMJJdmScXeWFhFQqasgwXjQ%3D%3D' }
08-22 17:16:37.413 I/ReactNativeJS(17565): '[INFO]', '[PlaybackTrace][Controller][loadAndResume:loaded]', 'https://prod-1.storage.jamendo.com/?trackid=1593988&format=mp31&from=%2FV3E9Qwm8kkOD6hbkNYXkg%3D%3D%7CMJJdmScXeWFhFQqasgwXjQ%3D%3D'
08-22 17:16:37.413 I/ReactNativeJS(17565): '[INFO]', '[PlaybackTrace][JS][resume:call]'
08-22 17:16:37.414 I/ReactNativeJS(17565): '[INFO]', '[PlaybackTrace][Controller][loadAndResume:resumed]', 'https://prod-1.storage.jamendo.com/?trackid=1593988&format=mp31&from=%2FV3E9Qwm8kkOD6hbkNYXkg%3D%3D%7CMJJdmScXeWFhFQqasgwXjQ%3D%3D'
08-22 17:16:37.415 I/MpvBridgeModule(17565): [PlaybackTrace][Bridge][loadFile] nativeLoadFile returned
08-22 17:16:37.422 I/MpvEvent(17565): [PlaybackTrace][Native][eventLoop] MPV_EVENT_AUDIO_RECONFIG
08-22 17:16:37.422 I/MpvEvent(17565): [PlaybackTrace][Native][dispatch:event] name=audioReconfig payload={}
08-22 17:16:37.422 I/MpvBridgeModule(17565): [PlaybackTrace][Bridge][listener:event] name=audioReconfig payload={}
08-22 17:16:37.437 I/MpvEvent(17565): [PlaybackTrace][Native][eventLoop] MPV_EVENT_AUDIO_RECONFIG
08-22 17:16:37.437 I/MpvEvent(17565): [PlaybackTrace][Native][dispatch:event] name=audioReconfig payload={}
08-22 17:16:37.437 I/MpvBridgeModule(17565): [PlaybackTrace][Bridge][listener:event] name=audioReconfig payload={}
08-22 17:16:37.438 I/MpvJNI  (17565): [PlaybackTrace][Native][getDuration] result=-10 duration=0.000000
08-22 17:16:37.442 I/MpvJNI  (17565): [PlaybackTrace][Native][play] pause=no result=0
08-22 17:16:37.442 I/MpvBridgeModule(17565): [PlaybackTrace][Bridge][play] nativePlay returned
08-22 17:16:37.442 I/MpvEvent(17565): [PlaybackTrace][Native][mpv-log] prefix=cplayer level=v text=Set property: pause="no" -> 1
08-22 17:16:37.442 D/mpv     (17565): [cplayer] v: Set property: pause="no" -> 1
08-22 17:16:37.443 D/MpvBridgeModule(17565): [PlaybackTrace][Bridge][getDuration] ptr=131217388352464 duration=0.0
08-22 17:16:37.480 I/MpvEvent(17565): [PlaybackTrace][Native][dispatch:event] name=endFile payload={"reason":2,"error":0}
08-22 17:16:37.480 D/MPVLib  (17565): onNativeEvent: endFile {"reason":2,"error":0}
08-22 17:16:37.480 I/MpvBridgeModule(17565): [PlaybackTrace][Bridge][listener:event] name=endFile payload={"reason":2,"error":0}
08-22 17:16:37.481 I/MpvEvent(17565): [PlaybackTrace][Native][eventLoop] property=cache-buffering-state format=NONE
08-22 17:16:37.481 I/MpvEvent(17565): [PlaybackTrace][Native][eventLoop] property=paused-for-cache format=NONE
08-22 17:16:37.481 I/MpvEvent(17565): [PlaybackTrace][Native][eventLoop] property=demuxer-cache-state format=NONE
08-22 17:16:37.481 I/MpvEvent(17565): [PlaybackTrace][Native][eventLoop] property=seekable format=NONE
08-22 17:16:37.730 I/ReactNativeJS(17565): '[INFO]', '[PlaybackTrace][JS][resume:call]'
08-22 17:16:37.730 I/MpvJNI  (17565): [PlaybackTrace][Native][play] pause=no result=0
08-22 17:16:37.730 I/MpvBridgeModule(17565): [PlaybackTrace][Bridge][play] nativePlay returned
08-22 17:16:37.731 I/MpvJNI  (17565): [PlaybackTrace][Native][getDuration] result=-10 duration=0.000000
08-22 17:16:37.731 D/MpvBridgeModule(17565): [PlaybackTrace][Bridge][getDuration] ptr=131217388352464 duration=0.0
08-22 17:16:37.732 D/MpvBridgeModule(17565): [PlaybackTrace][Bridge][getPlaybackState] ptr=131217388352464 state=playing idle=false eof=false pause=false
08-22 17:16:37.733 I/MpvEvent(17565): [PlaybackTrace][Native][mpv-log] prefix=cplayer level=v text=Set property: pause="no" -> 1
08-22 17:16:37.733 D/mpv     (17565): [cplayer] v: Set property: pause="no" -> 1
08-22 17:16:37.753 D/MediaSessionService(  695): onSessionPlaybackStateChanged: record=com.simba.player/MediaNotification/27 (userId=0) playbackState=PlaybackState {state=PLAYING(3), position=0, buffered position=0, speed=1.0, updated=155094624, actions=823, custom actions=[], active item id=-1, error=null}
08-22 17:16:38.127 I/MpvEvent(17565): [PlaybackTrace][Native][mpv-log] prefix=ffmpeg level=v text=Mime-type: 'audio/mpeg'
08-22 17:16:38.127 D/mpv     (17565): [ffmpeg] v: Mime-type: 'audio/mpeg'
08-22 17:16:38.286 I/MpvJNI  (17565): [PlaybackTrace][Native][getDuration] result=-10 duration=0.000000
08-22 17:16:38.286 D/MpvBridgeModule(17565): [PlaybackTrace][Bridge][getDuration] ptr=131217388352464 duration=0.0
08-22 17:16:38.287 D/MpvBridgeModule(17565): [PlaybackTrace][Bridge][getPlaybackState] ptr=131217388352464 state=playing idle=false eof=false pause=false
08-22 17:16:38.287 I/ReactNativeJS(17565): '[INFO]', '[PlaybackTrace][Controller][loadAndResume:before]', { uri: 'https://prod-1.storage.jamendo.com/?trackid=1593988&format=mp31&from=%2FV3E9Qwm8kkOD6hbkNYXkg%3D%3D%7CMJJdmScXeWFhFQqasgwXjQ%3D%3D',
08-22 17:16:38.288 I/ReactNativeJS(17565): '[INFO]', '[PlaybackTrace][JS][loadFile:call]', { requestedPath: 'https://prod-1.storage.jamendo.com/?trackid=1593988&format=mp31&from=%2FV3E9Qwm8kkOD6hbkNYXkg%3D%3D%7CMJJdmScXeWFhFQqasgwXjQ%3D%3D',
08-22 17:16:38.288 I/MpvBridgeModule(17565): [PlaybackTrace][Bridge][loadFile] nativeLoadFile returned
08-22 17:16:38.288 I/ReactNativeJS(17565): '[INFO]', '[PlaybackTrace][JS][loadFile:return]', { resolvedPath: 'https://prod-1.storage.jamendo.com/?trackid=1593988&format=mp31&from=%2FV3E9Qwm8kkOD6hbkNYXkg%3D%3D%7CMJJdmScXeWFhFQqasgwXjQ%3D%3D' }
08-22 17:16:38.290 I/ReactNativeJS(17565): '[INFO]', '[PlaybackTrace][Controller][loadAndResume:loaded]', 'https://prod-1.storage.jamendo.com/?trackid=1593988&format=mp31&from=%2FV3E9Qwm8kkOD6hbkNYXkg%3D%3D%7CMJJdmScXeWFhFQqasgwXjQ%3D%3D'
08-22 17:16:38.290 I/ReactNativeJS(17565): '[INFO]', '[PlaybackTrace][JS][resume:call]'
08-22 17:16:38.291 I/ReactNativeJS(17565): '[INFO]', '[PlaybackTrace][Controller][loadAndResume:resumed]', 'https://prod-1.storage.jamendo.com/?trackid=1593988&format=mp31&from=%2FV3E9Qwm8kkOD6hbkNYXkg%3D%3D%7CMJJdmScXeWFhFQqasgwXjQ%3D%3D'
08-22 17:16:38.291 I/MpvJNI  (17565): [PlaybackTrace][Native][play] pause=no result=0
08-22 17:16:38.291 I/MpvBridgeModule(17565): [PlaybackTrace][Bridge][play] nativePlay returned
08-22 17:16:38.291 I/MpvEvent(17565): [PlaybackTrace][Native][mpv-log] prefix=cplayer level=v text=Set property: pause="no" -> 1
08-22 17:16:38.291 D/mpv     (17565): [cplayer] v: Set property: pause="no" -> 1
08-22 17:16:38.294 I/MpvJNI  (17565): [PlaybackTrace][Native][getDuration] result=-10 duration=0.000000
08-22 17:16:38.294 D/MpvBridgeModule(17565): [PlaybackTrace][Bridge][getDuration] ptr=131217388352464 duration=0.0
08-22 17:16:38.313 I/MpvEvent(17565): [PlaybackTrace][Native][mpv-log] prefix=ffmpeg level=error text=tls: mbedtls_ssl_read returned -0x0
08-22 17:16:38.313 D/mpv     (17565): [ffmpeg] error: tls: mbedtls_ssl_read returned -0x0
08-22 17:16:38.313 E/MpvEvent(17565): [PlaybackTrace][Native][dispatch:error] code=-1 message=tls: mbedtls_ssl_read returned -0x0
08-22 17:16:38.313 E/MPVLib  (17565): onNativeError: code=-1 msg=tls: mbedtls_ssl_read returned -0x0
08-22 17:16:38.314 E/MpvBridgeModule(17565): [PlaybackTrace][Bridge][listener:error] code=-1 message=tls: mbedtls_ssl_read returned -0x0
08-22 17:16:38.317 I/MpvEvent(17565): [PlaybackTrace][Native][dispatch:event] name=endFile payload={"reason":2,"error":0}
08-22 17:16:38.317 D/MPVLib  (17565): onNativeEvent: endFile {"reason":2,"error":0}
08-22 17:16:38.317 I/MpvBridgeModule(17565): [PlaybackTrace][Bridge][listener:event] name=endFile payload={"reason":2,"error":0}
08-22 17:16:38.478 I/MpvJNI  (17565): [PlaybackTrace][Native][getDuration] result=-10 duration=0.000000
08-22 17:16:38.478 D/MpvBridgeModule(17565): [PlaybackTrace][Bridge][getDuration] ptr=131217388352464 duration=0.0
08-22 17:16:38.737 I/ReactNativeJS(17565): '[INFO]', '[PlaybackTrace][JS][resume:call]'
08-22 17:16:38.738 I/MpvJNI  (17565): [PlaybackTrace][Native][play] pause=no result=0
08-22 17:16:38.738 I/MpvBridgeModule(17565): [PlaybackTrace][Bridge][play] nativePlay returned
08-22 17:16:38.738 I/MpvEvent(17565): [PlaybackTrace][Native][mpv-log] prefix=cplayer level=v text=Set property: pause="no" -> 1
08-22 17:16:38.738 D/mpv     (17565): [cplayer] v: Set property: pause="no" -> 1
08-22 17:16:38.738 I/MpvJNI  (17565): [PlaybackTrace][Native][getDuration] result=-10 duration=0.000000
08-22 17:16:38.738 D/MpvBridgeModule(17565): [PlaybackTrace][Bridge][getDuration] ptr=131217388352464 duration=0.0
08-22 17:16:38.738 D/MpvBridgeModule(17565): [PlaybackTrace][Bridge][getPlaybackState] ptr=131217388352464 state=playing idle=false eof=false pause=false
08-22 17:16:38.760 D/MediaSessionService(  695): onSessionPlaybackStateChanged: record=com.simba.player/MediaNotification/27 (userId=0) playbackState=PlaybackState {state=PLAYING(3), position=0, buffered position=0, speed=1.0, updated=155095631, actions=823, custom actions=[], active item id=-1, error=null}
08-22 17:16:38.766 I/ReactNativeJS(17565): '[INFO]', '[PlaybackTrace][Controller][loadAndResume:before]', { uri: 'https://prod-1.storage.jamendo.com/?trackid=1593988&format=mp31&from=%2FV3E9Qwm8kkOD6hbkNYXkg%3D%3D%7CMJJdmScXeWFhFQqasgwXjQ%3D%3D',
08-22 17:16:38.767 I/ReactNativeJS(17565): '[INFO]', '[PlaybackTrace][JS][loadFile:call]', { requestedPath: 'https://prod-1.storage.jamendo.com/?trackid=1593988&format=mp31&from=%2FV3E9Qwm8kkOD6hbkNYXkg%3D%3D%7CMJJdmScXeWFhFQqasgwXjQ%3D%3D',
08-22 17:16:38.768 I/ReactNativeJS(17565): '[INFO]', '[PlaybackTrace][JS][loadFile:return]', { resolvedPath: 'https://prod-1.storage.jamendo.com/?trackid=1593988&format=mp31&from=%2FV3E9Qwm8kkOD6hbkNYXkg%3D%3D%7CMJJdmScXeWFhFQqasgwXjQ%3D%3D' }
08-22 17:16:38.768 I/ReactNativeJS(17565): '[INFO]', '[PlaybackTrace][Controller][loadAndResume:loaded]', 'https://prod-1.storage.jamendo.com/?trackid=1593988&format=mp31&from=%2FV3E9Qwm8kkOD6hbkNYXkg%3D%3D%7CMJJdmScXeWFhFQqasgwXjQ%3D%3D'
08-22 17:16:38.770 I/ReactNativeJS(17565): '[INFO]', '[PlaybackTrace][JS][resume:call]'
08-22 17:16:38.770 I/ReactNativeJS(17565): '[INFO]', '[PlaybackTrace][Controller][loadAndResume:resumed]', 'https://prod-1.storage.jamendo.com/?trackid=1593988&format=mp31&from=%2FV3E9Qwm8kkOD6hbkNYXkg%3D%3D%7CMJJdmScXeWFhFQqasgwXjQ%3D%3D'
08-22 17:16:38.772 I/MpvBridgeModule(17565): [PlaybackTrace][Bridge][loadFile] nativeLoadFile returned
08-22 17:16:38.775 I/MpvJNI  (17565): [PlaybackTrace][Native][play] pause=no result=0
08-22 17:16:38.775 I/MpvBridgeModule(17565): [PlaybackTrace][Bridge][play] nativePlay returned
08-22 17:16:38.775 I/MpvEvent(17565): [PlaybackTrace][Native][mpv-log] prefix=cplayer level=v text=Set property: pause="no" -> 1
08-22 17:16:38.775 D/mpv     (17565): [cplayer] v: Set property: pause="no" -> 1
08-22 17:16:38.795 I/MpvEvent(17565): [PlaybackTrace][Native][mpv-log] prefix=ffmpeg level=error text=tls: mbedtls_ssl_handshake returned -0x7280
08-22 17:16:38.795 D/mpv     (17565): [ffmpeg] error: tls: mbedtls_ssl_handshake returned -0x7280
08-22 17:16:38.795 E/MpvEvent(17565): [PlaybackTrace][Native][dispatch:error] code=-1 message=tls: mbedtls_ssl_handshake returned -0x7280
08-22 17:16:38.795 E/MPVLib  (17565): onNativeError: code=-1 msg=tls: mbedtls_ssl_handshake returned -0x7280
08-22 17:16:38.796 E/MpvBridgeModule(17565): [PlaybackTrace][Bridge][listener:error] code=-1 message=tls: mbedtls_ssl_handshake returned -0x7280
08-22 17:16:38.806 I/MpvEvent(17565): [PlaybackTrace][Native][dispatch:event] name=endFile payload={"reason":2,"error":0}
08-22 17:16:38.807 D/MPVLib  (17565): onNativeEvent: endFile {"reason":2,"error":0}
08-22 17:16:38.807 I/MpvBridgeModule(17565): [PlaybackTrace][Bridge][listener:event] name=endFile payload={"reason":2,"error":0}
08-22 17:16:38.810 I/MpvEvent(17565): [PlaybackTrace][Native][mpv-log] prefix=cplayer level=v text=Opening failed or was aborted: https://prod-1.storage.jamendo.com/?trackid=1593988&format=mp31&from=%2FV3E9Qwm8kkOD6hbkNYXkg%3D%3D%7CMJJdmScXeWFhFQqasgwXjQ%3D%3D
08-22 17:16:38.810 D/mpv     (17565): [cplayer] v: Opening failed or was aborted: https://prod-1.storage.jamendo.com/?trackid=1593988&format=mp31&from=%2FV3E9Qwm8kkOD6hbkNYXkg%3D%3D%7CMJJdmScXeWFhFQqasgwXjQ%3D%3D
08-22 17:16:39.041 I/ReactNativeJS(17565): '[INFO]', '[PlaybackTrace][JS][resume:call]'
08-22 17:16:39.042 I/MpvJNI  (17565): [PlaybackTrace][Native][play] pause=no result=0
08-22 17:16:39.042 I/MpvBridgeModule(17565): [PlaybackTrace][Bridge][play] nativePlay returned
08-22 17:16:39.042 I/MpvEvent(17565): [PlaybackTrace][Native][mpv-log] prefix=cplayer level=v text=Set property: pause="no" -> 1
08-22 17:16:39.042 D/mpv     (17565): [cplayer] v: Set property: pause="no" -> 1
08-22 17:16:39.302 I/MpvJNI  (17565): [PlaybackTrace][Native][getDuration] result=-10 duration=0.000000
08-22 17:16:39.302 D/MpvBridgeModule(17565): [PlaybackTrace][Bridge][getDuration] ptr=131217388352464 duration=0.0
08-22 17:16:39.302 D/MpvBridgeModule(17565): [PlaybackTrace][Bridge][getPlaybackState] ptr=131217388352464 state=playing idle=false eof=false pause=false
08-22 17:16:39.722 I/MpvEvent(17565): [PlaybackTrace][Native][mpv-log] prefix=ffmpeg level=v text=Mime-type: 'audio/mpeg'
08-22 17:16:39.722 D/mpv     (17565): [ffmpeg] v: Mime-type: 'audio/mpeg'
08-22 17:16:39.754 I/MpvJNI  (17565): [PlaybackTrace][Native][getDuration] result=-10 duration=0.000000
08-22 17:16:39.754 D/MpvBridgeModule(17565): [PlaybackTrace][Bridge][getDuration] ptr=131217388352464 duration=0.0
08-22 17:16:39.756 D/MpvBridgeModule(17565): [PlaybackTrace][Bridge][getPlaybackState] ptr=131217388352464 state=playing idle=false eof=false pause=false
08-22 17:16:39.778 D/MediaSessionService(  695): onSessionPlaybackStateChanged: record=com.simba.player/MediaNotification/27 (userId=0) playbackState=PlaybackState {state=PLAYING(3), position=0, buffered position=0, speed=1.0, updated=155096649, actions=823, custom actions=[], active item id=-1, error=null}
08-22 17:16:39.898 I/MpvEvent(17565): [PlaybackTrace][Native][property] name=cache-buffering-state format=6 value=null
08-22 17:16:39.900 I/MpvEvent(17565): [PlaybackTrace][Native][dispatch:property] name=cache-buffering-state value=null
08-22 17:16:39.903 D/MPVLib  (17565): onNativePropertyChanged: cache-buffering-state = null
08-22 17:16:39.903 I/MpvBridgeModule(17565): [PlaybackTrace][Bridge][listener:property] name=cache-buffering-state value=null
08-22 17:16:39.911 I/MpvEvent(17565): [PlaybackTrace][Native][eventLoop] MPV_EVENT_AUDIO_RECONFIG
08-22 17:16:39.911 I/MpvEvent(17565): [PlaybackTrace][Native][dispatch:event] name=audioReconfig payload={}
08-22 17:16:39.912 I/MpvBridgeModule(17565): [PlaybackTrace][Bridge][listener:event] name=audioReconfig payload={}
08-22 17:16:39.913 I/MpvEvent(17565): [PlaybackTrace][Native][eventLoop] MPV_EVENT_AUDIO_RECONFIG
08-22 17:16:39.914 I/MpvEvent(17565): [PlaybackTrace][Native][dispatch:event] name=audioReconfig payload={}
08-22 17:16:39.915 I/MpvBridgeModule(17565): [PlaybackTrace][Bridge][listener:event] name=audioReconfig payload={}
08-22 17:16:39.919 I/MpvEvent(17565): [PlaybackTrace][Native][property] name=seekable format=6 value=null
08-22 17:16:39.919 I/MpvEvent(17565): [PlaybackTrace][Native][dispatch:property] name=seekable value=null
08-22 17:16:39.919 I/MpvBridgeModule(17565): [PlaybackTrace][Bridge][listener:property] name=seekable value=null
08-22 17:16:39.920 I/ReactNativeJS(17565): '[INFO]', '[PlaybackTrace][Controller][event:onFileLoaded]', { fileUri: 'https://prod-1.storage.jamendo.com/?trackid=1593988&format=mp31&from=%2FV3E9Qwm8kkOD6hbkNYXkg%3D%3D%7CMJJdmScXeWFhFQqasgwXjQ%3D%3D',
08-22 17:16:39.921 I/MpvEvent(17565): [PlaybackTrace][Native][mpv-log] prefix=cplayer level=info text=ΓùÅ Audio  --aid=1  (mp3 2ch 44100 Hz 96 kbps)
08-22 17:16:39.922 D/mpv     (17565): [cplayer] info: ΓùÅ Audio  --aid=1  (mp3 2ch 44100 Hz 96 kbps)
08-22 17:16:39.923 I/MpvEvent(17565): [PlaybackTrace][Native][mpv-log] prefix=ad level=v text=    mp3float (mp3) - MP3 (MPEG audio layer 3)
08-22 17:16:39.923 I/MpvEvent(17565): [PlaybackTrace][Native][mpv-log] prefix=ad level=v text=    mp3 - MP3 (MPEG audio layer 3)
08-22 17:16:39.923 I/MpvEvent(17565): [PlaybackTrace][Native][mpv-log] prefix=ad level=v text=Selected decoder: mp3float - MP3 (MPEG audio layer 3)
08-22 17:16:39.923 I/MpvEvent(17565): [PlaybackTrace][Native][mpv-log] prefix=cplayer level=info text=Displaying cover art. Use --no-audio-display to prevent this.
08-22 17:16:39.923 D/mpv     (17565): [cplayer] info: Displaying cover art. Use --no-audio-display to prevent this.
08-22 17:16:39.928 I/MpvEvent(17565): [PlaybackTrace][Native][mpv-log] prefix=ao level=v text=Trying audio driver 'audiotrack'
08-22 17:16:39.928 I/MpvEvent(17565): [PlaybackTrace][Native][mpv-log] prefix=ao/audiotrack level=v text=requested format: 44100 Hz, stereo channels, floatp
08-22 17:16:39.929 D/mpv     (17565): [ao/audiotrack] v: requested format: 44100 Hz, stereo channels, floatp
08-22 17:16:39.929 I/MpvEvent(17565): [PlaybackTrace][Native][mpv-log] prefix=ao/audiotrack level=v text=AudioTrack.nativeOutputSampleRate = 48000
08-22 17:16:39.929 D/mpv     (17565): [ao/audiotrack] v: AudioTrack.nativeOutputSampleRate = 48000
08-22 17:16:39.929 I/MpvEvent(17565): [PlaybackTrace][Native][mpv-log] prefix=ao/audiotrack level=v text=Channel layouts:
08-22 17:16:39.929 D/mpv     (17565): [ao/audiotrack] v: Channel layouts:
08-22 17:16:39.929 I/MpvEvent(17565): [PlaybackTrace][Native][mpv-log] prefix=ao/audiotrack level=v text= - mono
08-22 17:16:39.929 D/mpv     (17565): [ao/audiotrack] v:  - mono
08-22 17:16:39.930 I/MpvEvent(17565): [PlaybackTrace][Native][mpv-log] prefix=ao/audiotrack level=v text= - stereo
08-22 17:16:39.930 D/mpv     (17565): [ao/audiotrack] v:  - stereo
08-22 17:16:39.930 I/MpvEvent(17565): [PlaybackTrace][Native][mpv-log] prefix=ao/audiotrack level=v text= - 3.0
08-22 17:16:39.930 D/mpv     (17565): [ao/audiotrack] v:  - 3.0
08-22 17:16:39.930 I/MpvEvent(17565): [PlaybackTrace][Native][mpv-log] prefix=ao/audiotrack level=v text= - quad
08-22 17:16:39.930 D/mpv     (17565): [ao/audiotrack] v:  - quad
08-22 17:16:39.933 I/MpvEvent(17565): [PlaybackTrace][Native][mpv-log] prefix=ao/audiotrack level=v text= - 5.0
08-22 17:16:39.933 D/mpv     (17565): [ao/audiotrack] v:  - 5.0
08-22 17:16:39.934 I/MpvEvent(17565): [PlaybackTrace][Native][mpv-log] prefix=ao/audiotrack level=v text= - 5.1
08-22 17:16:39.934 D/mpv     (17565): [ao/audiotrack] v:  - 5.1
08-22 17:16:39.934 I/MpvEvent(17565): [PlaybackTrace][Native][mpv-log] prefix=ao/audiotrack level=v text= - 6.1(back)
08-22 17:16:39.934 D/mpv     (17565): [ao/audiotrack] v:  - 6.1(back)
08-22 17:16:39.934 I/MpvEvent(17565): [PlaybackTrace][Native][mpv-log] prefix=ao/audiotrack level=v text= - 7.1
08-22 17:16:39.934 D/mpv     (17565): [ao/audiotrack] v:  - 7.1
08-22 17:16:39.934 I/MpvEvent(17565): [PlaybackTrace][Native][mpv-log] prefix=ao/audiotrack level=v text=result: stereo
08-22 17:16:39.934 D/mpv     (17565): [ao/audiotrack] v: result: stereo
08-22 17:16:39.934 I/MpvEvent(17565): [PlaybackTrace][Native][mpv-log] prefix=ao/audiotrack level=v text=Setting bufferSize = 52920 (driver=32096, min=26460, max=52920)
08-22 17:16:39.934 D/mpv     (17565): [ao/audiotrack] v: Setting bufferSize = 52920 (driver=32096, min=26460, max=52920)
08-22 17:16:39.934 I/MpvEvent(17565): [PlaybackTrace][Native][mpv-log] prefix=ao/audiotrack level=v text=Using NIO ByteBuffer
08-22 17:16:39.934 D/mpv     (17565): [ao/audiotrack] v: Using NIO ByteBuffer
08-22 17:16:39.934 I/MpvEvent(17565): [PlaybackTrace][Native][mpv-log] prefix=ao/audiotrack level=v text=Using API21 initializer
08-22 17:16:39.934 D/mpv     (17565): [ao/audiotrack] v: Using API21 initializer
08-22 17:16:39.957 I/MpvEvent(17565): [PlaybackTrace][Native][mpv-log] prefix=ao/audiotrack level=v text=AudioTrack.getBufferSizeInFrames = 6615
08-22 17:16:39.957 D/mpv     (17565): [ao/audiotrack] v: AudioTrack.getBufferSizeInFrames = 6615
08-22 17:16:39.958 I/MpvEvent(17565): [PlaybackTrace][Native][mpv-log] prefix=ao/audiotrack level=v text=device buffer: 6615 samples.
08-22 17:16:39.958 D/mpv     (17565): [ao/audiotrack] v: device buffer: 6615 samples.
08-22 17:16:39.958 I/MpvEvent(17565): [PlaybackTrace][Native][mpv-log] prefix=ao/audiotrack level=v text=using soft-buffer of 8820 samples.
08-22 17:16:39.958 D/mpv     (17565): [ao/audiotrack] v: using soft-buffer of 8820 samples.
08-22 17:16:39.958 I/MpvEvent(17565): [PlaybackTrace][Native][mpv-log] prefix=cplayer level=info text=AO: [audiotrack] 44100Hz stereo 2ch float
08-22 17:16:39.958 D/mpv     (17565): [cplayer] info: AO: [audiotrack] 44100Hz stereo 2ch float
08-22 17:16:39.959 I/MpvEvent(17565): [PlaybackTrace][Native][mpv-log] prefix=cplayer level=v text=AO: Description: Android AudioTrack audio output
08-22 17:16:39.959 D/mpv     (17565): [cplayer] v: AO: Description: Android AudioTrack audio output
08-22 17:16:39.964 I/MpvEvent(17565): [PlaybackTrace][Native][eventLoop] MPV_EVENT_AUDIO_RECONFIG
08-22 17:16:39.964 I/MpvEvent(17565): [PlaybackTrace][Native][dispatch:event] name=audioReconfig payload={}
08-22 17:16:39.964 I/MpvBridgeModule(17565): [PlaybackTrace][Bridge][listener:event] name=audioReconfig payload={}
08-22 17:16:39.981 I/MpvEvent(17565): [PlaybackTrace][Native][property] name=paused-for-cache format=6 value=null
08-22 17:16:39.981 I/MpvEvent(17565): [PlaybackTrace][Native][dispatch:property] name=paused-for-cache value=null
08-22 17:16:39.981 D/MPVLib  (17565): onNativePropertyChanged: paused-for-cache = null
08-22 17:16:39.982 I/MpvBridgeModule(17565): [PlaybackTrace][Bridge][listener:property] name=paused-for-cache value=null
08-22 17:16:39.993 I/MpvEvent(17565): [PlaybackTrace][Native][property] name=demuxer-cache-state format=6 value=null
08-22 17:16:39.993 I/MpvEvent(17565): [PlaybackTrace][Native][dispatch:property] name=demuxer-cache-state value=null
08-22 17:16:39.993 D/MPVLib  (17565): onNativePropertyChanged: demuxer-cache-state = null
08-22 17:16:39.993 I/MpvBridgeModule(17565): [PlaybackTrace][Bridge][listener:property] name=demuxer-cache-state value=null
08-22 17:16:39.998 I/MpvEvent(17565): [PlaybackTrace][Native][mpv-log] prefix=cplayer level=v text=audio ready
08-22 17:16:39.998 D/mpv     (17565): [cplayer] v: audio ready
08-22 17:16:39.998 I/MpvEvent(17565): [PlaybackTrace][Native][mpv-log] prefix=cplayer level=v text=starting audio playback
08-22 17:16:39.998 D/mpv     (17565): [cplayer] v: starting audio playback
08-22 17:16:40.014 I/MpvEvent(17565): [PlaybackTrace][Native][mpv-log] prefix=cplayer level=v text=playback restart complete @ 0.000001, audio=playing, video=eof
08-22 17:16:40.014 D/mpv     (17565): [cplayer] v: playback restart complete @ 0.000001, audio=playing, video=eof
08-22 17:16:40.024 I/MpvJNI  (17565): [PlaybackTrace][Native][getDuration] result=0 duration=149.696033
08-22 17:16:40.025 D/MpvBridgeModule(17565): [PlaybackTrace][Bridge][getDuration] ptr=131217388352464 duration=149.69603333333333
08-22 17:16:40.025 I/MpvEvent(17565): [PlaybackTrace][Native][mpv-log] prefix=cplayer level=warn text=Audio device underrun detected.
08-22 17:16:40.025 D/mpv     (17565): [cplayer] warn: Audio device underrun detected.
08-22 17:16:40.025 I/MpvEvent(17565): [PlaybackTrace][Native][mpv-log] prefix=cplayer level=v text=restarting audio after underrun
08-22 17:16:40.025 D/mpv     (17565): [cplayer] v: restarting audio after underrun
08-22 17:16:40.172 I/MpvEvent(17565): [PlaybackTrace][Native][property] name=demuxer-cache-state format=6 value=null
08-22 17:16:40.172 I/MpvEvent(17565): [PlaybackTrace][Native][dispatch:property] name=demuxer-cache-state value=null
08-22 17:16:40.173 D/MPVLib  (17565): onNativePropertyChanged: demuxer-cache-state = null
08-22 17:16:40.173 I/MpvBridgeModule(17565): [PlaybackTrace][Bridge][listener:property] name=demuxer-cache-state value=null
08-22 17:16:40.301 I/MpvJNI  (17565): [PlaybackTrace][Native][getDuration] result=0 duration=149.696033
08-22 17:16:40.301 D/MpvBridgeModule(17565): [PlaybackTrace][Bridge][getDuration] ptr=131217388352464 duration=149.69603333333333
08-22 17:16:40.421 I/MpvJNI  (17565): [PlaybackTrace][Native][getDuration] result=0 duration=149.696033
08-22 17:16:40.421 D/MpvBridgeModule(17565): [PlaybackTrace][Bridge][getDuration] ptr=131217388352464 duration=149.69603333333333
08-22 17:16:40.422 D/MpvBridgeModule(17565): [PlaybackTrace][Bridge][getPlaybackState] ptr=131217388352464 state=playing idle=false eof=false pause=false
08-22 17:16:40.423 I/MpvEvent(17565): [PlaybackTrace][Native][property] name=demuxer-cache-state format=6 value=null
08-22 17:16:40.423 I/MpvEvent(17565): [PlaybackTrace][Native][dispatch:property] name=demuxer-cache-state value=null
08-22 17:16:40.423 I/ReactNativeJS(17565): '[INFO]', '[PlaybackTrace][Controller][loadAndResume:before]', { uri: 'https://prod-1.storage.jamendo.com/?trackid=1593988&format=mp31&from=%2FV3E9Qwm8kkOD6hbkNYXkg%3D%3D%7CMJJdmScXeWFhFQqasgwXjQ%3D%3D',
08-22 17:16:40.423 D/MPVLib  (17565): onNativePropertyChanged: demuxer-cache-state = null
08-22 17:16:40.423 I/MpvBridgeModule(17565): [PlaybackTrace][Bridge][listener:property] name=demuxer-cache-state value=null
08-22 17:16:40.424 I/ReactNativeJS(17565): '[INFO]', '[PlaybackTrace][JS][loadFile:call]', { requestedPath: 'https://prod-1.storage.jamendo.com/?trackid=1593988&format=mp31&from=%2FV3E9Qwm8kkOD6hbkNYXkg%3D%3D%7CMJJdmScXeWFhFQqasgwXjQ%3D%3D',
08-22 17:16:40.425 I/ReactNativeJS(17565): '[INFO]', '[PlaybackTrace][JS][loadFile:return]', { resolvedPath: 'https://prod-1.storage.jamendo.com/?trackid=1593988&format=mp31&from=%2FV3E9Qwm8kkOD6hbkNYXkg%3D%3D%7CMJJdmScXeWFhFQqasgwXjQ%3D%3D' }
08-22 17:16:40.425 I/ReactNativeJS(17565): '[INFO]', '[PlaybackTrace][Controller][loadAndResume:loaded]', 'https://prod-1.storage.jamendo.com/?trackid=1593988&format=mp31&from=%2FV3E9Qwm8kkOD6hbkNYXkg%3D%3D%7CMJJdmScXeWFhFQqasgwXjQ%3D%3D'
08-22 17:16:40.426 I/ReactNativeJS(17565): '[INFO]', '[PlaybackTrace][JS][resume:call]'
08-22 17:16:40.427 I/MpvBridgeModule(17565): [PlaybackTrace][Bridge][loadFile] nativeLoadFile returned
08-22 17:16:40.427 I/ReactNativeJS(17565): '[INFO]', '[PlaybackTrace][Controller][loadAndResume:resumed]', 'https://prod-1.storage.jamendo.com/?trackid=1593988&format=mp31&from=%2FV3E9Qwm8kkOD6hbkNYXkg%3D%3D%7CMJJdmScXeWFhFQqasgwXjQ%3D%3D'
08-22 17:16:40.427 I/MpvJNI  (17565): [PlaybackTrace][Native][play] pause=no result=0
08-22 17:16:40.427 I/MpvBridgeModule(17565): [PlaybackTrace][Bridge][play] nativePlay returned
08-22 17:16:40.427 I/MpvEvent(17565): [PlaybackTrace][Native][mpv-log] prefix=cplayer level=v text=Set property: pause="no" -> 1
08-22 17:16:40.427 D/mpv     (17565): [cplayer] v: Set property: pause="no" -> 1
08-22 17:16:40.439 I/MpvEvent(17565): [PlaybackTrace][Native][eventLoop] MPV_EVENT_AUDIO_RECONFIG
08-22 17:16:40.439 I/MpvEvent(17565): [PlaybackTrace][Native][dispatch:event] name=audioReconfig payload={}
08-22 17:16:40.440 I/MpvBridgeModule(17565): [PlaybackTrace][Bridge][listener:event] name=audioReconfig payload={}
08-22 17:16:40.462 I/MpvEvent(17565): [PlaybackTrace][Native][eventLoop] MPV_EVENT_AUDIO_RECONFIG
08-22 17:16:40.462 I/MpvEvent(17565): [PlaybackTrace][Native][dispatch:event] name=audioReconfig payload={}
08-22 17:16:40.462 I/MpvJNI  (17565): [PlaybackTrace][Native][getDuration] result=-10 duration=0.000000
08-22 17:16:40.462 D/MpvBridgeModule(17565): [PlaybackTrace][Bridge][getDuration] ptr=131217388352464 duration=0.0
08-22 17:16:40.462 I/MpvBridgeModule(17565): [PlaybackTrace][Bridge][listener:event] name=audioReconfig payload={}
08-22 17:16:40.549 I/MpvEvent(17565): [PlaybackTrace][Native][dispatch:event] name=endFile payload={"reason":2,"error":0}
08-22 17:16:40.550 D/MPVLib  (17565): onNativeEvent: endFile {"reason":2,"error":0}
08-22 17:16:40.550 I/MpvBridgeModule(17565): [PlaybackTrace][Bridge][listener:event] name=endFile payload={"reason":2,"error":0}
08-22 17:16:40.556 I/MpvEvent(17565): [PlaybackTrace][Native][eventLoop] property=cache-buffering-state format=NONE
08-22 17:16:40.556 I/MpvEvent(17565): [PlaybackTrace][Native][eventLoop] property=paused-for-cache format=NONE
08-22 17:16:40.556 I/MpvEvent(17565): [PlaybackTrace][Native][eventLoop] property=demuxer-cache-state format=NONE
08-22 17:16:40.557 I/MpvEvent(17565): [PlaybackTrace][Native][eventLoop] property=seekable format=NONE
08-22 17:16:40.686 I/ReactNativeJS(17565): '[INFO]', '[PlaybackTrace][JS][resume:call]'
08-22 17:16:40.686 I/MpvJNI  (17565): [PlaybackTrace][Native][play] pause=no result=0
08-22 17:16:40.686 I/MpvBridgeModule(17565): [PlaybackTrace][Bridge][play] nativePlay returned
08-22 17:16:40.686 I/MpvEvent(17565): [PlaybackTrace][Native][mpv-log] prefix=cplayer level=v text=Set property: pause="no" -> 1
08-22 17:16:40.686 D/mpv     (17565): [cplayer] v: Set property: pause="no" -> 1
08-22 17:16:40.770 I/MpvJNI  (17565): [PlaybackTrace][Native][getDuration] result=-10 duration=0.000000
08-22 17:16:40.770 D/MpvBridgeModule(17565): [PlaybackTrace][Bridge][getDuration] ptr=131217388352464 duration=0.0
08-22 17:16:40.770 D/MpvBridgeModule(17565): [PlaybackTrace][Bridge][getPlaybackState] ptr=131217388352464 state=playing idle=false eof=false pause=false
08-22 17:16:40.784 D/MediaSessionService(  695): onSessionPlaybackStateChanged: record=com.simba.player/MediaNotification/27 (userId=0) playbackState=PlaybackState {state=PLAYING(3), position=0, buffered position=0, speed=1.0, updated=155097655, actions=823, custom actions=[], active item id=-1, error=null}
08-22 17:16:41.335 I/MpvJNI  (17565): [PlaybackTrace][Native][getDuration] result=-10 duration=0.000000
08-22 17:16:41.335 D/MpvBridgeModule(17565): [PlaybackTrace][Bridge][getDuration] ptr=131217388352464 duration=0.0
08-22 17:16:41.335 D/MpvBridgeModule(17565): [PlaybackTrace][Bridge][getPlaybackState] ptr=131217388352464 state=playing idle=false eof=false pause=false
08-22 17:16:41.338 I/MpvJNI  (17565): [PlaybackTrace][Native][getDuration] result=-10 duration=0.000000
08-22 17:16:41.338 D/MpvBridgeModule(17565): [PlaybackTrace][Bridge][getDuration] ptr=131217388352464 duration=0.0
08-22 17:16:41.786 I/MpvJNI  (17565): [PlaybackTrace][Native][getDuration] result=-10 duration=0.000000
08-22 17:16:41.786 D/MpvBridgeModule(17565): [PlaybackTrace][Bridge][getDuration] ptr=131217388352464 duration=0.0
08-22 17:16:41.786 D/MpvBridgeModule(17565): [PlaybackTrace][Bridge][getPlaybackState] ptr=131217388352464 state=playing idle=false eof=false pause=false
08-22 17:16:41.798 D/MediaSessionService(  695): onSessionPlaybackStateChanged: record=com.simba.player/MediaNotification/27 (userId=0) playbackState=PlaybackState {state=PLAYING(3), position=0, buffered position=0, speed=1.0, updated=155098669, actions=823, custom actions=[], active item id=-1, error=null}
08-22 17:16:41.811 I/MpvEvent(17565): [PlaybackTrace][Native][mpv-log] prefix=ffmpeg level=v text=Mime-type: 'audio/mpeg'
08-22 17:16:41.811 D/mpv     (17565): [ffmpeg] v: Mime-type: 'audio/mpeg'
08-22 17:16:42.115 I/MpvEvent(17565): [PlaybackTrace][Native][property] name=cache-buffering-state format=6 value=null
08-22 17:16:42.115 I/MpvEvent(17565): [PlaybackTrace][Native][dispatch:property] name=cache-buffering-state value=null
08-22 17:16:42.115 D/MPVLib  (17565): onNativePropertyChanged: cache-buffering-state = null
08-22 17:16:42.115 I/MpvBridgeModule(17565): [PlaybackTrace][Bridge][listener:property] name=cache-buffering-state value=null
08-22 17:16:42.120 I/MpvEvent(17565): [PlaybackTrace][Native][eventLoop] MPV_EVENT_AUDIO_RECONFIG
08-22 17:16:42.121 I/MpvEvent(17565): [PlaybackTrace][Native][dispatch:event] name=audioReconfig payload={}
08-22 17:16:42.122 I/MpvBridgeModule(17565): [PlaybackTrace][Bridge][listener:event] name=audioReconfig payload={}
08-22 17:16:42.124 I/MpvEvent(17565): [PlaybackTrace][Native][eventLoop] MPV_EVENT_AUDIO_RECONFIG
08-22 17:16:42.124 I/MpvEvent(17565): [PlaybackTrace][Native][dispatch:event] name=audioReconfig payload={}
08-22 17:16:42.124 I/MpvBridgeModule(17565): [PlaybackTrace][Bridge][listener:event] name=audioReconfig payload={}
08-22 17:16:42.130 I/MpvEvent(17565): [PlaybackTrace][Native][mpv-log] prefix=cplayer level=info text=ΓùÅ Audio  --aid=1  (mp3 2ch 44100 Hz 96 kbps)
08-22 17:16:42.130 D/mpv     (17565): [cplayer] info: ΓùÅ Audio  --aid=1  (mp3 2ch 44100 Hz 96 kbps)
08-22 17:16:42.130 I/MpvEvent(17565): [PlaybackTrace][Native][property] name=paused-for-cache format=6 value=null
08-22 17:16:42.130 I/MpvEvent(17565): [PlaybackTrace][Native][dispatch:property] name=paused-for-cache value=null
08-22 17:16:42.131 D/MPVLib  (17565): onNativePropertyChanged: paused-for-cache = null
08-22 17:16:42.131 I/MpvBridgeModule(17565): [PlaybackTrace][Bridge][listener:property] name=paused-for-cache value=null
08-22 17:16:42.132 I/ReactNativeJS(17565): '[INFO]', '[PlaybackTrace][Controller][event:onFileLoaded]', { fileUri: 'https://prod-1.storage.jamendo.com/?trackid=1593988&format=mp31&from=%2FV3E9Qwm8kkOD6hbkNYXkg%3D%3D%7CMJJdmScXeWFhFQqasgwXjQ%3D%3D',
08-22 17:16:42.133 I/MpvEvent(17565): [PlaybackTrace][Native][property] name=seekable format=6 value=null
08-22 17:16:42.133 I/MpvEvent(17565): [PlaybackTrace][Native][dispatch:property] name=seekable value=null
08-22 17:16:42.134 I/MpvBridgeModule(17565): [PlaybackTrace][Bridge][listener:property] name=seekable value=null
08-22 17:16:42.140 I/MpvEvent(17565): [PlaybackTrace][Native][mpv-log] prefix=ad level=v text=    mp3float (mp3) - MP3 (MPEG audio layer 3)
08-22 17:16:42.140 I/MpvEvent(17565): [PlaybackTrace][Native][mpv-log] prefix=ad level=v text=    mp3 - MP3 (MPEG audio layer 3)
08-22 17:16:42.141 I/MpvEvent(17565): [PlaybackTrace][Native][mpv-log] prefix=ad level=v text=Selected decoder: mp3float - MP3 (MPEG audio layer 3)
08-22 17:16:42.141 I/MpvEvent(17565): [PlaybackTrace][Native][mpv-log] prefix=cplayer level=info text=Displaying cover art. Use --no-audio-display to prevent this.
08-22 17:16:42.141 D/mpv     (17565): [cplayer] info: Displaying cover art. Use --no-audio-display to prevent this.
08-22 17:16:42.144 I/MpvEvent(17565): [PlaybackTrace][Native][eventLoop] MPV_EVENT_AUDIO_RECONFIG
08-22 17:16:42.144 I/MpvEvent(17565): [PlaybackTrace][Native][dispatch:event] name=audioReconfig payload={}
08-22 17:16:42.146 I/MpvBridgeModule(17565): [PlaybackTrace][Bridge][listener:event] name=audioReconfig payload={}
08-22 17:16:42.154 I/MpvEvent(17565): [PlaybackTrace][Native][property] name=demuxer-cache-state format=6 value=null
08-22 17:16:42.154 I/MpvEvent(17565): [PlaybackTrace][Native][dispatch:property] name=demuxer-cache-state value=null
08-22 17:16:42.154 D/MPVLib  (17565): onNativePropertyChanged: demuxer-cache-state = null
08-22 17:16:42.154 I/MpvBridgeModule(17565): [PlaybackTrace][Bridge][listener:property] name=demuxer-cache-state value=null
08-22 17:16:42.158 I/MpvEvent(17565): [PlaybackTrace][Native][mpv-log] prefix=ao level=v text=Trying audio driver 'audiotrack'
08-22 17:16:42.158 I/MpvEvent(17565): [PlaybackTrace][Native][mpv-log] prefix=ao/audiotrack level=v text=requested format: 44100 Hz, stereo channels, floatp
08-22 17:16:42.158 D/mpv     (17565): [ao/audiotrack] v: requested format: 44100 Hz, stereo channels, floatp
08-22 17:16:42.158 I/MpvEvent(17565): [PlaybackTrace][Native][mpv-log] prefix=ao/audiotrack level=v text=AudioTrack.nativeOutputSampleRate = 48000
08-22 17:16:42.158 D/mpv     (17565): [ao/audiotrack] v: AudioTrack.nativeOutputSampleRate = 48000
08-22 17:16:42.158 I/MpvEvent(17565): [PlaybackTrace][Native][mpv-log] prefix=ao/audiotrack level=v text=Channel layouts:
08-22 17:16:42.158 D/mpv     (17565): [ao/audiotrack] v: Channel layouts:
08-22 17:16:42.158 I/MpvEvent(17565): [PlaybackTrace][Native][mpv-log] prefix=ao/audiotrack level=v text= - mono
08-22 17:16:42.158 D/mpv     (17565): [ao/audiotrack] v:  - mono
08-22 17:16:42.158 I/MpvEvent(17565): [PlaybackTrace][Native][mpv-log] prefix=ao/audiotrack level=v text= - stereo
08-22 17:16:42.158 D/mpv     (17565): [ao/audiotrack] v:  - stereo
08-22 17:16:42.158 I/MpvEvent(17565): [PlaybackTrace][Native][mpv-log] prefix=ao/audiotrack level=v text= - 3.0
08-22 17:16:42.158 D/mpv     (17565): [ao/audiotrack] v:  - 3.0
08-22 17:16:42.158 I/MpvEvent(17565): [PlaybackTrace][Native][mpv-log] prefix=ao/audiotrack level=v text= - quad
08-22 17:16:42.159 D/mpv     (17565): [ao/audiotrack] v:  - quad
08-22 17:16:42.159 I/MpvEvent(17565): [PlaybackTrace][Native][mpv-log] prefix=ao/audiotrack level=v text= - 5.0
08-22 17:16:42.159 D/mpv     (17565): [ao/audiotrack] v:  - 5.0
08-22 17:16:42.159 I/MpvEvent(17565): [PlaybackTrace][Native][mpv-log] prefix=ao/audiotrack level=v text= - 5.1
08-22 17:16:42.159 D/mpv     (17565): [ao/audiotrack] v:  - 5.1
08-22 17:16:42.159 I/MpvEvent(17565): [PlaybackTrace][Native][mpv-log] prefix=ao/audiotrack level=v text= - 6.1(back)
08-22 17:16:42.159 D/mpv     (17565): [ao/audiotrack] v:  - 6.1(back)
08-22 17:16:42.159 I/MpvEvent(17565): [PlaybackTrace][Native][mpv-log] prefix=ao/audiotrack level=v text= - 7.1
08-22 17:16:42.159 D/mpv     (17565): [ao/audiotrack] v:  - 7.1
08-22 17:16:42.159 I/MpvEvent(17565): [PlaybackTrace][Native][mpv-log] prefix=ao/audiotrack level=v text=result: stereo
08-22 17:16:42.159 D/mpv     (17565): [ao/audiotrack] v: result: stereo
08-22 17:16:42.159 I/MpvEvent(17565): [PlaybackTrace][Native][mpv-log] prefix=ao/audiotrack level=v text=Setting bufferSize = 52920 (driver=32096, min=26460, max=52920)
08-22 17:16:42.159 D/mpv     (17565): [ao/audiotrack] v: Setting bufferSize = 52920 (driver=32096, min=26460, max=52920)
08-22 17:16:42.159 I/MpvEvent(17565): [PlaybackTrace][Native][mpv-log] prefix=ao/audiotrack level=v text=Using NIO ByteBuffer
08-22 17:16:42.159 D/mpv     (17565): [ao/audiotrack] v: Using NIO ByteBuffer
08-22 17:16:42.159 I/MpvEvent(17565): [PlaybackTrace][Native][mpv-log] prefix=ao/audiotrack level=v text=Using API21 initializer
08-22 17:16:42.159 D/mpv     (17565): [ao/audiotrack] v: Using API21 initializer
08-22 17:16:42.159 I/MpvEvent(17565): [PlaybackTrace][Native][mpv-log] prefix=ao/audiotrack level=v text=AudioTrack.getBufferSizeInFrames = 6615
08-22 17:16:42.159 D/mpv     (17565): [ao/audiotrack] v: AudioTrack.getBufferSizeInFrames = 6615
08-22 17:16:42.159 I/MpvEvent(17565): [PlaybackTrace][Native][mpv-log] prefix=ao/audiotrack level=v text=device buffer: 6615 samples.
08-22 17:16:42.159 D/mpv     (17565): [ao/audiotrack] v: device buffer: 6615 samples.
08-22 17:16:42.159 I/MpvEvent(17565): [PlaybackTrace][Native][mpv-log] prefix=ao/audiotrack level=v text=using soft-buffer of 8820 samples.
08-22 17:16:42.159 D/mpv     (17565): [ao/audiotrack] v: using soft-buffer of 8820 samples.
08-22 17:16:42.159 I/MpvEvent(17565): [PlaybackTrace][Native][mpv-log] prefix=cplayer level=info text=AO: [audiotrack] 44100Hz stereo 2ch float
08-22 17:16:42.159 D/mpv     (17565): [cplayer] info: AO: [audiotrack] 44100Hz stereo 2ch float
08-22 17:16:42.159 I/MpvEvent(17565): [PlaybackTrace][Native][mpv-log] prefix=cplayer level=v text=AO: Description: Android AudioTrack audio output
08-22 17:16:42.159 D/mpv     (17565): [cplayer] v: AO: Description: Android AudioTrack audio output
08-22 17:16:42.159 I/MpvEvent(17565): [PlaybackTrace][Native][mpv-log] prefix=cplayer level=v text=audio ready
08-22 17:16:42.159 D/mpv     (17565): [cplayer] v: audio ready
08-22 17:16:42.159 I/MpvEvent(17565): [PlaybackTrace][Native][mpv-log] prefix=cplayer level=v text=starting audio playback
08-22 17:16:42.159 D/mpv     (17565): [cplayer] v: starting audio playback
08-22 17:16:42.166 I/MpvEvent(17565): [PlaybackTrace][Native][mpv-log] prefix=cplayer level=v text=playback restart complete @ 0.000001, audio=playing, video=eof
08-22 17:16:42.166 D/mpv     (17565): [cplayer] v: playback restart complete @ 0.000001, audio=playing, video=eof
08-22 17:16:42.169 I/MpvJNI  (17565): [PlaybackTrace][Native][getDuration] result=0 duration=149.696033
08-22 17:16:42.169 D/MpvBridgeModule(17565): [PlaybackTrace][Bridge][getDuration] ptr=131217388352464 duration=149.69603333333333
08-22 17:16:42.170 I/MpvEvent(17565): [PlaybackTrace][Native][mpv-log] prefix=cplayer level=warn text=Audio device underrun detected.
08-22 17:16:42.170 D/mpv     (17565): [cplayer] warn: Audio device underrun detected.
08-22 17:16:42.170 I/MpvEvent(17565): [PlaybackTrace][Native][mpv-log] prefix=cplayer level=v text=restarting audio after underrun
08-22 17:16:42.170 D/mpv     (17565): [cplayer] v: restarting audio after underrun
08-22 17:16:42.352 I/MpvJNI  (17565): [PlaybackTrace][Native][getDuration] result=0 duration=149.696033
08-22 17:16:42.352 D/MpvBridgeModule(17565): [PlaybackTrace][Bridge][getDuration] ptr=131217388352464 duration=149.69603333333333
08-22 17:16:42.352 D/MpvBridgeModule(17565): [PlaybackTrace][Bridge][getPlaybackState] ptr=131217388352464 state=playing idle=false eof=false pause=false
08-22 17:16:42.354 I/MpvJNI  (17565): [PlaybackTrace][Native][getDuration] result=0 duration=149.696033
08-22 17:16:42.355 D/MpvBridgeModule(17565): [PlaybackTrace][Bridge][getDuration] ptr=131217388352464 duration=149.69603333333333
08-22 17:16:42.382 I/MpvEvent(17565): [PlaybackTrace][Native][property] name=demuxer-cache-state format=6 value=null
08-22 17:16:42.382 I/MpvEvent(17565): [PlaybackTrace][Native][dispatch:property] name=demuxer-cache-state value=null
08-22 17:16:42.382 D/MPVLib  (17565): onNativePropertyChanged: demuxer-cache-state = null
08-22 17:16:42.382 I/MpvBridgeModule(17565): [PlaybackTrace][Bridge][listener:property] name=demuxer-cache-state value=null
08-22 17:16:42.488 I/MpvJNI  (17565): [PlaybackTrace][Native][getDuration] result=0 duration=149.696033
08-22 17:16:42.488 D/MpvBridgeModule(17565): [PlaybackTrace][Bridge][getDuration] ptr=131217388352464 duration=149.69603333333333
08-22 17:16:42.634 I/MpvEvent(17565): [PlaybackTrace][Native][property] name=demuxer-cache-state format=6 value=null
08-22 17:16:42.634 I/MpvEvent(17565): [PlaybackTrace][Native][dispatch:property] name=demuxer-cache-state value=null
08-22 17:16:42.634 D/MPVLib  (17565): onNativePropertyChanged: demuxer-cache-state = null
08-22 17:16:42.635 I/MpvBridgeModule(17565): [PlaybackTrace][Bridge][listener:property] name=demuxer-cache-state value=null
08-22 17:16:42.644 I/MpvJNI  (17565): [PlaybackTrace][Native][getDuration] result=0 duration=149.696033
08-22 17:16:42.644 D/MpvBridgeModule(17565): [PlaybackTrace][Bridge][getDuration] ptr=131217388352464 duration=149.69603333333333
08-22 17:16:42.806 I/MpvJNI  (17565): [PlaybackTrace][Native][getDuration] result=0 duration=149.696033
08-22 17:16:42.806 D/MpvBridgeModule(17565): [PlaybackTrace][Bridge][getDuration] ptr=131217388352464 duration=149.69603333333333
08-22 17:16:42.807 D/MpvBridgeModule(17565): [PlaybackTrace][Bridge][getPlaybackState] ptr=131217388352464 state=playing idle=false eof=false pause=false
08-22 17:16:42.851 D/MediaSessionService(  695): onSessionPlaybackStateChanged: record=com.simba.player/MediaNotification/27 (userId=0) playbackState=PlaybackState {state=PLAYING(3), position=0, buffered position=0, speed=1.0, updated=155099722, actions=823, custom actions=[], active item id=-1, error=null}
08-22 17:16:42.885 I/MpvEvent(17565): [PlaybackTrace][Native][property] name=demuxer-cache-state format=6 value=null
08-22 17:16:42.885 I/MpvEvent(17565): [PlaybackTrace][Native][dispatch:property] name=demuxer-cache-state value=null
08-22 17:16:42.885 D/MPVLib  (17565): onNativePropertyChanged: demuxer-cache-state = null
08-22 17:16:42.885 I/MpvBridgeModule(17565): [PlaybackTrace][Bridge][listener:property] name=demuxer-cache-state value=null
08-22 17:16:42.888 I/MpvJNI  (17565): [PlaybackTrace][Native][getDuration] result=0 duration=149.696033
08-22 17:16:42.888 D/MpvBridgeModule(17565): [PlaybackTrace][Bridge][getDuration] ptr=131217388352464 duration=149.69603333333333
08-22 17:16:43.078 I/ReactNativeJS(17565): '[INFO]', '[PlaybackTrace][Controller][loadAndResume:before]', { uri: 'https://prod-1.storage.jamendo.com/?trackid=1593988&format=mp31&from=%2FV3E9Qwm8kkOD6hbkNYXkg%3D%3D%7CMJJdmScXeWFhFQqasgwXjQ%3D%3D',
08-22 17:16:43.079 I/ReactNativeJS(17565): '[INFO]', '[PlaybackTrace][JS][loadFile:call]', { requestedPath: 'https://prod-1.storage.jamendo.com/?trackid=1593988&format=mp31&from=%2FV3E9Qwm8kkOD6hbkNYXkg%3D%3D%7CMJJdmScXeWFhFQqasgwXjQ%3D%3D',
08-22 17:16:43.079 I/ReactNativeJS(17565): '[INFO]', '[PlaybackTrace][JS][loadFile:return]', { resolvedPath: 'https://prod-1.storage.jamendo.com/?trackid=1593988&format=mp31&from=%2FV3E9Qwm8kkOD6hbkNYXkg%3D%3D%7CMJJdmScXeWFhFQqasgwXjQ%3D%3D' }
08-22 17:16:43.079 I/MpvBridgeModule(17565): [PlaybackTrace][Bridge][loadFile] nativeLoadFile returned
08-22 17:16:43.082 I/ReactNativeJS(17565): '[INFO]', '[PlaybackTrace][Controller][loadAndResume:loaded]', 'https://prod-1.storage.jamendo.com/?trackid=1593988&format=mp31&from=%2FV3E9Qwm8kkOD6hbkNYXkg%3D%3D%7CMJJdmScXeWFhFQqasgwXjQ%3D%3D'
08-22 17:16:43.084 I/ReactNativeJS(17565): '[INFO]', '[PlaybackTrace][JS][resume:call]'
08-22 17:16:43.085 I/ReactNativeJS(17565): '[INFO]', '[PlaybackTrace][Controller][loadAndResume:resumed]', 'https://prod-1.storage.jamendo.com/?trackid=1593988&format=mp31&from=%2FV3E9Qwm8kkOD6hbkNYXkg%3D%3D%7CMJJdmScXeWFhFQqasgwXjQ%3D%3D'
08-22 17:16:43.089 I/MpvEvent(17565): [PlaybackTrace][Native][eventLoop] MPV_EVENT_AUDIO_RECONFIG
08-22 17:16:43.089 I/MpvEvent(17565): [PlaybackTrace][Native][dispatch:event] name=audioReconfig payload={}
08-22 17:16:43.090 I/MpvBridgeModule(17565): [PlaybackTrace][Bridge][listener:event] name=audioReconfig payload={}
08-22 17:16:43.094 I/MpvJNI  (17565): [PlaybackTrace][Native][play] pause=no result=0
08-22 17:16:43.094 I/MpvBridgeModule(17565): [PlaybackTrace][Bridge][play] nativePlay returned
08-22 17:16:43.095 I/MpvEvent(17565): [PlaybackTrace][Native][eventLoop] MPV_EVENT_AUDIO_RECONFIG
08-22 17:16:43.095 I/MpvEvent(17565): [PlaybackTrace][Native][dispatch:event] name=audioReconfig payload={}
08-22 17:16:43.095 I/MpvBridgeModule(17565): [PlaybackTrace][Bridge][listener:event] name=audioReconfig payload={}
08-22 17:16:43.096 I/MpvEvent(17565): [PlaybackTrace][Native][mpv-log] prefix=cplayer level=v text=Set property: pause="no" -> 1
08-22 17:16:43.096 D/mpv     (17565): [cplayer] v: Set property: pause="no" -> 1
08-22 17:16:43.139 I/MpvEvent(17565): [PlaybackTrace][Native][dispatch:event] name=endFile payload={"reason":2,"error":0}
08-22 17:16:43.140 D/MPVLib  (17565): onNativeEvent: endFile {"reason":2,"error":0}
08-22 17:16:43.140 I/MpvBridgeModule(17565): [PlaybackTrace][Bridge][listener:event] name=endFile payload={"reason":2,"error":0}
08-22 17:16:43.154 I/MpvEvent(17565): [PlaybackTrace][Native][eventLoop] property=cache-buffering-state format=NONE
08-22 17:16:43.154 I/MpvEvent(17565): [PlaybackTrace][Native][eventLoop] property=paused-for-cache format=NONE
08-22 17:16:43.154 I/MpvEvent(17565): [PlaybackTrace][Native][eventLoop] property=demuxer-cache-state format=NONE
08-22 17:16:43.154 I/MpvEvent(17565): [PlaybackTrace][Native][eventLoop] property=seekable format=NONE
08-22 17:16:43.353 I/ReactNativeJS(17565): '[INFO]', '[PlaybackTrace][JS][resume:call]'
08-22 17:16:43.354 I/MpvJNI  (17565): [PlaybackTrace][Native][play] pause=no result=0
08-22 17:16:43.354 I/MpvBridgeModule(17565): [PlaybackTrace][Bridge][play] nativePlay returned
08-22 17:16:43.354 I/MpvEvent(17565): [PlaybackTrace][Native][mpv-log] prefix=cplayer level=v text=Set property: pause="no" -> 1
08-22 17:16:43.354 D/mpv     (17565): [cplayer] v: Set property: pause="no" -> 1
08-22 17:16:43.369 I/MpvJNI  (17565): [PlaybackTrace][Native][getDuration] result=-10 duration=0.000000
08-22 17:16:43.369 D/MpvBridgeModule(17565): [PlaybackTrace][Bridge][getDuration] ptr=131217388352464 duration=0.0
08-22 17:16:43.369 D/MpvBridgeModule(17565): [PlaybackTrace][Bridge][getPlaybackState] ptr=131217388352464 state=playing idle=false eof=false pause=false
08-22 17:16:43.371 I/MpvJNI  (17565): [PlaybackTrace][Native][getDuration] result=-10 duration=0.000000
08-22 17:16:43.371 D/MpvBridgeModule(17565): [PlaybackTrace][Bridge][getDuration] ptr=131217388352464 duration=0.0
08-22 17:16:43.507 I/ReactNativeJS(17565): '[INFO]', '[PlaybackTrace][Controller][loadAndResume:before]', { uri: 'https://prod-1.storage.jamendo.com/?trackid=1593988&format=mp31&from=%2FV3E9Qwm8kkOD6hbkNYXkg%3D%3D%7CMJJdmScXeWFhFQqasgwXjQ%3D%3D',
08-22 17:16:43.508 I/ReactNativeJS(17565): '[INFO]', '[PlaybackTrace][JS][loadFile:call]', { requestedPath: 'https://prod-1.storage.jamendo.com/?trackid=1593988&format=mp31&from=%2FV3E9Qwm8kkOD6hbkNYXkg%3D%3D%7CMJJdmScXeWFhFQqasgwXjQ%3D%3D',
08-22 17:16:43.508 I/ReactNativeJS(17565): '[INFO]', '[PlaybackTrace][JS][loadFile:return]', { resolvedPath: 'https://prod-1.storage.jamendo.com/?trackid=1593988&format=mp31&from=%2FV3E9Qwm8kkOD6hbkNYXkg%3D%3D%7CMJJdmScXeWFhFQqasgwXjQ%3D%3D' }
08-22 17:16:43.509 I/MpvBridgeModule(17565): [PlaybackTrace][Bridge][loadFile] nativeLoadFile returned
08-22 17:16:43.509 I/ReactNativeJS(17565): '[INFO]', '[PlaybackTrace][Controller][loadAndResume:loaded]', 'https://prod-1.storage.jamendo.com/?trackid=1593988&format=mp31&from=%2FV3E9Qwm8kkOD6hbkNYXkg%3D%3D%7CMJJdmScXeWFhFQqasgwXjQ%3D%3D'
08-22 17:16:43.511 I/ReactNativeJS(17565): '[INFO]', '[PlaybackTrace][JS][resume:call]'
08-22 17:16:43.512 I/ReactNativeJS(17565): '[INFO]', '[PlaybackTrace][Controller][loadAndResume:resumed]', 'https://prod-1.storage.jamendo.com/?trackid=1593988&format=mp31&from=%2FV3E9Qwm8kkOD6hbkNYXkg%3D%3D%7CMJJdmScXeWFhFQqasgwXjQ%3D%3D'
08-22 17:16:43.512 I/MpvJNI  (17565): [PlaybackTrace][Native][play] pause=no result=0
08-22 17:16:43.512 I/MpvBridgeModule(17565): [PlaybackTrace][Bridge][play] nativePlay returned
08-22 17:16:43.512 I/MpvEvent(17565): [PlaybackTrace][Native][mpv-log] prefix=cplayer level=v text=Set property: pause="no" -> 1
08-22 17:16:43.512 D/mpv     (17565): [cplayer] v: Set property: pause="no" -> 1
08-22 17:16:43.545 I/MpvEvent(17565): [PlaybackTrace][Native][mpv-log] prefix=ffmpeg level=error text=tls: mbedtls_ssl_handshake returned -0x7280
08-22 17:16:43.545 D/mpv     (17565): [ffmpeg] error: tls: mbedtls_ssl_handshake returned -0x7280
08-22 17:16:43.545 E/MpvEvent(17565): [PlaybackTrace][Native][dispatch:error] code=-1 message=tls: mbedtls_ssl_handshake returned -0x7280
08-22 17:16:43.545 E/MPVLib  (17565): onNativeError: code=-1 msg=tls: mbedtls_ssl_handshake returned -0x7280
08-22 17:16:43.545 E/MpvBridgeModule(17565): [PlaybackTrace][Bridge][listener:error] code=-1 message=tls: mbedtls_ssl_handshake returned -0x7280
08-22 17:16:43.554 I/MpvEvent(17565): [PlaybackTrace][Native][dispatch:event] name=endFile payload={"reason":2,"error":0}
08-22 17:16:43.554 D/MPVLib  (17565): onNativeEvent: endFile {"reason":2,"error":0}
08-22 17:16:43.555 I/MpvBridgeModule(17565): [PlaybackTrace][Bridge][listener:event] name=endFile payload={"reason":2,"error":0}
08-22 17:16:43.557 I/MpvEvent(17565): [PlaybackTrace][Native][mpv-log] prefix=cplayer level=v text=Opening failed or was aborted: https://prod-1.storage.jamendo.com/?trackid=1593988&format=mp31&from=%2FV3E9Qwm8kkOD6hbkNYXkg%3D%3D%7CMJJdmScXeWFhFQqasgwXjQ%3D%3D
08-22 17:16:43.557 D/mpv     (17565): [cplayer] v: Opening failed or was aborted: https://prod-1.storage.jamendo.com/?trackid=1593988&format=mp31&from=%2FV3E9Qwm8kkOD6hbkNYXkg%3D%3D%7CMJJdmScXeWFhFQqasgwXjQ%3D%3D
08-22 17:16:43.564 I/MpvJNI  (17565): [PlaybackTrace][Native][getDuration] result=-10 duration=0.000000
08-22 17:16:43.564 D/MpvBridgeModule(17565): [PlaybackTrace][Bridge][getDuration] ptr=131217388352464 duration=0.0
08-22 17:16:43.771 I/ReactNativeJS(17565): '[INFO]', '[PlaybackTrace][JS][resume:call]'
08-22 17:16:43.775 I/MpvJNI  (17565): [PlaybackTrace][Native][play] pause=no result=0
08-22 17:16:43.775 I/MpvBridgeModule(17565): [PlaybackTrace][Bridge][play] nativePlay returned
08-22 17:16:43.776 I/MpvEvent(17565): [PlaybackTrace][Native][mpv-log] prefix=cplayer level=v text=Set property: pause="no" -> 1
08-22 17:16:43.776 D/mpv     (17565): [cplayer] v: Set property: pause="no" -> 1
08-22 17:16:43.820 I/MpvJNI  (17565): [PlaybackTrace][Native][getDuration] result=-10 duration=0.000000
08-22 17:16:43.820 D/MpvBridgeModule(17565): [PlaybackTrace][Bridge][getDuration] ptr=131217388352464 duration=0.0
08-22 17:16:43.820 D/MpvBridgeModule(17565): [PlaybackTrace][Bridge][getPlaybackState] ptr=131217388352464 state=playing idle=false eof=false pause=false
08-22 17:16:43.840 D/MediaSessionService(  695): onSessionPlaybackStateChanged: record=com.simba.player/MediaNotification/27 (userId=0) playbackState=PlaybackState {state=PLAYING(3), position=0, buffered position=0, speed=1.0, updated=155100711, actions=823, custom actions=[], active item id=-1, error=null}
08-22 17:16:44.260 I/MpvEvent(17565): [PlaybackTrace][Native][mpv-log] prefix=ffmpeg level=v text=Mime-type: 'audio/mpeg'
08-22 17:16:44.261 D/mpv     (17565): [ffmpeg] v: Mime-type: 'audio/mpeg'
08-22 17:16:44.385 I/MpvJNI  (17565): [PlaybackTrace][Native][getDuration] result=-10 duration=0.000000
08-22 17:16:44.385 D/MpvBridgeModule(17565): [PlaybackTrace][Bridge][getDuration] ptr=131217388352464 duration=0.0
08-22 17:16:44.385 D/MpvBridgeModule(17565): [PlaybackTrace][Bridge][getPlaybackState] ptr=131217388352464 state=playing idle=false eof=false pause=false
08-22 17:16:44.469 I/MpvEvent(17565): [PlaybackTrace][Native][property] name=cache-buffering-state format=6 value=null
08-22 17:16:44.469 I/MpvEvent(17565): [PlaybackTrace][Native][dispatch:property] name=cache-buffering-state value=null
08-22 17:16:44.469 D/MPVLib  (17565): onNativePropertyChanged: cache-buffering-state = null
08-22 17:16:44.469 I/MpvBridgeModule(17565): [PlaybackTrace][Bridge][listener:property] name=cache-buffering-state value=null
08-22 17:16:44.473 I/MpvEvent(17565): [PlaybackTrace][Native][eventLoop] MPV_EVENT_AUDIO_RECONFIG
08-22 17:16:44.473 I/MpvEvent(17565): [PlaybackTrace][Native][dispatch:event] name=audioReconfig payload={}
08-22 17:16:44.473 I/MpvBridgeModule(17565): [PlaybackTrace][Bridge][listener:event] name=audioReconfig payload={}
08-22 17:16:44.475 I/MpvEvent(17565): [PlaybackTrace][Native][eventLoop] MPV_EVENT_AUDIO_RECONFIG
08-22 17:16:44.475 I/MpvEvent(17565): [PlaybackTrace][Native][dispatch:event] name=audioReconfig payload={}
08-22 17:16:44.475 I/MpvBridgeModule(17565): [PlaybackTrace][Bridge][listener:event] name=audioReconfig payload={}
08-22 17:16:44.479 I/ReactNativeJS(17565): '[INFO]', '[PlaybackTrace][Controller][event:onFileLoaded]', { fileUri: 'https://prod-1.storage.jamendo.com/?trackid=1593988&format=mp31&from=%2FV3E9Qwm8kkOD6hbkNYXkg%3D%3D%7CMJJdmScXeWFhFQqasgwXjQ%3D%3D',
08-22 17:16:44.480 I/MpvEvent(17565): [PlaybackTrace][Native][mpv-log] prefix=cplayer level=info text=ΓùÅ Audio  --aid=1  (mp3 2ch 44100 Hz 96 kbps)
08-22 17:16:44.480 D/mpv     (17565): [cplayer] info: ΓùÅ Audio  --aid=1  (mp3 2ch 44100 Hz 96 kbps)
08-22 17:16:44.482 I/MpvEvent(17565): [PlaybackTrace][Native][property] name=paused-for-cache format=6 value=null
08-22 17:16:44.482 I/MpvEvent(17565): [PlaybackTrace][Native][dispatch:property] name=paused-for-cache value=null
08-22 17:16:44.482 D/MPVLib  (17565): onNativePropertyChanged: paused-for-cache = null
08-22 17:16:44.482 I/MpvBridgeModule(17565): [PlaybackTrace][Bridge][listener:property] name=paused-for-cache value=null
08-22 17:16:44.484 I/MpvEvent(17565): [PlaybackTrace][Native][property] name=seekable format=6 value=null
08-22 17:16:44.484 I/MpvEvent(17565): [PlaybackTrace][Native][dispatch:property] name=seekable value=null
08-22 17:16:44.485 I/MpvBridgeModule(17565): [PlaybackTrace][Bridge][listener:property] name=seekable value=null
08-22 17:16:44.494 I/MpvEvent(17565): [PlaybackTrace][Native][mpv-log] prefix=ad level=v text=    mp3float (mp3) - MP3 (MPEG audio layer 3)
08-22 17:16:44.495 I/MpvEvent(17565): [PlaybackTrace][Native][mpv-log] prefix=ad level=v text=    mp3 - MP3 (MPEG audio layer 3)
08-22 17:16:44.495 I/MpvEvent(17565): [PlaybackTrace][Native][mpv-log] prefix=ad level=v text=Selected decoder: mp3float - MP3 (MPEG audio layer 3)
08-22 17:16:44.495 I/MpvEvent(17565): [PlaybackTrace][Native][mpv-log] prefix=cplayer level=info text=Displaying cover art. Use --no-audio-display to prevent this.
08-22 17:16:44.495 D/mpv     (17565): [cplayer] info: Displaying cover art. Use --no-audio-display to prevent this.
08-22 17:16:44.499 I/MpvEvent(17565): [PlaybackTrace][Native][mpv-log] prefix=ao level=v text=Trying audio driver 'audiotrack'
08-22 17:16:44.499 I/MpvEvent(17565): [PlaybackTrace][Native][mpv-log] prefix=ao/audiotrack level=v text=requested format: 44100 Hz, stereo channels, floatp
08-22 17:16:44.499 D/mpv     (17565): [ao/audiotrack] v: requested format: 44100 Hz, stereo channels, floatp
08-22 17:16:44.499 I/MpvEvent(17565): [PlaybackTrace][Native][mpv-log] prefix=ao/audiotrack level=v text=AudioTrack.nativeOutputSampleRate = 48000
08-22 17:16:44.499 D/mpv     (17565): [ao/audiotrack] v: AudioTrack.nativeOutputSampleRate = 48000
08-22 17:16:44.500 I/MpvEvent(17565): [PlaybackTrace][Native][mpv-log] prefix=ao/audiotrack level=v text=Channel layouts:
08-22 17:16:44.500 D/mpv     (17565): [ao/audiotrack] v: Channel layouts:
08-22 17:16:44.500 I/MpvEvent(17565): [PlaybackTrace][Native][mpv-log] prefix=ao/audiotrack level=v text= - mono
08-22 17:16:44.500 D/mpv     (17565): [ao/audiotrack] v:  - mono
08-22 17:16:44.500 I/MpvEvent(17565): [PlaybackTrace][Native][mpv-log] prefix=ao/audiotrack level=v text= - stereo
08-22 17:16:44.500 D/mpv     (17565): [ao/audiotrack] v:  - stereo
08-22 17:16:44.500 I/MpvEvent(17565): [PlaybackTrace][Native][mpv-log] prefix=ao/audiotrack level=v text= - 3.0
08-22 17:16:44.500 D/mpv     (17565): [ao/audiotrack] v:  - 3.0
08-22 17:16:44.500 I/MpvEvent(17565): [PlaybackTrace][Native][mpv-log] prefix=ao/audiotrack level=v text= - quad
08-22 17:16:44.500 D/mpv     (17565): [ao/audiotrack] v:  - quad
08-22 17:16:44.500 I/MpvEvent(17565): [PlaybackTrace][Native][mpv-log] prefix=ao/audiotrack level=v text= - 5.0
08-22 17:16:44.500 D/mpv     (17565): [ao/audiotrack] v:  - 5.0
08-22 17:16:44.500 I/MpvEvent(17565): [PlaybackTrace][Native][mpv-log] prefix=ao/audiotrack level=v text= - 5.1
08-22 17:16:44.500 D/mpv     (17565): [ao/audiotrack] v:  - 5.1
08-22 17:16:44.501 I/MpvEvent(17565): [PlaybackTrace][Native][mpv-log] prefix=ao/audiotrack level=v text= - 6.1(back)
08-22 17:16:44.501 D/mpv     (17565): [ao/audiotrack] v:  - 6.1(back)
08-22 17:16:44.501 I/MpvEvent(17565): [PlaybackTrace][Native][mpv-log] prefix=ao/audiotrack level=v text= - 7.1
08-22 17:16:44.501 D/mpv     (17565): [ao/audiotrack] v:  - 7.1
08-22 17:16:44.501 I/MpvEvent(17565): [PlaybackTrace][Native][mpv-log] prefix=ao/audiotrack level=v text=result: stereo
08-22 17:16:44.501 D/mpv     (17565): [ao/audiotrack] v: result: stereo
08-22 17:16:44.502 I/MpvEvent(17565): [PlaybackTrace][Native][mpv-log] prefix=ao/audiotrack level=v text=Setting bufferSize = 52920 (driver=32096, min=26460, max=52920)
08-22 17:16:44.502 D/mpv     (17565): [ao/audiotrack] v: Setting bufferSize = 52920 (driver=32096, min=26460, max=52920)
08-22 17:16:44.502 I/MpvEvent(17565): [PlaybackTrace][Native][mpv-log] prefix=ao/audiotrack level=v text=Using NIO ByteBuffer
08-22 17:16:44.502 D/mpv     (17565): [ao/audiotrack] v: Using NIO ByteBuffer
08-22 17:16:44.502 I/MpvEvent(17565): [PlaybackTrace][Native][mpv-log] prefix=ao/audiotrack level=v text=Using API21 initializer
08-22 17:16:44.502 D/mpv     (17565): [ao/audiotrack] v: Using API21 initializer
08-22 17:16:44.505 I/MpvEvent(17565): [PlaybackTrace][Native][mpv-log] prefix=ao/audiotrack level=v text=AudioTrack.getBufferSizeInFrames = 6615
08-22 17:16:44.505 D/mpv     (17565): [ao/audiotrack] v: AudioTrack.getBufferSizeInFrames = 6615
08-22 17:16:44.506 I/MpvEvent(17565): [PlaybackTrace][Native][mpv-log] prefix=ao/audiotrack level=v text=device buffer: 6615 samples.
08-22 17:16:44.506 D/mpv     (17565): [ao/audiotrack] v: device buffer: 6615 samples.
08-22 17:16:44.506 I/MpvEvent(17565): [PlaybackTrace][Native][mpv-log] prefix=ao/audiotrack level=v text=using soft-buffer of 8820 samples.
08-22 17:16:44.506 D/mpv     (17565): [ao/audiotrack] v: using soft-buffer of 8820 samples.
08-22 17:16:44.506 I/MpvEvent(17565): [PlaybackTrace][Native][mpv-log] prefix=cplayer level=info text=AO: [audiotrack] 44100Hz stereo 2ch float
08-22 17:16:44.506 D/mpv     (17565): [cplayer] info: AO: [audiotrack] 44100Hz stereo 2ch float
08-22 17:16:44.506 I/MpvEvent(17565): [PlaybackTrace][Native][mpv-log] prefix=cplayer level=v text=AO: Description: Android AudioTrack audio output
08-22 17:16:44.506 D/mpv     (17565): [cplayer] v: AO: Description: Android AudioTrack audio output
08-22 17:16:44.506 I/MpvEvent(17565): [PlaybackTrace][Native][eventLoop] MPV_EVENT_AUDIO_RECONFIG
08-22 17:16:44.506 I/MpvEvent(17565): [PlaybackTrace][Native][dispatch:event] name=audioReconfig payload={}
08-22 17:16:44.506 I/MpvBridgeModule(17565): [PlaybackTrace][Bridge][listener:event] name=audioReconfig payload={}
08-22 17:16:44.528 I/MpvEvent(17565): [PlaybackTrace][Native][property] name=demuxer-cache-state format=6 value=null
08-22 17:16:44.528 I/MpvEvent(17565): [PlaybackTrace][Native][dispatch:property] name=demuxer-cache-state value=null
08-22 17:16:44.529 D/MPVLib  (17565): onNativePropertyChanged: demuxer-cache-state = null
08-22 17:16:44.529 I/MpvBridgeModule(17565): [PlaybackTrace][Bridge][listener:property] name=demuxer-cache-state value=null
08-22 17:16:44.533 I/MpvEvent(17565): [PlaybackTrace][Native][mpv-log] prefix=cplayer level=v text=audio ready
08-22 17:16:44.533 D/mpv     (17565): [cplayer] v: audio ready
08-22 17:16:44.535 I/MpvEvent(17565): [PlaybackTrace][Native][mpv-log] prefix=cplayer level=v text=starting audio playback
08-22 17:16:44.535 D/mpv     (17565): [cplayer] v: starting audio playback
08-22 17:16:44.543 I/MpvEvent(17565): [PlaybackTrace][Native][mpv-log] prefix=cplayer level=v text=playback restart complete @ 0.000001, audio=playing, video=eof
08-22 17:16:44.543 D/mpv     (17565): [cplayer] v: playback restart complete @ 0.000001, audio=playing, video=eof
08-22 17:16:44.551 I/MpvJNI  (17565): [PlaybackTrace][Native][getDuration] result=0 duration=149.696033
08-22 17:16:44.551 D/MpvBridgeModule(17565): [PlaybackTrace][Bridge][getDuration] ptr=131217388352464 duration=149.69603333333333
08-22 17:16:44.554 I/MpvEvent(17565): [PlaybackTrace][Native][mpv-log] prefix=cplayer level=warn text=Audio device underrun detected.
08-22 17:16:44.554 D/mpv     (17565): [cplayer] warn: Audio device underrun detected.
08-22 17:16:44.554 I/MpvEvent(17565): [PlaybackTrace][Native][mpv-log] prefix=cplayer level=v text=restarting audio after underrun
08-22 17:16:44.554 D/mpv     (17565): [cplayer] v: restarting audio after underrun
08-22 17:16:44.733 I/MpvEvent(17565): [PlaybackTrace][Native][property] name=demuxer-cache-state format=6 value=null
08-22 17:16:44.733 I/MpvEvent(17565): [PlaybackTrace][Native][dispatch:property] name=demuxer-cache-state value=null
08-22 17:16:44.733 D/MPVLib  (17565): onNativePropertyChanged: demuxer-cache-state = null
08-22 17:16:44.733 I/MpvBridgeModule(17565): [PlaybackTrace][Bridge][listener:property] name=demuxer-cache-state value=null
08-22 17:16:44.794 I/MpvJNI  (17565): [PlaybackTrace][Native][getDuration] result=0 duration=149.696033
08-22 17:16:44.794 D/MpvBridgeModule(17565): [PlaybackTrace][Bridge][getDuration] ptr=131217388352464 duration=149.69603333333333
08-22 17:16:44.810 I/system_server(  695): Background young concurrent mark compact GC freed 22MB AllocSpace bytes, 2(64KB) LOS objects, 39% free, 36MB/60MB, paused 2.574ms,64.636ms total 100.732ms
08-22 17:16:44.992 I/MpvEvent(17565): [PlaybackTrace][Native][property] name=demuxer-cache-state format=6 value=null
08-22 17:16:44.992 I/MpvEvent(17565): [PlaybackTrace][Native][dispatch:property] name=demuxer-cache-state value=null
08-22 17:16:44.992 D/MPVLib  (17565): onNativePropertyChanged: demuxer-cache-state = null
08-22 17:16:44.993 I/MpvBridgeModule(17565): [PlaybackTrace][Bridge][listener:property] name=demuxer-cache-state value=null
08-22 17:16:45.000 I/MpvJNI  (17565): [PlaybackTrace][Native][getDuration] result=0 duration=149.696033
08-22 17:16:45.000 D/MpvBridgeModule(17565): [PlaybackTrace][Bridge][getDuration] ptr=131217388352464 duration=149.69603333333333
08-22 17:16:45.003 D/MpvBridgeModule(17565): [PlaybackTrace][Bridge][getPlaybackState] ptr=131217388352464 state=playing idle=false eof=false pause=false
08-22 17:16:45.024 I/MpvJNI  (17565): [PlaybackTrace][Native][getDuration] result=0 duration=149.696033
08-22 17:16:45.025 D/MpvBridgeModule(17565): [PlaybackTrace][Bridge][getDuration] ptr=131217388352464 duration=149.69603333333333
08-22 17:16:45.037 D/MediaSessionService(  695): onSessionPlaybackStateChanged: record=com.simba.player/MediaNotification/27 (userId=0) playbackState=PlaybackState {state=PLAYING(3), position=0, buffered position=0, speed=1.0, updated=155101908, actions=823, custom actions=[], active item id=-1, error=null}
08-22 17:16:45.244 I/MpvEvent(17565): [PlaybackTrace][Native][property] name=demuxer-cache-state format=6 value=null
08-22 17:16:45.244 I/MpvEvent(17565): [PlaybackTrace][Native][dispatch:property] name=demuxer-cache-state value=null
08-22 17:16:45.244 D/MPVLib  (17565): onNativePropertyChanged: demuxer-cache-state = null
08-22 17:16:45.244 I/MpvBridgeModule(17565): [PlaybackTrace][Bridge][listener:property] name=demuxer-cache-state value=null
08-22 17:16:45.302 I/MpvJNI  (17565): [PlaybackTrace][Native][getDuration] result=0 duration=149.696033
08-22 17:16:45.302 D/MpvBridgeModule(17565): [PlaybackTrace][Bridge][getDuration] ptr=131217388352464 duration=149.69603333333333
08-22 17:16:45.481 I/MpvJNI  (17565): [PlaybackTrace][Native][getDuration] result=0 duration=149.696033
08-22 17:16:45.481 D/MpvBridgeModule(17565): [PlaybackTrace][Bridge][getDuration] ptr=131217388352464 duration=149.69603333333333
08-22 17:16:45.481 D/MpvBridgeModule(17565): [PlaybackTrace][Bridge][getPlaybackState] ptr=131217388352464 state=playing idle=false eof=false pause=false
08-22 17:16:45.495 I/MpvEvent(17565): [PlaybackTrace][Native][property] name=demuxer-cache-state format=6 value=null
08-22 17:16:45.496 I/MpvEvent(17565): [PlaybackTrace][Native][dispatch:property] name=demuxer-cache-state value=null
08-22 17:16:45.496 D/MPVLib  (17565): onNativePropertyChanged: demuxer-cache-state = null
08-22 17:16:45.496 I/MpvBridgeModule(17565): [PlaybackTrace][Bridge][listener:property] name=demuxer-cache-state value=null
08-22 17:16:45.506 I/MpvJNI  (17565): [PlaybackTrace][Native][getDuration] result=0 duration=149.696033
08-22 17:16:45.506 D/MpvBridgeModule(17565): [PlaybackTrace][Bridge][getDuration] ptr=131217388352464 duration=149.69603333333333
08-22 17:16:45.745 I/MpvJNI  (17565): [PlaybackTrace][Native][getDuration] result=0 duration=149.696033
08-22 17:16:45.745 D/MpvBridgeModule(17565): [PlaybackTrace][Bridge][getDuration] ptr=131217388352464 duration=149.69603333333333
08-22 17:16:45.746 I/MpvEvent(17565): [PlaybackTrace][Native][property] name=demuxer-cache-state format=6 value=null
08-22 17:16:45.746 I/MpvEvent(17565): [PlaybackTrace][Native][dispatch:property] name=demuxer-cache-state value=null
08-22 17:16:45.748 D/MPVLib  (17565): onNativePropertyChanged: demuxer-cache-state = null
08-22 17:16:45.749 I/MpvBridgeModule(17565): [PlaybackTrace][Bridge][listener:property] name=demuxer-cache-state value=null
08-22 17:16:45.902 I/MpvJNI  (17565): [PlaybackTrace][Native][getDuration] result=0 duration=149.696033
08-22 17:16:45.902 D/MpvBridgeModule(17565): [PlaybackTrace][Bridge][getDuration] ptr=131217388352464 duration=149.69603333333333
08-22 17:16:45.903 D/MpvBridgeModule(17565): [PlaybackTrace][Bridge][getPlaybackState] ptr=131217388352464 state=playing idle=false eof=false pause=false
08-22 17:16:45.912 I/MpvJNI  (17565): [PlaybackTrace][Native][getDuration] result=0 duration=149.696033
08-22 17:16:45.912 D/MpvBridgeModule(17565): [PlaybackTrace][Bridge][getDuration] ptr=131217388352464 duration=149.69603333333333
08-22 17:16:45.917 D/MediaSessionService(  695): onSessionPlaybackStateChanged: record=com.simba.player/MediaNotification/27 (userId=0) playbackState=PlaybackState {state=PLAYING(3), position=1, buffered position=0, speed=1.0, updated=155102788, actions=823, custom actions=[], active item id=-1, error=null}
08-22 17:16:46.001 I/MpvEvent(17565): [PlaybackTrace][Native][property] name=demuxer-cache-state format=6 value=null
08-22 17:16:46.001 I/MpvEvent(17565): [PlaybackTrace][Native][dispatch:property] name=demuxer-cache-state value=null
08-22 17:16:46.002 D/MPVLib  (17565): onNativePropertyChanged: demuxer-cache-state = null
08-22 17:16:46.002 I/MpvBridgeModule(17565): [PlaybackTrace][Bridge][listener:property] name=demuxer-cache-state value=null
08-22 17:16:46.105 I/ReactNativeJS(17565): '[INFO]', '[PlaybackTrace][Controller][loadAndResume:before]', { uri: 'https://prod-1.storage.jamendo.com/?trackid=1593988&format=mp31&from=%2FV3E9Qwm8kkOD6hbkNYXkg%3D%3D%7CMJJdmScXeWFhFQqasgwXjQ%3D%3D',
08-22 17:16:46.105 I/ReactNativeJS(17565): '[INFO]', '[PlaybackTrace][JS][loadFile:call]', { requestedPath: 'https://prod-1.storage.jamendo.com/?trackid=1593988&format=mp31&from=%2FV3E9Qwm8kkOD6hbkNYXkg%3D%3D%7CMJJdmScXeWFhFQqasgwXjQ%3D%3D',
08-22 17:16:46.107 I/MpvBridgeModule(17565): [PlaybackTrace][Bridge][loadFile] nativeLoadFile returned
08-22 17:16:46.107 I/ReactNativeJS(17565): '[INFO]', '[PlaybackTrace][JS][loadFile:return]', { resolvedPath: 'https://prod-1.storage.jamendo.com/?trackid=1593988&format=mp31&from=%2FV3E9Qwm8kkOD6hbkNYXkg%3D%3D%7CMJJdmScXeWFhFQqasgwXjQ%3D%3D' }
08-22 17:16:46.107 I/ReactNativeJS(17565): '[INFO]', '[PlaybackTrace][Controller][loadAndResume:loaded]', 'https://prod-1.storage.jamendo.com/?trackid=1593988&format=mp31&from=%2FV3E9Qwm8kkOD6hbkNYXkg%3D%3D%7CMJJdmScXeWFhFQqasgwXjQ%3D%3D'
08-22 17:16:46.108 I/ReactNativeJS(17565): '[INFO]', '[PlaybackTrace][JS][resume:call]'
08-22 17:16:46.108 I/ReactNativeJS(17565): '[INFO]', '[PlaybackTrace][Controller][loadAndResume:resumed]', 'https://prod-1.storage.jamendo.com/?trackid=1593988&format=mp31&from=%2FV3E9Qwm8kkOD6hbkNYXkg%3D%3D%7CMJJdmScXeWFhFQqasgwXjQ%3D%3D'
08-22 17:16:46.116 I/MpvEvent(17565): [PlaybackTrace][Native][eventLoop] MPV_EVENT_AUDIO_RECONFIG
08-22 17:16:46.117 I/MpvEvent(17565): [PlaybackTrace][Native][dispatch:event] name=audioReconfig payload={}
08-22 17:16:46.118 I/MpvBridgeModule(17565): [PlaybackTrace][Bridge][listener:event] name=audioReconfig payload={}
08-22 17:16:46.122 I/MpvEvent(17565): [PlaybackTrace][Native][eventLoop] MPV_EVENT_AUDIO_RECONFIG
08-22 17:16:46.122 I/MpvEvent(17565): [PlaybackTrace][Native][dispatch:event] name=audioReconfig payload={}
08-22 17:16:46.122 I/MpvBridgeModule(17565): [PlaybackTrace][Bridge][listener:event] name=audioReconfig payload={}
08-22 17:16:46.125 I/MpvJNI  (17565): [PlaybackTrace][Native][play] pause=no result=0
08-22 17:16:46.125 I/MpvBridgeModule(17565): [PlaybackTrace][Bridge][play] nativePlay returned
08-22 17:16:46.126 I/MpvEvent(17565): [PlaybackTrace][Native][mpv-log] prefix=cplayer level=v text=Set property: pause="no" -> 1
08-22 17:16:46.126 D/mpv     (17565): [cplayer] v: Set property: pause="no" -> 1
08-22 17:16:46.133 I/MpvJNI  (17565): [PlaybackTrace][Native][getDuration] result=-10 duration=0.000000
08-22 17:16:46.133 D/MpvBridgeModule(17565): [PlaybackTrace][Bridge][getDuration] ptr=131217388352464 duration=0.0
08-22 17:16:46.209 I/MpvEvent(17565): [PlaybackTrace][Native][dispatch:event] name=endFile payload={"reason":2,"error":0}
08-22 17:16:46.210 D/MPVLib  (17565): onNativeEvent: endFile {"reason":2,"error":0}
08-22 17:16:46.213 I/MpvBridgeModule(17565): [PlaybackTrace][Bridge][listener:event] name=endFile payload={"reason":2,"error":0}
08-22 17:16:46.225 I/MpvEvent(17565): [PlaybackTrace][Native][eventLoop] property=cache-buffering-state format=NONE
08-22 17:16:46.225 I/MpvEvent(17565): [PlaybackTrace][Native][eventLoop] property=paused-for-cache format=NONE
08-22 17:16:46.225 I/MpvEvent(17565): [PlaybackTrace][Native][eventLoop] property=demuxer-cache-state format=NONE
08-22 17:16:46.225 I/MpvEvent(17565): [PlaybackTrace][Native][eventLoop] property=seekable format=NONE
08-22 17:16:46.371 I/ReactNativeJS(17565): '[INFO]', '[PlaybackTrace][JS][resume:call]'
08-22 17:16:46.375 I/MpvJNI  (17565): [PlaybackTrace][Native][play] pause=no result=0
08-22 17:16:46.376 I/MpvEvent(17565): [PlaybackTrace][Native][mpv-log] prefix=cplayer level=v text=Set property: pause="no" -> 1
08-22 17:16:46.376 I/MpvBridgeModule(17565): [PlaybackTrace][Bridge][play] nativePlay returned
08-22 17:16:46.376 D/mpv     (17565): [cplayer] v: Set property: pause="no" -> 1
08-22 17:16:46.420 I/MpvJNI  (17565): [PlaybackTrace][Native][getDuration] result=-10 duration=0.000000
08-22 17:16:46.420 D/MpvBridgeModule(17565): [PlaybackTrace][Bridge][getDuration] ptr=131217388352464 duration=0.0
08-22 17:16:46.421 D/MpvBridgeModule(17565): [PlaybackTrace][Bridge][getPlaybackState] ptr=131217388352464 state=playing idle=false eof=false pause=false
08-22 17:16:46.429 I/MpvJNI  (17565): [PlaybackTrace][Native][getDuration] result=-10 duration=0.000000
08-22 17:16:46.429 D/MpvBridgeModule(17565): [PlaybackTrace][Bridge][getDuration] ptr=131217388352464 duration=0.0
08-22 17:16:46.864 I/MpvEvent(17565): [PlaybackTrace][Native][mpv-log] prefix=ffmpeg level=v text=Mime-type: 'audio/mpeg'
08-22 17:16:46.864 D/mpv     (17565): [ffmpeg] v: Mime-type: 'audio/mpeg'
08-22 17:16:46.870 I/MpvJNI  (17565): [PlaybackTrace][Native][getDuration] result=-10 duration=0.000000
08-22 17:16:46.870 D/MpvBridgeModule(17565): [PlaybackTrace][Bridge][getDuration] ptr=131217388352464 duration=0.0
08-22 17:16:46.870 D/MpvBridgeModule(17565): [PlaybackTrace][Bridge][getPlaybackState] ptr=131217388352464 state=playing idle=false eof=false pause=false
08-22 17:16:46.887 D/MediaSessionService(  695): onSessionPlaybackStateChanged: record=com.simba.player/MediaNotification/27 (userId=0) playbackState=PlaybackState {state=PLAYING(3), position=0, buffered position=0, speed=1.0, updated=155103758, actions=823, custom actions=[], active item id=-1, error=null}
08-22 17:16:47.069 I/MpvEvent(17565): [PlaybackTrace][Native][property] name=cache-buffering-state format=6 value=null
08-22 17:16:47.069 I/MpvEvent(17565): [PlaybackTrace][Native][dispatch:property] name=cache-buffering-state value=null
08-22 17:16:47.069 D/MPVLib  (17565): onNativePropertyChanged: cache-buffering-state = null
08-22 17:16:47.069 I/MpvBridgeModule(17565): [PlaybackTrace][Bridge][listener:property] name=cache-buffering-state value=null
08-22 17:16:47.071 I/MpvEvent(17565): [PlaybackTrace][Native][property] name=demuxer-cache-state format=6 value=null
08-22 17:16:47.071 I/MpvEvent(17565): [PlaybackTrace][Native][dispatch:property] name=demuxer-cache-state value=null
08-22 17:16:47.071 D/MPVLib  (17565): onNativePropertyChanged: demuxer-cache-state = null
08-22 17:16:47.071 I/MpvBridgeModule(17565): [PlaybackTrace][Bridge][listener:property] name=demuxer-cache-state value=null
08-22 17:16:47.075 I/MpvEvent(17565): [PlaybackTrace][Native][mpv-log] prefix=cplayer level=info text=ΓùÅ Audio  --aid=1  (mp3 2ch 44100 Hz 96 kbps)
08-22 17:16:47.075 D/mpv     (17565): [cplayer] info: ΓùÅ Audio  --aid=1  (mp3 2ch 44100 Hz 96 kbps)
08-22 17:16:47.106 I/MpvEvent(17565): [PlaybackTrace][Native][eventLoop] MPV_EVENT_AUDIO_RECONFIG
08-22 17:16:47.106 I/MpvEvent(17565): [PlaybackTrace][Native][dispatch:event] name=audioReconfig payload={}
08-22 17:16:47.106 I/MpvBridgeModule(17565): [PlaybackTrace][Bridge][listener:event] name=audioReconfig payload={}
08-22 17:16:47.120 I/MpvEvent(17565): [PlaybackTrace][Native][eventLoop] MPV_EVENT_AUDIO_RECONFIG
08-22 17:16:47.120 I/MpvEvent(17565): [PlaybackTrace][Native][dispatch:event] name=audioReconfig payload={}
08-22 17:16:47.120 I/MpvBridgeModule(17565): [PlaybackTrace][Bridge][listener:event] name=audioReconfig payload={}
08-22 17:16:47.129 I/MpvEvent(17565): [PlaybackTrace][Native][mpv-log] prefix=ad level=v text=    mp3float (mp3) - MP3 (MPEG audio layer 3)
08-22 17:16:47.129 I/MpvEvent(17565): [PlaybackTrace][Native][mpv-log] prefix=ad level=v text=    mp3 - MP3 (MPEG audio layer 3)
08-22 17:16:47.130 I/MpvEvent(17565): [PlaybackTrace][Native][mpv-log] prefix=ad level=v text=Selected decoder: mp3float - MP3 (MPEG audio layer 3)
08-22 17:16:47.130 I/MpvEvent(17565): [PlaybackTrace][Native][mpv-log] prefix=cplayer level=info text=Displaying cover art. Use --no-audio-display to prevent this.
08-22 17:16:47.130 D/mpv     (17565): [cplayer] info: Displaying cover art. Use --no-audio-display to prevent this.
08-22 17:16:47.134 I/MpvEvent(17565): [PlaybackTrace][Native][property] name=paused-for-cache format=6 value=null
08-22 17:16:47.134 I/MpvEvent(17565): [PlaybackTrace][Native][dispatch:property] name=paused-for-cache value=null
08-22 17:16:47.148 D/MPVLib  (17565): onNativePropertyChanged: paused-for-cache = null
08-22 17:16:47.148 I/MpvBridgeModule(17565): [PlaybackTrace][Bridge][listener:property] name=paused-for-cache value=null
08-22 17:16:47.175 I/MpvEvent(17565): [PlaybackTrace][Native][property] name=seekable format=6 value=null
08-22 17:16:47.175 I/MpvEvent(17565): [PlaybackTrace][Native][dispatch:property] name=seekable value=null
08-22 17:16:47.176 I/MpvBridgeModule(17565): [PlaybackTrace][Bridge][listener:property] name=seekable value=null
08-22 17:16:47.180 I/MpvEvent(17565): [PlaybackTrace][Native][eventLoop] MPV_EVENT_AUDIO_RECONFIG
08-22 17:16:47.180 I/MpvEvent(17565): [PlaybackTrace][Native][dispatch:event] name=audioReconfig payload={}
08-22 17:16:47.181 I/MpvBridgeModule(17565): [PlaybackTrace][Bridge][listener:event] name=audioReconfig payload={}
08-22 17:16:47.193 I/MpvEvent(17565): [PlaybackTrace][Native][mpv-log] prefix=ao level=v text=Trying audio driver 'audiotrack'
08-22 17:16:47.193 I/MpvEvent(17565): [PlaybackTrace][Native][mpv-log] prefix=ao/audiotrack level=v text=requested format: 44100 Hz, stereo channels, floatp
08-22 17:16:47.193 D/mpv     (17565): [ao/audiotrack] v: requested format: 44100 Hz, stereo channels, floatp
08-22 17:16:47.194 I/MpvEvent(17565): [PlaybackTrace][Native][mpv-log] prefix=ao/audiotrack level=v text=AudioTrack.nativeOutputSampleRate = 48000
08-22 17:16:47.194 D/mpv     (17565): [ao/audiotrack] v: AudioTrack.nativeOutputSampleRate = 48000
08-22 17:16:47.194 I/MpvEvent(17565): [PlaybackTrace][Native][mpv-log] prefix=ao/audiotrack level=v text=Channel layouts:
08-22 17:16:47.194 D/mpv     (17565): [ao/audiotrack] v: Channel layouts:
08-22 17:16:47.194 I/MpvEvent(17565): [PlaybackTrace][Native][mpv-log] prefix=ao/audiotrack level=v text= - mono
08-22 17:16:47.194 D/mpv     (17565): [ao/audiotrack] v:  - mono
08-22 17:16:47.194 I/MpvEvent(17565): [PlaybackTrace][Native][mpv-log] prefix=ao/audiotrack level=v text= - stereo
08-22 17:16:47.194 D/mpv     (17565): [ao/audiotrack] v:  - stereo
08-22 17:16:47.195 I/MpvEvent(17565): [PlaybackTrace][Native][mpv-log] prefix=ao/audiotrack level=v text= - 3.0
08-22 17:16:47.195 D/mpv     (17565): [ao/audiotrack] v:  - 3.0
08-22 17:16:47.195 I/MpvEvent(17565): [PlaybackTrace][Native][mpv-log] prefix=ao/audiotrack level=v text= - quad
08-22 17:16:47.195 D/mpv     (17565): [ao/audiotrack] v:  - quad
08-22 17:16:47.195 I/MpvEvent(17565): [PlaybackTrace][Native][mpv-log] prefix=ao/audiotrack level=v text= - 5.0
08-22 17:16:47.197 D/mpv     (17565): [ao/audiotrack] v:  - 5.0
08-22 17:16:47.197 I/MpvEvent(17565): [PlaybackTrace][Native][mpv-log] prefix=ao/audiotrack level=v text= - 5.1
08-22 17:16:47.197 D/mpv     (17565): [ao/audiotrack] v:  - 5.1
08-22 17:16:47.197 I/MpvEvent(17565): [PlaybackTrace][Native][mpv-log] prefix=ao/audiotrack level=v text= - 6.1(back)
08-22 17:16:47.197 D/mpv     (17565): [ao/audiotrack] v:  - 6.1(back)
08-22 17:16:47.199 I/MpvEvent(17565): [PlaybackTrace][Native][mpv-log] prefix=ao/audiotrack level=v text= - 7.1
08-22 17:16:47.199 D/mpv     (17565): [ao/audiotrack] v:  - 7.1
08-22 17:16:47.200 I/MpvEvent(17565): [PlaybackTrace][Native][mpv-log] prefix=ao/audiotrack level=v text=result: stereo
08-22 17:16:47.200 D/mpv     (17565): [ao/audiotrack] v: result: stereo
08-22 17:16:47.200 I/MpvEvent(17565): [PlaybackTrace][Native][mpv-log] prefix=ao/audiotrack level=v text=Setting bufferSize = 52920 (driver=32096, min=26460, max=52920)
08-22 17:16:47.200 D/mpv     (17565): [ao/audiotrack] v: Setting bufferSize = 52920 (driver=32096, min=26460, max=52920)
08-22 17:16:47.200 I/MpvEvent(17565): [PlaybackTrace][Native][mpv-log] prefix=ao/audiotrack level=v text=Using NIO ByteBuffer
08-22 17:16:47.200 D/mpv     (17565): [ao/audiotrack] v: Using NIO ByteBuffer
08-22 17:16:47.200 I/MpvEvent(17565): [PlaybackTrace][Native][mpv-log] prefix=ao/audiotrack level=v text=Using API21 initializer
08-22 17:16:47.200 D/mpv     (17565): [ao/audiotrack] v: Using API21 initializer
08-22 17:16:47.200 I/MpvEvent(17565): [PlaybackTrace][Native][mpv-log] prefix=ao/audiotrack level=v text=AudioTrack.getBufferSizeInFrames = 6615
08-22 17:16:47.200 D/mpv     (17565): [ao/audiotrack] v: AudioTrack.getBufferSizeInFrames = 6615
08-22 17:16:47.202 I/MpvEvent(17565): [PlaybackTrace][Native][mpv-log] prefix=ao/audiotrack level=v text=device buffer: 6615 samples.
08-22 17:16:47.202 D/mpv     (17565): [ao/audiotrack] v: device buffer: 6615 samples.
08-22 17:16:47.203 I/MpvEvent(17565): [PlaybackTrace][Native][mpv-log] prefix=ao/audiotrack level=v text=using soft-buffer of 8820 samples.
08-22 17:16:47.203 D/mpv     (17565): [ao/audiotrack] v: using soft-buffer of 8820 samples.
08-22 17:16:47.203 I/MpvEvent(17565): [PlaybackTrace][Native][mpv-log] prefix=cplayer level=info text=AO: [audiotrack] 44100Hz stereo 2ch float
08-22 17:16:47.203 D/mpv     (17565): [cplayer] info: AO: [audiotrack] 44100Hz stereo 2ch float
08-22 17:16:47.203 I/MpvEvent(17565): [PlaybackTrace][Native][mpv-log] prefix=cplayer level=v text=AO: Description: Android AudioTrack audio output
08-22 17:16:47.203 D/mpv     (17565): [cplayer] v: AO: Description: Android AudioTrack audio output
08-22 17:16:47.208 I/MpvEvent(17565): [PlaybackTrace][Native][property] name=demuxer-cache-state format=6 value=null
08-22 17:16:47.208 I/MpvEvent(17565): [PlaybackTrace][Native][dispatch:property] name=demuxer-cache-state value=null
08-22 17:16:47.208 D/MPVLib  (17565): onNativePropertyChanged: demuxer-cache-state = null
08-22 17:16:47.211 I/ReactNativeJS(17565): '[INFO]', '[PlaybackTrace][Controller][event:onFileLoaded]', { fileUri: 'https://prod-1.storage.jamendo.com/?trackid=1593988&format=mp31&from=%2FV3E9Qwm8kkOD6hbkNYXkg%3D%3D%7CMJJdmScXeWFhFQqasgwXjQ%3D%3D',
08-22 17:16:47.212 I/MpvBridgeModule(17565): [PlaybackTrace][Bridge][listener:property] name=demuxer-cache-state value=null
08-22 17:16:47.216 I/MpvEvent(17565): [PlaybackTrace][Native][mpv-log] prefix=cplayer level=v text=audio ready
08-22 17:16:47.216 D/mpv     (17565): [cplayer] v: audio ready
08-22 17:16:47.216 I/MpvEvent(17565): [PlaybackTrace][Native][mpv-log] prefix=cplayer level=v text=starting audio playback
08-22 17:16:47.216 D/mpv     (17565): [cplayer] v: starting audio playback
08-22 17:16:47.300 I/MpvEvent(17565): [PlaybackTrace][Native][mpv-log] prefix=cplayer level=v text=playback restart complete @ 0.000001, audio=playing, video=eof
08-22 17:16:47.300 D/mpv     (17565): [cplayer] v: playback restart complete @ 0.000001, audio=playing, video=eof
08-22 17:16:47.300 I/MpvEvent(17565): [PlaybackTrace][Native][mpv-log] prefix=cplayer level=warn text=Audio device underrun detected.
08-22 17:16:47.300 D/mpv     (17565): [cplayer] warn: Audio device underrun detected.
08-22 17:16:47.344 I/MpvEvent(17565): [PlaybackTrace][Native][mpv-log] prefix=cplayer level=v text=restarting audio after underrun
08-22 17:16:47.344 D/mpv     (17565): [cplayer] v: restarting audio after underrun
08-22 17:16:47.368 I/MpvJNI  (17565): [PlaybackTrace][Native][getDuration] result=0 duration=149.696033
08-22 17:16:47.368 D/MpvBridgeModule(17565): [PlaybackTrace][Bridge][getDuration] ptr=131217388352464 duration=149.69603333333333
08-22 17:16:47.394 I/MpvEvent(17565): [PlaybackTrace][Native][property] name=demuxer-cache-state format=6 value=null
08-22 17:16:47.394 I/MpvEvent(17565): [PlaybackTrace][Native][dispatch:property] name=demuxer-cache-state value=null
08-22 17:16:47.394 D/MPVLib  (17565): onNativePropertyChanged: demuxer-cache-state = null
08-22 17:16:47.395 I/MpvBridgeModule(17565): [PlaybackTrace][Bridge][listener:property] name=demuxer-cache-state value=null
08-22 17:16:47.599 I/MpvJNI  (17565): [PlaybackTrace][Native][getDuration] result=0 duration=149.696033
08-22 17:16:47.599 D/MpvBridgeModule(17565): [PlaybackTrace][Bridge][getDuration] ptr=131217388352464 duration=149.69603333333333
08-22 17:16:47.599 D/MpvBridgeModule(17565): [PlaybackTrace][Bridge][getPlaybackState] ptr=131217388352464 state=playing idle=false eof=false pause=false
08-22 17:16:47.609 I/MpvJNI  (17565): [PlaybackTrace][Native][getDuration] result=0 duration=149.696033
08-22 17:16:47.609 D/MpvBridgeModule(17565): [PlaybackTrace][Bridge][getDuration] ptr=131217388352464 duration=149.69603333333333
08-22 17:16:47.644 I/MpvEvent(17565): [PlaybackTrace][Native][property] name=demuxer-cache-state format=6 value=null
08-22 17:16:47.644 I/MpvEvent(17565): [PlaybackTrace][Native][dispatch:property] name=demuxer-cache-state value=null
08-22 17:16:47.645 D/MPVLib  (17565): onNativePropertyChanged: demuxer-cache-state = null
08-22 17:16:47.645 I/MpvBridgeModule(17565): [PlaybackTrace][Bridge][listener:property] name=demuxer-cache-state value=null
08-22 17:16:47.811 I/MpvJNI  (17565): [PlaybackTrace][Native][getDuration] result=0 duration=149.696033
08-22 17:16:47.811 D/MpvBridgeModule(17565): [PlaybackTrace][Bridge][getDuration] ptr=131217388352464 duration=149.69603333333333
08-22 17:16:47.897 I/MpvEvent(17565): [PlaybackTrace][Native][property] name=demuxer-cache-state format=6 value=null
08-22 17:16:47.897 I/MpvEvent(17565): [PlaybackTrace][Native][dispatch:property] name=demuxer-cache-state value=null
08-22 17:16:47.897 D/MPVLib  (17565): onNativePropertyChanged: demuxer-cache-state = null
08-22 17:16:47.897 I/MpvBridgeModule(17565): [PlaybackTrace][Bridge][listener:property] name=demuxer-cache-state value=null
08-22 17:16:47.969 I/MpvJNI  (17565): [PlaybackTrace][Native][getDuration] result=0 duration=149.696033
08-22 17:16:47.970 D/MpvBridgeModule(17565): [PlaybackTrace][Bridge][getDuration] ptr=131217388352464 duration=149.69603333333333
08-22 17:16:47.970 D/MpvBridgeModule(17565): [PlaybackTrace][Bridge][getPlaybackState] ptr=131217388352464 state=playing idle=false eof=false pause=false
08-22 17:16:47.983 I/MpvJNI  (17565): [PlaybackTrace][Native][getDuration] result=0 duration=149.696033
08-22 17:16:47.983 D/MpvBridgeModule(17565): [PlaybackTrace][Bridge][getDuration] ptr=131217388352464 duration=149.69603333333333
08-22 17:16:47.989 D/MediaSessionService(  695): onSessionPlaybackStateChanged: record=com.simba.player/MediaNotification/27 (userId=0) playbackState=PlaybackState {state=PLAYING(3), position=0, buffered position=0, speed=1.0, updated=155104859, actions=823, custom actions=[], active item id=-1, error=null}
08-22 17:16:48.148 I/MpvEvent(17565): [PlaybackTrace][Native][property] name=demuxer-cache-state format=6 value=null
08-22 17:16:48.148 I/MpvEvent(17565): [PlaybackTrace][Native][dispatch:property] name=demuxer-cache-state value=null
08-22 17:16:48.149 D/MPVLib  (17565): onNativePropertyChanged: demuxer-cache-state = null
08-22 17:16:48.149 I/MpvBridgeModule(17565): [PlaybackTrace][Bridge][listener:property] name=demuxer-cache-state value=null
08-22 17:16:48.157 I/MpvJNI  (17565): [PlaybackTrace][Native][getDuration] result=0 duration=149.696033
08-22 17:16:48.157 D/MpvBridgeModule(17565): [PlaybackTrace][Bridge][getDuration] ptr=131217388352464 duration=149.69603333333333
08-22 17:16:48.287 I/ReactNativeJS(17565): '[INFO]', '[PlaybackTrace][Controller][loadAndResume:before]', { uri: 'https://prod-1.storage.jamendo.com/?trackid=1593988&format=mp31&from=%2FV3E9Qwm8kkOD6hbkNYXkg%3D%3D%7CMJJdmScXeWFhFQqasgwXjQ%3D%3D',
08-22 17:16:48.288 I/ReactNativeJS(17565): '[INFO]', '[PlaybackTrace][JS][loadFile:call]', { requestedPath: 'https://prod-1.storage.jamendo.com/?trackid=1593988&format=mp31&from=%2FV3E9Qwm8kkOD6hbkNYXkg%3D%3D%7CMJJdmScXeWFhFQqasgwXjQ%3D%3D',
08-22 17:16:48.290 I/ReactNativeJS(17565): '[INFO]', '[PlaybackTrace][JS][loadFile:return]', { resolvedPath: 'https://prod-1.storage.jamendo.com/?trackid=1593988&format=mp31&from=%2FV3E9Qwm8kkOD6hbkNYXkg%3D%3D%7CMJJdmScXeWFhFQqasgwXjQ%3D%3D' }
08-22 17:16:48.291 I/MpvBridgeModule(17565): [PlaybackTrace][Bridge][loadFile] nativeLoadFile returned
08-22 17:16:48.291 I/ReactNativeJS(17565): '[INFO]', '[PlaybackTrace][Controller][loadAndResume:loaded]', 'https://prod-1.storage.jamendo.com/?trackid=1593988&format=mp31&from=%2FV3E9Qwm8kkOD6hbkNYXkg%3D%3D%7CMJJdmScXeWFhFQqasgwXjQ%3D%3D'
08-22 17:16:48.292 I/ReactNativeJS(17565): '[INFO]', '[PlaybackTrace][JS][resume:call]'
08-22 17:16:48.292 I/ReactNativeJS(17565): '[INFO]', '[PlaybackTrace][Controller][loadAndResume:resumed]', 'https://prod-1.storage.jamendo.com/?trackid=1593988&format=mp31&from=%2FV3E9Qwm8kkOD6hbkNYXkg%3D%3D%7CMJJdmScXeWFhFQqasgwXjQ%3D%3D'
08-22 17:16:48.300 I/MpvEvent(17565): [PlaybackTrace][Native][eventLoop] MPV_EVENT_AUDIO_RECONFIG
08-22 17:16:48.300 I/MpvEvent(17565): [PlaybackTrace][Native][dispatch:event] name=audioReconfig payload={}
08-22 17:16:48.300 I/MpvBridgeModule(17565): [PlaybackTrace][Bridge][listener:event] name=audioReconfig payload={}
08-22 17:16:48.306 I/MpvEvent(17565): [PlaybackTrace][Native][eventLoop] MPV_EVENT_AUDIO_RECONFIG
08-22 17:16:48.306 I/MpvEvent(17565): [PlaybackTrace][Native][dispatch:event] name=audioReconfig payload={}
08-22 17:16:48.306 I/MpvBridgeModule(17565): [PlaybackTrace][Bridge][listener:event] name=audioReconfig payload={}
08-22 17:16:48.308 I/MpvJNI  (17565): [PlaybackTrace][Native][play] pause=no result=0
08-22 17:16:48.308 I/MpvBridgeModule(17565): [PlaybackTrace][Bridge][play] nativePlay returned
08-22 17:16:48.308 I/MpvEvent(17565): [PlaybackTrace][Native][mpv-log] prefix=cplayer level=v text=Set property: pause="no" -> 1
08-22 17:16:48.308 D/mpv     (17565): [cplayer] v: Set property: pause="no" -> 1
08-22 17:16:48.454 I/MpvJNI  (17565): [PlaybackTrace][Native][getDuration] result=-10 duration=0.000000
08-22 17:16:48.454 D/MpvBridgeModule(17565): [PlaybackTrace][Bridge][getDuration] ptr=131217388352464 duration=0.0
08-22 17:16:48.454 D/MpvBridgeModule(17565): [PlaybackTrace][Bridge][getPlaybackState] ptr=131217388352464 state=playing idle=false eof=false pause=false
08-22 17:16:48.457 I/MpvJNI  (17565): [PlaybackTrace][Native][getDuration] result=-10 duration=0.000000
08-22 17:16:48.457 D/MpvBridgeModule(17565): [PlaybackTrace][Bridge][getDuration] ptr=131217388352464 duration=0.0
08-22 17:16:48.569 I/MpvEvent(17565): [PlaybackTrace][Native][dispatch:event] name=endFile payload={"reason":2,"error":0}
08-22 17:16:48.571 D/MPVLib  (17565): onNativeEvent: endFile {"reason":2,"error":0}
08-22 17:16:48.572 I/MpvBridgeModule(17565): [PlaybackTrace][Bridge][listener:event] name=endFile payload={"reason":2,"error":0}
08-22 17:16:48.578 I/MpvEvent(17565): [PlaybackTrace][Native][eventLoop] property=cache-buffering-state format=NONE
08-22 17:16:48.586 I/MpvEvent(17565): [PlaybackTrace][Native][eventLoop] property=paused-for-cache format=NONE
08-22 17:16:48.587 I/MpvEvent(17565): [PlaybackTrace][Native][eventLoop] property=demuxer-cache-state format=NONE
08-22 17:16:48.587 I/MpvEvent(17565): [PlaybackTrace][Native][eventLoop] property=seekable format=NONE
08-22 17:16:48.595 I/ReactNativeJS(17565): '[INFO]', '[PlaybackTrace][JS][resume:call]'
08-22 17:16:48.596 I/MpvJNI  (17565): [PlaybackTrace][Native][play] pause=no result=0
08-22 17:16:48.596 I/MpvBridgeModule(17565): [PlaybackTrace][Bridge][play] nativePlay returned
08-22 17:16:48.596 I/MpvEvent(17565): [PlaybackTrace][Native][mpv-log] prefix=cplayer level=v text=Set property: pause="no" -> 1
08-22 17:16:48.596 D/mpv     (17565): [cplayer] v: Set property: pause="no" -> 1
08-22 17:16:48.902 I/MpvJNI  (17565): [PlaybackTrace][Native][getDuration] result=-10 duration=0.000000
08-22 17:16:48.902 D/MpvBridgeModule(17565): [PlaybackTrace][Bridge][getDuration] ptr=131217388352464 duration=0.0
08-22 17:16:48.902 D/MpvBridgeModule(17565): [PlaybackTrace][Bridge][getPlaybackState] ptr=131217388352464 state=playing idle=false eof=false pause=false
08-22 17:16:48.914 D/MediaSessionService(  695): onSessionPlaybackStateChanged: record=com.simba.player/MediaNotification/27 (userId=0) playbackState=PlaybackState {state=PLAYING(3), position=0, buffered position=0, speed=1.0, updated=155105785, actions=823, custom actions=[], active item id=-1, error=null}
08-22 17:16:49.470 I/MpvJNI  (17565): [PlaybackTrace][Native][getDuration] result=-10 duration=0.000000
08-22 17:16:49.470 D/MpvBridgeModule(17565): [PlaybackTrace][Bridge][getDuration] ptr=131217388352464 duration=0.0
08-22 17:16:49.470 D/MpvBridgeModule(17565): [PlaybackTrace][Bridge][getPlaybackState] ptr=131217388352464 state=playing idle=false eof=false pause=false
08-22 17:16:49.512 I/MpvEvent(17565): [PlaybackTrace][Native][mpv-log] prefix=ffmpeg level=v text=Mime-type: 'audio/mpeg'
08-22 17:16:49.512 D/mpv     (17565): [ffmpeg] v: Mime-type: 'audio/mpeg'
08-22 17:16:49.722 I/MpvEvent(17565): [PlaybackTrace][Native][property] name=cache-buffering-state format=6 value=null
08-22 17:16:49.722 I/MpvEvent(17565): [PlaybackTrace][Native][dispatch:property] name=cache-buffering-state value=null
08-22 17:16:49.723 D/MPVLib  (17565): onNativePropertyChanged: cache-buffering-state = null
08-22 17:16:49.723 I/MpvBridgeModule(17565): [PlaybackTrace][Bridge][listener:property] name=cache-buffering-state value=null
08-22 17:16:49.724 I/MpvEvent(17565): [PlaybackTrace][Native][property] name=demuxer-cache-state format=6 value=null
08-22 17:16:49.724 I/MpvEvent(17565): [PlaybackTrace][Native][dispatch:property] name=demuxer-cache-state value=null
08-22 17:16:49.725 D/MPVLib  (17565): onNativePropertyChanged: demuxer-cache-state = null
08-22 17:16:49.725 I/MpvBridgeModule(17565): [PlaybackTrace][Bridge][listener:property] name=demuxer-cache-state value=null
08-22 17:16:49.726 I/MpvEvent(17565): [PlaybackTrace][Native][mpv-log] prefix=cplayer level=info text=ΓùÅ Audio  --aid=1  (mp3 2ch 44100 Hz 96 kbps)
08-22 17:16:49.726 D/mpv     (17565): [cplayer] info: ΓùÅ Audio  --aid=1  (mp3 2ch 44100 Hz 96 kbps)
08-22 17:16:49.726 I/MpvEvent(17565): [PlaybackTrace][Native][eventLoop] MPV_EVENT_AUDIO_RECONFIG
08-22 17:16:49.726 I/MpvEvent(17565): [PlaybackTrace][Native][dispatch:event] name=audioReconfig payload={}
08-22 17:16:49.727 I/MpvBridgeModule(17565): [PlaybackTrace][Bridge][listener:event] name=audioReconfig payload={}
08-22 17:16:49.729 I/MpvEvent(17565): [PlaybackTrace][Native][eventLoop] MPV_EVENT_AUDIO_RECONFIG
08-22 17:16:49.729 I/MpvEvent(17565): [PlaybackTrace][Native][dispatch:event] name=audioReconfig payload={}
08-22 17:16:49.730 I/MpvBridgeModule(17565): [PlaybackTrace][Bridge][listener:event] name=audioReconfig payload={}
08-22 17:16:49.731 I/MpvEvent(17565): [PlaybackTrace][Native][mpv-log] prefix=ad level=v text=    mp3float (mp3) - MP3 (MPEG audio layer 3)
08-22 17:16:49.731 I/MpvEvent(17565): [PlaybackTrace][Native][mpv-log] prefix=ad level=v text=    mp3 - MP3 (MPEG audio layer 3)
08-22 17:16:49.732 I/MpvEvent(17565): [PlaybackTrace][Native][mpv-log] prefix=ad level=v text=Selected decoder: mp3float - MP3 (MPEG audio layer 3)
08-22 17:16:49.736 I/MpvEvent(17565): [PlaybackTrace][Native][mpv-log] prefix=cplayer level=info text=Displaying cover art. Use --no-audio-display to prevent this.
08-22 17:16:49.736 D/mpv     (17565): [cplayer] info: Displaying cover art. Use --no-audio-display to prevent this.
08-22 17:16:49.747 I/MpvEvent(17565): [PlaybackTrace][Native][property] name=paused-for-cache format=6 value=null
08-22 17:16:49.747 I/MpvEvent(17565): [PlaybackTrace][Native][dispatch:property] name=paused-for-cache value=null
08-22 17:16:49.747 I/MpvJNI  (17565): [PlaybackTrace][Native][getDuration] result=0 duration=149.696033
08-22 17:16:49.747 D/MpvBridgeModule(17565): [PlaybackTrace][Bridge][getDuration] ptr=131217388352464 duration=149.69603333333333
08-22 17:16:49.748 D/MPVLib  (17565): onNativePropertyChanged: paused-for-cache = null
08-22 17:16:49.748 I/MpvBridgeModule(17565): [PlaybackTrace][Bridge][listener:property] name=paused-for-cache value=null
08-22 17:16:49.750 I/MpvEvent(17565): [PlaybackTrace][Native][property] name=seekable format=6 value=null
08-22 17:16:49.750 I/MpvEvent(17565): [PlaybackTrace][Native][dispatch:property] name=seekable value=null
08-22 17:16:49.751 I/MpvBridgeModule(17565): [PlaybackTrace][Bridge][listener:property] name=seekable value=null
08-22 17:16:49.752 I/MpvEvent(17565): [PlaybackTrace][Native][mpv-log] prefix=ao level=v text=Trying audio driver 'audiotrack'
08-22 17:16:49.752 I/MpvEvent(17565): [PlaybackTrace][Native][mpv-log] prefix=ao/audiotrack level=v text=requested format: 44100 Hz, stereo channels, floatp
08-22 17:16:49.752 D/mpv     (17565): [ao/audiotrack] v: requested format: 44100 Hz, stereo channels, floatp
08-22 17:16:49.752 I/MpvEvent(17565): [PlaybackTrace][Native][mpv-log] prefix=ao/audiotrack level=v text=AudioTrack.nativeOutputSampleRate = 48000
08-22 17:16:49.752 D/mpv     (17565): [ao/audiotrack] v: AudioTrack.nativeOutputSampleRate = 48000
08-22 17:16:49.752 I/MpvEvent(17565): [PlaybackTrace][Native][mpv-log] prefix=ao/audiotrack level=v text=Channel layouts:
08-22 17:16:49.752 D/mpv     (17565): [ao/audiotrack] v: Channel layouts:
08-22 17:16:49.752 I/MpvEvent(17565): [PlaybackTrace][Native][mpv-log] prefix=ao/audiotrack level=v text= - mono
08-22 17:16:49.752 D/mpv     (17565): [ao/audiotrack] v:  - mono
08-22 17:16:49.752 I/MpvEvent(17565): [PlaybackTrace][Native][mpv-log] prefix=ao/audiotrack level=v text= - stereo
08-22 17:16:49.752 D/mpv     (17565): [ao/audiotrack] v:  - stereo
08-22 17:16:49.753 I/MpvEvent(17565): [PlaybackTrace][Native][mpv-log] prefix=ao/audiotrack level=v text= - 3.0
08-22 17:16:49.753 D/mpv     (17565): [ao/audiotrack] v:  - 3.0
08-22 17:16:49.753 I/MpvEvent(17565): [PlaybackTrace][Native][mpv-log] prefix=ao/audiotrack level=v text= - quad
08-22 17:16:49.753 D/mpv     (17565): [ao/audiotrack] v:  - quad
08-22 17:16:49.753 I/MpvEvent(17565): [PlaybackTrace][Native][mpv-log] prefix=ao/audiotrack level=v text= - 5.0
08-22 17:16:49.753 D/mpv     (17565): [ao/audiotrack] v:  - 5.0
08-22 17:16:49.753 I/MpvEvent(17565): [PlaybackTrace][Native][mpv-log] prefix=ao/audiotrack level=v text= - 5.1
08-22 17:16:49.753 D/mpv     (17565): [ao/audiotrack] v:  - 5.1
08-22 17:16:49.753 I/MpvEvent(17565): [PlaybackTrace][Native][mpv-log] prefix=ao/audiotrack level=v text= - 6.1(back)
08-22 17:16:49.753 D/mpv     (17565): [ao/audiotrack] v:  - 6.1(back)
08-22 17:16:49.754 I/MpvEvent(17565): [PlaybackTrace][Native][mpv-log] prefix=ao/audiotrack level=v text= - 7.1
08-22 17:16:49.754 D/mpv     (17565): [ao/audiotrack] v:  - 7.1
08-22 17:16:49.754 I/MpvEvent(17565): [PlaybackTrace][Native][mpv-log] prefix=ao/audiotrack level=v text=result: stereo
08-22 17:16:49.754 D/mpv     (17565): [ao/audiotrack] v: result: stereo
08-22 17:16:49.754 I/MpvEvent(17565): [PlaybackTrace][Native][mpv-log] prefix=ao/audiotrack level=v text=Setting bufferSize = 52920 (driver=32096, min=26460, max=52920)
08-22 17:16:49.754 D/mpv     (17565): [ao/audiotrack] v: Setting bufferSize = 52920 (driver=32096, min=26460, max=52920)
08-22 17:16:49.755 I/MpvEvent(17565): [PlaybackTrace][Native][mpv-log] prefix=ao/audiotrack level=v text=Using NIO ByteBuffer
08-22 17:16:49.755 D/mpv     (17565): [ao/audiotrack] v: Using NIO ByteBuffer
08-22 17:16:49.755 I/MpvEvent(17565): [PlaybackTrace][Native][mpv-log] prefix=ao/audiotrack level=v text=Using API21 initializer
08-22 17:16:49.755 D/mpv     (17565): [ao/audiotrack] v: Using API21 initializer
08-22 17:16:49.763 I/MpvEvent(17565): [PlaybackTrace][Native][mpv-log] prefix=ao/audiotrack level=v text=AudioTrack.getBufferSizeInFrames = 6615
08-22 17:16:49.763 D/mpv     (17565): [ao/audiotrack] v: AudioTrack.getBufferSizeInFrames = 6615
08-22 17:16:49.764 I/MpvEvent(17565): [PlaybackTrace][Native][mpv-log] prefix=ao/audiotrack level=v text=device buffer: 6615 samples.
08-22 17:16:49.764 D/mpv     (17565): [ao/audiotrack] v: device buffer: 6615 samples.
08-22 17:16:49.764 I/MpvEvent(17565): [PlaybackTrace][Native][mpv-log] prefix=ao/audiotrack level=v text=using soft-buffer of 8820 samples.
08-22 17:16:49.764 D/mpv     (17565): [ao/audiotrack] v: using soft-buffer of 8820 samples.
08-22 17:16:49.764 I/MpvEvent(17565): [PlaybackTrace][Native][mpv-log] prefix=cplayer level=info text=AO: [audiotrack] 44100Hz stereo 2ch float
08-22 17:16:49.764 D/mpv     (17565): [cplayer] info: AO: [audiotrack] 44100Hz stereo 2ch float
08-22 17:16:49.764 I/MpvEvent(17565): [PlaybackTrace][Native][mpv-log] prefix=cplayer level=v text=AO: Description: Android AudioTrack audio output
08-22 17:16:49.764 D/mpv     (17565): [cplayer] v: AO: Description: Android AudioTrack audio output
08-22 17:16:49.764 I/MpvEvent(17565): [PlaybackTrace][Native][eventLoop] MPV_EVENT_AUDIO_RECONFIG
08-22 17:16:49.764 I/MpvEvent(17565): [PlaybackTrace][Native][dispatch:event] name=audioReconfig payload={}
08-22 17:16:49.765 I/MpvBridgeModule(17565): [PlaybackTrace][Bridge][listener:event] name=audioReconfig payload={}
08-22 17:16:49.773 I/MpvEvent(17565): [PlaybackTrace][Native][property] name=demuxer-cache-state format=6 value=null
08-22 17:16:49.773 I/MpvEvent(17565): [PlaybackTrace][Native][dispatch:property] name=demuxer-cache-state value=null
08-22 17:16:49.774 D/MPVLib  (17565): onNativePropertyChanged: demuxer-cache-state = null
08-22 17:16:49.774 I/MpvBridgeModule(17565): [PlaybackTrace][Bridge][listener:property] name=demuxer-cache-state value=null
08-22 17:16:49.775 I/MpvEvent(17565): [PlaybackTrace][Native][mpv-log] prefix=cplayer level=v text=audio ready
08-22 17:16:49.775 D/mpv     (17565): [cplayer] v: audio ready
08-22 17:16:49.775 I/MpvEvent(17565): [PlaybackTrace][Native][mpv-log] prefix=cplayer level=v text=starting audio playback
08-22 17:16:49.776 D/mpv     (17565): [cplayer] v: starting audio playback
08-22 17:16:49.782 I/MpvEvent(17565): [PlaybackTrace][Native][mpv-log] prefix=cplayer level=v text=playback restart complete @ 0.000001, audio=playing, video=eof
08-22 17:16:49.782 D/mpv     (17565): [cplayer] v: playback restart complete @ 0.000001, audio=playing, video=eof
08-22 17:16:49.790 I/MpvEvent(17565): [PlaybackTrace][Native][mpv-log] prefix=cplayer level=warn text=Audio device underrun detected.
08-22 17:16:49.790 D/mpv     (17565): [cplayer] warn: Audio device underrun detected.
08-22 17:16:49.790 I/MpvEvent(17565): [PlaybackTrace][Native][mpv-log] prefix=cplayer level=v text=restarting audio after underrun
08-22 17:16:49.790 D/mpv     (17565): [cplayer] v: restarting audio after underrun
08-22 17:16:49.887 I/ReactNativeJS(17565): '[INFO]', '[PlaybackTrace][Controller][event:onFileLoaded]', { fileUri: 'https://prod-1.storage.jamendo.com/?trackid=1593988&format=mp31&from=%2FV3E9Qwm8kkOD6hbkNYXkg%3D%3D%7CMJJdmScXeWFhFQqasgwXjQ%3D%3D',
08-22 17:16:49.900 I/MpvJNI  (17565): [PlaybackTrace][Native][getDuration] result=0 duration=149.696033
08-22 17:16:49.900 D/MpvBridgeModule(17565): [PlaybackTrace][Bridge][getDuration] ptr=131217388352464 duration=149.69603333333333
08-22 17:16:50.000 I/MpvEvent(17565): [PlaybackTrace][Native][property] name=demuxer-cache-state format=6 value=null
08-22 17:16:50.000 I/MpvEvent(17565): [PlaybackTrace][Native][dispatch:property] name=demuxer-cache-state value=null
08-22 17:16:50.001 D/MPVLib  (17565): onNativePropertyChanged: demuxer-cache-state = null
08-22 17:16:50.001 I/MpvBridgeModule(17565): [PlaybackTrace][Bridge][listener:property] name=demuxer-cache-state value=null
08-22 17:16:50.030 I/MpvJNI  (17565): [PlaybackTrace][Native][getDuration] result=0 duration=149.696033
08-22 17:16:50.031 D/MpvBridgeModule(17565): [PlaybackTrace][Bridge][getDuration] ptr=131217388352464 duration=149.69603333333333
08-22 17:16:50.031 D/MpvBridgeModule(17565): [PlaybackTrace][Bridge][getPlaybackState] ptr=131217388352464 state=playing idle=false eof=false pause=false
08-22 17:16:50.051 I/MpvJNI  (17565): [PlaybackTrace][Native][getDuration] result=0 duration=149.696033
08-22 17:16:50.051 D/MpvBridgeModule(17565): [PlaybackTrace][Bridge][getDuration] ptr=131217388352464 duration=149.69603333333333
08-22 17:16:50.057 D/MediaSessionService(  695): onSessionPlaybackStateChanged: record=com.simba.player/MediaNotification/27 (userId=0) playbackState=PlaybackState {state=PLAYING(3), position=0, buffered position=0, speed=1.0, updated=155106927, actions=823, custom actions=[], active item id=-1, error=null}
08-22 17:16:50.257 I/MpvEvent(17565): [PlaybackTrace][Native][property] name=demuxer-cache-state format=6 value=null
08-22 17:16:50.257 I/MpvEvent(17565): [PlaybackTrace][Native][dispatch:property] name=demuxer-cache-state value=null
08-22 17:16:50.257 D/MPVLib  (17565): onNativePropertyChanged: demuxer-cache-state = null
08-22 17:16:50.257 I/MpvBridgeModule(17565): [PlaybackTrace][Bridge][listener:property] name=demuxer-cache-state value=null
08-22 17:16:50.284 I/ReactNativeJS(17565): '[INFO]', '[PlaybackTrace][Controller][loadAndResume:before]', { uri: 'https://prod-1.storage.jamendo.com/?trackid=1593988&format=mp31&from=%2FV3E9Qwm8kkOD6hbkNYXkg%3D%3D%7CMJJdmScXeWFhFQqasgwXjQ%3D%3D',
08-22 17:16:50.285 I/ReactNativeJS(17565): '[INFO]', '[PlaybackTrace][JS][loadFile:call]', { requestedPath: 'https://prod-1.storage.jamendo.com/?trackid=1593988&format=mp31&from=%2FV3E9Qwm8kkOD6hbkNYXkg%3D%3D%7CMJJdmScXeWFhFQqasgwXjQ%3D%3D',
08-22 17:16:50.286 I/MpvBridgeModule(17565): [PlaybackTrace][Bridge][loadFile] nativeLoadFile returned
08-22 17:16:50.286 I/ReactNativeJS(17565): '[INFO]', '[PlaybackTrace][JS][loadFile:return]', { resolvedPath: 'https://prod-1.storage.jamendo.com/?trackid=1593988&format=mp31&from=%2FV3E9Qwm8kkOD6hbkNYXkg%3D%3D%7CMJJdmScXeWFhFQqasgwXjQ%3D%3D' }
08-22 17:16:50.286 I/ReactNativeJS(17565): '[INFO]', '[PlaybackTrace][Controller][loadAndResume:loaded]', 'https://prod-1.storage.jamendo.com/?trackid=1593988&format=mp31&from=%2FV3E9Qwm8kkOD6hbkNYXkg%3D%3D%7CMJJdmScXeWFhFQqasgwXjQ%3D%3D'
08-22 17:16:50.287 I/ReactNativeJS(17565): '[INFO]', '[PlaybackTrace][JS][resume:call]'
08-22 17:16:50.287 I/ReactNativeJS(17565): '[INFO]', '[PlaybackTrace][Controller][loadAndResume:resumed]', 'https://prod-1.storage.jamendo.com/?trackid=1593988&format=mp31&from=%2FV3E9Qwm8kkOD6hbkNYXkg%3D%3D%7CMJJdmScXeWFhFQqasgwXjQ%3D%3D'
08-22 17:16:50.296 I/MpvEvent(17565): [PlaybackTrace][Native][eventLoop] MPV_EVENT_AUDIO_RECONFIG
08-22 17:16:50.296 I/MpvEvent(17565): [PlaybackTrace][Native][dispatch:event] name=audioReconfig payload={}
08-22 17:16:50.296 I/MpvBridgeModule(17565): [PlaybackTrace][Bridge][listener:event] name=audioReconfig payload={}
08-22 17:16:50.306 I/MpvEvent(17565): [PlaybackTrace][Native][eventLoop] MPV_EVENT_AUDIO_RECONFIG
08-22 17:16:50.306 I/MpvEvent(17565): [PlaybackTrace][Native][dispatch:event] name=audioReconfig payload={}
08-22 17:16:50.307 I/MpvBridgeModule(17565): [PlaybackTrace][Bridge][listener:event] name=audioReconfig payload={}
08-22 17:16:50.312 I/MpvJNI  (17565): [PlaybackTrace][Native][getDuration] result=-10 duration=0.000000
08-22 17:16:50.313 I/MpvJNI  (17565): [PlaybackTrace][Native][play] pause=no result=0
08-22 17:16:50.313 I/MpvEvent(17565): [PlaybackTrace][Native][mpv-log] prefix=cplayer level=v text=Set property: pause="no" -> 1
08-22 17:16:50.313 D/mpv     (17565): [cplayer] v: Set property: pause="no" -> 1
08-22 17:16:50.313 I/MpvBridgeModule(17565): [PlaybackTrace][Bridge][play] nativePlay returned
08-22 17:16:50.313 D/MpvBridgeModule(17565): [PlaybackTrace][Bridge][getDuration] ptr=131217388352464 duration=0.0
08-22 17:16:50.361 I/MpvEvent(17565): [PlaybackTrace][Native][dispatch:event] name=endFile payload={"reason":2,"error":0}
08-22 17:16:50.365 D/MPVLib  (17565): onNativeEvent: endFile {"reason":2,"error":0}
08-22 17:16:50.366 I/MpvBridgeModule(17565): [PlaybackTrace][Bridge][listener:event] name=endFile payload={"reason":2,"error":0}
08-22 17:16:50.374 I/MpvEvent(17565): [PlaybackTrace][Native][eventLoop] property=cache-buffering-state format=NONE
08-22 17:16:50.374 I/MpvEvent(17565): [PlaybackTrace][Native][eventLoop] property=paused-for-cache format=NONE
08-22 17:16:50.374 I/MpvEvent(17565): [PlaybackTrace][Native][eventLoop] property=demuxer-cache-state format=NONE
08-22 17:16:50.374 I/MpvEvent(17565): [PlaybackTrace][Native][eventLoop] property=seekable format=NONE
08-22 17:16:50.501 I/MpvJNI  (17565): [PlaybackTrace][Native][getDuration] result=-10 duration=0.000000
08-22 17:16:50.502 D/MpvBridgeModule(17565): [PlaybackTrace][Bridge][getDuration] ptr=131217388352464 duration=0.0
08-22 17:16:50.502 D/MpvBridgeModule(17565): [PlaybackTrace][Bridge][getPlaybackState] ptr=131217388352464 state=playing idle=false eof=false pause=false
08-22 17:16:50.552 I/ReactNativeJS(17565): '[INFO]', '[PlaybackTrace][JS][resume:call]'
08-22 17:16:50.553 I/MpvJNI  (17565): [PlaybackTrace][Native][play] pause=no result=0
08-22 17:16:50.553 I/MpvBridgeModule(17565): [PlaybackTrace][Bridge][play] nativePlay returned
08-22 17:16:50.554 I/MpvEvent(17565): [PlaybackTrace][Native][mpv-log] prefix=cplayer level=v text=Set property: pause="no" -> 1
08-22 17:16:50.554 D/mpv     (17565): [cplayer] v: Set property: pause="no" -> 1
08-22 17:16:50.935 I/MpvJNI  (17565): [PlaybackTrace][Native][getDuration] result=-10 duration=0.000000
08-22 17:16:50.935 D/MpvBridgeModule(17565): [PlaybackTrace][Bridge][getDuration] ptr=131217388352464 duration=0.0
08-22 17:16:50.935 D/MpvBridgeModule(17565): [PlaybackTrace][Bridge][getPlaybackState] ptr=131217388352464 state=playing idle=false eof=false pause=false
08-22 17:16:50.948 D/MediaSessionService(  695): onSessionPlaybackStateChanged: record=com.simba.player/MediaNotification/27 (userId=0) playbackState=PlaybackState {state=PLAYING(3), position=0, buffered position=0, speed=1.0, updated=155107819, actions=823, custom actions=[], active item id=-1, error=null}
08-22 17:16:51.101 I/MpvEvent(17565): [PlaybackTrace][Native][mpv-log] prefix=ffmpeg level=v text=Mime-type: 'audio/mpeg'
08-22 17:16:51.101 D/mpv     (17565): [ffmpeg] v: Mime-type: 'audio/mpeg'
08-22 17:16:51.202 I/MpvEvent(17565): [PlaybackTrace][Native][property] name=cache-buffering-state format=6 value=null
08-22 17:16:51.202 I/MpvEvent(17565): [PlaybackTrace][Native][dispatch:property] name=cache-buffering-state value=null
08-22 17:16:51.202 D/MPVLib  (17565): onNativePropertyChanged: cache-buffering-state = null
08-22 17:16:51.203 I/MpvBridgeModule(17565): [PlaybackTrace][Bridge][listener:property] name=cache-buffering-state value=null
08-22 17:16:51.204 I/MpvEvent(17565): [PlaybackTrace][Native][property] name=demuxer-cache-state format=6 value=null
08-22 17:16:51.204 I/MpvEvent(17565): [PlaybackTrace][Native][dispatch:property] name=demuxer-cache-state value=null
08-22 17:16:51.204 D/MPVLib  (17565): onNativePropertyChanged: demuxer-cache-state = null
08-22 17:16:51.204 I/MpvBridgeModule(17565): [PlaybackTrace][Bridge][listener:property] name=demuxer-cache-state value=null
08-22 17:16:51.208 I/MpvEvent(17565): [PlaybackTrace][Native][eventLoop] MPV_EVENT_AUDIO_RECONFIG
08-22 17:16:51.208 I/MpvEvent(17565): [PlaybackTrace][Native][dispatch:event] name=audioReconfig payload={}
08-22 17:16:51.209 I/MpvBridgeModule(17565): [PlaybackTrace][Bridge][listener:event] name=audioReconfig payload={}
08-22 17:16:51.210 I/MpvEvent(17565): [PlaybackTrace][Native][eventLoop] MPV_EVENT_AUDIO_RECONFIG
08-22 17:16:51.210 I/MpvEvent(17565): [PlaybackTrace][Native][dispatch:event] name=audioReconfig payload={}
08-22 17:16:51.210 I/MpvBridgeModule(17565): [PlaybackTrace][Bridge][listener:event] name=audioReconfig payload={}
08-22 17:16:51.211 I/MpvEvent(17565): [PlaybackTrace][Native][property] name=paused-for-cache format=6 value=null
08-22 17:16:51.211 I/MpvEvent(17565): [PlaybackTrace][Native][dispatch:property] name=paused-for-cache value=null
08-22 17:16:51.211 D/MPVLib  (17565): onNativePropertyChanged: paused-for-cache = null
08-22 17:16:51.212 I/MpvBridgeModule(17565): [PlaybackTrace][Bridge][listener:property] name=paused-for-cache value=null
08-22 17:16:51.214 I/MpvEvent(17565): [PlaybackTrace][Native][property] name=seekable format=6 value=null
08-22 17:16:51.214 I/MpvEvent(17565): [PlaybackTrace][Native][dispatch:property] name=seekable value=null
08-22 17:16:51.214 I/MpvBridgeModule(17565): [PlaybackTrace][Bridge][listener:property] name=seekable value=null
08-22 17:16:51.220 I/MpvEvent(17565): [PlaybackTrace][Native][mpv-log] prefix=cplayer level=info text=ΓùÅ Audio  --aid=1  (mp3 2ch 44100 Hz 96 kbps)
08-22 17:16:51.220 D/mpv     (17565): [cplayer] info: ΓùÅ Audio  --aid=1  (mp3 2ch 44100 Hz 96 kbps)
08-22 17:16:51.222 I/MpvEvent(17565): [PlaybackTrace][Native][mpv-log] prefix=ad level=v text=    mp3float (mp3) - MP3 (MPEG audio layer 3)
08-22 17:16:51.222 I/MpvEvent(17565): [PlaybackTrace][Native][mpv-log] prefix=ad level=v text=    mp3 - MP3 (MPEG audio layer 3)
08-22 17:16:51.222 I/MpvEvent(17565): [PlaybackTrace][Native][mpv-log] prefix=ad level=v text=Selected decoder: mp3float - MP3 (MPEG audio layer 3)
08-22 17:16:51.223 I/MpvEvent(17565): [PlaybackTrace][Native][mpv-log] prefix=cplayer level=info text=Displaying cover art. Use --no-audio-display to prevent this.
08-22 17:16:51.223 D/mpv     (17565): [cplayer] info: Displaying cover art. Use --no-audio-display to prevent this.
08-22 17:16:51.228 I/MpvEvent(17565): [PlaybackTrace][Native][mpv-log] prefix=ao level=v text=Trying audio driver 'audiotrack'
08-22 17:16:51.228 I/MpvEvent(17565): [PlaybackTrace][Native][mpv-log] prefix=ao/audiotrack level=v text=requested format: 44100 Hz, stereo channels, floatp
08-22 17:16:51.228 D/mpv     (17565): [ao/audiotrack] v: requested format: 44100 Hz, stereo channels, floatp
08-22 17:16:51.228 I/MpvEvent(17565): [PlaybackTrace][Native][mpv-log] prefix=ao/audiotrack level=v text=AudioTrack.nativeOutputSampleRate = 48000
08-22 17:16:51.228 D/mpv     (17565): [ao/audiotrack] v: AudioTrack.nativeOutputSampleRate = 48000
08-22 17:16:51.229 I/MpvEvent(17565): [PlaybackTrace][Native][mpv-log] prefix=ao/audiotrack level=v text=Channel layouts:
08-22 17:16:51.229 D/mpv     (17565): [ao/audiotrack] v: Channel layouts:
08-22 17:16:51.229 I/MpvEvent(17565): [PlaybackTrace][Native][mpv-log] prefix=ao/audiotrack level=v text= - mono
08-22 17:16:51.229 D/mpv     (17565): [ao/audiotrack] v:  - mono
08-22 17:16:51.229 I/MpvEvent(17565): [PlaybackTrace][Native][mpv-log] prefix=ao/audiotrack level=v text= - stereo
08-22 17:16:51.229 D/mpv     (17565): [ao/audiotrack] v:  - stereo
08-22 17:16:51.229 I/MpvEvent(17565): [PlaybackTrace][Native][mpv-log] prefix=ao/audiotrack level=v text= - 3.0
08-22 17:16:51.229 D/mpv     (17565): [ao/audiotrack] v:  - 3.0
08-22 17:16:51.229 I/MpvEvent(17565): [PlaybackTrace][Native][mpv-log] prefix=ao/audiotrack level=v text= - quad
08-22 17:16:51.229 D/mpv     (17565): [ao/audiotrack] v:  - quad
08-22 17:16:51.229 I/MpvEvent(17565): [PlaybackTrace][Native][mpv-log] prefix=ao/audiotrack level=v text= - 5.0
08-22 17:16:51.229 D/mpv     (17565): [ao/audiotrack] v:  - 5.0
08-22 17:16:51.229 I/MpvEvent(17565): [PlaybackTrace][Native][mpv-log] prefix=ao/audiotrack level=v text= - 5.1
08-22 17:16:51.229 D/mpv     (17565): [ao/audiotrack] v:  - 5.1
08-22 17:16:51.229 I/MpvEvent(17565): [PlaybackTrace][Native][mpv-log] prefix=ao/audiotrack level=v text= - 6.1(back)
08-22 17:16:51.229 D/mpv     (17565): [ao/audiotrack] v:  - 6.1(back)
08-22 17:16:51.229 I/MpvEvent(17565): [PlaybackTrace][Native][mpv-log] prefix=ao/audiotrack level=v text= - 7.1
08-22 17:16:51.229 D/mpv     (17565): [ao/audiotrack] v:  - 7.1
08-22 17:16:51.229 I/MpvEvent(17565): [PlaybackTrace][Native][mpv-log] prefix=ao/audiotrack level=v text=result: stereo
08-22 17:16:51.229 D/mpv     (17565): [ao/audiotrack] v: result: stereo
08-22 17:16:51.230 I/MpvEvent(17565): [PlaybackTrace][Native][mpv-log] prefix=ao/audiotrack level=v text=Setting bufferSize = 52920 (driver=32096, min=26460, max=52920)
08-22 17:16:51.230 D/mpv     (17565): [ao/audiotrack] v: Setting bufferSize = 52920 (driver=32096, min=26460, max=52920)
08-22 17:16:51.230 I/MpvEvent(17565): [PlaybackTrace][Native][mpv-log] prefix=ao/audiotrack level=v text=Using NIO ByteBuffer
08-22 17:16:51.230 D/mpv     (17565): [ao/audiotrack] v: Using NIO ByteBuffer
08-22 17:16:51.230 I/MpvEvent(17565): [PlaybackTrace][Native][mpv-log] prefix=ao/audiotrack level=v text=Using API21 initializer
08-22 17:16:51.230 D/mpv     (17565): [ao/audiotrack] v: Using API21 initializer
08-22 17:16:51.232 I/MpvEvent(17565): [PlaybackTrace][Native][mpv-log] prefix=ao/audiotrack level=v text=AudioTrack.getBufferSizeInFrames = 6615
08-22 17:16:51.232 D/mpv     (17565): [ao/audiotrack] v: AudioTrack.getBufferSizeInFrames = 6615
08-22 17:16:51.232 I/MpvEvent(17565): [PlaybackTrace][Native][mpv-log] prefix=ao/audiotrack level=v text=device buffer: 6615 samples.
08-22 17:16:51.232 D/mpv     (17565): [ao/audiotrack] v: device buffer: 6615 samples.
08-22 17:16:51.232 I/MpvEvent(17565): [PlaybackTrace][Native][mpv-log] prefix=ao/audiotrack level=v text=using soft-buffer of 8820 samples.
08-22 17:16:51.232 D/mpv     (17565): [ao/audiotrack] v: using soft-buffer of 8820 samples.
08-22 17:16:51.232 I/MpvEvent(17565): [PlaybackTrace][Native][mpv-log] prefix=cplayer level=info text=AO: [audiotrack] 44100Hz stereo 2ch float
08-22 17:16:51.232 D/mpv     (17565): [cplayer] info: AO: [audiotrack] 44100Hz stereo 2ch float
08-22 17:16:51.232 I/MpvEvent(17565): [PlaybackTrace][Native][eventLoop] MPV_EVENT_AUDIO_RECONFIG
08-22 17:16:51.232 I/MpvEvent(17565): [PlaybackTrace][Native][dispatch:event] name=audioReconfig payload={}
08-22 17:16:51.232 I/MpvBridgeModule(17565): [PlaybackTrace][Bridge][listener:event] name=audioReconfig payload={}
08-22 17:16:51.235 I/MpvEvent(17565): [PlaybackTrace][Native][mpv-log] prefix=cplayer level=v text=AO: Description: Android AudioTrack audio output
08-22 17:16:51.235 D/mpv     (17565): [cplayer] v: AO: Description: Android AudioTrack audio output
08-22 17:16:51.239 I/MpvEvent(17565): [PlaybackTrace][Native][property] name=demuxer-cache-state format=6 value=null
08-22 17:16:51.239 I/MpvJNI  (17565): [PlaybackTrace][Native][getDuration] result=0 duration=149.696033
08-22 17:16:51.239 I/MpvEvent(17565): [PlaybackTrace][Native][dispatch:property] name=demuxer-cache-state value=null
08-22 17:16:51.239 D/MpvBridgeModule(17565): [PlaybackTrace][Bridge][getDuration] ptr=131217388352464 duration=149.69603333333333
08-22 17:16:51.239 D/MPVLib  (17565): onNativePropertyChanged: demuxer-cache-state = null
08-22 17:16:51.239 I/MpvBridgeModule(17565): [PlaybackTrace][Bridge][listener:property] name=demuxer-cache-state value=null
08-22 17:16:51.246 I/MpvEvent(17565): [PlaybackTrace][Native][mpv-log] prefix=cplayer level=v text=audio ready
08-22 17:16:51.246 D/mpv     (17565): [cplayer] v: audio ready
08-22 17:16:51.246 I/MpvEvent(17565): [PlaybackTrace][Native][mpv-log] prefix=cplayer level=v text=starting audio playback
08-22 17:16:51.246 D/mpv     (17565): [cplayer] v: starting audio playback
08-22 17:16:51.246 I/MpvEvent(17565): [PlaybackTrace][Native][mpv-log] prefix=cplayer level=v text=playback restart complete @ 0.000001, audio=playing, video=eof
08-22 17:16:51.247 D/mpv     (17565): [cplayer] v: playback restart complete @ 0.000001, audio=playing, video=eof
08-22 17:16:51.250 I/MpvEvent(17565): [PlaybackTrace][Native][mpv-log] prefix=cplayer level=warn text=Audio device underrun detected.
08-22 17:16:51.250 D/mpv     (17565): [cplayer] warn: Audio device underrun detected.
08-22 17:16:51.250 I/MpvEvent(17565): [PlaybackTrace][Native][mpv-log] prefix=cplayer level=v text=restarting audio after underrun
08-22 17:16:51.250 D/mpv     (17565): [cplayer] v: restarting audio after underrun
08-22 17:16:51.455 I/ReactNativeJS(17565): '[INFO]', '[PlaybackTrace][Controller][event:onFileLoaded]', { fileUri: 'https://prod-1.storage.jamendo.com/?trackid=1593988&format=mp31&from=%2FV3E9Qwm8kkOD6hbkNYXkg%3D%3D%7CMJJdmScXeWFhFQqasgwXjQ%3D%3D',
08-22 17:16:51.465 I/MpvJNI  (17565): [PlaybackTrace][Native][getDuration] result=0 duration=149.696033
08-22 17:16:51.466 D/MpvBridgeModule(17565): [PlaybackTrace][Bridge][getDuration] ptr=131217388352464 duration=149.69603333333333
08-22 17:16:51.471 I/MpvEvent(17565): [PlaybackTrace][Native][property] name=demuxer-cache-state format=6 value=null
08-22 17:16:51.471 I/MpvEvent(17565): [PlaybackTrace][Native][dispatch:property] name=demuxer-cache-state value=null
08-22 17:16:51.472 D/MPVLib  (17565): onNativePropertyChanged: demuxer-cache-state = null
08-22 17:16:51.472 I/MpvBridgeModule(17565): [PlaybackTrace][Bridge][listener:property] name=demuxer-cache-state value=null
08-22 17:16:51.670 I/MpvJNI  (17565): [PlaybackTrace][Native][getDuration] result=0 duration=149.696033
08-22 17:16:51.670 D/MpvBridgeModule(17565): [PlaybackTrace][Bridge][getDuration] ptr=131217388352464 duration=149.69603333333333
08-22 17:16:51.670 D/MpvBridgeModule(17565): [PlaybackTrace][Bridge][getPlaybackState] ptr=131217388352464 state=playing idle=false eof=false pause=false
08-22 17:16:51.682 I/MpvJNI  (17565): [PlaybackTrace][Native][getDuration] result=0 duration=149.696033
08-22 17:16:51.682 D/MpvBridgeModule(17565): [PlaybackTrace][Bridge][getDuration] ptr=131217388352464 duration=149.69603333333333
08-22 17:16:51.738 I/MpvEvent(17565): [PlaybackTrace][Native][property] name=demuxer-cache-state format=6 value=null
08-22 17:16:51.738 I/MpvEvent(17565): [PlaybackTrace][Native][dispatch:property] name=demuxer-cache-state value=null
08-22 17:16:51.738 D/MPVLib  (17565): onNativePropertyChanged: demuxer-cache-state = null
08-22 17:16:51.738 I/MpvBridgeModule(17565): [PlaybackTrace][Bridge][listener:property] name=demuxer-cache-state value=null
08-22 17:16:51.897 I/MpvJNI  (17565): [PlaybackTrace][Native][getDuration] result=0 duration=149.696033
08-22 17:16:51.897 D/MpvBridgeModule(17565): [PlaybackTrace][Bridge][getDuration] ptr=131217388352464 duration=149.69603333333333
08-22 17:16:51.976 I/MpvEvent(17565): [PlaybackTrace][Native][property] name=demuxer-cache-state format=6 value=null
08-22 17:16:51.976 I/MpvEvent(17565): [PlaybackTrace][Native][dispatch:property] name=demuxer-cache-state value=null
08-22 17:16:51.976 D/MPVLib  (17565): onNativePropertyChanged: demuxer-cache-state = null
08-22 17:16:51.977 I/MpvBridgeModule(17565): [PlaybackTrace][Bridge][listener:property] name=demuxer-cache-state value=null
08-22 17:16:52.031 I/MpvJNI  (17565): [PlaybackTrace][Native][getDuration] result=0 duration=149.696033
08-22 17:16:52.032 D/MpvBridgeModule(17565): [PlaybackTrace][Bridge][getDuration] ptr=131217388352464 duration=149.69603333333333
08-22 17:16:52.032 D/MpvBridgeModule(17565): [PlaybackTrace][Bridge][getPlaybackState] ptr=131217388352464 state=playing idle=false eof=false pause=false
08-22 17:16:52.043 I/MpvJNI  (17565): [PlaybackTrace][Native][getDuration] result=0 duration=149.696033
08-22 17:16:52.043 D/MpvBridgeModule(17565): [PlaybackTrace][Bridge][getDuration] ptr=131217388352464 duration=149.69603333333333
08-22 17:16:52.050 D/MediaSessionService(  695): onSessionPlaybackStateChanged: record=com.simba.player/MediaNotification/27 (userId=0) playbackState=PlaybackState {state=PLAYING(3), position=0, buffered position=0, speed=1.0, updated=155108921, actions=823, custom actions=[], active item id=-1, error=null}
08-22 17:16:52.230 I/MpvEvent(17565): [PlaybackTrace][Native][property] name=demuxer-cache-state format=6 value=null
08-22 17:16:52.230 I/MpvEvent(17565): [PlaybackTrace][Native][dispatch:property] name=demuxer-cache-state value=null
08-22 17:16:52.230 D/MPVLib  (17565): onNativePropertyChanged: demuxer-cache-state = null
08-22 17:16:52.230 I/MpvBridgeModule(17565): [PlaybackTrace][Bridge][listener:property] name=demuxer-cache-state value=null
08-22 17:16:52.244 I/MpvJNI  (17565): [PlaybackTrace][Native][getDuration] result=0 duration=149.696033
08-22 17:16:52.244 D/MpvBridgeModule(17565): [PlaybackTrace][Bridge][getDuration] ptr=131217388352464 duration=149.69603333333333
08-22 17:16:52.484 I/MpvEvent(17565): [PlaybackTrace][Native][property] name=demuxer-cache-state format=6 value=null
08-22 17:16:52.484 I/MpvEvent(17565): [PlaybackTrace][Native][dispatch:property] name=demuxer-cache-state value=null
08-22 17:16:52.485 D/MPVLib  (17565): onNativePropertyChanged: demuxer-cache-state = null
08-22 17:16:52.485 I/MpvBridgeModule(17565): [PlaybackTrace][Bridge][listener:property] name=demuxer-cache-state value=null
08-22 17:16:52.562 I/MpvJNI  (17565): [PlaybackTrace][Native][getDuration] result=0 duration=149.696033
08-22 17:16:52.562 D/MpvBridgeModule(17565): [PlaybackTrace][Bridge][getDuration] ptr=131217388352464 duration=149.69603333333333
08-22 17:16:52.563 D/MpvBridgeModule(17565): [PlaybackTrace][Bridge][getPlaybackState] ptr=131217388352464 state=playing idle=false eof=false pause=false
08-22 17:16:52.580 I/MpvJNI  (17565): [PlaybackTrace][Native][getDuration] result=0 duration=149.696033
08-22 17:16:52.580 D/MpvBridgeModule(17565): [PlaybackTrace][Bridge][getDuration] ptr=131217388352464 duration=149.69603333333333
08-22 17:16:52.734 I/MpvEvent(17565): [PlaybackTrace][Native][property] name=demuxer-cache-state format=6 value=null
08-22 17:16:52.734 I/MpvEvent(17565): [PlaybackTrace][Native][dispatch:property] name=demuxer-cache-state value=null
08-22 17:16:52.735 D/MPVLib  (17565): onNativePropertyChanged: demuxer-cache-state = null
08-22 17:16:52.735 I/MpvBridgeModule(17565): [PlaybackTrace][Bridge][listener:property] name=demuxer-cache-state value=null
08-22 17:16:52.792 I/MpvJNI  (17565): [PlaybackTrace][Native][getDuration] result=0 duration=149.696033
08-22 17:16:52.792 D/MpvBridgeModule(17565): [PlaybackTrace][Bridge][getDuration] ptr=131217388352464 duration=149.69603333333333
08-22 17:16:52.975 I/MpvJNI  (17565): [PlaybackTrace][Native][getDuration] result=0 duration=149.696033
08-22 17:16:52.975 D/MpvBridgeModule(17565): [PlaybackTrace][Bridge][getDuration] ptr=131217388352464 duration=149.69603333333333
08-22 17:16:52.975 D/MpvBridgeModule(17565): [PlaybackTrace][Bridge][getPlaybackState] ptr=131217388352464 state=playing idle=false eof=false pause=false
08-22 17:16:52.990 I/MpvEvent(17565): [PlaybackTrace][Native][property] name=demuxer-cache-state format=6 value=null
08-22 17:16:52.993 I/MpvEvent(17565): [PlaybackTrace][Native][dispatch:property] name=demuxer-cache-state value=null
08-22 17:16:52.993 D/MPVLib  (17565): onNativePropertyChanged: demuxer-cache-state = null
08-22 17:16:52.994 I/MpvBridgeModule(17565): [PlaybackTrace][Bridge][listener:property] name=demuxer-cache-state value=null
08-22 17:16:53.005 I/MpvJNI  (17565): [PlaybackTrace][Native][getDuration] result=0 duration=149.696033
08-22 17:16:53.005 D/MpvBridgeModule(17565): [PlaybackTrace][Bridge][getDuration] ptr=131217388352464 duration=149.69603333333333
08-22 17:16:53.029 D/MediaSessionService(  695): onSessionPlaybackStateChanged: record=com.simba.player/MediaNotification/27 (userId=0) playbackState=PlaybackState {state=PLAYING(3), position=1, buffered position=0, speed=1.0, updated=155109900, actions=823, custom actions=[], active item id=-1, error=null}
08-22 17:16:53.234 I/MpvEvent(17565): [PlaybackTrace][Native][property] name=demuxer-cache-state format=6 value=null
08-22 17:16:53.234 I/MpvEvent(17565): [PlaybackTrace][Native][dispatch:property] name=demuxer-cache-state value=null
08-22 17:16:53.234 D/MPVLib  (17565): onNativePropertyChanged: demuxer-cache-state = null
08-22 17:16:53.234 I/MpvBridgeModule(17565): [PlaybackTrace][Bridge][listener:property] name=demuxer-cache-state value=null
08-22 17:16:53.238 I/MpvJNI  (17565): [PlaybackTrace][Native][getDuration] result=0 duration=149.696033
08-22 17:16:53.238 D/MpvBridgeModule(17565): [PlaybackTrace][Bridge][getDuration] ptr=131217388352464 duration=149.69603333333333
08-22 17:16:53.485 I/MpvEvent(17565): [PlaybackTrace][Native][property] name=demuxer-cache-state format=6 value=null
08-22 17:16:53.485 I/MpvEvent(17565): [PlaybackTrace][Native][dispatch:property] name=demuxer-cache-state value=null
08-22 17:16:53.485 D/MPVLib  (17565): onNativePropertyChanged: demuxer-cache-state = null
08-22 17:16:53.485 I/MpvBridgeModule(17565): [PlaybackTrace][Bridge][listener:property] name=demuxer-cache-state value=null
08-22 17:16:53.488 I/MpvJNI  (17565): [PlaybackTrace][Native][getDuration] result=0 duration=149.696033
08-22 17:16:53.488 D/MpvBridgeModule(17565): [PlaybackTrace][Bridge][getDuration] ptr=131217388352464 duration=149.69603333333333
08-22 17:16:53.581 I/MpvJNI  (17565): [PlaybackTrace][Native][getDuration] result=0 duration=149.696033
08-22 17:16:53.581 D/MpvBridgeModule(17565): [PlaybackTrace][Bridge][getDuration] ptr=131217388352464 duration=149.69603333333333
08-22 17:16:53.581 D/MpvBridgeModule(17565): [PlaybackTrace][Bridge][getPlaybackState] ptr=131217388352464 state=playing idle=false eof=false pause=false
08-22 17:16:53.589 I/MpvJNI  (17565): [PlaybackTrace][Native][getDuration] result=0 duration=149.696033
08-22 17:16:53.589 D/MpvBridgeModule(17565): [PlaybackTrace][Bridge][getDuration] ptr=131217388352464 duration=149.69603333333333
08-22 17:16:53.736 I/MpvEvent(17565): [PlaybackTrace][Native][property] name=demuxer-cache-state format=6 value=null
08-22 17:16:53.736 I/MpvEvent(17565): [PlaybackTrace][Native][dispatch:property] name=demuxer-cache-state value=null
08-22 17:16:53.737 D/MPVLib  (17565): onNativePropertyChanged: demuxer-cache-state = null
08-22 17:16:53.737 I/MpvBridgeModule(17565): [PlaybackTrace][Bridge][listener:property] name=demuxer-cache-state value=null
08-22 17:16:53.764 I/MpvJNI  (17565): [PlaybackTrace][Native][getDuration] result=0 duration=149.696033
08-22 17:16:53.764 D/MpvBridgeModule(17565): [PlaybackTrace][Bridge][getDuration] ptr=131217388352464 duration=149.69603333333333
08-22 17:16:53.985 I/MpvJNI  (17565): [PlaybackTrace][Native][getDuration] result=0 duration=149.696033
08-22 17:16:53.985 D/MpvBridgeModule(17565): [PlaybackTrace][Bridge][getDuration] ptr=131217388352464 duration=149.69603333333333
08-22 17:16:53.986 D/MpvBridgeModule(17565): [PlaybackTrace][Bridge][getPlaybackState] ptr=131217388352464 state=playing idle=false eof=false pause=false
08-22 17:16:53.987 I/MpvEvent(17565): [PlaybackTrace][Native][property] name=demuxer-cache-state format=6 value=null
08-22 17:16:53.987 I/MpvEvent(17565): [PlaybackTrace][Native][dispatch:property] name=demuxer-cache-state value=null
08-22 17:16:53.987 D/MPVLib  (17565): onNativePropertyChanged: demuxer-cache-state = null
08-22 17:16:53.987 I/MpvBridgeModule(17565): [PlaybackTrace][Bridge][listener:property] name=demuxer-cache-state value=null
08-22 17:16:53.991 I/MpvJNI  (17565): [PlaybackTrace][Native][getDuration] result=0 duration=149.696033
08-22 17:16:53.991 D/MpvBridgeModule(17565): [PlaybackTrace][Bridge][getDuration] ptr=131217388352464 duration=149.69603333333333
08-22 17:16:53.999 D/MediaSessionService(  695): onSessionPlaybackStateChanged: record=com.simba.player/MediaNotification/27 (userId=0) playbackState=PlaybackState {state=PLAYING(3), position=2, buffered position=0, speed=1.0, updated=155110870, actions=823, custom actions=[], active item id=-1, error=null}
08-22 17:16:54.237 I/MpvEvent(17565): [PlaybackTrace][Native][property] name=demuxer-cache-state format=6 value=null
08-22 17:16:54.237 I/MpvEvent(17565): [PlaybackTrace][Native][dispatch:property] name=demuxer-cache-state value=null
08-22 17:16:54.237 D/MPVLib  (17565): onNativePropertyChanged: demuxer-cache-state = null
08-22 17:16:54.237 I/MpvBridgeModule(17565): [PlaybackTrace][Bridge][listener:property] name=demuxer-cache-state value=null
08-22 17:16:54.242 I/MpvJNI  (17565): [PlaybackTrace][Native][getDuration] result=0 duration=149.696033
08-22 17:16:54.242 D/MpvBridgeModule(17565): [PlaybackTrace][Bridge][getDuration] ptr=131217388352464 duration=149.69603333333333
08-22 17:16:54.489 I/MpvEvent(17565): [PlaybackTrace][Native][property] name=demuxer-cache-state format=6 value=null
08-22 17:16:54.489 I/MpvEvent(17565): [PlaybackTrace][Native][dispatch:property] name=demuxer-cache-state value=null
08-22 17:16:54.489 D/MPVLib  (17565): onNativePropertyChanged: demuxer-cache-state = null
08-22 17:16:54.489 I/MpvBridgeModule(17565): [PlaybackTrace][Bridge][listener:property] name=demuxer-cache-state value=null
08-22 17:16:54.492 I/MpvJNI  (17565): [PlaybackTrace][Native][getDuration] result=0 duration=149.696033
08-22 17:16:54.492 D/MpvBridgeModule(17565): [PlaybackTrace][Bridge][getDuration] ptr=131217388352464 duration=149.69603333333333
08-22 17:16:54.615 I/MpvJNI  (17565): [PlaybackTrace][Native][getDuration] result=0 duration=149.696033
08-22 17:16:54.615 D/MpvBridgeModule(17565): [PlaybackTrace][Bridge][getDuration] ptr=131217388352464 duration=149.69603333333333
08-22 17:16:54.615 D/MpvBridgeModule(17565): [PlaybackTrace][Bridge][getPlaybackState] ptr=131217388352464 state=playing idle=false eof=false pause=false
08-22 17:16:54.630 I/MpvJNI  (17565): [PlaybackTrace][Native][getDuration] result=0 duration=149.696033
08-22 17:16:54.630 D/MpvBridgeModule(17565): [PlaybackTrace][Bridge][getDuration] ptr=131217388352464 duration=149.69603333333333
08-22 17:16:54.746 I/MpvEvent(17565): [PlaybackTrace][Native][property] name=demuxer-cache-state format=6 value=null
08-22 17:16:54.746 I/MpvEvent(17565): [PlaybackTrace][Native][dispatch:property] name=demuxer-cache-state value=null
08-22 17:16:54.746 D/MPVLib  (17565): onNativePropertyChanged: demuxer-cache-state = null
08-22 17:16:54.746 I/MpvBridgeModule(17565): [PlaybackTrace][Bridge][listener:property] name=demuxer-cache-state value=null
08-22 17:16:54.797 I/MpvJNI  (17565): [PlaybackTrace][Native][getDuration] result=0 duration=149.696033
08-22 17:16:54.797 D/MpvBridgeModule(17565): [PlaybackTrace][Bridge][getDuration] ptr=131217388352464 duration=149.69603333333333
08-22 17:16:54.991 I/MpvEvent(17565): [PlaybackTrace][Native][property] name=demuxer-cache-state format=6 value=null
08-22 17:16:54.991 I/MpvEvent(17565): [PlaybackTrace][Native][dispatch:property] name=demuxer-cache-state value=null
08-22 17:16:54.991 D/MPVLib  (17565): onNativePropertyChanged: demuxer-cache-state = null
08-22 17:16:54.991 I/MpvBridgeModule(17565): [PlaybackTrace][Bridge][listener:property] name=demuxer-cache-state value=null
08-22 17:16:54.994 I/MpvJNI  (17565): [PlaybackTrace][Native][getDuration] result=0 duration=149.696033
08-22 17:16:54.995 D/MpvBridgeModule(17565): [PlaybackTrace][Bridge][getDuration] ptr=131217388352464 duration=149.69603333333333
08-22 17:16:55.155 I/MpvJNI  (17565): [PlaybackTrace][Native][getDuration] result=0 duration=149.696033
08-22 17:16:55.155 D/MpvBridgeModule(17565): [PlaybackTrace][Bridge][getDuration] ptr=131217388352464 duration=149.69603333333333
08-22 17:16:55.155 D/MpvBridgeModule(17565): [PlaybackTrace][Bridge][getPlaybackState] ptr=131217388352464 state=playing idle=false eof=false pause=false
08-22 17:16:55.183 D/MediaSessionService(  695): onSessionPlaybackStateChanged: record=com.simba.player/MediaNotification/27 (userId=0) playbackState=PlaybackState {state=PLAYING(3), position=3, buffered position=0, speed=1.0, updated=155112053, actions=823, custom actions=[], active item id=-1, error=null}
08-22 17:16:55.572 I/MpvJNI  (17565): [PlaybackTrace][Native][getDuration] result=0 duration=149.696033
08-22 17:16:55.573 D/MpvBridgeModule(17565): [PlaybackTrace][Bridge][getDuration] ptr=131217388352464 duration=149.69603333333333
08-22 17:16:55.573 D/MpvBridgeModule(17565): [PlaybackTrace][Bridge][getPlaybackState] ptr=131217388352464 state=playing idle=false eof=false pause=false
08-22 17:16:55.580 I/MpvJNI  (17565): [PlaybackTrace][Native][getDuration] result=0 duration=149.696033
08-22 17:16:55.580 D/MpvBridgeModule(17565): [PlaybackTrace][Bridge][getDuration] ptr=131217388352464 duration=149.69603333333333
08-22 17:16:55.906 I/ReactNativeJS(17565): '[INFO]', '[PlaybackTrace][Controller][loadAndResume:before]', { uri: 'https://prod-1.storage.jamendo.com/?trackid=1593988&format=mp31&from=%2FV3E9Qwm8kkOD6hbkNYXkg%3D%3D%7CMJJdmScXeWFhFQqasgwXjQ%3D%3D',
08-22 17:16:55.907 I/ReactNativeJS(17565): '[INFO]', '[PlaybackTrace][JS][loadFile:call]', { requestedPath: 'https://prod-1.storage.jamendo.com/?trackid=1593988&format=mp31&from=%2FV3E9Qwm8kkOD6hbkNYXkg%3D%3D%7CMJJdmScXeWFhFQqasgwXjQ%3D%3D',
08-22 17:16:55.908 I/ReactNativeJS(17565): '[INFO]', '[PlaybackTrace][JS][loadFile:return]', { resolvedPath: 'https://prod-1.storage.jamendo.com/?trackid=1593988&format=mp31&from=%2FV3E9Qwm8kkOD6hbkNYXkg%3D%3D%7CMJJdmScXeWFhFQqasgwXjQ%3D%3D' }
08-22 17:16:55.909 I/ReactNativeJS(17565): '[INFO]', '[PlaybackTrace][Controller][loadAndResume:loaded]', 'https://prod-1.storage.jamendo.com/?trackid=1593988&format=mp31&from=%2FV3E9Qwm8kkOD6hbkNYXkg%3D%3D%7CMJJdmScXeWFhFQqasgwXjQ%3D%3D'
08-22 17:16:55.909 I/MpvBridgeModule(17565): [PlaybackTrace][Bridge][loadFile] nativeLoadFile returned
08-22 17:16:55.910 I/ReactNativeJS(17565): '[INFO]', '[PlaybackTrace][JS][resume:call]'
08-22 17:16:55.911 I/ReactNativeJS(17565): '[INFO]', '[PlaybackTrace][Controller][loadAndResume:resumed]', 'https://prod-1.storage.jamendo.com/?trackid=1593988&format=mp31&from=%2FV3E9Qwm8kkOD6hbkNYXkg%3D%3D%7CMJJdmScXeWFhFQqasgwXjQ%3D%3D'
08-22 17:16:55.917 I/MpvEvent(17565): [PlaybackTrace][Native][eventLoop] MPV_EVENT_AUDIO_RECONFIG
08-22 17:16:55.917 I/MpvEvent(17565): [PlaybackTrace][Native][dispatch:event] name=audioReconfig payload={}
08-22 17:16:55.918 I/MpvBridgeModule(17565): [PlaybackTrace][Bridge][listener:event] name=audioReconfig payload={}
08-22 17:16:55.922 I/MpvEvent(17565): [PlaybackTrace][Native][eventLoop] MPV_EVENT_AUDIO_RECONFIG
08-22 17:16:55.922 I/MpvEvent(17565): [PlaybackTrace][Native][dispatch:event] name=audioReconfig payload={}
08-22 17:16:55.923 I/MpvJNI  (17565): [PlaybackTrace][Native][play] pause=no result=0
08-22 17:16:55.923 I/MpvBridgeModule(17565): [PlaybackTrace][Bridge][play] nativePlay returned
08-22 17:16:55.923 I/MpvBridgeModule(17565): [PlaybackTrace][Bridge][listener:event] name=audioReconfig payload={}
08-22 17:16:55.929 I/MpvEvent(17565): [PlaybackTrace][Native][mpv-log] prefix=cplayer level=v text=Set property: pause="no" -> 1
08-22 17:16:55.929 D/mpv     (17565): [cplayer] v: Set property: pause="no" -> 1
08-22 17:16:55.930 I/MpvEvent(17565): [PlaybackTrace][Native][dispatch:event] name=endFile payload={"reason":2,"error":0}
08-22 17:16:55.931 D/MPVLib  (17565): onNativeEvent: endFile {"reason":2,"error":0}
08-22 17:16:55.932 I/MpvBridgeModule(17565): [PlaybackTrace][Bridge][listener:event] name=endFile payload={"reason":2,"error":0}
08-22 17:16:55.934 I/MpvEvent(17565): [PlaybackTrace][Native][eventLoop] property=cache-buffering-state format=NONE
08-22 17:16:55.935 I/MpvEvent(17565): [PlaybackTrace][Native][eventLoop] property=paused-for-cache format=NONE
08-22 17:16:55.935 I/MpvEvent(17565): [PlaybackTrace][Native][eventLoop] property=demuxer-cache-state format=NONE
08-22 17:16:55.935 I/MpvEvent(17565): [PlaybackTrace][Native][eventLoop] property=seekable format=NONE
08-22 17:16:56.019 I/MpvJNI  (17565): [PlaybackTrace][Native][getDuration] result=-10 duration=0.000000
08-22 17:16:56.019 D/MpvBridgeModule(17565): [PlaybackTrace][Bridge][getDuration] ptr=131217388352464 duration=0.0
08-22 17:16:56.019 D/MpvBridgeModule(17565): [PlaybackTrace][Bridge][getPlaybackState] ptr=131217388352464 state=playing idle=false eof=false pause=false
08-22 17:16:56.032 D/MediaSessionService(  695): onSessionPlaybackStateChanged: record=com.simba.player/MediaNotification/27 (userId=0) playbackState=PlaybackState {state=PLAYING(3), position=0, buffered position=0, speed=1.0, updated=155112903, actions=823, custom actions=[], active item id=-1, error=null}
08-22 17:16:56.170 I/ReactNativeJS(17565): '[INFO]', '[PlaybackTrace][JS][resume:call]'
08-22 17:16:56.171 I/MpvJNI  (17565): [PlaybackTrace][Native][play] pause=no result=0
08-22 17:16:56.171 I/MpvBridgeModule(17565): [PlaybackTrace][Bridge][play] nativePlay returned
08-22 17:16:56.173 I/MpvEvent(17565): [PlaybackTrace][Native][mpv-log] prefix=cplayer level=v text=Set property: pause="no" -> 1
08-22 17:16:56.173 D/mpv     (17565): [cplayer] v: Set property: pause="no" -> 1
08-22 17:16:56.589 I/MpvJNI  (17565): [PlaybackTrace][Native][getDuration] result=-10 duration=0.000000
08-22 17:16:56.589 D/MpvBridgeModule(17565): [PlaybackTrace][Bridge][getDuration] ptr=131217388352464 duration=0.0
08-22 17:16:56.590 D/MpvBridgeModule(17565): [PlaybackTrace][Bridge][getPlaybackState] ptr=131217388352464 state=playing idle=false eof=false pause=false
08-22 17:16:56.599 I/MpvJNI  (17565): [PlaybackTrace][Native][getDuration] result=-10 duration=0.000000
08-22 17:16:56.600 D/MpvBridgeModule(17565): [PlaybackTrace][Bridge][getDuration] ptr=131217388352464 duration=0.0
08-22 17:16:56.937 I/MpvEvent(17565): [PlaybackTrace][Native][mpv-log] prefix=ffmpeg level=v text=Mime-type: 'audio/mpeg'
08-22 17:16:56.938 D/mpv     (17565): [ffmpeg] v: Mime-type: 'audio/mpeg'
08-22 17:16:57.046 I/MpvJNI  (17565): [PlaybackTrace][Native][getDuration] result=-10 duration=0.000000
08-22 17:16:57.047 D/MpvBridgeModule(17565): [PlaybackTrace][Bridge][getDuration] ptr=131217388352464 duration=0.0
08-22 17:16:57.049 D/MpvBridgeModule(17565): [PlaybackTrace][Bridge][getPlaybackState] ptr=131217388352464 state=playing idle=false eof=false pause=false
08-22 17:16:57.107 D/MediaSessionService(  695): onSessionPlaybackStateChanged: record=com.simba.player/MediaNotification/27 (userId=0) playbackState=PlaybackState {state=PLAYING(3), position=0, buffered position=0, speed=1.0, updated=155113977, actions=823, custom actions=[], active item id=-1, error=null}
08-22 17:16:57.124 I/MpvEvent(17565): [PlaybackTrace][Native][mpv-log] prefix=cplayer level=info text=ΓùÅ Audio  --aid=1  (mp3 2ch 44100 Hz 96 kbps)
08-22 17:16:57.124 D/mpv     (17565): [cplayer] info: ΓùÅ Audio  --aid=1  (mp3 2ch 44100 Hz 96 kbps)
08-22 17:16:57.126 I/MpvEvent(17565): [PlaybackTrace][Native][eventLoop] MPV_EVENT_AUDIO_RECONFIG
08-22 17:16:57.126 I/MpvEvent(17565): [PlaybackTrace][Native][dispatch:event] name=audioReconfig payload={}
08-22 17:16:57.143 I/MpvBridgeModule(17565): [PlaybackTrace][Bridge][listener:event] name=audioReconfig payload={}
08-22 17:16:57.144 I/MpvEvent(17565): [PlaybackTrace][Native][eventLoop] MPV_EVENT_AUDIO_RECONFIG
08-22 17:16:57.144 I/MpvEvent(17565): [PlaybackTrace][Native][dispatch:event] name=audioReconfig payload={}
08-22 17:16:57.144 I/MpvBridgeModule(17565): [PlaybackTrace][Bridge][listener:event] name=audioReconfig payload={}
08-22 17:16:57.154 I/ReactNativeJS(17565): '[INFO]', '[PlaybackTrace][Controller][event:onFileLoaded]', { fileUri: 'https://prod-1.storage.jamendo.com/?trackid=1593988&format=mp31&from=%2FV3E9Qwm8kkOD6hbkNYXkg%3D%3D%7CMJJdmScXeWFhFQqasgwXjQ%3D%3D',
08-22 17:16:57.156 I/MpvEvent(17565): [PlaybackTrace][Native][property] name=seekable format=6 value=null
08-22 17:16:57.156 I/MpvEvent(17565): [PlaybackTrace][Native][dispatch:property] name=seekable value=null
08-22 17:16:57.158 I/MpvBridgeModule(17565): [PlaybackTrace][Bridge][listener:property] name=seekable value=null
08-22 17:16:57.186 I/MpvEvent(17565): [PlaybackTrace][Native][mpv-log] prefix=ad level=v text=    mp3float (mp3) - MP3 (MPEG audio layer 3)
08-22 17:16:57.186 I/MpvEvent(17565): [PlaybackTrace][Native][mpv-log] prefix=ad level=v text=    mp3 - MP3 (MPEG audio layer 3)
08-22 17:16:57.186 I/MpvEvent(17565): [PlaybackTrace][Native][mpv-log] prefix=ad level=v text=Selected decoder: mp3float - MP3 (MPEG audio layer 3)
08-22 17:16:57.186 I/MpvEvent(17565): [PlaybackTrace][Native][mpv-log] prefix=cplayer level=info text=Displaying cover art. Use --no-audio-display to prevent this.
08-22 17:16:57.186 D/mpv     (17565): [cplayer] info: Displaying cover art. Use --no-audio-display to prevent this.
08-22 17:16:57.194 I/MpvEvent(17565): [PlaybackTrace][Native][eventLoop] MPV_EVENT_AUDIO_RECONFIG
08-22 17:16:57.194 I/MpvEvent(17565): [PlaybackTrace][Native][dispatch:event] name=audioReconfig payload={}
08-22 17:16:57.195 I/MpvBridgeModule(17565): [PlaybackTrace][Bridge][listener:event] name=audioReconfig payload={}
08-22 17:16:57.227 I/MpvEvent(17565): [PlaybackTrace][Native][mpv-log] prefix=ao level=v text=Trying audio driver 'audiotrack'
08-22 17:16:57.227 I/MpvEvent(17565): [PlaybackTrace][Native][mpv-log] prefix=ao/audiotrack level=v text=requested format: 44100 Hz, stereo channels, floatp
08-22 17:16:57.227 D/mpv     (17565): [ao/audiotrack] v: requested format: 44100 Hz, stereo channels, floatp
08-22 17:16:57.227 I/MpvEvent(17565): [PlaybackTrace][Native][mpv-log] prefix=ao/audiotrack level=v text=AudioTrack.nativeOutputSampleRate = 48000
08-22 17:16:57.227 D/mpv     (17565): [ao/audiotrack] v: AudioTrack.nativeOutputSampleRate = 48000
08-22 17:16:57.227 I/MpvEvent(17565): [PlaybackTrace][Native][mpv-log] prefix=ao/audiotrack level=v text=Channel layouts:
08-22 17:16:57.227 D/mpv     (17565): [ao/audiotrack] v: Channel layouts:
08-22 17:16:57.228 I/MpvEvent(17565): [PlaybackTrace][Native][mpv-log] prefix=ao/audiotrack level=v text= - mono
08-22 17:16:57.228 D/mpv     (17565): [ao/audiotrack] v:  - mono
08-22 17:16:57.228 I/MpvEvent(17565): [PlaybackTrace][Native][mpv-log] prefix=ao/audiotrack level=v text= - stereo
08-22 17:16:57.228 D/mpv     (17565): [ao/audiotrack] v:  - stereo
08-22 17:16:57.228 I/MpvEvent(17565): [PlaybackTrace][Native][mpv-log] prefix=ao/audiotrack level=v text= - 3.0
08-22 17:16:57.228 D/mpv     (17565): [ao/audiotrack] v:  - 3.0
08-22 17:16:57.230 I/MpvEvent(17565): [PlaybackTrace][Native][mpv-log] prefix=ao/audiotrack level=v text= - quad
08-22 17:16:57.232 D/mpv     (17565): [ao/audiotrack] v:  - quad
08-22 17:16:57.237 I/MpvEvent(17565): [PlaybackTrace][Native][mpv-log] prefix=ao/audiotrack level=v text= - 5.0
08-22 17:16:57.240 D/mpv     (17565): [ao/audiotrack] v:  - 5.0
08-22 17:16:57.242 I/MpvEvent(17565): [PlaybackTrace][Native][mpv-log] prefix=ao/audiotrack level=v text= - 5.1
08-22 17:16:57.242 D/mpv     (17565): [ao/audiotrack] v:  - 5.1
08-22 17:16:57.242 I/MpvEvent(17565): [PlaybackTrace][Native][mpv-log] prefix=ao/audiotrack level=v text= - 6.1(back)
08-22 17:16:57.242 D/mpv     (17565): [ao/audiotrack] v:  - 6.1(back)
08-22 17:16:57.242 I/MpvEvent(17565): [PlaybackTrace][Native][mpv-log] prefix=ao/audiotrack level=v text= - 7.1
08-22 17:16:57.242 D/mpv     (17565): [ao/audiotrack] v:  - 7.1
08-22 17:16:57.242 I/MpvEvent(17565): [PlaybackTrace][Native][mpv-log] prefix=ao/audiotrack level=v text=result: stereo
08-22 17:16:57.242 D/mpv     (17565): [ao/audiotrack] v: result: stereo
08-22 17:16:57.243 I/MpvEvent(17565): [PlaybackTrace][Native][mpv-log] prefix=ao/audiotrack level=v text=Setting bufferSize = 52920 (driver=32096, min=26460, max=52920)
08-22 17:16:57.243 D/mpv     (17565): [ao/audiotrack] v: Setting bufferSize = 52920 (driver=32096, min=26460, max=52920)
08-22 17:16:57.243 I/MpvEvent(17565): [PlaybackTrace][Native][mpv-log] prefix=ao/audiotrack level=v text=Using NIO ByteBuffer
08-22 17:16:57.243 D/mpv     (17565): [ao/audiotrack] v: Using NIO ByteBuffer
08-22 17:16:57.243 I/MpvEvent(17565): [PlaybackTrace][Native][mpv-log] prefix=ao/audiotrack level=v text=Using API21 initializer
08-22 17:16:57.243 D/mpv     (17565): [ao/audiotrack] v: Using API21 initializer
08-22 17:16:57.250 I/MpvEvent(17565): [PlaybackTrace][Native][mpv-log] prefix=ao/audiotrack level=v text=AudioTrack.getBufferSizeInFrames = 6615
08-22 17:16:57.250 D/mpv     (17565): [ao/audiotrack] v: AudioTrack.getBufferSizeInFrames = 6615
08-22 17:16:57.254 I/MpvEvent(17565): [PlaybackTrace][Native][mpv-log] prefix=ao/audiotrack level=v text=device buffer: 6615 samples.
08-22 17:16:57.254 D/mpv     (17565): [ao/audiotrack] v: device buffer: 6615 samples.
08-22 17:16:57.254 I/MpvEvent(17565): [PlaybackTrace][Native][mpv-log] prefix=ao/audiotrack level=v text=using soft-buffer of 8820 samples.
08-22 17:16:57.254 D/mpv     (17565): [ao/audiotrack] v: using soft-buffer of 8820 samples.
08-22 17:16:57.254 I/MpvEvent(17565): [PlaybackTrace][Native][mpv-log] prefix=cplayer level=info text=AO: [audiotrack] 44100Hz stereo 2ch float
08-22 17:16:57.254 D/mpv     (17565): [cplayer] info: AO: [audiotrack] 44100Hz stereo 2ch float
08-22 17:16:57.255 I/MpvEvent(17565): [PlaybackTrace][Native][mpv-log] prefix=cplayer level=v text=AO: Description: Android AudioTrack audio output
08-22 17:16:57.257 D/mpv     (17565): [cplayer] v: AO: Description: Android AudioTrack audio output
08-22 17:16:57.300 I/MpvEvent(17565): [PlaybackTrace][Native][property] name=cache-buffering-state format=6 value=null
08-22 17:16:57.300 I/MpvEvent(17565): [PlaybackTrace][Native][dispatch:property] name=cache-buffering-state value=null
08-22 17:16:57.310 D/MPVLib  (17565): onNativePropertyChanged: cache-buffering-state = null
08-22 17:16:57.313 I/MpvBridgeModule(17565): [PlaybackTrace][Bridge][listener:property] name=cache-buffering-state value=null
08-22 17:16:57.365 I/MpvEvent(17565): [PlaybackTrace][Native][property] name=paused-for-cache format=6 value=null
08-22 17:16:57.365 I/MpvEvent(17565): [PlaybackTrace][Native][dispatch:property] name=paused-for-cache value=null
08-22 17:16:57.369 D/MPVLib  (17565): onNativePropertyChanged: paused-for-cache = null
08-22 17:16:57.370 I/MpvBridgeModule(17565): [PlaybackTrace][Bridge][listener:property] name=paused-for-cache value=null
08-22 17:16:57.376 I/MpvEvent(17565): [PlaybackTrace][Native][property] name=demuxer-cache-state format=6 value=null
08-22 17:16:57.376 I/MpvEvent(17565): [PlaybackTrace][Native][dispatch:property] name=demuxer-cache-state value=null
08-22 17:16:57.386 D/MPVLib  (17565): onNativePropertyChanged: demuxer-cache-state = null
08-22 17:16:57.386 I/MpvBridgeModule(17565): [PlaybackTrace][Bridge][listener:property] name=demuxer-cache-state value=null
08-22 17:16:57.460 I/MpvJNI  (17565): [PlaybackTrace][Native][getDuration] result=0 duration=149.696033
08-22 17:16:57.460 D/MpvBridgeModule(17565): [PlaybackTrace][Bridge][getDuration] ptr=131217388352464 duration=149.69603333333333
08-22 17:16:57.538 I/MpvEvent(17565): [PlaybackTrace][Native][property] name=demuxer-cache-state format=6 value=null
08-22 17:16:57.538 I/MpvEvent(17565): [PlaybackTrace][Native][dispatch:property] name=demuxer-cache-state value=null
08-22 17:16:57.545 D/MPVLib  (17565): onNativePropertyChanged: demuxer-cache-state = null
08-22 17:16:57.545 I/MpvBridgeModule(17565): [PlaybackTrace][Bridge][listener:property] name=demuxer-cache-state value=null
08-22 17:16:57.568 I/MpvEvent(17565): [PlaybackTrace][Native][mpv-log] prefix=cplayer level=v text=audio ready
08-22 17:16:57.568 D/mpv     (17565): [cplayer] v: audio ready
08-22 17:16:57.568 I/MpvEvent(17565): [PlaybackTrace][Native][mpv-log] prefix=cplayer level=v text=starting audio playback
08-22 17:16:57.568 D/mpv     (17565): [cplayer] v: starting audio playback
08-22 17:16:57.574 I/MpvEvent(17565): [PlaybackTrace][Native][mpv-log] prefix=cplayer level=v text=playback restart complete @ 0.000001, audio=playing, video=eof
08-22 17:16:57.574 D/mpv     (17565): [cplayer] v: playback restart complete @ 0.000001, audio=playing, video=eof
08-22 17:16:57.582 I/MpvEvent(17565): [PlaybackTrace][Native][mpv-log] prefix=cplayer level=warn text=Audio device underrun detected.
08-22 17:16:57.593 D/mpv     (17565): [cplayer] warn: Audio device underrun detected.
08-22 17:16:57.593 I/MpvEvent(17565): [PlaybackTrace][Native][mpv-log] prefix=cplayer level=v text=restarting audio after underrun
08-22 17:16:57.593 D/mpv     (17565): [cplayer] v: restarting audio after underrun
08-22 17:16:57.718 I/MpvEvent(17565): [PlaybackTrace][Native][property] name=demuxer-cache-state format=6 value=null
08-22 17:16:57.718 I/MpvEvent(17565): [PlaybackTrace][Native][dispatch:property] name=demuxer-cache-state value=null
08-22 17:16:57.722 D/MPVLib  (17565): onNativePropertyChanged: demuxer-cache-state = null
08-22 17:16:57.723 I/MpvBridgeModule(17565): [PlaybackTrace][Bridge][listener:property] name=demuxer-cache-state value=null
08-22 17:16:57.900 I/MpvJNI  (17565): [PlaybackTrace][Native][getDuration] result=0 duration=149.696033
08-22 17:16:57.900 D/MpvBridgeModule(17565): [PlaybackTrace][Bridge][getDuration] ptr=131217388352464 duration=149.69603333333333
08-22 17:16:57.900 D/MpvBridgeModule(17565): [PlaybackTrace][Bridge][getPlaybackState] ptr=131217388352464 state=playing idle=false eof=false pause=false
08-22 17:16:57.919 I/MpvJNI  (17565): [PlaybackTrace][Native][getDuration] result=0 duration=149.696033
08-22 17:16:57.919 D/MpvBridgeModule(17565): [PlaybackTrace][Bridge][getDuration] ptr=131217388352464 duration=149.69603333333333
08-22 17:16:57.965 I/MpvEvent(17565): [PlaybackTrace][Native][property] name=demuxer-cache-state format=6 value=null
08-22 17:16:57.965 I/MpvEvent(17565): [PlaybackTrace][Native][dispatch:property] name=demuxer-cache-state value=null
08-22 17:16:57.965 D/MPVLib  (17565): onNativePropertyChanged: demuxer-cache-state = null
08-22 17:16:57.965 I/MpvBridgeModule(17565): [PlaybackTrace][Bridge][listener:property] name=demuxer-cache-state value=null
08-22 17:16:58.103 I/MpvJNI  (17565): [PlaybackTrace][Native][getDuration] result=0 duration=149.696033
08-22 17:16:58.103 D/MpvBridgeModule(17565): [PlaybackTrace][Bridge][getDuration] ptr=131217388352464 duration=149.69603333333333
08-22 17:16:58.103 D/MpvBridgeModule(17565): [PlaybackTrace][Bridge][getPlaybackState] ptr=131217388352464 state=playing idle=false eof=false pause=false
08-22 17:16:58.118 I/MpvJNI  (17565): [PlaybackTrace][Native][getDuration] result=0 duration=149.696033
08-22 17:16:58.118 D/MpvBridgeModule(17565): [PlaybackTrace][Bridge][getDuration] ptr=131217388352464 duration=149.69603333333333
08-22 17:16:58.130 D/MediaSessionService(  695): onSessionPlaybackStateChanged: record=com.simba.player/MediaNotification/27 (userId=0) playbackState=PlaybackState {state=PLAYING(3), position=0, buffered position=0, speed=1.0, updated=155115001, actions=823, custom actions=[], active item id=-1, error=null}
08-22 17:16:58.222 I/MpvEvent(17565): [PlaybackTrace][Native][property] name=demuxer-cache-state format=6 value=null
08-22 17:16:58.222 I/MpvEvent(17565): [PlaybackTrace][Native][dispatch:property] name=demuxer-cache-state value=null
08-22 17:16:58.222 D/MPVLib  (17565): onNativePropertyChanged: demuxer-cache-state = null
08-22 17:16:58.223 I/MpvBridgeModule(17565): [PlaybackTrace][Bridge][listener:property] name=demuxer-cache-state value=null
08-22 17:16:58.298 I/MpvJNI  (17565): [PlaybackTrace][Native][getDuration] result=0 duration=149.696033
08-22 17:16:58.298 D/MpvBridgeModule(17565): [PlaybackTrace][Bridge][getDuration] ptr=131217388352464 duration=149.69603333333333
08-22 17:16:58.472 I/MpvEvent(17565): [PlaybackTrace][Native][property] name=demuxer-cache-state format=6 value=null
08-22 17:16:58.472 I/MpvEvent(17565): [PlaybackTrace][Native][dispatch:property] name=demuxer-cache-state value=null
08-22 17:16:58.473 D/MPVLib  (17565): onNativePropertyChanged: demuxer-cache-state = null
08-22 17:16:58.473 I/MpvBridgeModule(17565): [PlaybackTrace][Bridge][listener:property] name=demuxer-cache-state value=null
08-22 17:16:58.490 I/MpvJNI  (17565): [PlaybackTrace][Native][getDuration] result=0 duration=149.696033
08-22 17:16:58.490 D/MpvBridgeModule(17565): [PlaybackTrace][Bridge][getDuration] ptr=131217388352464 duration=149.69603333333333
08-22 17:16:58.619 I/MpvJNI  (17565): [PlaybackTrace][Native][getDuration] result=0 duration=149.696033
08-22 17:16:58.619 D/MpvBridgeModule(17565): [PlaybackTrace][Bridge][getDuration] ptr=131217388352464 duration=149.69603333333333
08-22 17:16:58.619 D/MpvBridgeModule(17565): [PlaybackTrace][Bridge][getPlaybackState] ptr=131217388352464 state=playing idle=false eof=false pause=false
08-22 17:16:58.628 I/MpvJNI  (17565): [PlaybackTrace][Native][getDuration] result=0 duration=149.696033
08-22 17:16:58.628 D/MpvBridgeModule(17565): [PlaybackTrace][Bridge][getDuration] ptr=131217388352464 duration=149.69603333333333
08-22 17:16:58.720 I/MpvEvent(17565): [PlaybackTrace][Native][property] name=demuxer-cache-state format=6 value=null
08-22 17:16:58.720 I/MpvEvent(17565): [PlaybackTrace][Native][dispatch:property] name=demuxer-cache-state value=null
08-22 17:16:58.721 D/MPVLib  (17565): onNativePropertyChanged: demuxer-cache-state = null
08-22 17:16:58.721 I/MpvBridgeModule(17565): [PlaybackTrace][Bridge][listener:property] name=demuxer-cache-state value=null
08-22 17:16:58.743 I/ReactNativeJS(17565): '[INFO]', '[PlaybackTrace][Controller][loadAndResume:before]', { uri: 'https://prod-1.storage.jamendo.com/?trackid=1593988&format=mp31&from=%2FV3E9Qwm8kkOD6hbkNYXkg%3D%3D%7CMJJdmScXeWFhFQqasgwXjQ%3D%3D',
08-22 17:16:58.743 I/ReactNativeJS(17565): '[INFO]', '[PlaybackTrace][JS][loadFile:call]', { requestedPath: 'https://prod-1.storage.jamendo.com/?trackid=1593988&format=mp31&from=%2FV3E9Qwm8kkOD6hbkNYXkg%3D%3D%7CMJJdmScXeWFhFQqasgwXjQ%3D%3D',
08-22 17:16:58.745 I/MpvBridgeModule(17565): [PlaybackTrace][Bridge][loadFile] nativeLoadFile returned
08-22 17:16:58.745 I/ReactNativeJS(17565): '[INFO]', '[PlaybackTrace][JS][loadFile:return]', { resolvedPath: 'https://prod-1.storage.jamendo.com/?trackid=1593988&format=mp31&from=%2FV3E9Qwm8kkOD6hbkNYXkg%3D%3D%7CMJJdmScXeWFhFQqasgwXjQ%3D%3D' }
08-22 17:16:58.746 I/ReactNativeJS(17565): '[INFO]', '[PlaybackTrace][Controller][loadAndResume:loaded]', 'https://prod-1.storage.jamendo.com/?trackid=1593988&format=mp31&from=%2FV3E9Qwm8kkOD6hbkNYXkg%3D%3D%7CMJJdmScXeWFhFQqasgwXjQ%3D%3D'
08-22 17:16:58.748 I/ReactNativeJS(17565): '[INFO]', '[PlaybackTrace][JS][resume:call]'
08-22 17:16:58.750 I/ReactNativeJS(17565): '[INFO]', '[PlaybackTrace][Controller][loadAndResume:resumed]', 'https://prod-1.storage.jamendo.com/?trackid=1593988&format=mp31&from=%2FV3E9Qwm8kkOD6hbkNYXkg%3D%3D%7CMJJdmScXeWFhFQqasgwXjQ%3D%3D'
08-22 17:16:58.756 I/MpvEvent(17565): [PlaybackTrace][Native][eventLoop] MPV_EVENT_AUDIO_RECONFIG
08-22 17:16:58.756 I/MpvEvent(17565): [PlaybackTrace][Native][dispatch:event] name=audioReconfig payload={}
08-22 17:16:58.761 I/MpvBridgeModule(17565): [PlaybackTrace][Bridge][listener:event] name=audioReconfig payload={}
08-22 17:16:58.770 I/MpvJNI  (17565): [PlaybackTrace][Native][getDuration] result=-10 duration=0.000000
08-22 17:16:58.770 D/MpvBridgeModule(17565): [PlaybackTrace][Bridge][getDuration] ptr=131217388352464 duration=0.0
08-22 17:16:58.771 I/MpvJNI  (17565): [PlaybackTrace][Native][play] pause=no result=0
08-22 17:16:58.771 I/MpvBridgeModule(17565): [PlaybackTrace][Bridge][play] nativePlay returned
08-22 17:16:58.772 I/MpvEvent(17565): [PlaybackTrace][Native][eventLoop] MPV_EVENT_AUDIO_RECONFIG
08-22 17:16:58.772 I/MpvEvent(17565): [PlaybackTrace][Native][dispatch:event] name=audioReconfig payload={}
08-22 17:16:58.773 I/MpvBridgeModule(17565): [PlaybackTrace][Bridge][listener:event] name=audioReconfig payload={}
08-22 17:16:58.774 I/MpvEvent(17565): [PlaybackTrace][Native][mpv-log] prefix=cplayer level=v text=Set property: pause="no" -> 1
08-22 17:16:58.774 D/mpv     (17565): [cplayer] v: Set property: pause="no" -> 1
08-22 17:16:58.945 I/MpvEvent(17565): [PlaybackTrace][Native][dispatch:event] name=endFile payload={"reason":2,"error":0}
08-22 17:16:58.945 D/MPVLib  (17565): onNativeEvent: endFile {"reason":2,"error":0}
08-22 17:16:58.945 I/MpvBridgeModule(17565): [PlaybackTrace][Bridge][listener:event] name=endFile payload={"reason":2,"error":0}
08-22 17:16:58.948 I/MpvEvent(17565): [PlaybackTrace][Native][eventLoop] property=cache-buffering-state format=NONE
08-22 17:16:58.948 I/MpvEvent(17565): [PlaybackTrace][Native][eventLoop] property=paused-for-cache format=NONE
08-22 17:16:58.948 I/MpvEvent(17565): [PlaybackTrace][Native][eventLoop] property=demuxer-cache-state format=NONE
08-22 17:16:58.948 I/MpvEvent(17565): [PlaybackTrace][Native][eventLoop] property=seekable format=NONE
08-22 17:16:59.035 I/ReactNativeJS(17565): '[INFO]', '[PlaybackTrace][JS][resume:call]'
08-22 17:16:59.036 I/MpvJNI  (17565): [PlaybackTrace][Native][play] pause=no result=0
08-22 17:16:59.036 I/MpvBridgeModule(17565): [PlaybackTrace][Bridge][play] nativePlay returned
08-22 17:16:59.036 I/MpvEvent(17565): [PlaybackTrace][Native][mpv-log] prefix=cplayer level=v text=Set property: pause="no" -> 1
08-22 17:16:59.036 D/mpv     (17565): [cplayer] v: Set property: pause="no" -> 1
08-22 17:16:59.085 I/MpvJNI  (17565): [PlaybackTrace][Native][getDuration] result=-10 duration=0.000000
08-22 17:16:59.085 D/MpvBridgeModule(17565): [PlaybackTrace][Bridge][getDuration] ptr=131217388352464 duration=0.0
08-22 17:16:59.086 D/MpvBridgeModule(17565): [PlaybackTrace][Bridge][getPlaybackState] ptr=131217388352464 state=playing idle=false eof=false pause=false
08-22 17:16:59.097 D/MediaSessionService(  695): onSessionPlaybackStateChanged: record=com.simba.player/MediaNotification/27 (userId=0) playbackState=PlaybackState {state=PLAYING(3), position=0, buffered position=0, speed=1.0, updated=155115968, actions=823, custom actions=[], active item id=-1, error=null}
08-22 17:16:59.652 I/MpvJNI  (17565): [PlaybackTrace][Native][getDuration] result=-10 duration=0.000000
08-22 17:16:59.652 D/MpvBridgeModule(17565): [PlaybackTrace][Bridge][getDuration] ptr=131217388352464 duration=0.0
08-22 17:16:59.652 D/MpvBridgeModule(17565): [PlaybackTrace][Bridge][getPlaybackState] ptr=131217388352464 state=playing idle=false eof=false pause=false
08-22 17:16:59.655 I/MpvJNI  (17565): [PlaybackTrace][Native][getDuration] result=-10 duration=0.000000
08-22 17:16:59.655 D/MpvBridgeModule(17565): [PlaybackTrace][Bridge][getDuration] ptr=131217388352464 duration=0.0
08-22 17:16:59.658 I/MpvEvent(17565): [PlaybackTrace][Native][mpv-log] prefix=ffmpeg level=v text=Mime-type: 'audio/mpeg'
08-22 17:16:59.658 D/mpv     (17565): [ffmpeg] v: Mime-type: 'audio/mpeg'
08-22 17:16:59.872 I/MpvEvent(17565): [PlaybackTrace][Native][property] name=cache-buffering-state format=6 value=null
08-22 17:16:59.872 I/MpvEvent(17565): [PlaybackTrace][Native][dispatch:property] name=cache-buffering-state value=null
08-22 17:16:59.873 D/MPVLib  (17565): onNativePropertyChanged: cache-buffering-state = null
08-22 17:16:59.873 I/MpvBridgeModule(17565): [PlaybackTrace][Bridge][listener:property] name=cache-buffering-state value=null
08-22 17:16:59.878 I/MpvEvent(17565): [PlaybackTrace][Native][eventLoop] MPV_EVENT_AUDIO_RECONFIG
08-22 17:16:59.878 I/MpvEvent(17565): [PlaybackTrace][Native][dispatch:event] name=audioReconfig payload={}
08-22 17:16:59.878 I/MpvBridgeModule(17565): [PlaybackTrace][Bridge][listener:event] name=audioReconfig payload={}
08-22 17:16:59.879 I/MpvEvent(17565): [PlaybackTrace][Native][eventLoop] MPV_EVENT_AUDIO_RECONFIG
08-22 17:16:59.879 I/MpvEvent(17565): [PlaybackTrace][Native][dispatch:event] name=audioReconfig payload={}
08-22 17:16:59.879 I/MpvBridgeModule(17565): [PlaybackTrace][Bridge][listener:event] name=audioReconfig payload={}
08-22 17:16:59.882 I/MpvEvent(17565): [PlaybackTrace][Native][mpv-log] prefix=cplayer level=info text=ΓùÅ Audio  --aid=1  (mp3 2ch 44100 Hz 96 kbps)
08-22 17:16:59.882 D/mpv     (17565): [cplayer] info: ΓùÅ Audio  --aid=1  (mp3 2ch 44100 Hz 96 kbps)
08-22 17:16:59.885 I/MpvEvent(17565): [PlaybackTrace][Native][mpv-log] prefix=ad level=v text=    mp3float (mp3) - MP3 (MPEG audio layer 3)
08-22 17:16:59.885 I/MpvEvent(17565): [PlaybackTrace][Native][mpv-log] prefix=ad level=v text=    mp3 - MP3 (MPEG audio layer 3)
08-22 17:16:59.885 I/MpvEvent(17565): [PlaybackTrace][Native][mpv-log] prefix=ad level=v text=Selected decoder: mp3float - MP3 (MPEG audio layer 3)
08-22 17:16:59.885 I/MpvEvent(17565): [PlaybackTrace][Native][mpv-log] prefix=cplayer level=info text=Displaying cover art. Use --no-audio-display to prevent this.
08-22 17:16:59.885 D/mpv     (17565): [cplayer] info: Displaying cover art. Use --no-audio-display to prevent this.
08-22 17:16:59.886 I/ReactNativeJS(17565): '[INFO]', '[PlaybackTrace][Controller][event:onFileLoaded]', { fileUri: 'https://prod-1.storage.jamendo.com/?trackid=1593988&format=mp31&from=%2FV3E9Qwm8kkOD6hbkNYXkg%3D%3D%7CMJJdmScXeWFhFQqasgwXjQ%3D%3D',
08-22 17:16:59.894 I/MpvEvent(17565): [PlaybackTrace][Native][property] name=seekable format=6 value=null
08-22 17:16:59.894 I/MpvEvent(17565): [PlaybackTrace][Native][dispatch:property] name=seekable value=null
08-22 17:16:59.894 I/MpvBridgeModule(17565): [PlaybackTrace][Bridge][listener:property] name=seekable value=null
08-22 17:16:59.898 I/MpvEvent(17565): [PlaybackTrace][Native][mpv-log] prefix=ao level=v text=Trying audio driver 'audiotrack'
08-22 17:16:59.898 I/MpvEvent(17565): [PlaybackTrace][Native][mpv-log] prefix=ao/audiotrack level=v text=requested format: 44100 Hz, stereo channels, floatp
08-22 17:16:59.898 D/mpv     (17565): [ao/audiotrack] v: requested format: 44100 Hz, stereo channels, floatp
08-22 17:16:59.898 I/MpvEvent(17565): [PlaybackTrace][Native][mpv-log] prefix=ao/audiotrack level=v text=AudioTrack.nativeOutputSampleRate = 48000
08-22 17:16:59.898 D/mpv     (17565): [ao/audiotrack] v: AudioTrack.nativeOutputSampleRate = 48000
08-22 17:16:59.898 I/MpvEvent(17565): [PlaybackTrace][Native][mpv-log] prefix=ao/audiotrack level=v text=Channel layouts:
08-22 17:16:59.898 D/mpv     (17565): [ao/audiotrack] v: Channel layouts:
08-22 17:16:59.898 I/MpvEvent(17565): [PlaybackTrace][Native][mpv-log] prefix=ao/audiotrack level=v text= - mono
08-22 17:16:59.898 D/mpv     (17565): [ao/audiotrack] v:  - mono
08-22 17:16:59.898 I/MpvEvent(17565): [PlaybackTrace][Native][mpv-log] prefix=ao/audiotrack level=v text= - stereo
08-22 17:16:59.898 D/mpv     (17565): [ao/audiotrack] v:  - stereo
08-22 17:16:59.898 I/MpvEvent(17565): [PlaybackTrace][Native][mpv-log] prefix=ao/audiotrack level=v text= - 3.0
08-22 17:16:59.898 D/mpv     (17565): [ao/audiotrack] v:  - 3.0
08-22 17:16:59.898 I/MpvEvent(17565): [PlaybackTrace][Native][mpv-log] prefix=ao/audiotrack level=v text= - quad
08-22 17:16:59.898 D/mpv     (17565): [ao/audiotrack] v:  - quad
08-22 17:16:59.899 I/MpvEvent(17565): [PlaybackTrace][Native][mpv-log] prefix=ao/audiotrack level=v text= - 5.0
08-22 17:16:59.899 D/mpv     (17565): [ao/audiotrack] v:  - 5.0
08-22 17:16:59.899 I/MpvEvent(17565): [PlaybackTrace][Native][mpv-log] prefix=ao/audiotrack level=v text= - 5.1
08-22 17:16:59.899 D/mpv     (17565): [ao/audiotrack] v:  - 5.1
08-22 17:16:59.899 I/MpvEvent(17565): [PlaybackTrace][Native][mpv-log] prefix=ao/audiotrack level=v text= - 6.1(back)
08-22 17:16:59.899 D/mpv     (17565): [ao/audiotrack] v:  - 6.1(back)
08-22 17:16:59.899 I/MpvEvent(17565): [PlaybackTrace][Native][mpv-log] prefix=ao/audiotrack level=v text= - 7.1
08-22 17:16:59.899 D/mpv     (17565): [ao/audiotrack] v:  - 7.1
08-22 17:16:59.899 I/MpvEvent(17565): [PlaybackTrace][Native][mpv-log] prefix=ao/audiotrack level=v text=result: stereo
08-22 17:16:59.899 D/mpv     (17565): [ao/audiotrack] v: result: stereo
08-22 17:16:59.899 I/MpvEvent(17565): [PlaybackTrace][Native][mpv-log] prefix=ao/audiotrack level=v text=Setting bufferSize = 52920 (driver=32096, min=26460, max=52920)
08-22 17:16:59.899 D/mpv     (17565): [ao/audiotrack] v: Setting bufferSize = 52920 (driver=32096, min=26460, max=52920)
08-22 17:16:59.899 I/MpvEvent(17565): [PlaybackTrace][Native][mpv-log] prefix=ao/audiotrack level=v text=Using NIO ByteBuffer
08-22 17:16:59.899 D/mpv     (17565): [ao/audiotrack] v: Using NIO ByteBuffer
08-22 17:16:59.899 I/MpvEvent(17565): [PlaybackTrace][Native][mpv-log] prefix=ao/audiotrack level=v text=Using API21 initializer
08-22 17:16:59.899 D/mpv     (17565): [ao/audiotrack] v: Using API21 initializer
08-22 17:16:59.909 I/MpvEvent(17565): [PlaybackTrace][Native][mpv-log] prefix=ao/audiotrack level=v text=AudioTrack.getBufferSizeInFrames = 6615
08-22 17:16:59.909 D/mpv     (17565): [ao/audiotrack] v: AudioTrack.getBufferSizeInFrames = 6615
08-22 17:16:59.909 I/MpvEvent(17565): [PlaybackTrace][Native][mpv-log] prefix=ao/audiotrack level=v text=device buffer: 6615 samples.
08-22 17:16:59.909 D/mpv     (17565): [ao/audiotrack] v: device buffer: 6615 samples.
08-22 17:16:59.909 I/MpvEvent(17565): [PlaybackTrace][Native][mpv-log] prefix=ao/audiotrack level=v text=using soft-buffer of 8820 samples.
08-22 17:16:59.909 D/mpv     (17565): [ao/audiotrack] v: using soft-buffer of 8820 samples.
08-22 17:16:59.909 I/MpvEvent(17565): [PlaybackTrace][Native][mpv-log] prefix=cplayer level=info text=AO: [audiotrack] 44100Hz stereo 2ch float
08-22 17:16:59.909 D/mpv     (17565): [cplayer] info: AO: [audiotrack] 44100Hz stereo 2ch float
08-22 17:16:59.909 I/MpvEvent(17565): [PlaybackTrace][Native][mpv-log] prefix=cplayer level=v text=AO: Description: Android AudioTrack audio output
08-22 17:16:59.909 D/mpv     (17565): [cplayer] v: AO: Description: Android AudioTrack audio output
08-22 17:16:59.909 I/MpvEvent(17565): [PlaybackTrace][Native][eventLoop] MPV_EVENT_AUDIO_RECONFIG
08-22 17:16:59.909 I/MpvEvent(17565): [PlaybackTrace][Native][dispatch:event] name=audioReconfig payload={}
08-22 17:16:59.909 I/MpvBridgeModule(17565): [PlaybackTrace][Bridge][listener:event] name=audioReconfig payload={}
08-22 17:16:59.916 I/MpvEvent(17565): [PlaybackTrace][Native][property] name=paused-for-cache format=6 value=null
08-22 17:16:59.916 I/MpvEvent(17565): [PlaybackTrace][Native][dispatch:property] name=paused-for-cache value=null
08-22 17:16:59.916 D/MPVLib  (17565): onNativePropertyChanged: paused-for-cache = null
08-22 17:16:59.917 I/MpvBridgeModule(17565): [PlaybackTrace][Bridge][listener:property] name=paused-for-cache value=null
08-22 17:16:59.919 I/MpvEvent(17565): [PlaybackTrace][Native][property] name=demuxer-cache-state format=6 value=null
08-22 17:16:59.919 I/MpvEvent(17565): [PlaybackTrace][Native][dispatch:property] name=demuxer-cache-state value=null
08-22 17:16:59.919 D/MPVLib  (17565): onNativePropertyChanged: demuxer-cache-state = null
08-22 17:16:59.919 I/MpvBridgeModule(17565): [PlaybackTrace][Bridge][listener:property] name=demuxer-cache-state value=null
08-22 17:16:59.920 I/MpvEvent(17565): [PlaybackTrace][Native][mpv-log] prefix=cplayer level=v text=audio ready
08-22 17:16:59.920 D/mpv     (17565): [cplayer] v: audio ready
08-22 17:16:59.920 I/MpvEvent(17565): [PlaybackTrace][Native][mpv-log] prefix=cplayer level=v text=starting audio playback
08-22 17:16:59.920 D/mpv     (17565): [cplayer] v: starting audio playback
08-22 17:16:59.928 I/MpvEvent(17565): [PlaybackTrace][Native][mpv-log] prefix=cplayer level=v text=playback restart complete @ 0.000001, audio=playing, video=eof
08-22 17:16:59.929 D/mpv     (17565): [cplayer] v: playback restart complete @ 0.000001, audio=playing, video=eof
08-22 17:16:59.934 I/MpvJNI  (17565): [PlaybackTrace][Native][getDuration] result=0 duration=149.696033
08-22 17:16:59.934 D/MpvBridgeModule(17565): [PlaybackTrace][Bridge][getDuration] ptr=131217388352464 duration=149.69603333333333
08-22 17:16:59.935 I/MpvEvent(17565): [PlaybackTrace][Native][mpv-log] prefix=cplayer level=warn text=Audio device underrun detected.
08-22 17:16:59.935 D/mpv     (17565): [cplayer] warn: Audio device underrun detected.
08-22 17:16:59.935 I/MpvEvent(17565): [PlaybackTrace][Native][mpv-log] prefix=cplayer level=v text=restarting audio after underrun
08-22 17:16:59.935 D/mpv     (17565): [cplayer] v: restarting audio after underrun
08-22 17:17:00.103 I/MpvJNI  (17565): [PlaybackTrace][Native][getDuration] result=0 duration=149.696033
08-22 17:17:00.103 D/MpvBridgeModule(17565): [PlaybackTrace][Bridge][getDuration] ptr=131217388352464 duration=149.69603333333333
08-22 17:17:00.103 D/MpvBridgeModule(17565): [PlaybackTrace][Bridge][getPlaybackState] ptr=131217388352464 state=playing idle=false eof=false pause=false
08-22 17:17:00.120 D/MediaSessionService(  695): onSessionPlaybackStateChanged: record=com.simba.player/MediaNotification/27 (userId=0) playbackState=PlaybackState {state=PLAYING(3), position=0, buffered position=0, speed=1.0, updated=155116991, actions=823, custom actions=[], active item id=-1, error=null}
08-22 17:17:00.145 I/MpvEvent(17565): [PlaybackTrace][Native][property] name=demuxer-cache-state format=6 value=null
08-22 17:17:00.145 I/MpvEvent(17565): [PlaybackTrace][Native][dispatch:property] name=demuxer-cache-state value=null
08-22 17:17:00.145 D/MPVLib  (17565): onNativePropertyChanged: demuxer-cache-state = null
08-22 17:17:00.145 I/MpvBridgeModule(17565): [PlaybackTrace][Bridge][listener:property] name=demuxer-cache-state value=null
08-22 17:17:00.150 I/MpvJNI  (17565): [PlaybackTrace][Native][getDuration] result=0 duration=149.696033
08-22 17:17:00.150 D/MpvBridgeModule(17565): [PlaybackTrace][Bridge][getDuration] ptr=131217388352464 duration=149.69603333333333
08-22 17:17:00.397 I/MpvEvent(17565): [PlaybackTrace][Native][property] name=demuxer-cache-state format=6 value=null
08-22 17:17:00.397 I/MpvEvent(17565): [PlaybackTrace][Native][dispatch:property] name=demuxer-cache-state value=null
08-22 17:17:00.398 D/MPVLib  (17565): onNativePropertyChanged: demuxer-cache-state = null
08-22 17:17:00.398 I/MpvBridgeModule(17565): [PlaybackTrace][Bridge][listener:property] name=demuxer-cache-state value=null
08-22 17:17:00.405 I/MpvJNI  (17565): [PlaybackTrace][Native][getDuration] result=0 duration=149.696033
08-22 17:17:00.405 D/MpvBridgeModule(17565): [PlaybackTrace][Bridge][getDuration] ptr=131217388352464 duration=149.69603333333333
08-22 17:17:00.646 I/MpvEvent(17565): [PlaybackTrace][Native][property] name=demuxer-cache-state format=6 value=null
08-22 17:17:00.646 I/MpvEvent(17565): [PlaybackTrace][Native][dispatch:property] name=demuxer-cache-state value=null
08-22 17:17:00.646 D/MPVLib  (17565): onNativePropertyChanged: demuxer-cache-state = null
08-22 17:17:00.646 I/MpvBridgeModule(17565): [PlaybackTrace][Bridge][listener:property] name=demuxer-cache-state value=null
08-22 17:17:00.651 I/MpvJNI  (17565): [PlaybackTrace][Native][getDuration] result=0 duration=149.696033
08-22 17:17:00.651 D/MpvBridgeModule(17565): [PlaybackTrace][Bridge][getDuration] ptr=131217388352464 duration=149.69603333333333
08-22 17:17:00.792 I/MpvJNI  (17565): [PlaybackTrace][Native][getDuration] result=0 duration=149.696033
08-22 17:17:00.792 D/MpvBridgeModule(17565): [PlaybackTrace][Bridge][getDuration] ptr=131217388352464 duration=149.69603333333333
08-22 17:17:00.793 D/MpvBridgeModule(17565): [PlaybackTrace][Bridge][getPlaybackState] ptr=131217388352464 state=playing idle=false eof=false pause=false
08-22 17:17:00.812 I/MpvJNI  (17565): [PlaybackTrace][Native][getDuration] result=0 duration=149.696033
08-22 17:17:00.812 D/MpvBridgeModule(17565): [PlaybackTrace][Bridge][getDuration] ptr=131217388352464 duration=149.69603333333333
08-22 17:17:00.898 I/MpvEvent(17565): [PlaybackTrace][Native][property] name=demuxer-cache-state format=6 value=null
08-22 17:17:00.898 I/MpvEvent(17565): [PlaybackTrace][Native][dispatch:property] name=demuxer-cache-state value=null
08-22 17:17:00.898 D/MPVLib  (17565): onNativePropertyChanged: demuxer-cache-state = null
08-22 17:17:00.898 I/MpvBridgeModule(17565): [PlaybackTrace][Bridge][listener:property] name=demuxer-cache-state value=null
08-22 17:17:00.978 I/MpvJNI  (17565): [PlaybackTrace][Native][getDuration] result=0 duration=149.696033
08-22 17:17:00.978 D/MpvBridgeModule(17565): [PlaybackTrace][Bridge][getDuration] ptr=131217388352464 duration=149.69603333333333
08-22 17:17:01.165 I/MpvEvent(17565): [PlaybackTrace][Native][property] name=demuxer-cache-state format=6 value=null
08-22 17:17:01.165 I/MpvEvent(17565): [PlaybackTrace][Native][dispatch:property] name=demuxer-cache-state value=null
08-22 17:17:01.165 D/MPVLib  (17565): onNativePropertyChanged: demuxer-cache-state = null
08-22 17:17:01.165 I/MpvBridgeModule(17565): [PlaybackTrace][Bridge][listener:property] name=demuxer-cache-state value=null
08-22 17:17:01.198 I/MpvJNI  (17565): [PlaybackTrace][Native][getDuration] result=0 duration=149.696033
08-22 17:17:01.198 D/MpvBridgeModule(17565): [PlaybackTrace][Bridge][getDuration] ptr=131217388352464 duration=149.69603333333333
08-22 17:17:01.198 D/MpvBridgeModule(17565): [PlaybackTrace][Bridge][getPlaybackState] ptr=131217388352464 state=playing idle=false eof=false pause=false
08-22 17:17:01.228 I/MpvJNI  (17565): [PlaybackTrace][Native][getDuration] result=0 duration=149.696033
08-22 17:17:01.228 D/MpvBridgeModule(17565): [PlaybackTrace][Bridge][getDuration] ptr=131217388352464 duration=149.69603333333333
08-22 17:17:01.271 D/MediaSessionService(  695): onSessionPlaybackStateChanged: record=com.simba.player/MediaNotification/27 (userId=0) playbackState=PlaybackState {state=PLAYING(3), position=1, buffered position=0, speed=1.0, updated=155118142, actions=823, custom actions=[], active item id=-1, error=null}
08-22 17:17:01.414 I/MpvEvent(17565): [PlaybackTrace][Native][property] name=demuxer-cache-state format=6 value=null
08-22 17:17:01.414 I/MpvEvent(17565): [PlaybackTrace][Native][dispatch:property] name=demuxer-cache-state value=null
08-22 17:17:01.414 D/MPVLib  (17565): onNativePropertyChanged: demuxer-cache-state = null
08-22 17:17:01.414 I/MpvBridgeModule(17565): [PlaybackTrace][Bridge][listener:property] name=demuxer-cache-state value=null
08-22 17:17:01.575 I/MpvJNI  (17565): [PlaybackTrace][Native][getDuration] result=0 duration=149.696033
08-22 17:17:01.575 D/MpvBridgeModule(17565): [PlaybackTrace][Bridge][getDuration] ptr=131217388352464 duration=149.69603333333333
08-22 17:17:01.661 I/MpvEvent(17565): [PlaybackTrace][Native][property] name=demuxer-cache-state format=6 value=null
08-22 17:17:01.661 I/MpvEvent(17565): [PlaybackTrace][Native][dispatch:property] name=demuxer-cache-state value=null
08-22 17:17:01.661 D/MPVLib  (17565): onNativePropertyChanged: demuxer-cache-state = null
08-22 17:17:01.661 I/MpvBridgeModule(17565): [PlaybackTrace][Bridge][listener:property] name=demuxer-cache-state value=null
08-22 17:17:01.715 I/MpvJNI  (17565): [PlaybackTrace][Native][getDuration] result=0 duration=149.696033
08-22 17:17:01.715 D/MpvBridgeModule(17565): [PlaybackTrace][Bridge][getDuration] ptr=131217388352464 duration=149.69603333333333
08-22 17:17:01.715 D/MpvBridgeModule(17565): [PlaybackTrace][Bridge][getPlaybackState] ptr=131217388352464 state=playing idle=false eof=false pause=false
08-22 17:17:01.723 I/MpvJNI  (17565): [PlaybackTrace][Native][getDuration] result=0 duration=149.696033
08-22 17:17:01.723 D/MpvBridgeModule(17565): [PlaybackTrace][Bridge][getDuration] ptr=131217388352464 duration=149.69603333333333
08-22 17:17:01.913 I/MpvEvent(17565): [PlaybackTrace][Native][property] name=demuxer-cache-state format=6 value=null
08-22 17:17:01.913 I/MpvEvent(17565): [PlaybackTrace][Native][dispatch:property] name=demuxer-cache-state value=null
08-22 17:17:01.913 D/MPVLib  (17565): onNativePropertyChanged: demuxer-cache-state = null
08-22 17:17:01.913 I/MpvBridgeModule(17565): [PlaybackTrace][Bridge][listener:property] name=demuxer-cache-state value=null
08-22 17:17:01.920 I/MpvJNI  (17565): [PlaybackTrace][Native][getDuration] result=0 duration=149.696033
08-22 17:17:01.920 D/MpvBridgeModule(17565): [PlaybackTrace][Bridge][getDuration] ptr=131217388352464 duration=149.69603333333333
08-22 17:17:02.119 I/MpvJNI  (17565): [PlaybackTrace][Native][getDuration] result=0 duration=149.696033
08-22 17:17:02.119 D/MpvBridgeModule(17565): [PlaybackTrace][Bridge][getDuration] ptr=131217388352464 duration=149.69603333333333
08-22 17:17:02.119 D/MpvBridgeModule(17565): [PlaybackTrace][Bridge][getPlaybackState] ptr=131217388352464 state=playing idle=false eof=false pause=false
08-22 17:17:02.144 D/MediaSessionService(  695): onSessionPlaybackStateChanged: record=com.simba.player/MediaNotification/27 (userId=0) playbackState=PlaybackState {state=PLAYING(3), position=2, buffered position=0, speed=1.0, updated=155119015, actions=823, custom actions=[], active item id=-1, error=null}
08-22 17:17:02.163 I/MpvEvent(17565): [PlaybackTrace][Native][property] name=demuxer-cache-state format=6 value=null
08-22 17:17:02.163 I/MpvEvent(17565): [PlaybackTrace][Native][dispatch:property] name=demuxer-cache-state value=null
08-22 17:17:02.163 D/MPVLib  (17565): onNativePropertyChanged: demuxer-cache-state = null
08-22 17:17:02.163 I/MpvBridgeModule(17565): [PlaybackTrace][Bridge][listener:property] name=demuxer-cache-state value=null
08-22 17:17:02.172 I/MpvJNI  (17565): [PlaybackTrace][Native][getDuration] result=0 duration=149.696033
08-22 17:17:02.173 D/MpvBridgeModule(17565): [PlaybackTrace][Bridge][getDuration] ptr=131217388352464 duration=149.69603333333333
08-22 17:17:02.414 I/MpvEvent(17565): [PlaybackTrace][Native][property] name=demuxer-cache-state format=6 value=null
08-22 17:17:02.414 I/MpvEvent(17565): [PlaybackTrace][Native][dispatch:property] name=demuxer-cache-state value=null
08-22 17:17:02.414 D/MPVLib  (17565): onNativePropertyChanged: demuxer-cache-state = null
08-22 17:17:02.414 I/MpvBridgeModule(17565): [PlaybackTrace][Bridge][listener:property] name=demuxer-cache-state value=null
08-22 17:17:02.417 I/MpvJNI  (17565): [PlaybackTrace][Native][getDuration] result=0 duration=149.696033
08-22 17:17:02.417 D/MpvBridgeModule(17565): [PlaybackTrace][Bridge][getDuration] ptr=131217388352464 duration=149.69603333333333
08-22 17:17:02.670 I/MpvEvent(17565): [PlaybackTrace][Native][property] name=demuxer-cache-state format=6 value=null
08-22 17:17:02.670 I/MpvEvent(17565): [PlaybackTrace][Native][dispatch:property] name=demuxer-cache-state value=null
08-22 17:17:02.672 D/MPVLib  (17565): onNativePropertyChanged: demuxer-cache-state = null
08-22 17:17:02.672 I/MpvBridgeModule(17565): [PlaybackTrace][Bridge][listener:property] name=demuxer-cache-state value=null
08-22 17:17:02.685 I/MpvJNI  (17565): [PlaybackTrace][Native][getDuration] result=0 duration=149.696033
08-22 17:17:02.685 D/MpvBridgeModule(17565): [PlaybackTrace][Bridge][getDuration] ptr=131217388352464 duration=149.69603333333333
08-22 17:17:02.823 I/om.simba.player(17565): Background young concurrent mark compact GC freed 12MB AllocSpace bytes, 0(0B) LOS objects, 46% free, 14MB/27MB, paused 6.673ms,41.752ms total 88.321ms
08-22 17:17:02.918 I/MpvEvent(17565): [PlaybackTrace][Native][property] name=demuxer-cache-state format=6 value=null
08-22 17:17:02.918 I/MpvEvent(17565): [PlaybackTrace][Native][dispatch:property] name=demuxer-cache-state value=null
08-22 17:17:02.919 D/MPVLib  (17565): onNativePropertyChanged: demuxer-cache-state = null
08-22 17:17:02.919 I/MpvBridgeModule(17565): [PlaybackTrace][Bridge][listener:property] name=demuxer-cache-state value=null
08-22 17:17:02.939 I/MpvJNI  (17565): [PlaybackTrace][Native][getDuration] result=0 duration=149.696033
08-22 17:17:02.939 D/MpvBridgeModule(17565): [PlaybackTrace][Bridge][getDuration] ptr=131217388352464 duration=149.69603333333333
08-22 17:17:02.939 D/MpvBridgeModule(17565): [PlaybackTrace][Bridge][getPlaybackState] ptr=131217388352464 state=playing idle=false eof=false pause=false
08-22 17:17:02.940 I/ReactNativeJS(17565): '[INFO]', '[PlaybackTrace][Controller][loadAndResume:before]', { uri: 'https://prod-1.storage.jamendo.com/?trackid=1593988&format=mp31&from=%2FV3E9Qwm8kkOD6hbkNYXkg%3D%3D%7CMJJdmScXeWFhFQqasgwXjQ%3D%3D',
08-22 17:17:02.941 I/ReactNativeJS(17565): '[INFO]', '[PlaybackTrace][JS][loadFile:call]', { requestedPath: 'https://prod-1.storage.jamendo.com/?trackid=1593988&format=mp31&from=%2FV3E9Qwm8kkOD6hbkNYXkg%3D%3D%7CMJJdmScXeWFhFQqasgwXjQ%3D%3D',
08-22 17:17:02.943 I/ReactNativeJS(17565): '[INFO]', '[PlaybackTrace][JS][loadFile:return]', { resolvedPath: 'https://prod-1.storage.jamendo.com/?trackid=1593988&format=mp31&from=%2FV3E9Qwm8kkOD6hbkNYXkg%3D%3D%7CMJJdmScXeWFhFQqasgwXjQ%3D%3D' }
08-22 17:17:02.943 I/MpvBridgeModule(17565): [PlaybackTrace][Bridge][loadFile] nativeLoadFile returned
08-22 17:17:02.945 I/ReactNativeJS(17565): '[INFO]', '[PlaybackTrace][Controller][loadAndResume:loaded]', 'https://prod-1.storage.jamendo.com/?trackid=1593988&format=mp31&from=%2FV3E9Qwm8kkOD6hbkNYXkg%3D%3D%7CMJJdmScXeWFhFQqasgwXjQ%3D%3D'
08-22 17:17:02.945 I/ReactNativeJS(17565): '[INFO]', '[PlaybackTrace][JS][resume:call]'
08-22 17:17:02.946 I/ReactNativeJS(17565): '[INFO]', '[PlaybackTrace][Controller][loadAndResume:resumed]', 'https://prod-1.storage.jamendo.com/?trackid=1593988&format=mp31&from=%2FV3E9Qwm8kkOD6hbkNYXkg%3D%3D%7CMJJdmScXeWFhFQqasgwXjQ%3D%3D'
08-22 17:17:02.962 I/MpvEvent(17565): [PlaybackTrace][Native][eventLoop] MPV_EVENT_AUDIO_RECONFIG
08-22 17:17:02.962 I/MpvEvent(17565): [PlaybackTrace][Native][dispatch:event] name=audioReconfig payload={}
08-22 17:17:02.962 I/MpvBridgeModule(17565): [PlaybackTrace][Bridge][listener:event] name=audioReconfig payload={}
08-22 17:17:02.975 I/MpvEvent(17565): [PlaybackTrace][Native][eventLoop] MPV_EVENT_AUDIO_RECONFIG
08-22 17:17:02.975 I/MpvEvent(17565): [PlaybackTrace][Native][dispatch:event] name=audioReconfig payload={}
08-22 17:17:02.975 I/MpvBridgeModule(17565): [PlaybackTrace][Bridge][listener:event] name=audioReconfig payload={}
08-22 17:17:02.976 I/MpvJNI  (17565): [PlaybackTrace][Native][play] pause=no result=0
08-22 17:17:02.976 I/MpvBridgeModule(17565): [PlaybackTrace][Bridge][play] nativePlay returned
08-22 17:17:02.977 I/MpvEvent(17565): [PlaybackTrace][Native][mpv-log] prefix=cplayer level=v text=Set property: pause="no" -> 1
08-22 17:17:02.977 D/mpv     (17565): [cplayer] v: Set property: pause="no" -> 1
08-22 17:17:02.979 I/MpvJNI  (17565): [PlaybackTrace][Native][getDuration] result=-10 duration=0.000000
08-22 17:17:02.979 D/MpvBridgeModule(17565): [PlaybackTrace][Bridge][getDuration] ptr=131217388352464 duration=0.0
08-22 17:17:03.100 I/MpvEvent(17565): [PlaybackTrace][Native][dispatch:event] name=endFile payload={"reason":2,"error":0}
08-22 17:17:03.105 D/MPVLib  (17565): onNativeEvent: endFile {"reason":2,"error":0}
08-22 17:17:03.105 I/MpvBridgeModule(17565): [PlaybackTrace][Bridge][listener:event] name=endFile payload={"reason":2,"error":0}
08-22 17:17:03.106 I/MpvEvent(17565): [PlaybackTrace][Native][eventLoop] property=cache-buffering-state format=NONE
08-22 17:17:03.106 I/MpvEvent(17565): [PlaybackTrace][Native][eventLoop] property=paused-for-cache format=NONE
08-22 17:17:03.107 I/MpvEvent(17565): [PlaybackTrace][Native][eventLoop] property=demuxer-cache-state format=NONE
08-22 17:17:03.107 I/MpvEvent(17565): [PlaybackTrace][Native][eventLoop] property=seekable format=NONE
08-22 17:17:03.272 I/MpvJNI  (17565): [PlaybackTrace][Native][getDuration] result=-10 duration=0.000000
08-22 17:17:03.272 D/MpvBridgeModule(17565): [PlaybackTrace][Bridge][getDuration] ptr=131217388352464 duration=0.0
08-22 17:17:03.272 D/MpvBridgeModule(17565): [PlaybackTrace][Bridge][getPlaybackState] ptr=131217388352464 state=playing idle=false eof=false pause=false
08-22 17:17:03.274 I/ReactNativeJS(17565): '[INFO]', '[PlaybackTrace][JS][resume:call]'
08-22 17:17:03.280 I/MpvEvent(17565): [PlaybackTrace][Native][mpv-log] prefix=cplayer level=v text=Set property: pause="no" -> 1
08-22 17:17:03.280 D/mpv     (17565): [cplayer] v: Set property: pause="no" -> 1
08-22 17:17:03.281 I/MpvJNI  (17565): [PlaybackTrace][Native][play] pause=no result=0
08-22 17:17:03.281 I/MpvBridgeModule(17565): [PlaybackTrace][Bridge][play] nativePlay returned
08-22 17:17:03.290 D/MediaSessionService(  695): onSessionPlaybackStateChanged: record=com.simba.player/MediaNotification/27 (userId=0) playbackState=PlaybackState {state=PLAYING(3), position=0, buffered position=0, speed=1.0, updated=155120162, actions=823, custom actions=[], active item id=-1, error=null}
08-22 17:17:03.703 I/MpvJNI  (17565): [PlaybackTrace][Native][getDuration] result=-10 duration=0.000000
08-22 17:17:03.703 D/MpvBridgeModule(17565): [PlaybackTrace][Bridge][getDuration] ptr=131217388352464 duration=0.0
08-22 17:17:03.703 D/MpvBridgeModule(17565): [PlaybackTrace][Bridge][getPlaybackState] ptr=131217388352464 state=playing idle=false eof=false pause=false
08-22 17:17:03.707 I/MpvJNI  (17565): [PlaybackTrace][Native][getDuration] result=-10 duration=0.000000
08-22 17:17:03.707 D/MpvBridgeModule(17565): [PlaybackTrace][Bridge][getDuration] ptr=131217388352464 duration=0.0
08-22 17:17:03.828 I/MpvEvent(17565): [PlaybackTrace][Native][mpv-log] prefix=ffmpeg level=v text=Mime-type: 'audio/mpeg'
08-22 17:17:03.829 D/mpv     (17565): [ffmpeg] v: Mime-type: 'audio/mpeg'
08-22 17:17:04.008 I/MpvEvent(17565): [PlaybackTrace][Native][property] name=cache-buffering-state format=6 value=null
08-22 17:17:04.008 I/MpvEvent(17565): [PlaybackTrace][Native][dispatch:property] name=cache-buffering-state value=null
08-22 17:17:04.009 D/MPVLib  (17565): onNativePropertyChanged: cache-buffering-state = null
08-22 17:17:04.009 I/MpvBridgeModule(17565): [PlaybackTrace][Bridge][listener:property] name=cache-buffering-state value=null
08-22 17:17:04.010 I/MpvEvent(17565): [PlaybackTrace][Native][property] name=demuxer-cache-state format=6 value=null
08-22 17:17:04.010 I/MpvEvent(17565): [PlaybackTrace][Native][dispatch:property] name=demuxer-cache-state value=null
08-22 17:17:04.010 D/MPVLib  (17565): onNativePropertyChanged: demuxer-cache-state = null
08-22 17:17:04.010 I/MpvBridgeModule(17565): [PlaybackTrace][Bridge][listener:property] name=demuxer-cache-state value=null
08-22 17:17:04.012 I/MpvEvent(17565): [PlaybackTrace][Native][eventLoop] MPV_EVENT_AUDIO_RECONFIG
08-22 17:17:04.012 I/MpvEvent(17565): [PlaybackTrace][Native][dispatch:event] name=audioReconfig payload={}
08-22 17:17:04.012 I/MpvBridgeModule(17565): [PlaybackTrace][Bridge][listener:event] name=audioReconfig payload={}
08-22 17:17:04.014 I/MpvEvent(17565): [PlaybackTrace][Native][eventLoop] MPV_EVENT_AUDIO_RECONFIG
08-22 17:17:04.014 I/MpvEvent(17565): [PlaybackTrace][Native][dispatch:event] name=audioReconfig payload={}
08-22 17:17:04.015 I/MpvBridgeModule(17565): [PlaybackTrace][Bridge][listener:event] name=audioReconfig payload={}
08-22 17:17:04.016 I/MpvEvent(17565): [PlaybackTrace][Native][mpv-log] prefix=cplayer level=info text=ΓùÅ Audio  --aid=1  (mp3 2ch 44100 Hz 96 kbps)
08-22 17:17:04.016 D/mpv     (17565): [cplayer] info: ΓùÅ Audio  --aid=1  (mp3 2ch 44100 Hz 96 kbps)
08-22 17:17:04.017 I/MpvEvent(17565): [PlaybackTrace][Native][property] name=paused-for-cache format=6 value=null
08-22 17:17:04.017 I/MpvEvent(17565): [PlaybackTrace][Native][dispatch:property] name=paused-for-cache value=null
08-22 17:17:04.017 D/MPVLib  (17565): onNativePropertyChanged: paused-for-cache = null
08-22 17:17:04.017 I/MpvBridgeModule(17565): [PlaybackTrace][Bridge][listener:property] name=paused-for-cache value=null
08-22 17:17:04.019 I/MpvEvent(17565): [PlaybackTrace][Native][property] name=seekable format=6 value=null
08-22 17:17:04.019 I/MpvEvent(17565): [PlaybackTrace][Native][dispatch:property] name=seekable value=null
08-22 17:17:04.019 I/MpvBridgeModule(17565): [PlaybackTrace][Bridge][listener:property] name=seekable value=null
08-22 17:17:04.020 I/ReactNativeJS(17565): '[INFO]', '[PlaybackTrace][Controller][event:onFileLoaded]', { fileUri: 'https://prod-1.storage.jamendo.com/?trackid=1593988&format=mp31&from=%2FV3E9Qwm8kkOD6hbkNYXkg%3D%3D%7CMJJdmScXeWFhFQqasgwXjQ%3D%3D',
08-22 17:17:04.023 I/MpvEvent(17565): [PlaybackTrace][Native][mpv-log] prefix=ad level=v text=    mp3float (mp3) - MP3 (MPEG audio layer 3)
08-22 17:17:04.023 I/MpvEvent(17565): [PlaybackTrace][Native][mpv-log] prefix=ad level=v text=    mp3 - MP3 (MPEG audio layer 3)
08-22 17:17:04.024 I/MpvEvent(17565): [PlaybackTrace][Native][mpv-log] prefix=ad level=v text=Selected decoder: mp3float - MP3 (MPEG audio layer 3)
08-22 17:17:04.025 I/MpvEvent(17565): [PlaybackTrace][Native][mpv-log] prefix=cplayer level=info text=Displaying cover art. Use --no-audio-display to prevent this.
08-22 17:17:04.025 D/mpv     (17565): [cplayer] info: Displaying cover art. Use --no-audio-display to prevent this.
08-22 17:17:04.028 I/MpvEvent(17565): [PlaybackTrace][Native][mpv-log] prefix=ao level=v text=Trying audio driver 'audiotrack'
08-22 17:17:04.028 I/MpvEvent(17565): [PlaybackTrace][Native][mpv-log] prefix=ao/audiotrack level=v text=requested format: 44100 Hz, stereo channels, floatp
08-22 17:17:04.028 D/mpv     (17565): [ao/audiotrack] v: requested format: 44100 Hz, stereo channels, floatp
08-22 17:17:04.028 I/MpvEvent(17565): [PlaybackTrace][Native][mpv-log] prefix=ao/audiotrack level=v text=AudioTrack.nativeOutputSampleRate = 48000
08-22 17:17:04.028 D/mpv     (17565): [ao/audiotrack] v: AudioTrack.nativeOutputSampleRate = 48000
08-22 17:17:04.028 I/MpvEvent(17565): [PlaybackTrace][Native][mpv-log] prefix=ao/audiotrack level=v text=Channel layouts:
08-22 17:17:04.028 D/mpv     (17565): [ao/audiotrack] v: Channel layouts:
08-22 17:17:04.028 I/MpvEvent(17565): [PlaybackTrace][Native][mpv-log] prefix=ao/audiotrack level=v text= - mono
08-22 17:17:04.028 D/mpv     (17565): [ao/audiotrack] v:  - mono
08-22 17:17:04.028 I/MpvEvent(17565): [PlaybackTrace][Native][mpv-log] prefix=ao/audiotrack level=v text= - stereo
08-22 17:17:04.028 D/mpv     (17565): [ao/audiotrack] v:  - stereo
08-22 17:17:04.028 I/MpvEvent(17565): [PlaybackTrace][Native][mpv-log] prefix=ao/audiotrack level=v text= - 3.0
08-22 17:17:04.028 D/mpv     (17565): [ao/audiotrack] v:  - 3.0
08-22 17:17:04.028 I/MpvEvent(17565): [PlaybackTrace][Native][mpv-log] prefix=ao/audiotrack level=v text= - quad
08-22 17:17:04.028 D/mpv     (17565): [ao/audiotrack] v:  - quad
08-22 17:17:04.028 I/MpvEvent(17565): [PlaybackTrace][Native][mpv-log] prefix=ao/audiotrack level=v text= - 5.0
08-22 17:17:04.028 D/mpv     (17565): [ao/audiotrack] v:  - 5.0
08-22 17:17:04.028 I/MpvEvent(17565): [PlaybackTrace][Native][mpv-log] prefix=ao/audiotrack level=v text= - 5.1
08-22 17:17:04.028 D/mpv     (17565): [ao/audiotrack] v:  - 5.1
08-22 17:17:04.029 I/MpvEvent(17565): [PlaybackTrace][Native][mpv-log] prefix=ao/audiotrack level=v text= - 6.1(back)
08-22 17:17:04.029 D/mpv     (17565): [ao/audiotrack] v:  - 6.1(back)
08-22 17:17:04.029 I/MpvEvent(17565): [PlaybackTrace][Native][mpv-log] prefix=ao/audiotrack level=v text= - 7.1
08-22 17:17:04.029 D/mpv     (17565): [ao/audiotrack] v:  - 7.1
08-22 17:17:04.029 I/MpvEvent(17565): [PlaybackTrace][Native][mpv-log] prefix=ao/audiotrack level=v text=result: stereo
08-22 17:17:04.029 D/mpv     (17565): [ao/audiotrack] v: result: stereo
08-22 17:17:04.029 I/MpvEvent(17565): [PlaybackTrace][Native][mpv-log] prefix=ao/audiotrack level=v text=Setting bufferSize = 52920 (driver=32096, min=26460, max=52920)
08-22 17:17:04.029 D/mpv     (17565): [ao/audiotrack] v: Setting bufferSize = 52920 (driver=32096, min=26460, max=52920)
08-22 17:17:04.029 I/MpvEvent(17565): [PlaybackTrace][Native][mpv-log] prefix=ao/audiotrack level=v text=Using NIO ByteBuffer
08-22 17:17:04.029 D/mpv     (17565): [ao/audiotrack] v: Using NIO ByteBuffer
08-22 17:17:04.029 I/MpvEvent(17565): [PlaybackTrace][Native][mpv-log] prefix=ao/audiotrack level=v text=Using API21 initializer
08-22 17:17:04.029 D/mpv     (17565): [ao/audiotrack] v: Using API21 initializer
08-22 17:17:04.043 I/MpvEvent(17565): [PlaybackTrace][Native][mpv-log] prefix=ao/audiotrack level=v text=AudioTrack.getBufferSizeInFrames = 6615
08-22 17:17:04.043 D/mpv     (17565): [ao/audiotrack] v: AudioTrack.getBufferSizeInFrames = 6615
08-22 17:17:04.043 I/MpvEvent(17565): [PlaybackTrace][Native][mpv-log] prefix=ao/audiotrack level=v text=device buffer: 6615 samples.
08-22 17:17:04.043 D/mpv     (17565): [ao/audiotrack] v: device buffer: 6615 samples.
08-22 17:17:04.046 I/MpvEvent(17565): [PlaybackTrace][Native][mpv-log] prefix=ao/audiotrack level=v text=using soft-buffer of 8820 samples.
08-22 17:17:04.046 D/mpv     (17565): [ao/audiotrack] v: using soft-buffer of 8820 samples.
08-22 17:17:04.046 I/MpvEvent(17565): [PlaybackTrace][Native][mpv-log] prefix=cplayer level=info text=AO: [audiotrack] 44100Hz stereo 2ch float
08-22 17:17:04.046 D/mpv     (17565): [cplayer] info: AO: [audiotrack] 44100Hz stereo 2ch float
08-22 17:17:04.046 I/MpvEvent(17565): [PlaybackTrace][Native][mpv-log] prefix=cplayer level=v text=AO: Description: Android AudioTrack audio output
08-22 17:17:04.046 D/mpv     (17565): [cplayer] v: AO: Description: Android AudioTrack audio output
08-22 17:17:04.049 I/MpvEvent(17565): [PlaybackTrace][Native][eventLoop] MPV_EVENT_AUDIO_RECONFIG
08-22 17:17:04.049 I/MpvEvent(17565): [PlaybackTrace][Native][dispatch:event] name=audioReconfig payload={}
08-22 17:17:04.050 I/MpvBridgeModule(17565): [PlaybackTrace][Bridge][listener:event] name=audioReconfig payload={}
08-22 17:17:04.065 I/MpvJNI  (17565): [PlaybackTrace][Native][getDuration] result=0 duration=149.696033
08-22 17:17:04.065 I/MpvEvent(17565): [PlaybackTrace][Native][property] name=demuxer-cache-state format=6 value=null
08-22 17:17:04.065 I/MpvEvent(17565): [PlaybackTrace][Native][dispatch:property] name=demuxer-cache-state value=null
08-22 17:17:04.065 D/MpvBridgeModule(17565): [PlaybackTrace][Bridge][getDuration] ptr=131217388352464 duration=149.69603333333333
08-22 17:17:04.066 D/MPVLib  (17565): onNativePropertyChanged: demuxer-cache-state = null
08-22 17:17:04.066 I/MpvBridgeModule(17565): [PlaybackTrace][Bridge][listener:property] name=demuxer-cache-state value=null
08-22 17:17:04.070 I/MpvEvent(17565): [PlaybackTrace][Native][mpv-log] prefix=cplayer level=v text=audio ready
08-22 17:17:04.070 D/mpv     (17565): [cplayer] v: audio ready
08-22 17:17:04.070 I/MpvEvent(17565): [PlaybackTrace][Native][mpv-log] prefix=cplayer level=v text=starting audio playback
08-22 17:17:04.070 D/mpv     (17565): [cplayer] v: starting audio playback
08-22 17:17:04.076 I/MpvEvent(17565): [PlaybackTrace][Native][mpv-log] prefix=cplayer level=v text=playback restart complete @ 0.000001, audio=playing, video=eof
08-22 17:17:04.076 D/mpv     (17565): [cplayer] v: playback restart complete @ 0.000001, audio=playing, video=eof
08-22 17:17:04.078 I/MpvEvent(17565): [PlaybackTrace][Native][mpv-log] prefix=cplayer level=warn text=Audio device underrun detected.
08-22 17:17:04.078 D/mpv     (17565): [cplayer] warn: Audio device underrun detected.
08-22 17:17:04.078 I/MpvEvent(17565): [PlaybackTrace][Native][mpv-log] prefix=cplayer level=v text=restarting audio after underrun
08-22 17:17:04.078 D/mpv     (17565): [cplayer] v: restarting audio after underrun
08-22 17:17:04.270 I/MpvEvent(17565): [PlaybackTrace][Native][property] name=demuxer-cache-state format=6 value=null
08-22 17:17:04.270 I/MpvEvent(17565): [PlaybackTrace][Native][dispatch:property] name=demuxer-cache-state value=null
08-22 17:17:04.270 D/MPVLib  (17565): onNativePropertyChanged: demuxer-cache-state = null
08-22 17:17:04.270 I/MpvBridgeModule(17565): [PlaybackTrace][Bridge][listener:property] name=demuxer-cache-state value=null
08-22 17:17:04.397 I/MpvJNI  (17565): [PlaybackTrace][Native][getDuration] result=0 duration=149.696033
08-22 17:17:04.397 D/MpvBridgeModule(17565): [PlaybackTrace][Bridge][getDuration] ptr=131217388352464 duration=149.69603333333333
08-22 17:17:04.399 D/MpvBridgeModule(17565): [PlaybackTrace][Bridge][getPlaybackState] ptr=131217388352464 state=playing idle=false eof=false pause=false
08-22 17:17:04.414 I/MpvJNI  (17565): [PlaybackTrace][Native][getDuration] result=0 duration=149.696033
08-22 17:17:04.414 D/MpvBridgeModule(17565): [PlaybackTrace][Bridge][getDuration] ptr=131217388352464 duration=149.69603333333333
08-22 17:17:04.422 D/MediaSessionService(  695): onSessionPlaybackStateChanged: record=com.simba.player/MediaNotification/27 (userId=0) playbackState=PlaybackState {state=PLAYING(3), position=0, buffered position=0, speed=1.0, updated=155121293, actions=823, custom actions=[], active item id=-1, error=null}
08-22 17:17:04.521 I/MpvEvent(17565): [PlaybackTrace][Native][property] name=demuxer-cache-state format=6 value=null
08-22 17:17:04.521 I/MpvEvent(17565): [PlaybackTrace][Native][dispatch:property] name=demuxer-cache-state value=null
08-22 17:17:04.523 D/MPVLib  (17565): onNativePropertyChanged: demuxer-cache-state = null
08-22 17:17:04.523 I/MpvBridgeModule(17565): [PlaybackTrace][Bridge][listener:property] name=demuxer-cache-state value=null
08-22 17:17:04.727 I/MpvJNI  (17565): [PlaybackTrace][Native][getDuration] result=0 duration=149.696033
08-22 17:17:04.727 D/MpvBridgeModule(17565): [PlaybackTrace][Bridge][getDuration] ptr=131217388352464 duration=149.69603333333333
08-22 17:17:04.728 D/MpvBridgeModule(17565): [PlaybackTrace][Bridge][getPlaybackState] ptr=131217388352464 state=playing idle=false eof=false pause=false
08-22 17:17:04.736 I/MpvJNI  (17565): [PlaybackTrace][Native][getDuration] result=0 duration=149.696033
08-22 17:17:04.736 D/MpvBridgeModule(17565): [PlaybackTrace][Bridge][getDuration] ptr=131217388352464 duration=149.69603333333333
08-22 17:17:04.771 I/MpvEvent(17565): [PlaybackTrace][Native][property] name=demuxer-cache-state format=6 value=null
08-22 17:17:04.771 I/MpvEvent(17565): [PlaybackTrace][Native][dispatch:property] name=demuxer-cache-state value=null
08-22 17:17:04.771 D/MPVLib  (17565): onNativePropertyChanged: demuxer-cache-state = null
08-22 17:17:04.772 I/MpvBridgeModule(17565): [PlaybackTrace][Bridge][listener:property] name=demuxer-cache-state value=null
08-22 17:17:05.022 I/MpvEvent(17565): [PlaybackTrace][Native][property] name=demuxer-cache-state format=6 value=null
08-22 17:17:05.022 I/MpvEvent(17565): [PlaybackTrace][Native][dispatch:property] name=demuxer-cache-state value=null
08-22 17:17:05.023 D/MPVLib  (17565): onNativePropertyChanged: demuxer-cache-state = null
08-22 17:17:05.023 I/MpvBridgeModule(17565): [PlaybackTrace][Bridge][listener:property] name=demuxer-cache-state value=null
08-22 17:17:05.077 I/MpvJNI  (17565): [PlaybackTrace][Native][getDuration] result=0 duration=149.696033
08-22 17:17:05.077 D/MpvBridgeModule(17565): [PlaybackTrace][Bridge][getDuration] ptr=131217388352464 duration=149.69603333333333
08-22 17:17:05.254 I/MpvJNI  (17565): [PlaybackTrace][Native][getDuration] result=0 duration=149.696033
08-22 17:17:05.254 D/MpvBridgeModule(17565): [PlaybackTrace][Bridge][getDuration] ptr=131217388352464 duration=149.69603333333333
08-22 17:17:05.254 D/MpvBridgeModule(17565): [PlaybackTrace][Bridge][getPlaybackState] ptr=131217388352464 state=playing idle=false eof=false pause=false
08-22 17:17:05.277 I/MpvEvent(17565): [PlaybackTrace][Native][property] name=demuxer-cache-state format=6 value=null
08-22 17:17:05.277 I/MpvEvent(17565): [PlaybackTrace][Native][dispatch:property] name=demuxer-cache-state value=null
08-22 17:17:05.278 D/MediaSessionService(  695): onSessionPlaybackStateChanged: record=com.simba.player/MediaNotification/27 (userId=0) playbackState=PlaybackState {state=PLAYING(3), position=1, buffered position=0, speed=1.0, updated=155122149, actions=823, custom actions=[], active item id=-1, error=null}
08-22 17:17:05.278 D/MPVLib  (17565): onNativePropertyChanged: demuxer-cache-state = null
08-22 17:17:05.278 I/MpvBridgeModule(17565): [PlaybackTrace][Bridge][listener:property] name=demuxer-cache-state value=null
08-22 17:17:05.282 I/MpvJNI  (17565): [PlaybackTrace][Native][getDuration] result=0 duration=149.696033
08-22 17:17:05.282 D/MpvBridgeModule(17565): [PlaybackTrace][Bridge][getDuration] ptr=131217388352464 duration=149.69603333333333
08-22 17:17:05.533 I/MpvEvent(17565): [PlaybackTrace][Native][property] name=demuxer-cache-state format=6 value=null
08-22 17:17:05.533 I/MpvEvent(17565): [PlaybackTrace][Native][dispatch:property] name=demuxer-cache-state value=null
08-22 17:17:05.533 D/MPVLib  (17565): onNativePropertyChanged: demuxer-cache-state = null
08-22 17:17:05.533 I/MpvBridgeModule(17565): [PlaybackTrace][Bridge][listener:property] name=demuxer-cache-state value=null
08-22 17:17:05.546 I/MpvJNI  (17565): [PlaybackTrace][Native][getDuration] result=0 duration=149.696033
08-22 17:17:05.546 D/MpvBridgeModule(17565): [PlaybackTrace][Bridge][getDuration] ptr=131217388352464 duration=149.69603333333333
08-22 17:17:05.745 I/MpvJNI  (17565): [PlaybackTrace][Native][getDuration] result=0 duration=149.696033
08-22 17:17:05.745 D/MpvBridgeModule(17565): [PlaybackTrace][Bridge][getDuration] ptr=131217388352464 duration=149.69603333333333
08-22 17:17:05.745 D/MpvBridgeModule(17565): [PlaybackTrace][Bridge][getPlaybackState] ptr=131217388352464 state=playing idle=false eof=false pause=false
08-22 17:17:05.750 I/MpvJNI  (17565): [PlaybackTrace][Native][getDuration] result=0 duration=149.696033
08-22 17:17:05.750 D/MpvBridgeModule(17565): [PlaybackTrace][Bridge][getDuration] ptr=131217388352464 duration=149.69603333333333
08-22 17:17:05.778 I/MpvEvent(17565): [PlaybackTrace][Native][property] name=demuxer-cache-state format=6 value=null
08-22 17:17:05.778 I/MpvEvent(17565): [PlaybackTrace][Native][dispatch:property] name=demuxer-cache-state value=null
08-22 17:17:05.778 D/MPVLib  (17565): onNativePropertyChanged: demuxer-cache-state = null
08-22 17:17:05.778 I/MpvBridgeModule(17565): [PlaybackTrace][Bridge][listener:property] name=demuxer-cache-state value=null
08-22 17:17:05.958 I/MpvJNI  (17565): [PlaybackTrace][Native][getDuration] result=0 duration=149.696033
08-22 17:17:05.959 D/MpvBridgeModule(17565): [PlaybackTrace][Bridge][getDuration] ptr=131217388352464 duration=149.69603333333333
08-22 17:17:06.031 I/MpvEvent(17565): [PlaybackTrace][Native][property] name=demuxer-cache-state format=6 value=null
08-22 17:17:06.031 I/MpvEvent(17565): [PlaybackTrace][Native][dispatch:property] name=demuxer-cache-state value=null
08-22 17:17:06.031 D/MPVLib  (17565): onNativePropertyChanged: demuxer-cache-state = null
08-22 17:17:06.033 I/MpvBridgeModule(17565): [PlaybackTrace][Bridge][listener:property] name=demuxer-cache-state value=null
08-22 17:17:06.125 I/MpvJNI  (17565): [PlaybackTrace][Native][getDuration] result=0 duration=149.696033
08-22 17:17:06.125 D/MpvBridgeModule(17565): [PlaybackTrace][Bridge][getDuration] ptr=131217388352464 duration=149.69603333333333
08-22 17:17:06.283 I/MpvEvent(17565): [PlaybackTrace][Native][property] name=demuxer-cache-state format=6 value=null
08-22 17:17:06.283 I/MpvEvent(17565): [PlaybackTrace][Native][dispatch:property] name=demuxer-cache-state value=null
08-22 17:17:06.283 D/MPVLib  (17565): onNativePropertyChanged: demuxer-cache-state = null
08-22 17:17:06.284 I/MpvBridgeModule(17565): [PlaybackTrace][Bridge][listener:property] name=demuxer-cache-state value=null
08-22 17:17:06.286 I/MpvJNI  (17565): [PlaybackTrace][Native][getDuration] result=0 duration=149.696033
08-22 17:17:06.286 D/MpvBridgeModule(17565): [PlaybackTrace][Bridge][getDuration] ptr=131217388352464 duration=149.69603333333333
08-22 17:17:06.287 D/MpvBridgeModule(17565): [PlaybackTrace][Bridge][getPlaybackState] ptr=131217388352464 state=playing idle=false eof=false pause=false
08-22 17:17:06.307 D/MediaSessionService(  695): onSessionPlaybackStateChanged: record=com.simba.player/MediaNotification/27 (userId=0) playbackState=PlaybackState {state=PLAYING(3), position=2, buffered position=0, speed=1.0, updated=155123178, actions=823, custom actions=[], active item id=-1, error=null}
08-22 17:17:06.311 I/MpvJNI  (17565): [PlaybackTrace][Native][getDuration] result=0 duration=149.696033
08-22 17:17:06.311 D/MpvBridgeModule(17565): [PlaybackTrace][Bridge][getDuration] ptr=131217388352464 duration=149.69603333333333
08-22 17:17:06.532 I/MpvEvent(17565): [PlaybackTrace][Native][property] name=demuxer-cache-state format=6 value=null
08-22 17:17:06.532 I/MpvEvent(17565): [PlaybackTrace][Native][dispatch:property] name=demuxer-cache-state value=null
08-22 17:17:06.532 D/MPVLib  (17565): onNativePropertyChanged: demuxer-cache-state = null
08-22 17:17:06.532 I/MpvBridgeModule(17565): [PlaybackTrace][Bridge][listener:property] name=demuxer-cache-state value=null
08-22 17:17:06.536 I/MpvJNI  (17565): [PlaybackTrace][Native][getDuration] result=0 duration=149.696033
08-22 17:17:06.536 D/MpvBridgeModule(17565): [PlaybackTrace][Bridge][getDuration] ptr=131217388352464 duration=149.69603333333333
08-22 17:17:06.757 I/MpvJNI  (17565): [PlaybackTrace][Native][getDuration] result=0 duration=149.696033
08-22 17:17:06.757 D/MpvBridgeModule(17565): [PlaybackTrace][Bridge][getDuration] ptr=131217388352464 duration=149.69603333333333
08-22 17:17:06.762 D/MpvBridgeModule(17565): [PlaybackTrace][Bridge][getPlaybackState] ptr=131217388352464 state=playing idle=false eof=false pause=false
08-22 17:17:06.773 I/MpvJNI  (17565): [PlaybackTrace][Native][getDuration] result=0 duration=149.696033
08-22 17:17:06.774 D/MpvBridgeModule(17565): [PlaybackTrace][Bridge][getDuration] ptr=131217388352464 duration=149.69603333333333
08-22 17:17:06.788 I/MpvEvent(17565): [PlaybackTrace][Native][property] name=demuxer-cache-state format=6 value=null
08-22 17:17:06.788 I/MpvEvent(17565): [PlaybackTrace][Native][dispatch:property] name=demuxer-cache-state value=null
08-22 17:17:06.789 D/MPVLib  (17565): onNativePropertyChanged: demuxer-cache-state = null
08-22 17:17:06.789 I/MpvBridgeModule(17565): [PlaybackTrace][Bridge][listener:property] name=demuxer-cache-state value=null
08-22 17:17:07.006 I/MpvJNI  (17565): [PlaybackTrace][Native][getDuration] result=0 duration=149.696033
08-22 17:17:07.007 D/MpvBridgeModule(17565): [PlaybackTrace][Bridge][getDuration] ptr=131217388352464 duration=149.69603333333333
08-22 17:17:07.047 I/MpvEvent(17565): [PlaybackTrace][Native][property] name=demuxer-cache-state format=6 value=null
08-22 17:17:07.047 I/MpvEvent(17565): [PlaybackTrace][Native][dispatch:property] name=demuxer-cache-state value=null
08-22 17:17:07.048 D/MPVLib  (17565): onNativePropertyChanged: demuxer-cache-state = null
08-22 17:17:07.048 I/MpvBridgeModule(17565): [PlaybackTrace][Bridge][listener:property] name=demuxer-cache-state value=null
08-22 17:17:07.293 I/MpvEvent(17565): [PlaybackTrace][Native][property] name=demuxer-cache-state format=6 value=null
08-22 17:17:07.293 I/MpvEvent(17565): [PlaybackTrace][Native][dispatch:property] name=demuxer-cache-state value=null
08-22 17:17:07.294 D/MPVLib  (17565): onNativePropertyChanged: demuxer-cache-state = null
08-22 17:17:07.294 I/MpvBridgeModule(17565): [PlaybackTrace][Bridge][listener:property] name=demuxer-cache-state value=null
08-22 17:17:07.459 I/MpvJNI  (17565): [PlaybackTrace][Native][getDuration] result=0 duration=149.696033
08-22 17:17:07.459 D/MpvBridgeModule(17565): [PlaybackTrace][Bridge][getDuration] ptr=131217388352464 duration=149.69603333333333
08-22 17:17:07.459 D/MpvBridgeModule(17565): [PlaybackTrace][Bridge][getPlaybackState] ptr=131217388352464 state=playing idle=false eof=false pause=false
08-22 17:17:07.488 I/MpvJNI  (17565): [PlaybackTrace][Native][getDuration] result=0 duration=149.696033
08-22 17:17:07.488 D/MpvBridgeModule(17565): [PlaybackTrace][Bridge][getDuration] ptr=131217388352464 duration=149.69603333333333
08-22 17:17:07.551 D/MediaSessionService(  695): onSessionPlaybackStateChanged: record=com.simba.player/MediaNotification/27 (userId=0) playbackState=PlaybackState {state=PLAYING(3), position=3, buffered position=0, speed=1.0, updated=155124422, actions=823, custom actions=[], active item id=-1, error=null}
08-22 17:17:07.599 I/MpvEvent(17565): [PlaybackTrace][Native][property] name=demuxer-cache-state format=6 value=null
08-22 17:17:07.599 I/MpvEvent(17565): [PlaybackTrace][Native][dispatch:property] name=demuxer-cache-state value=null
08-22 17:17:07.599 D/MPVLib  (17565): onNativePropertyChanged: demuxer-cache-state = null
08-22 17:17:07.599 I/MpvBridgeModule(17565): [PlaybackTrace][Bridge][listener:property] name=demuxer-cache-state value=null
08-22 17:17:07.728 I/MpvJNI  (17565): [PlaybackTrace][Native][getDuration] result=0 duration=149.696033
08-22 17:17:07.728 D/MpvBridgeModule(17565): [PlaybackTrace][Bridge][getDuration] ptr=131217388352464 duration=149.69603333333333
08-22 17:17:07.851 I/MpvEvent(17565): [PlaybackTrace][Native][property] name=demuxer-cache-state format=6 value=null
08-22 17:17:07.851 I/MpvEvent(17565): [PlaybackTrace][Native][dispatch:property] name=demuxer-cache-state value=null
08-22 17:17:07.853 D/MPVLib  (17565): onNativePropertyChanged: demuxer-cache-state = null
08-22 17:17:07.854 I/MpvBridgeModule(17565): [PlaybackTrace][Bridge][listener:property] name=demuxer-cache-state value=null
08-22 17:17:07.974 I/MpvEvent(17565): [PlaybackTrace][Native][property] name=demuxer-cache-state format=6 value=null
08-22 17:17:07.974 I/MpvEvent(17565): [PlaybackTrace][Native][dispatch:property] name=demuxer-cache-state value=null
08-22 17:17:07.974 D/MPVLib  (17565): onNativePropertyChanged: demuxer-cache-state = null
08-22 17:17:07.974 I/MpvBridgeModule(17565): [PlaybackTrace][Bridge][listener:property] name=demuxer-cache-state value=null
08-22 17:17:08.226 I/MpvEvent(17565): [PlaybackTrace][Native][property] name=demuxer-cache-state format=6 value=null
08-22 17:17:08.226 I/MpvEvent(17565): [PlaybackTrace][Native][dispatch:property] name=demuxer-cache-state value=null
08-22 17:17:08.226 D/MPVLib  (17565): onNativePropertyChanged: demuxer-cache-state = null
08-22 17:17:08.226 I/MpvBridgeModule(17565): [PlaybackTrace][Bridge][listener:property] name=demuxer-cache-state value=null
08-22 17:17:08.236 I/MpvJNI  (17565): [PlaybackTrace][Native][getDuration] result=0 duration=149.696033
08-22 17:17:08.236 D/MpvBridgeModule(17565): [PlaybackTrace][Bridge][getDuration] ptr=131217388352464 duration=149.69603333333333
08-22 17:17:08.236 D/MpvBridgeModule(17565): [PlaybackTrace][Bridge][getPlaybackState] ptr=131217388352464 state=playing idle=false eof=false pause=false
08-22 17:17:08.238 I/MpvJNI  (17565): [PlaybackTrace][Native][getDuration] result=0 duration=149.696033
08-22 17:17:08.238 D/MpvBridgeModule(17565): [PlaybackTrace][Bridge][getDuration] ptr=131217388352464 duration=149.69603333333333
08-22 17:17:08.239 D/MpvBridgeModule(17565): [PlaybackTrace][Bridge][getPlaybackState] ptr=131217388352464 state=playing idle=false eof=false pause=false
08-22 17:17:08.253 I/MpvJNI  (17565): [PlaybackTrace][Native][getDuration] result=0 duration=149.696033
08-22 17:17:08.253 D/MpvBridgeModule(17565): [PlaybackTrace][Bridge][getDuration] ptr=131217388352464 duration=149.69603333333333
08-22 17:17:08.287 D/MediaSessionService(  695): onSessionPlaybackStateChanged: record=com.simba.player/MediaNotification/27 (userId=0) playbackState=PlaybackState {state=PLAYING(3), position=4, buffered position=0, speed=1.0, updated=155125156, actions=823, custom actions=[], active item id=-1, error=null}
08-22 17:17:08.471 W/libc    (16376): Access denied finding property "persist.adb.tls_server.enable"
08-22 17:17:08.473 W/libc    (16376): Access denied finding property "service.adb.tls.port"
08-22 17:17:08.791 I/MpvJNI  (17565): [PlaybackTrace][Native][getDuration] result=0 duration=149.696033
08-22 17:17:08.791 D/MpvBridgeModule(17565): [PlaybackTrace][Bridge][getDuration] ptr=131217388352464 duration=149.69603333333333
08-22 17:17:08.791 D/MpvBridgeModule(17565): [PlaybackTrace][Bridge][getPlaybackState] ptr=131217388352464 state=playing idle=false eof=false pause=false
08-22 17:17:08.798 I/MpvJNI  (17565): [PlaybackTrace][Native][getDuration] result=0 duration=149.696033
08-22 17:17:08.798 D/MpvBridgeModule(17565): [PlaybackTrace][Bridge][getDuration] ptr=131217388352464 duration=149.69603333333333
08-22 17:17:09.253 I/MpvJNI  (17565): [PlaybackTrace][Native][getDuration] result=0 duration=149.696033
08-22 17:17:09.253 D/MpvBridgeModule(17565): [PlaybackTrace][Bridge][getDuration] ptr=131217388352464 duration=149.69603333333333
08-22 17:17:09.254 D/MpvBridgeModule(17565): [PlaybackTrace][Bridge][getPlaybackState] ptr=131217388352464 state=playing idle=false eof=false pause=false
08-22 17:17:09.285 D/MediaSessionService(  695): onSessionPlaybackStateChanged: record=com.simba.player/MediaNotification/27 (userId=0) playbackState=PlaybackState {state=PLAYING(3), position=4, buffered position=0, speed=1.0, updated=155126155, actions=823, custom actions=[], active item id=-1, error=null}
08-22 17:17:09.312 I/MpvEvent(17565): [PlaybackTrace][Native][property] name=demuxer-cache-state format=6 value=null
08-22 17:17:09.312 I/MpvEvent(17565): [PlaybackTrace][Native][dispatch:property] name=demuxer-cache-state value=null
08-22 17:17:09.312 D/MPVLib  (17565): onNativePropertyChanged: demuxer-cache-state = null
08-22 17:17:09.312 I/MpvBridgeModule(17565): [PlaybackTrace][Bridge][listener:property] name=demuxer-cache-state value=null
08-22 17:17:09.318 I/MpvJNI  (17565): [PlaybackTrace][Native][getDuration] result=0 duration=149.696033
08-22 17:17:09.318 D/MpvBridgeModule(17565): [PlaybackTrace][Bridge][getDuration] ptr=131217388352464 duration=149.69603333333333
08-22 17:17:09.563 I/MpvEvent(17565): [PlaybackTrace][Native][property] name=demuxer-cache-state format=6 value=null
08-22 17:17:09.563 I/MpvEvent(17565): [PlaybackTrace][Native][dispatch:property] name=demuxer-cache-state value=null
08-22 17:17:09.564 D/MPVLib  (17565): onNativePropertyChanged: demuxer-cache-state = null
08-22 17:17:09.564 I/MpvBridgeModule(17565): [PlaybackTrace][Bridge][listener:property] name=demuxer-cache-state value=null
08-22 17:17:09.570 I/MpvJNI  (17565): [PlaybackTrace][Native][getDuration] result=0 duration=149.696033
08-22 17:17:09.570 D/MpvBridgeModule(17565): [PlaybackTrace][Bridge][getDuration] ptr=131217388352464 duration=149.69603333333333
08-22 17:17:09.821 I/MpvJNI  (17565): [PlaybackTrace][Native][getDuration] result=0 duration=149.696033
08-22 17:17:09.821 D/MpvBridgeModule(17565): [PlaybackTrace][Bridge][getDuration] ptr=131217388352464 duration=149.69603333333333
08-22 17:17:09.822 D/MpvBridgeModule(17565): [PlaybackTrace][Bridge][getPlaybackState] ptr=131217388352464 state=playing idle=false eof=false pause=false
08-22 17:17:09.827 I/MpvJNI  (17565): [PlaybackTrace][Native][getDuration] result=0 duration=149.696033
08-22 17:17:09.827 D/MpvBridgeModule(17565): [PlaybackTrace][Bridge][getDuration] ptr=131217388352464 duration=149.69603333333333
08-22 17:17:09.874 I/MpvEvent(17565): [PlaybackTrace][Native][property] name=demuxer-cache-state format=6 value=null
08-22 17:17:09.874 I/MpvEvent(17565): [PlaybackTrace][Native][dispatch:property] name=demuxer-cache-state value=null
08-22 17:17:09.874 D/MPVLib  (17565): onNativePropertyChanged: demuxer-cache-state = null
08-22 17:17:09.874 I/MpvBridgeModule(17565): [PlaybackTrace][Bridge][listener:property] name=demuxer-cache-state value=null
08-22 17:17:10.119 I/MpvEvent(17565): [PlaybackTrace][Native][property] name=demuxer-cache-state format=6 value=null
08-22 17:17:10.119 I/MpvEvent(17565): [PlaybackTrace][Native][dispatch:property] name=demuxer-cache-state value=null
08-22 17:17:10.119 D/MPVLib  (17565): onNativePropertyChanged: demuxer-cache-state = null
08-22 17:17:10.119 I/MpvBridgeModule(17565): [PlaybackTrace][Bridge][listener:property] name=demuxer-cache-state value=null
08-22 17:17:10.291 I/MpvJNI  (17565): [PlaybackTrace][Native][getDuration] result=0 duration=149.696033
08-22 17:17:10.291 D/MpvBridgeModule(17565): [PlaybackTrace][Bridge][getDuration] ptr=131217388352464 duration=149.69603333333333
08-22 17:17:10.292 D/MpvBridgeModule(17565): [PlaybackTrace][Bridge][getPlaybackState] ptr=131217388352464 state=playing idle=false eof=false pause=false
08-22 17:17:10.314 I/MpvJNI  (17565): [PlaybackTrace][Native][getDuration] result=0 duration=149.696033
08-22 17:17:10.314 D/MpvBridgeModule(17565): [PlaybackTrace][Bridge][getDuration] ptr=131217388352464 duration=149.69603333333333
08-22 17:17:10.316 D/MediaSessionService(  695): onSessionPlaybackStateChanged: record=com.simba.player/MediaNotification/27 (userId=0) playbackState=PlaybackState {state=PLAYING(3), position=6, buffered position=0, speed=1.0, updated=155127186, actions=823, custom actions=[], active item id=-1, error=null}
08-22 17:17:10.316 I/MpvEvent(17565): [PlaybackTrace][Native][property] name=demuxer-cache-state format=6 value=null
08-22 17:17:10.319 I/MpvEvent(17565): [PlaybackTrace][Native][dispatch:property] name=demuxer-cache-state value=null
08-22 17:17:10.326 D/MPVLib  (17565): onNativePropertyChanged: demuxer-cache-state = null
08-22 17:17:10.326 I/MpvBridgeModule(17565): [PlaybackTrace][Bridge][listener:property] name=demuxer-cache-state value=null
08-22 17:17:10.547 I/ReactNativeJS(17565): '[INFO]', '[PlaybackTrace][Controller][loadAndResume:before]', { uri: 'https://prod-1.storage.jamendo.com/?trackid=1593988&format=mp31&from=%2FV3E9Qwm8kkOD6hbkNYXkg%3D%3D%7CMJJdmScXeWFhFQqasgwXjQ%3D%3D',
08-22 17:17:10.549 I/ReactNativeJS(17565): '[INFO]', '[PlaybackTrace][JS][loadFile:call]', { requestedPath: 'https://prod-1.storage.jamendo.com/?trackid=1593988&format=mp31&from=%2FV3E9Qwm8kkOD6hbkNYXkg%3D%3D%7CMJJdmScXeWFhFQqasgwXjQ%3D%3D',
08-22 17:17:10.549 I/MpvBridgeModule(17565): [PlaybackTrace][Bridge][loadFile] nativeLoadFile returned
08-22 17:17:10.550 I/ReactNativeJS(17565): '[INFO]', '[PlaybackTrace][JS][loadFile:return]', { resolvedPath: 'https://prod-1.storage.jamendo.com/?trackid=1593988&format=mp31&from=%2FV3E9Qwm8kkOD6hbkNYXkg%3D%3D%7CMJJdmScXeWFhFQqasgwXjQ%3D%3D' }
08-22 17:17:10.551 I/ReactNativeJS(17565): '[INFO]', '[PlaybackTrace][Controller][loadAndResume:loaded]', 'https://prod-1.storage.jamendo.com/?trackid=1593988&format=mp31&from=%2FV3E9Qwm8kkOD6hbkNYXkg%3D%3D%7CMJJdmScXeWFhFQqasgwXjQ%3D%3D'
08-22 17:17:10.556 I/ReactNativeJS(17565): '[INFO]', '[PlaybackTrace][JS][resume:call]'
08-22 17:17:10.557 I/ReactNativeJS(17565): '[INFO]', '[PlaybackTrace][Controller][loadAndResume:resumed]', 'https://prod-1.storage.jamendo.com/?trackid=1593988&format=mp31&from=%2FV3E9Qwm8kkOD6hbkNYXkg%3D%3D%7CMJJdmScXeWFhFQqasgwXjQ%3D%3D'
08-22 17:17:10.560 I/MpvEvent(17565): [PlaybackTrace][Native][eventLoop] MPV_EVENT_AUDIO_RECONFIG
08-22 17:17:10.560 I/MpvEvent(17565): [PlaybackTrace][Native][dispatch:event] name=audioReconfig payload={}
08-22 17:17:10.560 I/MpvBridgeModule(17565): [PlaybackTrace][Bridge][listener:event] name=audioReconfig payload={}
08-22 17:17:10.576 I/MpvEvent(17565): [PlaybackTrace][Native][eventLoop] MPV_EVENT_AUDIO_RECONFIG
08-22 17:17:10.576 I/MpvEvent(17565): [PlaybackTrace][Native][dispatch:event] name=audioReconfig payload={}
08-22 17:17:10.576 I/MpvBridgeModule(17565): [PlaybackTrace][Bridge][listener:event] name=audioReconfig payload={}
08-22 17:17:10.588 I/MpvJNI  (17565): [PlaybackTrace][Native][play] pause=no result=0
08-22 17:17:10.588 I/MpvBridgeModule(17565): [PlaybackTrace][Bridge][play] nativePlay returned
08-22 17:17:10.588 I/MpvJNI  (17565): [PlaybackTrace][Native][getDuration] result=-10 duration=0.000000
08-22 17:17:10.588 D/MpvBridgeModule(17565): [PlaybackTrace][Bridge][getDuration] ptr=131217388352464 duration=0.0
08-22 17:17:10.588 I/MpvEvent(17565): [PlaybackTrace][Native][mpv-log] prefix=cplayer level=v text=Set property: pause="no" -> 1
08-22 17:17:10.588 D/mpv     (17565): [cplayer] v: Set property: pause="no" -> 1
08-22 17:17:10.592 I/MpvEvent(17565): [PlaybackTrace][Native][dispatch:event] name=endFile payload={"reason":2,"error":0}
08-22 17:17:10.593 D/MPVLib  (17565): onNativeEvent: endFile {"reason":2,"error":0}
08-22 17:17:10.593 I/MpvBridgeModule(17565): [PlaybackTrace][Bridge][listener:event] name=endFile payload={"reason":2,"error":0}
08-22 17:17:10.604 I/MpvEvent(17565): [PlaybackTrace][Native][eventLoop] property=cache-buffering-state format=NONE
08-22 17:17:10.606 I/MpvEvent(17565): [PlaybackTrace][Native][eventLoop] property=paused-for-cache format=NONE
08-22 17:17:10.606 I/MpvEvent(17565): [PlaybackTrace][Native][eventLoop] property=demuxer-cache-state format=NONE
08-22 17:17:10.606 I/MpvEvent(17565): [PlaybackTrace][Native][eventLoop] property=seekable format=NONE
08-22 17:17:10.835 I/MpvJNI  (17565): [PlaybackTrace][Native][getDuration] result=-10 duration=0.000000
08-22 17:17:10.836 D/MpvBridgeModule(17565): [PlaybackTrace][Bridge][getDuration] ptr=131217388352464 duration=0.0
08-22 17:17:10.836 D/MpvBridgeModule(17565): [PlaybackTrace][Bridge][getPlaybackState] ptr=131217388352464 state=playing idle=false eof=false pause=false
08-22 17:17:10.837 I/ReactNativeJS(17565): '[INFO]', '[PlaybackTrace][JS][resume:call]'
08-22 17:17:10.841 I/MpvJNI  (17565): [PlaybackTrace][Native][play] pause=no result=0
08-22 17:17:10.841 I/MpvBridgeModule(17565): [PlaybackTrace][Bridge][play] nativePlay returned
08-22 17:17:10.841 I/MpvEvent(17565): [PlaybackTrace][Native][mpv-log] prefix=cplayer level=v text=Set property: pause="no" -> 1
08-22 17:17:10.841 D/mpv     (17565): [cplayer] v: Set property: pause="no" -> 1
08-22 17:17:10.844 I/MpvJNI  (17565): [PlaybackTrace][Native][getDuration] result=-10 duration=0.000000
08-22 17:17:10.844 D/MpvBridgeModule(17565): [PlaybackTrace][Bridge][getDuration] ptr=131217388352464 duration=0.0
08-22 17:17:11.287 I/MpvJNI  (17565): [PlaybackTrace][Native][getDuration] result=-10 duration=0.000000
08-22 17:17:11.287 D/MpvBridgeModule(17565): [PlaybackTrace][Bridge][getDuration] ptr=131217388352464 duration=0.0
08-22 17:17:11.288 D/MpvBridgeModule(17565): [PlaybackTrace][Bridge][getPlaybackState] ptr=131217388352464 state=playing idle=false eof=false pause=false
08-22 17:17:11.318 D/MediaSessionService(  695): onSessionPlaybackStateChanged: record=com.simba.player/MediaNotification/27 (userId=0) playbackState=PlaybackState {state=PLAYING(3), position=0, buffered position=0, speed=1.0, updated=155128189, actions=823, custom actions=[], active item id=-1, error=null}
08-22 17:17:11.327 I/MpvEvent(17565): [PlaybackTrace][Native][mpv-log] prefix=ffmpeg level=v text=Mime-type: 'audio/mpeg'
08-22 17:17:11.327 D/mpv     (17565): [ffmpeg] v: Mime-type: 'audio/mpeg'
08-22 17:17:11.351 W/libc    (16376): Access denied finding property "persist.adb.tls_server.enable"
08-22 17:17:11.352 W/libc    (16376): Access denied finding property "service.adb.tls.port"
08-22 17:17:11.522 I/MpvEvent(17565): [PlaybackTrace][Native][property] name=cache-buffering-state format=6 value=null
08-22 17:17:11.522 I/MpvEvent(17565): [PlaybackTrace][Native][dispatch:property] name=cache-buffering-state value=null
08-22 17:17:11.522 D/MPVLib  (17565): onNativePropertyChanged: cache-buffering-state = null
08-22 17:17:11.523 I/MpvBridgeModule(17565): [PlaybackTrace][Bridge][listener:property] name=cache-buffering-state value=null
08-22 17:17:11.527 I/MpvEvent(17565): [PlaybackTrace][Native][property] name=demuxer-cache-state format=6 value=null
08-22 17:17:11.527 I/MpvEvent(17565): [PlaybackTrace][Native][dispatch:property] name=demuxer-cache-state value=null
08-22 17:17:11.527 D/MPVLib  (17565): onNativePropertyChanged: demuxer-cache-state = null
08-22 17:17:11.528 I/MpvBridgeModule(17565): [PlaybackTrace][Bridge][listener:property] name=demuxer-cache-state value=null
08-22 17:17:11.535 I/MpvEvent(17565): [PlaybackTrace][Native][mpv-log] prefix=cplayer level=info text=ΓùÅ Audio  --aid=1  (mp3 2ch 44100 Hz 96 kbps)
08-22 17:17:11.535 D/mpv     (17565): [cplayer] info: ΓùÅ Audio  --aid=1  (mp3 2ch 44100 Hz 96 kbps)
08-22 17:17:11.544 I/MpvEvent(17565): [PlaybackTrace][Native][eventLoop] MPV_EVENT_AUDIO_RECONFIG
08-22 17:17:11.544 I/MpvEvent(17565): [PlaybackTrace][Native][dispatch:event] name=audioReconfig payload={}
08-22 17:17:11.545 I/MpvBridgeModule(17565): [PlaybackTrace][Bridge][listener:event] name=audioReconfig payload={}
08-22 17:17:11.547 I/MpvEvent(17565): [PlaybackTrace][Native][eventLoop] MPV_EVENT_AUDIO_RECONFIG
08-22 17:17:11.547 I/MpvEvent(17565): [PlaybackTrace][Native][dispatch:event] name=audioReconfig payload={}
08-22 17:17:11.547 I/MpvBridgeModule(17565): [PlaybackTrace][Bridge][listener:event] name=audioReconfig payload={}
08-22 17:17:11.550 I/MpvEvent(17565): [PlaybackTrace][Native][mpv-log] prefix=ad level=v text=    mp3float (mp3) - MP3 (MPEG audio layer 3)
08-22 17:17:11.550 I/MpvEvent(17565): [PlaybackTrace][Native][mpv-log] prefix=ad level=v text=    mp3 - MP3 (MPEG audio layer 3)
08-22 17:17:11.550 I/MpvEvent(17565): [PlaybackTrace][Native][mpv-log] prefix=ad level=v text=Selected decoder: mp3float - MP3 (MPEG audio layer 3)
08-22 17:17:11.550 I/MpvEvent(17565): [PlaybackTrace][Native][mpv-log] prefix=cplayer level=info text=Displaying cover art. Use --no-audio-display to prevent this.
08-22 17:17:11.550 D/mpv     (17565): [cplayer] info: Displaying cover art. Use --no-audio-display to prevent this.
08-22 17:17:11.555 I/MpvEvent(17565): [PlaybackTrace][Native][property] name=paused-for-cache format=6 value=null
08-22 17:17:11.555 I/MpvEvent(17565): [PlaybackTrace][Native][dispatch:property] name=paused-for-cache value=null
08-22 17:17:11.555 D/MPVLib  (17565): onNativePropertyChanged: paused-for-cache = null
08-22 17:17:11.555 I/MpvBridgeModule(17565): [PlaybackTrace][Bridge][listener:property] name=paused-for-cache value=null
08-22 17:17:11.556 I/MpvEvent(17565): [PlaybackTrace][Native][property] name=demuxer-cache-state format=6 value=null
08-22 17:17:11.556 I/MpvEvent(17565): [PlaybackTrace][Native][dispatch:property] name=demuxer-cache-state value=null
08-22 17:17:11.557 D/MPVLib  (17565): onNativePropertyChanged: demuxer-cache-state = null
08-22 17:17:11.557 I/MpvBridgeModule(17565): [PlaybackTrace][Bridge][listener:property] name=demuxer-cache-state value=null
08-22 17:17:11.558 I/ReactNativeJS(17565): '[INFO]', '[PlaybackTrace][Controller][event:onFileLoaded]', { fileUri: 'https://prod-1.storage.jamendo.com/?trackid=1593988&format=mp31&from=%2FV3E9Qwm8kkOD6hbkNYXkg%3D%3D%7CMJJdmScXeWFhFQqasgwXjQ%3D%3D',
08-22 17:17:11.560 I/MpvEvent(17565): [PlaybackTrace][Native][property] name=seekable format=6 value=null
08-22 17:17:11.560 I/MpvEvent(17565): [PlaybackTrace][Native][dispatch:property] name=seekable value=null
08-22 17:17:11.560 I/MpvBridgeModule(17565): [PlaybackTrace][Bridge][listener:property] name=seekable value=null
08-22 17:17:11.566 I/MpvEvent(17565): [PlaybackTrace][Native][mpv-log] prefix=ao level=v text=Trying audio driver 'audiotrack'
08-22 17:17:11.568 I/MpvEvent(17565): [PlaybackTrace][Native][mpv-log] prefix=ao/audiotrack level=v text=requested format: 44100 Hz, stereo channels, floatp
08-22 17:17:11.569 D/mpv     (17565): [ao/audiotrack] v: requested format: 44100 Hz, stereo channels, floatp
08-22 17:17:11.598 I/MpvEvent(17565): [PlaybackTrace][Native][mpv-log] prefix=ao/audiotrack level=v text=AudioTrack.nativeOutputSampleRate = 48000
08-22 17:17:11.598 D/mpv     (17565): [ao/audiotrack] v: AudioTrack.nativeOutputSampleRate = 48000
08-22 17:17:11.598 I/MpvEvent(17565): [PlaybackTrace][Native][eventLoop] MPV_EVENT_AUDIO_RECONFIG
08-22 17:17:11.598 I/MpvEvent(17565): [PlaybackTrace][Native][dispatch:event] name=audioReconfig payload={}
08-22 17:17:11.598 I/MpvBridgeModule(17565): [PlaybackTrace][Bridge][listener:event] name=audioReconfig payload={}
08-22 17:17:11.606 I/MpvEvent(17565): [PlaybackTrace][Native][mpv-log] prefix=ao/audiotrack level=v text=Channel layouts:
08-22 17:17:11.606 D/mpv     (17565): [ao/audiotrack] v: Channel layouts:
08-22 17:17:11.606 I/MpvEvent(17565): [PlaybackTrace][Native][mpv-log] prefix=ao/audiotrack level=v text= - mono
08-22 17:17:11.606 D/mpv     (17565): [ao/audiotrack] v:  - mono
08-22 17:17:11.606 I/MpvEvent(17565): [PlaybackTrace][Native][mpv-log] prefix=ao/audiotrack level=v text= - stereo
08-22 17:17:11.606 D/mpv     (17565): [ao/audiotrack] v:  - stereo
08-22 17:17:11.606 I/MpvEvent(17565): [PlaybackTrace][Native][mpv-log] prefix=ao/audiotrack level=v text= - 3.0
08-22 17:17:11.606 D/mpv     (17565): [ao/audiotrack] v:  - 3.0
08-22 17:17:11.607 I/MpvEvent(17565): [PlaybackTrace][Native][mpv-log] prefix=ao/audiotrack level=v text= - quad
08-22 17:17:11.607 D/mpv     (17565): [ao/audiotrack] v:  - quad
08-22 17:17:11.607 I/MpvEvent(17565): [PlaybackTrace][Native][mpv-log] prefix=ao/audiotrack level=v text= - 5.0
08-22 17:17:11.607 D/mpv     (17565): [ao/audiotrack] v:  - 5.0
08-22 17:17:11.607 I/MpvEvent(17565): [PlaybackTrace][Native][mpv-log] prefix=ao/audiotrack level=v text= - 5.1
08-22 17:17:11.607 D/mpv     (17565): [ao/audiotrack] v:  - 5.1
08-22 17:17:11.607 I/MpvEvent(17565): [PlaybackTrace][Native][mpv-log] prefix=ao/audiotrack level=v text= - 6.1(back)
08-22 17:17:11.607 D/mpv     (17565): [ao/audiotrack] v:  - 6.1(back)
08-22 17:17:11.607 I/MpvEvent(17565): [PlaybackTrace][Native][mpv-log] prefix=ao/audiotrack level=v text= - 7.1
08-22 17:17:11.607 D/mpv     (17565): [ao/audiotrack] v:  - 7.1
08-22 17:17:11.607 I/MpvEvent(17565): [PlaybackTrace][Native][mpv-log] prefix=ao/audiotrack level=v text=result: stereo
08-22 17:17:11.607 D/mpv     (17565): [ao/audiotrack] v: result: stereo
08-22 17:17:11.607 I/MpvEvent(17565): [PlaybackTrace][Native][mpv-log] prefix=ao/audiotrack level=v text=Setting bufferSize = 52920 (driver=32096, min=26460, max=52920)
08-22 17:17:11.607 D/mpv     (17565): [ao/audiotrack] v: Setting bufferSize = 52920 (driver=32096, min=26460, max=52920)
08-22 17:17:11.607 I/MpvEvent(17565): [PlaybackTrace][Native][mpv-log] prefix=ao/audiotrack level=v text=Using NIO ByteBuffer
08-22 17:17:11.607 D/mpv     (17565): [ao/audiotrack] v: Using NIO ByteBuffer
08-22 17:17:11.607 I/MpvEvent(17565): [PlaybackTrace][Native][mpv-log] prefix=ao/audiotrack level=v text=Using API21 initializer
08-22 17:17:11.607 D/mpv     (17565): [ao/audiotrack] v: Using API21 initializer
08-22 17:17:11.607 I/MpvEvent(17565): [PlaybackTrace][Native][mpv-log] prefix=ao/audiotrack level=v text=AudioTrack.getBufferSizeInFrames = 6615
08-22 17:17:11.607 D/mpv     (17565): [ao/audiotrack] v: AudioTrack.getBufferSizeInFrames = 6615
08-22 17:17:11.608 I/MpvEvent(17565): [PlaybackTrace][Native][mpv-log] prefix=ao/audiotrack level=v text=device buffer: 6615 samples.
08-22 17:17:11.608 D/mpv     (17565): [ao/audiotrack] v: device buffer: 6615 samples.
08-22 17:17:11.608 I/MpvEvent(17565): [PlaybackTrace][Native][mpv-log] prefix=ao/audiotrack level=v text=using soft-buffer of 8820 samples.
08-22 17:17:11.608 D/mpv     (17565): [ao/audiotrack] v: using soft-buffer of 8820 samples.
08-22 17:17:11.608 I/MpvEvent(17565): [PlaybackTrace][Native][mpv-log] prefix=cplayer level=info text=AO: [audiotrack] 44100Hz stereo 2ch float
08-22 17:17:11.608 D/mpv     (17565): [cplayer] info: AO: [audiotrack] 44100Hz stereo 2ch float
08-22 17:17:11.608 I/MpvEvent(17565): [PlaybackTrace][Native][mpv-log] prefix=cplayer level=v text=AO: Description: Android AudioTrack audio output
08-22 17:17:11.608 D/mpv     (17565): [cplayer] v: AO: Description: Android AudioTrack audio output
08-22 17:17:11.611 I/MpvEvent(17565): [PlaybackTrace][Native][property] name=demuxer-cache-state format=6 value=null
08-22 17:17:11.611 I/MpvEvent(17565): [PlaybackTrace][Native][dispatch:property] name=demuxer-cache-state value=null
08-22 17:17:11.613 D/MPVLib  (17565): onNativePropertyChanged: demuxer-cache-state = null
08-22 17:17:11.613 I/MpvBridgeModule(17565): [PlaybackTrace][Bridge][listener:property] name=demuxer-cache-state value=null
08-22 17:17:11.615 I/MpvEvent(17565): [PlaybackTrace][Native][mpv-log] prefix=cplayer level=v text=audio ready
08-22 17:17:11.615 D/mpv     (17565): [cplayer] v: audio ready
08-22 17:17:11.615 I/MpvEvent(17565): [PlaybackTrace][Native][mpv-log] prefix=cplayer level=v text=starting audio playback
08-22 17:17:11.615 D/mpv     (17565): [cplayer] v: starting audio playback
08-22 17:17:11.681 I/MpvEvent(17565): [PlaybackTrace][Native][mpv-log] prefix=cplayer level=v text=playback restart complete @ 0.000001, audio=playing, video=eof
08-22 17:17:11.681 D/mpv     (17565): [cplayer] v: playback restart complete @ 0.000001, audio=playing, video=eof
08-22 17:17:11.686 I/MpvJNI  (17565): [PlaybackTrace][Native][getDuration] result=0 duration=149.696033
08-22 17:17:11.687 D/MpvBridgeModule(17565): [PlaybackTrace][Bridge][getDuration] ptr=131217388352464 duration=149.69603333333333
08-22 17:17:11.687 I/system_server(  695): Background young concurrent mark compact GC freed 23MB AllocSpace bytes, 7(224KB) LOS objects, 38% free, 37MB/60MB, paused 4.089ms,63.152ms total 110.581ms
08-22 17:17:11.692 I/MpvEvent(17565): [PlaybackTrace][Native][mpv-log] prefix=cplayer level=warn text=Audio device underrun detected.
08-22 17:17:11.703 D/mpv     (17565): [cplayer] warn: Audio device underrun detected.
08-22 17:17:11.713 I/MpvEvent(17565): [PlaybackTrace][Native][mpv-log] prefix=cplayer level=v text=restarting audio after underrun
08-22 17:17:11.713 D/mpv     (17565): [cplayer] v: restarting audio after underrun
08-22 17:17:11.813 I/MpvEvent(17565): [PlaybackTrace][Native][property] name=demuxer-cache-state format=6 value=null
08-22 17:17:11.813 I/MpvEvent(17565): [PlaybackTrace][Native][dispatch:property] name=demuxer-cache-state value=null
08-22 17:17:11.813 D/MPVLib  (17565): onNativePropertyChanged: demuxer-cache-state = null
08-22 17:17:11.814 I/MpvBridgeModule(17565): [PlaybackTrace][Bridge][listener:property] name=demuxer-cache-state value=null
08-22 17:17:11.967 I/MpvJNI  (17565): [PlaybackTrace][Native][getDuration] result=0 duration=149.696033
08-22 17:17:11.967 D/MpvBridgeModule(17565): [PlaybackTrace][Bridge][getDuration] ptr=131217388352464 duration=149.69603333333333
08-22 17:17:11.967 D/MpvBridgeModule(17565): [PlaybackTrace][Bridge][getPlaybackState] ptr=131217388352464 state=playing idle=false eof=false pause=false
08-22 17:17:11.979 I/MpvJNI  (17565): [PlaybackTrace][Native][getDuration] result=0 duration=149.696033
08-22 17:17:11.979 D/MpvBridgeModule(17565): [PlaybackTrace][Bridge][getDuration] ptr=131217388352464 duration=149.69603333333333
08-22 17:17:12.064 I/MpvEvent(17565): [PlaybackTrace][Native][property] name=demuxer-cache-state format=6 value=null
08-22 17:17:12.065 I/MpvEvent(17565): [PlaybackTrace][Native][dispatch:property] name=demuxer-cache-state value=null
08-22 17:17:12.069 D/MPVLib  (17565): onNativePropertyChanged: demuxer-cache-state = null
08-22 17:17:12.069 I/MpvBridgeModule(17565): [PlaybackTrace][Bridge][listener:property] name=demuxer-cache-state value=null
08-22 17:17:12.187 I/MpvJNI  (17565): [PlaybackTrace][Native][getDuration] result=0 duration=149.696033
08-22 17:17:12.187 D/MpvBridgeModule(17565): [PlaybackTrace][Bridge][getDuration] ptr=131217388352464 duration=149.69603333333333
08-22 17:17:12.315 I/MpvEvent(17565): [PlaybackTrace][Native][property] name=demuxer-cache-state format=6 value=null
08-22 17:17:12.320 I/MpvEvent(17565): [PlaybackTrace][Native][dispatch:property] name=demuxer-cache-state value=null
08-22 17:17:12.321 D/MPVLib  (17565): onNativePropertyChanged: demuxer-cache-state = null
08-22 17:17:12.321 I/MpvBridgeModule(17565): [PlaybackTrace][Bridge][listener:property] name=demuxer-cache-state value=null
08-22 17:17:12.374 I/MpvJNI  (17565): [PlaybackTrace][Native][getDuration] result=0 duration=149.696033
08-22 17:17:12.374 D/MpvBridgeModule(17565): [PlaybackTrace][Bridge][getDuration] ptr=131217388352464 duration=149.69603333333333
08-22 17:17:12.375 D/MpvBridgeModule(17565): [PlaybackTrace][Bridge][getPlaybackState] ptr=131217388352464 state=playing idle=false eof=false pause=false
08-22 17:17:12.392 I/MpvJNI  (17565): [PlaybackTrace][Native][getDuration] result=0 duration=149.696033
08-22 17:17:12.392 D/MpvBridgeModule(17565): [PlaybackTrace][Bridge][getDuration] ptr=131217388352464 duration=149.69603333333333
08-22 17:17:12.393 D/MediaSessionService(  695): onSessionPlaybackStateChanged: record=com.simba.player/MediaNotification/27 (userId=0) playbackState=PlaybackState {state=PLAYING(3), position=0, buffered position=0, speed=1.0, updated=155129263, actions=823, custom actions=[], active item id=-1, error=null}
08-22 17:17:12.589 I/MpvEvent(17565): [PlaybackTrace][Native][property] name=demuxer-cache-state format=6 value=null
08-22 17:17:12.591 I/MpvEvent(17565): [PlaybackTrace][Native][dispatch:property] name=demuxer-cache-state value=null
08-22 17:17:12.592 D/MPVLib  (17565): onNativePropertyChanged: demuxer-cache-state = null
08-22 17:17:12.593 I/MpvBridgeModule(17565): [PlaybackTrace][Bridge][listener:property] name=demuxer-cache-state value=null
08-22 17:17:12.604 I/MpvJNI  (17565): [PlaybackTrace][Native][getDuration] result=0 duration=149.696033
08-22 17:17:12.604 D/MpvBridgeModule(17565): [PlaybackTrace][Bridge][getDuration] ptr=131217388352464 duration=149.69603333333333
08-22 17:17:12.818 I/MpvEvent(17565): [PlaybackTrace][Native][property] name=demuxer-cache-state format=6 value=null
08-22 17:17:12.818 I/MpvEvent(17565): [PlaybackTrace][Native][dispatch:property] name=demuxer-cache-state value=null
08-22 17:17:12.818 D/MPVLib  (17565): onNativePropertyChanged: demuxer-cache-state = null
08-22 17:17:12.818 I/MpvBridgeModule(17565): [PlaybackTrace][Bridge][listener:property] name=demuxer-cache-state value=null
08-22 17:17:12.890 I/MpvJNI  (17565): [PlaybackTrace][Native][getDuration] result=0 duration=149.696033
08-22 17:17:12.891 D/MpvBridgeModule(17565): [PlaybackTrace][Bridge][getDuration] ptr=131217388352464 duration=149.69603333333333
08-22 17:17:12.891 D/MpvBridgeModule(17565): [PlaybackTrace][Bridge][getPlaybackState] ptr=131217388352464 state=playing idle=false eof=false pause=false
08-22 17:17:12.902 I/MpvJNI  (17565): [PlaybackTrace][Native][getDuration] result=0 duration=149.696033
08-22 17:17:12.903 D/MpvBridgeModule(17565): [PlaybackTrace][Bridge][getDuration] ptr=131217388352464 duration=149.69603333333333
08-22 17:17:13.074 I/MpvEvent(17565): [PlaybackTrace][Native][property] name=demuxer-cache-state format=6 value=null
08-22 17:17:13.074 I/MpvEvent(17565): [PlaybackTrace][Native][dispatch:property] name=demuxer-cache-state value=null
08-22 17:17:13.074 D/MPVLib  (17565): onNativePropertyChanged: demuxer-cache-state = null
08-22 17:17:13.074 I/MpvBridgeModule(17565): [PlaybackTrace][Bridge][listener:property] name=demuxer-cache-state value=null
08-22 17:17:13.151 I/MpvJNI  (17565): [PlaybackTrace][Native][getDuration] result=0 duration=149.696033
08-22 17:17:13.151 D/MpvBridgeModule(17565): [PlaybackTrace][Bridge][getDuration] ptr=131217388352464 duration=149.69603333333333
08-22 17:17:13.324 I/MpvEvent(17565): [PlaybackTrace][Native][property] name=demuxer-cache-state format=6 value=null
08-22 17:17:13.324 I/MpvEvent(17565): [PlaybackTrace][Native][dispatch:property] name=demuxer-cache-state value=null
08-22 17:17:13.324 D/MPVLib  (17565): onNativePropertyChanged: demuxer-cache-state = null
08-22 17:17:13.324 I/MpvBridgeModule(17565): [PlaybackTrace][Bridge][listener:property] name=demuxer-cache-state value=null
08-22 17:17:13.388 I/MpvJNI  (17565): [PlaybackTrace][Native][getDuration] result=0 duration=149.696033
08-22 17:17:13.388 D/MpvBridgeModule(17565): [PlaybackTrace][Bridge][getDuration] ptr=131217388352464 duration=149.69603333333333
08-22 17:17:13.388 D/MpvBridgeModule(17565): [PlaybackTrace][Bridge][getPlaybackState] ptr=131217388352464 state=playing idle=false eof=false pause=false
08-22 17:17:13.404 I/MpvJNI  (17565): [PlaybackTrace][Native][getDuration] result=0 duration=149.696033
08-22 17:17:13.404 D/MpvBridgeModule(17565): [PlaybackTrace][Bridge][getDuration] ptr=131217388352464 duration=149.69603333333333
08-22 17:17:13.409 D/MediaSessionService(  695): onSessionPlaybackStateChanged: record=com.simba.player/MediaNotification/27 (userId=0) playbackState=PlaybackState {state=PLAYING(3), position=1, buffered position=0, speed=1.0, updated=155130280, actions=823, custom actions=[], active item id=-1, error=null}
08-22 17:17:13.573 I/MpvEvent(17565): [PlaybackTrace][Native][property] name=demuxer-cache-state format=6 value=null
08-22 17:17:13.573 I/MpvEvent(17565): [PlaybackTrace][Native][dispatch:property] name=demuxer-cache-state value=null
08-22 17:17:13.573 D/MPVLib  (17565): onNativePropertyChanged: demuxer-cache-state = null
08-22 17:17:13.573 I/MpvBridgeModule(17565): [PlaybackTrace][Bridge][listener:property] name=demuxer-cache-state value=null
08-22 17:17:13.617 I/MpvJNI  (17565): [PlaybackTrace][Native][getDuration] result=0 duration=149.696033
08-22 17:17:13.618 D/MpvBridgeModule(17565): [PlaybackTrace][Bridge][getDuration] ptr=131217388352464 duration=149.69603333333333
08-22 17:17:13.824 I/MpvEvent(17565): [PlaybackTrace][Native][property] name=demuxer-cache-state format=6 value=null
08-22 17:17:13.824 I/MpvEvent(17565): [PlaybackTrace][Native][dispatch:property] name=demuxer-cache-state value=null
08-22 17:17:13.825 D/MPVLib  (17565): onNativePropertyChanged: demuxer-cache-state = null
08-22 17:17:13.825 I/MpvBridgeModule(17565): [PlaybackTrace][Bridge][listener:property] name=demuxer-cache-state value=null
08-22 17:17:13.846 I/MpvJNI  (17565): [PlaybackTrace][Native][getDuration] result=0 duration=149.696033
08-22 17:17:13.846 D/MpvBridgeModule(17565): [PlaybackTrace][Bridge][getDuration] ptr=131217388352464 duration=149.69603333333333
08-22 17:17:14.087 I/MpvJNI  (17565): [PlaybackTrace][Native][getDuration] result=0 duration=149.696033
08-22 17:17:14.087 D/MpvBridgeModule(17565): [PlaybackTrace][Bridge][getDuration] ptr=131217388352464 duration=149.69603333333333
08-22 17:17:14.089 D/MpvBridgeModule(17565): [PlaybackTrace][Bridge][getPlaybackState] ptr=131217388352464 state=playing idle=false eof=false pause=false
08-22 17:17:14.105 I/MpvJNI  (17565): [PlaybackTrace][Native][getDuration] result=0 duration=149.696033
08-22 17:17:14.105 D/MpvBridgeModule(17565): [PlaybackTrace][Bridge][getDuration] ptr=131217388352464 duration=149.69603333333333
08-22 17:17:14.336 I/MpvJNI  (17565): [PlaybackTrace][Native][getDuration] result=0 duration=149.696033
08-22 17:17:14.336 D/MpvBridgeModule(17565): [PlaybackTrace][Bridge][getDuration] ptr=131217388352464 duration=149.69603333333333
08-22 17:17:14.336 D/MpvBridgeModule(17565): [PlaybackTrace][Bridge][getPlaybackState] ptr=131217388352464 state=playing idle=false eof=false pause=false
08-22 17:17:14.357 D/MediaSessionService(  695): onSessionPlaybackStateChanged: record=com.simba.player/MediaNotification/27 (userId=0) playbackState=PlaybackState {state=PLAYING(3), position=2, buffered position=0, speed=1.0, updated=155131228, actions=823, custom actions=[], active item id=-1, error=null}
08-22 17:17:14.903 I/MpvJNI  (17565): [PlaybackTrace][Native][getDuration] result=0 duration=149.696033
08-22 17:17:14.904 D/MpvBridgeModule(17565): [PlaybackTrace][Bridge][getDuration] ptr=131217388352464 duration=149.69603333333333
08-22 17:17:14.904 D/MpvBridgeModule(17565): [PlaybackTrace][Bridge][getPlaybackState] ptr=131217388352464 state=playing idle=false eof=false pause=false
08-22 17:17:14.907 I/MpvJNI  (17565): [PlaybackTrace][Native][getDuration] result=0 duration=149.696033
08-22 17:17:14.908 D/MpvBridgeModule(17565): [PlaybackTrace][Bridge][getDuration] ptr=131217388352464 duration=149.69603333333333
08-22 17:17:14.929 I/MpvEvent(17565): [PlaybackTrace][Native][property] name=demuxer-cache-state format=6 value=null
08-22 17:17:14.929 I/MpvEvent(17565): [PlaybackTrace][Native][dispatch:property] name=demuxer-cache-state value=null
08-22 17:17:14.929 D/MPVLib  (17565): onNativePropertyChanged: demuxer-cache-state = null
08-22 17:17:14.930 I/MpvBridgeModule(17565): [PlaybackTrace][Bridge][listener:property] name=demuxer-cache-state value=null
08-22 17:17:15.066 I/MpvJNI  (17565): [PlaybackTrace][Native][getDuration] result=0 duration=149.696033
08-22 17:17:15.066 D/MpvBridgeModule(17565): [PlaybackTrace][Bridge][getDuration] ptr=131217388352464 duration=149.69603333333333
08-22 17:17:15.180 I/MpvEvent(17565): [PlaybackTrace][Native][property] name=demuxer-cache-state format=6 value=null
08-22 17:17:15.180 I/MpvEvent(17565): [PlaybackTrace][Native][dispatch:property] name=demuxer-cache-state value=null
08-22 17:17:15.180 D/MPVLib  (17565): onNativePropertyChanged: demuxer-cache-state = null
08-22 17:17:15.181 I/MpvBridgeModule(17565): [PlaybackTrace][Bridge][listener:property] name=demuxer-cache-state value=null
08-22 17:17:15.251 I/MpvJNI  (17565): [PlaybackTrace][Native][getDuration] result=0 duration=149.696033
08-22 17:17:15.251 D/MpvBridgeModule(17565): [PlaybackTrace][Bridge][getDuration] ptr=131217388352464 duration=149.69603333333333
08-22 17:17:15.384 I/MpvJNI  (17565): [PlaybackTrace][Native][getDuration] result=0 duration=149.696033
08-22 17:17:15.384 D/MpvBridgeModule(17565): [PlaybackTrace][Bridge][getDuration] ptr=131217388352464 duration=149.69603333333333
08-22 17:17:15.384 D/MpvBridgeModule(17565): [PlaybackTrace][Bridge][getPlaybackState] ptr=131217388352464 state=playing idle=false eof=false pause=false
08-22 17:17:15.403 D/MediaSessionService(  695): onSessionPlaybackStateChanged: record=com.simba.player/MediaNotification/27 (userId=0) playbackState=PlaybackState {state=PLAYING(3), position=3, buffered position=0, speed=1.0, updated=155132274, actions=823, custom actions=[], active item id=-1, error=null}
08-22 17:17:15.562 I/MpvEvent(17565): [PlaybackTrace][Native][property] name=demuxer-cache-state format=6 value=null
08-22 17:17:15.562 I/MpvEvent(17565): [PlaybackTrace][Native][dispatch:property] name=demuxer-cache-state value=null
08-22 17:17:15.562 D/MPVLib  (17565): onNativePropertyChanged: demuxer-cache-state = null
08-22 17:17:15.562 I/MpvBridgeModule(17565): [PlaybackTrace][Bridge][listener:property] name=demuxer-cache-state value=null
08-22 17:17:15.566 I/MpvJNI  (17565): [PlaybackTrace][Native][getDuration] result=0 duration=149.696033
08-22 17:17:15.566 D/MpvBridgeModule(17565): [PlaybackTrace][Bridge][getDuration] ptr=131217388352464 duration=149.69603333333333
08-22 17:17:15.812 I/MpvEvent(17565): [PlaybackTrace][Native][property] name=demuxer-cache-state format=6 value=null
08-22 17:17:15.812 I/MpvEvent(17565): [PlaybackTrace][Native][dispatch:property] name=demuxer-cache-state value=null
08-22 17:17:15.812 D/MPVLib  (17565): onNativePropertyChanged: demuxer-cache-state = null
08-22 17:17:15.812 I/MpvBridgeModule(17565): [PlaybackTrace][Bridge][listener:property] name=demuxer-cache-state value=null
08-22 17:17:15.815 I/MpvJNI  (17565): [PlaybackTrace][Native][getDuration] result=0 duration=149.696033
08-22 17:17:15.815 D/MpvBridgeModule(17565): [PlaybackTrace][Bridge][getDuration] ptr=131217388352464 duration=149.69603333333333
08-22 17:17:15.923 I/MpvJNI  (17565): [PlaybackTrace][Native][getDuration] result=0 duration=149.696033
08-22 17:17:15.923 D/MpvBridgeModule(17565): [PlaybackTrace][Bridge][getDuration] ptr=131217388352464 duration=149.69603333333333
08-22 17:17:15.925 D/MpvBridgeModule(17565): [PlaybackTrace][Bridge][getPlaybackState] ptr=131217388352464 state=playing idle=false eof=false pause=false
08-22 17:17:15.950 I/MpvJNI  (17565): [PlaybackTrace][Native][getDuration] result=0 duration=149.696033
08-22 17:17:15.950 D/MpvBridgeModule(17565): [PlaybackTrace][Bridge][getDuration] ptr=131217388352464 duration=149.69603333333333
08-22 17:17:16.369 I/MpvJNI  (17565): [PlaybackTrace][Native][getDuration] result=0 duration=149.696033
08-22 17:17:16.369 D/MpvBridgeModule(17565): [PlaybackTrace][Bridge][getDuration] ptr=131217388352464 duration=149.69603333333333
08-22 17:17:16.370 D/MpvBridgeModule(17565): [PlaybackTrace][Bridge][getPlaybackState] ptr=131217388352464 state=playing idle=false eof=false pause=false
08-22 17:17:16.390 D/MediaSessionService(  695): onSessionPlaybackStateChanged: record=com.simba.player/MediaNotification/27 (userId=0) playbackState=PlaybackState {state=PLAYING(3), position=4, buffered position=0, speed=1.0, updated=155133261, actions=823, custom actions=[], active item id=-1, error=null}
08-22 17:17:16.742 I/MpvEvent(17565): [PlaybackTrace][Native][property] name=demuxer-cache-state format=6 value=null
08-22 17:17:16.742 I/MpvEvent(17565): [PlaybackTrace][Native][dispatch:property] name=demuxer-cache-state value=null
08-22 17:17:16.743 D/MPVLib  (17565): onNativePropertyChanged: demuxer-cache-state = null
08-22 17:17:16.743 I/MpvBridgeModule(17565): [PlaybackTrace][Bridge][listener:property] name=demuxer-cache-state value=null
08-22 17:17:16.751 I/MpvJNI  (17565): [PlaybackTrace][Native][getDuration] result=0 duration=149.696033
08-22 17:17:16.751 D/MpvBridgeModule(17565): [PlaybackTrace][Bridge][getDuration] ptr=131217388352464 duration=149.69603333333333
08-22 17:17:16.946 I/MpvJNI  (17565): [PlaybackTrace][Native][getDuration] result=0 duration=149.696033
08-22 17:17:16.946 D/MpvBridgeModule(17565): [PlaybackTrace][Bridge][getDuration] ptr=131217388352464 duration=149.69603333333333
08-22 17:17:16.947 D/MpvBridgeModule(17565): [PlaybackTrace][Bridge][getPlaybackState] ptr=131217388352464 state=playing idle=false eof=false pause=false
08-22 17:17:16.963 I/MpvJNI  (17565): [PlaybackTrace][Native][getDuration] result=0 duration=149.696033
08-22 17:17:16.963 D/MpvBridgeModule(17565): [PlaybackTrace][Bridge][getDuration] ptr=131217388352464 duration=149.69603333333333
08-22 17:17:16.993 I/MpvEvent(17565): [PlaybackTrace][Native][property] name=demuxer-cache-state format=6 value=null
08-22 17:17:16.993 I/MpvEvent(17565): [PlaybackTrace][Native][dispatch:property] name=demuxer-cache-state value=null
08-22 17:17:16.994 D/MPVLib  (17565): onNativePropertyChanged: demuxer-cache-state = null
08-22 17:17:16.994 I/MpvBridgeModule(17565): [PlaybackTrace][Bridge][listener:property] name=demuxer-cache-state value=null
08-22 17:17:17.328 I/MpvJNI  (17565): [PlaybackTrace][Native][getDuration] result=0 duration=149.696033
08-22 17:17:17.328 D/MpvBridgeModule(17565): [PlaybackTrace][Bridge][getDuration] ptr=131217388352464 duration=149.69603333333333
08-22 17:17:17.540 I/MpvJNI  (17565): [PlaybackTrace][Native][getDuration] result=0 duration=149.696033
08-22 17:17:17.540 D/MpvBridgeModule(17565): [PlaybackTrace][Bridge][getDuration] ptr=131217388352464 duration=149.69603333333333
08-22 17:17:17.540 D/MpvBridgeModule(17565): [PlaybackTrace][Bridge][getPlaybackState] ptr=131217388352464 state=playing idle=false eof=false pause=false
08-22 17:17:17.575 D/MediaSessionService(  695): onSessionPlaybackStateChanged: record=com.simba.player/MediaNotification/27 (userId=0) playbackState=PlaybackState {state=PLAYING(3), position=5, buffered position=0, speed=1.0, updated=155134446, actions=823, custom actions=[], active item id=-1, error=null}
08-22 17:17:17.919 I/MpvEvent(17565): [PlaybackTrace][Native][property] name=demuxer-cache-state format=6 value=null
08-22 17:17:17.919 I/MpvEvent(17565): [PlaybackTrace][Native][dispatch:property] name=demuxer-cache-state value=null
08-22 17:17:17.920 D/MPVLib  (17565): onNativePropertyChanged: demuxer-cache-state = null
08-22 17:17:17.920 I/MpvBridgeModule(17565): [PlaybackTrace][Bridge][listener:property] name=demuxer-cache-state value=null
08-22 17:17:17.925 I/MpvJNI  (17565): [PlaybackTrace][Native][getDuration] result=0 duration=149.696033
08-22 17:17:17.925 D/MpvBridgeModule(17565): [PlaybackTrace][Bridge][getDuration] ptr=131217388352464 duration=149.69603333333333
08-22 17:17:18.094 I/MpvJNI  (17565): [PlaybackTrace][Native][getDuration] result=0 duration=149.696033
08-22 17:17:18.095 D/MpvBridgeModule(17565): [PlaybackTrace][Bridge][getDuration] ptr=131217388352464 duration=149.69603333333333
08-22 17:17:18.095 D/MpvBridgeModule(17565): [PlaybackTrace][Bridge][getPlaybackState] ptr=131217388352464 state=playing idle=false eof=false pause=false
08-22 17:17:18.107 I/MpvJNI  (17565): [PlaybackTrace][Native][getDuration] result=0 duration=149.696033
08-22 17:17:18.108 D/MpvBridgeModule(17565): [PlaybackTrace][Bridge][getDuration] ptr=131217388352464 duration=149.69603333333333
08-22 17:17:18.171 I/MpvEvent(17565): [PlaybackTrace][Native][property] name=demuxer-cache-state format=6 value=null
08-22 17:17:18.171 I/MpvEvent(17565): [PlaybackTrace][Native][dispatch:property] name=demuxer-cache-state value=null
08-22 17:17:18.174 D/MPVLib  (17565): onNativePropertyChanged: demuxer-cache-state = null
08-22 17:17:18.174 I/MpvBridgeModule(17565): [PlaybackTrace][Bridge][listener:property] name=demuxer-cache-state value=null
08-22 17:17:18.297 I/MpvJNI  (17565): [PlaybackTrace][Native][getDuration] result=0 duration=149.696033
08-22 17:17:18.297 D/MpvBridgeModule(17565): [PlaybackTrace][Bridge][getDuration] ptr=131217388352464 duration=149.69603333333333
08-22 17:17:18.463 I/MpvJNI  (17565): [PlaybackTrace][Native][getDuration] result=0 duration=149.696033
08-22 17:17:18.463 D/MpvBridgeModule(17565): [PlaybackTrace][Bridge][getDuration] ptr=131217388352464 duration=149.69603333333333
08-22 17:17:18.463 D/MpvBridgeModule(17565): [PlaybackTrace][Bridge][getPlaybackState] ptr=131217388352464 state=playing idle=false eof=false pause=false
08-22 17:17:18.480 D/MediaSessionService(  695): onSessionPlaybackStateChanged: record=com.simba.player/MediaNotification/27 (userId=0) playbackState=PlaybackState {state=PLAYING(3), position=6, buffered position=0, speed=1.0, updated=155135351, actions=823, custom actions=[], active item id=-1, error=null}
08-22 17:17:18.647 I/MpvEvent(17565): [PlaybackTrace][Native][property] name=demuxer-cache-state format=6 value=null
08-22 17:17:18.647 I/MpvEvent(17565): [PlaybackTrace][Native][dispatch:property] name=demuxer-cache-state value=null
08-22 17:17:18.647 D/MPVLib  (17565): onNativePropertyChanged: demuxer-cache-state = null
08-22 17:17:18.647 I/MpvBridgeModule(17565): [PlaybackTrace][Bridge][listener:property] name=demuxer-cache-state value=null
08-22 17:17:18.652 I/MpvJNI  (17565): [PlaybackTrace][Native][getDuration] result=0 duration=149.696033
08-22 17:17:18.653 D/MpvBridgeModule(17565): [PlaybackTrace][Bridge][getDuration] ptr=131217388352464 duration=149.69603333333333
08-22 17:17:18.899 I/MpvEvent(17565): [PlaybackTrace][Native][property] name=demuxer-cache-state format=6 value=null
08-22 17:17:18.899 I/MpvEvent(17565): [PlaybackTrace][Native][dispatch:property] name=demuxer-cache-state value=null
08-22 17:17:18.899 D/MPVLib  (17565): onNativePropertyChanged: demuxer-cache-state = null
08-22 17:17:18.899 I/MpvBridgeModule(17565): [PlaybackTrace][Bridge][listener:property] name=demuxer-cache-state value=null
08-22 17:17:18.908 I/MpvJNI  (17565): [PlaybackTrace][Native][getDuration] result=0 duration=149.696033
08-22 17:17:18.909 D/MpvBridgeModule(17565): [PlaybackTrace][Bridge][getDuration] ptr=131217388352464 duration=149.69603333333333
08-22 17:17:18.990 I/MpvEvent(17565): [PlaybackTrace][Native][property] name=demuxer-cache-state format=6 value=null
08-22 17:17:18.990 I/MpvEvent(17565): [PlaybackTrace][Native][dispatch:property] name=demuxer-cache-state value=null
08-22 17:17:18.990 D/MPVLib  (17565): onNativePropertyChanged: demuxer-cache-state = null
08-22 17:17:18.990 I/MpvBridgeModule(17565): [PlaybackTrace][Bridge][listener:property] name=demuxer-cache-state value=null
08-22 17:17:19.122 I/MpvJNI  (17565): [PlaybackTrace][Native][getDuration] result=0 duration=149.696033
08-22 17:17:19.123 D/MpvBridgeModule(17565): [PlaybackTrace][Bridge][getDuration] ptr=131217388352464 duration=149.69603333333333
08-22 17:17:19.123 D/MpvBridgeModule(17565): [PlaybackTrace][Bridge][getPlaybackState] ptr=131217388352464 state=playing idle=false eof=false pause=false
08-22 17:17:19.137 I/MpvJNI  (17565): [PlaybackTrace][Native][getDuration] result=0 duration=149.696033
08-22 17:17:19.137 D/MpvBridgeModule(17565): [PlaybackTrace][Bridge][getDuration] ptr=131217388352464 duration=149.69603333333333
08-22 17:17:19.237 I/MpvEvent(17565): [PlaybackTrace][Native][property] name=demuxer-cache-state format=6 value=null
08-22 17:17:19.237 I/MpvEvent(17565): [PlaybackTrace][Native][dispatch:property] name=demuxer-cache-state value=null
08-22 17:17:19.237 D/MPVLib  (17565): onNativePropertyChanged: demuxer-cache-state = null
08-22 17:17:19.237 I/MpvBridgeModule(17565): [PlaybackTrace][Bridge][listener:property] name=demuxer-cache-state value=null
08-22 17:17:19.304 I/MpvJNI  (17565): [PlaybackTrace][Native][getDuration] result=0 duration=149.696033
08-22 17:17:19.304 D/MpvBridgeModule(17565): [PlaybackTrace][Bridge][getDuration] ptr=131217388352464 duration=149.69603333333333
08-22 17:17:19.534 I/MpvJNI  (17565): [PlaybackTrace][Native][getDuration] result=0 duration=149.696033
08-22 17:17:19.534 D/MpvBridgeModule(17565): [PlaybackTrace][Bridge][getDuration] ptr=131217388352464 duration=149.69603333333333
08-22 17:17:19.534 D/MpvBridgeModule(17565): [PlaybackTrace][Bridge][getPlaybackState] ptr=131217388352464 state=playing idle=false eof=false pause=false
08-22 17:17:19.550 D/MediaSessionService(  695): onSessionPlaybackStateChanged: record=com.simba.player/MediaNotification/27 (userId=0) playbackState=PlaybackState {state=PLAYING(3), position=7, buffered position=0, speed=1.0, updated=155136421, actions=823, custom actions=[], active item id=-1, error=null}
08-22 17:17:19.989 I/MpvJNI  (17565): [PlaybackTrace][Native][getDuration] result=0 duration=149.696033
08-22 17:17:19.989 D/MpvBridgeModule(17565): [PlaybackTrace][Bridge][getDuration] ptr=131217388352464 duration=149.69603333333333
08-22 17:17:19.989 D/MpvBridgeModule(17565): [PlaybackTrace][Bridge][getPlaybackState] ptr=131217388352464 state=playing idle=false eof=false pause=false
08-22 17:17:19.996 I/MpvJNI  (17565): [PlaybackTrace][Native][getDuration] result=0 duration=149.696033
08-22 17:17:19.996 D/MpvBridgeModule(17565): [PlaybackTrace][Bridge][getDuration] ptr=131217388352464 duration=149.69603333333333
08-22 17:17:20.162 I/MpvEvent(17565): [PlaybackTrace][Native][property] name=demuxer-cache-state format=6 value=null
08-22 17:17:20.162 I/MpvEvent(17565): [PlaybackTrace][Native][dispatch:property] name=demuxer-cache-state value=null
08-22 17:17:20.162 D/MPVLib  (17565): onNativePropertyChanged: demuxer-cache-state = null
08-22 17:17:20.162 I/MpvBridgeModule(17565): [PlaybackTrace][Bridge][listener:property] name=demuxer-cache-state value=null
08-22 17:17:20.165 I/MpvJNI  (17565): [PlaybackTrace][Native][getDuration] result=0 duration=149.696033
08-22 17:17:20.165 D/MpvBridgeModule(17565): [PlaybackTrace][Bridge][getDuration] ptr=131217388352464 duration=149.69603333333333
08-22 17:17:20.413 I/MpvEvent(17565): [PlaybackTrace][Native][property] name=demuxer-cache-state format=6 value=null
08-22 17:17:20.413 I/MpvEvent(17565): [PlaybackTrace][Native][dispatch:property] name=demuxer-cache-state value=null
08-22 17:17:20.413 D/MPVLib  (17565): onNativePropertyChanged: demuxer-cache-state = null
08-22 17:17:20.413 I/MpvBridgeModule(17565): [PlaybackTrace][Bridge][listener:property] name=demuxer-cache-state value=null
08-22 17:17:20.418 I/MpvJNI  (17565): [PlaybackTrace][Native][getDuration] result=0 duration=149.696033
08-22 17:17:20.418 D/MpvBridgeModule(17565): [PlaybackTrace][Bridge][getDuration] ptr=131217388352464 duration=149.69603333333333
08-22 17:17:20.526 I/MpvJNI  (17565): [PlaybackTrace][Native][getDuration] result=0 duration=149.696033
08-22 17:17:20.526 D/MpvBridgeModule(17565): [PlaybackTrace][Bridge][getDuration] ptr=131217388352464 duration=149.69603333333333
08-22 17:17:20.526 D/MpvBridgeModule(17565): [PlaybackTrace][Bridge][getPlaybackState] ptr=131217388352464 state=playing idle=false eof=false pause=false
08-22 17:17:20.540 D/MediaSessionService(  695): onSessionPlaybackStateChanged: record=com.simba.player/MediaNotification/27 (userId=0) playbackState=PlaybackState {state=PLAYING(3), position=8, buffered position=0, speed=1.0, updated=155137410, actions=823, custom actions=[], active item id=-1, error=null}
08-22 17:17:20.798 I/MpvEvent(17565): [PlaybackTrace][Native][property] name=demuxer-cache-state format=6 value=null
08-22 17:17:20.798 I/MpvEvent(17565): [PlaybackTrace][Native][dispatch:property] name=demuxer-cache-state value=null
08-22 17:17:20.799 D/MPVLib  (17565): onNativePropertyChanged: demuxer-cache-state = null
08-22 17:17:20.799 I/MpvBridgeModule(17565): [PlaybackTrace][Bridge][listener:property] name=demuxer-cache-state value=null
08-22 17:17:20.803 I/MpvJNI  (17565): [PlaybackTrace][Native][getDuration] result=0 duration=149.696033
08-22 17:17:20.803 D/MpvBridgeModule(17565): [PlaybackTrace][Bridge][getDuration] ptr=131217388352464 duration=149.69603333333333
08-22 17:17:21.002 I/MpvJNI  (17565): [PlaybackTrace][Native][getDuration] result=0 duration=149.696033
08-22 17:17:21.002 D/MpvBridgeModule(17565): [PlaybackTrace][Bridge][getDuration] ptr=131217388352464 duration=149.69603333333333
08-22 17:17:21.002 D/MpvBridgeModule(17565): [PlaybackTrace][Bridge][getPlaybackState] ptr=131217388352464 state=playing idle=false eof=false pause=false
08-22 17:17:21.005 I/MpvJNI  (17565): [PlaybackTrace][Native][getDuration] result=0 duration=149.696033
08-22 17:17:21.005 D/MpvBridgeModule(17565): [PlaybackTrace][Bridge][getDuration] ptr=131217388352464 duration=149.69603333333333
08-22 17:17:21.048 I/MpvEvent(17565): [PlaybackTrace][Native][property] name=demuxer-cache-state format=6 value=null
08-22 17:17:21.048 I/MpvEvent(17565): [PlaybackTrace][Native][dispatch:property] name=demuxer-cache-state value=null
08-22 17:17:21.048 D/MPVLib  (17565): onNativePropertyChanged: demuxer-cache-state = null
08-22 17:17:21.048 I/MpvBridgeModule(17565): [PlaybackTrace][Bridge][listener:property] name=demuxer-cache-state value=null
08-22 17:17:21.118 I/MpvJNI  (17565): [PlaybackTrace][Native][getDuration] result=0 duration=149.696033
08-22 17:17:21.119 D/MpvBridgeModule(17565): [PlaybackTrace][Bridge][getDuration] ptr=131217388352464 duration=149.69603333333333
08-22 17:17:21.470 I/MpvJNI  (17565): [PlaybackTrace][Native][getDuration] result=0 duration=149.696033
08-22 17:17:21.470 D/MpvBridgeModule(17565): [PlaybackTrace][Bridge][getDuration] ptr=131217388352464 duration=149.69603333333333
08-22 17:17:21.472 D/MpvBridgeModule(17565): [PlaybackTrace][Bridge][getPlaybackState] ptr=131217388352464 state=playing idle=false eof=false pause=false
08-22 17:17:21.498 D/MediaSessionService(  695): onSessionPlaybackStateChanged: record=com.simba.player/MediaNotification/27 (userId=0) playbackState=PlaybackState {state=PLAYING(3), position=9, buffered position=0, speed=1.0, updated=155138368, actions=823, custom actions=[], active item id=-1, error=null}
08-22 17:17:21.983 I/MpvEvent(17565): [PlaybackTrace][Native][property] name=demuxer-cache-state format=6 value=null
08-22 17:17:21.983 I/MpvEvent(17565): [PlaybackTrace][Native][dispatch:property] name=demuxer-cache-state value=null
08-22 17:17:21.985 D/MPVLib  (17565): onNativePropertyChanged: demuxer-cache-state = null
08-22 17:17:21.985 I/MpvBridgeModule(17565): [PlaybackTrace][Bridge][listener:property] name=demuxer-cache-state value=null
08-22 17:17:21.990 I/MpvJNI  (17565): [PlaybackTrace][Native][getDuration] result=0 duration=149.696033
08-22 17:17:21.991 D/MpvBridgeModule(17565): [PlaybackTrace][Bridge][getDuration] ptr=131217388352464 duration=149.69603333333333
08-22 17:17:22.135 I/MpvJNI  (17565): [PlaybackTrace][Native][getDuration] result=0 duration=149.696033
08-22 17:17:22.135 D/MpvBridgeModule(17565): [PlaybackTrace][Bridge][getDuration] ptr=131217388352464 duration=149.69603333333333
08-22 17:17:22.135 D/MpvBridgeModule(17565): [PlaybackTrace][Bridge][getPlaybackState] ptr=131217388352464 state=playing idle=false eof=false pause=false
08-22 17:17:22.146 I/MpvJNI  (17565): [PlaybackTrace][Native][getDuration] result=0 duration=149.696033
08-22 17:17:22.146 D/MpvBridgeModule(17565): [PlaybackTrace][Bridge][getDuration] ptr=131217388352464 duration=149.69603333333333
08-22 17:17:22.237 I/MpvEvent(17565): [PlaybackTrace][Native][property] name=demuxer-cache-state format=6 value=null
08-22 17:17:22.237 I/MpvEvent(17565): [PlaybackTrace][Native][dispatch:property] name=demuxer-cache-state value=null
08-22 17:17:22.237 D/MPVLib  (17565): onNativePropertyChanged: demuxer-cache-state = null
08-22 17:17:22.237 I/MpvBridgeModule(17565): [PlaybackTrace][Bridge][listener:property] name=demuxer-cache-state value=null
08-22 17:17:22.438 I/MpvJNI  (17565): [PlaybackTrace][Native][getDuration] result=0 duration=149.696033
08-22 17:17:22.438 D/MpvBridgeModule(17565): [PlaybackTrace][Bridge][getDuration] ptr=131217388352464 duration=149.69603333333333
08-22 17:17:22.594 I/MpvJNI  (17565): [PlaybackTrace][Native][getDuration] result=0 duration=149.696033
08-22 17:17:22.594 D/MpvBridgeModule(17565): [PlaybackTrace][Bridge][getDuration] ptr=131217388352464 duration=149.69603333333333
08-22 17:17:22.594 D/MpvBridgeModule(17565): [PlaybackTrace][Bridge][getPlaybackState] ptr=131217388352464 state=playing idle=false eof=false pause=false
08-22 17:17:22.615 D/MediaSessionService(  695): onSessionPlaybackStateChanged: record=com.simba.player/MediaNotification/27 (userId=0) playbackState=PlaybackState {state=PLAYING(3), position=10, buffered position=0, speed=1.0, updated=155139485, actions=823, custom actions=[], active item id=-1, error=null}
08-22 17:17:23.038 I/MpvJNI  (17565): [PlaybackTrace][Native][getDuration] result=0 duration=149.696033
08-22 17:17:23.038 D/MpvBridgeModule(17565): [PlaybackTrace][Bridge][getDuration] ptr=131217388352464 duration=149.69603333333333
08-22 17:17:23.038 D/MpvBridgeModule(17565): [PlaybackTrace][Bridge][getPlaybackState] ptr=131217388352464 state=playing idle=false eof=false pause=false
08-22 17:17:23.041 I/MpvJNI  (17565): [PlaybackTrace][Native][getDuration] result=0 duration=149.696033
08-22 17:17:23.042 D/MpvBridgeModule(17565): [PlaybackTrace][Bridge][getDuration] ptr=131217388352464 duration=149.69603333333333
08-22 17:17:23.338 I/MpvEvent(17565): [PlaybackTrace][Native][property] name=demuxer-cache-state format=6 value=null
08-22 17:17:23.338 I/MpvEvent(17565): [PlaybackTrace][Native][dispatch:property] name=demuxer-cache-state value=null
08-22 17:17:23.339 D/MPVLib  (17565): onNativePropertyChanged: demuxer-cache-state = null
08-22 17:17:23.339 I/MpvBridgeModule(17565): [PlaybackTrace][Bridge][listener:property] name=demuxer-cache-state value=null
08-22 17:17:23.346 I/MpvJNI  (17565): [PlaybackTrace][Native][getDuration] result=0 duration=149.696033
08-22 17:17:23.346 D/MpvBridgeModule(17565): [PlaybackTrace][Bridge][getDuration] ptr=131217388352464 duration=149.69603333333333
08-22 17:17:23.563 I/MpvJNI  (17565): [PlaybackTrace][Native][getDuration] result=0 duration=149.696033
08-22 17:17:23.563 D/MpvBridgeModule(17565): [PlaybackTrace][Bridge][getDuration] ptr=131217388352464 duration=149.69603333333333
08-22 17:17:23.563 D/MpvBridgeModule(17565): [PlaybackTrace][Bridge][getPlaybackState] ptr=131217388352464 state=playing idle=false eof=false pause=false
08-22 17:17:23.577 D/MediaSessionService(  695): onSessionPlaybackStateChanged: record=com.simba.player/MediaNotification/27 (userId=0) playbackState=PlaybackState {state=PLAYING(3), position=11, buffered position=0, speed=1.0, updated=155140448, actions=823, custom actions=[], active item id=-1, error=null}
08-22 17:17:23.588 I/MpvEvent(17565): [PlaybackTrace][Native][property] name=demuxer-cache-state format=6 value=null
08-22 17:17:23.588 I/MpvEvent(17565): [PlaybackTrace][Native][dispatch:property] name=demuxer-cache-state value=null
08-22 17:17:23.589 D/MPVLib  (17565): onNativePropertyChanged: demuxer-cache-state = null
08-22 17:17:23.589 I/MpvBridgeModule(17565): [PlaybackTrace][Bridge][listener:property] name=demuxer-cache-state value=null
08-22 17:17:23.592 I/MpvJNI  (17565): [PlaybackTrace][Native][getDuration] result=0 duration=149.696033
08-22 17:17:23.593 D/MpvBridgeModule(17565): [PlaybackTrace][Bridge][getDuration] ptr=131217388352464 duration=149.69603333333333
08-22 17:17:23.882 I/MpvEvent(17565): [PlaybackTrace][Native][property] name=demuxer-cache-state format=6 value=null
08-22 17:17:23.882 I/MpvEvent(17565): [PlaybackTrace][Native][dispatch:property] name=demuxer-cache-state value=null
08-22 17:17:23.882 D/MPVLib  (17565): onNativePropertyChanged: demuxer-cache-state = null
08-22 17:17:23.883 I/MpvBridgeModule(17565): [PlaybackTrace][Bridge][listener:property] name=demuxer-cache-state value=null
08-22 17:17:23.890 I/MpvJNI  (17565): [PlaybackTrace][Native][getDuration] result=0 duration=149.696033
08-22 17:17:23.891 D/MpvBridgeModule(17565): [PlaybackTrace][Bridge][getDuration] ptr=131217388352464 duration=149.69603333333333
08-22 17:17:24.055 I/MpvJNI  (17565): [PlaybackTrace][Native][getDuration] result=0 duration=149.696033
08-22 17:17:24.055 D/MpvBridgeModule(17565): [PlaybackTrace][Bridge][getDuration] ptr=131217388352464 duration=149.69603333333333
08-22 17:17:24.055 D/MpvBridgeModule(17565): [PlaybackTrace][Bridge][getPlaybackState] ptr=131217388352464 state=playing idle=false eof=false pause=false
08-22 17:17:24.068 I/MpvJNI  (17565): [PlaybackTrace][Native][getDuration] result=0 duration=149.696033
08-22 17:17:24.068 D/MpvBridgeModule(17565): [PlaybackTrace][Bridge][getDuration] ptr=131217388352464 duration=149.69603333333333
08-22 17:17:24.134 I/MpvEvent(17565): [PlaybackTrace][Native][property] name=demuxer-cache-state format=6 value=null
08-22 17:17:24.134 I/MpvEvent(17565): [PlaybackTrace][Native][dispatch:property] name=demuxer-cache-state value=null
08-22 17:17:24.134 D/MPVLib  (17565): onNativePropertyChanged: demuxer-cache-state = null
08-22 17:17:24.134 I/MpvBridgeModule(17565): [PlaybackTrace][Bridge][listener:property] name=demuxer-cache-state value=null
08-22 17:17:24.214 I/MpvJNI  (17565): [PlaybackTrace][Native][getDuration] result=0 duration=149.696033
08-22 17:17:24.214 D/MpvBridgeModule(17565): [PlaybackTrace][Bridge][getDuration] ptr=131217388352464 duration=149.69603333333333
08-22 17:17:24.502 I/MpvJNI  (17565): [PlaybackTrace][Native][getDuration] result=0 duration=149.696033
08-22 17:17:24.502 D/MpvBridgeModule(17565): [PlaybackTrace][Bridge][getDuration] ptr=131217388352464 duration=149.69603333333333
08-22 17:17:24.502 D/MpvBridgeModule(17565): [PlaybackTrace][Bridge][getPlaybackState] ptr=131217388352464 state=playing idle=false eof=false pause=false
08-22 17:17:24.517 D/MediaSessionService(  695): onSessionPlaybackStateChanged: record=com.simba.player/MediaNotification/27 (userId=0) playbackState=PlaybackState {state=PLAYING(3), position=12, buffered position=0, speed=1.0, updated=155141388, actions=823, custom actions=[], active item id=-1, error=null}
08-22 17:17:25.069 I/MpvJNI  (17565): [PlaybackTrace][Native][getDuration] result=0 duration=149.696033
08-22 17:17:25.069 D/MpvBridgeModule(17565): [PlaybackTrace][Bridge][getDuration] ptr=131217388352464 duration=149.69603333333333
08-22 17:17:25.069 D/MpvBridgeModule(17565): [PlaybackTrace][Bridge][getPlaybackState] ptr=131217388352464 state=playing idle=false eof=false pause=false
08-22 17:17:25.072 I/MpvJNI  (17565): [PlaybackTrace][Native][getDuration] result=0 duration=149.696033
08-22 17:17:25.072 D/MpvBridgeModule(17565): [PlaybackTrace][Bridge][getDuration] ptr=131217388352464 duration=149.69603333333333
08-22 17:17:25.159 I/MpvEvent(17565): [PlaybackTrace][Native][property] name=demuxer-cache-state format=6 value=null
08-22 17:17:25.159 I/MpvEvent(17565): [PlaybackTrace][Native][dispatch:property] name=demuxer-cache-state value=null
08-22 17:17:25.160 D/MPVLib  (17565): onNativePropertyChanged: demuxer-cache-state = null
08-22 17:17:25.160 I/MpvBridgeModule(17565): [PlaybackTrace][Bridge][listener:property] name=demuxer-cache-state value=null
08-22 17:17:25.200 I/MpvJNI  (17565): [PlaybackTrace][Native][getDuration] result=0 duration=149.696033
08-22 17:17:25.201 D/MpvBridgeModule(17565): [PlaybackTrace][Bridge][getDuration] ptr=131217388352464 duration=149.69603333333333
08-22 17:17:25.399 I/MpvEvent(17565): [PlaybackTrace][Native][property] name=demuxer-cache-state format=6 value=null
08-22 17:17:25.399 I/MpvEvent(17565): [PlaybackTrace][Native][dispatch:property] name=demuxer-cache-state value=null
08-22 17:17:25.400 D/MPVLib  (17565): onNativePropertyChanged: demuxer-cache-state = null
08-22 17:17:25.400 I/MpvBridgeModule(17565): [PlaybackTrace][Bridge][listener:property] name=demuxer-cache-state value=null
08-22 17:17:25.403 I/MpvJNI  (17565): [PlaybackTrace][Native][getDuration] result=0 duration=149.696033
08-22 17:17:25.403 D/MpvBridgeModule(17565): [PlaybackTrace][Bridge][getDuration] ptr=131217388352464 duration=149.69603333333333
08-22 17:17:25.519 I/MpvJNI  (17565): [PlaybackTrace][Native][getDuration] result=0 duration=149.696033
08-22 17:17:25.519 D/MpvBridgeModule(17565): [PlaybackTrace][Bridge][getDuration] ptr=131217388352464 duration=149.69603333333333
08-22 17:17:25.519 D/MpvBridgeModule(17565): [PlaybackTrace][Bridge][getPlaybackState] ptr=131217388352464 state=playing idle=false eof=false pause=false
08-22 17:17:25.531 D/MediaSessionService(  695): onSessionPlaybackStateChanged: record=com.simba.player/MediaNotification/27 (userId=0) playbackState=PlaybackState {state=PLAYING(3), position=13, buffered position=0, speed=1.0, updated=155142402, actions=823, custom actions=[], active item id=-1, error=null}
08-22 17:17:26.086 I/MpvJNI  (17565): [PlaybackTrace][Native][getDuration] result=0 duration=149.696033
08-22 17:17:26.086 D/MpvBridgeModule(17565): [PlaybackTrace][Bridge][getDuration] ptr=131217388352464 duration=149.69603333333333
08-22 17:17:26.087 D/MpvBridgeModule(17565): [PlaybackTrace][Bridge][getPlaybackState] ptr=131217388352464 state=playing idle=false eof=false pause=false
08-22 17:17:26.090 I/MpvJNI  (17565): [PlaybackTrace][Native][getDuration] result=0 duration=149.696033
08-22 17:17:26.090 D/MpvBridgeModule(17565): [PlaybackTrace][Bridge][getDuration] ptr=131217388352464 duration=149.69603333333333
08-22 17:17:26.327 I/MpvEvent(17565): [PlaybackTrace][Native][property] name=demuxer-cache-state format=6 value=null
08-22 17:17:26.327 I/MpvEvent(17565): [PlaybackTrace][Native][dispatch:property] name=demuxer-cache-state value=null
08-22 17:17:26.327 D/MPVLib  (17565): onNativePropertyChanged: demuxer-cache-state = null
08-22 17:17:26.327 I/MpvBridgeModule(17565): [PlaybackTrace][Bridge][listener:property] name=demuxer-cache-state value=null
08-22 17:17:26.331 I/MpvJNI  (17565): [PlaybackTrace][Native][getDuration] result=0 duration=149.696033
08-22 17:17:26.331 D/MpvBridgeModule(17565): [PlaybackTrace][Bridge][getDuration] ptr=131217388352464 duration=149.69603333333333
08-22 17:17:26.535 I/MpvJNI  (17565): [PlaybackTrace][Native][getDuration] result=0 duration=149.696033
08-22 17:17:26.535 D/MpvBridgeModule(17565): [PlaybackTrace][Bridge][getDuration] ptr=131217388352464 duration=149.69603333333333
08-22 17:17:26.535 D/MpvBridgeModule(17565): [PlaybackTrace][Bridge][getPlaybackState] ptr=131217388352464 state=playing idle=false eof=false pause=false
08-22 17:17:26.547 D/MediaSessionService(  695): onSessionPlaybackStateChanged: record=com.simba.player/MediaNotification/27 (userId=0) playbackState=PlaybackState {state=PLAYING(3), position=14, buffered position=0, speed=1.0, updated=155143418, actions=823, custom actions=[], active item id=-1, error=null}
08-22 17:17:26.579 I/MpvEvent(17565): [PlaybackTrace][Native][property] name=demuxer-cache-state format=6 value=null
08-22 17:17:26.579 I/MpvEvent(17565): [PlaybackTrace][Native][dispatch:property] name=demuxer-cache-state value=null
08-22 17:17:26.579 D/MPVLib  (17565): onNativePropertyChanged: demuxer-cache-state = null
08-22 17:17:26.579 I/MpvBridgeModule(17565): [PlaybackTrace][Bridge][listener:property] name=demuxer-cache-state value=null
08-22 17:17:26.582 I/MpvJNI  (17565): [PlaybackTrace][Native][getDuration] result=0 duration=149.696033
08-22 17:17:26.582 D/MpvBridgeModule(17565): [PlaybackTrace][Bridge][getDuration] ptr=131217388352464 duration=149.69603333333333
08-22 17:17:27.054 I/MpvEvent(17565): [PlaybackTrace][Native][property] name=demuxer-cache-state format=6 value=null
08-22 17:17:27.054 I/MpvEvent(17565): [PlaybackTrace][Native][dispatch:property] name=demuxer-cache-state value=null
08-22 17:17:27.055 D/MPVLib  (17565): onNativePropertyChanged: demuxer-cache-state = null
08-22 17:17:27.055 I/MpvBridgeModule(17565): [PlaybackTrace][Bridge][listener:property] name=demuxer-cache-state value=null
08-22 17:17:27.061 I/MpvJNI  (17565): [PlaybackTrace][Native][getDuration] result=0 duration=149.696033
08-22 17:17:27.061 D/MpvBridgeModule(17565): [PlaybackTrace][Bridge][getDuration] ptr=131217388352464 duration=149.69603333333333
08-22 17:17:27.292 I/MpvJNI  (17565): [PlaybackTrace][Native][getDuration] result=0 duration=149.696033
08-22 17:17:27.292 D/MpvBridgeModule(17565): [PlaybackTrace][Bridge][getDuration] ptr=131217388352464 duration=149.69603333333333
08-22 17:17:27.292 D/MpvBridgeModule(17565): [PlaybackTrace][Bridge][getPlaybackState] ptr=131217388352464 state=playing idle=false eof=false pause=false
08-22 17:17:27.304 I/MpvJNI  (17565): [PlaybackTrace][Native][getDuration] result=0 duration=149.696033
08-22 17:17:27.304 D/MpvBridgeModule(17565): [PlaybackTrace][Bridge][getDuration] ptr=131217388352464 duration=149.69603333333333
08-22 17:17:27.305 I/MpvEvent(17565): [PlaybackTrace][Native][property] name=demuxer-cache-state format=6 value=null
08-22 17:17:27.305 I/MpvEvent(17565): [PlaybackTrace][Native][dispatch:property] name=demuxer-cache-state value=null
08-22 17:17:27.305 D/MPVLib  (17565): onNativePropertyChanged: demuxer-cache-state = null
08-22 17:17:27.305 I/MpvBridgeModule(17565): [PlaybackTrace][Bridge][listener:property] name=demuxer-cache-state value=null
08-22 17:17:27.326 I/MpvEvent(17565): [PlaybackTrace][Native][property] name=demuxer-cache-state format=6 value=null
08-22 17:17:27.326 I/MpvEvent(17565): [PlaybackTrace][Native][dispatch:property] name=demuxer-cache-state value=null
08-22 17:17:27.327 D/MPVLib  (17565): onNativePropertyChanged: demuxer-cache-state = null
08-22 17:17:27.327 I/MpvBridgeModule(17565): [PlaybackTrace][Bridge][listener:property] name=demuxer-cache-state value=null
08-22 17:17:27.457 I/MpvJNI  (17565): [PlaybackTrace][Native][getDuration] result=0 duration=149.696033
08-22 17:17:27.457 D/MpvBridgeModule(17565): [PlaybackTrace][Bridge][getDuration] ptr=131217388352464 duration=149.69603333333333
08-22 17:17:27.576 I/MpvEvent(17565): [PlaybackTrace][Native][property] name=demuxer-cache-state format=6 value=null
08-22 17:17:27.576 I/MpvEvent(17565): [PlaybackTrace][Native][dispatch:property] name=demuxer-cache-state value=null
08-22 17:17:27.576 D/MPVLib  (17565): onNativePropertyChanged: demuxer-cache-state = null
08-22 17:17:27.577 I/MpvBridgeModule(17565): [PlaybackTrace][Bridge][listener:property] name=demuxer-cache-state value=null
08-22 17:17:27.621 I/MpvJNI  (17565): [PlaybackTrace][Native][getDuration] result=0 duration=149.696033
08-22 17:17:27.621 D/MpvBridgeModule(17565): [PlaybackTrace][Bridge][getDuration] ptr=131217388352464 duration=149.69603333333333
08-22 17:17:27.621 D/MpvBridgeModule(17565): [PlaybackTrace][Bridge][getPlaybackState] ptr=131217388352464 state=playing idle=false eof=false pause=false
08-22 17:17:27.638 I/MpvJNI  (17565): [PlaybackTrace][Native][getDuration] result=0 duration=149.696033
08-22 17:17:27.638 D/MpvBridgeModule(17565): [PlaybackTrace][Bridge][getDuration] ptr=131217388352464 duration=149.69603333333333
08-22 17:17:27.648 D/MediaSessionService(  695): onSessionPlaybackStateChanged: record=com.simba.player/MediaNotification/27 (userId=0) playbackState=PlaybackState {state=PLAYING(3), position=15, buffered position=0, speed=1.0, updated=155144519, actions=823, custom actions=[], active item id=-1, error=null}
08-22 17:17:28.121 I/MpvJNI  (17565): [PlaybackTrace][Native][getDuration] result=0 duration=149.696033
08-22 17:17:28.121 D/MpvBridgeModule(17565): [PlaybackTrace][Bridge][getDuration] ptr=131217388352464 duration=149.69603333333333
08-22 17:17:28.121 D/MpvBridgeModule(17565): [PlaybackTrace][Bridge][getPlaybackState] ptr=131217388352464 state=playing idle=false eof=false pause=false
08-22 17:17:28.125 I/MpvJNI  (17565): [PlaybackTrace][Native][getDuration] result=0 duration=149.696033
08-22 17:17:28.126 D/MpvBridgeModule(17565): [PlaybackTrace][Bridge][getDuration] ptr=131217388352464 duration=149.69603333333333
08-22 17:17:28.569 I/MpvJNI  (17565): [PlaybackTrace][Native][getDuration] result=0 duration=149.696033
08-22 17:17:28.569 D/MpvBridgeModule(17565): [PlaybackTrace][Bridge][getDuration] ptr=131217388352464 duration=149.69603333333333
08-22 17:17:28.570 D/MpvBridgeModule(17565): [PlaybackTrace][Bridge][getPlaybackState] ptr=131217388352464 state=playing idle=false eof=false pause=false
08-22 17:17:28.582 D/MediaSessionService(  695): onSessionPlaybackStateChanged: record=com.simba.player/MediaNotification/27 (userId=0) playbackState=PlaybackState {state=PLAYING(3), position=16, buffered position=0, speed=1.0, updated=155145453, actions=823, custom actions=[], active item id=-1, error=null}
08-22 17:17:28.595 I/MpvEvent(17565): [PlaybackTrace][Native][property] name=demuxer-cache-state format=6 value=null
08-22 17:17:28.595 I/MpvEvent(17565): [PlaybackTrace][Native][dispatch:property] name=demuxer-cache-state value=null
08-22 17:17:28.595 D/MPVLib  (17565): onNativePropertyChanged: demuxer-cache-state = null
08-22 17:17:28.595 I/MpvBridgeModule(17565): [PlaybackTrace][Bridge][listener:property] name=demuxer-cache-state value=null
08-22 17:17:28.598 I/MpvJNI  (17565): [PlaybackTrace][Native][getDuration] result=0 duration=149.696033
08-22 17:17:28.598 D/MpvBridgeModule(17565): [PlaybackTrace][Bridge][getDuration] ptr=131217388352464 duration=149.69603333333333
08-22 17:17:28.847 I/MpvEvent(17565): [PlaybackTrace][Native][property] name=demuxer-cache-state format=6 value=null
08-22 17:17:28.847 I/MpvEvent(17565): [PlaybackTrace][Native][dispatch:property] name=demuxer-cache-state value=null
08-22 17:17:28.847 D/MPVLib  (17565): onNativePropertyChanged: demuxer-cache-state = null
08-22 17:17:28.848 I/MpvBridgeModule(17565): [PlaybackTrace][Bridge][listener:property] name=demuxer-cache-state value=null
08-22 17:17:28.862 I/MpvJNI  (17565): [PlaybackTrace][Native][getDuration] result=0 duration=149.696033
08-22 17:17:28.862 D/MpvBridgeModule(17565): [PlaybackTrace][Bridge][getDuration] ptr=131217388352464 duration=149.69603333333333
08-22 17:17:28.878 I/MpvEvent(17565): [PlaybackTrace][Native][property] name=demuxer-cache-state format=6 value=null
08-22 17:17:28.879 I/MpvEvent(17565): [PlaybackTrace][Native][dispatch:property] name=demuxer-cache-state value=null
08-22 17:17:28.879 D/MPVLib  (17565): onNativePropertyChanged: demuxer-cache-state = null
08-22 17:17:28.879 I/MpvBridgeModule(17565): [PlaybackTrace][Bridge][listener:property] name=demuxer-cache-state value=null
08-22 17:17:29.032 I/MpvJNI  (17565): [PlaybackTrace][Native][getDuration] result=0 duration=149.696033
08-22 17:17:29.032 D/MpvBridgeModule(17565): [PlaybackTrace][Bridge][getDuration] ptr=131217388352464 duration=149.69603333333333
08-22 17:17:29.130 I/MpvEvent(17565): [PlaybackTrace][Native][property] name=demuxer-cache-state format=6 value=null
08-22 17:17:29.130 I/MpvEvent(17565): [PlaybackTrace][Native][dispatch:property] name=demuxer-cache-state value=null
08-22 17:17:29.130 D/MPVLib  (17565): onNativePropertyChanged: demuxer-cache-state = null
08-22 17:17:29.130 I/MpvBridgeModule(17565): [PlaybackTrace][Bridge][listener:property] name=demuxer-cache-state value=null
08-22 17:17:29.155 I/MpvJNI  (17565): [PlaybackTrace][Native][getDuration] result=0 duration=149.696033
08-22 17:17:29.155 D/MpvBridgeModule(17565): [PlaybackTrace][Bridge][getDuration] ptr=131217388352464 duration=149.69603333333333
08-22 17:17:29.155 D/MpvBridgeModule(17565): [PlaybackTrace][Bridge][getPlaybackState] ptr=131217388352464 state=playing idle=false eof=false pause=false
08-22 17:17:29.163 I/MpvJNI  (17565): [PlaybackTrace][Native][getDuration] result=0 duration=149.696033
08-22 17:17:29.163 D/MpvBridgeModule(17565): [PlaybackTrace][Bridge][getDuration] ptr=131217388352464 duration=149.69603333333333
08-22 17:17:29.586 I/MpvJNI  (17565): [PlaybackTrace][Native][getDuration] result=0 duration=149.696033
08-22 17:17:29.586 D/MpvBridgeModule(17565): [PlaybackTrace][Bridge][getDuration] ptr=131217388352464 duration=149.69603333333333
08-22 17:17:29.586 D/MpvBridgeModule(17565): [PlaybackTrace][Bridge][getPlaybackState] ptr=131217388352464 state=playing idle=false eof=false pause=false
08-22 17:17:29.599 D/MediaSessionService(  695): onSessionPlaybackStateChanged: record=com.simba.player/MediaNotification/27 (userId=0) playbackState=PlaybackState {state=PLAYING(3), position=17, buffered position=0, speed=1.0, updated=155146469, actions=823, custom actions=[], active item id=-1, error=null}
08-22 17:17:30.153 I/MpvJNI  (17565): [PlaybackTrace][Native][getDuration] result=0 duration=149.696033
08-22 17:17:30.153 D/MpvBridgeModule(17565): [PlaybackTrace][Bridge][getDuration] ptr=131217388352464 duration=149.69603333333333
08-22 17:17:30.153 D/MpvBridgeModule(17565): [PlaybackTrace][Bridge][getPlaybackState] ptr=131217388352464 state=playing idle=false eof=false pause=false
08-22 17:17:30.156 I/MpvJNI  (17565): [PlaybackTrace][Native][getDuration] result=0 duration=149.696033
08-22 17:17:30.156 D/MpvBridgeModule(17565): [PlaybackTrace][Bridge][getDuration] ptr=131217388352464 duration=149.69603333333333
08-22 17:17:30.228 I/MpvEvent(17565): [PlaybackTrace][Native][property] name=demuxer-cache-state format=6 value=null
08-22 17:17:30.229 I/MpvEvent(17565): [PlaybackTrace][Native][dispatch:property] name=demuxer-cache-state value=null
08-22 17:17:30.230 D/MPVLib  (17565): onNativePropertyChanged: demuxer-cache-state = null
08-22 17:17:30.230 I/MpvBridgeModule(17565): [PlaybackTrace][Bridge][listener:property] name=demuxer-cache-state value=null
08-22 17:17:30.333 I/MpvJNI  (17565): [PlaybackTrace][Native][getDuration] result=0 duration=149.696033
08-22 17:17:30.333 D/MpvBridgeModule(17565): [PlaybackTrace][Bridge][getDuration] ptr=131217388352464 duration=149.69603333333333
08-22 17:17:30.481 I/MpvEvent(17565): [PlaybackTrace][Native][property] name=demuxer-cache-state format=6 value=null
08-22 17:17:30.481 I/MpvEvent(17565): [PlaybackTrace][Native][dispatch:property] name=demuxer-cache-state value=null
08-22 17:17:30.482 D/MPVLib  (17565): onNativePropertyChanged: demuxer-cache-state = null
08-22 17:17:30.482 I/MpvBridgeModule(17565): [PlaybackTrace][Bridge][listener:property] name=demuxer-cache-state value=null
08-22 17:17:30.485 I/MpvJNI  (17565): [PlaybackTrace][Native][getDuration] result=0 duration=149.696033
08-22 17:17:30.485 D/MpvBridgeModule(17565): [PlaybackTrace][Bridge][getDuration] ptr=131217388352464 duration=149.69603333333333
08-22 17:17:30.505 I/MpvEvent(17565): [PlaybackTrace][Native][property] name=demuxer-cache-state format=6 value=null
08-22 17:17:30.505 I/MpvEvent(17565): [PlaybackTrace][Native][dispatch:property] name=demuxer-cache-state value=null
08-22 17:17:30.505 D/MPVLib  (17565): onNativePropertyChanged: demuxer-cache-state = null
08-22 17:17:30.505 I/MpvBridgeModule(17565): [PlaybackTrace][Bridge][listener:property] name=demuxer-cache-state value=null
08-22 17:17:30.646 I/MpvJNI  (17565): [PlaybackTrace][Native][getDuration] result=0 duration=149.696033
08-22 17:17:30.646 D/MpvBridgeModule(17565): [PlaybackTrace][Bridge][getDuration] ptr=131217388352464 duration=149.69603333333333
08-22 17:17:30.646 D/MpvBridgeModule(17565): [PlaybackTrace][Bridge][getPlaybackState] ptr=131217388352464 state=playing idle=false eof=false pause=false
08-22 17:17:30.656 I/MpvJNI  (17565): [PlaybackTrace][Native][getDuration] result=0 duration=149.696033
08-22 17:17:30.656 D/MpvBridgeModule(17565): [PlaybackTrace][Bridge][getDuration] ptr=131217388352464 duration=149.69603333333333
08-22 17:17:30.661 D/MediaSessionService(  695): onSessionPlaybackStateChanged: record=com.simba.player/MediaNotification/27 (userId=0) playbackState=PlaybackState {state=PLAYING(3), position=18, buffered position=0, speed=1.0, updated=155147532, actions=823, custom actions=[], active item id=-1, error=null}
08-22 17:17:30.755 I/MpvEvent(17565): [PlaybackTrace][Native][property] name=demuxer-cache-state format=6 value=null
08-22 17:17:30.755 I/MpvEvent(17565): [PlaybackTrace][Native][dispatch:property] name=demuxer-cache-state value=null
08-22 17:17:30.755 D/MPVLib  (17565): onNativePropertyChanged: demuxer-cache-state = null
08-22 17:17:30.755 I/MpvBridgeModule(17565): [PlaybackTrace][Bridge][listener:property] name=demuxer-cache-state value=null
08-22 17:17:30.769 I/MpvJNI  (17565): [PlaybackTrace][Native][getDuration] result=0 duration=149.696033
08-22 17:17:30.770 D/MpvBridgeModule(17565): [PlaybackTrace][Bridge][getDuration] ptr=131217388352464 duration=149.69603333333333
08-22 17:17:31.169 I/MpvJNI  (17565): [PlaybackTrace][Native][getDuration] result=0 duration=149.696033
08-22 17:17:31.169 D/MpvBridgeModule(17565): [PlaybackTrace][Bridge][getDuration] ptr=131217388352464 duration=149.69603333333333
08-22 17:17:31.169 D/MpvBridgeModule(17565): [PlaybackTrace][Bridge][getPlaybackState] ptr=131217388352464 state=playing idle=false eof=false pause=false
08-22 17:17:31.172 I/MpvJNI  (17565): [PlaybackTrace][Native][getDuration] result=0 duration=149.696033
08-22 17:17:31.172 D/MpvBridgeModule(17565): [PlaybackTrace][Bridge][getDuration] ptr=131217388352464 duration=149.69603333333333
08-22 17:17:31.619 I/MpvJNI  (17565): [PlaybackTrace][Native][getDuration] result=0 duration=149.696033
08-22 17:17:31.619 D/MpvBridgeModule(17565): [PlaybackTrace][Bridge][getDuration] ptr=131217388352464 duration=149.69603333333333
08-22 17:17:31.619 D/MpvBridgeModule(17565): [PlaybackTrace][Bridge][getPlaybackState] ptr=131217388352464 state=playing idle=false eof=false pause=false
08-22 17:17:31.637 D/MediaSessionService(  695): onSessionPlaybackStateChanged: record=com.simba.player/MediaNotification/27 (userId=0) playbackState=PlaybackState {state=PLAYING(3), position=19, buffered position=0, speed=1.0, updated=155148508, actions=823, custom actions=[], active item id=-1, error=null}
08-22 17:17:31.858 I/MpvEvent(17565): [PlaybackTrace][Native][property] name=demuxer-cache-state format=6 value=null
08-22 17:17:31.858 I/MpvEvent(17565): [PlaybackTrace][Native][dispatch:property] name=demuxer-cache-state value=null
08-22 17:17:31.858 D/MPVLib  (17565): onNativePropertyChanged: demuxer-cache-state = null
08-22 17:17:31.858 I/MpvBridgeModule(17565): [PlaybackTrace][Bridge][listener:property] name=demuxer-cache-state value=null
08-22 17:17:31.862 I/MpvJNI  (17565): [PlaybackTrace][Native][getDuration] result=0 duration=149.696033
08-22 17:17:31.862 D/MpvBridgeModule(17565): [PlaybackTrace][Bridge][getDuration] ptr=131217388352464 duration=149.69603333333333
08-22 17:17:32.110 I/MpvEvent(17565): [PlaybackTrace][Native][property] name=demuxer-cache-state format=6 value=null
08-22 17:17:32.110 I/MpvEvent(17565): [PlaybackTrace][Native][dispatch:property] name=demuxer-cache-state value=null
08-22 17:17:32.110 D/MPVLib  (17565): onNativePropertyChanged: demuxer-cache-state = null
08-22 17:17:32.110 I/MpvBridgeModule(17565): [PlaybackTrace][Bridge][listener:property] name=demuxer-cache-state value=null
08-22 17:17:32.113 I/MpvJNI  (17565): [PlaybackTrace][Native][getDuration] result=0 duration=149.696033
08-22 17:17:32.113 D/MpvBridgeModule(17565): [PlaybackTrace][Bridge][getDuration] ptr=131217388352464 duration=149.69603333333333
08-22 17:17:32.225 I/MpvJNI  (17565): [PlaybackTrace][Native][getDuration] result=0 duration=149.696033
08-22 17:17:32.225 D/MpvBridgeModule(17565): [PlaybackTrace][Bridge][getDuration] ptr=131217388352464 duration=149.69603333333333
08-22 17:17:32.225 D/MpvBridgeModule(17565): [PlaybackTrace][Bridge][getPlaybackState] ptr=131217388352464 state=playing idle=false eof=false pause=false
08-22 17:17:32.232 I/MpvJNI  (17565): [PlaybackTrace][Native][getDuration] result=0 duration=149.696033
08-22 17:17:32.232 D/MpvBridgeModule(17565): [PlaybackTrace][Bridge][getDuration] ptr=131217388352464 duration=149.69603333333333
08-22 17:17:32.636 I/MpvJNI  (17565): [PlaybackTrace][Native][getDuration] result=0 duration=149.696033
08-22 17:17:32.636 D/MpvBridgeModule(17565): [PlaybackTrace][Bridge][getDuration] ptr=131217388352464 duration=149.69603333333333
08-22 17:17:32.637 D/MpvBridgeModule(17565): [PlaybackTrace][Bridge][getPlaybackState] ptr=131217388352464 state=playing idle=false eof=false pause=false
08-22 17:17:32.647 D/MediaSessionService(  695): onSessionPlaybackStateChanged: record=com.simba.player/MediaNotification/27 (userId=0) playbackState=PlaybackState {state=PLAYING(3), position=20, buffered position=0, speed=1.0, updated=155149518, actions=823, custom actions=[], active item id=-1, error=null}
08-22 17:17:32.950 I/MpvEvent(17565): [PlaybackTrace][Native][property] name=demuxer-cache-state format=6 value=null
08-22 17:17:32.950 I/MpvEvent(17565): [PlaybackTrace][Native][dispatch:property] name=demuxer-cache-state value=null
08-22 17:17:32.951 D/MPVLib  (17565): onNativePropertyChanged: demuxer-cache-state = null
08-22 17:17:32.951 I/MpvBridgeModule(17565): [PlaybackTrace][Bridge][listener:property] name=demuxer-cache-state value=null
08-22 17:17:32.955 I/MpvJNI  (17565): [PlaybackTrace][Native][getDuration] result=0 duration=149.696033
08-22 17:17:32.955 D/MpvBridgeModule(17565): [PlaybackTrace][Bridge][getDuration] ptr=131217388352464 duration=149.69603333333333
08-22 17:17:33.201 I/MpvEvent(17565): [PlaybackTrace][Native][property] name=demuxer-cache-state format=6 value=null
08-22 17:17:33.201 I/MpvEvent(17565): [PlaybackTrace][Native][dispatch:property] name=demuxer-cache-state value=null
08-22 17:17:33.201 D/MPVLib  (17565): onNativePropertyChanged: demuxer-cache-state = null
08-22 17:17:33.201 I/MpvBridgeModule(17565): [PlaybackTrace][Bridge][listener:property] name=demuxer-cache-state value=null
08-22 17:17:33.202 I/MpvJNI  (17565): [PlaybackTrace][Native][getDuration] result=0 duration=149.696033
08-22 17:17:33.202 D/MpvBridgeModule(17565): [PlaybackTrace][Bridge][getDuration] ptr=131217388352464 duration=149.69603333333333
08-22 17:17:33.202 D/MpvBridgeModule(17565): [PlaybackTrace][Bridge][getPlaybackState] ptr=131217388352464 state=playing idle=false eof=false pause=false
08-22 17:17:33.205 I/MpvJNI  (17565): [PlaybackTrace][Native][getDuration] result=0 duration=149.696033
08-22 17:17:33.205 D/MpvBridgeModule(17565): [PlaybackTrace][Bridge][getDuration] ptr=131217388352464 duration=149.69603333333333
08-22 17:17:33.652 I/MpvJNI  (17565): [PlaybackTrace][Native][getDuration] result=0 duration=149.696033
08-22 17:17:33.652 D/MpvBridgeModule(17565): [PlaybackTrace][Bridge][getDuration] ptr=131217388352464 duration=149.69603333333333
08-22 17:17:33.652 D/MpvBridgeModule(17565): [PlaybackTrace][Bridge][getPlaybackState] ptr=131217388352464 state=playing idle=false eof=false pause=false
08-22 17:17:33.668 D/MediaSessionService(  695): onSessionPlaybackStateChanged: record=com.simba.player/MediaNotification/27 (userId=0) playbackState=PlaybackState {state=PLAYING(3), position=21, buffered position=0, speed=1.0, updated=155150539, actions=823, custom actions=[], active item id=-1, error=null}
08-22 17:17:33.675 I/MpvEvent(17565): [PlaybackTrace][Native][property] name=demuxer-cache-state format=6 value=null
08-22 17:17:33.675 I/MpvEvent(17565): [PlaybackTrace][Native][dispatch:property] name=demuxer-cache-state value=null
08-22 17:17:33.675 D/MPVLib  (17565): onNativePropertyChanged: demuxer-cache-state = null
08-22 17:17:33.675 I/MpvBridgeModule(17565): [PlaybackTrace][Bridge][listener:property] name=demuxer-cache-state value=null
08-22 17:17:33.679 I/MpvJNI  (17565): [PlaybackTrace][Native][getDuration] result=0 duration=149.696033
08-22 17:17:33.680 D/MpvBridgeModule(17565): [PlaybackTrace][Bridge][getDuration] ptr=131217388352464 duration=149.69603333333333
08-22 17:17:33.928 I/MpvEvent(17565): [PlaybackTrace][Native][property] name=demuxer-cache-state format=6 value=null
08-22 17:17:33.928 I/MpvEvent(17565): [PlaybackTrace][Native][dispatch:property] name=demuxer-cache-state value=null
08-22 17:17:33.929 D/MPVLib  (17565): onNativePropertyChanged: demuxer-cache-state = null
08-22 17:17:33.929 I/MpvBridgeModule(17565): [PlaybackTrace][Bridge][listener:property] name=demuxer-cache-state value=null
08-22 17:17:33.932 I/MpvJNI  (17565): [PlaybackTrace][Native][getDuration] result=0 duration=149.696033
08-22 17:17:33.932 D/MpvBridgeModule(17565): [PlaybackTrace][Bridge][getDuration] ptr=131217388352464 duration=149.69603333333333
08-22 17:17:34.221 I/MpvJNI  (17565): [PlaybackTrace][Native][getDuration] result=0 duration=149.696033
08-22 17:17:34.221 D/MpvBridgeModule(17565): [PlaybackTrace][Bridge][getDuration] ptr=131217388352464 duration=149.69603333333333
08-22 17:17:34.221 D/MpvBridgeModule(17565): [PlaybackTrace][Bridge][getPlaybackState] ptr=131217388352464 state=playing idle=false eof=false pause=false
08-22 17:17:34.224 I/MpvJNI  (17565): [PlaybackTrace][Native][getDuration] result=0 duration=149.696033
08-22 17:17:34.224 D/MpvBridgeModule(17565): [PlaybackTrace][Bridge][getDuration] ptr=131217388352464 duration=149.69603333333333
08-22 17:17:34.668 I/MpvJNI  (17565): [PlaybackTrace][Native][getDuration] result=0 duration=149.696033
08-22 17:17:34.668 D/MpvBridgeModule(17565): [PlaybackTrace][Bridge][getDuration] ptr=131217388352464 duration=149.69603333333333
08-22 17:17:34.669 D/MpvBridgeModule(17565): [PlaybackTrace][Bridge][getPlaybackState] ptr=131217388352464 state=playing idle=false eof=false pause=false
08-22 17:17:34.680 D/MediaSessionService(  695): onSessionPlaybackStateChanged: record=com.simba.player/MediaNotification/27 (userId=0) playbackState=PlaybackState {state=PLAYING(3), position=22, buffered position=0, speed=1.0, updated=155151551, actions=823, custom actions=[], active item id=-1, error=null}
08-22 17:17:35.043 I/MpvEvent(17565): [PlaybackTrace][Native][property] name=demuxer-cache-state format=6 value=null
08-22 17:17:35.043 I/MpvEvent(17565): [PlaybackTrace][Native][dispatch:property] name=demuxer-cache-state value=null
08-22 17:17:35.043 D/MPVLib  (17565): onNativePropertyChanged: demuxer-cache-state = null
08-22 17:17:35.043 I/MpvBridgeModule(17565): [PlaybackTrace][Bridge][listener:property] name=demuxer-cache-state value=null
08-22 17:17:35.046 I/MpvJNI  (17565): [PlaybackTrace][Native][getDuration] result=0 duration=149.696033
08-22 17:17:35.046 D/MpvBridgeModule(17565): [PlaybackTrace][Bridge][getDuration] ptr=131217388352464 duration=149.69603333333333
08-22 17:17:35.244 I/MpvJNI  (17565): [PlaybackTrace][Native][getDuration] result=0 duration=149.696033
08-22 17:17:35.244 D/MpvBridgeModule(17565): [PlaybackTrace][Bridge][getDuration] ptr=131217388352464 duration=149.69603333333333
08-22 17:17:35.244 D/MpvBridgeModule(17565): [PlaybackTrace][Bridge][getPlaybackState] ptr=131217388352464 state=playing idle=false eof=false pause=false
08-22 17:17:35.250 I/MpvJNI  (17565): [PlaybackTrace][Native][getDuration] result=0 duration=149.696033
08-22 17:17:35.250 D/MpvBridgeModule(17565): [PlaybackTrace][Bridge][getDuration] ptr=131217388352464 duration=149.69603333333333
08-22 17:17:35.293 I/MpvEvent(17565): [PlaybackTrace][Native][property] name=demuxer-cache-state format=6 value=null
08-22 17:17:35.293 I/MpvEvent(17565): [PlaybackTrace][Native][dispatch:property] name=demuxer-cache-state value=null
08-22 17:17:35.293 D/MPVLib  (17565): onNativePropertyChanged: demuxer-cache-state = null
08-22 17:17:35.293 I/MpvBridgeModule(17565): [PlaybackTrace][Bridge][listener:property] name=demuxer-cache-state value=null
08-22 17:17:35.381 I/MpvJNI  (17565): [PlaybackTrace][Native][getDuration] result=0 duration=149.696033
08-22 17:17:35.381 D/MpvBridgeModule(17565): [PlaybackTrace][Bridge][getDuration] ptr=131217388352464 duration=149.69603333333333
08-22 17:17:35.686 I/MpvJNI  (17565): [PlaybackTrace][Native][getDuration] result=0 duration=149.696033
08-22 17:17:35.686 D/MpvBridgeModule(17565): [PlaybackTrace][Bridge][getDuration] ptr=131217388352464 duration=149.69603333333333
08-22 17:17:35.686 D/MpvBridgeModule(17565): [PlaybackTrace][Bridge][getPlaybackState] ptr=131217388352464 state=playing idle=false eof=false pause=false
08-22 17:17:35.698 D/MediaSessionService(  695): onSessionPlaybackStateChanged: record=com.simba.player/MediaNotification/27 (userId=0) playbackState=PlaybackState {state=PLAYING(3), position=23, buffered position=0, speed=1.0, updated=155152569, actions=823, custom actions=[], active item id=-1, error=null}
08-22 17:17:36.029 I/MpvEvent(17565): [PlaybackTrace][Native][property] name=demuxer-cache-state format=6 value=null
08-22 17:17:36.029 I/MpvEvent(17565): [PlaybackTrace][Native][dispatch:property] name=demuxer-cache-state value=null
08-22 17:17:36.029 D/MPVLib  (17565): onNativePropertyChanged: demuxer-cache-state = null
08-22 17:17:36.029 I/MpvBridgeModule(17565): [PlaybackTrace][Bridge][listener:property] name=demuxer-cache-state value=null
08-22 17:17:36.032 I/MpvJNI  (17565): [PlaybackTrace][Native][getDuration] result=0 duration=149.696033
08-22 17:17:36.032 D/MpvBridgeModule(17565): [PlaybackTrace][Bridge][getDuration] ptr=131217388352464 duration=149.69603333333333
08-22 17:17:36.253 I/MpvJNI  (17565): [PlaybackTrace][Native][getDuration] result=0 duration=149.696033
08-22 17:17:36.253 D/MpvBridgeModule(17565): [PlaybackTrace][Bridge][getDuration] ptr=131217388352464 duration=149.69603333333333
08-22 17:17:36.253 D/MpvBridgeModule(17565): [PlaybackTrace][Bridge][getPlaybackState] ptr=131217388352464 state=playing idle=false eof=false pause=false
08-22 17:17:36.256 I/MpvJNI  (17565): [PlaybackTrace][Native][getDuration] result=0 duration=149.696033
08-22 17:17:36.256 D/MpvBridgeModule(17565): [PlaybackTrace][Bridge][getDuration] ptr=131217388352464 duration=149.69603333333333
08-22 17:17:36.280 I/MpvEvent(17565): [PlaybackTrace][Native][property] name=demuxer-cache-state format=6 value=null
08-22 17:17:36.280 I/MpvEvent(17565): [PlaybackTrace][Native][dispatch:property] name=demuxer-cache-state value=null
08-22 17:17:36.280 D/MPVLib  (17565): onNativePropertyChanged: demuxer-cache-state = null
08-22 17:17:36.281 I/MpvBridgeModule(17565): [PlaybackTrace][Bridge][listener:property] name=demuxer-cache-state value=null
08-22 17:17:36.375 I/MpvJNI  (17565): [PlaybackTrace][Native][getDuration] result=0 duration=149.696033
08-22 17:17:36.375 D/MpvBridgeModule(17565): [PlaybackTrace][Bridge][getDuration] ptr=131217388352464 duration=149.69603333333333
08-22 17:17:36.486 I/MpvEvent(17565): [PlaybackTrace][Native][property] name=demuxer-cache-state format=6 value=null
08-22 17:17:36.486 I/MpvEvent(17565): [PlaybackTrace][Native][dispatch:property] name=demuxer-cache-state value=null
08-22 17:17:36.486 D/MPVLib  (17565): onNativePropertyChanged: demuxer-cache-state = null
08-22 17:17:36.486 I/MpvBridgeModule(17565): [PlaybackTrace][Bridge][listener:property] name=demuxer-cache-state value=null
08-22 17:17:36.524 I/MpvJNI  (17565): [PlaybackTrace][Native][getDuration] result=0 duration=149.696033
08-22 17:17:36.524 D/MpvBridgeModule(17565): [PlaybackTrace][Bridge][getDuration] ptr=131217388352464 duration=149.69603333333333
08-22 17:17:36.703 I/MpvJNI  (17565): [PlaybackTrace][Native][getDuration] result=0 duration=149.696033
08-22 17:17:36.703 D/MpvBridgeModule(17565): [PlaybackTrace][Bridge][getDuration] ptr=131217388352464 duration=149.69603333333333
08-22 17:17:36.703 D/MpvBridgeModule(17565): [PlaybackTrace][Bridge][getPlaybackState] ptr=131217388352464 state=playing idle=false eof=false pause=false
08-22 17:17:36.713 D/MediaSessionService(  695): onSessionPlaybackStateChanged: record=com.simba.player/MediaNotification/27 (userId=0) playbackState=PlaybackState {state=PLAYING(3), position=24, buffered position=0, speed=1.0, updated=155153585, actions=823, custom actions=[], active item id=-1, error=null}
08-22 17:17:36.736 I/MpvEvent(17565): [PlaybackTrace][Native][property] name=demuxer-cache-state format=6 value=null
08-22 17:17:36.736 I/MpvEvent(17565): [PlaybackTrace][Native][dispatch:property] name=demuxer-cache-state value=null
08-22 17:17:36.736 D/MPVLib  (17565): onNativePropertyChanged: demuxer-cache-state = null
08-22 17:17:36.736 I/MpvBridgeModule(17565): [PlaybackTrace][Bridge][listener:property] name=demuxer-cache-state value=null
08-22 17:17:36.739 I/MpvJNI  (17565): [PlaybackTrace][Native][getDuration] result=0 duration=149.696033
08-22 17:17:36.739 D/MpvBridgeModule(17565): [PlaybackTrace][Bridge][getDuration] ptr=131217388352464 duration=149.69603333333333
08-22 17:17:37.291 I/MpvJNI  (17565): [PlaybackTrace][Native][getDuration] result=0 duration=149.696033
08-22 17:17:37.291 D/MpvBridgeModule(17565): [PlaybackTrace][Bridge][getDuration] ptr=131217388352464 duration=149.69603333333333
08-22 17:17:37.291 D/MpvBridgeModule(17565): [PlaybackTrace][Bridge][getPlaybackState] ptr=131217388352464 state=playing idle=false eof=false pause=false
08-22 17:17:37.337 I/MpvJNI  (17565): [PlaybackTrace][Native][getDuration] result=0 duration=149.696033
08-22 17:17:37.338 D/MpvBridgeModule(17565): [PlaybackTrace][Bridge][getDuration] ptr=131217388352464 duration=149.69603333333333
08-22 17:17:37.718 I/MpvJNI  (17565): [PlaybackTrace][Native][getDuration] result=0 duration=149.696033
08-22 17:17:37.718 D/MpvBridgeModule(17565): [PlaybackTrace][Bridge][getDuration] ptr=131217388352464 duration=149.69603333333333
08-22 17:17:37.719 D/MpvBridgeModule(17565): [PlaybackTrace][Bridge][getPlaybackState] ptr=131217388352464 state=playing idle=false eof=false pause=false
08-22 17:17:37.735 D/MediaSessionService(  695): onSessionPlaybackStateChanged: record=com.simba.player/MediaNotification/27 (userId=0) playbackState=PlaybackState {state=PLAYING(3), position=25, buffered position=0, speed=1.0, updated=155154606, actions=823, custom actions=[], active item id=-1, error=null}
08-22 17:17:37.753 I/MpvEvent(17565): [PlaybackTrace][Native][property] name=demuxer-cache-state format=6 value=null
08-22 17:17:37.753 I/MpvEvent(17565): [PlaybackTrace][Native][dispatch:property] name=demuxer-cache-state value=null
08-22 17:17:37.753 D/MPVLib  (17565): onNativePropertyChanged: demuxer-cache-state = null
08-22 17:17:37.753 I/MpvBridgeModule(17565): [PlaybackTrace][Bridge][listener:property] name=demuxer-cache-state value=null
08-22 17:17:37.759 I/MpvJNI  (17565): [PlaybackTrace][Native][getDuration] result=0 duration=149.696033
08-22 17:17:37.759 D/MpvBridgeModule(17565): [PlaybackTrace][Bridge][getDuration] ptr=131217388352464 duration=149.69603333333333
08-22 17:17:38.003 I/MpvEvent(17565): [PlaybackTrace][Native][property] name=demuxer-cache-state format=6 value=null
08-22 17:17:38.003 I/MpvEvent(17565): [PlaybackTrace][Native][dispatch:property] name=demuxer-cache-state value=null
08-22 17:17:38.003 D/MPVLib  (17565): onNativePropertyChanged: demuxer-cache-state = null
08-22 17:17:38.003 I/MpvBridgeModule(17565): [PlaybackTrace][Bridge][listener:property] name=demuxer-cache-state value=null
08-22 17:17:38.009 I/MpvJNI  (17565): [PlaybackTrace][Native][getDuration] result=0 duration=149.696033
08-22 17:17:38.009 D/MpvBridgeModule(17565): [PlaybackTrace][Bridge][getDuration] ptr=131217388352464 duration=149.69603333333333
08-22 17:17:38.024 I/MpvEvent(17565): [PlaybackTrace][Native][property] name=demuxer-cache-state format=6 value=null
08-22 17:17:38.024 I/MpvEvent(17565): [PlaybackTrace][Native][dispatch:property] name=demuxer-cache-state value=null
08-22 17:17:38.024 D/MPVLib  (17565): onNativePropertyChanged: demuxer-cache-state = null
08-22 17:17:38.024 I/MpvBridgeModule(17565): [PlaybackTrace][Bridge][listener:property] name=demuxer-cache-state value=null
08-22 17:17:38.162 I/MpvJNI  (17565): [PlaybackTrace][Native][getDuration] result=0 duration=149.696033
08-22 17:17:38.162 D/MpvBridgeModule(17565): [PlaybackTrace][Bridge][getDuration] ptr=131217388352464 duration=149.69603333333333
08-22 17:17:38.275 I/MpvEvent(17565): [PlaybackTrace][Native][property] name=demuxer-cache-state format=6 value=null
08-22 17:17:38.275 I/MpvEvent(17565): [PlaybackTrace][Native][dispatch:property] name=demuxer-cache-state value=null
08-22 17:17:38.277 D/MPVLib  (17565): onNativePropertyChanged: demuxer-cache-state = null
08-22 17:17:38.277 I/MpvBridgeModule(17565): [PlaybackTrace][Bridge][listener:property] name=demuxer-cache-state value=null
08-22 17:17:38.283 I/MpvJNI  (17565): [PlaybackTrace][Native][getDuration] result=0 duration=149.696033
08-22 17:17:38.284 D/MpvBridgeModule(17565): [PlaybackTrace][Bridge][getDuration] ptr=131217388352464 duration=149.69603333333333
08-22 17:17:38.378 I/MpvJNI  (17565): [PlaybackTrace][Native][getDuration] result=0 duration=149.696033
08-22 17:17:38.378 D/MpvBridgeModule(17565): [PlaybackTrace][Bridge][getDuration] ptr=131217388352464 duration=149.69603333333333
08-22 17:17:38.378 D/MpvBridgeModule(17565): [PlaybackTrace][Bridge][getPlaybackState] ptr=131217388352464 state=playing idle=false eof=false pause=false
08-22 17:17:38.415 I/MpvJNI  (17565): [PlaybackTrace][Native][getDuration] result=0 duration=149.696033
08-22 17:17:38.415 D/MpvBridgeModule(17565): [PlaybackTrace][Bridge][getDuration] ptr=131217388352464 duration=149.69603333333333
08-22 17:17:38.737 I/MpvJNI  (17565): [PlaybackTrace][Native][getDuration] result=0 duration=149.696033
08-22 17:17:38.737 D/MpvBridgeModule(17565): [PlaybackTrace][Bridge][getDuration] ptr=131217388352464 duration=149.69603333333333
08-22 17:17:38.737 D/MpvBridgeModule(17565): [PlaybackTrace][Bridge][getPlaybackState] ptr=131217388352464 state=playing idle=false eof=false pause=false
08-22 17:17:38.754 I/MpvEvent(17565): [PlaybackTrace][Native][property] name=demuxer-cache-state format=6 value=null
08-22 17:17:38.754 I/MpvEvent(17565): [PlaybackTrace][Native][dispatch:property] name=demuxer-cache-state value=null
08-22 17:17:38.754 D/MPVLib  (17565): onNativePropertyChanged: demuxer-cache-state = null
08-22 17:17:38.754 I/MpvBridgeModule(17565): [PlaybackTrace][Bridge][listener:property] name=demuxer-cache-state value=null
08-22 17:17:38.757 D/MediaSessionService(  695): onSessionPlaybackStateChanged: record=com.simba.player/MediaNotification/27 (userId=0) playbackState=PlaybackState {state=PLAYING(3), position=26, buffered position=0, speed=1.0, updated=155155628, actions=823, custom actions=[], active item id=-1, error=null}
08-22 17:17:38.764 I/MpvJNI  (17565): [PlaybackTrace][Native][getDuration] result=0 duration=149.696033
08-22 17:17:38.764 D/MpvBridgeModule(17565): [PlaybackTrace][Bridge][getDuration] ptr=131217388352464 duration=149.69603333333333
08-22 17:17:39.005 I/MpvEvent(17565): [PlaybackTrace][Native][property] name=demuxer-cache-state format=6 value=null
08-22 17:17:39.005 I/MpvEvent(17565): [PlaybackTrace][Native][dispatch:property] name=demuxer-cache-state value=null
08-22 17:17:39.006 D/MPVLib  (17565): onNativePropertyChanged: demuxer-cache-state = null
08-22 17:17:39.006 I/MpvBridgeModule(17565): [PlaybackTrace][Bridge][listener:property] name=demuxer-cache-state value=null
08-22 17:17:39.009 I/MpvJNI  (17565): [PlaybackTrace][Native][getDuration] result=0 duration=149.696033
08-22 17:17:39.009 D/MpvBridgeModule(17565): [PlaybackTrace][Bridge][getDuration] ptr=131217388352464 duration=149.69603333333333
08-22 17:17:39.302 I/MpvJNI  (17565): [PlaybackTrace][Native][getDuration] result=0 duration=149.696033
08-22 17:17:39.302 D/MpvBridgeModule(17565): [PlaybackTrace][Bridge][getDuration] ptr=131217388352464 duration=149.69603333333333
08-22 17:17:39.302 D/MpvBridgeModule(17565): [PlaybackTrace][Bridge][getPlaybackState] ptr=131217388352464 state=playing idle=false eof=false pause=false
08-22 17:17:39.305 I/MpvJNI  (17565): [PlaybackTrace][Native][getDuration] result=0 duration=149.696033
08-22 17:17:39.305 D/MpvBridgeModule(17565): [PlaybackTrace][Bridge][getDuration] ptr=131217388352464 duration=149.69603333333333
08-22 17:17:39.752 I/MpvJNI  (17565): [PlaybackTrace][Native][getDuration] result=0 duration=149.696033
08-22 17:17:39.752 D/MpvBridgeModule(17565): [PlaybackTrace][Bridge][getDuration] ptr=131217388352464 duration=149.69603333333333
08-22 17:17:39.752 D/MpvBridgeModule(17565): [PlaybackTrace][Bridge][getPlaybackState] ptr=131217388352464 state=playing idle=false eof=false pause=false
08-22 17:17:39.766 D/MediaSessionService(  695): onSessionPlaybackStateChanged: record=com.simba.player/MediaNotification/27 (userId=0) playbackState=PlaybackState {state=PLAYING(3), position=27, buffered position=0, speed=1.0, updated=155156637, actions=823, custom actions=[], active item id=-1, error=null}
08-22 17:17:40.113 I/MpvEvent(17565): [PlaybackTrace][Native][property] name=demuxer-cache-state format=6 value=null
08-22 17:17:40.113 I/MpvEvent(17565): [PlaybackTrace][Native][dispatch:property] name=demuxer-cache-state value=null
08-22 17:17:40.113 D/MPVLib  (17565): onNativePropertyChanged: demuxer-cache-state = null
08-22 17:17:40.113 I/MpvBridgeModule(17565): [PlaybackTrace][Bridge][listener:property] name=demuxer-cache-state value=null
08-22 17:17:40.116 I/MpvJNI  (17565): [PlaybackTrace][Native][getDuration] result=0 duration=149.696033
08-22 17:17:40.116 D/MpvBridgeModule(17565): [PlaybackTrace][Bridge][getDuration] ptr=131217388352464 duration=149.69603333333333
08-22 17:17:40.318 I/MpvJNI  (17565): [PlaybackTrace][Native][getDuration] result=0 duration=149.696033
08-22 17:17:40.318 D/MpvBridgeModule(17565): [PlaybackTrace][Bridge][getDuration] ptr=131217388352464 duration=149.69603333333333
08-22 17:17:40.319 D/MpvBridgeModule(17565): [PlaybackTrace][Bridge][getPlaybackState] ptr=131217388352464 state=playing idle=false eof=false pause=false
08-22 17:17:40.321 I/MpvJNI  (17565): [PlaybackTrace][Native][getDuration] result=0 duration=149.696033
08-22 17:17:40.321 D/MpvBridgeModule(17565): [PlaybackTrace][Bridge][getDuration] ptr=131217388352464 duration=149.69603333333333
08-22 17:17:40.364 I/MpvEvent(17565): [PlaybackTrace][Native][property] name=demuxer-cache-state format=6 value=null
08-22 17:17:40.364 I/MpvEvent(17565): [PlaybackTrace][Native][dispatch:property] name=demuxer-cache-state value=null
08-22 17:17:40.365 D/MPVLib  (17565): onNativePropertyChanged: demuxer-cache-state = null
08-22 17:17:40.365 I/MpvBridgeModule(17565): [PlaybackTrace][Bridge][listener:property] name=demuxer-cache-state value=null
08-22 17:17:40.481 I/MpvJNI  (17565): [PlaybackTrace][Native][getDuration] result=0 duration=149.696033
08-22 17:17:40.481 D/MpvBridgeModule(17565): [PlaybackTrace][Bridge][getDuration] ptr=131217388352464 duration=149.69603333333333
08-22 17:17:40.769 I/MpvJNI  (17565): [PlaybackTrace][Native][getDuration] result=0 duration=149.696033
08-22 17:17:40.769 D/MpvBridgeModule(17565): [PlaybackTrace][Bridge][getDuration] ptr=131217388352464 duration=149.69603333333333
08-22 17:17:40.770 D/MpvBridgeModule(17565): [PlaybackTrace][Bridge][getPlaybackState] ptr=131217388352464 state=playing idle=false eof=false pause=false
08-22 17:17:40.801 D/MediaSessionService(  695): onSessionPlaybackStateChanged: record=com.simba.player/MediaNotification/27 (userId=0) playbackState=PlaybackState {state=PLAYING(3), position=28, buffered position=0, speed=1.0, updated=155157672, actions=823, custom actions=[], active item id=-1, error=null}
08-22 17:17:41.335 I/MpvJNI  (17565): [PlaybackTrace][Native][getDuration] result=0 duration=149.696033
08-22 17:17:41.335 D/MpvBridgeModule(17565): [PlaybackTrace][Bridge][getDuration] ptr=131217388352464 duration=149.69603333333333
08-22 17:17:41.335 D/MpvBridgeModule(17565): [PlaybackTrace][Bridge][getPlaybackState] ptr=131217388352464 state=playing idle=false eof=false pause=false
08-22 17:17:41.339 I/MpvJNI  (17565): [PlaybackTrace][Native][getDuration] result=0 duration=149.696033
08-22 17:17:41.339 D/MpvBridgeModule(17565): [PlaybackTrace][Bridge][getDuration] ptr=131217388352464 duration=149.69603333333333
08-22 17:17:41.470 I/MpvEvent(17565): [PlaybackTrace][Native][property] name=demuxer-cache-state format=6 value=null
08-22 17:17:41.470 I/MpvEvent(17565): [PlaybackTrace][Native][dispatch:property] name=demuxer-cache-state value=null
08-22 17:17:41.471 D/MPVLib  (17565): onNativePropertyChanged: demuxer-cache-state = null
08-22 17:17:41.471 I/MpvBridgeModule(17565): [PlaybackTrace][Bridge][listener:property] name=demuxer-cache-state value=null
08-22 17:17:41.531 I/MpvJNI  (17565): [PlaybackTrace][Native][getDuration] result=0 duration=149.696033
08-22 17:17:41.531 D/MpvBridgeModule(17565): [PlaybackTrace][Bridge][getDuration] ptr=131217388352464 duration=149.69603333333333
08-22 17:17:41.721 I/MpvEvent(17565): [PlaybackTrace][Native][property] name=demuxer-cache-state format=6 value=null
08-22 17:17:41.721 I/MpvEvent(17565): [PlaybackTrace][Native][dispatch:property] name=demuxer-cache-state value=null
08-22 17:17:41.722 D/MPVLib  (17565): onNativePropertyChanged: demuxer-cache-state = null
08-22 17:17:41.722 I/MpvBridgeModule(17565): [PlaybackTrace][Bridge][listener:property] name=demuxer-cache-state value=null
08-22 17:17:41.725 I/MpvJNI  (17565): [PlaybackTrace][Native][getDuration] result=0 duration=149.696033
08-22 17:17:41.725 D/MpvBridgeModule(17565): [PlaybackTrace][Bridge][getDuration] ptr=131217388352464 duration=149.69603333333333
08-22 17:17:41.907 I/MpvJNI  (17565): [PlaybackTrace][Native][getDuration] result=0 duration=149.696033
08-22 17:17:41.907 D/MpvBridgeModule(17565): [PlaybackTrace][Bridge][getDuration] ptr=131217388352464 duration=149.69603333333333
08-22 17:17:41.907 D/MpvBridgeModule(17565): [PlaybackTrace][Bridge][getPlaybackState] ptr=131217388352464 state=playing idle=false eof=false pause=false
08-22 17:17:41.938 D/MediaSessionService(  695): onSessionPlaybackStateChanged: record=com.simba.player/MediaNotification/27 (userId=0) playbackState=PlaybackState {state=PLAYING(3), position=29, buffered position=0, speed=1.0, updated=155158809, actions=823, custom actions=[], active item id=-1, error=null}
08-22 17:17:42.352 I/MpvJNI  (17565): [PlaybackTrace][Native][getDuration] result=0 duration=149.696033
08-22 17:17:42.353 D/MpvBridgeModule(17565): [PlaybackTrace][Bridge][getDuration] ptr=131217388352464 duration=149.69603333333333
08-22 17:17:42.353 D/MpvBridgeModule(17565): [PlaybackTrace][Bridge][getPlaybackState] ptr=131217388352464 state=playing idle=false eof=false pause=false
08-22 17:17:42.355 I/MpvJNI  (17565): [PlaybackTrace][Native][getDuration] result=0 duration=149.696033
08-22 17:17:42.355 D/MpvBridgeModule(17565): [PlaybackTrace][Bridge][getDuration] ptr=131217388352464 duration=149.69603333333333
08-22 17:17:42.803 I/MpvJNI  (17565): [PlaybackTrace][Native][getDuration] result=0 duration=149.696033
08-22 17:17:42.803 D/MpvBridgeModule(17565): [PlaybackTrace][Bridge][getDuration] ptr=131217388352464 duration=149.69603333333333
08-22 17:17:42.803 D/MpvBridgeModule(17565): [PlaybackTrace][Bridge][getPlaybackState] ptr=131217388352464 state=playing idle=false eof=false pause=false
08-22 17:17:42.823 D/MediaSessionService(  695): onSessionPlaybackStateChanged: record=com.simba.player/MediaNotification/27 (userId=0) playbackState=PlaybackState {state=PLAYING(3), position=30, buffered position=0, speed=1.0, updated=155159694, actions=823, custom actions=[], active item id=-1, error=null}
08-22 17:17:42.832 I/MpvEvent(17565): [PlaybackTrace][Native][property] name=demuxer-cache-state format=6 value=null
08-22 17:17:42.833 I/MpvEvent(17565): [PlaybackTrace][Native][dispatch:property] name=demuxer-cache-state value=null
08-22 17:17:42.833 D/MPVLib  (17565): onNativePropertyChanged: demuxer-cache-state = null
08-22 17:17:42.835 I/MpvBridgeModule(17565): [PlaybackTrace][Bridge][listener:property] name=demuxer-cache-state value=null
08-22 17:17:42.839 I/MpvJNI  (17565): [PlaybackTrace][Native][getDuration] result=0 duration=149.696033
08-22 17:17:42.840 D/MpvBridgeModule(17565): [PlaybackTrace][Bridge][getDuration] ptr=131217388352464 duration=149.69603333333333
08-22 17:17:43.083 I/MpvEvent(17565): [PlaybackTrace][Native][property] name=demuxer-cache-state format=6 value=null
08-22 17:17:43.083 I/MpvEvent(17565): [PlaybackTrace][Native][dispatch:property] name=demuxer-cache-state value=null
08-22 17:17:43.083 D/MPVLib  (17565): onNativePropertyChanged: demuxer-cache-state = null
08-22 17:17:43.084 I/MpvBridgeModule(17565): [PlaybackTrace][Bridge][listener:property] name=demuxer-cache-state value=null
08-22 17:17:43.089 I/MpvJNI  (17565): [PlaybackTrace][Native][getDuration] result=0 duration=149.696033
08-22 17:17:43.089 D/MpvBridgeModule(17565): [PlaybackTrace][Bridge][getDuration] ptr=131217388352464 duration=149.69603333333333
08-22 17:17:43.379 I/MpvJNI  (17565): [PlaybackTrace][Native][getDuration] result=0 duration=149.696033
08-22 17:17:43.379 D/MpvBridgeModule(17565): [PlaybackTrace][Bridge][getDuration] ptr=131217388352464 duration=149.69603333333333
08-22 17:17:43.379 D/MpvBridgeModule(17565): [PlaybackTrace][Bridge][getPlaybackState] ptr=131217388352464 state=playing idle=false eof=false pause=false
08-22 17:17:43.382 I/MpvJNI  (17565): [PlaybackTrace][Native][getDuration] result=0 duration=149.696033
08-22 17:17:43.383 D/MpvBridgeModule(17565): [PlaybackTrace][Bridge][getDuration] ptr=131217388352464 duration=149.69603333333333
08-22 17:17:43.820 I/MpvJNI  (17565): [PlaybackTrace][Native][getDuration] result=0 duration=149.696033
08-22 17:17:43.821 D/MpvBridgeModule(17565): [PlaybackTrace][Bridge][getDuration] ptr=131217388352464 duration=149.69603333333333
08-22 17:17:43.821 D/MpvBridgeModule(17565): [PlaybackTrace][Bridge][getPlaybackState] ptr=131217388352464 state=playing idle=false eof=false pause=false
08-22 17:17:43.835 D/MediaSessionService(  695): onSessionPlaybackStateChanged: record=com.simba.player/MediaNotification/27 (userId=0) playbackState=PlaybackState {state=PLAYING(3), position=31, buffered position=0, speed=1.0, updated=155160706, actions=823, custom actions=[], active item id=-1, error=null}
08-22 17:17:44.191 I/MpvEvent(17565): [PlaybackTrace][Native][property] name=demuxer-cache-state format=6 value=null
08-22 17:17:44.191 I/MpvEvent(17565): [PlaybackTrace][Native][dispatch:property] name=demuxer-cache-state value=null
08-22 17:17:44.192 D/MPVLib  (17565): onNativePropertyChanged: demuxer-cache-state = null
08-22 17:17:44.192 I/MpvBridgeModule(17565): [PlaybackTrace][Bridge][listener:property] name=demuxer-cache-state value=null
08-22 17:17:44.201 I/MpvJNI  (17565): [PlaybackTrace][Native][getDuration] result=0 duration=149.696033
08-22 17:17:44.201 D/MpvBridgeModule(17565): [PlaybackTrace][Bridge][getDuration] ptr=131217388352464 duration=149.69603333333333
08-22 17:17:44.387 I/MpvJNI  (17565): [PlaybackTrace][Native][getDuration] result=0 duration=149.696033
08-22 17:17:44.387 D/MpvBridgeModule(17565): [PlaybackTrace][Bridge][getDuration] ptr=131217388352464 duration=149.69603333333333
08-22 17:17:44.387 D/MpvBridgeModule(17565): [PlaybackTrace][Bridge][getPlaybackState] ptr=131217388352464 state=playing idle=false eof=false pause=false
08-22 17:17:44.396 I/MpvJNI  (17565): [PlaybackTrace][Native][getDuration] result=0 duration=149.696033
08-22 17:17:44.396 D/MpvBridgeModule(17565): [PlaybackTrace][Bridge][getDuration] ptr=131217388352464 duration=149.69603333333333
08-22 17:17:44.442 I/MpvEvent(17565): [PlaybackTrace][Native][property] name=demuxer-cache-state format=6 value=null
08-22 17:17:44.442 I/MpvEvent(17565): [PlaybackTrace][Native][dispatch:property] name=demuxer-cache-state value=null
08-22 17:17:44.442 D/MPVLib  (17565): onNativePropertyChanged: demuxer-cache-state = null
08-22 17:17:44.442 I/MpvBridgeModule(17565): [PlaybackTrace][Bridge][listener:property] name=demuxer-cache-state value=null
08-22 17:17:44.539 I/MpvJNI  (17565): [PlaybackTrace][Native][getDuration] result=0 duration=149.696033
08-22 17:17:44.540 D/MpvBridgeModule(17565): [PlaybackTrace][Bridge][getDuration] ptr=131217388352464 duration=149.69603333333333
08-22 17:17:44.837 I/MpvJNI  (17565): [PlaybackTrace][Native][getDuration] result=0 duration=149.696033
08-22 17:17:44.837 D/MpvBridgeModule(17565): [PlaybackTrace][Bridge][getDuration] ptr=131217388352464 duration=149.69603333333333
08-22 17:17:44.837 D/MpvBridgeModule(17565): [PlaybackTrace][Bridge][getPlaybackState] ptr=131217388352464 state=playing idle=false eof=false pause=false
08-22 17:17:44.858 D/MediaSessionService(  695): onSessionPlaybackStateChanged: record=com.simba.player/MediaNotification/27 (userId=0) playbackState=PlaybackState {state=PLAYING(3), position=32, buffered position=0, speed=1.0, updated=155161729, actions=823, custom actions=[], active item id=-1, error=null}
08-22 17:17:45.368 I/MpvEvent(17565): [PlaybackTrace][Native][property] name=demuxer-cache-state format=6 value=null
08-22 17:17:45.368 I/MpvEvent(17565): [PlaybackTrace][Native][dispatch:property] name=demuxer-cache-state value=null
08-22 17:17:45.368 D/MPVLib  (17565): onNativePropertyChanged: demuxer-cache-state = null
08-22 17:17:45.368 I/MpvBridgeModule(17565): [PlaybackTrace][Bridge][listener:property] name=demuxer-cache-state value=null
08-22 17:17:45.372 I/MpvJNI  (17565): [PlaybackTrace][Native][getDuration] result=0 duration=149.696033
08-22 17:17:45.372 D/MpvBridgeModule(17565): [PlaybackTrace][Bridge][getDuration] ptr=131217388352464 duration=149.69603333333333
08-22 17:17:45.536 I/MpvJNI  (17565): [PlaybackTrace][Native][getDuration] result=0 duration=149.696033
08-22 17:17:45.536 D/MpvBridgeModule(17565): [PlaybackTrace][Bridge][getDuration] ptr=131217388352464 duration=149.69603333333333
08-22 17:17:45.536 D/MpvBridgeModule(17565): [PlaybackTrace][Bridge][getPlaybackState] ptr=131217388352464 state=playing idle=false eof=false pause=false
08-22 17:17:45.545 I/MpvJNI  (17565): [PlaybackTrace][Native][getDuration] result=0 duration=149.696033
08-22 17:17:45.545 D/MpvBridgeModule(17565): [PlaybackTrace][Bridge][getDuration] ptr=131217388352464 duration=149.69603333333333
08-22 17:17:45.620 I/MpvEvent(17565): [PlaybackTrace][Native][property] name=demuxer-cache-state format=6 value=null
08-22 17:17:45.620 I/MpvEvent(17565): [PlaybackTrace][Native][dispatch:property] name=demuxer-cache-state value=null
08-22 17:17:45.620 D/MPVLib  (17565): onNativePropertyChanged: demuxer-cache-state = null
08-22 17:17:45.621 I/MpvBridgeModule(17565): [PlaybackTrace][Bridge][listener:property] name=demuxer-cache-state value=null
08-22 17:17:45.687 I/MpvJNI  (17565): [PlaybackTrace][Native][getDuration] result=0 duration=149.696033
08-22 17:17:45.687 D/MpvBridgeModule(17565): [PlaybackTrace][Bridge][getDuration] ptr=131217388352464 duration=149.69603333333333
08-22 17:17:45.860 I/MpvJNI  (17565): [PlaybackTrace][Native][getDuration] result=0 duration=149.696033
08-22 17:17:45.860 D/MpvBridgeModule(17565): [PlaybackTrace][Bridge][getDuration] ptr=131217388352464 duration=149.69603333333333
08-22 17:17:45.860 D/MpvBridgeModule(17565): [PlaybackTrace][Bridge][getPlaybackState] ptr=131217388352464 state=playing idle=false eof=false pause=false
08-22 17:17:45.874 D/MediaSessionService(  695): onSessionPlaybackStateChanged: record=com.simba.player/MediaNotification/27 (userId=0) playbackState=PlaybackState {state=PLAYING(3), position=34, buffered position=0, speed=1.0, updated=155162745, actions=823, custom actions=[], active item id=-1, error=null}
08-22 17:17:46.419 I/MpvJNI  (17565): [PlaybackTrace][Native][getDuration] result=0 duration=149.696033
08-22 17:17:46.419 D/MpvBridgeModule(17565): [PlaybackTrace][Bridge][getDuration] ptr=131217388352464 duration=149.69603333333333
08-22 17:17:46.419 D/MpvBridgeModule(17565): [PlaybackTrace][Bridge][getPlaybackState] ptr=131217388352464 state=playing idle=false eof=false pause=false
08-22 17:17:46.422 I/MpvJNI  (17565): [PlaybackTrace][Native][getDuration] result=0 duration=149.696033
08-22 17:17:46.422 D/MpvBridgeModule(17565): [PlaybackTrace][Bridge][getDuration] ptr=131217388352464 duration=149.69603333333333
08-22 17:17:46.728 I/MpvEvent(17565): [PlaybackTrace][Native][property] name=demuxer-cache-state format=6 value=null
08-22 17:17:46.728 I/MpvEvent(17565): [PlaybackTrace][Native][dispatch:property] name=demuxer-cache-state value=null
08-22 17:17:46.728 D/MPVLib  (17565): onNativePropertyChanged: demuxer-cache-state = null
08-22 17:17:46.728 I/MpvBridgeModule(17565): [PlaybackTrace][Bridge][listener:property] name=demuxer-cache-state value=null
08-22 17:17:46.733 I/MpvJNI  (17565): [PlaybackTrace][Native][getDuration] result=0 duration=149.696033
08-22 17:17:46.733 D/MpvBridgeModule(17565): [PlaybackTrace][Bridge][getDuration] ptr=131217388352464 duration=149.69603333333333
08-22 17:17:46.875 I/MpvJNI  (17565): [PlaybackTrace][Native][getDuration] result=0 duration=149.696033
08-22 17:17:46.875 D/MpvBridgeModule(17565): [PlaybackTrace][Bridge][getDuration] ptr=131217388352464 duration=149.69603333333333
08-22 17:17:46.876 D/MpvBridgeModule(17565): [PlaybackTrace][Bridge][getPlaybackState] ptr=131217388352464 state=playing idle=false eof=false pause=false
08-22 17:17:46.896 D/MediaSessionService(  695): onSessionPlaybackStateChanged: record=com.simba.player/MediaNotification/27 (userId=0) playbackState=PlaybackState {state=PLAYING(3), position=34, buffered position=0, speed=1.0, updated=155163767, actions=823, custom actions=[], active item id=-1, error=null}
08-22 17:17:46.976 I/MpvEvent(17565): [PlaybackTrace][Native][property] name=demuxer-cache-state format=6 value=null
08-22 17:17:46.976 I/MpvEvent(17565): [PlaybackTrace][Native][dispatch:property] name=demuxer-cache-state value=null
08-22 17:17:46.976 D/MPVLib  (17565): onNativePropertyChanged: demuxer-cache-state = null
08-22 17:17:46.976 I/MpvBridgeModule(17565): [PlaybackTrace][Bridge][listener:property] name=demuxer-cache-state value=null
08-22 17:17:46.980 I/MpvJNI  (17565): [PlaybackTrace][Native][getDuration] result=0 duration=149.696033
08-22 17:17:46.980 D/MpvBridgeModule(17565): [PlaybackTrace][Bridge][getDuration] ptr=131217388352464 duration=149.69603333333333
08-22 17:17:47.168 I/system_server(  695): Background young concurrent mark compact GC freed 23MB AllocSpace bytes, 3(96KB) LOS objects, 38% free, 37MB/60MB, paused 8.826ms,57.984ms total 104.471ms
08-22 17:17:47.436 I/MpvJNI  (17565): [PlaybackTrace][Native][getDuration] result=0 duration=149.696033
08-22 17:17:47.436 D/MpvBridgeModule(17565): [PlaybackTrace][Bridge][getDuration] ptr=131217388352464 duration=149.69603333333333
08-22 17:17:47.436 D/MpvBridgeModule(17565): [PlaybackTrace][Bridge][getPlaybackState] ptr=131217388352464 state=playing idle=false eof=false pause=false
08-22 17:17:47.440 I/MpvJNI  (17565): [PlaybackTrace][Native][getDuration] result=0 duration=149.696033
08-22 17:17:47.441 D/MpvBridgeModule(17565): [PlaybackTrace][Bridge][getDuration] ptr=131217388352464 duration=149.69603333333333
08-22 17:17:47.887 I/MpvJNI  (17565): [PlaybackTrace][Native][getDuration] result=0 duration=149.696033
08-22 17:17:47.887 D/MpvBridgeModule(17565): [PlaybackTrace][Bridge][getDuration] ptr=131217388352464 duration=149.69603333333333
08-22 17:17:47.888 D/MpvBridgeModule(17565): [PlaybackTrace][Bridge][getPlaybackState] ptr=131217388352464 state=playing idle=false eof=false pause=false
08-22 17:17:47.911 D/MediaSessionService(  695): onSessionPlaybackStateChanged: record=com.simba.player/MediaNotification/27 (userId=0) playbackState=PlaybackState {state=PLAYING(3), position=35, buffered position=0, speed=1.0, updated=155164782, actions=823, custom actions=[], active item id=-1, error=null}
08-22 17:17:48.089 I/MpvEvent(17565): [PlaybackTrace][Native][property] name=demuxer-cache-state format=6 value=null
08-22 17:17:48.089 I/MpvEvent(17565): [PlaybackTrace][Native][dispatch:property] name=demuxer-cache-state value=null
08-22 17:17:48.089 D/MPVLib  (17565): onNativePropertyChanged: demuxer-cache-state = null
08-22 17:17:48.089 I/MpvBridgeModule(17565): [PlaybackTrace][Bridge][listener:property] name=demuxer-cache-state value=null
08-22 17:17:48.093 I/MpvJNI  (17565): [PlaybackTrace][Native][getDuration] result=0 duration=149.696033
08-22 17:17:48.094 D/MpvBridgeModule(17565): [PlaybackTrace][Bridge][getDuration] ptr=131217388352464 duration=149.69603333333333
08-22 17:17:48.335 I/MpvEvent(17565): [PlaybackTrace][Native][property] name=demuxer-cache-state format=6 value=null
08-22 17:17:48.335 I/MpvEvent(17565): [PlaybackTrace][Native][dispatch:property] name=demuxer-cache-state value=null
08-22 17:17:48.335 D/MPVLib  (17565): onNativePropertyChanged: demuxer-cache-state = null
08-22 17:17:48.335 I/MpvBridgeModule(17565): [PlaybackTrace][Bridge][listener:property] name=demuxer-cache-state value=null
08-22 17:17:48.338 I/MpvJNI  (17565): [PlaybackTrace][Native][getDuration] result=0 duration=149.696033
08-22 17:17:48.338 D/MpvBridgeModule(17565): [PlaybackTrace][Bridge][getDuration] ptr=131217388352464 duration=149.69603333333333
08-22 17:17:48.452 I/MpvJNI  (17565): [PlaybackTrace][Native][getDuration] result=0 duration=149.696033
08-22 17:17:48.452 D/MpvBridgeModule(17565): [PlaybackTrace][Bridge][getDuration] ptr=131217388352464 duration=149.69603333333333
08-22 17:17:48.453 D/MpvBridgeModule(17565): [PlaybackTrace][Bridge][getPlaybackState] ptr=131217388352464 state=playing idle=false eof=false pause=false
08-22 17:17:48.455 I/MpvJNI  (17565): [PlaybackTrace][Native][getDuration] result=0 duration=149.696033
08-22 17:17:48.455 D/MpvBridgeModule(17565): [PlaybackTrace][Bridge][getDuration] ptr=131217388352464 duration=149.69603333333333
08-22 17:17:48.902 I/MpvJNI  (17565): [PlaybackTrace][Native][getDuration] result=0 duration=149.696033
08-22 17:17:48.903 D/MpvBridgeModule(17565): [PlaybackTrace][Bridge][getDuration] ptr=131217388352464 duration=149.69603333333333
08-22 17:17:48.903 D/MpvBridgeModule(17565): [PlaybackTrace][Bridge][getPlaybackState] ptr=131217388352464 state=playing idle=false eof=false pause=false
08-22 17:17:48.923 D/MediaSessionService(  695): onSessionPlaybackStateChanged: record=com.simba.player/MediaNotification/27 (userId=0) playbackState=PlaybackState {state=PLAYING(3), position=37, buffered position=0, speed=1.0, updated=155165794, actions=823, custom actions=[], active item id=-1, error=null}
08-22 17:17:49.268 I/MpvEvent(17565): [PlaybackTrace][Native][property] name=demuxer-cache-state format=6 value=null
08-22 17:17:49.268 I/MpvEvent(17565): [PlaybackTrace][Native][dispatch:property] name=demuxer-cache-state value=null
08-22 17:17:49.269 D/MPVLib  (17565): onNativePropertyChanged: demuxer-cache-state = null
08-22 17:17:49.269 I/MpvBridgeModule(17565): [PlaybackTrace][Bridge][listener:property] name=demuxer-cache-state value=null
08-22 17:17:49.272 I/MpvJNI  (17565): [PlaybackTrace][Native][getDuration] result=0 duration=149.696033
08-22 17:17:49.272 D/MpvBridgeModule(17565): [PlaybackTrace][Bridge][getDuration] ptr=131217388352464 duration=149.69603333333333
08-22 17:17:49.279 I/ndroid.systemui( 1209): Background young concurrent mark compact GC freed 12MB AllocSpace bytes, 63(8352KB) LOS objects, 37% free, 36MB/58MB, paused 1.668ms,75.595ms total 97.487ms
08-22 17:17:49.469 I/MpvJNI  (17565): [PlaybackTrace][Native][getDuration] result=0 duration=149.696033
08-22 17:17:49.469 D/MpvBridgeModule(17565): [PlaybackTrace][Bridge][getDuration] ptr=131217388352464 duration=149.69603333333333
08-22 17:17:49.469 D/MpvBridgeModule(17565): [PlaybackTrace][Bridge][getPlaybackState] ptr=131217388352464 state=playing idle=false eof=false pause=false
08-22 17:17:49.471 I/MpvJNI  (17565): [PlaybackTrace][Native][getDuration] result=0 duration=149.696033
08-22 17:17:49.472 D/MpvBridgeModule(17565): [PlaybackTrace][Bridge][getDuration] ptr=131217388352464 duration=149.69603333333333
08-22 17:17:49.520 I/MpvEvent(17565): [PlaybackTrace][Native][property] name=demuxer-cache-state format=6 value=null
08-22 17:17:49.520 I/MpvEvent(17565): [PlaybackTrace][Native][dispatch:property] name=demuxer-cache-state value=null
08-22 17:17:49.520 D/MPVLib  (17565): onNativePropertyChanged: demuxer-cache-state = null
08-22 17:17:49.520 I/MpvBridgeModule(17565): [PlaybackTrace][Bridge][listener:property] name=demuxer-cache-state value=null
08-22 17:17:49.598 I/MpvJNI  (17565): [PlaybackTrace][Native][getDuration] result=0 duration=149.696033
08-22 17:17:49.598 D/MpvBridgeModule(17565): [PlaybackTrace][Bridge][getDuration] ptr=131217388352464 duration=149.69603333333333
08-22 17:17:49.922 I/MpvJNI  (17565): [PlaybackTrace][Native][getDuration] result=0 duration=149.696033
08-22 17:17:49.922 D/MpvBridgeModule(17565): [PlaybackTrace][Bridge][getDuration] ptr=131217388352464 duration=149.69603333333333
08-22 17:17:49.922 D/MpvBridgeModule(17565): [PlaybackTrace][Bridge][getPlaybackState] ptr=131217388352464 state=playing idle=false eof=false pause=false
08-22 17:17:49.954 D/MediaSessionService(  695): onSessionPlaybackStateChanged: record=com.simba.player/MediaNotification/27 (userId=0) playbackState=PlaybackState {state=PLAYING(3), position=38, buffered position=0, speed=1.0, updated=155166825, actions=823, custom actions=[], active item id=-1, error=null}
08-22 17:17:50.485 I/MpvJNI  (17565): [PlaybackTrace][Native][getDuration] result=0 duration=149.696033
08-22 17:17:50.485 D/MpvBridgeModule(17565): [PlaybackTrace][Bridge][getDuration] ptr=131217388352464 duration=149.69603333333333
08-22 17:17:50.486 D/MpvBridgeModule(17565): [PlaybackTrace][Bridge][getPlaybackState] ptr=131217388352464 state=playing idle=false eof=false pause=false
08-22 17:17:50.488 I/MpvJNI  (17565): [PlaybackTrace][Native][getDuration] result=0 duration=149.696033
08-22 17:17:50.488 D/MpvBridgeModule(17565): [PlaybackTrace][Bridge][getDuration] ptr=131217388352464 duration=149.69603333333333
08-22 17:17:50.627 I/MpvEvent(17565): [PlaybackTrace][Native][property] name=demuxer-cache-state format=6 value=null
08-22 17:17:50.627 I/MpvEvent(17565): [PlaybackTrace][Native][dispatch:property] name=demuxer-cache-state value=null
08-22 17:17:50.627 D/MPVLib  (17565): onNativePropertyChanged: demuxer-cache-state = null
08-22 17:17:50.628 I/MpvBridgeModule(17565): [PlaybackTrace][Bridge][listener:property] name=demuxer-cache-state value=null
08-22 17:17:50.636 I/MpvJNI  (17565): [PlaybackTrace][Native][getDuration] result=0 duration=149.696033
08-22 17:17:50.636 D/MpvBridgeModule(17565): [PlaybackTrace][Bridge][getDuration] ptr=131217388352464 duration=149.69603333333333
08-22 17:17:50.880 I/MpvEvent(17565): [PlaybackTrace][Native][property] name=demuxer-cache-state format=6 value=null
08-22 17:17:50.880 I/MpvEvent(17565): [PlaybackTrace][Native][dispatch:property] name=demuxer-cache-state value=null
08-22 17:17:50.880 D/MPVLib  (17565): onNativePropertyChanged: demuxer-cache-state = null
08-22 17:17:50.881 I/MpvBridgeModule(17565): [PlaybackTrace][Bridge][listener:property] name=demuxer-cache-state value=null
08-22 17:17:50.895 I/MpvJNI  (17565): [PlaybackTrace][Native][getDuration] result=0 duration=149.696033
08-22 17:17:50.896 D/MpvBridgeModule(17565): [PlaybackTrace][Bridge][getDuration] ptr=131217388352464 duration=149.69603333333333
08-22 17:17:51.039 I/MpvJNI  (17565): [PlaybackTrace][Native][getDuration] result=0 duration=149.696033
08-22 17:17:51.039 D/MpvBridgeModule(17565): [PlaybackTrace][Bridge][getDuration] ptr=131217388352464 duration=149.69603333333333
08-22 17:17:51.039 D/MpvBridgeModule(17565): [PlaybackTrace][Bridge][getPlaybackState] ptr=131217388352464 state=playing idle=false eof=false pause=false
08-22 17:17:51.059 D/MediaSessionService(  695): onSessionPlaybackStateChanged: record=com.simba.player/MediaNotification/27 (userId=0) playbackState=PlaybackState {state=PLAYING(3), position=39, buffered position=0, speed=1.0, updated=155167929, actions=823, custom actions=[], active item id=-1, error=null}
08-22 17:17:51.514 I/MpvJNI  (17565): [PlaybackTrace][Native][getDuration] result=0 duration=149.696033
08-22 17:17:51.514 D/MpvBridgeModule(17565): [PlaybackTrace][Bridge][getDuration] ptr=131217388352464 duration=149.69603333333333
08-22 17:17:51.514 D/MpvBridgeModule(17565): [PlaybackTrace][Bridge][getPlaybackState] ptr=131217388352464 state=playing idle=false eof=false pause=false
08-22 17:17:51.551 I/MpvJNI  (17565): [PlaybackTrace][Native][getDuration] result=0 duration=149.696033
08-22 17:17:51.551 D/MpvBridgeModule(17565): [PlaybackTrace][Bridge][getDuration] ptr=131217388352464 duration=149.69603333333333
08-22 17:17:51.956 I/MpvJNI  (17565): [PlaybackTrace][Native][getDuration] result=0 duration=149.696033
08-22 17:17:51.956 D/MpvBridgeModule(17565): [PlaybackTrace][Bridge][getDuration] ptr=131217388352464 duration=149.69603333333333
08-22 17:17:51.956 D/MpvBridgeModule(17565): [PlaybackTrace][Bridge][getPlaybackState] ptr=131217388352464 state=playing idle=false eof=false pause=false
08-22 17:17:51.981 D/MediaSessionService(  695): onSessionPlaybackStateChanged: record=com.simba.player/MediaNotification/27 (userId=0) playbackState=PlaybackState {state=PLAYING(3), position=40, buffered position=0, speed=1.0, updated=155168852, actions=823, custom actions=[], active item id=-1, error=null}
08-22 17:17:51.991 I/MpvEvent(17565): [PlaybackTrace][Native][property] name=demuxer-cache-state format=6 value=null
08-22 17:17:51.991 I/MpvEvent(17565): [PlaybackTrace][Native][dispatch:property] name=demuxer-cache-state value=null
08-22 17:17:51.991 D/MPVLib  (17565): onNativePropertyChanged: demuxer-cache-state = null
08-22 17:17:51.991 I/MpvBridgeModule(17565): [PlaybackTrace][Bridge][listener:property] name=demuxer-cache-state value=null
08-22 17:17:51.997 I/MpvJNI  (17565): [PlaybackTrace][Native][getDuration] result=0 duration=149.696033
08-22 17:17:51.997 D/MpvBridgeModule(17565): [PlaybackTrace][Bridge][getDuration] ptr=131217388352464 duration=149.69603333333333
08-22 17:17:52.234 I/MpvEvent(17565): [PlaybackTrace][Native][property] name=demuxer-cache-state format=6 value=null
08-22 17:17:52.234 I/MpvEvent(17565): [PlaybackTrace][Native][dispatch:property] name=demuxer-cache-state value=null
08-22 17:17:52.234 D/MPVLib  (17565): onNativePropertyChanged: demuxer-cache-state = null
08-22 17:17:52.235 I/MpvBridgeModule(17565): [PlaybackTrace][Bridge][listener:property] name=demuxer-cache-state value=null
08-22 17:17:52.244 I/MpvJNI  (17565): [PlaybackTrace][Native][getDuration] result=0 duration=149.696033
08-22 17:17:52.245 D/MpvBridgeModule(17565): [PlaybackTrace][Bridge][getDuration] ptr=131217388352464 duration=149.69603333333333
08-22 17:17:52.734 I/MpvJNI  (17565): [PlaybackTrace][Native][getDuration] result=0 duration=149.696033
08-22 17:17:52.734 D/MpvBridgeModule(17565): [PlaybackTrace][Bridge][getDuration] ptr=131217388352464 duration=149.69603333333333
08-22 17:17:52.734 D/MpvBridgeModule(17565): [PlaybackTrace][Bridge][getPlaybackState] ptr=131217388352464 state=playing idle=false eof=false pause=false
08-22 17:17:52.765 I/MpvJNI  (17565): [PlaybackTrace][Native][getDuration] result=0 duration=149.696033
08-22 17:17:52.766 D/MpvBridgeModule(17565): [PlaybackTrace][Bridge][getDuration] ptr=131217388352464 duration=149.69603333333333
08-22 17:17:53.016 I/MpvJNI  (17565): [PlaybackTrace][Native][getDuration] result=0 duration=149.696033
08-22 17:17:53.016 D/MpvBridgeModule(17565): [PlaybackTrace][Bridge][getDuration] ptr=131217388352464 duration=149.69603333333333
08-22 17:17:53.018 D/MpvBridgeModule(17565): [PlaybackTrace][Bridge][getPlaybackState] ptr=131217388352464 state=playing idle=false eof=false pause=false
08-22 17:17:53.138 D/MediaSessionService(  695): onSessionPlaybackStateChanged: record=com.simba.player/MediaNotification/27 (userId=0) playbackState=PlaybackState {state=PLAYING(3), position=41, buffered position=0, speed=1.0, updated=155170009, actions=823, custom actions=[], active item id=-1, error=null}
08-22 17:17:53.168 I/MpvEvent(17565): [PlaybackTrace][Native][property] name=demuxer-cache-state format=6 value=null
08-22 17:17:53.169 I/MpvEvent(17565): [PlaybackTrace][Native][dispatch:property] name=demuxer-cache-state value=null
08-22 17:17:53.169 D/MPVLib  (17565): onNativePropertyChanged: demuxer-cache-state = null
08-22 17:17:53.169 I/MpvBridgeModule(17565): [PlaybackTrace][Bridge][listener:property] name=demuxer-cache-state value=null
08-22 17:17:53.212 I/MpvJNI  (17565): [PlaybackTrace][Native][getDuration] result=0 duration=149.696033
08-22 17:17:53.212 D/MpvBridgeModule(17565): [PlaybackTrace][Bridge][getDuration] ptr=131217388352464 duration=149.69603333333333
08-22 17:17:53.214 I/om.simba.player(17565): NativeAlloc concurrent mark compact GC freed 10MB AllocSpace bytes, 0(0B) LOS objects, 49% free, 15MB/31MB, paused 2.419ms,39.716ms total 110.198ms
08-22 17:17:53.424 I/MpvEvent(17565): [PlaybackTrace][Native][property] name=demuxer-cache-state format=6 value=null
08-22 17:17:53.425 I/MpvEvent(17565): [PlaybackTrace][Native][dispatch:property] name=demuxer-cache-state value=null
08-22 17:17:53.426 D/MPVLib  (17565): onNativePropertyChanged: demuxer-cache-state = null
08-22 17:17:53.427 I/MpvBridgeModule(17565): [PlaybackTrace][Bridge][listener:property] name=demuxer-cache-state value=null
08-22 17:17:53.467 I/MpvJNI  (17565): [PlaybackTrace][Native][getDuration] result=0 duration=149.696033
08-22 17:17:53.467 D/MpvBridgeModule(17565): [PlaybackTrace][Bridge][getDuration] ptr=131217388352464 duration=149.69603333333333
08-22 17:17:53.685 I/MpvJNI  (17565): [PlaybackTrace][Native][getDuration] result=0 duration=149.696033
08-22 17:17:53.685 D/MpvBridgeModule(17565): [PlaybackTrace][Bridge][getDuration] ptr=131217388352464 duration=149.69603333333333
08-22 17:17:53.685 D/MpvBridgeModule(17565): [PlaybackTrace][Bridge][getPlaybackState] ptr=131217388352464 state=playing idle=false eof=false pause=false
08-22 17:17:53.694 I/MpvJNI  (17565): [PlaybackTrace][Native][getDuration] result=0 duration=149.696033
08-22 17:17:53.694 D/MpvBridgeModule(17565): [PlaybackTrace][Bridge][getDuration] ptr=131217388352464 duration=149.69603333333333
08-22 17:17:53.970 I/MpvJNI  (17565): [PlaybackTrace][Native][getDuration] result=0 duration=149.696033
08-22 17:17:53.970 D/MpvBridgeModule(17565): [PlaybackTrace][Bridge][getDuration] ptr=131217388352464 duration=149.69603333333333
08-22 17:17:53.971 D/MpvBridgeModule(17565): [PlaybackTrace][Bridge][getPlaybackState] ptr=131217388352464 state=playing idle=false eof=false pause=false
08-22 17:17:53.990 D/MediaSessionService(  695): onSessionPlaybackStateChanged: record=com.simba.player/MediaNotification/27 (userId=0) playbackState=PlaybackState {state=PLAYING(3), position=42, buffered position=0, speed=1.0, updated=155170861, actions=823, custom actions=[], active item id=-1, error=null}
08-22 17:17:54.525 I/MpvEvent(17565): [PlaybackTrace][Native][property] name=demuxer-cache-state format=6 value=null
08-22 17:17:54.525 I/MpvEvent(17565): [PlaybackTrace][Native][dispatch:property] name=demuxer-cache-state value=null
08-22 17:17:54.525 D/MPVLib  (17565): onNativePropertyChanged: demuxer-cache-state = null
08-22 17:17:54.525 I/MpvBridgeModule(17565): [PlaybackTrace][Bridge][listener:property] name=demuxer-cache-state value=null
08-22 17:17:54.530 I/MpvJNI  (17565): [PlaybackTrace][Native][getDuration] result=0 duration=149.696033
08-22 17:17:54.530 D/MpvBridgeModule(17565): [PlaybackTrace][Bridge][getDuration] ptr=131217388352464 duration=149.69603333333333
08-22 17:17:54.781 I/MpvEvent(17565): [PlaybackTrace][Native][property] name=demuxer-cache-state format=6 value=null
08-22 17:17:54.782 I/MpvEvent(17565): [PlaybackTrace][Native][dispatch:property] name=demuxer-cache-state value=null
08-22 17:17:54.782 D/MPVLib  (17565): onNativePropertyChanged: demuxer-cache-state = null
08-22 17:17:54.784 I/MpvBridgeModule(17565): [PlaybackTrace][Bridge][listener:property] name=demuxer-cache-state value=null
08-22 17:17:54.933 I/MpvJNI  (17565): [PlaybackTrace][Native][getDuration] result=0 duration=149.696033
08-22 17:17:54.933 D/MpvBridgeModule(17565): [PlaybackTrace][Bridge][getDuration] ptr=131217388352464 duration=149.69603333333333
08-22 17:17:54.934 D/MpvBridgeModule(17565): [PlaybackTrace][Bridge][getPlaybackState] ptr=131217388352464 state=playing idle=false eof=false pause=false
08-22 17:17:54.943 I/MpvJNI  (17565): [PlaybackTrace][Native][getDuration] result=0 duration=149.696033
08-22 17:17:54.944 D/MpvBridgeModule(17565): [PlaybackTrace][Bridge][getDuration] ptr=131217388352464 duration=149.69603333333333
08-22 17:17:55.240 I/MpvJNI  (17565): [PlaybackTrace][Native][getDuration] result=0 duration=149.696033
08-22 17:17:55.240 D/MpvBridgeModule(17565): [PlaybackTrace][Bridge][getDuration] ptr=131217388352464 duration=149.69603333333333
08-22 17:17:55.240 D/MpvBridgeModule(17565): [PlaybackTrace][Bridge][getPlaybackState] ptr=131217388352464 state=playing idle=false eof=false pause=false
08-22 17:17:55.256 D/MediaSessionService(  695): onSessionPlaybackStateChanged: record=com.simba.player/MediaNotification/27 (userId=0) playbackState=PlaybackState {state=PLAYING(3), position=43, buffered position=0, speed=1.0, updated=155172127, actions=823, custom actions=[], active item id=-1, error=null}
08-22 17:17:55.569 I/MpvJNI  (17565): [PlaybackTrace][Native][getDuration] result=0 duration=149.696033
08-22 17:17:55.569 D/MpvBridgeModule(17565): [PlaybackTrace][Bridge][getDuration] ptr=131217388352464 duration=149.69603333333333
08-22 17:17:55.569 D/MpvBridgeModule(17565): [PlaybackTrace][Bridge][getPlaybackState] ptr=131217388352464 state=playing idle=false eof=false pause=false
08-22 17:17:55.575 I/MpvJNI  (17565): [PlaybackTrace][Native][getDuration] result=0 duration=149.696033
08-22 17:17:55.575 D/MpvBridgeModule(17565): [PlaybackTrace][Bridge][getDuration] ptr=131217388352464 duration=149.69603333333333
08-22 17:17:55.899 I/MpvEvent(17565): [PlaybackTrace][Native][property] name=demuxer-cache-state format=6 value=null
08-22 17:17:55.899 I/MpvEvent(17565): [PlaybackTrace][Native][dispatch:property] name=demuxer-cache-state value=null
08-22 17:17:55.905 D/MPVLib  (17565): onNativePropertyChanged: demuxer-cache-state = null
08-22 17:17:55.905 I/MpvBridgeModule(17565): [PlaybackTrace][Bridge][listener:property] name=demuxer-cache-state value=null
08-22 17:17:55.952 I/MpvJNI  (17565): [PlaybackTrace][Native][getDuration] result=0 duration=149.696033
08-22 17:17:55.952 D/MpvBridgeModule(17565): [PlaybackTrace][Bridge][getDuration] ptr=131217388352464 duration=149.69603333333333
08-22 17:17:56.091 I/MpvJNI  (17565): [PlaybackTrace][Native][getDuration] result=0 duration=149.696033
08-22 17:17:56.091 D/MpvBridgeModule(17565): [PlaybackTrace][Bridge][getDuration] ptr=131217388352464 duration=149.69603333333333
08-22 17:17:56.092 D/MpvBridgeModule(17565): [PlaybackTrace][Bridge][getPlaybackState] ptr=131217388352464 state=playing idle=false eof=false pause=false
08-22 17:17:56.108 D/MediaSessionService(  695): onSessionPlaybackStateChanged: record=com.simba.player/MediaNotification/27 (userId=0) playbackState=PlaybackState {state=PLAYING(3), position=44, buffered position=0, speed=1.0, updated=155172978, actions=823, custom actions=[], active item id=-1, error=null}
08-22 17:17:56.148 I/MpvEvent(17565): [PlaybackTrace][Native][property] name=demuxer-cache-state format=6 value=null
08-22 17:17:56.148 I/MpvEvent(17565): [PlaybackTrace][Native][dispatch:property] name=demuxer-cache-state value=null
08-22 17:17:56.149 D/MPVLib  (17565): onNativePropertyChanged: demuxer-cache-state = null
08-22 17:17:56.149 I/MpvBridgeModule(17565): [PlaybackTrace][Bridge][listener:property] name=demuxer-cache-state value=null
08-22 17:17:56.154 I/MpvJNI  (17565): [PlaybackTrace][Native][getDuration] result=0 duration=149.696033
08-22 17:17:56.154 D/MpvBridgeModule(17565): [PlaybackTrace][Bridge][getDuration] ptr=131217388352464 duration=149.69603333333333
08-22 17:17:56.592 I/MpvJNI  (17565): [PlaybackTrace][Native][getDuration] result=0 duration=149.696033
08-22 17:17:56.592 D/MpvBridgeModule(17565): [PlaybackTrace][Bridge][getDuration] ptr=131217388352464 duration=149.69603333333333
08-22 17:17:56.593 D/MpvBridgeModule(17565): [PlaybackTrace][Bridge][getPlaybackState] ptr=131217388352464 state=playing idle=false eof=false pause=false
08-22 17:17:56.596 I/MpvJNI  (17565): [PlaybackTrace][Native][getDuration] result=0 duration=149.696033
08-22 17:17:56.596 D/MpvBridgeModule(17565): [PlaybackTrace][Bridge][getDuration] ptr=131217388352464 duration=149.69603333333333
08-22 17:17:57.076 I/MpvJNI  (17565): [PlaybackTrace][Native][getDuration] result=0 duration=149.696033
08-22 17:17:57.077 D/MpvBridgeModule(17565): [PlaybackTrace][Bridge][getDuration] ptr=131217388352464 duration=149.69603333333333
08-22 17:17:57.077 D/MpvBridgeModule(17565): [PlaybackTrace][Bridge][getPlaybackState] ptr=131217388352464 state=playing idle=false eof=false pause=false
08-22 17:17:57.117 D/MediaSessionService(  695): onSessionPlaybackStateChanged: record=com.simba.player/MediaNotification/27 (userId=0) playbackState=PlaybackState {state=PLAYING(3), position=45, buffered position=0, speed=1.0, updated=155173986, actions=823, custom actions=[], active item id=-1, error=null}
08-22 17:17:57.252 I/MpvEvent(17565): [PlaybackTrace][Native][property] name=demuxer-cache-state format=6 value=null
08-22 17:17:57.252 I/MpvEvent(17565): [PlaybackTrace][Native][dispatch:property] name=demuxer-cache-state value=null
08-22 17:17:57.253 D/MPVLib  (17565): onNativePropertyChanged: demuxer-cache-state = null
08-22 17:17:57.253 I/MpvBridgeModule(17565): [PlaybackTrace][Bridge][listener:property] name=demuxer-cache-state value=null
08-22 17:17:57.287 I/MpvJNI  (17565): [PlaybackTrace][Native][getDuration] result=0 duration=149.696033
08-22 17:17:57.287 D/MpvBridgeModule(17565): [PlaybackTrace][Bridge][getDuration] ptr=131217388352464 duration=149.69603333333333
08-22 17:17:57.521 I/MpvEvent(17565): [PlaybackTrace][Native][mpv-log] prefix=cplayer level=warn text=Audio device underrun detected.
08-22 17:17:57.521 D/mpv     (17565): [cplayer] warn: Audio device underrun detected.
08-22 17:17:57.550 I/MpvEvent(17565): [PlaybackTrace][Native][property] name=demuxer-cache-state format=6 value=null
08-22 17:17:57.550 I/MpvEvent(17565): [PlaybackTrace][Native][dispatch:property] name=demuxer-cache-state value=null
08-22 17:17:57.555 D/MPVLib  (17565): onNativePropertyChanged: demuxer-cache-state = null
08-22 17:17:57.555 I/MpvBridgeModule(17565): [PlaybackTrace][Bridge][listener:property] name=demuxer-cache-state value=null
08-22 17:17:57.560 I/MpvEvent(17565): [PlaybackTrace][Native][mpv-log] prefix=cplayer level=v text=restarting audio after underrun
08-22 17:17:57.560 D/mpv     (17565): [cplayer] v: restarting audio after underrun
08-22 17:17:58.163 I/MpvJNI  (17565): [PlaybackTrace][Native][getDuration] result=0 duration=149.696033
08-22 17:17:58.165 D/MpvBridgeModule(17565): [PlaybackTrace][Bridge][getDuration] ptr=131217388352464 duration=149.69603333333333
08-22 17:17:58.167 D/MpvBridgeModule(17565): [PlaybackTrace][Bridge][getPlaybackState] ptr=131217388352464 state=playing idle=false eof=false pause=false
08-22 17:17:58.168 I/MpvJNI  (17565): [PlaybackTrace][Native][getDuration] result=0 duration=149.696033
08-22 17:17:58.168 D/MpvBridgeModule(17565): [PlaybackTrace][Bridge][getDuration] ptr=131217388352464 duration=149.69603333333333
08-22 17:17:58.170 D/MpvBridgeModule(17565): [PlaybackTrace][Bridge][getPlaybackState] ptr=131217388352464 state=playing idle=false eof=false pause=false
08-22 17:17:58.195 I/MpvJNI  (17565): [PlaybackTrace][Native][getDuration] result=0 duration=149.696033
08-22 17:17:58.195 D/MpvBridgeModule(17565): [PlaybackTrace][Bridge][getDuration] ptr=131217388352464 duration=149.69603333333333
08-22 17:17:58.239 D/MediaSessionService(  695): onSessionPlaybackStateChanged: record=com.simba.player/MediaNotification/27 (userId=0) playbackState=PlaybackState {state=PLAYING(3), position=46, buffered position=0, speed=1.0, updated=155175110, actions=823, custom actions=[], active item id=-1, error=null}
08-22 17:17:58.615 I/MpvEvent(17565): [PlaybackTrace][Native][property] name=demuxer-cache-state format=6 value=null
08-22 17:17:58.618 I/MpvEvent(17565): [PlaybackTrace][Native][dispatch:property] name=demuxer-cache-state value=null
08-22 17:17:58.619 D/MPVLib  (17565): onNativePropertyChanged: demuxer-cache-state = null
08-22 17:17:58.629 I/MpvBridgeModule(17565): [PlaybackTrace][Bridge][listener:property] name=demuxer-cache-state value=null
08-22 17:17:58.838 I/MpvEvent(17565): [PlaybackTrace][Native][property] name=demuxer-cache-state format=6 value=null
08-22 17:17:58.838 I/MpvEvent(17565): [PlaybackTrace][Native][dispatch:property] name=demuxer-cache-state value=null
08-22 17:17:58.845 D/MPVLib  (17565): onNativePropertyChanged: demuxer-cache-state = null
08-22 17:17:58.848 I/MpvBridgeModule(17565): [PlaybackTrace][Bridge][listener:property] name=demuxer-cache-state value=null
08-22 17:17:59.044 I/MpvJNI  (17565): [PlaybackTrace][Native][getDuration] result=0 duration=149.696033
08-22 17:17:59.044 D/MpvBridgeModule(17565): [PlaybackTrace][Bridge][getDuration] ptr=131217388352464 duration=149.69603333333333
08-22 17:17:59.045 D/MpvBridgeModule(17565): [PlaybackTrace][Bridge][getPlaybackState] ptr=131217388352464 state=playing idle=false eof=false pause=false
08-22 17:17:59.087 I/MpvJNI  (17565): [PlaybackTrace][Native][getDuration] result=0 duration=149.696033
08-22 17:17:59.087 D/MpvBridgeModule(17565): [PlaybackTrace][Bridge][getDuration] ptr=131217388352464 duration=149.69603333333333
08-22 17:17:59.087 D/MpvBridgeModule(17565): [PlaybackTrace][Bridge][getPlaybackState] ptr=131217388352464 state=playing idle=false eof=false pause=false
08-22 17:17:59.126 I/MpvJNI  (17565): [PlaybackTrace][Native][getDuration] result=0 duration=149.696033
08-22 17:17:59.127 D/MpvBridgeModule(17565): [PlaybackTrace][Bridge][getDuration] ptr=131217388352464 duration=149.69603333333333
08-22 17:17:59.226 D/MediaSessionService(  695): onSessionPlaybackStateChanged: record=com.simba.player/MediaNotification/27 (userId=0) playbackState=PlaybackState {state=PLAYING(3), position=47, buffered position=0, speed=1.0, updated=155176097, actions=823, custom actions=[], active item id=-1, error=null}
