08-22 16:50:39.976 D/MpvBridgeModule( 8531): [PlaybackTrace][Bridge][getDuration] ptr=0 duration=0.0
08-22 16:50:40.215 I/MpvBridgeModule( 8531): [PlaybackTrace][Bridge][initPlayer] call currentPtr=0
08-22 16:50:40.226 I/MpvBridgeModule( 8531): [PlaybackTrace][Bridge][initPlayer] nativeCreate returned ptr=131217388029824
08-22 16:50:40.242 I/MpvBridgeModule( 8531): [PlaybackTrace][Bridge][loadFile] requested=https://prod-1.storage.jamendo.com/?trackid=171&format=mp31&from=8CSIkMvwtD6jzKZ%2BPEaUMQ%3D%3D%7Cj5s5oI6ivq8l2vQOXyWixQ%3D%3D resolved=https://prod-1.storage.jamendo.com/?trackid=171&format=mp31&from=8CSIkMvwtD6jzKZ%2BPEaUMQ%3D%3D%7Cj5s5oI6ivq8l2vQOXyWixQ%3D%3D ptr=131217388029824
08-22 16:50:40.249 I/MpvBridgeModule( 8531): [PlaybackTrace][Bridge][loadFile] nativeLoadFile returned
08-22 16:50:40.274 I/MpvBridgeModule( 8531): [PlaybackTrace][Bridge][listener:event] name=startFile payload={}
08-22 16:50:40.297 I/MpvBridgeModule( 8531): [PlaybackTrace][Bridge][observeProperty] name=cache-buffering-state initialized=true
08-22 16:50:40.298 I/MpvBridgeModule( 8531): [PlaybackTrace][Bridge][observeProperty] name=paused-for-cache initialized=true
08-22 16:50:40.298 I/MpvBridgeModule( 8531): [PlaybackTrace][Bridge][observeProperty] name=demuxer-cache-state initialized=true
08-22 16:50:40.298 I/MpvBridgeModule( 8531): [PlaybackTrace][Bridge][observeProperty] name=seekable initialized=true
08-22 16:50:40.362 D/MpvBridgeModule( 8531): [PlaybackTrace][Bridge][getDuration] ptr=131217388029824 duration=0.0
08-22 16:50:40.974 I/MpvBridgeModule( 8531): [PlaybackTrace][Bridge][play] ptr=131217388029824
08-22 16:50:40.975 I/MpvBridgeModule( 8531): [PlaybackTrace][Bridge][play] nativePlay returned
08-22 16:50:41.304 D/MpvBridgeModule( 8531): [PlaybackTrace][Bridge][getPosition] ptr=131217388029824 position=0.0
08-22 16:50:41.304 D/MpvBridgeModule( 8531): [PlaybackTrace][Bridge][getDuration] ptr=131217388029824 duration=0.0
08-22 16:50:41.304 D/MpvBridgeModule( 8531): [PlaybackTrace][Bridge][getPlaybackState] ptr=131217388029824 state=playing idle=false eof=false pause=false
08-22 16:50:41.307 D/MpvBridgeModule( 8531): [PlaybackTrace][Bridge][getDuration] ptr=131217388029824 duration=0.0
08-22 16:50:41.380 E/MpvBridgeModule( 8531): [PlaybackTrace][Bridge][listener:error] code=-1 message=tls: mbedtls_ssl_handshake returned -0x6600
08-22 16:50:41.420 E/MpvBridgeModule( 8531): [PlaybackTrace][Bridge][listener:error] code=-1 message=Failed to open https://prod-1.storage.jamendo.com/?trackid=171&format=mp31&from=8CSIkMvwtD6jzKZ%2BPEaUMQ%3D%3D%7Cj5s5oI6ivq8l2vQOXyWixQ%3D%3D.
08-22 16:50:41.511 E/MpvBridgeModule( 8531): [PlaybackTrace][Bridge][listener:error] code=-1 message=Subprocess failed: init
08-22 16:50:41.577 E/MpvBridgeModule( 8531): [PlaybackTrace][Bridge][listener:error] code=-1 message=Subprocess failed: init
08-22 16:50:41.607 E/MpvBridgeModule( 8531): [PlaybackTrace][Bridge][listener:error] code=-1 message=Subprocess failed: init
08-22 16:50:41.608 I/MpvBridgeModule( 8531): [PlaybackTrace][Bridge][listener:event] name=endFile payload={"reason":4,"error":-13}
08-22 16:50:41.613 E/MpvBridgeModule( 8531): [PlaybackTrace][Bridge][listener:error] code=-1 message=
08-22 16:50:41.614 E/MpvBridgeModule( 8531): [PlaybackTrace][Bridge][listener:error] code=-1 message=youtube-dl failed: not found or not enough permissions
08-22 16:50:41.718 D/MpvBridgeModule( 8531): [PlaybackTrace][Bridge][getDuration] ptr=131217388029824 duration=0.0
08-22 16:50:41.830 D/MpvBridgeModule( 8531): [PlaybackTrace][Bridge][getDuration] ptr=131217388029824 duration=0.0
08-22 16:50:42.335 D/MpvBridgeModule( 8531): [PlaybackTrace][Bridge][getPosition] ptr=131217388029824 position=0.0
08-22 16:50:42.335 D/MpvBridgeModule( 8531): [PlaybackTrace][Bridge][getDuration] ptr=131217388029824 duration=0.0
08-22 16:50:42.335 D/MpvBridgeModule( 8531): [PlaybackTrace][Bridge][getPlaybackState] ptr=131217388029824 state=idle idle=true
08-22 16:50:42.337 D/MpvBridgeModule( 8531): [PlaybackTrace][Bridge][getDuration] ptr=131217388029824 duration=0.0
08-22 16:50:42.854 D/MpvBridgeModule( 8531): [PlaybackTrace][Bridge][getPosition] ptr=131217388029824 position=0.0
08-22 16:50:42.854 D/MpvBridgeModule( 8531): [PlaybackTrace][Bridge][getDuration] ptr=131217388029824 duration=0.0
08-22 16:50:42.854 D/MpvBridgeModule( 8531): [PlaybackTrace][Bridge][getPlaybackState] ptr=131217388029824 state=idle idle=true
08-22 16:50:43.122 I/MpvBridgeModule( 8531): [PlaybackTrace][Bridge][loadFile] requested=https://prod-1.storage.jamendo.com/?trackid=171&format=mp31&from=8CSIkMvwtD6jzKZ%2BPEaUMQ%3D%3D%7Cj5s5oI6ivq8l2vQOXyWixQ%3D%3D resolved=https://prod-1.storage.jamendo.com/?trackid=171&format=mp31&from=8CSIkMvwtD6jzKZ%2BPEaUMQ%3D%3D%7Cj5s5oI6ivq8l2vQOXyWixQ%3D%3D ptr=131217388029824
08-22 16:50:43.122 I/MpvBridgeModule( 8531): [PlaybackTrace][Bridge][loadFile] nativeLoadFile returned
08-22 16:50:43.125 I/MpvBridgeModule( 8531): [PlaybackTrace][Bridge][listener:event] name=startFile payload={}
08-22 16:50:43.126 I/MpvBridgeModule( 8531): [PlaybackTrace][Bridge][play] ptr=131217388029824
08-22 16:50:43.127 I/MpvBridgeModule( 8531): [PlaybackTrace][Bridge][play] nativePlay returned
08-22 16:50:43.335 D/MpvBridgeModule( 8531): [PlaybackTrace][Bridge][getPosition] ptr=131217388029824 position=0.0
08-22 16:50:43.335 D/MpvBridgeModule( 8531): [PlaybackTrace][Bridge][getDuration] ptr=131217388029824 duration=0.0
08-22 16:50:43.336 D/MpvBridgeModule( 8531): [PlaybackTrace][Bridge][getPlaybackState] ptr=131217388029824 state=playing idle=false eof=false pause=false
08-22 16:50:43.338 I/MpvBridgeModule( 8531): [PlaybackTrace][Bridge][loadFile] requested=https://prod-1.storage.jamendo.com/?trackid=171&format=mp31&from=8CSIkMvwtD6jzKZ%2BPEaUMQ%3D%3D%7Cj5s5oI6ivq8l2vQOXyWixQ%3D%3D resolved=https://prod-1.storage.jamendo.com/?trackid=171&format=mp31&from=8CSIkMvwtD6jzKZ%2BPEaUMQ%3D%3D%7Cj5s5oI6ivq8l2vQOXyWixQ%3D%3D ptr=131217388029824
08-22 16:50:43.339 I/MpvBridgeModule( 8531): [PlaybackTrace][Bridge][loadFile] nativeLoadFile returned
08-22 16:50:43.341 I/MpvBridgeModule( 8531): [PlaybackTrace][Bridge][play] ptr=131217388029824
08-22 16:50:43.341 I/MpvBridgeModule( 8531): [PlaybackTrace][Bridge][play] nativePlay returned
08-22 16:50:43.344 D/MpvBridgeModule( 8531): [PlaybackTrace][Bridge][getDuration] ptr=131217388029824 duration=0.0
08-22 16:50:43.379 E/MpvBridgeModule( 8531): [PlaybackTrace][Bridge][listener:error] code=-1 message=tls: mbedtls_ssl_handshake returned -0x7280
08-22 16:50:43.380 I/MpvBridgeModule( 8531): [PlaybackTrace][Bridge][listener:event] name=endFile payload={"reason":2,"error":0}
08-22 16:50:43.383 I/MpvBridgeModule( 8531): [PlaybackTrace][Bridge][listener:event] name=startFile payload={}
08-22 16:50:43.438 I/MpvBridgeModule( 8531): [PlaybackTrace][Bridge][play] ptr=131217388029824
08-22 16:50:43.438 I/MpvBridgeModule( 8531): [PlaybackTrace][Bridge][play] nativePlay returned
08-22 16:50:43.446 D/MpvBridgeModule( 8531): [PlaybackTrace][Bridge][getDuration] ptr=131217388029824 duration=0.0
08-22 16:50:43.606 I/MpvBridgeModule( 8531): [PlaybackTrace][Bridge][play] ptr=131217388029824
08-22 16:50:43.606 I/MpvBridgeModule( 8531): [PlaybackTrace][Bridge][play] nativePlay returned
08-22 16:50:43.815 D/MpvBridgeModule( 8531): [PlaybackTrace][Bridge][getPosition] ptr=131217388029824 position=0.0
08-22 16:50:43.816 D/MpvBridgeModule( 8531): [PlaybackTrace][Bridge][getDuration] ptr=131217388029824 duration=0.0
08-22 16:50:43.816 D/MpvBridgeModule( 8531): [PlaybackTrace][Bridge][getPlaybackState] ptr=131217388029824 state=playing idle=false eof=false pause=false
08-22 16:50:43.913 D/MpvBridgeModule( 8531): [PlaybackTrace][Bridge][getDuration] ptr=131217388029824 duration=0.0
08-22 16:50:44.002 E/MpvBridgeModule( 8531): [PlaybackTrace][Bridge][listener:error] code=-1 message=tls: mbedtls_ssl_handshake returned -0x6600
08-22 16:50:44.005 E/MpvBridgeModule( 8531): [PlaybackTrace][Bridge][listener:error] code=-1 message=Failed to open https://prod-1.storage.jamendo.com/?trackid=171&format=mp31&from=8CSIkMvwtD6jzKZ%2BPEaUMQ%3D%3D%7Cj5s5oI6ivq8l2vQOXyWixQ%3D%3D.
08-22 16:50:44.057 E/MpvBridgeModule( 8531): [PlaybackTrace][Bridge][listener:error] code=-1 message=Subprocess failed: init
08-22 16:50:44.058 I/MpvBridgeModule( 8531): [PlaybackTrace][Bridge][listener:event] name=endFile payload={"reason":4,"error":-13}
08-22 16:50:44.062 E/MpvBridgeModule( 8531): [PlaybackTrace][Bridge][listener:error] code=-1 message=
08-22 16:50:44.063 E/MpvBridgeModule( 8531): [PlaybackTrace][Bridge][listener:error] code=-1 message=youtube-dl failed: not found or not enough permissions
08-22 16:50:44.097 D/MpvBridgeModule( 8531): [PlaybackTrace][Bridge][getDuration] ptr=131217388029824 duration=0.0
08-22 16:50:44.352 D/MpvBridgeModule( 8531): [PlaybackTrace][Bridge][getPosition] ptr=131217388029824 position=0.0
08-22 16:50:44.352 D/MpvBridgeModule( 8531): [PlaybackTrace][Bridge][getDuration] ptr=131217388029824 duration=0.0
08-22 16:50:44.353 D/MpvBridgeModule( 8531): [PlaybackTrace][Bridge][getPlaybackState] ptr=131217388029824 state=idle idle=true
08-22 16:50:44.355 D/MpvBridgeModule( 8531): [PlaybackTrace][Bridge][getDuration] ptr=131217388029824 duration=0.0
08-22 16:50:44.621 I/MpvBridgeModule( 8531): [PlaybackTrace][Bridge][loadFile] requested=https://prod-1.storage.jamendo.com/?trackid=171&format=mp31&from=8CSIkMvwtD6jzKZ%2BPEaUMQ%3D%3D%7Cj5s5oI6ivq8l2vQOXyWixQ%3D%3D resolved=https://prod-1.storage.jamendo.com/?trackid=171&format=mp31&from=8CSIkMvwtD6jzKZ%2BPEaUMQ%3D%3D%7Cj5s5oI6ivq8l2vQOXyWixQ%3D%3D ptr=131217388029824
08-22 16:50:44.621 I/MpvBridgeModule( 8531): [PlaybackTrace][Bridge][loadFile] nativeLoadFile returned
08-22 16:50:44.622 I/MpvBridgeModule( 8531): [PlaybackTrace][Bridge][listener:event] name=startFile payload={}
08-22 16:50:44.625 I/MpvBridgeModule( 8531): [PlaybackTrace][Bridge][play] ptr=131217388029824
08-22 16:50:44.626 I/MpvBridgeModule( 8531): [PlaybackTrace][Bridge][play] nativePlay returned
08-22 16:50:44.837 I/MpvBridgeModule( 8531): [PlaybackTrace][Bridge][loadFile] requested=https://prod-1.storage.jamendo.com/?trackid=171&format=mp31&from=8CSIkMvwtD6jzKZ%2BPEaUMQ%3D%3D%7Cj5s5oI6ivq8l2vQOXyWixQ%3D%3D resolved=https://prod-1.storage.jamendo.com/?trackid=171&format=mp31&from=8CSIkMvwtD6jzKZ%2BPEaUMQ%3D%3D%7Cj5s5oI6ivq8l2vQOXyWixQ%3D%3D ptr=131217388029824
08-22 16:50:44.838 I/MpvBridgeModule( 8531): [PlaybackTrace][Bridge][loadFile] nativeLoadFile returned
08-22 16:50:44.840 I/MpvBridgeModule( 8531): [PlaybackTrace][Bridge][play] ptr=131217388029824
08-22 16:50:44.840 I/MpvBridgeModule( 8531): [PlaybackTrace][Bridge][play] nativePlay returned
08-22 16:50:44.885 I/MpvBridgeModule( 8531): [PlaybackTrace][Bridge][play] ptr=131217388029824
08-22 16:50:44.886 I/MpvBridgeModule( 8531): [PlaybackTrace][Bridge][play] nativePlay returned
08-22 16:50:44.928 E/MpvBridgeModule( 8531): [PlaybackTrace][Bridge][listener:error] code=-1 message=tls: mbedtls_ssl_handshake returned -0x7280
08-22 16:50:44.931 I/MpvBridgeModule( 8531): [PlaybackTrace][Bridge][listener:event] name=endFile payload={"reason":2,"error":0}
08-22 16:50:44.931 I/MpvBridgeModule( 8531): [PlaybackTrace][Bridge][listener:event] name=startFile payload={}
08-22 16:50:45.102 D/MpvBridgeModule( 8531): [PlaybackTrace][Bridge][getPosition] ptr=131217388029824 position=0.0
08-22 16:50:45.102 I/MpvBridgeModule( 8531): [PlaybackTrace][Bridge][play] ptr=131217388029824
08-22 16:50:45.102 I/MpvBridgeModule( 8531): [PlaybackTrace][Bridge][play] nativePlay returned
08-22 16:50:45.103 D/MpvBridgeModule( 8531): [PlaybackTrace][Bridge][getDuration] ptr=131217388029824 duration=0.0
08-22 16:50:45.103 D/MpvBridgeModule( 8531): [PlaybackTrace][Bridge][getPlaybackState] ptr=131217388029824 state=playing idle=false eof=false pause=false
08-22 16:50:45.315 E/MpvBridgeModule( 8531): [PlaybackTrace][Bridge][listener:error] code=-1 message=tls: mbedtls_ssl_handshake returned -0x6600
08-22 16:50:45.334 E/MpvBridgeModule( 8531): [PlaybackTrace][Bridge][listener:error] code=-1 message=Failed to open https://prod-1.storage.jamendo.com/?trackid=171&format=mp31&from=8CSIkMvwtD6jzKZ%2BPEaUMQ%3D%3D%7Cj5s5oI6ivq8l2vQOXyWixQ%3D%3D.
08-22 16:50:45.347 D/MpvBridgeModule( 8531): [PlaybackTrace][Bridge][getDuration] ptr=131217388029824 duration=0.0
08-22 16:50:45.361 E/MpvBridgeModule( 8531): [PlaybackTrace][Bridge][listener:error] code=-1 message=Subprocess failed: init
08-22 16:50:45.363 I/MpvBridgeModule( 8531): [PlaybackTrace][Bridge][listener:event] name=endFile payload={"reason":4,"error":-13}
08-22 16:50:45.365 E/MpvBridgeModule( 8531): [PlaybackTrace][Bridge][listener:error] code=-1 message=
08-22 16:50:45.366 E/MpvBridgeModule( 8531): [PlaybackTrace][Bridge][listener:error] code=-1 message=youtube-dl failed: not found or not enough permissions
08-22 16:50:45.500 D/MpvBridgeModule( 8531): [PlaybackTrace][Bridge][getPosition] ptr=131217388029824 position=0.0
08-22 16:50:45.501 D/MpvBridgeModule( 8531): [PlaybackTrace][Bridge][getDuration] ptr=131217388029824 duration=0.0
08-22 16:50:45.501 D/MpvBridgeModule( 8531): [PlaybackTrace][Bridge][getPlaybackState] ptr=131217388029824 state=idle idle=true
08-22 16:50:45.617 I/MpvBridgeModule( 8531): [PlaybackTrace][Bridge][loadFile] requested=https://prod-1.storage.jamendo.com/?trackid=171&format=mp31&from=8CSIkMvwtD6jzKZ%2BPEaUMQ%3D%3D%7Cj5s5oI6ivq8l2vQOXyWixQ%3D%3D resolved=https://prod-1.storage.jamendo.com/?trackid=171&format=mp31&from=8CSIkMvwtD6jzKZ%2BPEaUMQ%3D%3D%7Cj5s5oI6ivq8l2vQOXyWixQ%3D%3D ptr=131217388029824
08-22 16:50:45.617 I/MpvBridgeModule( 8531): [PlaybackTrace][Bridge][loadFile] nativeLoadFile returned
08-22 16:50:45.625 I/MpvBridgeModule( 8531): [PlaybackTrace][Bridge][listener:event] name=startFile payload={}
08-22 16:50:45.638 I/MpvBridgeModule( 8531): [PlaybackTrace][Bridge][play] ptr=131217388029824
08-22 16:50:45.638 I/MpvBridgeModule( 8531): [PlaybackTrace][Bridge][play] nativePlay returned
08-22 16:50:45.650 I/MpvBridgeModule( 8531): [PlaybackTrace][Bridge][loadFile] requested=https://prod-1.storage.jamendo.com/?trackid=171&format=mp31&from=8CSIkMvwtD6jzKZ%2BPEaUMQ%3D%3D%7Cj5s5oI6ivq8l2vQOXyWixQ%3D%3D resolved=https://prod-1.storage.jamendo.com/?trackid=171&format=mp31&from=8CSIkMvwtD6jzKZ%2BPEaUMQ%3D%3D%7Cj5s5oI6ivq8l2vQOXyWixQ%3D%3D ptr=131217388029824
08-22 16:50:45.652 I/MpvBridgeModule( 8531): [PlaybackTrace][Bridge][loadFile] nativeLoadFile returned
08-22 16:50:45.662 I/MpvBridgeModule( 8531): [PlaybackTrace][Bridge][play] ptr=131217388029824
08-22 16:50:45.662 I/MpvBridgeModule( 8531): [PlaybackTrace][Bridge][play] nativePlay returned
08-22 16:50:45.757 I/MpvBridgeModule( 8531): [PlaybackTrace][Bridge][listener:event] name=endFile payload={"reason":2,"error":0}
08-22 16:50:45.760 I/MpvBridgeModule( 8531): [PlaybackTrace][Bridge][listener:event] name=startFile payload={}
08-22 16:50:45.904 I/MpvBridgeModule( 8531): [PlaybackTrace][Bridge][play] ptr=131217388029824
08-22 16:50:45.904 I/MpvBridgeModule( 8531): [PlaybackTrace][Bridge][play] nativePlay returned
08-22 16:50:45.921 I/MpvBridgeModule( 8531): [PlaybackTrace][Bridge][play] ptr=131217388029824
08-22 16:50:45.921 I/MpvBridgeModule( 8531): [PlaybackTrace][Bridge][play] nativePlay returned
08-22 16:50:46.119 D/MpvBridgeModule( 8531): [PlaybackTrace][Bridge][getPosition] ptr=131217388029824 position=0.0
08-22 16:50:46.119 D/MpvBridgeModule( 8531): [PlaybackTrace][Bridge][getDuration] ptr=131217388029824 duration=0.0
08-22 16:50:46.119 D/MpvBridgeModule( 8531): [PlaybackTrace][Bridge][getPlaybackState] ptr=131217388029824 state=playing idle=false eof=false pause=false
08-22 16:50:46.267 E/MpvBridgeModule( 8531): [PlaybackTrace][Bridge][listener:error] code=-1 message=tls: mbedtls_ssl_handshake returned -0x6600
08-22 16:50:46.285 E/MpvBridgeModule( 8531): [PlaybackTrace][Bridge][listener:error] code=-1 message=Failed to open https://prod-1.storage.jamendo.com/?trackid=171&format=mp31&from=8CSIkMvwtD6jzKZ%2BPEaUMQ%3D%3D%7Cj5s5oI6ivq8l2vQOXyWixQ%3D%3D.
08-22 16:50:46.303 D/MpvBridgeModule( 8531): [PlaybackTrace][Bridge][getDuration] ptr=131217388029824 duration=0.0
08-22 16:50:46.318 E/MpvBridgeModule( 8531): [PlaybackTrace][Bridge][listener:error] code=-1 message=Subprocess failed: init
08-22 16:50:46.320 I/MpvBridgeModule( 8531): [PlaybackTrace][Bridge][listener:event] name=endFile payload={"reason":4,"error":-13}
08-22 16:50:46.321 E/MpvBridgeModule( 8531): [PlaybackTrace][Bridge][listener:error] code=-1 message=
08-22 16:50:46.322 E/MpvBridgeModule( 8531): [PlaybackTrace][Bridge][listener:error] code=-1 message=youtube-dl failed: not found or not enough permissions
08-22 16:50:46.405 D/MpvBridgeModule( 8531): [PlaybackTrace][Bridge][getPosition] ptr=131217388029824 position=0.0
08-22 16:50:46.405 D/MpvBridgeModule( 8531): [PlaybackTrace][Bridge][getDuration] ptr=131217388029824 duration=0.0
08-22 16:50:46.405 D/MpvBridgeModule( 8531): [PlaybackTrace][Bridge][getPlaybackState] ptr=131217388029824 state=idle idle=true
08-22 16:50:46.412 D/MpvBridgeModule( 8531): [PlaybackTrace][Bridge][getDuration] ptr=131217388029824 duration=0.0
08-22 16:50:47.021 I/MpvBridgeModule( 8531): [PlaybackTrace][Bridge][loadFile] requested=https://prod-1.storage.jamendo.com/?trackid=171&format=mp31&from=8CSIkMvwtD6jzKZ%2BPEaUMQ%3D%3D%7Cj5s5oI6ivq8l2vQOXyWixQ%3D%3D resolved=https://prod-1.storage.jamendo.com/?trackid=171&format=mp31&from=8CSIkMvwtD6jzKZ%2BPEaUMQ%3D%3D%7Cj5s5oI6ivq8l2vQOXyWixQ%3D%3D ptr=131217388029824
08-22 16:50:47.022 I/MpvBridgeModule( 8531): [PlaybackTrace][Bridge][loadFile] nativeLoadFile returned
08-22 16:50:47.023 I/MpvBridgeModule( 8531): [PlaybackTrace][Bridge][play] ptr=131217388029824
08-22 16:50:47.023 I/MpvBridgeModule( 8531): [PlaybackTrace][Bridge][listener:event] name=startFile payload={}
08-22 16:50:47.024 I/MpvBridgeModule( 8531): [PlaybackTrace][Bridge][play] nativePlay returned
08-22 16:50:47.103 I/MpvBridgeModule( 8531): [PlaybackTrace][Bridge][loadFile] requested=https://prod-1.storage.jamendo.com/?trackid=171&format=mp31&from=8CSIkMvwtD6jzKZ%2BPEaUMQ%3D%3D%7Cj5s5oI6ivq8l2vQOXyWixQ%3D%3D resolved=https://prod-1.storage.jamendo.com/?trackid=171&format=mp31&from=8CSIkMvwtD6jzKZ%2BPEaUMQ%3D%3D%7Cj5s5oI6ivq8l2vQOXyWixQ%3D%3D ptr=131217388029824
08-22 16:50:47.103 I/MpvBridgeModule( 8531): [PlaybackTrace][Bridge][loadFile] nativeLoadFile returned
08-22 16:50:47.105 I/MpvBridgeModule( 8531): [PlaybackTrace][Bridge][play] ptr=131217388029824
08-22 16:50:47.105 I/MpvBridgeModule( 8531): [PlaybackTrace][Bridge][play] nativePlay returned
08-22 16:50:47.133 I/MpvBridgeModule( 8531): [PlaybackTrace][Bridge][listener:event] name=endFile payload={"reason":2,"error":0}
08-22 16:50:47.135 I/MpvBridgeModule( 8531): [PlaybackTrace][Bridge][listener:event] name=startFile payload={}
08-22 16:50:47.135 D/MpvBridgeModule( 8531): [PlaybackTrace][Bridge][getPosition] ptr=131217388029824 position=0.0
08-22 16:50:47.135 D/MpvBridgeModule( 8531): [PlaybackTrace][Bridge][getDuration] ptr=131217388029824 duration=0.0
08-22 16:50:47.136 D/MpvBridgeModule( 8531): [PlaybackTrace][Bridge][getPlaybackState] ptr=131217388029824 state=playing idle=false eof=false pause=false
08-22 16:50:47.286 I/MpvBridgeModule( 8531): [PlaybackTrace][Bridge][play] ptr=131217388029824
08-22 16:50:47.286 I/MpvBridgeModule( 8531): [PlaybackTrace][Bridge][play] nativePlay returned
08-22 16:50:47.370 I/MpvBridgeModule( 8531): [PlaybackTrace][Bridge][play] ptr=131217388029824
08-22 16:50:47.370 I/MpvBridgeModule( 8531): [PlaybackTrace][Bridge][play] nativePlay returned
08-22 16:50:47.402 D/MpvBridgeModule( 8531): [PlaybackTrace][Bridge][getPosition] ptr=131217388029824 position=0.0
08-22 16:50:47.402 D/MpvBridgeModule( 8531): [PlaybackTrace][Bridge][getDuration] ptr=131217388029824 duration=0.0
08-22 16:50:47.402 D/MpvBridgeModule( 8531): [PlaybackTrace][Bridge][getPlaybackState] ptr=131217388029824 state=playing idle=false eof=false pause=false
08-22 16:50:47.405 D/MpvBridgeModule( 8531): [PlaybackTrace][Bridge][getDuration] ptr=131217388029824 duration=0.0
08-22 16:50:47.573 D/MpvBridgeModule( 8531): [PlaybackTrace][Bridge][getPlaybackState] ptr=131217388029824 state=playing idle=false eof=false pause=false
08-22 16:50:47.578 I/MpvBridgeModule( 8531): [PlaybackTrace][Bridge][pause] ptr=131217388029824
08-22 16:50:47.578 I/MpvBridgeModule( 8531): [PlaybackTrace][Bridge][pause] nativePause returned
08-22 16:50:47.599 E/MpvBridgeModule( 8531): [PlaybackTrace][Bridge][listener:error] code=-1 message=tls: mbedtls_ssl_handshake returned -0x6600
08-22 16:50:47.617 E/MpvBridgeModule( 8531): [PlaybackTrace][Bridge][listener:error] code=-1 message=Failed to open https://prod-1.storage.jamendo.com/?trackid=171&format=mp31&from=8CSIkMvwtD6jzKZ%2BPEaUMQ%3D%3D%7Cj5s5oI6ivq8l2vQOXyWixQ%3D%3D.
08-22 16:50:47.648 E/MpvBridgeModule( 8531): [PlaybackTrace][Bridge][listener:error] code=-1 message=Subprocess failed: init
08-22 16:50:47.653 I/MpvBridgeModule( 8531): [PlaybackTrace][Bridge][listener:event] name=endFile payload={"reason":4,"error":-13}
08-22 16:50:47.654 E/MpvBridgeModule( 8531): [PlaybackTrace][Bridge][listener:error] code=-1 message=
08-22 16:50:47.655 E/MpvBridgeModule( 8531): [PlaybackTrace][Bridge][listener:error] code=-1 message=youtube-dl failed: not found or not enough permissions
08-22 16:50:47.659 D/MpvBridgeModule( 8531): [PlaybackTrace][Bridge][getDuration] ptr=131217388029824 duration=0.0
08-22 16:50:47.805 I/MpvBridgeModule( 8531): [PlaybackTrace][Bridge][loadFile] requested=https://prod-1.storage.jamendo.com/?trackid=171&format=mp31&from=8CSIkMvwtD6jzKZ%2BPEaUMQ%3D%3D%7Cj5s5oI6ivq8l2vQOXyWixQ%3D%3D resolved=https://prod-1.storage.jamendo.com/?trackid=171&format=mp31&from=8CSIkMvwtD6jzKZ%2BPEaUMQ%3D%3D%7Cj5s5oI6ivq8l2vQOXyWixQ%3D%3D ptr=131217388029824
08-22 16:50:47.806 I/MpvBridgeModule( 8531): [PlaybackTrace][Bridge][loadFile] nativeLoadFile returned
08-22 16:50:47.807 I/MpvBridgeModule( 8531): [PlaybackTrace][Bridge][play] ptr=131217388029824
08-22 16:50:47.807 I/MpvBridgeModule( 8531): [PlaybackTrace][Bridge][listener:event] name=startFile payload={}
08-22 16:50:47.808 I/MpvBridgeModule( 8531): [PlaybackTrace][Bridge][play] nativePlay returned
08-22 16:50:47.838 I/MpvBridgeModule( 8531): [PlaybackTrace][Bridge][loadFile] requested=https://prod-1.storage.jamendo.com/?trackid=171&format=mp31&from=8CSIkMvwtD6jzKZ%2BPEaUMQ%3D%3D%7Cj5s5oI6ivq8l2vQOXyWixQ%3D%3D resolved=https://prod-1.storage.jamendo.com/?trackid=171&format=mp31&from=8CSIkMvwtD6jzKZ%2BPEaUMQ%3D%3D%7Cj5s5oI6ivq8l2vQOXyWixQ%3D%3D ptr=131217388029824
08-22 16:50:47.838 I/MpvBridgeModule( 8531): [PlaybackTrace][Bridge][loadFile] nativeLoadFile returned
08-22 16:50:47.840 I/MpvBridgeModule( 8531): [PlaybackTrace][Bridge][play] ptr=131217388029824
08-22 16:50:47.840 I/MpvBridgeModule( 8531): [PlaybackTrace][Bridge][play] nativePlay returned
08-22 16:50:47.841 I/MpvBridgeModule( 8531): [PlaybackTrace][Bridge][loadFile] requested=https://prod-1.storage.jamendo.com/?trackid=171&format=mp31&from=8CSIkMvwtD6jzKZ%2BPEaUMQ%3D%3D%7Cj5s5oI6ivq8l2vQOXyWixQ%3D%3D resolved=https://prod-1.storage.jamendo.com/?trackid=171&format=mp31&from=8CSIkMvwtD6jzKZ%2BPEaUMQ%3D%3D%7Cj5s5oI6ivq8l2vQOXyWixQ%3D%3D ptr=131217388029824
08-22 16:50:47.841 I/MpvBridgeModule( 8531): [PlaybackTrace][Bridge][loadFile] nativeLoadFile returned
08-22 16:50:47.843 I/MpvBridgeModule( 8531): [PlaybackTrace][Bridge][play] ptr=131217388029824
08-22 16:50:47.843 I/MpvBridgeModule( 8531): [PlaybackTrace][Bridge][play] nativePlay returned
08-22 16:50:47.916 I/MpvBridgeModule( 8531): [PlaybackTrace][Bridge][listener:event] name=endFile payload={"reason":2,"error":0}
08-22 16:50:47.919 I/MpvBridgeModule( 8531): [PlaybackTrace][Bridge][listener:event] name=startFile payload={}
08-22 16:50:47.939 I/MpvBridgeModule( 8531): [PlaybackTrace][Bridge][loadFile] requested=https://prod-1.storage.jamendo.com/?trackid=171&format=mp31&from=8CSIkMvwtD6jzKZ%2BPEaUMQ%3D%3D%7Cj5s5oI6ivq8l2vQOXyWixQ%3D%3D resolved=https://prod-1.storage.jamendo.com/?trackid=171&format=mp31&from=8CSIkMvwtD6jzKZ%2BPEaUMQ%3D%3D%7Cj5s5oI6ivq8l2vQOXyWixQ%3D%3D ptr=131217388029824
08-22 16:50:47.939 I/MpvBridgeModule( 8531): [PlaybackTrace][Bridge][loadFile] nativeLoadFile returned
08-22 16:50:47.942 I/MpvBridgeModule( 8531): [PlaybackTrace][Bridge][play] ptr=131217388029824
08-22 16:50:47.942 I/MpvBridgeModule( 8531): [PlaybackTrace][Bridge][play] nativePlay returned
08-22 16:50:48.049 I/MpvBridgeModule( 8531): [PlaybackTrace][Bridge][listener:event] name=endFile payload={"reason":2,"error":0}
08-22 16:50:48.053 I/MpvBridgeModule( 8531): [PlaybackTrace][Bridge][listener:event] name=startFile payload={}
08-22 16:50:48.127 I/MpvBridgeModule( 8531): [PlaybackTrace][Bridge][play] ptr=131217388029824
08-22 16:50:48.128 I/MpvBridgeModule( 8531): [PlaybackTrace][Bridge][play] nativePlay returned
08-22 16:50:48.129 I/MpvBridgeModule( 8531): [PlaybackTrace][Bridge][play] ptr=131217388029824
08-22 16:50:48.131 I/MpvBridgeModule( 8531): [PlaybackTrace][Bridge][play] nativePlay returned
08-22 16:50:48.131 I/MpvBridgeModule( 8531): [PlaybackTrace][Bridge][play] ptr=131217388029824
08-22 16:50:48.131 I/MpvBridgeModule( 8531): [PlaybackTrace][Bridge][play] nativePlay returned
08-22 16:50:48.132 D/MpvBridgeModule( 8531): [PlaybackTrace][Bridge][getDuration] ptr=131217388029824 duration=0.0
08-22 16:50:48.234 D/MpvBridgeModule( 8531): [PlaybackTrace][Bridge][getPosition] ptr=131217388029824 position=0.0
08-22 16:50:48.234 D/MpvBridgeModule( 8531): [PlaybackTrace][Bridge][getDuration] ptr=131217388029824 duration=0.0
08-22 16:50:48.234 D/MpvBridgeModule( 8531): [PlaybackTrace][Bridge][getPlaybackState] ptr=131217388029824 state=playing idle=false eof=false pause=false
08-22 16:50:48.238 I/MpvBridgeModule( 8531): [PlaybackTrace][Bridge][play] ptr=131217388029824
08-22 16:50:48.239 I/MpvBridgeModule( 8531): [PlaybackTrace][Bridge][play] nativePlay returned
08-22 16:50:48.417 E/MpvBridgeModule( 8531): [PlaybackTrace][Bridge][listener:error] code=-1 message=tls: mbedtls_ssl_handshake returned -0x6600
08-22 16:50:48.432 D/MpvBridgeModule( 8531): [PlaybackTrace][Bridge][getPosition] ptr=131217388029824 position=0.0
08-22 16:50:48.434 D/MpvBridgeModule( 8531): [PlaybackTrace][Bridge][getDuration] ptr=131217388029824 duration=0.0
08-22 16:50:48.435 D/MpvBridgeModule( 8531): [PlaybackTrace][Bridge][getPlaybackState] ptr=131217388029824 state=playing idle=false eof=false pause=false
08-22 16:50:48.438 E/MpvBridgeModule( 8531): [PlaybackTrace][Bridge][listener:error] code=-1 message=Failed to open https://prod-1.storage.jamendo.com/?trackid=171&format=mp31&from=8CSIkMvwtD6jzKZ%2BPEaUMQ%3D%3D%7Cj5s5oI6ivq8l2vQOXyWixQ%3D%3D.
08-22 16:50:48.462 E/MpvBridgeModule( 8531): [PlaybackTrace][Bridge][listener:error] code=-1 message=Subprocess failed: init
08-22 16:50:48.464 I/MpvBridgeModule( 8531): [PlaybackTrace][Bridge][listener:event] name=endFile payload={"reason":4,"error":-13}
08-22 16:50:48.466 E/MpvBridgeModule( 8531): [PlaybackTrace][Bridge][listener:error] code=-1 message=
08-22 16:50:48.466 D/MpvBridgeModule( 8531): [PlaybackTrace][Bridge][getDuration] ptr=131217388029824 duration=0.0
08-22 16:50:48.467 E/MpvBridgeModule( 8531): [PlaybackTrace][Bridge][listener:error] code=-1 message=youtube-dl failed: not found or not enough permissions
08-22 16:50:48.565 I/MpvBridgeModule( 8531): [PlaybackTrace][Bridge][loadFile] requested=https://prod-1.storage.jamendo.com/?trackid=171&format=mp31&from=8CSIkMvwtD6jzKZ%2BPEaUMQ%3D%3D%7Cj5s5oI6ivq8l2vQOXyWixQ%3D%3D resolved=https://prod-1.storage.jamendo.com/?trackid=171&format=mp31&from=8CSIkMvwtD6jzKZ%2BPEaUMQ%3D%3D%7Cj5s5oI6ivq8l2vQOXyWixQ%3D%3D ptr=131217388029824
08-22 16:50:48.565 I/MpvBridgeModule( 8531): [PlaybackTrace][Bridge][loadFile] nativeLoadFile returned
08-22 16:50:48.566 I/MpvBridgeModule( 8531): [PlaybackTrace][Bridge][listener:event] name=startFile payload={}
08-22 16:50:48.574 I/MpvBridgeModule( 8531): [PlaybackTrace][Bridge][play] ptr=131217388029824
08-22 16:50:48.575 I/MpvBridgeModule( 8531): [PlaybackTrace][Bridge][play] nativePlay returned
08-22 16:50:48.837 I/MpvBridgeModule( 8531): [PlaybackTrace][Bridge][play] ptr=131217388029824
08-22 16:50:48.837 I/MpvBridgeModule( 8531): [PlaybackTrace][Bridge][play] nativePlay returned
08-22 16:50:49.120 I/MpvBridgeModule( 8531): [PlaybackTrace][Bridge][loadFile] requested=https://prod-1.storage.jamendo.com/?trackid=171&format=mp31&from=8CSIkMvwtD6jzKZ%2BPEaUMQ%3D%3D%7Cj5s5oI6ivq8l2vQOXyWixQ%3D%3D resolved=https://prod-1.storage.jamendo.com/?trackid=171&format=mp31&from=8CSIkMvwtD6jzKZ%2BPEaUMQ%3D%3D%7Cj5s5oI6ivq8l2vQOXyWixQ%3D%3D ptr=131217388029824
08-22 16:50:49.121 I/MpvBridgeModule( 8531): [PlaybackTrace][Bridge][loadFile] nativeLoadFile returned
08-22 16:50:49.122 I/MpvBridgeModule( 8531): [PlaybackTrace][Bridge][play] ptr=131217388029824
08-22 16:50:49.122 I/MpvBridgeModule( 8531): [PlaybackTrace][Bridge][play] nativePlay returned
08-22 16:50:49.168 D/MpvBridgeModule( 8531): [PlaybackTrace][Bridge][getPosition] ptr=131217388029824 position=0.0
08-22 16:50:49.168 D/MpvBridgeModule( 8531): [PlaybackTrace][Bridge][getDuration] ptr=131217388029824 duration=0.0
08-22 16:50:49.168 D/MpvBridgeModule( 8531): [PlaybackTrace][Bridge][getPlaybackState] ptr=131217388029824 state=playing idle=false eof=false pause=false
08-22 16:50:49.173 I/MpvBridgeModule( 8531): [PlaybackTrace][Bridge][loadFile] requested=https://prod-1.storage.jamendo.com/?trackid=171&format=mp31&from=8CSIkMvwtD6jzKZ%2BPEaUMQ%3D%3D%7Cj5s5oI6ivq8l2vQOXyWixQ%3D%3D resolved=https://prod-1.storage.jamendo.com/?trackid=171&format=mp31&from=8CSIkMvwtD6jzKZ%2BPEaUMQ%3D%3D%7Cj5s5oI6ivq8l2vQOXyWixQ%3D%3D ptr=131217388029824
08-22 16:50:49.174 I/MpvBridgeModule( 8531): [PlaybackTrace][Bridge][loadFile] nativeLoadFile returned
08-22 16:50:49.174 I/MpvBridgeModule( 8531): [PlaybackTrace][Bridge][play] ptr=131217388029824
08-22 16:50:49.174 I/MpvBridgeModule( 8531): [PlaybackTrace][Bridge][play] nativePlay returned
08-22 16:50:49.206 E/MpvBridgeModule( 8531): [PlaybackTrace][Bridge][listener:error] code=-1 message=tls: mbedtls_ssl_handshake returned -0x7280
08-22 16:50:49.207 I/MpvBridgeModule( 8531): [PlaybackTrace][Bridge][listener:event] name=endFile payload={"reason":2,"error":0}
08-22 16:50:49.208 I/MpvBridgeModule( 8531): [PlaybackTrace][Bridge][listener:event] name=startFile payload={}
08-22 16:50:49.386 I/MpvBridgeModule( 8531): [PlaybackTrace][Bridge][play] ptr=131217388029824
08-22 16:50:49.386 I/MpvBridgeModule( 8531): [PlaybackTrace][Bridge][play] nativePlay returned
08-22 16:50:49.420 I/MpvBridgeModule( 8531): [PlaybackTrace][Bridge][loadFile] requested=https://prod-1.storage.jamendo.com/?trackid=171&format=mp31&from=8CSIkMvwtD6jzKZ%2BPEaUMQ%3D%3D%7Cj5s5oI6ivq8l2vQOXyWixQ%3D%3D resolved=https://prod-1.storage.jamendo.com/?trackid=171&format=mp31&from=8CSIkMvwtD6jzKZ%2BPEaUMQ%3D%3D%7Cj5s5oI6ivq8l2vQOXyWixQ%3D%3D ptr=131217388029824
08-22 16:50:49.421 I/MpvBridgeModule( 8531): [PlaybackTrace][Bridge][loadFile] nativeLoadFile returned
08-22 16:50:49.423 I/MpvBridgeModule( 8531): [PlaybackTrace][Bridge][play] ptr=131217388029824
08-22 16:50:49.423 I/MpvBridgeModule( 8531): [PlaybackTrace][Bridge][play] nativePlay returned
08-22 16:50:49.435 D/MpvBridgeModule( 8531): [PlaybackTrace][Bridge][getPosition] ptr=131217388029824 position=0.0
08-22 16:50:49.435 D/MpvBridgeModule( 8531): [PlaybackTrace][Bridge][getDuration] ptr=131217388029824 duration=0.0
08-22 16:50:49.435 D/MpvBridgeModule( 8531): [PlaybackTrace][Bridge][getPlaybackState] ptr=131217388029824 state=playing idle=false eof=false pause=false
08-22 16:50:49.436 I/MpvBridgeModule( 8531): [PlaybackTrace][Bridge][play] ptr=131217388029824
08-22 16:50:49.436 I/MpvBridgeModule( 8531): [PlaybackTrace][Bridge][play] nativePlay returned
08-22 16:50:49.504 E/MpvBridgeModule( 8531): [PlaybackTrace][Bridge][listener:error] code=-1 message=tls: mbedtls_ssl_handshake returned -0x7280
08-22 16:50:49.506 I/MpvBridgeModule( 8531): [PlaybackTrace][Bridge][listener:event] name=endFile payload={"reason":2,"error":0}
08-22 16:50:49.508 I/MpvBridgeModule( 8531): [PlaybackTrace][Bridge][listener:event] name=startFile payload={}
08-22 16:50:49.510 D/MpvBridgeModule( 8531): [PlaybackTrace][Bridge][getDuration] ptr=131217388029824 duration=0.0
08-22 16:50:49.687 I/MpvBridgeModule( 8531): [PlaybackTrace][Bridge][play] ptr=131217388029824
08-22 16:50:49.687 I/MpvBridgeModule( 8531): [PlaybackTrace][Bridge][play] nativePlay returned
08-22 16:50:49.907 E/MpvBridgeModule( 8531): [PlaybackTrace][Bridge][listener:error] code=-1 message=tls: mbedtls_ssl_handshake returned -0x6600
08-22 16:50:49.929 E/MpvBridgeModule( 8531): [PlaybackTrace][Bridge][listener:error] code=-1 message=Failed to open https://prod-1.storage.jamendo.com/?trackid=171&format=mp31&from=8CSIkMvwtD6jzKZ%2BPEaUMQ%3D%3D%7Cj5s5oI6ivq8l2vQOXyWixQ%3D%3D.
08-22 16:50:49.951 E/MpvBridgeModule( 8531): [PlaybackTrace][Bridge][listener:error] code=-1 message=Subprocess failed: init
08-22 16:50:49.954 I/MpvBridgeModule( 8531): [PlaybackTrace][Bridge][listener:event] name=endFile payload={"reason":4,"error":-13}
08-22 16:50:49.956 E/MpvBridgeModule( 8531): [PlaybackTrace][Bridge][listener:error] code=-1 message=
08-22 16:50:49.957 E/MpvBridgeModule( 8531): [PlaybackTrace][Bridge][listener:error] code=-1 message=youtube-dl failed: not found or not enough permissions
08-22 16:50:49.959 D/MpvBridgeModule( 8531): [PlaybackTrace][Bridge][getDuration] ptr=131217388029824 duration=0.0
08-22 16:50:50.072 I/MpvBridgeModule( 8531): [PlaybackTrace][Bridge][loadFile] requested=https://prod-1.storage.jamendo.com/?trackid=171&format=mp31&from=8CSIkMvwtD6jzKZ%2BPEaUMQ%3D%3D%7Cj5s5oI6ivq8l2vQOXyWixQ%3D%3D resolved=https://prod-1.storage.jamendo.com/?trackid=171&format=mp31&from=8CSIkMvwtD6jzKZ%2BPEaUMQ%3D%3D%7Cj5s5oI6ivq8l2vQOXyWixQ%3D%3D ptr=131217388029824
08-22 16:50:50.072 I/MpvBridgeModule( 8531): [PlaybackTrace][Bridge][loadFile] nativeLoadFile returned
08-22 16:50:50.074 I/MpvBridgeModule( 8531): [PlaybackTrace][Bridge][listener:event] name=startFile payload={}
08-22 16:50:50.076 I/MpvBridgeModule( 8531): [PlaybackTrace][Bridge][play] ptr=131217388029824
08-22 16:50:50.077 I/MpvBridgeModule( 8531): [PlaybackTrace][Bridge][play] nativePlay returned
08-22 16:50:50.107 I/MpvBridgeModule( 8531): [PlaybackTrace][Bridge][loadFile] requested=https://prod-1.storage.jamendo.com/?trackid=171&format=mp31&from=8CSIkMvwtD6jzKZ%2BPEaUMQ%3D%3D%7Cj5s5oI6ivq8l2vQOXyWixQ%3D%3D resolved=https://prod-1.storage.jamendo.com/?trackid=171&format=mp31&from=8CSIkMvwtD6jzKZ%2BPEaUMQ%3D%3D%7Cj5s5oI6ivq8l2vQOXyWixQ%3D%3D ptr=131217388029824
08-22 16:50:50.108 I/MpvBridgeModule( 8531): [PlaybackTrace][Bridge][loadFile] nativeLoadFile returned
08-22 16:50:50.109 I/MpvBridgeModule( 8531): [PlaybackTrace][Bridge][play] ptr=131217388029824
08-22 16:50:50.109 I/MpvBridgeModule( 8531): [PlaybackTrace][Bridge][play] nativePlay returned
08-22 16:50:50.186 I/MpvBridgeModule( 8531): [PlaybackTrace][Bridge][listener:event] name=endFile payload={"reason":2,"error":0}
08-22 16:50:50.187 D/MpvBridgeModule( 8531): [PlaybackTrace][Bridge][getPosition] ptr=131217388029824 position=0.0
08-22 16:50:50.188 I/MpvBridgeModule( 8531): [PlaybackTrace][Bridge][listener:event] name=startFile payload={}
08-22 16:50:50.188 D/MpvBridgeModule( 8531): [PlaybackTrace][Bridge][getDuration] ptr=131217388029824 duration=0.0
08-22 16:50:50.188 D/MpvBridgeModule( 8531): [PlaybackTrace][Bridge][getPlaybackState] ptr=131217388029824 state=playing idle=false eof=false pause=false
08-22 16:50:50.336 I/MpvBridgeModule( 8531): [PlaybackTrace][Bridge][play] ptr=131217388029824
08-22 16:50:50.336 I/MpvBridgeModule( 8531): [PlaybackTrace][Bridge][play] nativePlay returned
08-22 16:50:50.369 I/MpvBridgeModule( 8531): [PlaybackTrace][Bridge][play] ptr=131217388029824
08-22 16:50:50.369 I/MpvBridgeModule( 8531): [PlaybackTrace][Bridge][play] nativePlay returned
08-22 16:50:50.452 D/MpvBridgeModule( 8531): [PlaybackTrace][Bridge][getPosition] ptr=131217388029824 position=0.0
08-22 16:50:50.453 D/MpvBridgeModule( 8531): [PlaybackTrace][Bridge][getDuration] ptr=131217388029824 duration=0.0
08-22 16:50:50.453 D/MpvBridgeModule( 8531): [PlaybackTrace][Bridge][getPlaybackState] ptr=131217388029824 state=playing idle=false eof=false pause=false
08-22 16:50:50.639 I/MpvBridgeModule( 8531): [PlaybackTrace][Bridge][loadFile] requested=https://prod-1.storage.jamendo.com/?trackid=171&format=mp31&from=8CSIkMvwtD6jzKZ%2BPEaUMQ%3D%3D%7Cj5s5oI6ivq8l2vQOXyWixQ%3D%3D resolved=https://prod-1.storage.jamendo.com/?trackid=171&format=mp31&from=8CSIkMvwtD6jzKZ%2BPEaUMQ%3D%3D%7Cj5s5oI6ivq8l2vQOXyWixQ%3D%3D ptr=131217388029824
08-22 16:50:50.639 I/MpvBridgeModule( 8531): [PlaybackTrace][Bridge][loadFile] nativeLoadFile returned
08-22 16:50:50.641 I/MpvBridgeModule( 8531): [PlaybackTrace][Bridge][play] ptr=131217388029824
08-22 16:50:50.641 I/MpvBridgeModule( 8531): [PlaybackTrace][Bridge][play] nativePlay returned
08-22 16:50:50.729 E/MpvBridgeModule( 8531): [PlaybackTrace][Bridge][listener:error] code=-1 message=tls: mbedtls_ssl_handshake returned -0x7280
08-22 16:50:50.733 I/MpvBridgeModule( 8531): [PlaybackTrace][Bridge][listener:event] name=endFile payload={"reason":2,"error":0}
08-22 16:50:50.734 I/MpvBridgeModule( 8531): [PlaybackTrace][Bridge][listener:event] name=startFile payload={}
08-22 16:50:50.902 I/MpvBridgeModule( 8531): [PlaybackTrace][Bridge][play] ptr=131217388029824
08-22 16:50:50.903 I/MpvBridgeModule( 8531): [PlaybackTrace][Bridge][play] nativePlay returned
08-22 16:50:51.113 E/MpvBridgeModule( 8531): [PlaybackTrace][Bridge][listener:error] code=-1 message=tls: mbedtls_ssl_handshake returned -0x6600
08-22 16:50:51.133 E/MpvBridgeModule( 8531): [PlaybackTrace][Bridge][listener:error] code=-1 message=Failed to open https://prod-1.storage.jamendo.com/?trackid=171&format=mp31&from=8CSIkMvwtD6jzKZ%2BPEaUMQ%3D%3D%7Cj5s5oI6ivq8l2vQOXyWixQ%3D%3D.
08-22 16:50:51.151 D/MpvBridgeModule( 8531): [PlaybackTrace][Bridge][getDuration] ptr=131217388029824 duration=0.0
08-22 16:50:51.173 E/MpvBridgeModule( 8531): [PlaybackTrace][Bridge][listener:error] code=-1 message=Subprocess failed: init
08-22 16:50:51.175 I/MpvBridgeModule( 8531): [PlaybackTrace][Bridge][listener:event] name=endFile payload={"reason":4,"error":-13}
08-22 16:50:51.177 E/MpvBridgeModule( 8531): [PlaybackTrace][Bridge][listener:error] code=-1 message=
08-22 16:50:51.178 E/MpvBridgeModule( 8531): [PlaybackTrace][Bridge][listener:error] code=-1 message=youtube-dl failed: not found or not enough permissions
08-22 16:50:51.256 D/MpvBridgeModule( 8531): [PlaybackTrace][Bridge][getPosition] ptr=131217388029824 position=0.0
08-22 16:50:51.257 D/MpvBridgeModule( 8531): [PlaybackTrace][Bridge][getDuration] ptr=131217388029824 duration=0.0
08-22 16:50:51.257 D/MpvBridgeModule( 8531): [PlaybackTrace][Bridge][getPlaybackState] ptr=131217388029824 state=idle idle=true
08-22 16:50:51.371 I/MpvBridgeModule( 8531): [PlaybackTrace][Bridge][loadFile] requested=https://prod-1.storage.jamendo.com/?trackid=171&format=mp31&from=8CSIkMvwtD6jzKZ%2BPEaUMQ%3D%3D%7Cj5s5oI6ivq8l2vQOXyWixQ%3D%3D resolved=https://prod-1.storage.jamendo.com/?trackid=171&format=mp31&from=8CSIkMvwtD6jzKZ%2BPEaUMQ%3D%3D%7Cj5s5oI6ivq8l2vQOXyWixQ%3D%3D ptr=131217388029824
08-22 16:50:51.371 I/MpvBridgeModule( 8531): [PlaybackTrace][Bridge][loadFile] nativeLoadFile returned
08-22 16:50:51.372 I/MpvBridgeModule( 8531): [PlaybackTrace][Bridge][play] ptr=131217388029824
08-22 16:50:51.373 I/MpvBridgeModule( 8531): [PlaybackTrace][Bridge][listener:event] name=startFile payload={}
08-22 16:50:51.375 I/MpvBridgeModule( 8531): [PlaybackTrace][Bridge][play] nativePlay returned
08-22 16:50:51.455 I/MpvBridgeModule( 8531): [PlaybackTrace][Bridge][loadFile] requested=https://prod-1.storage.jamendo.com/?trackid=171&format=mp31&from=8CSIkMvwtD6jzKZ%2BPEaUMQ%3D%3D%7Cj5s5oI6ivq8l2vQOXyWixQ%3D%3D resolved=https://prod-1.storage.jamendo.com/?trackid=171&format=mp31&from=8CSIkMvwtD6jzKZ%2BPEaUMQ%3D%3D%7Cj5s5oI6ivq8l2vQOXyWixQ%3D%3D ptr=131217388029824
08-22 16:50:51.455 I/MpvBridgeModule( 8531): [PlaybackTrace][Bridge][loadFile] nativeLoadFile returned
08-22 16:50:51.456 I/MpvBridgeModule( 8531): [PlaybackTrace][Bridge][play] ptr=131217388029824
08-22 16:50:51.457 I/MpvBridgeModule( 8531): [PlaybackTrace][Bridge][play] nativePlay returned
08-22 16:50:51.470 I/MpvBridgeModule( 8531): [PlaybackTrace][Bridge][loadFile] requested=https://prod-1.storage.jamendo.com/?trackid=171&format=mp31&from=8CSIkMvwtD6jzKZ%2BPEaUMQ%3D%3D%7Cj5s5oI6ivq8l2vQOXyWixQ%3D%3D resolved=https://prod-1.storage.jamendo.com/?trackid=171&format=mp31&from=8CSIkMvwtD6jzKZ%2BPEaUMQ%3D%3D%7Cj5s5oI6ivq8l2vQOXyWixQ%3D%3D ptr=131217388029824
08-22 16:50:51.470 I/MpvBridgeModule( 8531): [PlaybackTrace][Bridge][loadFile] nativeLoadFile returned
08-22 16:50:51.472 I/MpvBridgeModule( 8531): [PlaybackTrace][Bridge][play] ptr=131217388029824
08-22 16:50:51.472 I/MpvBridgeModule( 8531): [PlaybackTrace][Bridge][play] nativePlay returned
08-22 16:50:51.486 I/MpvBridgeModule( 8531): [PlaybackTrace][Bridge][listener:event] name=endFile payload={"reason":2,"error":0}
08-22 16:50:51.488 D/MpvBridgeModule( 8531): [PlaybackTrace][Bridge][getPosition] ptr=131217388029824 position=0.0
08-22 16:50:51.488 I/MpvBridgeModule( 8531): [PlaybackTrace][Bridge][listener:event] name=startFile payload={}
08-22 16:50:51.488 D/MpvBridgeModule( 8531): [PlaybackTrace][Bridge][getDuration] ptr=131217388029824 duration=0.0
08-22 16:50:51.488 D/MpvBridgeModule( 8531): [PlaybackTrace][Bridge][getPlaybackState] ptr=131217388029824 state=playing idle=false eof=false pause=false
08-22 16:50:51.538 I/MpvBridgeModule( 8531): [PlaybackTrace][Bridge][loadFile] requested=https://prod-1.storage.jamendo.com/?trackid=171&format=mp31&from=8CSIkMvwtD6jzKZ%2BPEaUMQ%3D%3D%7Cj5s5oI6ivq8l2vQOXyWixQ%3D%3D resolved=https://prod-1.storage.jamendo.com/?trackid=171&format=mp31&from=8CSIkMvwtD6jzKZ%2BPEaUMQ%3D%3D%7Cj5s5oI6ivq8l2vQOXyWixQ%3D%3D ptr=131217388029824
08-22 16:50:51.538 I/MpvBridgeModule( 8531): [PlaybackTrace][Bridge][loadFile] nativeLoadFile returned
08-22 16:50:51.540 I/MpvBridgeModule( 8531): [PlaybackTrace][Bridge][play] ptr=131217388029824
08-22 16:50:51.541 I/MpvBridgeModule( 8531): [PlaybackTrace][Bridge][play] nativePlay returned
08-22 16:50:51.588 I/MpvBridgeModule( 8531): [PlaybackTrace][Bridge][loadFile] requested=https://prod-1.storage.jamendo.com/?trackid=171&format=mp31&from=8CSIkMvwtD6jzKZ%2BPEaUMQ%3D%3D%7Cj5s5oI6ivq8l2vQOXyWixQ%3D%3D resolved=https://prod-1.storage.jamendo.com/?trackid=171&format=mp31&from=8CSIkMvwtD6jzKZ%2BPEaUMQ%3D%3D%7Cj5s5oI6ivq8l2vQOXyWixQ%3D%3D ptr=131217388029824
08-22 16:50:51.588 I/MpvBridgeModule( 8531): [PlaybackTrace][Bridge][loadFile] nativeLoadFile returned
08-22 16:50:51.591 I/MpvBridgeModule( 8531): [PlaybackTrace][Bridge][play] ptr=131217388029824
08-22 16:50:51.591 I/MpvBridgeModule( 8531): [PlaybackTrace][Bridge][play] nativePlay returned
08-22 16:50:51.593 I/MpvBridgeModule( 8531): [PlaybackTrace][Bridge][loadFile] requested=https://prod-1.storage.jamendo.com/?trackid=171&format=mp31&from=8CSIkMvwtD6jzKZ%2BPEaUMQ%3D%3D%7Cj5s5oI6ivq8l2vQOXyWixQ%3D%3D resolved=https://prod-1.storage.jamendo.com/?trackid=171&format=mp31&from=8CSIkMvwtD6jzKZ%2BPEaUMQ%3D%3D%7Cj5s5oI6ivq8l2vQOXyWixQ%3D%3D ptr=131217388029824
08-22 16:50:51.594 I/MpvBridgeModule( 8531): [PlaybackTrace][Bridge][loadFile] nativeLoadFile returned
08-22 16:50:51.598 I/MpvBridgeModule( 8531): [PlaybackTrace][Bridge][listener:event] name=endFile payload={"reason":2,"error":0}
08-22 16:50:51.601 I/MpvBridgeModule( 8531): [PlaybackTrace][Bridge][listener:event] name=startFile payload={}
08-22 16:50:51.601 I/MpvBridgeModule( 8531): [PlaybackTrace][Bridge][play] ptr=131217388029824
08-22 16:50:51.603 I/MpvBridgeModule( 8531): [PlaybackTrace][Bridge][play] nativePlay returned
08-22 16:50:51.653 I/MpvBridgeModule( 8531): [PlaybackTrace][Bridge][play] ptr=131217388029824
08-22 16:50:51.654 I/MpvBridgeModule( 8531): [PlaybackTrace][Bridge][play] nativePlay returned
08-22 16:50:51.736 I/MpvBridgeModule( 8531): [PlaybackTrace][Bridge][play] ptr=131217388029824
08-22 16:50:51.736 I/MpvBridgeModule( 8531): [PlaybackTrace][Bridge][play] nativePlay returned
08-22 16:50:51.753 I/MpvBridgeModule( 8531): [PlaybackTrace][Bridge][play] ptr=131217388029824
08-22 16:50:51.753 I/MpvBridgeModule( 8531): [PlaybackTrace][Bridge][play] nativePlay returned
08-22 16:50:51.819 I/MpvBridgeModule( 8531): [PlaybackTrace][Bridge][play] ptr=131217388029824
08-22 16:50:51.819 I/MpvBridgeModule( 8531): [PlaybackTrace][Bridge][play] nativePlay returned
08-22 16:50:51.870 I/MpvBridgeModule( 8531): [PlaybackTrace][Bridge][play] ptr=131217388029824
08-22 16:50:51.870 I/MpvBridgeModule( 8531): [PlaybackTrace][Bridge][play] nativePlay returned
08-22 16:50:51.886 I/MpvBridgeModule( 8531): [PlaybackTrace][Bridge][play] ptr=131217388029824
08-22 16:50:51.886 I/MpvBridgeModule( 8531): [PlaybackTrace][Bridge][play] nativePlay returned
08-22 16:50:51.990 E/MpvBridgeModule( 8531): [PlaybackTrace][Bridge][listener:error] code=-1 message=tls: mbedtls_ssl_handshake returned -0x6600
08-22 16:50:52.011 E/MpvBridgeModule( 8531): [PlaybackTrace][Bridge][listener:error] code=-1 message=Failed to open https://prod-1.storage.jamendo.com/?trackid=171&format=mp31&from=8CSIkMvwtD6jzKZ%2BPEaUMQ%3D%3D%7Cj5s5oI6ivq8l2vQOXyWixQ%3D%3D.
08-22 16:50:52.028 D/MpvBridgeModule( 8531): [PlaybackTrace][Bridge][getDuration] ptr=131217388029824 duration=0.0
08-22 16:50:52.040 E/MpvBridgeModule( 8531): [PlaybackTrace][Bridge][listener:error] code=-1 message=Subprocess failed: init
08-22 16:50:52.041 I/MpvBridgeModule( 8531): [PlaybackTrace][Bridge][listener:event] name=endFile payload={"reason":4,"error":-13}
08-22 16:50:52.045 E/MpvBridgeModule( 8531): [PlaybackTrace][Bridge][listener:error] code=-1 message=
08-22 16:50:52.045 E/MpvBridgeModule( 8531): [PlaybackTrace][Bridge][listener:error] code=-1 message=youtube-dl failed: not found or not enough permissions
08-22 16:50:52.136 D/MpvBridgeModule( 8531): [PlaybackTrace][Bridge][getDuration] ptr=131217388029824 duration=0.0
08-22 16:50:52.238 D/MpvBridgeModule( 8531): [PlaybackTrace][Bridge][getPosition] ptr=131217388029824 position=0.0
08-22 16:50:52.238 D/MpvBridgeModule( 8531): [PlaybackTrace][Bridge][getDuration] ptr=131217388029824 duration=0.0
08-22 16:50:52.238 D/MpvBridgeModule( 8531): [PlaybackTrace][Bridge][getPlaybackState] ptr=131217388029824 state=idle idle=true
08-22 16:50:52.438 I/MpvBridgeModule( 8531): [PlaybackTrace][Bridge][loadFile] requested=https://prod-1.storage.jamendo.com/?trackid=171&format=mp31&from=8CSIkMvwtD6jzKZ%2BPEaUMQ%3D%3D%7Cj5s5oI6ivq8l2vQOXyWixQ%3D%3D resolved=https://prod-1.storage.jamendo.com/?trackid=171&format=mp31&from=8CSIkMvwtD6jzKZ%2BPEaUMQ%3D%3D%7Cj5s5oI6ivq8l2vQOXyWixQ%3D%3D ptr=131217388029824
08-22 16:50:52.438 I/MpvBridgeModule( 8531): [PlaybackTrace][Bridge][loadFile] nativeLoadFile returned
08-22 16:50:52.441 I/MpvBridgeModule( 8531): [PlaybackTrace][Bridge][listener:event] name=startFile payload={}
08-22 16:50:52.442 I/MpvBridgeModule( 8531): [PlaybackTrace][Bridge][play] ptr=131217388029824
08-22 16:50:52.443 I/MpvBridgeModule( 8531): [PlaybackTrace][Bridge][play] nativePlay returned
08-22 16:50:52.502 D/MpvBridgeModule( 8531): [PlaybackTrace][Bridge][getPosition] ptr=131217388029824 position=0.0
08-22 16:50:52.502 D/MpvBridgeModule( 8531): [PlaybackTrace][Bridge][getDuration] ptr=131217388029824 duration=0.0
08-22 16:50:52.502 D/MpvBridgeModule( 8531): [PlaybackTrace][Bridge][getPlaybackState] ptr=131217388029824 state=playing idle=false eof=false pause=false
08-22 16:50:52.720 I/MpvBridgeModule( 8531): [PlaybackTrace][Bridge][play] ptr=131217388029824
08-22 16:50:52.720 I/MpvBridgeModule( 8531): [PlaybackTrace][Bridge][play] nativePlay returned
08-22 16:50:52.789 I/MpvBridgeModule( 8531): [PlaybackTrace][Bridge][loadFile] requested=https://prod-1.storage.jamendo.com/?trackid=171&format=mp31&from=8CSIkMvwtD6jzKZ%2BPEaUMQ%3D%3D%7Cj5s5oI6ivq8l2vQOXyWixQ%3D%3D resolved=https://prod-1.storage.jamendo.com/?trackid=171&format=mp31&from=8CSIkMvwtD6jzKZ%2BPEaUMQ%3D%3D%7Cj5s5oI6ivq8l2vQOXyWixQ%3D%3D ptr=131217388029824
08-22 16:50:52.790 I/MpvBridgeModule( 8531): [PlaybackTrace][Bridge][loadFile] nativeLoadFile returned
08-22 16:50:52.793 I/MpvBridgeModule( 8531): [PlaybackTrace][Bridge][play] ptr=131217388029824
08-22 16:50:52.793 I/MpvBridgeModule( 8531): [PlaybackTrace][Bridge][play] nativePlay returned
08-22 16:50:52.817 E/MpvBridgeModule( 8531): [PlaybackTrace][Bridge][listener:error] code=-1 message=tls: mbedtls_ssl_handshake returned -0x7280
08-22 16:50:52.820 I/MpvBridgeModule( 8531): [PlaybackTrace][Bridge][listener:event] name=endFile payload={"reason":2,"error":0}
08-22 16:50:52.820 I/MpvBridgeModule( 8531): [PlaybackTrace][Bridge][listener:event] name=startFile payload={}
08-22 16:50:52.952 I/MpvBridgeModule( 8531): [PlaybackTrace][Bridge][loadFile] requested=https://prod-1.storage.jamendo.com/?trackid=171&format=mp31&from=8CSIkMvwtD6jzKZ%2BPEaUMQ%3D%3D%7Cj5s5oI6ivq8l2vQOXyWixQ%3D%3D resolved=https://prod-1.storage.jamendo.com/?trackid=171&format=mp31&from=8CSIkMvwtD6jzKZ%2BPEaUMQ%3D%3D%7Cj5s5oI6ivq8l2vQOXyWixQ%3D%3D ptr=131217388029824
08-22 16:50:52.953 I/MpvBridgeModule( 8531): [PlaybackTrace][Bridge][loadFile] nativeLoadFile returned
08-22 16:50:52.955 I/MpvBridgeModule( 8531): [PlaybackTrace][Bridge][play] ptr=131217388029824
08-22 16:50:52.955 I/MpvBridgeModule( 8531): [PlaybackTrace][Bridge][play] nativePlay returned
08-22 16:50:53.006 E/MpvBridgeModule( 8531): [PlaybackTrace][Bridge][listener:error] code=-1 message=tls: mbedtls_ssl_handshake returned -0x7280
08-22 16:50:53.008 I/MpvBridgeModule( 8531): [PlaybackTrace][Bridge][listener:event] name=endFile payload={"reason":2,"error":0}
08-22 16:50:53.009 I/MpvBridgeModule( 8531): [PlaybackTrace][Bridge][listener:event] name=startFile payload={}
08-22 16:50:53.070 I/MpvBridgeModule( 8531): [PlaybackTrace][Bridge][play] ptr=131217388029824
08-22 16:50:53.071 I/MpvBridgeModule( 8531): [PlaybackTrace][Bridge][play] nativePlay returned
08-22 16:50:53.236 I/MpvBridgeModule( 8531): [PlaybackTrace][Bridge][play] ptr=131217388029824
08-22 16:50:53.236 I/MpvBridgeModule( 8531): [PlaybackTrace][Bridge][play] nativePlay returned
08-22 16:50:53.252 D/MpvBridgeModule( 8531): [PlaybackTrace][Bridge][getPosition] ptr=131217388029824 position=0.0
08-22 16:50:53.252 D/MpvBridgeModule( 8531): [PlaybackTrace][Bridge][getDuration] ptr=131217388029824 duration=0.0
08-22 16:50:53.252 D/MpvBridgeModule( 8531): [PlaybackTrace][Bridge][getPlaybackState] ptr=131217388029824 state=playing idle=false eof=false pause=false
08-22 16:50:53.463 E/MpvBridgeModule( 8531): [PlaybackTrace][Bridge][listener:error] code=-1 message=tls: mbedtls_ssl_handshake returned -0x6600
08-22 16:50:53.480 E/MpvBridgeModule( 8531): [PlaybackTrace][Bridge][listener:error] code=-1 message=Failed to open https://prod-1.storage.jamendo.com/?trackid=171&format=mp31&from=8CSIkMvwtD6jzKZ%2BPEaUMQ%3D%3D%7Cj5s5oI6ivq8l2vQOXyWixQ%3D%3D.
08-22 16:50:53.495 D/MpvBridgeModule( 8531): [PlaybackTrace][Bridge][getDuration] ptr=131217388029824 duration=0.0
08-22 16:50:53.508 E/MpvBridgeModule( 8531): [PlaybackTrace][Bridge][listener:error] code=-1 message=Subprocess failed: init
08-22 16:50:53.511 I/MpvBridgeModule( 8531): [PlaybackTrace][Bridge][listener:event] name=endFile payload={"reason":4,"error":-13}
08-22 16:50:53.513 E/MpvBridgeModule( 8531): [PlaybackTrace][Bridge][listener:error] code=-1 message=
08-22 16:50:53.514 E/MpvBridgeModule( 8531): [PlaybackTrace][Bridge][listener:error] code=-1 message=youtube-dl failed: not found or not enough permissions
08-22 16:50:53.612 D/MpvBridgeModule( 8531): [PlaybackTrace][Bridge][getPosition] ptr=131217388029824 position=0.0
08-22 16:50:53.612 D/MpvBridgeModule( 8531): [PlaybackTrace][Bridge][getDuration] ptr=131217388029824 duration=0.0
08-22 16:50:53.612 D/MpvBridgeModule( 8531): [PlaybackTrace][Bridge][getPlaybackState] ptr=131217388029824 state=idle idle=true
08-22 16:50:53.615 I/MpvBridgeModule( 8531): [PlaybackTrace][Bridge][loadFile] requested=https://prod-1.storage.jamendo.com/?trackid=171&format=mp31&from=8CSIkMvwtD6jzKZ%2BPEaUMQ%3D%3D%7Cj5s5oI6ivq8l2vQOXyWixQ%3D%3D resolved=https://prod-1.storage.jamendo.com/?trackid=171&format=mp31&from=8CSIkMvwtD6jzKZ%2BPEaUMQ%3D%3D%7Cj5s5oI6ivq8l2vQOXyWixQ%3D%3D ptr=131217388029824
08-22 16:50:53.615 I/MpvBridgeModule( 8531): [PlaybackTrace][Bridge][loadFile] nativeLoadFile returned
08-22 16:50:53.617 I/MpvBridgeModule( 8531): [PlaybackTrace][Bridge][listener:event] name=startFile payload={}
08-22 16:50:53.619 I/MpvBridgeModule( 8531): [PlaybackTrace][Bridge][play] ptr=131217388029824
08-22 16:50:53.621 I/MpvBridgeModule( 8531): [PlaybackTrace][Bridge][play] nativePlay returned
08-22 16:50:53.629 D/MpvBridgeModule( 8531): [PlaybackTrace][Bridge][getDuration] ptr=131217388029824 duration=0.0
08-22 16:50:53.742 I/MpvBridgeModule( 8531): [PlaybackTrace][Bridge][loadFile] requested=https://prod-1.storage.jamendo.com/?trackid=171&format=mp31&from=8CSIkMvwtD6jzKZ%2BPEaUMQ%3D%3D%7Cj5s5oI6ivq8l2vQOXyWixQ%3D%3D resolved=https://prod-1.storage.jamendo.com/?trackid=171&format=mp31&from=8CSIkMvwtD6jzKZ%2BPEaUMQ%3D%3D%7Cj5s5oI6ivq8l2vQOXyWixQ%3D%3D ptr=131217388029824
08-22 16:50:53.742 I/MpvBridgeModule( 8531): [PlaybackTrace][Bridge][loadFile] nativeLoadFile returned
08-22 16:50:53.743 I/MpvBridgeModule( 8531): [PlaybackTrace][Bridge][play] ptr=131217388029824
08-22 16:50:53.743 I/MpvBridgeModule( 8531): [PlaybackTrace][Bridge][play] nativePlay returned
08-22 16:50:53.772 I/MpvBridgeModule( 8531): [PlaybackTrace][Bridge][loadFile] requested=https://prod-1.storage.jamendo.com/?trackid=171&format=mp31&from=8CSIkMvwtD6jzKZ%2BPEaUMQ%3D%3D%7Cj5s5oI6ivq8l2vQOXyWixQ%3D%3D resolved=https://prod-1.storage.jamendo.com/?trackid=171&format=mp31&from=8CSIkMvwtD6jzKZ%2BPEaUMQ%3D%3D%7Cj5s5oI6ivq8l2vQOXyWixQ%3D%3D ptr=131217388029824
08-22 16:50:53.772 I/MpvBridgeModule( 8531): [PlaybackTrace][Bridge][loadFile] nativeLoadFile returned
08-22 16:50:53.775 I/MpvBridgeModule( 8531): [PlaybackTrace][Bridge][play] ptr=131217388029824
08-22 16:50:53.775 I/MpvBridgeModule( 8531): [PlaybackTrace][Bridge][play] nativePlay returned
08-22 16:50:53.836 I/MpvBridgeModule( 8531): [PlaybackTrace][Bridge][listener:event] name=endFile payload={"reason":2,"error":0}
08-22 16:50:53.839 I/MpvBridgeModule( 8531): [PlaybackTrace][Bridge][listener:event] name=startFile payload={}
08-22 16:50:53.905 I/MpvBridgeModule( 8531): [PlaybackTrace][Bridge][play] ptr=131217388029824
08-22 16:50:53.905 I/MpvBridgeModule( 8531): [PlaybackTrace][Bridge][play] nativePlay returned
08-22 16:50:54.002 D/MpvBridgeModule( 8531): [PlaybackTrace][Bridge][getPlaybackState] ptr=131217388029824 state=playing idle=false eof=false pause=false
08-22 16:50:54.004 I/MpvBridgeModule( 8531): [PlaybackTrace][Bridge][pause] ptr=131217388029824
08-22 16:50:54.005 I/MpvBridgeModule( 8531): [PlaybackTrace][Bridge][pause] nativePause returned
08-22 16:50:54.021 I/MpvBridgeModule( 8531): [PlaybackTrace][Bridge][play] ptr=131217388029824
08-22 16:50:54.022 I/MpvBridgeModule( 8531): [PlaybackTrace][Bridge][play] nativePlay returned
08-22 16:50:54.053 I/MpvBridgeModule( 8531): [PlaybackTrace][Bridge][play] ptr=131217388029824
08-22 16:50:54.054 I/MpvBridgeModule( 8531): [PlaybackTrace][Bridge][play] nativePlay returned
08-22 16:50:54.268 D/MpvBridgeModule( 8531): [PlaybackTrace][Bridge][getPosition] ptr=131217388029824 position=0.0
08-22 16:50:54.268 D/MpvBridgeModule( 8531): [PlaybackTrace][Bridge][getDuration] ptr=131217388029824 duration=0.0
08-22 16:50:54.268 D/MpvBridgeModule( 8531): [PlaybackTrace][Bridge][getPlaybackState] ptr=131217388029824 state=playing idle=false eof=false pause=false
08-22 16:50:54.282 E/MpvBridgeModule( 8531): [PlaybackTrace][Bridge][listener:error] code=-1 message=tls: mbedtls_ssl_handshake returned -0x6600
08-22 16:50:54.304 E/MpvBridgeModule( 8531): [PlaybackTrace][Bridge][listener:error] code=-1 message=Failed to open https://prod-1.storage.jamendo.com/?trackid=171&format=mp31&from=8CSIkMvwtD6jzKZ%2BPEaUMQ%3D%3D%7Cj5s5oI6ivq8l2vQOXyWixQ%3D%3D.
08-22 16:50:54.315 I/MpvBridgeModule( 8531): [PlaybackTrace][Bridge][loadFile] requested=https://prod-1.storage.jamendo.com/?trackid=171&format=mp31&from=8CSIkMvwtD6jzKZ%2BPEaUMQ%3D%3D%7Cj5s5oI6ivq8l2vQOXyWixQ%3D%3D resolved=https://prod-1.storage.jamendo.com/?trackid=171&format=mp31&from=8CSIkMvwtD6jzKZ%2BPEaUMQ%3D%3D%7Cj5s5oI6ivq8l2vQOXyWixQ%3D%3D ptr=131217388029824
08-22 16:50:54.318 I/MpvBridgeModule( 8531): [PlaybackTrace][Bridge][loadFile] nativeLoadFile returned
08-22 16:50:54.318 I/MpvBridgeModule( 8531): [PlaybackTrace][Bridge][play] ptr=131217388029824
08-22 16:50:54.318 I/MpvBridgeModule( 8531): [PlaybackTrace][Bridge][play] nativePlay returned
08-22 16:50:54.322 D/MpvBridgeModule( 8531): [PlaybackTrace][Bridge][getDuration] ptr=131217388029824 duration=0.0
08-22 16:50:54.326 E/MpvBridgeModule( 8531): [PlaybackTrace][Bridge][listener:error] code=-1 message=Subprocess failed: init
08-22 16:50:54.328 E/MpvBridgeModule( 8531): [PlaybackTrace][Bridge][listener:error] code=-1 message=
08-22 16:50:54.329 E/MpvBridgeModule( 8531): [PlaybackTrace][Bridge][listener:error] code=-1 message=youtube-dl failed: not found or not enough permissions
08-22 16:50:54.330 I/MpvBridgeModule( 8531): [PlaybackTrace][Bridge][listener:event] name=endFile payload={"reason":2,"error":0}
08-22 16:50:54.331 I/MpvBridgeModule( 8531): [PlaybackTrace][Bridge][listener:event] name=startFile payload={}
08-22 16:50:54.422 I/MpvBridgeModule( 8531): [PlaybackTrace][Bridge][loadFile] requested=https://prod-1.storage.jamendo.com/?trackid=171&format=mp31&from=8CSIkMvwtD6jzKZ%2BPEaUMQ%3D%3D%7Cj5s5oI6ivq8l2vQOXyWixQ%3D%3D resolved=https://prod-1.storage.jamendo.com/?trackid=171&format=mp31&from=8CSIkMvwtD6jzKZ%2BPEaUMQ%3D%3D%7Cj5s5oI6ivq8l2vQOXyWixQ%3D%3D ptr=131217388029824
08-22 16:50:54.423 I/MpvBridgeModule( 8531): [PlaybackTrace][Bridge][loadFile] nativeLoadFile returned
08-22 16:50:54.424 I/MpvBridgeModule( 8531): [PlaybackTrace][Bridge][play] ptr=131217388029824
08-22 16:50:54.425 I/MpvBridgeModule( 8531): [PlaybackTrace][Bridge][play] nativePlay returned
08-22 16:50:54.434 D/MpvBridgeModule( 8531): [PlaybackTrace][Bridge][getDuration] ptr=131217388029824 duration=0.0
08-22 16:50:54.444 I/MpvBridgeModule( 8531): [PlaybackTrace][Bridge][listener:event] name=endFile payload={"reason":2,"error":0}
08-22 16:50:54.447 I/MpvBridgeModule( 8531): [PlaybackTrace][Bridge][listener:event] name=startFile payload={}
08-22 16:50:54.532 I/MpvBridgeModule( 8531): [PlaybackTrace][Bridge][loadFile] requested=https://prod-1.storage.jamendo.com/?trackid=171&format=mp31&from=8CSIkMvwtD6jzKZ%2BPEaUMQ%3D%3D%7Cj5s5oI6ivq8l2vQOXyWixQ%3D%3D resolved=https://prod-1.storage.jamendo.com/?trackid=171&format=mp31&from=8CSIkMvwtD6jzKZ%2BPEaUMQ%3D%3D%7Cj5s5oI6ivq8l2vQOXyWixQ%3D%3D ptr=131217388029824
08-22 16:50:54.533 I/MpvBridgeModule( 8531): [PlaybackTrace][Bridge][loadFile] nativeLoadFile returned
08-22 16:50:54.536 I/MpvBridgeModule( 8531): [PlaybackTrace][Bridge][play] ptr=131217388029824
08-22 16:50:54.536 I/MpvBridgeModule( 8531): [PlaybackTrace][Bridge][play] nativePlay returned
08-22 16:50:54.540 D/MpvBridgeModule( 8531): [PlaybackTrace][Bridge][getPosition] ptr=131217388029824 position=0.0
08-22 16:50:54.540 D/MpvBridgeModule( 8531): [PlaybackTrace][Bridge][getDuration] ptr=131217388029824 duration=0.0
08-22 16:50:54.540 D/MpvBridgeModule( 8531): [PlaybackTrace][Bridge][getPlaybackState] ptr=131217388029824 state=playing idle=false eof=false pause=false
08-22 16:50:54.544 D/MpvBridgeModule( 8531): [PlaybackTrace][Bridge][getDuration] ptr=131217388029824 duration=0.0
08-22 16:50:54.556 I/MpvBridgeModule( 8531): [PlaybackTrace][Bridge][listener:event] name=endFile payload={"reason":2,"error":0}
08-22 16:50:54.557 I/MpvBridgeModule( 8531): [PlaybackTrace][Bridge][listener:event] name=startFile payload={}
08-22 16:50:54.640 I/MpvBridgeModule( 8531): [PlaybackTrace][Bridge][play] ptr=131217388029824
08-22 16:50:54.640 I/MpvBridgeModule( 8531): [PlaybackTrace][Bridge][play] nativePlay returned
08-22 16:50:54.703 I/MpvBridgeModule( 8531): [PlaybackTrace][Bridge][play] ptr=131217388029824
08-22 16:50:54.703 I/MpvBridgeModule( 8531): [PlaybackTrace][Bridge][play] nativePlay returned
08-22 16:50:54.819 I/MpvBridgeModule( 8531): [PlaybackTrace][Bridge][play] ptr=131217388029824
08-22 16:50:54.819 I/MpvBridgeModule( 8531): [PlaybackTrace][Bridge][play] nativePlay returned
08-22 16:50:54.999 E/MpvBridgeModule( 8531): [PlaybackTrace][Bridge][listener:error] code=-1 message=tls: mbedtls_ssl_handshake returned -0x6600
08-22 16:50:55.019 E/MpvBridgeModule( 8531): [PlaybackTrace][Bridge][listener:error] code=-1 message=Failed to open https://prod-1.storage.jamendo.com/?trackid=171&format=mp31&from=8CSIkMvwtD6jzKZ%2BPEaUMQ%3D%3D%7Cj5s5oI6ivq8l2vQOXyWixQ%3D%3D.
08-22 16:50:55.044 E/MpvBridgeModule( 8531): [PlaybackTrace][Bridge][listener:error] code=-1 message=Subprocess failed: init
08-22 16:50:55.046 I/MpvBridgeModule( 8531): [PlaybackTrace][Bridge][listener:event] name=endFile payload={"reason":4,"error":-13}
08-22 16:50:55.047 E/MpvBridgeModule( 8531): [PlaybackTrace][Bridge][listener:error] code=-1 message=
08-22 16:50:55.048 E/MpvBridgeModule( 8531): [PlaybackTrace][Bridge][listener:error] code=-1 message=youtube-dl failed: not found or not enough permissions
08-22 16:50:55.052 D/MpvBridgeModule( 8531): [PlaybackTrace][Bridge][getDuration] ptr=131217388029824 duration=0.0
08-22 16:50:55.142 I/MpvBridgeModule( 8531): [PlaybackTrace][Bridge][loadFile] requested=https://prod-1.storage.jamendo.com/?trackid=171&format=mp31&from=8CSIkMvwtD6jzKZ%2BPEaUMQ%3D%3D%7Cj5s5oI6ivq8l2vQOXyWixQ%3D%3D resolved=https://prod-1.storage.jamendo.com/?trackid=171&format=mp31&from=8CSIkMvwtD6jzKZ%2BPEaUMQ%3D%3D%7Cj5s5oI6ivq8l2vQOXyWixQ%3D%3D ptr=131217388029824
08-22 16:50:55.143 I/MpvBridgeModule( 8531): [PlaybackTrace][Bridge][loadFile] nativeLoadFile returned
08-22 16:50:55.146 I/MpvBridgeModule( 8531): [PlaybackTrace][Bridge][play] ptr=131217388029824
08-22 16:50:55.147 I/MpvBridgeModule( 8531): [PlaybackTrace][Bridge][listener:event] name=startFile payload={}
08-22 16:50:55.148 I/MpvBridgeModule( 8531): [PlaybackTrace][Bridge][play] nativePlay returned
08-22 16:50:55.157 I/MpvBridgeModule( 8531): [PlaybackTrace][Bridge][loadFile] requested=https://prod-1.storage.jamendo.com/?trackid=171&format=mp31&from=8CSIkMvwtD6jzKZ%2BPEaUMQ%3D%3D%7Cj5s5oI6ivq8l2vQOXyWixQ%3D%3D resolved=https://prod-1.storage.jamendo.com/?trackid=171&format=mp31&from=8CSIkMvwtD6jzKZ%2BPEaUMQ%3D%3D%7Cj5s5oI6ivq8l2vQOXyWixQ%3D%3D ptr=131217388029824
08-22 16:50:55.157 I/MpvBridgeModule( 8531): [PlaybackTrace][Bridge][loadFile] nativeLoadFile returned
08-22 16:50:55.158 I/MpvBridgeModule( 8531): [PlaybackTrace][Bridge][play] ptr=131217388029824
08-22 16:50:55.158 I/MpvBridgeModule( 8531): [PlaybackTrace][Bridge][play] nativePlay returned
08-22 16:50:55.238 I/MpvBridgeModule( 8531): [PlaybackTrace][Bridge][loadFile] requested=https://prod-1.storage.jamendo.com/?trackid=171&format=mp31&from=8CSIkMvwtD6jzKZ%2BPEaUMQ%3D%3D%7Cj5s5oI6ivq8l2vQOXyWixQ%3D%3D resolved=https://prod-1.storage.jamendo.com/?trackid=171&format=mp31&from=8CSIkMvwtD6jzKZ%2BPEaUMQ%3D%3D%7Cj5s5oI6ivq8l2vQOXyWixQ%3D%3D ptr=131217388029824
08-22 16:50:55.239 I/MpvBridgeModule( 8531): [PlaybackTrace][Bridge][loadFile] nativeLoadFile returned
08-22 16:50:55.241 I/MpvBridgeModule( 8531): [PlaybackTrace][Bridge][play] ptr=131217388029824
08-22 16:50:55.241 I/MpvBridgeModule( 8531): [PlaybackTrace][Bridge][play] nativePlay returned
08-22 16:50:55.255 I/MpvBridgeModule( 8531): [PlaybackTrace][Bridge][listener:event] name=endFile payload={"reason":2,"error":0}
08-22 16:50:55.256 I/MpvBridgeModule( 8531): [PlaybackTrace][Bridge][listener:event] name=startFile payload={}
08-22 16:50:55.285 D/MpvBridgeModule( 8531): [PlaybackTrace][Bridge][getPosition] ptr=131217388029824 position=0.0
08-22 16:50:55.285 D/MpvBridgeModule( 8531): [PlaybackTrace][Bridge][getDuration] ptr=131217388029824 duration=0.0
08-22 16:50:55.285 D/MpvBridgeModule( 8531): [PlaybackTrace][Bridge][getPlaybackState] ptr=131217388029824 state=playing idle=false eof=false pause=false
08-22 16:50:55.418 I/MpvBridgeModule( 8531): [PlaybackTrace][Bridge][play] ptr=131217388029824
08-22 16:50:55.419 I/MpvBridgeModule( 8531): [PlaybackTrace][Bridge][play] nativePlay returned
08-22 16:50:55.436 I/MpvBridgeModule( 8531): [PlaybackTrace][Bridge][play] ptr=131217388029824
08-22 16:50:55.437 I/MpvBridgeModule( 8531): [PlaybackTrace][Bridge][play] nativePlay returned
08-22 16:50:55.518 I/MpvBridgeModule( 8531): [PlaybackTrace][Bridge][play] ptr=131217388029824
08-22 16:50:55.519 I/MpvBridgeModule( 8531): [PlaybackTrace][Bridge][play] nativePlay returned
08-22 16:50:55.554 D/MpvBridgeModule( 8531): [PlaybackTrace][Bridge][getPosition] ptr=131217388029824 position=0.0
08-22 16:50:55.554 D/MpvBridgeModule( 8531): [PlaybackTrace][Bridge][getDuration] ptr=131217388029824 duration=0.0
08-22 16:50:55.554 D/MpvBridgeModule( 8531): [PlaybackTrace][Bridge][getPlaybackState] ptr=131217388029824 state=playing idle=false eof=false pause=false
08-22 16:50:55.837 I/MpvBridgeModule( 8531): [PlaybackTrace][Bridge][loadFile] requested=https://prod-1.storage.jamendo.com/?trackid=171&format=mp31&from=8CSIkMvwtD6jzKZ%2BPEaUMQ%3D%3D%7Cj5s5oI6ivq8l2vQOXyWixQ%3D%3D resolved=https://prod-1.storage.jamendo.com/?trackid=171&format=mp31&from=8CSIkMvwtD6jzKZ%2BPEaUMQ%3D%3D%7Cj5s5oI6ivq8l2vQOXyWixQ%3D%3D ptr=131217388029824
08-22 16:50:55.839 I/MpvBridgeModule( 8531): [PlaybackTrace][Bridge][loadFile] nativeLoadFile returned
08-22 16:50:55.841 I/MpvBridgeModule( 8531): [PlaybackTrace][Bridge][play] ptr=131217388029824
08-22 16:50:55.841 I/MpvBridgeModule( 8531): [PlaybackTrace][Bridge][play] nativePlay returned
08-22 16:50:55.917 E/MpvBridgeModule( 8531): [PlaybackTrace][Bridge][listener:error] code=-1 message=tls: mbedtls_ssl_handshake returned -0x7280
08-22 16:50:55.922 I/MpvBridgeModule( 8531): [PlaybackTrace][Bridge][listener:event] name=endFile payload={"reason":2,"error":0}
08-22 16:50:55.923 I/MpvBridgeModule( 8531): [PlaybackTrace][Bridge][listener:event] name=startFile payload={}
08-22 16:50:55.987 I/MpvBridgeModule( 8531): [PlaybackTrace][Bridge][loadFile] requested=https://prod-1.storage.jamendo.com/?trackid=171&format=mp31&from=8CSIkMvwtD6jzKZ%2BPEaUMQ%3D%3D%7Cj5s5oI6ivq8l2vQOXyWixQ%3D%3D resolved=https://prod-1.storage.jamendo.com/?trackid=171&format=mp31&from=8CSIkMvwtD6jzKZ%2BPEaUMQ%3D%3D%7Cj5s5oI6ivq8l2vQOXyWixQ%3D%3D ptr=131217388029824
08-22 16:50:55.987 I/MpvBridgeModule( 8531): [PlaybackTrace][Bridge][loadFile] nativeLoadFile returned
08-22 16:50:55.989 I/MpvBridgeModule( 8531): [PlaybackTrace][Bridge][play] ptr=131217388029824
08-22 16:50:55.990 I/MpvBridgeModule( 8531): [PlaybackTrace][Bridge][play] nativePlay returned
08-22 16:50:56.031 I/MpvBridgeModule( 8531): [PlaybackTrace][Bridge][listener:event] name=endFile payload={"reason":2,"error":0}
08-22 16:50:56.033 I/MpvBridgeModule( 8531): [PlaybackTrace][Bridge][listener:event] name=startFile payload={}
08-22 16:50:56.037 I/MpvBridgeModule( 8531): [PlaybackTrace][Bridge][loadFile] requested=https://prod-1.storage.jamendo.com/?trackid=171&format=mp31&from=8CSIkMvwtD6jzKZ%2BPEaUMQ%3D%3D%7Cj5s5oI6ivq8l2vQOXyWixQ%3D%3D resolved=https://prod-1.storage.jamendo.com/?trackid=171&format=mp31&from=8CSIkMvwtD6jzKZ%2BPEaUMQ%3D%3D%7Cj5s5oI6ivq8l2vQOXyWixQ%3D%3D ptr=131217388029824
08-22 16:50:56.039 I/MpvBridgeModule( 8531): [PlaybackTrace][Bridge][loadFile] nativeLoadFile returned
08-22 16:50:56.040 I/MpvBridgeModule( 8531): [PlaybackTrace][Bridge][play] ptr=131217388029824
08-22 16:50:56.040 I/MpvBridgeModule( 8531): [PlaybackTrace][Bridge][play] nativePlay returned
08-22 16:50:56.041 I/MpvBridgeModule( 8531): [PlaybackTrace][Bridge][listener:event] name=endFile payload={"reason":2,"error":0}
08-22 16:50:56.043 I/MpvBridgeModule( 8531): [PlaybackTrace][Bridge][listener:event] name=startFile payload={}
08-22 16:50:56.119 I/MpvBridgeModule( 8531): [PlaybackTrace][Bridge][play] ptr=131217388029824
08-22 16:50:56.120 I/MpvBridgeModule( 8531): [PlaybackTrace][Bridge][play] nativePlay returned
08-22 16:50:56.270 I/MpvBridgeModule( 8531): [PlaybackTrace][Bridge][play] ptr=131217388029824
08-22 16:50:56.270 I/MpvBridgeModule( 8531): [PlaybackTrace][Bridge][play] nativePlay returned
08-22 16:50:56.302 D/MpvBridgeModule( 8531): [PlaybackTrace][Bridge][getPosition] ptr=131217388029824 position=0.0
08-22 16:50:56.302 D/MpvBridgeModule( 8531): [PlaybackTrace][Bridge][getDuration] ptr=131217388029824 duration=0.0
08-22 16:50:56.302 D/MpvBridgeModule( 8531): [PlaybackTrace][Bridge][getPlaybackState] ptr=131217388029824 state=playing idle=false eof=false pause=false
08-22 16:50:56.319 I/MpvBridgeModule( 8531): [PlaybackTrace][Bridge][play] ptr=131217388029824
08-22 16:50:56.319 I/MpvBridgeModule( 8531): [PlaybackTrace][Bridge][play] nativePlay returned
08-22 16:50:56.555 I/MpvBridgeModule( 8531): [PlaybackTrace][Bridge][loadFile] requested=https://prod-1.storage.jamendo.com/?trackid=171&format=mp31&from=8CSIkMvwtD6jzKZ%2BPEaUMQ%3D%3D%7Cj5s5oI6ivq8l2vQOXyWixQ%3D%3D resolved=https://prod-1.storage.jamendo.com/?trackid=171&format=mp31&from=8CSIkMvwtD6jzKZ%2BPEaUMQ%3D%3D%7Cj5s5oI6ivq8l2vQOXyWixQ%3D%3D ptr=131217388029824
08-22 16:50:56.555 I/MpvBridgeModule( 8531): [PlaybackTrace][Bridge][loadFile] nativeLoadFile returned
08-22 16:50:56.557 I/MpvBridgeModule( 8531): [PlaybackTrace][Bridge][play] ptr=131217388029824
08-22 16:50:56.558 I/MpvBridgeModule( 8531): [PlaybackTrace][Bridge][play] nativePlay returned
08-22 16:50:56.569 D/MpvBridgeModule( 8531): [PlaybackTrace][Bridge][getPosition] ptr=131217388029824 position=0.0
08-22 16:50:56.569 D/MpvBridgeModule( 8531): [PlaybackTrace][Bridge][getDuration] ptr=131217388029824 duration=0.0
08-22 16:50:56.569 D/MpvBridgeModule( 8531): [PlaybackTrace][Bridge][getPlaybackState] ptr=131217388029824 state=playing idle=false eof=false pause=false
08-22 16:50:56.587 I/MpvBridgeModule( 8531): [PlaybackTrace][Bridge][loadFile] requested=https://prod-1.storage.jamendo.com/?trackid=171&format=mp31&from=8CSIkMvwtD6jzKZ%2BPEaUMQ%3D%3D%7Cj5s5oI6ivq8l2vQOXyWixQ%3D%3D resolved=https://prod-1.storage.jamendo.com/?trackid=171&format=mp31&from=8CSIkMvwtD6jzKZ%2BPEaUMQ%3D%3D%7Cj5s5oI6ivq8l2vQOXyWixQ%3D%3D ptr=131217388029824
08-22 16:50:56.588 I/MpvBridgeModule( 8531): [PlaybackTrace][Bridge][loadFile] nativeLoadFile returned
08-22 16:50:56.589 I/MpvBridgeModule( 8531): [PlaybackTrace][Bridge][play] ptr=131217388029824
08-22 16:50:56.590 I/MpvBridgeModule( 8531): [PlaybackTrace][Bridge][play] nativePlay returned
08-22 16:50:56.627 E/MpvBridgeModule( 8531): [PlaybackTrace][Bridge][listener:error] code=-1 message=tls: mbedtls_ssl_handshake returned -0x7280
08-22 16:50:56.631 I/MpvBridgeModule( 8531): [PlaybackTrace][Bridge][listener:event] name=endFile payload={"reason":2,"error":0}
08-22 16:50:56.633 I/MpvBridgeModule( 8531): [PlaybackTrace][Bridge][listener:event] name=startFile payload={}
08-22 16:50:56.639 I/MpvBridgeModule( 8531): [PlaybackTrace][Bridge][loadFile] requested=https://prod-1.storage.jamendo.com/?trackid=171&format=mp31&from=8CSIkMvwtD6jzKZ%2BPEaUMQ%3D%3D%7Cj5s5oI6ivq8l2vQOXyWixQ%3D%3D resolved=https://prod-1.storage.jamendo.com/?trackid=171&format=mp31&from=8CSIkMvwtD6jzKZ%2BPEaUMQ%3D%3D%7Cj5s5oI6ivq8l2vQOXyWixQ%3D%3D ptr=131217388029824
08-22 16:50:56.640 I/MpvBridgeModule( 8531): [PlaybackTrace][Bridge][loadFile] nativeLoadFile returned
08-22 16:50:56.642 I/MpvBridgeModule( 8531): [PlaybackTrace][Bridge][listener:event] name=endFile payload={"reason":2,"error":0}
08-22 16:50:56.643 I/MpvBridgeModule( 8531): [PlaybackTrace][Bridge][play] ptr=131217388029824
08-22 16:50:56.645 I/MpvBridgeModule( 8531): [PlaybackTrace][Bridge][play] nativePlay returned
08-22 16:50:56.647 I/MpvBridgeModule( 8531): [PlaybackTrace][Bridge][listener:event] name=startFile payload={}
08-22 16:50:56.836 I/MpvBridgeModule( 8531): [PlaybackTrace][Bridge][play] ptr=131217388029824
08-22 16:50:56.837 I/MpvBridgeModule( 8531): [PlaybackTrace][Bridge][play] nativePlay returned
08-22 16:50:56.869 I/MpvBridgeModule( 8531): [PlaybackTrace][Bridge][play] ptr=131217388029824
08-22 16:50:56.869 I/MpvBridgeModule( 8531): [PlaybackTrace][Bridge][play] nativePlay returned
08-22 16:50:56.920 I/MpvBridgeModule( 8531): [PlaybackTrace][Bridge][play] ptr=131217388029824
08-22 16:50:56.920 I/MpvBridgeModule( 8531): [PlaybackTrace][Bridge][play] nativePlay returned
08-22 16:50:57.155 I/MpvBridgeModule( 8531): [PlaybackTrace][Bridge][loadFile] requested=https://prod-1.storage.jamendo.com/?trackid=171&format=mp31&from=8CSIkMvwtD6jzKZ%2BPEaUMQ%3D%3D%7Cj5s5oI6ivq8l2vQOXyWixQ%3D%3D resolved=https://prod-1.storage.jamendo.com/?trackid=171&format=mp31&from=8CSIkMvwtD6jzKZ%2BPEaUMQ%3D%3D%7Cj5s5oI6ivq8l2vQOXyWixQ%3D%3D ptr=131217388029824
08-22 16:50:57.155 I/MpvBridgeModule( 8531): [PlaybackTrace][Bridge][loadFile] nativeLoadFile returned
08-22 16:50:57.156 I/MpvBridgeModule( 8531): [PlaybackTrace][Bridge][play] ptr=131217388029824
08-22 16:50:57.157 I/MpvBridgeModule( 8531): [PlaybackTrace][Bridge][play] nativePlay returned
08-22 16:50:57.229 E/MpvBridgeModule( 8531): [PlaybackTrace][Bridge][listener:error] code=-1 message=tls: mbedtls_ssl_handshake returned -0x7280
08-22 16:50:57.232 I/MpvBridgeModule( 8531): [PlaybackTrace][Bridge][listener:event] name=endFile payload={"reason":2,"error":0}
08-22 16:50:57.234 I/MpvBridgeModule( 8531): [PlaybackTrace][Bridge][listener:event] name=startFile payload={}
08-22 16:50:57.237 D/MpvBridgeModule( 8531): [PlaybackTrace][Bridge][getDuration] ptr=131217388029824 duration=0.0
08-22 16:50:57.337 D/MpvBridgeModule( 8531): [PlaybackTrace][Bridge][getPosition] ptr=131217388029824 position=0.0
08-22 16:50:57.337 D/MpvBridgeModule( 8531): [PlaybackTrace][Bridge][getDuration] ptr=131217388029824 duration=0.0
08-22 16:50:57.337 D/MpvBridgeModule( 8531): [PlaybackTrace][Bridge][getPlaybackState] ptr=131217388029824 state=playing idle=false eof=false pause=false
08-22 16:50:57.337 I/MpvBridgeModule( 8531): [PlaybackTrace][Bridge][loadFile] requested=https://prod-1.storage.jamendo.com/?trackid=171&format=mp31&from=8CSIkMvwtD6jzKZ%2BPEaUMQ%3D%3D%7Cj5s5oI6ivq8l2vQOXyWixQ%3D%3D resolved=https://prod-1.storage.jamendo.com/?trackid=171&format=mp31&from=8CSIkMvwtD6jzKZ%2BPEaUMQ%3D%3D%7Cj5s5oI6ivq8l2vQOXyWixQ%3D%3D ptr=131217388029824
08-22 16:50:57.339 I/MpvBridgeModule( 8531): [PlaybackTrace][Bridge][loadFile] nativeLoadFile returned
08-22 16:50:57.340 I/MpvBridgeModule( 8531): [PlaybackTrace][Bridge][play] ptr=131217388029824
08-22 16:50:57.340 I/MpvBridgeModule( 8531): [PlaybackTrace][Bridge][play] nativePlay returned
08-22 16:50:57.347 I/MpvBridgeModule( 8531): [PlaybackTrace][Bridge][listener:event] name=endFile payload={"reason":2,"error":0}
08-22 16:50:57.349 I/MpvBridgeModule( 8531): [PlaybackTrace][Bridge][listener:event] name=startFile payload={}
08-22 16:50:57.437 I/MpvBridgeModule( 8531): [PlaybackTrace][Bridge][play] ptr=131217388029824
08-22 16:50:57.437 I/MpvBridgeModule( 8531): [PlaybackTrace][Bridge][play] nativePlay returned
08-22 16:50:57.455 I/MpvBridgeModule( 8531): [PlaybackTrace][Bridge][loadFile] requested=https://prod-1.storage.jamendo.com/?trackid=171&format=mp31&from=8CSIkMvwtD6jzKZ%2BPEaUMQ%3D%3D%7Cj5s5oI6ivq8l2vQOXyWixQ%3D%3D resolved=https://prod-1.storage.jamendo.com/?trackid=171&format=mp31&from=8CSIkMvwtD6jzKZ%2BPEaUMQ%3D%3D%7Cj5s5oI6ivq8l2vQOXyWixQ%3D%3D ptr=131217388029824
08-22 16:50:57.455 I/MpvBridgeModule( 8531): [PlaybackTrace][Bridge][loadFile] nativeLoadFile returned
08-22 16:50:57.457 I/MpvBridgeModule( 8531): [PlaybackTrace][Bridge][play] ptr=131217388029824
08-22 16:50:57.457 I/MpvBridgeModule( 8531): [PlaybackTrace][Bridge][play] nativePlay returned
08-22 16:50:57.462 I/MpvBridgeModule( 8531): [PlaybackTrace][Bridge][listener:event] name=endFile payload={"reason":2,"error":0}
08-22 16:50:57.464 I/MpvBridgeModule( 8531): [PlaybackTrace][Bridge][listener:event] name=startFile payload={}
08-22 16:50:57.586 D/MpvBridgeModule( 8531): [PlaybackTrace][Bridge][getPosition] ptr=131217388029824 position=0.0
08-22 16:50:57.586 D/MpvBridgeModule( 8531): [PlaybackTrace][Bridge][getDuration] ptr=131217388029824 duration=0.0
08-22 16:50:57.586 D/MpvBridgeModule( 8531): [PlaybackTrace][Bridge][getPlaybackState] ptr=131217388029824 state=playing idle=false eof=false pause=false
08-22 16:50:57.620 I/MpvBridgeModule( 8531): [PlaybackTrace][Bridge][play] ptr=131217388029824
08-22 16:50:57.621 I/MpvBridgeModule( 8531): [PlaybackTrace][Bridge][play] nativePlay returned
08-22 16:50:57.736 I/MpvBridgeModule( 8531): [PlaybackTrace][Bridge][play] ptr=131217388029824
08-22 16:50:57.737 I/MpvBridgeModule( 8531): [PlaybackTrace][Bridge][play] nativePlay returned
08-22 16:50:58.054 I/MpvBridgeModule( 8531): [PlaybackTrace][Bridge][loadFile] requested=https://prod-1.storage.jamendo.com/?trackid=171&format=mp31&from=8CSIkMvwtD6jzKZ%2BPEaUMQ%3D%3D%7Cj5s5oI6ivq8l2vQOXyWixQ%3D%3D resolved=https://prod-1.storage.jamendo.com/?trackid=171&format=mp31&from=8CSIkMvwtD6jzKZ%2BPEaUMQ%3D%3D%7Cj5s5oI6ivq8l2vQOXyWixQ%3D%3D ptr=131217388029824
08-22 16:50:58.055 I/MpvBridgeModule( 8531): [PlaybackTrace][Bridge][loadFile] nativeLoadFile returned
08-22 16:50:58.055 I/MpvBridgeModule( 8531): [PlaybackTrace][Bridge][play] ptr=131217388029824
08-22 16:50:58.056 I/MpvBridgeModule( 8531): [PlaybackTrace][Bridge][play] nativePlay returned
08-22 16:50:58.115 E/MpvBridgeModule( 8531): [PlaybackTrace][Bridge][listener:error] code=-1 message=tls: mbedtls_ssl_handshake returned -0x7280
08-22 16:50:58.118 I/MpvBridgeModule( 8531): [PlaybackTrace][Bridge][listener:event] name=endFile payload={"reason":2,"error":0}
08-22 16:50:58.120 I/MpvBridgeModule( 8531): [PlaybackTrace][Bridge][listener:event] name=startFile payload={}
08-22 16:50:58.154 I/MpvBridgeModule( 8531): [PlaybackTrace][Bridge][loadFile] requested=https://prod-1.storage.jamendo.com/?trackid=171&format=mp31&from=8CSIkMvwtD6jzKZ%2BPEaUMQ%3D%3D%7Cj5s5oI6ivq8l2vQOXyWixQ%3D%3D resolved=https://prod-1.storage.jamendo.com/?trackid=171&format=mp31&from=8CSIkMvwtD6jzKZ%2BPEaUMQ%3D%3D%7Cj5s5oI6ivq8l2vQOXyWixQ%3D%3D ptr=131217388029824
08-22 16:50:58.154 I/MpvBridgeModule( 8531): [PlaybackTrace][Bridge][loadFile] nativeLoadFile returned
08-22 16:50:58.157 I/MpvBridgeModule( 8531): [PlaybackTrace][Bridge][play] ptr=131217388029824
08-22 16:50:58.157 I/MpvBridgeModule( 8531): [PlaybackTrace][Bridge][play] nativePlay returned
08-22 16:50:58.227 I/MpvBridgeModule( 8531): [PlaybackTrace][Bridge][listener:event] name=endFile payload={"reason":2,"error":0}
08-22 16:50:58.228 I/MpvBridgeModule( 8531): [PlaybackTrace][Bridge][listener:event] name=startFile payload={}
08-22 16:50:58.336 D/MpvBridgeModule( 8531): [PlaybackTrace][Bridge][getPosition] ptr=131217388029824 position=0.0
08-22 16:50:58.336 D/MpvBridgeModule( 8531): [PlaybackTrace][Bridge][getDuration] ptr=131217388029824 duration=0.0
08-22 16:50:58.337 D/MpvBridgeModule( 8531): [PlaybackTrace][Bridge][getPlaybackState] ptr=131217388029824 state=playing idle=false eof=false pause=false
08-22 16:50:58.340 I/MpvBridgeModule( 8531): [PlaybackTrace][Bridge][play] ptr=131217388029824
08-22 16:50:58.341 I/MpvBridgeModule( 8531): [PlaybackTrace][Bridge][play] nativePlay returned
08-22 16:50:58.442 I/MpvBridgeModule( 8531): [PlaybackTrace][Bridge][play] ptr=131217388029824
08-22 16:50:58.442 I/MpvBridgeModule( 8531): [PlaybackTrace][Bridge][play] nativePlay returned
08-22 16:50:58.603 D/MpvBridgeModule( 8531): [PlaybackTrace][Bridge][getPosition] ptr=131217388029824 position=0.0
08-22 16:50:58.603 D/MpvBridgeModule( 8531): [PlaybackTrace][Bridge][getDuration] ptr=131217388029824 duration=0.0
08-22 16:50:58.604 D/MpvBridgeModule( 8531): [PlaybackTrace][Bridge][getPlaybackState] ptr=131217388029824 state=playing idle=false eof=false pause=false
08-22 16:50:58.955 I/MpvBridgeModule( 8531): [PlaybackTrace][Bridge][loadFile] requested=https://prod-1.storage.jamendo.com/?trackid=171&format=mp31&from=8CSIkMvwtD6jzKZ%2BPEaUMQ%3D%3D%7Cj5s5oI6ivq8l2vQOXyWixQ%3D%3D resolved=https://prod-1.storage.jamendo.com/?trackid=171&format=mp31&from=8CSIkMvwtD6jzKZ%2BPEaUMQ%3D%3D%7Cj5s5oI6ivq8l2vQOXyWixQ%3D%3D ptr=131217388029824
08-22 16:50:58.955 I/MpvBridgeModule( 8531): [PlaybackTrace][Bridge][loadFile] nativeLoadFile returned
08-22 16:50:58.957 I/MpvBridgeModule( 8531): [PlaybackTrace][Bridge][play] ptr=131217388029824
08-22 16:50:58.957 I/MpvBridgeModule( 8531): [PlaybackTrace][Bridge][play] nativePlay returned
08-22 16:50:59.011 E/MpvBridgeModule( 8531): [PlaybackTrace][Bridge][listener:error] code=-1 message=tls: mbedtls_ssl_handshake returned -0x7280
08-22 16:50:59.013 I/MpvBridgeModule( 8531): [PlaybackTrace][Bridge][listener:event] name=endFile payload={"reason":2,"error":0}
08-22 16:50:59.014 I/MpvBridgeModule( 8531): [PlaybackTrace][Bridge][listener:event] name=startFile payload={}
08-22 16:50:59.237 I/MpvBridgeModule( 8531): [PlaybackTrace][Bridge][play] ptr=131217388029824
08-22 16:50:59.237 I/MpvBridgeModule( 8531): [PlaybackTrace][Bridge][play] nativePlay returned
08-22 16:50:59.351 D/MpvBridgeModule( 8531): [PlaybackTrace][Bridge][getPosition] ptr=131217388029824 position=0.0
08-22 16:50:59.352 D/MpvBridgeModule( 8531): [PlaybackTrace][Bridge][getDuration] ptr=131217388029824 duration=0.0
08-22 16:50:59.352 D/MpvBridgeModule( 8531): [PlaybackTrace][Bridge][getPlaybackState] ptr=131217388029824 state=playing idle=false eof=false pause=false
08-22 16:50:59.488 I/MpvBridgeModule( 8531): [PlaybackTrace][Bridge][loadFile] requested=https://prod-1.storage.jamendo.com/?trackid=171&format=mp31&from=8CSIkMvwtD6jzKZ%2BPEaUMQ%3D%3D%7Cj5s5oI6ivq8l2vQOXyWixQ%3D%3D resolved=https://prod-1.storage.jamendo.com/?trackid=171&format=mp31&from=8CSIkMvwtD6jzKZ%2BPEaUMQ%3D%3D%7Cj5s5oI6ivq8l2vQOXyWixQ%3D%3D ptr=131217388029824
08-22 16:50:59.488 I/MpvBridgeModule( 8531): [PlaybackTrace][Bridge][loadFile] nativeLoadFile returned
08-22 16:50:59.490 I/MpvBridgeModule( 8531): [PlaybackTrace][Bridge][play] ptr=131217388029824
08-22 16:50:59.490 I/MpvBridgeModule( 8531): [PlaybackTrace][Bridge][play] nativePlay returned
08-22 16:50:59.524 I/MpvBridgeModule( 8531): [PlaybackTrace][Bridge][listener:event] name=endFile payload={"reason":2,"error":0}
08-22 16:50:59.526 I/MpvBridgeModule( 8531): [PlaybackTrace][Bridge][listener:event] name=startFile payload={}
08-22 16:50:59.618 D/MpvBridgeModule( 8531): [PlaybackTrace][Bridge][getPosition] ptr=131217388029824 position=0.0
08-22 16:50:59.618 D/MpvBridgeModule( 8531): [PlaybackTrace][Bridge][getDuration] ptr=131217388029824 duration=0.0
08-22 16:50:59.618 D/MpvBridgeModule( 8531): [PlaybackTrace][Bridge][getPlaybackState] ptr=131217388029824 state=playing idle=false eof=false pause=false
08-22 16:50:59.638 I/MpvBridgeModule( 8531): [PlaybackTrace][Bridge][loadFile] requested=https://prod-1.storage.jamendo.com/?trackid=171&format=mp31&from=8CSIkMvwtD6jzKZ%2BPEaUMQ%3D%3D%7Cj5s5oI6ivq8l2vQOXyWixQ%3D%3D resolved=https://prod-1.storage.jamendo.com/?trackid=171&format=mp31&from=8CSIkMvwtD6jzKZ%2BPEaUMQ%3D%3D%7Cj5s5oI6ivq8l2vQOXyWixQ%3D%3D ptr=131217388029824
08-22 16:50:59.638 I/MpvBridgeModule( 8531): [PlaybackTrace][Bridge][loadFile] nativeLoadFile returned
08-22 16:50:59.639 I/MpvBridgeModule( 8531): [PlaybackTrace][Bridge][play] ptr=131217388029824
08-22 16:50:59.640 I/MpvBridgeModule( 8531): [PlaybackTrace][Bridge][play] nativePlay returned
08-22 16:50:59.654 I/MpvBridgeModule( 8531): [PlaybackTrace][Bridge][loadFile] requested=https://prod-1.storage.jamendo.com/?trackid=171&format=mp31&from=8CSIkMvwtD6jzKZ%2BPEaUMQ%3D%3D%7Cj5s5oI6ivq8l2vQOXyWixQ%3D%3D resolved=https://prod-1.storage.jamendo.com/?trackid=171&format=mp31&from=8CSIkMvwtD6jzKZ%2BPEaUMQ%3D%3D%7Cj5s5oI6ivq8l2vQOXyWixQ%3D%3D ptr=131217388029824
08-22 16:50:59.654 I/MpvBridgeModule( 8531): [PlaybackTrace][Bridge][loadFile] nativeLoadFile returned
08-22 16:50:59.655 I/MpvBridgeModule( 8531): [PlaybackTrace][Bridge][play] ptr=131217388029824
08-22 16:50:59.655 I/MpvBridgeModule( 8531): [PlaybackTrace][Bridge][play] nativePlay returned
08-22 16:50:59.736 I/MpvBridgeModule( 8531): [PlaybackTrace][Bridge][listener:event] name=endFile payload={"reason":2,"error":0}
08-22 16:50:59.739 I/MpvBridgeModule( 8531): [PlaybackTrace][Bridge][listener:event] name=startFile payload={}
08-22 16:50:59.768 I/MpvBridgeModule( 8531): [PlaybackTrace][Bridge][play] ptr=131217388029824
08-22 16:50:59.769 I/MpvBridgeModule( 8531): [PlaybackTrace][Bridge][play] nativePlay returned
08-22 16:50:59.922 I/MpvBridgeModule( 8531): [PlaybackTrace][Bridge][play] ptr=131217388029824
08-22 16:50:59.922 I/MpvBridgeModule( 8531): [PlaybackTrace][Bridge][play] nativePlay returned
08-22 16:50:59.938 I/MpvBridgeModule( 8531): [PlaybackTrace][Bridge][play] ptr=131217388029824
08-22 16:50:59.938 I/MpvBridgeModule( 8531): [PlaybackTrace][Bridge][play] nativePlay returned
08-22 16:51:00.246 E/MpvBridgeModule( 8531): [PlaybackTrace][Bridge][listener:error] code=-1 message=tls: mbedtls_ssl_handshake returned -0x6600
08-22 16:51:00.265 E/MpvBridgeModule( 8531): [PlaybackTrace][Bridge][listener:error] code=-1 message=Failed to open https://prod-1.storage.jamendo.com/?trackid=171&format=mp31&from=8CSIkMvwtD6jzKZ%2BPEaUMQ%3D%3D%7Cj5s5oI6ivq8l2vQOXyWixQ%3D%3D.
08-22 16:51:00.277 D/MpvBridgeModule( 8531): [PlaybackTrace][Bridge][getDuration] ptr=131217388029824 duration=0.0
08-22 16:51:00.292 E/MpvBridgeModule( 8531): [PlaybackTrace][Bridge][listener:error] code=-1 message=Subprocess failed: init
08-22 16:51:00.294 I/MpvBridgeModule( 8531): [PlaybackTrace][Bridge][listener:event] name=endFile payload={"reason":4,"error":-13}
08-22 16:51:00.296 E/MpvBridgeModule( 8531): [PlaybackTrace][Bridge][listener:error] code=-1 message=
08-22 16:51:00.297 E/MpvBridgeModule( 8531): [PlaybackTrace][Bridge][listener:error] code=-1 message=youtube-dl failed: not found or not enough permissions
08-22 16:51:00.376 D/MpvBridgeModule( 8531): [PlaybackTrace][Bridge][getPosition] ptr=131217388029824 position=0.0
08-22 16:51:00.376 D/MpvBridgeModule( 8531): [PlaybackTrace][Bridge][getDuration] ptr=131217388029824 duration=0.0
08-22 16:51:00.377 D/MpvBridgeModule( 8531): [PlaybackTrace][Bridge][getPlaybackState] ptr=131217388029824 state=idle idle=true
08-22 16:51:00.455 I/MpvBridgeModule( 8531): [PlaybackTrace][Bridge][loadFile] requested=https://prod-1.storage.jamendo.com/?trackid=171&format=mp31&from=8CSIkMvwtD6jzKZ%2BPEaUMQ%3D%3D%7Cj5s5oI6ivq8l2vQOXyWixQ%3D%3D resolved=https://prod-1.storage.jamendo.com/?trackid=171&format=mp31&from=8CSIkMvwtD6jzKZ%2BPEaUMQ%3D%3D%7Cj5s5oI6ivq8l2vQOXyWixQ%3D%3D ptr=131217388029824
08-22 16:51:00.456 I/MpvBridgeModule( 8531): [PlaybackTrace][Bridge][loadFile] nativeLoadFile returned
08-22 16:51:00.459 I/MpvBridgeModule( 8531): [PlaybackTrace][Bridge][listener:event] name=startFile payload={}
08-22 16:51:00.459 I/MpvBridgeModule( 8531): [PlaybackTrace][Bridge][play] ptr=131217388029824
08-22 16:51:00.461 I/MpvBridgeModule( 8531): [PlaybackTrace][Bridge][play] nativePlay returned
08-22 16:51:00.635 D/MpvBridgeModule( 8531): [PlaybackTrace][Bridge][getPosition] ptr=131217388029824 position=0.0
08-22 16:51:00.636 D/MpvBridgeModule( 8531): [PlaybackTrace][Bridge][getDuration] ptr=131217388029824 duration=0.0
08-22 16:51:00.636 D/MpvBridgeModule( 8531): [PlaybackTrace][Bridge][getPlaybackState] ptr=131217388029824 state=playing idle=false eof=false pause=false
08-22 16:51:00.737 I/MpvBridgeModule( 8531): [PlaybackTrace][Bridge][play] ptr=131217388029824
08-22 16:51:00.737 I/MpvBridgeModule( 8531): [PlaybackTrace][Bridge][play] nativePlay returned
08-22 16:51:00.951 E/MpvBridgeModule( 8531): [PlaybackTrace][Bridge][listener:error] code=-1 message=tls: mbedtls_ssl_handshake returned -0x6600
08-22 16:51:00.964 E/MpvBridgeModule( 8531): [PlaybackTrace][Bridge][listener:error] code=-1 message=Failed to open https://prod-1.storage.jamendo.com/?trackid=171&format=mp31&from=8CSIkMvwtD6jzKZ%2BPEaUMQ%3D%3D%7Cj5s5oI6ivq8l2vQOXyWixQ%3D%3D.
08-22 16:51:00.986 D/MpvBridgeModule( 8531): [PlaybackTrace][Bridge][getDuration] ptr=131217388029824 duration=0.0
08-22 16:51:01.005 E/MpvBridgeModule( 8531): [PlaybackTrace][Bridge][listener:error] code=-1 message=Subprocess failed: init
08-22 16:51:01.006 I/MpvBridgeModule( 8531): [PlaybackTrace][Bridge][listener:event] name=endFile payload={"reason":4,"error":-13}
08-22 16:51:01.009 E/MpvBridgeModule( 8531): [PlaybackTrace][Bridge][listener:error] code=-1 message=
08-22 16:51:01.009 E/MpvBridgeModule( 8531): [PlaybackTrace][Bridge][listener:error] code=-1 message=youtube-dl failed: not found or not enough permissions
08-22 16:51:01.110 I/MpvBridgeModule( 8531): [PlaybackTrace][Bridge][loadFile] requested=https://prod-1.storage.jamendo.com/?trackid=171&format=mp31&from=8CSIkMvwtD6jzKZ%2BPEaUMQ%3D%3D%7Cj5s5oI6ivq8l2vQOXyWixQ%3D%3D resolved=https://prod-1.storage.jamendo.com/?trackid=171&format=mp31&from=8CSIkMvwtD6jzKZ%2BPEaUMQ%3D%3D%7Cj5s5oI6ivq8l2vQOXyWixQ%3D%3D ptr=131217388029824
08-22 16:51:01.110 I/MpvBridgeModule( 8531): [PlaybackTrace][Bridge][loadFile] nativeLoadFile returned
08-22 16:51:01.110 I/MpvBridgeModule( 8531): [PlaybackTrace][Bridge][listener:event] name=startFile payload={}
08-22 16:51:01.112 I/MpvBridgeModule( 8531): [PlaybackTrace][Bridge][play] ptr=131217388029824
08-22 16:51:01.112 I/MpvBridgeModule( 8531): [PlaybackTrace][Bridge][play] nativePlay returned
08-22 16:51:01.129 D/MpvBridgeModule( 8531): [PlaybackTrace][Bridge][getDuration] ptr=131217388029824 duration=0.0
08-22 16:51:01.385 D/MpvBridgeModule( 8531): [PlaybackTrace][Bridge][getPosition] ptr=131217388029824 position=0.0
08-22 16:51:01.386 D/MpvBridgeModule( 8531): [PlaybackTrace][Bridge][getDuration] ptr=131217388029824 duration=0.0
08-22 16:51:01.386 D/MpvBridgeModule( 8531): [PlaybackTrace][Bridge][getPlaybackState] ptr=131217388029824 state=playing idle=false eof=false pause=false
08-22 16:51:01.389 I/MpvBridgeModule( 8531): [PlaybackTrace][Bridge][play] ptr=131217388029824
08-22 16:51:01.389 I/MpvBridgeModule( 8531): [PlaybackTrace][Bridge][play] nativePlay returned
08-22 16:51:01.652 D/MpvBridgeModule( 8531): [PlaybackTrace][Bridge][getPosition] ptr=131217388029824 position=0.0
08-22 16:51:01.653 D/MpvBridgeModule( 8531): [PlaybackTrace][Bridge][getDuration] ptr=131217388029824 duration=0.0
08-22 16:51:01.653 D/MpvBridgeModule( 8531): [PlaybackTrace][Bridge][getPlaybackState] ptr=131217388029824 state=playing idle=false eof=false pause=false
08-22 16:51:01.679 E/MpvBridgeModule( 8531): [PlaybackTrace][Bridge][listener:error] code=-1 message=tls: mbedtls_ssl_handshake returned -0x6600
08-22 16:51:01.680 E/MpvBridgeModule( 8531): [PlaybackTrace][Bridge][listener:error] code=-1 message=Failed to open https://prod-1.storage.jamendo.com/?trackid=171&format=mp31&from=8CSIkMvwtD6jzKZ%2BPEaUMQ%3D%3D%7Cj5s5oI6ivq8l2vQOXyWixQ%3D%3D.
08-22 16:51:01.723 E/MpvBridgeModule( 8531): [PlaybackTrace][Bridge][listener:error] code=-1 message=Subprocess failed: init
08-22 16:51:01.725 I/MpvBridgeModule( 8531): [PlaybackTrace][Bridge][listener:event] name=endFile payload={"reason":4,"error":-13}
08-22 16:51:01.727 E/MpvBridgeModule( 8531): [PlaybackTrace][Bridge][listener:error] code=-1 message=
08-22 16:51:01.728 E/MpvBridgeModule( 8531): [PlaybackTrace][Bridge][listener:error] code=-1 message=youtube-dl failed: not found or not enough permissions
08-22 16:51:01.730 D/MpvBridgeModule( 8531): [PlaybackTrace][Bridge][getDuration] ptr=131217388029824 duration=0.0
08-22 16:51:01.905 I/MpvBridgeModule( 8531): [PlaybackTrace][Bridge][loadFile] requested=https://prod-1.storage.jamendo.com/?trackid=171&format=mp31&from=8CSIkMvwtD6jzKZ%2BPEaUMQ%3D%3D%7Cj5s5oI6ivq8l2vQOXyWixQ%3D%3D resolved=https://prod-1.storage.jamendo.com/?trackid=171&format=mp31&from=8CSIkMvwtD6jzKZ%2BPEaUMQ%3D%3D%7Cj5s5oI6ivq8l2vQOXyWixQ%3D%3D ptr=131217388029824
08-22 16:51:01.906 I/MpvBridgeModule( 8531): [PlaybackTrace][Bridge][loadFile] nativeLoadFile returned
08-22 16:51:01.907 I/MpvBridgeModule( 8531): [PlaybackTrace][Bridge][listener:event] name=startFile payload={}
08-22 16:51:01.908 I/MpvBridgeModule( 8531): [PlaybackTrace][Bridge][play] ptr=131217388029824
08-22 16:51:01.910 I/MpvBridgeModule( 8531): [PlaybackTrace][Bridge][play] nativePlay returned
08-22 16:51:02.039 I/MpvBridgeModule( 8531): [PlaybackTrace][Bridge][loadFile] requested=https://prod-1.storage.jamendo.com/?trackid=171&format=mp31&from=8CSIkMvwtD6jzKZ%2BPEaUMQ%3D%3D%7Cj5s5oI6ivq8l2vQOXyWixQ%3D%3D resolved=https://prod-1.storage.jamendo.com/?trackid=171&format=mp31&from=8CSIkMvwtD6jzKZ%2BPEaUMQ%3D%3D%7Cj5s5oI6ivq8l2vQOXyWixQ%3D%3D ptr=131217388029824
08-22 16:51:02.040 I/MpvBridgeModule( 8531): [PlaybackTrace][Bridge][loadFile] nativeLoadFile returned
08-22 16:51:02.042 I/MpvBridgeModule( 8531): [PlaybackTrace][Bridge][play] ptr=131217388029824
08-22 16:51:02.042 I/MpvBridgeModule( 8531): [PlaybackTrace][Bridge][play] nativePlay returned
08-22 16:51:02.102 E/MpvBridgeModule( 8531): [PlaybackTrace][Bridge][listener:error] code=-1 message=tls: mbedtls_ssl_handshake returned -0x7280
08-22 16:51:02.103 I/MpvBridgeModule( 8531): [PlaybackTrace][Bridge][listener:event] name=endFile payload={"reason":2,"error":0}
08-22 16:51:02.105 I/MpvBridgeModule( 8531): [PlaybackTrace][Bridge][listener:event] name=startFile payload={}
08-22 16:51:02.185 I/MpvBridgeModule( 8531): [PlaybackTrace][Bridge][play] ptr=131217388029824
08-22 16:51:02.185 I/MpvBridgeModule( 8531): [PlaybackTrace][Bridge][play] nativePlay returned
08-22 16:51:02.320 I/MpvBridgeModule( 8531): [PlaybackTrace][Bridge][play] ptr=131217388029824
08-22 16:51:02.321 I/MpvBridgeModule( 8531): [PlaybackTrace][Bridge][play] nativePlay returned
08-22 16:51:02.402 D/MpvBridgeModule( 8531): [PlaybackTrace][Bridge][getPosition] ptr=131217388029824 position=0.0
08-22 16:51:02.402 D/MpvBridgeModule( 8531): [PlaybackTrace][Bridge][getDuration] ptr=131217388029824 duration=0.0
08-22 16:51:02.402 D/MpvBridgeModule( 8531): [PlaybackTrace][Bridge][getPlaybackState] ptr=131217388029824 state=playing idle=false eof=false pause=false
08-22 16:51:02.505 I/MpvBridgeModule( 8531): [PlaybackTrace][Bridge][loadFile] requested=https://prod-1.storage.jamendo.com/?trackid=171&format=mp31&from=8CSIkMvwtD6jzKZ%2BPEaUMQ%3D%3D%7Cj5s5oI6ivq8l2vQOXyWixQ%3D%3D resolved=https://prod-1.storage.jamendo.com/?trackid=171&format=mp31&from=8CSIkMvwtD6jzKZ%2BPEaUMQ%3D%3D%7Cj5s5oI6ivq8l2vQOXyWixQ%3D%3D ptr=131217388029824
08-22 16:51:02.505 I/MpvBridgeModule( 8531): [PlaybackTrace][Bridge][loadFile] nativeLoadFile returned
08-22 16:51:02.507 I/MpvBridgeModule( 8531): [PlaybackTrace][Bridge][play] ptr=131217388029824
08-22 16:51:02.507 I/MpvBridgeModule( 8531): [PlaybackTrace][Bridge][play] nativePlay returned
08-22 16:51:02.513 E/MpvBridgeModule( 8531): [PlaybackTrace][Bridge][listener:error] code=-1 message=tls: mbedtls_ssl_handshake returned -0x7280
08-22 16:51:02.515 I/MpvBridgeModule( 8531): [PlaybackTrace][Bridge][listener:event] name=endFile payload={"reason":2,"error":0}
08-22 16:51:02.516 I/MpvBridgeModule( 8531): [PlaybackTrace][Bridge][listener:event] name=startFile payload={}
08-22 16:51:02.653 I/MpvBridgeModule( 8531): [PlaybackTrace][Bridge][loadFile] requested=https://prod-1.storage.jamendo.com/?trackid=171&format=mp31&from=8CSIkMvwtD6jzKZ%2BPEaUMQ%3D%3D%7Cj5s5oI6ivq8l2vQOXyWixQ%3D%3D resolved=https://prod-1.storage.jamendo.com/?trackid=171&format=mp31&from=8CSIkMvwtD6jzKZ%2BPEaUMQ%3D%3D%7Cj5s5oI6ivq8l2vQOXyWixQ%3D%3D ptr=131217388029824
08-22 16:51:02.654 I/MpvBridgeModule( 8531): [PlaybackTrace][Bridge][loadFile] nativeLoadFile returned
08-22 16:51:02.655 I/MpvBridgeModule( 8531): [PlaybackTrace][Bridge][play] ptr=131217388029824
08-22 16:51:02.655 I/MpvBridgeModule( 8531): [PlaybackTrace][Bridge][play] nativePlay returned
08-22 16:51:02.668 D/MpvBridgeModule( 8531): [PlaybackTrace][Bridge][getPosition] ptr=131217388029824 position=0.0
08-22 16:51:02.668 D/MpvBridgeModule( 8531): [PlaybackTrace][Bridge][getDuration] ptr=131217388029824 duration=0.0
08-22 16:51:02.668 D/MpvBridgeModule( 8531): [PlaybackTrace][Bridge][getPlaybackState] ptr=131217388029824 state=playing idle=false eof=false pause=false
08-22 16:51:02.729 I/MpvBridgeModule( 8531): [PlaybackTrace][Bridge][listener:event] name=endFile payload={"reason":2,"error":0}
08-22 16:51:02.731 I/MpvBridgeModule( 8531): [PlaybackTrace][Bridge][listener:event] name=startFile payload={}
08-22 16:51:02.786 I/MpvBridgeModule( 8531): [PlaybackTrace][Bridge][play] ptr=131217388029824
08-22 16:51:02.786 I/MpvBridgeModule( 8531): [PlaybackTrace][Bridge][play] nativePlay returned
08-22 16:51:02.936 I/MpvBridgeModule( 8531): [PlaybackTrace][Bridge][play] ptr=131217388029824
08-22 16:51:02.937 I/MpvBridgeModule( 8531): [PlaybackTrace][Bridge][play] nativePlay returned
08-22 16:51:03.122 E/MpvBridgeModule( 8531): [PlaybackTrace][Bridge][listener:error] code=-1 message=tls: mbedtls_ssl_handshake returned -0x6600
08-22 16:51:03.144 E/MpvBridgeModule( 8531): [PlaybackTrace][Bridge][listener:error] code=-1 message=Failed to open https://prod-1.storage.jamendo.com/?trackid=171&format=mp31&from=8CSIkMvwtD6jzKZ%2BPEaUMQ%3D%3D%7Cj5s5oI6ivq8l2vQOXyWixQ%3D%3D.
08-22 16:51:03.151 D/MpvBridgeModule( 8531): [PlaybackTrace][Bridge][getDuration] ptr=131217388029824 duration=0.0
08-22 16:51:03.163 E/MpvBridgeModule( 8531): [PlaybackTrace][Bridge][listener:error] code=-1 message=Subprocess failed: init
08-22 16:51:03.164 I/MpvBridgeModule( 8531): [PlaybackTrace][Bridge][listener:event] name=endFile payload={"reason":4,"error":-13}
08-22 16:51:03.165 E/MpvBridgeModule( 8531): [PlaybackTrace][Bridge][listener:error] code=-1 message=
08-22 16:51:03.166 E/MpvBridgeModule( 8531): [PlaybackTrace][Bridge][listener:error] code=-1 message=youtube-dl failed: not found or not enough permissions
08-22 16:51:03.246 I/MpvBridgeModule( 8531): [PlaybackTrace][Bridge][loadFile] requested=https://prod-1.storage.jamendo.com/?trackid=171&format=mp31&from=8CSIkMvwtD6jzKZ%2BPEaUMQ%3D%3D%7Cj5s5oI6ivq8l2vQOXyWixQ%3D%3D resolved=https://prod-1.storage.jamendo.com/?trackid=171&format=mp31&from=8CSIkMvwtD6jzKZ%2BPEaUMQ%3D%3D%7Cj5s5oI6ivq8l2vQOXyWixQ%3D%3D ptr=131217388029824
08-22 16:51:03.247 I/MpvBridgeModule( 8531): [PlaybackTrace][Bridge][loadFile] nativeLoadFile returned
08-22 16:51:03.248 I/MpvBridgeModule( 8531): [PlaybackTrace][Bridge][listener:event] name=startFile payload={}
08-22 16:51:03.261 I/MpvBridgeModule( 8531): [PlaybackTrace][Bridge][play] ptr=131217388029824
08-22 16:51:03.261 I/MpvBridgeModule( 8531): [PlaybackTrace][Bridge][play] nativePlay returned
08-22 16:51:03.261 I/MpvBridgeModule( 8531): [PlaybackTrace][Bridge][loadFile] requested=https://prod-1.storage.jamendo.com/?trackid=171&format=mp31&from=8CSIkMvwtD6jzKZ%2BPEaUMQ%3D%3D%7Cj5s5oI6ivq8l2vQOXyWixQ%3D%3D resolved=https://prod-1.storage.jamendo.com/?trackid=171&format=mp31&from=8CSIkMvwtD6jzKZ%2BPEaUMQ%3D%3D%7Cj5s5oI6ivq8l2vQOXyWixQ%3D%3D ptr=131217388029824
08-22 16:51:03.261 I/MpvBridgeModule( 8531): [PlaybackTrace][Bridge][loadFile] nativeLoadFile returned
08-22 16:51:03.263 I/MpvBridgeModule( 8531): [PlaybackTrace][Bridge][play] ptr=131217388029824
08-22 16:51:03.263 I/MpvBridgeModule( 8531): [PlaybackTrace][Bridge][play] nativePlay returned
08-22 16:51:03.271 D/MpvBridgeModule( 8531): [PlaybackTrace][Bridge][getDuration] ptr=131217388029824 duration=0.0
08-22 16:51:03.357 I/MpvBridgeModule( 8531): [PlaybackTrace][Bridge][listener:event] name=endFile payload={"reason":2,"error":0}
08-22 16:51:03.359 I/MpvBridgeModule( 8531): [PlaybackTrace][Bridge][listener:event] name=startFile payload={}
08-22 16:51:03.404 I/MpvBridgeModule( 8531): [PlaybackTrace][Bridge][loadFile] requested=https://prod-1.storage.jamendo.com/?trackid=171&format=mp31&from=8CSIkMvwtD6jzKZ%2BPEaUMQ%3D%3D%7Cj5s5oI6ivq8l2vQOXyWixQ%3D%3D resolved=https://prod-1.storage.jamendo.com/?trackid=171&format=mp31&from=8CSIkMvwtD6jzKZ%2BPEaUMQ%3D%3D%7Cj5s5oI6ivq8l2vQOXyWixQ%3D%3D ptr=131217388029824
08-22 16:51:03.405 I/MpvBridgeModule( 8531): [PlaybackTrace][Bridge][loadFile] nativeLoadFile returned
08-22 16:51:03.407 I/MpvBridgeModule( 8531): [PlaybackTrace][Bridge][play] ptr=131217388029824
08-22 16:51:03.409 I/MpvBridgeModule( 8531): [PlaybackTrace][Bridge][play] nativePlay returned
08-22 16:51:03.418 D/MpvBridgeModule( 8531): [PlaybackTrace][Bridge][getPosition] ptr=131217388029824 position=0.0
08-22 16:51:03.419 D/MpvBridgeModule( 8531): [PlaybackTrace][Bridge][getDuration] ptr=131217388029824 duration=0.0
08-22 16:51:03.419 D/MpvBridgeModule( 8531): [PlaybackTrace][Bridge][getPlaybackState] ptr=131217388029824 state=playing idle=false eof=false pause=false
08-22 16:51:03.466 I/MpvBridgeModule( 8531): [PlaybackTrace][Bridge][listener:event] name=endFile payload={"reason":2,"error":0}
08-22 16:51:03.468 I/MpvBridgeModule( 8531): [PlaybackTrace][Bridge][listener:event] name=startFile payload={}
08-22 16:51:03.519 I/MpvBridgeModule( 8531): [PlaybackTrace][Bridge][play] ptr=131217388029824
08-22 16:51:03.519 I/MpvBridgeModule( 8531): [PlaybackTrace][Bridge][play] nativePlay returned
08-22 16:51:03.536 I/MpvBridgeModule( 8531): [PlaybackTrace][Bridge][play] ptr=131217388029824
08-22 16:51:03.536 I/MpvBridgeModule( 8531): [PlaybackTrace][Bridge][play] nativePlay returned
08-22 16:51:03.685 D/MpvBridgeModule( 8531): [PlaybackTrace][Bridge][getPosition] ptr=131217388029824 position=0.0
08-22 16:51:03.685 D/MpvBridgeModule( 8531): [PlaybackTrace][Bridge][getDuration] ptr=131217388029824 duration=0.0
08-22 16:51:03.685 D/MpvBridgeModule( 8531): [PlaybackTrace][Bridge][getPlaybackState] ptr=131217388029824 state=playing idle=false eof=false pause=false
08-22 16:51:03.687 I/MpvBridgeModule( 8531): [PlaybackTrace][Bridge][play] ptr=131217388029824
08-22 16:51:03.687 I/MpvBridgeModule( 8531): [PlaybackTrace][Bridge][play] nativePlay returned
08-22 16:51:04.136 I/MpvBridgeModule( 8531): [PlaybackTrace][Bridge][loadFile] requested=https://prod-1.storage.jamendo.com/?trackid=171&format=mp31&from=8CSIkMvwtD6jzKZ%2BPEaUMQ%3D%3D%7Cj5s5oI6ivq8l2vQOXyWixQ%3D%3D resolved=https://prod-1.storage.jamendo.com/?trackid=171&format=mp31&from=8CSIkMvwtD6jzKZ%2BPEaUMQ%3D%3D%7Cj5s5oI6ivq8l2vQOXyWixQ%3D%3D ptr=131217388029824
08-22 16:51:04.137 I/MpvBridgeModule( 8531): [PlaybackTrace][Bridge][loadFile] nativeLoadFile returned
08-22 16:51:04.138 I/MpvBridgeModule( 8531): [PlaybackTrace][Bridge][play] ptr=131217388029824
08-22 16:51:04.139 I/MpvBridgeModule( 8531): [PlaybackTrace][Bridge][play] nativePlay returned
08-22 16:51:04.144 E/MpvBridgeModule( 8531): [PlaybackTrace][Bridge][listener:error] code=-1 message=tls: mbedtls_ssl_handshake returned -0x7280
08-22 16:51:04.145 I/MpvBridgeModule( 8531): [PlaybackTrace][Bridge][listener:event] name=endFile payload={"reason":2,"error":0}
08-22 16:51:04.146 I/MpvBridgeModule( 8531): [PlaybackTrace][Bridge][listener:event] name=startFile payload={}
08-22 16:51:04.421 I/MpvBridgeModule( 8531): [PlaybackTrace][Bridge][play] ptr=131217388029824
08-22 16:51:04.422 I/MpvBridgeModule( 8531): [PlaybackTrace][Bridge][play] nativePlay returned
08-22 16:51:04.437 D/MpvBridgeModule( 8531): [PlaybackTrace][Bridge][getPosition] ptr=131217388029824 position=0.0
08-22 16:51:04.437 D/MpvBridgeModule( 8531): [PlaybackTrace][Bridge][getDuration] ptr=131217388029824 duration=0.0
08-22 16:51:04.437 D/MpvBridgeModule( 8531): [PlaybackTrace][Bridge][getPlaybackState] ptr=131217388029824 state=playing idle=false eof=false pause=false
08-22 16:51:04.673 I/MpvBridgeModule( 8531): [PlaybackTrace][Bridge][loadFile] requested=https://prod-1.storage.jamendo.com/?trackid=171&format=mp31&from=8CSIkMvwtD6jzKZ%2BPEaUMQ%3D%3D%7Cj5s5oI6ivq8l2vQOXyWixQ%3D%3D resolved=https://prod-1.storage.jamendo.com/?trackid=171&format=mp31&from=8CSIkMvwtD6jzKZ%2BPEaUMQ%3D%3D%7Cj5s5oI6ivq8l2vQOXyWixQ%3D%3D ptr=131217388029824
08-22 16:51:04.673 I/MpvBridgeModule( 8531): [PlaybackTrace][Bridge][loadFile] nativeLoadFile returned
08-22 16:51:04.675 I/MpvBridgeModule( 8531): [PlaybackTrace][Bridge][play] ptr=131217388029824
08-22 16:51:04.676 I/MpvBridgeModule( 8531): [PlaybackTrace][Bridge][play] nativePlay returned
08-22 16:51:04.703 D/MpvBridgeModule( 8531): [PlaybackTrace][Bridge][getPosition] ptr=131217388029824 position=0.0
08-22 16:51:04.703 D/MpvBridgeModule( 8531): [PlaybackTrace][Bridge][getDuration] ptr=131217388029824 duration=0.0
08-22 16:51:04.703 D/MpvBridgeModule( 8531): [PlaybackTrace][Bridge][getPlaybackState] ptr=131217388029824 state=playing idle=false eof=false pause=false
08-22 16:51:04.737 I/MpvBridgeModule( 8531): [PlaybackTrace][Bridge][loadFile] requested=https://prod-1.storage.jamendo.com/?trackid=171&format=mp31&from=8CSIkMvwtD6jzKZ%2BPEaUMQ%3D%3D%7Cj5s5oI6ivq8l2vQOXyWixQ%3D%3D resolved=https://prod-1.storage.jamendo.com/?trackid=171&format=mp31&from=8CSIkMvwtD6jzKZ%2BPEaUMQ%3D%3D%7Cj5s5oI6ivq8l2vQOXyWixQ%3D%3D ptr=131217388029824
08-22 16:51:04.738 I/MpvBridgeModule( 8531): [PlaybackTrace][Bridge][loadFile] nativeLoadFile returned
08-22 16:51:04.739 I/MpvBridgeModule( 8531): [PlaybackTrace][Bridge][play] ptr=131217388029824
08-22 16:51:04.740 I/MpvBridgeModule( 8531): [PlaybackTrace][Bridge][play] nativePlay returned
08-22 16:51:04.760 E/MpvBridgeModule( 8531): [PlaybackTrace][Bridge][listener:error] code=-1 message=tls: mbedtls_ssl_handshake returned -0x7280
08-22 16:51:04.761 I/MpvBridgeModule( 8531): [PlaybackTrace][Bridge][listener:event] name=endFile payload={"reason":2,"error":0}
08-22 16:51:04.763 I/MpvBridgeModule( 8531): [PlaybackTrace][Bridge][listener:event] name=startFile payload={}
08-22 16:51:04.952 I/MpvBridgeModule( 8531): [PlaybackTrace][Bridge][play] ptr=131217388029824
08-22 16:51:04.953 I/MpvBridgeModule( 8531): [PlaybackTrace][Bridge][play] nativePlay returned
08-22 16:51:05.020 I/MpvBridgeModule( 8531): [PlaybackTrace][Bridge][play] ptr=131217388029824
08-22 16:51:05.020 I/MpvBridgeModule( 8531): [PlaybackTrace][Bridge][play] nativePlay returned
08-22 16:51:05.137 I/MpvBridgeModule( 8531): [PlaybackTrace][Bridge][loadFile] requested=https://prod-1.storage.jamendo.com/?trackid=171&format=mp31&from=8CSIkMvwtD6jzKZ%2BPEaUMQ%3D%3D%7Cj5s5oI6ivq8l2vQOXyWixQ%3D%3D resolved=https://prod-1.storage.jamendo.com/?trackid=171&format=mp31&from=8CSIkMvwtD6jzKZ%2BPEaUMQ%3D%3D%7Cj5s5oI6ivq8l2vQOXyWixQ%3D%3D ptr=131217388029824
08-22 16:51:05.137 I/MpvBridgeModule( 8531): [PlaybackTrace][Bridge][loadFile] nativeLoadFile returned
08-22 16:51:05.138 I/MpvBridgeModule( 8531): [PlaybackTrace][Bridge][play] ptr=131217388029824
08-22 16:51:05.139 I/MpvBridgeModule( 8531): [PlaybackTrace][Bridge][play] nativePlay returned
08-22 16:51:05.165 E/MpvBridgeModule( 8531): [PlaybackTrace][Bridge][listener:error] code=-1 message=tls: mbedtls_ssl_handshake returned -0x7280
08-22 16:51:05.168 I/MpvBridgeModule( 8531): [PlaybackTrace][Bridge][listener:event] name=endFile payload={"reason":2,"error":0}
08-22 16:51:05.170 I/MpvBridgeModule( 8531): [PlaybackTrace][Bridge][listener:event] name=startFile payload={}
08-22 16:51:05.419 I/MpvBridgeModule( 8531): [PlaybackTrace][Bridge][play] ptr=131217388029824
08-22 16:51:05.420 I/MpvBridgeModule( 8531): [PlaybackTrace][Bridge][play] nativePlay returned
08-22 16:51:05.452 D/MpvBridgeModule( 8531): [PlaybackTrace][Bridge][getPosition] ptr=131217388029824 position=0.0
08-22 16:51:05.452 D/MpvBridgeModule( 8531): [PlaybackTrace][Bridge][getDuration] ptr=131217388029824 duration=0.0
08-22 16:51:05.452 D/MpvBridgeModule( 8531): [PlaybackTrace][Bridge][getPlaybackState] ptr=131217388029824 state=playing idle=false eof=false pause=false
08-22 16:51:05.684 I/MpvBridgeModule( 8531): [PlaybackTrace][Bridge][loadFile] requested=https://prod-1.storage.jamendo.com/?trackid=171&format=mp31&from=8CSIkMvwtD6jzKZ%2BPEaUMQ%3D%3D%7Cj5s5oI6ivq8l2vQOXyWixQ%3D%3D resolved=https://prod-1.storage.jamendo.com/?trackid=171&format=mp31&from=8CSIkMvwtD6jzKZ%2BPEaUMQ%3D%3D%7Cj5s5oI6ivq8l2vQOXyWixQ%3D%3D ptr=131217388029824
08-22 16:51:05.684 I/MpvBridgeModule( 8531): [PlaybackTrace][Bridge][loadFile] nativeLoadFile returned
08-22 16:51:05.694 I/MpvBridgeModule( 8531): [PlaybackTrace][Bridge][play] ptr=131217388029824
08-22 16:51:05.696 I/MpvBridgeModule( 8531): [PlaybackTrace][Bridge][play] nativePlay returned
08-22 16:51:05.720 D/MpvBridgeModule( 8531): [PlaybackTrace][Bridge][getPosition] ptr=131217388029824 position=0.0
08-22 16:51:05.720 D/MpvBridgeModule( 8531): [PlaybackTrace][Bridge][getDuration] ptr=131217388029824 duration=0.0
08-22 16:51:05.720 D/MpvBridgeModule( 8531): [PlaybackTrace][Bridge][getPlaybackState] ptr=131217388029824 state=playing idle=false eof=false pause=false
08-22 16:51:05.784 E/MpvBridgeModule( 8531): [PlaybackTrace][Bridge][listener:error] code=-1 message=tls: mbedtls_ssl_handshake returned -0x7280
08-22 16:51:05.786 I/MpvBridgeModule( 8531): [PlaybackTrace][Bridge][listener:event] name=endFile payload={"reason":2,"error":0}
08-22 16:51:05.788 I/MpvBridgeModule( 8531): [PlaybackTrace][Bridge][listener:event] name=startFile payload={}
08-22 16:51:05.791 D/MpvBridgeModule( 8531): [PlaybackTrace][Bridge][getDuration] ptr=131217388029824 duration=0.0
08-22 16:51:05.969 I/MpvBridgeModule( 8531): [PlaybackTrace][Bridge][play] ptr=131217388029824
08-22 16:51:05.969 I/MpvBridgeModule( 8531): [PlaybackTrace][Bridge][play] nativePlay returned
08-22 16:51:06.216 E/MpvBridgeModule( 8531): [PlaybackTrace][Bridge][listener:error] code=-1 message=tls: mbedtls_ssl_handshake returned -0x6600
08-22 16:51:06.224 E/MpvBridgeModule( 8531): [PlaybackTrace][Bridge][listener:error] code=-1 message=Failed to open https://prod-1.storage.jamendo.com/?trackid=171&format=mp31&from=8CSIkMvwtD6jzKZ%2BPEaUMQ%3D%3D%7Cj5s5oI6ivq8l2vQOXyWixQ%3D%3D.
08-22 16:51:06.249 E/MpvBridgeModule( 8531): [PlaybackTrace][Bridge][listener:error] code=-1 message=Subprocess failed: init
08-22 16:51:06.250 I/MpvBridgeModule( 8531): [PlaybackTrace][Bridge][listener:event] name=endFile payload={"reason":4,"error":-13}
08-22 16:51:06.253 E/MpvBridgeModule( 8531): [PlaybackTrace][Bridge][listener:error] code=-1 message=
08-22 16:51:06.254 E/MpvBridgeModule( 8531): [PlaybackTrace][Bridge][listener:error] code=-1 message=youtube-dl failed: not found or not enough permissions
08-22 16:51:06.256 D/MpvBridgeModule( 8531): [PlaybackTrace][Bridge][getDuration] ptr=131217388029824 duration=0.0
08-22 16:51:06.343 I/MpvBridgeModule( 8531): [PlaybackTrace][Bridge][loadFile] requested=https://prod-1.storage.jamendo.com/?trackid=171&format=mp31&from=8CSIkMvwtD6jzKZ%2BPEaUMQ%3D%3D%7Cj5s5oI6ivq8l2vQOXyWixQ%3D%3D resolved=https://prod-1.storage.jamendo.com/?trackid=171&format=mp31&from=8CSIkMvwtD6jzKZ%2BPEaUMQ%3D%3D%7Cj5s5oI6ivq8l2vQOXyWixQ%3D%3D ptr=131217388029824
08-22 16:51:06.343 I/MpvBridgeModule( 8531): [PlaybackTrace][Bridge][loadFile] nativeLoadFile returned
08-22 16:51:06.345 I/MpvBridgeModule( 8531): [PlaybackTrace][Bridge][listener:event] name=startFile payload={}
08-22 16:51:06.345 I/MpvBridgeModule( 8531): [PlaybackTrace][Bridge][play] ptr=131217388029824
08-22 16:51:06.347 I/MpvBridgeModule( 8531): [PlaybackTrace][Bridge][play] nativePlay returned
08-22 16:51:06.350 I/MpvBridgeModule( 8531): [PlaybackTrace][Bridge][loadFile] requested=https://prod-1.storage.jamendo.com/?trackid=171&format=mp31&from=8CSIkMvwtD6jzKZ%2BPEaUMQ%3D%3D%7Cj5s5oI6ivq8l2vQOXyWixQ%3D%3D resolved=https://prod-1.storage.jamendo.com/?trackid=171&format=mp31&from=8CSIkMvwtD6jzKZ%2BPEaUMQ%3D%3D%7Cj5s5oI6ivq8l2vQOXyWixQ%3D%3D ptr=131217388029824
08-22 16:51:06.350 I/MpvBridgeModule( 8531): [PlaybackTrace][Bridge][loadFile] nativeLoadFile returned
08-22 16:51:06.351 I/MpvBridgeModule( 8531): [PlaybackTrace][Bridge][play] ptr=131217388029824
08-22 16:51:06.352 I/MpvBridgeModule( 8531): [PlaybackTrace][Bridge][play] nativePlay returned
08-22 16:51:06.362 I/MpvBridgeModule( 8531): [PlaybackTrace][Bridge][listener:event] name=endFile payload={"reason":2,"error":0}
08-22 16:51:06.364 I/MpvBridgeModule( 8531): [PlaybackTrace][Bridge][listener:event] name=startFile payload={}
08-22 16:51:06.404 I/MpvBridgeModule( 8531): [PlaybackTrace][Bridge][loadFile] requested=https://prod-1.storage.jamendo.com/?trackid=171&format=mp31&from=8CSIkMvwtD6jzKZ%2BPEaUMQ%3D%3D%7Cj5s5oI6ivq8l2vQOXyWixQ%3D%3D resolved=https://prod-1.storage.jamendo.com/?trackid=171&format=mp31&from=8CSIkMvwtD6jzKZ%2BPEaUMQ%3D%3D%7Cj5s5oI6ivq8l2vQOXyWixQ%3D%3D ptr=131217388029824
08-22 16:51:06.404 I/MpvBridgeModule( 8531): [PlaybackTrace][Bridge][loadFile] nativeLoadFile returned
08-22 16:51:06.405 I/MpvBridgeModule( 8531): [PlaybackTrace][Bridge][play] ptr=131217388029824
08-22 16:51:06.406 I/MpvBridgeModule( 8531): [PlaybackTrace][Bridge][play] nativePlay returned
08-22 16:51:06.469 D/MpvBridgeModule( 8531): [PlaybackTrace][Bridge][getPosition] ptr=131217388029824 position=0.0
08-22 16:51:06.469 D/MpvBridgeModule( 8531): [PlaybackTrace][Bridge][getDuration] ptr=131217388029824 duration=0.0
08-22 16:51:06.469 D/MpvBridgeModule( 8531): [PlaybackTrace][Bridge][getPlaybackState] ptr=131217388029824 state=playing idle=false eof=false pause=false
08-22 16:51:06.472 I/MpvBridgeModule( 8531): [PlaybackTrace][Bridge][listener:event] name=endFile payload={"reason":2,"error":0}
08-22 16:51:06.474 I/MpvBridgeModule( 8531): [PlaybackTrace][Bridge][listener:event] name=startFile payload={}
08-22 16:51:06.620 I/MpvBridgeModule( 8531): [PlaybackTrace][Bridge][play] ptr=131217388029824
08-22 16:51:06.620 I/MpvBridgeModule( 8531): [PlaybackTrace][Bridge][play] nativePlay returned
08-22 16:51:06.637 I/MpvBridgeModule( 8531): [PlaybackTrace][Bridge][play] ptr=131217388029824
08-22 16:51:06.637 I/MpvBridgeModule( 8531): [PlaybackTrace][Bridge][play] nativePlay returned
08-22 16:51:06.686 I/MpvBridgeModule( 8531): [PlaybackTrace][Bridge][play] ptr=131217388029824
08-22 16:51:06.686 I/MpvBridgeModule( 8531): [PlaybackTrace][Bridge][play] nativePlay returned
08-22 16:51:06.735 D/MpvBridgeModule( 8531): [PlaybackTrace][Bridge][getPosition] ptr=131217388029824 position=0.0
08-22 16:51:06.735 D/MpvBridgeModule( 8531): [PlaybackTrace][Bridge][getDuration] ptr=131217388029824 duration=0.0
08-22 16:51:06.735 D/MpvBridgeModule( 8531): [PlaybackTrace][Bridge][getPlaybackState] ptr=131217388029824 state=playing idle=false eof=false pause=false
08-22 16:51:06.922 E/MpvBridgeModule( 8531): [PlaybackTrace][Bridge][listener:error] code=-1 message=tls: mbedtls_ssl_handshake returned -0x6600
08-22 16:51:06.943 E/MpvBridgeModule( 8531): [PlaybackTrace][Bridge][listener:error] code=-1 message=Failed to open https://prod-1.storage.jamendo.com/?trackid=171&format=mp31&from=8CSIkMvwtD6jzKZ%2BPEaUMQ%3D%3D%7Cj5s5oI6ivq8l2vQOXyWixQ%3D%3D.
08-22 16:51:06.970 E/MpvBridgeModule( 8531): [PlaybackTrace][Bridge][listener:error] code=-1 message=Subprocess failed: init
08-22 16:51:06.971 I/MpvBridgeModule( 8531): [PlaybackTrace][Bridge][listener:event] name=endFile payload={"reason":4,"error":-13}
08-22 16:51:06.973 E/MpvBridgeModule( 8531): [PlaybackTrace][Bridge][listener:error] code=-1 message=
08-22 16:51:06.974 D/MpvBridgeModule( 8531): [PlaybackTrace][Bridge][getDuration] ptr=131217388029824 duration=0.0
08-22 16:51:06.974 E/MpvBridgeModule( 8531): [PlaybackTrace][Bridge][listener:error] code=-1 message=youtube-dl failed: not found or not enough permissions
08-22 16:51:07.136 I/MpvBridgeModule( 8531): [PlaybackTrace][Bridge][loadFile] requested=https://prod-1.storage.jamendo.com/?trackid=171&format=mp31&from=8CSIkMvwtD6jzKZ%2BPEaUMQ%3D%3D%7Cj5s5oI6ivq8l2vQOXyWixQ%3D%3D resolved=https://prod-1.storage.jamendo.com/?trackid=171&format=mp31&from=8CSIkMvwtD6jzKZ%2BPEaUMQ%3D%3D%7Cj5s5oI6ivq8l2vQOXyWixQ%3D%3D ptr=131217388029824
08-22 16:51:07.137 I/MpvBridgeModule( 8531): [PlaybackTrace][Bridge][loadFile] nativeLoadFile returned
08-22 16:51:07.138 I/MpvBridgeModule( 8531): [PlaybackTrace][Bridge][listener:event] name=startFile payload={}
08-22 16:51:07.138 I/MpvBridgeModule( 8531): [PlaybackTrace][Bridge][play] ptr=131217388029824
08-22 16:51:07.140 I/MpvBridgeModule( 8531): [PlaybackTrace][Bridge][play] nativePlay returned
08-22 16:51:07.420 I/MpvBridgeModule( 8531): [PlaybackTrace][Bridge][play] ptr=131217388029824
08-22 16:51:07.420 I/MpvBridgeModule( 8531): [PlaybackTrace][Bridge][play] nativePlay returned
08-22 16:51:07.486 D/MpvBridgeModule( 8531): [PlaybackTrace][Bridge][getPosition] ptr=131217388029824 position=0.0
08-22 16:51:07.486 D/MpvBridgeModule( 8531): [PlaybackTrace][Bridge][getDuration] ptr=131217388029824 duration=0.0
08-22 16:51:07.486 D/MpvBridgeModule( 8531): [PlaybackTrace][Bridge][getPlaybackState] ptr=131217388029824 state=playing idle=false eof=false pause=false
08-22 16:51:07.663 E/MpvBridgeModule( 8531): [PlaybackTrace][Bridge][listener:error] code=-1 message=tls: mbedtls_ssl_handshake returned -0x6600
08-22 16:51:07.664 E/MpvBridgeModule( 8531): [PlaybackTrace][Bridge][listener:error] code=-1 message=Failed to open https://prod-1.storage.jamendo.com/?trackid=171&format=mp31&from=8CSIkMvwtD6jzKZ%2BPEaUMQ%3D%3D%7Cj5s5oI6ivq8l2vQOXyWixQ%3D%3D.
08-22 16:51:07.696 D/MpvBridgeModule( 8531): [PlaybackTrace][Bridge][getDuration] ptr=131217388029824 duration=0.0
08-22 16:51:07.709 E/MpvBridgeModule( 8531): [PlaybackTrace][Bridge][listener:error] code=-1 message=Subprocess failed: init
08-22 16:51:07.712 I/MpvBridgeModule( 8531): [PlaybackTrace][Bridge][listener:event] name=endFile payload={"reason":4,"error":-13}
08-22 16:51:07.714 E/MpvBridgeModule( 8531): [PlaybackTrace][Bridge][listener:error] code=-1 message=
08-22 16:51:07.717 E/MpvBridgeModule( 8531): [PlaybackTrace][Bridge][listener:error] code=-1 message=youtube-dl failed: not found or not enough permissions
08-22 16:51:07.797 D/MpvBridgeModule( 8531): [PlaybackTrace][Bridge][getPosition] ptr=131217388029824 position=0.0
08-22 16:51:07.797 D/MpvBridgeModule( 8531): [PlaybackTrace][Bridge][getDuration] ptr=131217388029824 duration=0.0
08-22 16:51:07.797 D/MpvBridgeModule( 8531): [PlaybackTrace][Bridge][getPlaybackState] ptr=131217388029824 state=idle idle=true
08-22 16:51:07.799 I/MpvBridgeModule( 8531): [PlaybackTrace][Bridge][loadFile] requested=https://prod-1.storage.jamendo.com/?trackid=171&format=mp31&from=8CSIkMvwtD6jzKZ%2BPEaUMQ%3D%3D%7Cj5s5oI6ivq8l2vQOXyWixQ%3D%3D resolved=https://prod-1.storage.jamendo.com/?trackid=171&format=mp31&from=8CSIkMvwtD6jzKZ%2BPEaUMQ%3D%3D%7Cj5s5oI6ivq8l2vQOXyWixQ%3D%3D ptr=131217388029824
08-22 16:51:07.799 I/MpvBridgeModule( 8531): [PlaybackTrace][Bridge][loadFile] nativeLoadFile returned
08-22 16:51:07.802 I/MpvBridgeModule( 8531): [PlaybackTrace][Bridge][listener:event] name=startFile payload={}
08-22 16:51:07.805 I/MpvBridgeModule( 8531): [PlaybackTrace][Bridge][play] ptr=131217388029824
08-22 16:51:07.805 I/MpvBridgeModule( 8531): [PlaybackTrace][Bridge][play] nativePlay returned
08-22 16:51:07.806 I/MpvBridgeModule( 8531): [PlaybackTrace][Bridge][loadFile] requested=https://prod-1.storage.jamendo.com/?trackid=171&format=mp31&from=8CSIkMvwtD6jzKZ%2BPEaUMQ%3D%3D%7Cj5s5oI6ivq8l2vQOXyWixQ%3D%3D resolved=https://prod-1.storage.jamendo.com/?trackid=171&format=mp31&from=8CSIkMvwtD6jzKZ%2BPEaUMQ%3D%3D%7Cj5s5oI6ivq8l2vQOXyWixQ%3D%3D ptr=131217388029824
08-22 16:51:07.806 I/MpvBridgeModule( 8531): [PlaybackTrace][Bridge][loadFile] nativeLoadFile returned
08-22 16:51:07.806 I/MpvBridgeModule( 8531): [PlaybackTrace][Bridge][play] ptr=131217388029824
08-22 16:51:07.806 I/MpvBridgeModule( 8531): [PlaybackTrace][Bridge][play] nativePlay returned
08-22 16:51:07.807 I/MpvBridgeModule( 8531): [PlaybackTrace][Bridge][loadFile] requested=https://prod-1.storage.jamendo.com/?trackid=171&format=mp31&from=8CSIkMvwtD6jzKZ%2BPEaUMQ%3D%3D%7Cj5s5oI6ivq8l2vQOXyWixQ%3D%3D resolved=https://prod-1.storage.jamendo.com/?trackid=171&format=mp31&from=8CSIkMvwtD6jzKZ%2BPEaUMQ%3D%3D%7Cj5s5oI6ivq8l2vQOXyWixQ%3D%3D ptr=131217388029824
08-22 16:51:07.807 I/MpvBridgeModule( 8531): [PlaybackTrace][Bridge][loadFile] nativeLoadFile returned
08-22 16:51:07.809 I/MpvBridgeModule( 8531): [PlaybackTrace][Bridge][play] ptr=131217388029824
08-22 16:51:07.809 I/MpvBridgeModule( 8531): [PlaybackTrace][Bridge][play] nativePlay returned
08-22 16:51:07.811 I/MpvBridgeModule( 8531): [PlaybackTrace][Bridge][loadFile] requested=https://prod-1.storage.jamendo.com/?trackid=171&format=mp31&from=8CSIkMvwtD6jzKZ%2BPEaUMQ%3D%3D%7Cj5s5oI6ivq8l2vQOXyWixQ%3D%3D resolved=https://prod-1.storage.jamendo.com/?trackid=171&format=mp31&from=8CSIkMvwtD6jzKZ%2BPEaUMQ%3D%3D%7Cj5s5oI6ivq8l2vQOXyWixQ%3D%3D ptr=131217388029824
08-22 16:51:07.811 I/MpvBridgeModule( 8531): [PlaybackTrace][Bridge][loadFile] nativeLoadFile returned
08-22 16:51:07.811 I/MpvBridgeModule( 8531): [PlaybackTrace][Bridge][play] ptr=131217388029824
08-22 16:51:07.811 I/MpvBridgeModule( 8531): [PlaybackTrace][Bridge][play] nativePlay returned
08-22 16:51:07.825 I/MpvBridgeModule( 8531): [PlaybackTrace][Bridge][listener:event] name=endFile payload={"reason":2,"error":0}
08-22 16:51:07.828 I/MpvBridgeModule( 8531): [PlaybackTrace][Bridge][listener:event] name=startFile payload={}
08-22 16:51:07.829 D/MpvBridgeModule( 8531): [PlaybackTrace][Bridge][getDuration] ptr=131217388029824 duration=0.0
08-22 16:51:08.086 I/MpvBridgeModule( 8531): [PlaybackTrace][Bridge][play] ptr=131217388029824
08-22 16:51:08.086 I/MpvBridgeModule( 8531): [PlaybackTrace][Bridge][play] nativePlay returned
08-22 16:51:08.086 I/MpvBridgeModule( 8531): [PlaybackTrace][Bridge][play] ptr=131217388029824
08-22 16:51:08.087 I/MpvBridgeModule( 8531): [PlaybackTrace][Bridge][play] nativePlay returned
08-22 16:51:08.087 I/MpvBridgeModule( 8531): [PlaybackTrace][Bridge][play] ptr=131217388029824
08-22 16:51:08.087 I/MpvBridgeModule( 8531): [PlaybackTrace][Bridge][play] nativePlay returned
08-22 16:51:08.087 I/MpvBridgeModule( 8531): [PlaybackTrace][Bridge][play] ptr=131217388029824
08-22 16:51:08.087 I/MpvBridgeModule( 8531): [PlaybackTrace][Bridge][play] nativePlay returned
08-22 16:51:08.347 E/MpvBridgeModule( 8531): [PlaybackTrace][Bridge][listener:error] code=-1 message=tls: mbedtls_ssl_handshake returned -0x6600
08-22 16:51:08.367 E/MpvBridgeModule( 8531): [PlaybackTrace][Bridge][listener:error] code=-1 message=Failed to open https://prod-1.storage.jamendo.com/?trackid=171&format=mp31&from=8CSIkMvwtD6jzKZ%2BPEaUMQ%3D%3D%7Cj5s5oI6ivq8l2vQOXyWixQ%3D%3D.
08-22 16:51:08.383 D/MpvBridgeModule( 8531): [PlaybackTrace][Bridge][getDuration] ptr=131217388029824 duration=0.0
08-22 16:51:08.395 E/MpvBridgeModule( 8531): [PlaybackTrace][Bridge][listener:error] code=-1 message=Subprocess failed: init
08-22 16:51:08.397 I/MpvBridgeModule( 8531): [PlaybackTrace][Bridge][listener:event] name=endFile payload={"reason":4,"error":-13}
08-22 16:51:08.400 E/MpvBridgeModule( 8531): [PlaybackTrace][Bridge][listener:error] code=-1 message=
08-22 16:51:08.402 E/MpvBridgeModule( 8531): [PlaybackTrace][Bridge][listener:error] code=-1 message=youtube-dl failed: not found or not enough permissions
08-22 16:51:08.489 D/MpvBridgeModule( 8531): [PlaybackTrace][Bridge][getDuration] ptr=131217388029824 duration=0.0
08-22 16:51:08.574 D/MpvBridgeModule( 8531): [PlaybackTrace][Bridge][getPosition] ptr=131217388029824 position=0.0
08-22 16:51:08.574 D/MpvBridgeModule( 8531): [PlaybackTrace][Bridge][getDuration] ptr=131217388029824 duration=0.0
08-22 16:51:08.574 D/MpvBridgeModule( 8531): [PlaybackTrace][Bridge][getPlaybackState] ptr=131217388029824 state=idle idle=true
08-22 16:51:08.577 I/MpvBridgeModule( 8531): [PlaybackTrace][Bridge][loadFile] requested=https://prod-1.storage.jamendo.com/?trackid=171&format=mp31&from=8CSIkMvwtD6jzKZ%2BPEaUMQ%3D%3D%7Cj5s5oI6ivq8l2vQOXyWixQ%3D%3D resolved=https://prod-1.storage.jamendo.com/?trackid=171&format=mp31&from=8CSIkMvwtD6jzKZ%2BPEaUMQ%3D%3D%7Cj5s5oI6ivq8l2vQOXyWixQ%3D%3D ptr=131217388029824
08-22 16:51:08.578 I/MpvBridgeModule( 8531): [PlaybackTrace][Bridge][loadFile] nativeLoadFile returned
08-22 16:51:08.579 I/MpvBridgeModule( 8531): [PlaybackTrace][Bridge][play] ptr=131217388029824
08-22 16:51:08.581 I/MpvBridgeModule( 8531): [PlaybackTrace][Bridge][listener:event] name=startFile payload={}
08-22 16:51:08.583 I/MpvBridgeModule( 8531): [PlaybackTrace][Bridge][play] nativePlay returned
08-22 16:51:08.597 I/MpvBridgeModule( 8531): [PlaybackTrace][Bridge][loadFile] requested=https://prod-1.storage.jamendo.com/?trackid=171&format=mp31&from=8CSIkMvwtD6jzKZ%2BPEaUMQ%3D%3D%7Cj5s5oI6ivq8l2vQOXyWixQ%3D%3D resolved=https://prod-1.storage.jamendo.com/?trackid=171&format=mp31&from=8CSIkMvwtD6jzKZ%2BPEaUMQ%3D%3D%7Cj5s5oI6ivq8l2vQOXyWixQ%3D%3D ptr=131217388029824
08-22 16:51:08.597 I/MpvBridgeModule( 8531): [PlaybackTrace][Bridge][loadFile] nativeLoadFile returned
08-22 16:51:08.599 I/MpvBridgeModule( 8531): [PlaybackTrace][Bridge][play] ptr=131217388029824
08-22 16:51:08.599 I/MpvBridgeModule( 8531): [PlaybackTrace][Bridge][play] nativePlay returned
08-22 16:51:08.690 I/MpvBridgeModule( 8531): [PlaybackTrace][Bridge][listener:event] name=endFile payload={"reason":2,"error":0}
08-22 16:51:08.694 I/MpvBridgeModule( 8531): [PlaybackTrace][Bridge][listener:event] name=startFile payload={}
08-22 16:51:08.770 D/MpvBridgeModule( 8531): [PlaybackTrace][Bridge][getPosition] ptr=131217388029824 position=0.0
08-22 16:51:08.770 D/MpvBridgeModule( 8531): [PlaybackTrace][Bridge][getDuration] ptr=131217388029824 duration=0.0
08-22 16:51:08.770 D/MpvBridgeModule( 8531): [PlaybackTrace][Bridge][getPlaybackState] ptr=131217388029824 state=playing idle=false eof=false pause=false
08-22 16:51:08.772 D/MpvBridgeModule( 8531): [PlaybackTrace][Bridge][getDuration] ptr=131217388029824 duration=0.0
08-22 16:51:08.877 I/MpvBridgeModule( 8531): [PlaybackTrace][Bridge][play] ptr=131217388029824
08-22 16:51:08.878 I/MpvBridgeModule( 8531): [PlaybackTrace][Bridge][play] nativePlay returned
08-22 16:51:08.878 I/MpvBridgeModule( 8531): [PlaybackTrace][Bridge][play] ptr=131217388029824
08-22 16:51:08.878 I/MpvBridgeModule( 8531): [PlaybackTrace][Bridge][play] nativePlay returned
08-22 16:51:09.094 E/MpvBridgeModule( 8531): [PlaybackTrace][Bridge][listener:error] code=-1 message=tls: mbedtls_ssl_handshake returned -0x6600
08-22 16:51:09.103 E/MpvBridgeModule( 8531): [PlaybackTrace][Bridge][listener:error] code=-1 message=Failed to open https://prod-1.storage.jamendo.com/?trackid=171&format=mp31&from=8CSIkMvwtD6jzKZ%2BPEaUMQ%3D%3D%7Cj5s5oI6ivq8l2vQOXyWixQ%3D%3D.
08-22 16:51:09.125 E/MpvBridgeModule( 8531): [PlaybackTrace][Bridge][listener:error] code=-1 message=Subprocess failed: init
08-22 16:51:09.127 I/MpvBridgeModule( 8531): [PlaybackTrace][Bridge][listener:event] name=endFile payload={"reason":4,"error":-13}
08-22 16:51:09.128 E/MpvBridgeModule( 8531): [PlaybackTrace][Bridge][listener:error] code=-1 message=
08-22 16:51:09.129 E/MpvBridgeModule( 8531): [PlaybackTrace][Bridge][listener:error] code=-1 message=youtube-dl failed: not found or not enough permissions
08-22 16:51:09.132 D/MpvBridgeModule( 8531): [PlaybackTrace][Bridge][getDuration] ptr=131217388029824 duration=0.0
08-22 16:51:09.255 I/MpvBridgeModule( 8531): [PlaybackTrace][Bridge][loadFile] requested=https://prod-1.storage.jamendo.com/?trackid=171&format=mp31&from=8CSIkMvwtD6jzKZ%2BPEaUMQ%3D%3D%7Cj5s5oI6ivq8l2vQOXyWixQ%3D%3D resolved=https://prod-1.storage.jamendo.com/?trackid=171&format=mp31&from=8CSIkMvwtD6jzKZ%2BPEaUMQ%3D%3D%7Cj5s5oI6ivq8l2vQOXyWixQ%3D%3D ptr=131217388029824
08-22 16:51:09.257 I/MpvBridgeModule( 8531): [PlaybackTrace][Bridge][loadFile] nativeLoadFile returned
08-22 16:51:09.258 I/MpvBridgeModule( 8531): [PlaybackTrace][Bridge][listener:event] name=startFile payload={}
08-22 16:51:09.261 I/MpvBridgeModule( 8531): [PlaybackTrace][Bridge][play] ptr=131217388029824
08-22 16:51:09.262 I/MpvBridgeModule( 8531): [PlaybackTrace][Bridge][play] nativePlay returned
08-22 16:51:09.271 I/MpvBridgeModule( 8531): [PlaybackTrace][Bridge][loadFile] requested=https://prod-1.storage.jamendo.com/?trackid=171&format=mp31&from=8CSIkMvwtD6jzKZ%2BPEaUMQ%3D%3D%7Cj5s5oI6ivq8l2vQOXyWixQ%3D%3D resolved=https://prod-1.storage.jamendo.com/?trackid=171&format=mp31&from=8CSIkMvwtD6jzKZ%2BPEaUMQ%3D%3D%7Cj5s5oI6ivq8l2vQOXyWixQ%3D%3D ptr=131217388029824
08-22 16:51:09.272 I/MpvBridgeModule( 8531): [PlaybackTrace][Bridge][loadFile] nativeLoadFile returned
08-22 16:51:09.273 I/MpvBridgeModule( 8531): [PlaybackTrace][Bridge][play] ptr=131217388029824
08-22 16:51:09.274 I/MpvBridgeModule( 8531): [PlaybackTrace][Bridge][play] nativePlay returned
08-22 16:51:09.320 I/MpvBridgeModule( 8531): [PlaybackTrace][Bridge][loadFile] requested=https://prod-1.storage.jamendo.com/?trackid=171&format=mp31&from=8CSIkMvwtD6jzKZ%2BPEaUMQ%3D%3D%7Cj5s5oI6ivq8l2vQOXyWixQ%3D%3D resolved=https://prod-1.storage.jamendo.com/?trackid=171&format=mp31&from=8CSIkMvwtD6jzKZ%2BPEaUMQ%3D%3D%7Cj5s5oI6ivq8l2vQOXyWixQ%3D%3D ptr=131217388029824
08-22 16:51:09.321 I/MpvBridgeModule( 8531): [PlaybackTrace][Bridge][loadFile] nativeLoadFile returned
08-22 16:51:09.323 I/MpvBridgeModule( 8531): [PlaybackTrace][Bridge][play] ptr=131217388029824
08-22 16:51:09.323 I/MpvBridgeModule( 8531): [PlaybackTrace][Bridge][play] nativePlay returned
08-22 16:51:09.371 I/MpvBridgeModule( 8531): [PlaybackTrace][Bridge][listener:event] name=endFile payload={"reason":2,"error":0}
08-22 16:51:09.372 I/MpvBridgeModule( 8531): [PlaybackTrace][Bridge][listener:event] name=startFile payload={}
08-22 16:51:09.519 D/MpvBridgeModule( 8531): [PlaybackTrace][Bridge][getPosition] ptr=131217388029824 position=0.0
08-22 16:51:09.520 D/MpvBridgeModule( 8531): [PlaybackTrace][Bridge][getDuration] ptr=131217388029824 duration=0.0
08-22 16:51:09.520 D/MpvBridgeModule( 8531): [PlaybackTrace][Bridge][getPlaybackState] ptr=131217388029824 state=playing idle=false eof=false pause=false
08-22 16:51:09.538 I/MpvBridgeModule( 8531): [PlaybackTrace][Bridge][play] ptr=131217388029824
08-22 16:51:09.539 I/MpvBridgeModule( 8531): [PlaybackTrace][Bridge][play] nativePlay returned
08-22 16:51:09.554 I/MpvBridgeModule( 8531): [PlaybackTrace][Bridge][play] ptr=131217388029824
08-22 16:51:09.554 I/MpvBridgeModule( 8531): [PlaybackTrace][Bridge][play] nativePlay returned
08-22 16:51:09.604 I/MpvBridgeModule( 8531): [PlaybackTrace][Bridge][play] ptr=131217388029824
08-22 16:51:09.604 I/MpvBridgeModule( 8531): [PlaybackTrace][Bridge][play] nativePlay returned
08-22 16:51:09.785 D/MpvBridgeModule( 8531): [PlaybackTrace][Bridge][getPosition] ptr=131217388029824 position=0.0
08-22 16:51:09.785 D/MpvBridgeModule( 8531): [PlaybackTrace][Bridge][getDuration] ptr=131217388029824 duration=0.0
08-22 16:51:09.786 D/MpvBridgeModule( 8531): [PlaybackTrace][Bridge][getPlaybackState] ptr=131217388029824 state=playing idle=false eof=false pause=false
08-22 16:51:09.902 I/MpvBridgeModule( 8531): [PlaybackTrace][Bridge][loadFile] requested=https://prod-1.storage.jamendo.com/?trackid=171&format=mp31&from=8CSIkMvwtD6jzKZ%2BPEaUMQ%3D%3D%7Cj5s5oI6ivq8l2vQOXyWixQ%3D%3D resolved=https://prod-1.storage.jamendo.com/?trackid=171&format=mp31&from=8CSIkMvwtD6jzKZ%2BPEaUMQ%3D%3D%7Cj5s5oI6ivq8l2vQOXyWixQ%3D%3D ptr=131217388029824
08-22 16:51:09.903 I/MpvBridgeModule( 8531): [PlaybackTrace][Bridge][loadFile] nativeLoadFile returned
08-22 16:51:09.907 I/MpvBridgeModule( 8531): [PlaybackTrace][Bridge][play] ptr=131217388029824
08-22 16:51:09.907 I/MpvBridgeModule( 8531): [PlaybackTrace][Bridge][play] nativePlay returned
08-22 16:51:09.970 I/MpvBridgeModule( 8531): [PlaybackTrace][Bridge][loadFile] requested=https://prod-1.storage.jamendo.com/?trackid=171&format=mp31&from=8CSIkMvwtD6jzKZ%2BPEaUMQ%3D%3D%7Cj5s5oI6ivq8l2vQOXyWixQ%3D%3D resolved=https://prod-1.storage.jamendo.com/?trackid=171&format=mp31&from=8CSIkMvwtD6jzKZ%2BPEaUMQ%3D%3D%7Cj5s5oI6ivq8l2vQOXyWixQ%3D%3D ptr=131217388029824
08-22 16:51:09.971 I/MpvBridgeModule( 8531): [PlaybackTrace][Bridge][loadFile] nativeLoadFile returned
08-22 16:51:09.973 I/MpvBridgeModule( 8531): [PlaybackTrace][Bridge][play] ptr=131217388029824
08-22 16:51:09.973 I/MpvBridgeModule( 8531): [PlaybackTrace][Bridge][play] nativePlay returned
08-22 16:51:09.993 E/MpvBridgeModule( 8531): [PlaybackTrace][Bridge][listener:error] code=-1 message=tls: mbedtls_ssl_handshake returned -0x7280
08-22 16:51:09.996 I/MpvBridgeModule( 8531): [PlaybackTrace][Bridge][listener:event] name=endFile payload={"reason":2,"error":0}
08-22 16:51:09.998 I/MpvBridgeModule( 8531): [PlaybackTrace][Bridge][listener:event] name=startFile payload={}
08-22 16:51:10.086 I/MpvBridgeModule( 8531): [PlaybackTrace][Bridge][loadFile] requested=https://prod-1.storage.jamendo.com/?trackid=171&format=mp31&from=8CSIkMvwtD6jzKZ%2BPEaUMQ%3D%3D%7Cj5s5oI6ivq8l2vQOXyWixQ%3D%3D resolved=https://prod-1.storage.jamendo.com/?trackid=171&format=mp31&from=8CSIkMvwtD6jzKZ%2BPEaUMQ%3D%3D%7Cj5s5oI6ivq8l2vQOXyWixQ%3D%3D ptr=131217388029824
08-22 16:51:10.086 I/MpvBridgeModule( 8531): [PlaybackTrace][Bridge][loadFile] nativeLoadFile returned
08-22 16:51:10.088 I/MpvBridgeModule( 8531): [PlaybackTrace][Bridge][play] ptr=131217388029824
08-22 16:51:10.088 I/MpvBridgeModule( 8531): [PlaybackTrace][Bridge][play] nativePlay returned
08-22 16:51:10.104 I/MpvBridgeModule( 8531): [PlaybackTrace][Bridge][listener:event] name=endFile payload={"reason":2,"error":0}
08-22 16:51:10.106 I/MpvBridgeModule( 8531): [PlaybackTrace][Bridge][listener:event] name=startFile payload={}
08-22 16:51:10.187 I/MpvBridgeModule( 8531): [PlaybackTrace][Bridge][play] ptr=131217388029824
08-22 16:51:10.187 I/MpvBridgeModule( 8531): [PlaybackTrace][Bridge][play] nativePlay returned
08-22 16:51:10.254 I/MpvBridgeModule( 8531): [PlaybackTrace][Bridge][play] ptr=131217388029824
08-22 16:51:10.254 I/MpvBridgeModule( 8531): [PlaybackTrace][Bridge][play] nativePlay returned
08-22 16:51:10.369 I/MpvBridgeModule( 8531): [PlaybackTrace][Bridge][play] ptr=131217388029824
08-22 16:51:10.369 I/MpvBridgeModule( 8531): [PlaybackTrace][Bridge][play] nativePlay returned
08-22 16:51:10.537 D/MpvBridgeModule( 8531): [PlaybackTrace][Bridge][getPosition] ptr=131217388029824 position=0.0
08-22 16:51:10.537 D/MpvBridgeModule( 8531): [PlaybackTrace][Bridge][getDuration] ptr=131217388029824 duration=0.0
08-22 16:51:10.537 D/MpvBridgeModule( 8531): [PlaybackTrace][Bridge][getPlaybackState] ptr=131217388029824 state=playing idle=false eof=false pause=false
08-22 16:51:10.638 I/MpvBridgeModule( 8531): [PlaybackTrace][Bridge][loadFile] requested=https://prod-1.storage.jamendo.com/?trackid=171&format=mp31&from=8CSIkMvwtD6jzKZ%2BPEaUMQ%3D%3D%7Cj5s5oI6ivq8l2vQOXyWixQ%3D%3D resolved=https://prod-1.storage.jamendo.com/?trackid=171&format=mp31&from=8CSIkMvwtD6jzKZ%2BPEaUMQ%3D%3D%7Cj5s5oI6ivq8l2vQOXyWixQ%3D%3D ptr=131217388029824
08-22 16:51:10.639 I/MpvBridgeModule( 8531): [PlaybackTrace][Bridge][loadFile] nativeLoadFile returned
08-22 16:51:10.641 I/MpvBridgeModule( 8531): [PlaybackTrace][Bridge][play] ptr=131217388029824
08-22 16:51:10.642 I/MpvBridgeModule( 8531): [PlaybackTrace][Bridge][play] nativePlay returned
08-22 16:51:10.654 I/MpvBridgeModule( 8531): [PlaybackTrace][Bridge][loadFile] requested=https://prod-1.storage.jamendo.com/?trackid=171&format=mp31&from=8CSIkMvwtD6jzKZ%2BPEaUMQ%3D%3D%7Cj5s5oI6ivq8l2vQOXyWixQ%3D%3D resolved=https://prod-1.storage.jamendo.com/?trackid=171&format=mp31&from=8CSIkMvwtD6jzKZ%2BPEaUMQ%3D%3D%7Cj5s5oI6ivq8l2vQOXyWixQ%3D%3D ptr=131217388029824
08-22 16:51:10.654 I/MpvBridgeModule( 8531): [PlaybackTrace][Bridge][loadFile] nativeLoadFile returned
08-22 16:51:10.655 I/MpvBridgeModule( 8531): [PlaybackTrace][Bridge][play] ptr=131217388029824
08-22 16:51:10.656 I/MpvBridgeModule( 8531): [PlaybackTrace][Bridge][play] nativePlay returned
08-22 16:51:10.699 E/MpvBridgeModule( 8531): [PlaybackTrace][Bridge][listener:error] code=-1 message=tls: mbedtls_ssl_handshake returned -0x7280
08-22 16:51:10.700 I/MpvBridgeModule( 8531): [PlaybackTrace][Bridge][listener:event] name=endFile payload={"reason":2,"error":0}
08-22 16:51:10.701 I/MpvBridgeModule( 8531): [PlaybackTrace][Bridge][listener:event] name=startFile payload={}
08-22 16:51:10.802 D/MpvBridgeModule( 8531): [PlaybackTrace][Bridge][getPosition] ptr=131217388029824 position=0.0
08-22 16:51:10.802 D/MpvBridgeModule( 8531): [PlaybackTrace][Bridge][getDuration] ptr=131217388029824 duration=0.0
08-22 16:51:10.802 D/MpvBridgeModule( 8531): [PlaybackTrace][Bridge][getPlaybackState] ptr=131217388029824 state=playing idle=false eof=false pause=false
08-22 16:51:10.821 I/MpvBridgeModule( 8531): [PlaybackTrace][Bridge][loadFile] requested=https://prod-1.storage.jamendo.com/?trackid=171&format=mp31&from=8CSIkMvwtD6jzKZ%2BPEaUMQ%3D%3D%7Cj5s5oI6ivq8l2vQOXyWixQ%3D%3D resolved=https://prod-1.storage.jamendo.com/?trackid=171&format=mp31&from=8CSIkMvwtD6jzKZ%2BPEaUMQ%3D%3D%7Cj5s5oI6ivq8l2vQOXyWixQ%3D%3D ptr=131217388029824
08-22 16:51:10.821 I/MpvBridgeModule( 8531): [PlaybackTrace][Bridge][loadFile] nativeLoadFile returned
08-22 16:51:10.823 I/MpvBridgeModule( 8531): [PlaybackTrace][Bridge][play] ptr=131217388029824
08-22 16:51:10.824 I/MpvBridgeModule( 8531): [PlaybackTrace][Bridge][play] nativePlay returned
08-22 16:51:10.911 I/MpvBridgeModule( 8531): [PlaybackTrace][Bridge][listener:event] name=endFile payload={"reason":2,"error":0}
08-22 16:51:10.913 I/MpvBridgeModule( 8531): [PlaybackTrace][Bridge][listener:event] name=startFile payload={}
08-22 16:51:10.922 I/MpvBridgeModule( 8531): [PlaybackTrace][Bridge][play] ptr=131217388029824
08-22 16:51:10.922 I/MpvBridgeModule( 8531): [PlaybackTrace][Bridge][play] nativePlay returned
08-22 16:51:10.935 I/MpvBridgeModule( 8531): [PlaybackTrace][Bridge][play] ptr=131217388029824
08-22 16:51:10.935 I/MpvBridgeModule( 8531): [PlaybackTrace][Bridge][play] nativePlay returned
08-22 16:51:11.103 I/MpvBridgeModule( 8531): [PlaybackTrace][Bridge][play] ptr=131217388029824
08-22 16:51:11.103 I/MpvBridgeModule( 8531): [PlaybackTrace][Bridge][play] nativePlay returned
08-22 16:51:11.203 I/MpvBridgeModule( 8531): [PlaybackTrace][Bridge][loadFile] requested=https://prod-1.storage.jamendo.com/?trackid=171&format=mp31&from=8CSIkMvwtD6jzKZ%2BPEaUMQ%3D%3D%7Cj5s5oI6ivq8l2vQOXyWixQ%3D%3D resolved=https://prod-1.storage.jamendo.com/?trackid=171&format=mp31&from=8CSIkMvwtD6jzKZ%2BPEaUMQ%3D%3D%7Cj5s5oI6ivq8l2vQOXyWixQ%3D%3D ptr=131217388029824
08-22 16:51:11.203 I/MpvBridgeModule( 8531): [PlaybackTrace][Bridge][loadFile] nativeLoadFile returned
08-22 16:51:11.206 I/MpvBridgeModule( 8531): [PlaybackTrace][Bridge][play] ptr=131217388029824
08-22 16:51:11.206 I/MpvBridgeModule( 8531): [PlaybackTrace][Bridge][play] nativePlay returned
08-22 16:51:11.223 I/MpvBridgeModule( 8531): [PlaybackTrace][Bridge][listener:event] name=endFile payload={"reason":2,"error":0}
08-22 16:51:11.225 I/MpvBridgeModule( 8531): [PlaybackTrace][Bridge][listener:event] name=startFile payload={}
08-22 16:51:11.487 I/MpvBridgeModule( 8531): [PlaybackTrace][Bridge][play] ptr=131217388029824
08-22 16:51:11.487 I/MpvBridgeModule( 8531): [PlaybackTrace][Bridge][play] nativePlay returned
08-22 16:51:11.505 I/MpvBridgeModule( 8531): [PlaybackTrace][Bridge][loadFile] requested=https://prod-1.storage.jamendo.com/?trackid=171&format=mp31&from=8CSIkMvwtD6jzKZ%2BPEaUMQ%3D%3D%7Cj5s5oI6ivq8l2vQOXyWixQ%3D%3D resolved=https://prod-1.storage.jamendo.com/?trackid=171&format=mp31&from=8CSIkMvwtD6jzKZ%2BPEaUMQ%3D%3D%7Cj5s5oI6ivq8l2vQOXyWixQ%3D%3D ptr=131217388029824
08-22 16:51:11.505 I/MpvBridgeModule( 8531): [PlaybackTrace][Bridge][loadFile] nativeLoadFile returned
08-22 16:51:11.508 I/MpvBridgeModule( 8531): [PlaybackTrace][Bridge][play] ptr=131217388029824
08-22 16:51:11.509 I/MpvBridgeModule( 8531): [PlaybackTrace][Bridge][play] nativePlay returned
08-22 16:51:11.554 D/MpvBridgeModule( 8531): [PlaybackTrace][Bridge][getPosition] ptr=131217388029824 position=0.0
08-22 16:51:11.554 D/MpvBridgeModule( 8531): [PlaybackTrace][Bridge][getDuration] ptr=131217388029824 duration=0.0
08-22 16:51:11.554 D/MpvBridgeModule( 8531): [PlaybackTrace][Bridge][getPlaybackState] ptr=131217388029824 state=playing idle=false eof=false pause=false
08-22 16:51:11.603 E/MpvBridgeModule( 8531): [PlaybackTrace][Bridge][listener:error] code=-1 message=tls: mbedtls_ssl_handshake returned -0x7280
08-22 16:51:11.604 I/MpvBridgeModule( 8531): [PlaybackTrace][Bridge][listener:event] name=endFile payload={"reason":2,"error":0}
08-22 16:51:11.607 I/MpvBridgeModule( 8531): [PlaybackTrace][Bridge][listener:event] name=startFile payload={}
08-22 16:51:11.608 D/MpvBridgeModule( 8531): [PlaybackTrace][Bridge][getDuration] ptr=131217388029824 duration=0.0
08-22 16:51:11.787 I/MpvBridgeModule( 8531): [PlaybackTrace][Bridge][play] ptr=131217388029824
08-22 16:51:11.788 I/MpvBridgeModule( 8531): [PlaybackTrace][Bridge][play] nativePlay returned
08-22 16:51:11.820 D/MpvBridgeModule( 8531): [PlaybackTrace][Bridge][getPosition] ptr=131217388029824 position=0.0
08-22 16:51:11.820 D/MpvBridgeModule( 8531): [PlaybackTrace][Bridge][getDuration] ptr=131217388029824 duration=0.0
08-22 16:51:11.821 D/MpvBridgeModule( 8531): [PlaybackTrace][Bridge][getPlaybackState] ptr=131217388029824 state=playing idle=false eof=false pause=false
08-22 16:51:12.057 E/MpvBridgeModule( 8531): [PlaybackTrace][Bridge][listener:error] code=-1 message=tls: mbedtls_ssl_handshake returned -0x6600
08-22 16:51:12.059 E/MpvBridgeModule( 8531): [PlaybackTrace][Bridge][listener:error] code=-1 message=Failed to open https://prod-1.storage.jamendo.com/?trackid=171&format=mp31&from=8CSIkMvwtD6jzKZ%2BPEaUMQ%3D%3D%7Cj5s5oI6ivq8l2vQOXyWixQ%3D%3D.
08-22 16:51:12.121 E/MpvBridgeModule( 8531): [PlaybackTrace][Bridge][listener:error] code=-1 message=Subprocess failed: init
08-22 16:51:12.122 I/MpvBridgeModule( 8531): [PlaybackTrace][Bridge][listener:event] name=endFile payload={"reason":4,"error":-13}
08-22 16:51:12.124 E/MpvBridgeModule( 8531): [PlaybackTrace][Bridge][listener:error] code=-1 message=
08-22 16:51:12.125 E/MpvBridgeModule( 8531): [PlaybackTrace][Bridge][listener:error] code=-1 message=youtube-dl failed: not found or not enough permissions
08-22 16:51:12.127 D/MpvBridgeModule( 8531): [PlaybackTrace][Bridge][getDuration] ptr=131217388029824 duration=0.0
08-22 16:51:12.214 I/MpvBridgeModule( 8531): [PlaybackTrace][Bridge][loadFile] requested=https://prod-1.storage.jamendo.com/?trackid=171&format=mp31&from=8CSIkMvwtD6jzKZ%2BPEaUMQ%3D%3D%7Cj5s5oI6ivq8l2vQOXyWixQ%3D%3D resolved=https://prod-1.storage.jamendo.com/?trackid=171&format=mp31&from=8CSIkMvwtD6jzKZ%2BPEaUMQ%3D%3D%7Cj5s5oI6ivq8l2vQOXyWixQ%3D%3D ptr=131217388029824
08-22 16:51:12.214 I/MpvBridgeModule( 8531): [PlaybackTrace][Bridge][loadFile] nativeLoadFile returned
08-22 16:51:12.216 I/MpvBridgeModule( 8531): [PlaybackTrace][Bridge][listener:event] name=startFile payload={}
08-22 16:51:12.217 I/MpvBridgeModule( 8531): [PlaybackTrace][Bridge][play] ptr=131217388029824
08-22 16:51:12.218 I/MpvBridgeModule( 8531): [PlaybackTrace][Bridge][play] nativePlay returned
08-22 16:51:12.288 I/MpvBridgeModule( 8531): [PlaybackTrace][Bridge][loadFile] requested=https://prod-1.storage.jamendo.com/?trackid=171&format=mp31&from=8CSIkMvwtD6jzKZ%2BPEaUMQ%3D%3D%7Cj5s5oI6ivq8l2vQOXyWixQ%3D%3D resolved=https://prod-1.storage.jamendo.com/?trackid=171&format=mp31&from=8CSIkMvwtD6jzKZ%2BPEaUMQ%3D%3D%7Cj5s5oI6ivq8l2vQOXyWixQ%3D%3D ptr=131217388029824
08-22 16:51:12.288 I/MpvBridgeModule( 8531): [PlaybackTrace][Bridge][loadFile] nativeLoadFile returned
08-22 16:51:12.291 I/MpvBridgeModule( 8531): [PlaybackTrace][Bridge][play] ptr=131217388029824
08-22 16:51:12.291 I/MpvBridgeModule( 8531): [PlaybackTrace][Bridge][play] nativePlay returned
08-22 16:51:12.325 I/MpvBridgeModule( 8531): [PlaybackTrace][Bridge][listener:event] name=endFile payload={"reason":2,"error":0}
08-22 16:51:12.327 I/MpvBridgeModule( 8531): [PlaybackTrace][Bridge][listener:event] name=startFile payload={}
08-22 16:51:12.502 I/MpvBridgeModule( 8531): [PlaybackTrace][Bridge][play] ptr=131217388029824
08-22 16:51:12.502 I/MpvBridgeModule( 8531): [PlaybackTrace][Bridge][play] nativePlay returned
08-22 16:51:12.570 D/MpvBridgeModule( 8531): [PlaybackTrace][Bridge][getPosition] ptr=131217388029824 position=0.0
08-22 16:51:12.570 D/MpvBridgeModule( 8531): [PlaybackTrace][Bridge][getDuration] ptr=131217388029824 duration=0.0
08-22 16:51:12.570 D/MpvBridgeModule( 8531): [PlaybackTrace][Bridge][getPlaybackState] ptr=131217388029824 state=playing idle=false eof=false pause=false
08-22 16:51:12.574 I/MpvBridgeModule( 8531): [PlaybackTrace][Bridge][play] ptr=131217388029824
08-22 16:51:12.575 I/MpvBridgeModule( 8531): [PlaybackTrace][Bridge][play] nativePlay returned
08-22 16:51:12.835 D/MpvBridgeModule( 8531): [PlaybackTrace][Bridge][getPosition] ptr=131217388029824 position=0.0
08-22 16:51:12.836 D/MpvBridgeModule( 8531): [PlaybackTrace][Bridge][getDuration] ptr=131217388029824 duration=0.0
08-22 16:51:12.836 D/MpvBridgeModule( 8531): [PlaybackTrace][Bridge][getPlaybackState] ptr=131217388029824 state=playing idle=false eof=false pause=false
08-22 16:51:12.970 I/MpvBridgeModule( 8531): [PlaybackTrace][Bridge][loadFile] requested=https://prod-1.storage.jamendo.com/?trackid=171&format=mp31&from=8CSIkMvwtD6jzKZ%2BPEaUMQ%3D%3D%7Cj5s5oI6ivq8l2vQOXyWixQ%3D%3D resolved=https://prod-1.storage.jamendo.com/?trackid=171&format=mp31&from=8CSIkMvwtD6jzKZ%2BPEaUMQ%3D%3D%7Cj5s5oI6ivq8l2vQOXyWixQ%3D%3D ptr=131217388029824
08-22 16:51:12.970 I/MpvBridgeModule( 8531): [PlaybackTrace][Bridge][loadFile] nativeLoadFile returned
08-22 16:51:12.972 I/MpvBridgeModule( 8531): [PlaybackTrace][Bridge][play] ptr=131217388029824
08-22 16:51:12.972 I/MpvBridgeModule( 8531): [PlaybackTrace][Bridge][play] nativePlay returned
08-22 16:51:13.003 E/MpvBridgeModule( 8531): [PlaybackTrace][Bridge][listener:error] code=-1 message=tls: mbedtls_ssl_handshake returned -0x7280
08-22 16:51:13.006 I/MpvBridgeModule( 8531): [PlaybackTrace][Bridge][listener:event] name=endFile payload={"reason":2,"error":0}
08-22 16:51:13.008 I/MpvBridgeModule( 8531): [PlaybackTrace][Bridge][listener:event] name=startFile payload={}
08-22 16:51:13.020 I/MpvBridgeModule( 8531): [PlaybackTrace][Bridge][loadFile] requested=https://prod-1.storage.jamendo.com/?trackid=171&format=mp31&from=8CSIkMvwtD6jzKZ%2BPEaUMQ%3D%3D%7Cj5s5oI6ivq8l2vQOXyWixQ%3D%3D resolved=https://prod-1.storage.jamendo.com/?trackid=171&format=mp31&from=8CSIkMvwtD6jzKZ%2BPEaUMQ%3D%3D%7Cj5s5oI6ivq8l2vQOXyWixQ%3D%3D ptr=131217388029824
08-22 16:51:13.021 I/MpvBridgeModule( 8531): [PlaybackTrace][Bridge][loadFile] nativeLoadFile returned
08-22 16:51:13.021 I/MpvBridgeModule( 8531): [PlaybackTrace][Bridge][play] ptr=131217388029824
08-22 16:51:13.021 I/MpvBridgeModule( 8531): [PlaybackTrace][Bridge][play] nativePlay returned
08-22 16:51:13.113 I/MpvBridgeModule( 8531): [PlaybackTrace][Bridge][listener:event] name=endFile payload={"reason":2,"error":0}
08-22 16:51:13.115 I/MpvBridgeModule( 8531): [PlaybackTrace][Bridge][listener:event] name=startFile payload={}
08-22 16:51:13.253 I/MpvBridgeModule( 8531): [PlaybackTrace][Bridge][play] ptr=131217388029824
08-22 16:51:13.253 I/MpvBridgeModule( 8531): [PlaybackTrace][Bridge][play] nativePlay returned
08-22 16:51:13.303 I/MpvBridgeModule( 8531): [PlaybackTrace][Bridge][play] ptr=131217388029824
08-22 16:51:13.304 I/MpvBridgeModule( 8531): [PlaybackTrace][Bridge][play] nativePlay returned
08-22 16:51:13.586 D/MpvBridgeModule( 8531): [PlaybackTrace][Bridge][getPosition] ptr=131217388029824 position=0.0
08-22 16:51:13.586 D/MpvBridgeModule( 8531): [PlaybackTrace][Bridge][getDuration] ptr=131217388029824 duration=0.0
08-22 16:51:13.586 D/MpvBridgeModule( 8531): [PlaybackTrace][Bridge][getPlaybackState] ptr=131217388029824 state=playing idle=false eof=false pause=false
08-22 16:51:13.589 I/MpvBridgeModule( 8531): [PlaybackTrace][Bridge][loadFile] requested=https://prod-1.storage.jamendo.com/?trackid=171&format=mp31&from=8CSIkMvwtD6jzKZ%2BPEaUMQ%3D%3D%7Cj5s5oI6ivq8l2vQOXyWixQ%3D%3D resolved=https://prod-1.storage.jamendo.com/?trackid=171&format=mp31&from=8CSIkMvwtD6jzKZ%2BPEaUMQ%3D%3D%7Cj5s5oI6ivq8l2vQOXyWixQ%3D%3D ptr=131217388029824
08-22 16:51:13.589 I/MpvBridgeModule( 8531): [PlaybackTrace][Bridge][loadFile] nativeLoadFile returned
08-22 16:51:13.590 I/MpvBridgeModule( 8531): [PlaybackTrace][Bridge][play] ptr=131217388029824
08-22 16:51:13.590 I/MpvBridgeModule( 8531): [PlaybackTrace][Bridge][play] nativePlay returned
08-22 16:51:13.601 E/MpvBridgeModule( 8531): [PlaybackTrace][Bridge][listener:error] code=-1 message=tls: mbedtls_ssl_handshake returned -0x7280
08-22 16:51:13.606 I/MpvBridgeModule( 8531): [PlaybackTrace][Bridge][listener:event] name=endFile payload={"reason":2,"error":0}
08-22 16:51:13.607 I/MpvBridgeModule( 8531): [PlaybackTrace][Bridge][listener:event] name=startFile payload={}
08-22 16:51:13.654 I/MpvBridgeModule( 8531): [PlaybackTrace][Bridge][loadFile] requested=https://prod-1.storage.jamendo.com/?trackid=171&format=mp31&from=8CSIkMvwtD6jzKZ%2BPEaUMQ%3D%3D%7Cj5s5oI6ivq8l2vQOXyWixQ%3D%3D resolved=https://prod-1.storage.jamendo.com/?trackid=171&format=mp31&from=8CSIkMvwtD6jzKZ%2BPEaUMQ%3D%3D%7Cj5s5oI6ivq8l2vQOXyWixQ%3D%3D ptr=131217388029824
08-22 16:51:13.655 I/MpvBridgeModule( 8531): [PlaybackTrace][Bridge][loadFile] nativeLoadFile returned
08-22 16:51:13.656 I/MpvBridgeModule( 8531): [PlaybackTrace][Bridge][play] ptr=131217388029824
08-22 16:51:13.657 I/MpvBridgeModule( 8531): [PlaybackTrace][Bridge][play] nativePlay returned
08-22 16:51:13.686 I/MpvBridgeModule( 8531): [PlaybackTrace][Bridge][loadFile] requested=https://prod-1.storage.jamendo.com/?trackid=171&format=mp31&from=8CSIkMvwtD6jzKZ%2BPEaUMQ%3D%3D%7Cj5s5oI6ivq8l2vQOXyWixQ%3D%3D resolved=https://prod-1.storage.jamendo.com/?trackid=171&format=mp31&from=8CSIkMvwtD6jzKZ%2BPEaUMQ%3D%3D%7Cj5s5oI6ivq8l2vQOXyWixQ%3D%3D ptr=131217388029824
08-22 16:51:13.687 I/MpvBridgeModule( 8531): [PlaybackTrace][Bridge][loadFile] nativeLoadFile returned
08-22 16:51:13.689 I/MpvBridgeModule( 8531): [PlaybackTrace][Bridge][play] ptr=131217388029824
08-22 16:51:13.689 I/MpvBridgeModule( 8531): [PlaybackTrace][Bridge][play] nativePlay returned
08-22 16:51:13.715 I/MpvBridgeModule( 8531): [PlaybackTrace][Bridge][listener:event] name=endFile payload={"reason":2,"error":0}
08-22 16:51:13.716 I/MpvBridgeModule( 8531): [PlaybackTrace][Bridge][listener:event] name=startFile payload={}
08-22 16:51:13.819 I/MpvBridgeModule( 8531): [PlaybackTrace][Bridge][loadFile] requested=https://prod-1.storage.jamendo.com/?trackid=171&format=mp31&from=8CSIkMvwtD6jzKZ%2BPEaUMQ%3D%3D%7Cj5s5oI6ivq8l2vQOXyWixQ%3D%3D resolved=https://prod-1.storage.jamendo.com/?trackid=171&format=mp31&from=8CSIkMvwtD6jzKZ%2BPEaUMQ%3D%3D%7Cj5s5oI6ivq8l2vQOXyWixQ%3D%3D ptr=131217388029824
08-22 16:51:13.819 I/MpvBridgeModule( 8531): [PlaybackTrace][Bridge][loadFile] nativeLoadFile returned
08-22 16:51:13.821 I/MpvBridgeModule( 8531): [PlaybackTrace][Bridge][play] ptr=131217388029824
08-22 16:51:13.823 I/MpvBridgeModule( 8531): [PlaybackTrace][Bridge][listener:event] name=endFile payload={"reason":2,"error":0}
08-22 16:51:13.824 I/MpvBridgeModule( 8531): [PlaybackTrace][Bridge][play] nativePlay returned
08-22 16:51:13.824 I/MpvBridgeModule( 8531): [PlaybackTrace][Bridge][listener:event] name=startFile payload={}
08-22 16:51:13.853 D/MpvBridgeModule( 8531): [PlaybackTrace][Bridge][getPosition] ptr=131217388029824 position=0.0
08-22 16:51:13.853 D/MpvBridgeModule( 8531): [PlaybackTrace][Bridge][getDuration] ptr=131217388029824 duration=0.0
08-22 16:51:13.853 D/MpvBridgeModule( 8531): [PlaybackTrace][Bridge][getPlaybackState] ptr=131217388029824 state=playing idle=false eof=false pause=false
08-22 16:51:13.870 I/MpvBridgeModule( 8531): [PlaybackTrace][Bridge][play] ptr=131217388029824
08-22 16:51:13.870 I/MpvBridgeModule( 8531): [PlaybackTrace][Bridge][play] nativePlay returned
08-22 16:51:13.936 I/MpvBridgeModule( 8531): [PlaybackTrace][Bridge][play] ptr=131217388029824
08-22 16:51:13.936 I/MpvBridgeModule( 8531): [PlaybackTrace][Bridge][play] nativePlay returned
08-22 16:51:13.971 I/MpvBridgeModule( 8531): [PlaybackTrace][Bridge][play] ptr=131217388029824
08-22 16:51:13.971 I/MpvBridgeModule( 8531): [PlaybackTrace][Bridge][play] nativePlay returned
08-22 16:51:14.104 I/MpvBridgeModule( 8531): [PlaybackTrace][Bridge][play] ptr=131217388029824
08-22 16:51:14.105 I/MpvBridgeModule( 8531): [PlaybackTrace][Bridge][play] nativePlay returned
08-22 16:51:14.323 E/MpvBridgeModule( 8531): [PlaybackTrace][Bridge][listener:error] code=-1 message=tls: mbedtls_ssl_handshake returned -0x6600
08-22 16:51:14.341 E/MpvBridgeModule( 8531): [PlaybackTrace][Bridge][listener:error] code=-1 message=Failed to open https://prod-1.storage.jamendo.com/?trackid=171&format=mp31&from=8CSIkMvwtD6jzKZ%2BPEaUMQ%3D%3D%7Cj5s5oI6ivq8l2vQOXyWixQ%3D%3D.
08-22 16:51:14.351 D/MpvBridgeModule( 8531): [PlaybackTrace][Bridge][getDuration] ptr=131217388029824 duration=0.0
08-22 16:51:14.365 E/MpvBridgeModule( 8531): [PlaybackTrace][Bridge][listener:error] code=-1 message=Subprocess failed: init
08-22 16:51:14.366 I/MpvBridgeModule( 8531): [PlaybackTrace][Bridge][listener:event] name=endFile payload={"reason":4,"error":-13}
08-22 16:51:14.367 E/MpvBridgeModule( 8531): [PlaybackTrace][Bridge][listener:error] code=-1 message=
08-22 16:51:14.369 E/MpvBridgeModule( 8531): [PlaybackTrace][Bridge][listener:error] code=-1 message=youtube-dl failed: not found or not enough permissions
08-22 16:51:14.456 D/MpvBridgeModule( 8531): [PlaybackTrace][Bridge][getDuration] ptr=131217388029824 duration=0.0
08-22 16:51:14.542 I/MpvBridgeModule( 8531): [PlaybackTrace][Bridge][loadFile] requested=https://prod-1.storage.jamendo.com/?trackid=171&format=mp31&from=8CSIkMvwtD6jzKZ%2BPEaUMQ%3D%3D%7Cj5s5oI6ivq8l2vQOXyWixQ%3D%3D resolved=https://prod-1.storage.jamendo.com/?trackid=171&format=mp31&from=8CSIkMvwtD6jzKZ%2BPEaUMQ%3D%3D%7Cj5s5oI6ivq8l2vQOXyWixQ%3D%3D ptr=131217388029824
08-22 16:51:14.542 I/MpvBridgeModule( 8531): [PlaybackTrace][Bridge][loadFile] nativeLoadFile returned
08-22 16:51:14.542 I/MpvBridgeModule( 8531): [PlaybackTrace][Bridge][play] ptr=131217388029824
08-22 16:51:14.542 I/MpvBridgeModule( 8531): [PlaybackTrace][Bridge][play] nativePlay returned
08-22 16:51:14.545 I/MpvBridgeModule( 8531): [PlaybackTrace][Bridge][listener:event] name=startFile payload={}
08-22 16:51:14.602 D/MpvBridgeModule( 8531): [PlaybackTrace][Bridge][getPosition] ptr=131217388029824 position=0.0
08-22 16:51:14.602 D/MpvBridgeModule( 8531): [PlaybackTrace][Bridge][getDuration] ptr=131217388029824 duration=0.0
08-22 16:51:14.603 D/MpvBridgeModule( 8531): [PlaybackTrace][Bridge][getPlaybackState] ptr=131217388029824 state=playing idle=false eof=false pause=false
08-22 16:51:14.820 I/MpvBridgeModule( 8531): [PlaybackTrace][Bridge][play] ptr=131217388029824
08-22 16:51:14.820 I/MpvBridgeModule( 8531): [PlaybackTrace][Bridge][play] nativePlay returned
08-22 16:51:14.871 D/MpvBridgeModule( 8531): [PlaybackTrace][Bridge][getPosition] ptr=131217388029824 position=0.0
08-22 16:51:14.872 D/MpvBridgeModule( 8531): [PlaybackTrace][Bridge][getDuration] ptr=131217388029824 duration=0.0
08-22 16:51:14.872 D/MpvBridgeModule( 8531): [PlaybackTrace][Bridge][getPlaybackState] ptr=131217388029824 state=playing idle=false eof=false pause=false
08-22 16:51:15.073 E/MpvBridgeModule( 8531): [PlaybackTrace][Bridge][listener:error] code=-1 message=tls: mbedtls_ssl_handshake returned -0x6600
08-22 16:51:15.085 E/MpvBridgeModule( 8531): [PlaybackTrace][Bridge][listener:error] code=-1 message=Failed to open https://prod-1.storage.jamendo.com/?trackid=171&format=mp31&from=8CSIkMvwtD6jzKZ%2BPEaUMQ%3D%3D%7Cj5s5oI6ivq8l2vQOXyWixQ%3D%3D.
08-22 16:51:15.091 I/MpvBridgeModule( 8531): [PlaybackTrace][Bridge][loadFile] requested=https://prod-1.storage.jamendo.com/?trackid=171&format=mp31&from=8CSIkMvwtD6jzKZ%2BPEaUMQ%3D%3D%7Cj5s5oI6ivq8l2vQOXyWixQ%3D%3D resolved=https://prod-1.storage.jamendo.com/?trackid=171&format=mp31&from=8CSIkMvwtD6jzKZ%2BPEaUMQ%3D%3D%7Cj5s5oI6ivq8l2vQOXyWixQ%3D%3D ptr=131217388029824
08-22 16:51:15.097 I/MpvBridgeModule( 8531): [PlaybackTrace][Bridge][loadFile] nativeLoadFile returned
08-22 16:51:15.098 I/MpvBridgeModule( 8531): [PlaybackTrace][Bridge][play] ptr=131217388029824
08-22 16:51:15.099 I/MpvBridgeModule( 8531): [PlaybackTrace][Bridge][play] nativePlay returned
08-22 16:51:15.111 E/MpvBridgeModule( 8531): [PlaybackTrace][Bridge][listener:error] code=-1 message=Subprocess failed: init
08-22 16:51:15.114 I/MpvBridgeModule( 8531): [PlaybackTrace][Bridge][listener:event] name=endFile payload={"reason":2,"error":0}
08-22 16:51:15.115 I/MpvBridgeModule( 8531): [PlaybackTrace][Bridge][listener:event] name=startFile payload={}
08-22 16:51:15.116 E/MpvBridgeModule( 8531): [PlaybackTrace][Bridge][listener:error] code=-1 message=
08-22 16:51:15.117 E/MpvBridgeModule( 8531): [PlaybackTrace][Bridge][listener:error] code=-1 message=youtube-dl failed: not found or not enough permissions
08-22 16:51:15.121 D/MpvBridgeModule( 8531): [PlaybackTrace][Bridge][getDuration] ptr=131217388029824 duration=0.0
08-22 16:51:15.220 I/MpvBridgeModule( 8531): [PlaybackTrace][Bridge][loadFile] requested=https://prod-1.storage.jamendo.com/?trackid=171&format=mp31&from=8CSIkMvwtD6jzKZ%2BPEaUMQ%3D%3D%7Cj5s5oI6ivq8l2vQOXyWixQ%3D%3D resolved=https://prod-1.storage.jamendo.com/?trackid=171&format=mp31&from=8CSIkMvwtD6jzKZ%2BPEaUMQ%3D%3D%7Cj5s5oI6ivq8l2vQOXyWixQ%3D%3D ptr=131217388029824
08-22 16:51:15.221 I/MpvBridgeModule( 8531): [PlaybackTrace][Bridge][loadFile] nativeLoadFile returned
08-22 16:51:15.223 I/MpvBridgeModule( 8531): [PlaybackTrace][Bridge][play] ptr=131217388029824
08-22 16:51:15.224 I/MpvBridgeModule( 8531): [PlaybackTrace][Bridge][play] nativePlay returned
08-22 16:51:15.326 I/MpvBridgeModule( 8531): [PlaybackTrace][Bridge][listener:event] name=endFile payload={"reason":2,"error":0}
08-22 16:51:15.329 I/MpvBridgeModule( 8531): [PlaybackTrace][Bridge][listener:event] name=startFile payload={}
08-22 16:51:15.369 I/MpvBridgeModule( 8531): [PlaybackTrace][Bridge][play] ptr=131217388029824
08-22 16:51:15.369 I/MpvBridgeModule( 8531): [PlaybackTrace][Bridge][play] nativePlay returned
08-22 16:51:15.502 I/MpvBridgeModule( 8531): [PlaybackTrace][Bridge][play] ptr=131217388029824
08-22 16:51:15.503 I/MpvBridgeModule( 8531): [PlaybackTrace][Bridge][play] nativePlay returned
08-22 16:51:15.621 D/MpvBridgeModule( 8531): [PlaybackTrace][Bridge][getPosition] ptr=131217388029824 position=0.0
08-22 16:51:15.623 D/MpvBridgeModule( 8531): [PlaybackTrace][Bridge][getDuration] ptr=131217388029824 duration=0.0
08-22 16:51:15.623 D/MpvBridgeModule( 8531): [PlaybackTrace][Bridge][getPlaybackState] ptr=131217388029824 state=playing idle=false eof=false pause=false
08-22 16:51:15.853 I/MpvBridgeModule( 8531): [PlaybackTrace][Bridge][loadFile] requested=https://prod-1.storage.jamendo.com/?trackid=171&format=mp31&from=8CSIkMvwtD6jzKZ%2BPEaUMQ%3D%3D%7Cj5s5oI6ivq8l2vQOXyWixQ%3D%3D resolved=https://prod-1.storage.jamendo.com/?trackid=171&format=mp31&from=8CSIkMvwtD6jzKZ%2BPEaUMQ%3D%3D%7Cj5s5oI6ivq8l2vQOXyWixQ%3D%3D ptr=131217388029824
08-22 16:51:15.854 I/MpvBridgeModule( 8531): [PlaybackTrace][Bridge][loadFile] nativeLoadFile returned
08-22 16:51:15.855 I/MpvBridgeModule( 8531): [PlaybackTrace][Bridge][play] ptr=131217388029824
08-22 16:51:15.855 I/MpvBridgeModule( 8531): [PlaybackTrace][Bridge][play] nativePlay returned
08-22 16:51:15.868 D/MpvBridgeModule( 8531): [PlaybackTrace][Bridge][getPosition] ptr=131217388029824 position=0.0
08-22 16:51:15.868 D/MpvBridgeModule( 8531): [PlaybackTrace][Bridge][getDuration] ptr=131217388029824 duration=0.0
08-22 16:51:15.868 D/MpvBridgeModule( 8531): [PlaybackTrace][Bridge][getPlaybackState] ptr=131217388029824 state=playing idle=false eof=false pause=false
08-22 16:51:15.875 I/MpvBridgeModule( 8531): [PlaybackTrace][Bridge][listener:event] name=endFile payload={"reason":2,"error":0}
08-22 16:51:15.877 I/MpvBridgeModule( 8531): [PlaybackTrace][Bridge][listener:event] name=startFile payload={}
08-22 16:51:16.022 I/MpvBridgeModule( 8531): [PlaybackTrace][Bridge][loadFile] requested=https://prod-1.storage.jamendo.com/?trackid=171&format=mp31&from=8CSIkMvwtD6jzKZ%2BPEaUMQ%3D%3D%7Cj5s5oI6ivq8l2vQOXyWixQ%3D%3D resolved=https://prod-1.storage.jamendo.com/?trackid=171&format=mp31&from=8CSIkMvwtD6jzKZ%2BPEaUMQ%3D%3D%7Cj5s5oI6ivq8l2vQOXyWixQ%3D%3D ptr=131217388029824
08-22 16:51:16.023 I/MpvBridgeModule( 8531): [PlaybackTrace][Bridge][loadFile] nativeLoadFile returned
08-22 16:51:16.023 I/MpvBridgeModule( 8531): [PlaybackTrace][Bridge][play] ptr=131217388029824
08-22 16:51:16.024 I/MpvBridgeModule( 8531): [PlaybackTrace][Bridge][play] nativePlay returned
08-22 16:51:16.090 I/MpvBridgeModule( 8531): [PlaybackTrace][Bridge][listener:event] name=endFile payload={"reason":2,"error":0}
08-22 16:51:16.091 I/MpvBridgeModule( 8531): [PlaybackTrace][Bridge][listener:event] name=startFile payload={}
08-22 16:51:16.121 I/MpvBridgeModule( 8531): [PlaybackTrace][Bridge][play] ptr=131217388029824
08-22 16:51:16.121 I/MpvBridgeModule( 8531): [PlaybackTrace][Bridge][play] nativePlay returned
08-22 16:51:16.286 I/MpvBridgeModule( 8531): [PlaybackTrace][Bridge][play] ptr=131217388029824
08-22 16:51:16.286 I/MpvBridgeModule( 8531): [PlaybackTrace][Bridge][play] nativePlay returned
08-22 16:51:16.604 I/MpvBridgeModule( 8531): [PlaybackTrace][Bridge][loadFile] requested=https://prod-1.storage.jamendo.com/?trackid=171&format=mp31&from=8CSIkMvwtD6jzKZ%2BPEaUMQ%3D%3D%7Cj5s5oI6ivq8l2vQOXyWixQ%3D%3D resolved=https://prod-1.storage.jamendo.com/?trackid=171&format=mp31&from=8CSIkMvwtD6jzKZ%2BPEaUMQ%3D%3D%7Cj5s5oI6ivq8l2vQOXyWixQ%3D%3D ptr=131217388029824
08-22 16:51:16.605 I/MpvBridgeModule( 8531): [PlaybackTrace][Bridge][loadFile] nativeLoadFile returned
08-22 16:51:16.606 I/MpvBridgeModule( 8531): [PlaybackTrace][Bridge][play] ptr=131217388029824
08-22 16:51:16.606 I/MpvBridgeModule( 8531): [PlaybackTrace][Bridge][play] nativePlay returned
08-22 16:51:16.620 D/MpvBridgeModule( 8531): [PlaybackTrace][Bridge][getPosition] ptr=131217388029824 position=0.0
08-22 16:51:16.620 D/MpvBridgeModule( 8531): [PlaybackTrace][Bridge][getDuration] ptr=131217388029824 duration=0.0
08-22 16:51:16.620 D/MpvBridgeModule( 8531): [PlaybackTrace][Bridge][getPlaybackState] ptr=131217388029824 state=playing idle=false eof=false pause=false
08-22 16:51:16.639 I/MpvBridgeModule( 8531): [PlaybackTrace][Bridge][loadFile] requested=https://prod-1.storage.jamendo.com/?trackid=171&format=mp31&from=8CSIkMvwtD6jzKZ%2BPEaUMQ%3D%3D%7Cj5s5oI6ivq8l2vQOXyWixQ%3D%3D resolved=https://prod-1.storage.jamendo.com/?trackid=171&format=mp31&from=8CSIkMvwtD6jzKZ%2BPEaUMQ%3D%3D%7Cj5s5oI6ivq8l2vQOXyWixQ%3D%3D ptr=131217388029824
08-22 16:51:16.639 I/MpvBridgeModule( 8531): [PlaybackTrace][Bridge][loadFile] nativeLoadFile returned
08-22 16:51:16.642 I/MpvBridgeModule( 8531): [PlaybackTrace][Bridge][play] ptr=131217388029824
08-22 16:51:16.642 I/MpvBridgeModule( 8531): [PlaybackTrace][Bridge][play] nativePlay returned
08-22 16:51:16.687 E/MpvBridgeModule( 8531): [PlaybackTrace][Bridge][listener:error] code=-1 message=tls: mbedtls_ssl_handshake returned -0x7280
08-22 16:51:16.689 I/MpvBridgeModule( 8531): [PlaybackTrace][Bridge][listener:event] name=endFile payload={"reason":2,"error":0}
08-22 16:51:16.691 I/MpvBridgeModule( 8531): [PlaybackTrace][Bridge][listener:event] name=startFile payload={}
08-22 16:51:16.723 I/MpvBridgeModule( 8531): [PlaybackTrace][Bridge][loadFile] requested=https://prod-1.storage.jamendo.com/?trackid=171&format=mp31&from=8CSIkMvwtD6jzKZ%2BPEaUMQ%3D%3D%7Cj5s5oI6ivq8l2vQOXyWixQ%3D%3D resolved=https://prod-1.storage.jamendo.com/?trackid=171&format=mp31&from=8CSIkMvwtD6jzKZ%2BPEaUMQ%3D%3D%7Cj5s5oI6ivq8l2vQOXyWixQ%3D%3D ptr=131217388029824
08-22 16:51:16.723 I/MpvBridgeModule( 8531): [PlaybackTrace][Bridge][loadFile] nativeLoadFile returned
08-22 16:51:16.725 I/MpvBridgeModule( 8531): [PlaybackTrace][Bridge][play] ptr=131217388029824
08-22 16:51:16.726 I/MpvBridgeModule( 8531): [PlaybackTrace][Bridge][play] nativePlay returned
08-22 16:51:16.797 I/MpvBridgeModule( 8531): [PlaybackTrace][Bridge][listener:event] name=endFile payload={"reason":2,"error":0}
08-22 16:51:16.798 I/MpvBridgeModule( 8531): [PlaybackTrace][Bridge][listener:event] name=startFile payload={}
08-22 16:51:16.869 I/MpvBridgeModule( 8531): [PlaybackTrace][Bridge][play] ptr=131217388029824
08-22 16:51:16.869 I/MpvBridgeModule( 8531): [PlaybackTrace][Bridge][play] nativePlay returned
08-22 16:51:16.886 D/MpvBridgeModule( 8531): [PlaybackTrace][Bridge][getPosition] ptr=131217388029824 position=0.0
08-22 16:51:16.886 D/MpvBridgeModule( 8531): [PlaybackTrace][Bridge][getDuration] ptr=131217388029824 duration=0.0
08-22 16:51:16.886 D/MpvBridgeModule( 8531): [PlaybackTrace][Bridge][getPlaybackState] ptr=131217388029824 state=playing idle=false eof=false pause=false
08-22 16:51:16.902 I/MpvBridgeModule( 8531): [PlaybackTrace][Bridge][play] ptr=131217388029824
08-22 16:51:16.903 I/MpvBridgeModule( 8531): [PlaybackTrace][Bridge][play] nativePlay returned
08-22 16:51:16.987 I/MpvBridgeModule( 8531): [PlaybackTrace][Bridge][play] ptr=131217388029824
08-22 16:51:16.987 I/MpvBridgeModule( 8531): [PlaybackTrace][Bridge][play] nativePlay returned
08-22 16:51:17.300 E/MpvBridgeModule( 8531): [PlaybackTrace][Bridge][listener:error] code=-1 message=tls: mbedtls_ssl_handshake returned -0x6600
08-22 16:51:17.320 E/MpvBridgeModule( 8531): [PlaybackTrace][Bridge][listener:error] code=-1 message=Failed to open https://prod-1.storage.jamendo.com/?trackid=171&format=mp31&from=8CSIkMvwtD6jzKZ%2BPEaUMQ%3D%3D%7Cj5s5oI6ivq8l2vQOXyWixQ%3D%3D.
08-22 16:51:17.331 D/MpvBridgeModule( 8531): [PlaybackTrace][Bridge][getDuration] ptr=131217388029824 duration=0.0
08-22 16:51:17.346 E/MpvBridgeModule( 8531): [PlaybackTrace][Bridge][listener:error] code=-1 message=Subprocess failed: init
08-22 16:51:17.348 I/MpvBridgeModule( 8531): [PlaybackTrace][Bridge][listener:event] name=endFile payload={"reason":4,"error":-13}
08-22 16:51:17.350 E/MpvBridgeModule( 8531): [PlaybackTrace][Bridge][listener:error] code=-1 message=
08-22 16:51:17.351 E/MpvBridgeModule( 8531): [PlaybackTrace][Bridge][listener:error] code=-1 message=youtube-dl failed: not found or not enough permissions
08-22 16:51:17.457 I/MpvBridgeModule( 8531): [PlaybackTrace][Bridge][loadFile] requested=https://prod-1.storage.jamendo.com/?trackid=171&format=mp31&from=8CSIkMvwtD6jzKZ%2BPEaUMQ%3D%3D%7Cj5s5oI6ivq8l2vQOXyWixQ%3D%3D resolved=https://prod-1.storage.jamendo.com/?trackid=171&format=mp31&from=8CSIkMvwtD6jzKZ%2BPEaUMQ%3D%3D%7Cj5s5oI6ivq8l2vQOXyWixQ%3D%3D ptr=131217388029824
08-22 16:51:17.459 I/MpvBridgeModule( 8531): [PlaybackTrace][Bridge][loadFile] nativeLoadFile returned
08-22 16:51:17.461 I/MpvBridgeModule( 8531): [PlaybackTrace][Bridge][play] ptr=131217388029824
08-22 16:51:17.462 I/MpvBridgeModule( 8531): [PlaybackTrace][Bridge][listener:event] name=startFile payload={}
08-22 16:51:17.463 I/MpvBridgeModule( 8531): [PlaybackTrace][Bridge][play] nativePlay returned
08-22 16:51:17.636 D/MpvBridgeModule( 8531): [PlaybackTrace][Bridge][getPosition] ptr=131217388029824 position=0.0
08-22 16:51:17.636 D/MpvBridgeModule( 8531): [PlaybackTrace][Bridge][getDuration] ptr=131217388029824 duration=0.0
08-22 16:51:17.636 D/MpvBridgeModule( 8531): [PlaybackTrace][Bridge][getPlaybackState] ptr=131217388029824 state=playing idle=false eof=false pause=false
08-22 16:51:17.720 I/MpvBridgeModule( 8531): [PlaybackTrace][Bridge][play] ptr=131217388029824
08-22 16:51:17.720 I/MpvBridgeModule( 8531): [PlaybackTrace][Bridge][play] nativePlay returned
08-22 16:51:17.902 D/MpvBridgeModule( 8531): [PlaybackTrace][Bridge][getPosition] ptr=131217388029824 position=0.0
08-22 16:51:17.902 D/MpvBridgeModule( 8531): [PlaybackTrace][Bridge][getDuration] ptr=131217388029824 duration=0.0
08-22 16:51:17.902 D/MpvBridgeModule( 8531): [PlaybackTrace][Bridge][getPlaybackState] ptr=131217388029824 state=playing idle=false eof=false pause=false
08-22 16:51:18.041 E/MpvBridgeModule( 8531): [PlaybackTrace][Bridge][listener:error] code=-1 message=tls: mbedtls_ssl_handshake returned -0x6600
08-22 16:51:18.049 E/MpvBridgeModule( 8531): [PlaybackTrace][Bridge][listener:error] code=-1 message=Failed to open https://prod-1.storage.jamendo.com/?trackid=171&format=mp31&from=8CSIkMvwtD6jzKZ%2BPEaUMQ%3D%3D%7Cj5s5oI6ivq8l2vQOXyWixQ%3D%3D.
08-22 16:51:18.059 D/MpvBridgeModule( 8531): [PlaybackTrace][Bridge][getDuration] ptr=131217388029824 duration=0.0
08-22 16:51:18.074 E/MpvBridgeModule( 8531): [PlaybackTrace][Bridge][listener:error] code=-1 message=Subprocess failed: init
08-22 16:51:18.076 I/MpvBridgeModule( 8531): [PlaybackTrace][Bridge][listener:event] name=endFile payload={"reason":4,"error":-13}
08-22 16:51:18.079 E/MpvBridgeModule( 8531): [PlaybackTrace][Bridge][listener:error] code=-1 message=
08-22 16:51:18.081 E/MpvBridgeModule( 8531): [PlaybackTrace][Bridge][listener:error] code=-1 message=youtube-dl failed: not found or not enough permissions
08-22 16:51:18.160 I/MpvBridgeModule( 8531): [PlaybackTrace][Bridge][loadFile] requested=https://prod-1.storage.jamendo.com/?trackid=171&format=mp31&from=8CSIkMvwtD6jzKZ%2BPEaUMQ%3D%3D%7Cj5s5oI6ivq8l2vQOXyWixQ%3D%3D resolved=https://prod-1.storage.jamendo.com/?trackid=171&format=mp31&from=8CSIkMvwtD6jzKZ%2BPEaUMQ%3D%3D%7Cj5s5oI6ivq8l2vQOXyWixQ%3D%3D ptr=131217388029824
08-22 16:51:18.161 I/MpvBridgeModule( 8531): [PlaybackTrace][Bridge][loadFile] nativeLoadFile returned
08-22 16:51:18.163 I/MpvBridgeModule( 8531): [PlaybackTrace][Bridge][listener:event] name=startFile payload={}
08-22 16:51:18.165 I/MpvBridgeModule( 8531): [PlaybackTrace][Bridge][play] ptr=131217388029824
08-22 16:51:18.165 I/MpvBridgeModule( 8531): [PlaybackTrace][Bridge][play] nativePlay returned
08-22 16:51:18.168 I/MpvBridgeModule( 8531): [PlaybackTrace][Bridge][loadFile] requested=https://prod-1.storage.jamendo.com/?trackid=171&format=mp31&from=8CSIkMvwtD6jzKZ%2BPEaUMQ%3D%3D%7Cj5s5oI6ivq8l2vQOXyWixQ%3D%3D resolved=https://prod-1.storage.jamendo.com/?trackid=171&format=mp31&from=8CSIkMvwtD6jzKZ%2BPEaUMQ%3D%3D%7Cj5s5oI6ivq8l2vQOXyWixQ%3D%3D ptr=131217388029824
08-22 16:51:18.169 I/MpvBridgeModule( 8531): [PlaybackTrace][Bridge][loadFile] nativeLoadFile returned
08-22 16:51:18.173 I/MpvBridgeModule( 8531): [PlaybackTrace][Bridge][listener:event] name=endFile payload={"reason":2,"error":0}
08-22 16:51:18.177 I/MpvBridgeModule( 8531): [PlaybackTrace][Bridge][play] ptr=131217388029824
08-22 16:51:18.177 I/MpvBridgeModule( 8531): [PlaybackTrace][Bridge][play] nativePlay returned
08-22 16:51:18.179 I/MpvBridgeModule( 8531): [PlaybackTrace][Bridge][listener:event] name=startFile payload={}
08-22 16:51:18.180 D/MpvBridgeModule( 8531): [PlaybackTrace][Bridge][getDuration] ptr=131217388029824 duration=0.0
08-22 16:51:18.436 I/MpvBridgeModule( 8531): [PlaybackTrace][Bridge][play] ptr=131217388029824
08-22 16:51:18.437 I/MpvBridgeModule( 8531): [PlaybackTrace][Bridge][play] nativePlay returned
08-22 16:51:18.452 I/MpvBridgeModule( 8531): [PlaybackTrace][Bridge][play] ptr=131217388029824
08-22 16:51:18.453 I/MpvBridgeModule( 8531): [PlaybackTrace][Bridge][play] nativePlay returned
08-22 16:51:18.640 E/MpvBridgeModule( 8531): [PlaybackTrace][Bridge][listener:error] code=-1 message=tls: mbedtls_ssl_handshake returned -0x6600
08-22 16:51:18.661 E/MpvBridgeModule( 8531): [PlaybackTrace][Bridge][listener:error] code=-1 message=Failed to open https://prod-1.storage.jamendo.com/?trackid=171&format=mp31&from=8CSIkMvwtD6jzKZ%2BPEaUMQ%3D%3D%7Cj5s5oI6ivq8l2vQOXyWixQ%3D%3D.
08-22 16:51:18.668 D/MpvBridgeModule( 8531): [PlaybackTrace][Bridge][getPosition] ptr=131217388029824 position=0.0
08-22 16:51:18.668 D/MpvBridgeModule( 8531): [PlaybackTrace][Bridge][getDuration] ptr=131217388029824 duration=0.0
08-22 16:51:18.668 D/MpvBridgeModule( 8531): [PlaybackTrace][Bridge][getPlaybackState] ptr=131217388029824 state=playing idle=false eof=false pause=false
08-22 16:51:18.697 E/MpvBridgeModule( 8531): [PlaybackTrace][Bridge][listener:error] code=-1 message=Subprocess failed: init
08-22 16:51:18.699 I/MpvBridgeModule( 8531): [PlaybackTrace][Bridge][listener:event] name=endFile payload={"reason":4,"error":-13}
08-22 16:51:18.700 E/MpvBridgeModule( 8531): [PlaybackTrace][Bridge][listener:error] code=-1 message=
08-22 16:51:18.702 E/MpvBridgeModule( 8531): [PlaybackTrace][Bridge][listener:error] code=-1 message=youtube-dl failed: not found or not enough permissions
08-22 16:51:18.704 D/MpvBridgeModule( 8531): [PlaybackTrace][Bridge][getDuration] ptr=131217388029824 duration=0.0
08-22 16:51:18.936 D/MpvBridgeModule( 8531): [PlaybackTrace][Bridge][getPosition] ptr=131217388029824 position=0.0
08-22 16:51:18.936 D/MpvBridgeModule( 8531): [PlaybackTrace][Bridge][getDuration] ptr=131217388029824 duration=0.0
08-22 16:51:18.936 D/MpvBridgeModule( 8531): [PlaybackTrace][Bridge][getPlaybackState] ptr=131217388029824 state=idle idle=true
08-22 16:51:18.939 D/MpvBridgeModule( 8531): [PlaybackTrace][Bridge][getDuration] ptr=131217388029824 duration=0.0
08-22 16:51:19.038 I/MpvBridgeModule( 8531): [PlaybackTrace][Bridge][loadFile] requested=https://prod-1.storage.jamendo.com/?trackid=171&format=mp31&from=8CSIkMvwtD6jzKZ%2BPEaUMQ%3D%3D%7Cj5s5oI6ivq8l2vQOXyWixQ%3D%3D resolved=https://prod-1.storage.jamendo.com/?trackid=171&format=mp31&from=8CSIkMvwtD6jzKZ%2BPEaUMQ%3D%3D%7Cj5s5oI6ivq8l2vQOXyWixQ%3D%3D ptr=131217388029824
08-22 16:51:19.040 I/MpvBridgeModule( 8531): [PlaybackTrace][Bridge][loadFile] nativeLoadFile returned
08-22 16:51:19.044 I/MpvBridgeModule( 8531): [PlaybackTrace][Bridge][listener:event] name=startFile payload={}
08-22 16:51:19.044 I/MpvBridgeModule( 8531): [PlaybackTrace][Bridge][play] ptr=131217388029824
08-22 16:51:19.045 I/MpvBridgeModule( 8531): [PlaybackTrace][Bridge][play] nativePlay returned
08-22 16:51:19.320 I/MpvBridgeModule( 8531): [PlaybackTrace][Bridge][play] ptr=131217388029824
08-22 16:51:19.320 I/MpvBridgeModule( 8531): [PlaybackTrace][Bridge][play] nativePlay returned
08-22 16:51:19.588 I/MpvBridgeModule( 8531): [PlaybackTrace][Bridge][loadFile] requested=https://prod-1.storage.jamendo.com/?trackid=171&format=mp31&from=8CSIkMvwtD6jzKZ%2BPEaUMQ%3D%3D%7Cj5s5oI6ivq8l2vQOXyWixQ%3D%3D resolved=https://prod-1.storage.jamendo.com/?trackid=171&format=mp31&from=8CSIkMvwtD6jzKZ%2BPEaUMQ%3D%3D%7Cj5s5oI6ivq8l2vQOXyWixQ%3D%3D ptr=131217388029824
08-22 16:51:19.588 I/MpvBridgeModule( 8531): [PlaybackTrace][Bridge][loadFile] nativeLoadFile returned
08-22 16:51:19.589 I/MpvBridgeModule( 8531): [PlaybackTrace][Bridge][play] ptr=131217388029824
08-22 16:51:19.590 I/MpvBridgeModule( 8531): [PlaybackTrace][Bridge][play] nativePlay returned
08-22 16:51:19.640 E/MpvBridgeModule( 8531): [PlaybackTrace][Bridge][listener:error] code=-1 message=tls: mbedtls_ssl_handshake returned -0x7280
08-22 16:51:19.641 I/MpvBridgeModule( 8531): [PlaybackTrace][Bridge][loadFile] requested=https://prod-1.storage.jamendo.com/?trackid=171&format=mp31&from=8CSIkMvwtD6jzKZ%2BPEaUMQ%3D%3D%7Cj5s5oI6ivq8l2vQOXyWixQ%3D%3D resolved=https://prod-1.storage.jamendo.com/?trackid=171&format=mp31&from=8CSIkMvwtD6jzKZ%2BPEaUMQ%3D%3D%7Cj5s5oI6ivq8l2vQOXyWixQ%3D%3D ptr=131217388029824
08-22 16:51:19.642 I/MpvBridgeModule( 8531): [PlaybackTrace][Bridge][listener:event] name=endFile payload={"reason":2,"error":0}
08-22 16:51:19.644 I/MpvBridgeModule( 8531): [PlaybackTrace][Bridge][loadFile] nativeLoadFile returned
08-22 16:51:19.646 I/MpvBridgeModule( 8531): [PlaybackTrace][Bridge][listener:event] name=startFile payload={}
08-22 16:51:19.649 I/MpvBridgeModule( 8531): [PlaybackTrace][Bridge][play] ptr=131217388029824
08-22 16:51:19.650 I/MpvBridgeModule( 8531): [PlaybackTrace][Bridge][play] nativePlay returned
08-22 16:51:19.686 D/MpvBridgeModule( 8531): [PlaybackTrace][Bridge][getPosition] ptr=131217388029824 position=0.0
08-22 16:51:19.686 D/MpvBridgeModule( 8531): [PlaybackTrace][Bridge][getDuration] ptr=131217388029824 duration=0.0
08-22 16:51:19.686 D/MpvBridgeModule( 8531): [PlaybackTrace][Bridge][getPlaybackState] ptr=131217388029824 state=playing idle=false eof=false pause=false
08-22 16:51:19.722 I/MpvBridgeModule( 8531): [PlaybackTrace][Bridge][loadFile] requested=https://prod-1.storage.jamendo.com/?trackid=171&format=mp31&from=8CSIkMvwtD6jzKZ%2BPEaUMQ%3D%3D%7Cj5s5oI6ivq8l2vQOXyWixQ%3D%3D resolved=https://prod-1.storage.jamendo.com/?trackid=171&format=mp31&from=8CSIkMvwtD6jzKZ%2BPEaUMQ%3D%3D%7Cj5s5oI6ivq8l2vQOXyWixQ%3D%3D ptr=131217388029824
08-22 16:51:19.722 I/MpvBridgeModule( 8531): [PlaybackTrace][Bridge][loadFile] nativeLoadFile returned
08-22 16:51:19.724 I/MpvBridgeModule( 8531): [PlaybackTrace][Bridge][play] ptr=131217388029824
08-22 16:51:19.725 I/MpvBridgeModule( 8531): [PlaybackTrace][Bridge][play] nativePlay returned
08-22 16:51:19.760 I/MpvBridgeModule( 8531): [PlaybackTrace][Bridge][listener:event] name=endFile payload={"reason":2,"error":0}
08-22 16:51:19.762 I/MpvBridgeModule( 8531): [PlaybackTrace][Bridge][listener:event] name=startFile payload={}
08-22 16:51:19.870 I/MpvBridgeModule( 8531): [PlaybackTrace][Bridge][play] ptr=131217388029824
08-22 16:51:19.871 I/MpvBridgeModule( 8531): [PlaybackTrace][Bridge][play] nativePlay returned
08-22 16:51:19.919 I/MpvBridgeModule( 8531): [PlaybackTrace][Bridge][play] ptr=131217388029824
08-22 16:51:19.920 I/MpvBridgeModule( 8531): [PlaybackTrace][Bridge][play] nativePlay returned
08-22 16:51:19.952 D/MpvBridgeModule( 8531): [PlaybackTrace][Bridge][getPosition] ptr=131217388029824 position=0.0
08-22 16:51:19.953 D/MpvBridgeModule( 8531): [PlaybackTrace][Bridge][getDuration] ptr=131217388029824 duration=0.0
08-22 16:51:19.953 D/MpvBridgeModule( 8531): [PlaybackTrace][Bridge][getPlaybackState] ptr=131217388029824 state=playing idle=false eof=false pause=false
08-22 16:51:19.956 D/MpvBridgeModule( 8531): [PlaybackTrace][Bridge][getDuration] ptr=131217388029824 duration=0.0
08-22 16:51:20.056 I/MpvBridgeModule( 8531): [PlaybackTrace][Bridge][play] ptr=131217388029824
08-22 16:51:20.056 I/MpvBridgeModule( 8531): [PlaybackTrace][Bridge][play] nativePlay returned
08-22 16:51:20.181 E/MpvBridgeModule( 8531): [PlaybackTrace][Bridge][listener:error] code=-1 message=tls: mbedtls_ssl_handshake returned -0x6600
08-22 16:51:20.203 E/MpvBridgeModule( 8531): [PlaybackTrace][Bridge][listener:error] code=-1 message=Failed to open https://prod-1.storage.jamendo.com/?trackid=171&format=mp31&from=8CSIkMvwtD6jzKZ%2BPEaUMQ%3D%3D%7Cj5s5oI6ivq8l2vQOXyWixQ%3D%3D.
08-22 16:51:20.212 I/MpvBridgeModule( 8531): [PlaybackTrace][Bridge][loadFile] requested=https://prod-1.storage.jamendo.com/?trackid=171&format=mp31&from=8CSIkMvwtD6jzKZ%2BPEaUMQ%3D%3D%7Cj5s5oI6ivq8l2vQOXyWixQ%3D%3D resolved=https://prod-1.storage.jamendo.com/?trackid=171&format=mp31&from=8CSIkMvwtD6jzKZ%2BPEaUMQ%3D%3D%7Cj5s5oI6ivq8l2vQOXyWixQ%3D%3D ptr=131217388029824
08-22 16:51:20.214 I/MpvBridgeModule( 8531): [PlaybackTrace][Bridge][loadFile] nativeLoadFile returned
08-22 16:51:20.216 I/MpvBridgeModule( 8531): [PlaybackTrace][Bridge][play] ptr=131217388029824
08-22 16:51:20.220 I/MpvBridgeModule( 8531): [PlaybackTrace][Bridge][play] nativePlay returned
08-22 16:51:20.230 D/MpvBridgeModule( 8531): [PlaybackTrace][Bridge][getDuration] ptr=131217388029824 duration=0.0
08-22 16:51:20.236 E/MpvBridgeModule( 8531): [PlaybackTrace][Bridge][listener:error] code=-1 message=Subprocess failed: init
08-22 16:51:20.238 I/MpvBridgeModule( 8531): [PlaybackTrace][Bridge][listener:event] name=endFile payload={"reason":2,"error":0}
08-22 16:51:20.240 I/MpvBridgeModule( 8531): [PlaybackTrace][Bridge][listener:event] name=startFile payload={}
08-22 16:51:20.242 E/MpvBridgeModule( 8531): [PlaybackTrace][Bridge][listener:error] code=-1 message=
08-22 16:51:20.243 E/MpvBridgeModule( 8531): [PlaybackTrace][Bridge][listener:error] code=-1 message=youtube-dl failed: not found or not enough permissions
08-22 16:51:20.339 I/MpvBridgeModule( 8531): [PlaybackTrace][Bridge][loadFile] requested=https://prod-1.storage.jamendo.com/?trackid=171&format=mp31&from=8CSIkMvwtD6jzKZ%2BPEaUMQ%3D%3D%7Cj5s5oI6ivq8l2vQOXyWixQ%3D%3D resolved=https://prod-1.storage.jamendo.com/?trackid=171&format=mp31&from=8CSIkMvwtD6jzKZ%2BPEaUMQ%3D%3D%7Cj5s5oI6ivq8l2vQOXyWixQ%3D%3D ptr=131217388029824
08-22 16:51:20.340 I/MpvBridgeModule( 8531): [PlaybackTrace][Bridge][loadFile] nativeLoadFile returned
08-22 16:51:20.342 I/MpvBridgeModule( 8531): [PlaybackTrace][Bridge][play] ptr=131217388029824
08-22 16:51:20.343 I/MpvBridgeModule( 8531): [PlaybackTrace][Bridge][play] nativePlay returned
08-22 16:51:20.346 I/MpvBridgeModule( 8531): [PlaybackTrace][Bridge][listener:event] name=endFile payload={"reason":2,"error":0}
08-22 16:51:20.349 I/MpvBridgeModule( 8531): [PlaybackTrace][Bridge][listener:event] name=startFile payload={}
08-22 16:51:20.472 I/MpvBridgeModule( 8531): [PlaybackTrace][Bridge][loadFile] requested=https://prod-1.storage.jamendo.com/?trackid=171&format=mp31&from=8CSIkMvwtD6jzKZ%2BPEaUMQ%3D%3D%7Cj5s5oI6ivq8l2vQOXyWixQ%3D%3D resolved=https://prod-1.storage.jamendo.com/?trackid=171&format=mp31&from=8CSIkMvwtD6jzKZ%2BPEaUMQ%3D%3D%7Cj5s5oI6ivq8l2vQOXyWixQ%3D%3D ptr=131217388029824
08-22 16:51:20.472 I/MpvBridgeModule( 8531): [PlaybackTrace][Bridge][loadFile] nativeLoadFile returned
08-22 16:51:20.474 I/MpvBridgeModule( 8531): [PlaybackTrace][Bridge][play] ptr=131217388029824
08-22 16:51:20.474 I/MpvBridgeModule( 8531): [PlaybackTrace][Bridge][play] nativePlay returned
08-22 16:51:20.488 I/MpvBridgeModule( 8531): [PlaybackTrace][Bridge][loadFile] requested=https://prod-1.storage.jamendo.com/?trackid=171&format=mp31&from=8CSIkMvwtD6jzKZ%2BPEaUMQ%3D%3D%7Cj5s5oI6ivq8l2vQOXyWixQ%3D%3D resolved=https://prod-1.storage.jamendo.com/?trackid=171&format=mp31&from=8CSIkMvwtD6jzKZ%2BPEaUMQ%3D%3D%7Cj5s5oI6ivq8l2vQOXyWixQ%3D%3D ptr=131217388029824
08-22 16:51:20.488 I/MpvBridgeModule( 8531): [PlaybackTrace][Bridge][loadFile] nativeLoadFile returned
08-22 16:51:20.490 I/MpvBridgeModule( 8531): [PlaybackTrace][Bridge][play] ptr=131217388029824
08-22 16:51:20.490 I/MpvBridgeModule( 8531): [PlaybackTrace][Bridge][play] nativePlay returned
08-22 16:51:20.503 I/MpvBridgeModule( 8531): [PlaybackTrace][Bridge][play] ptr=131217388029824
08-22 16:51:20.503 I/MpvBridgeModule( 8531): [PlaybackTrace][Bridge][play] nativePlay returned
08-22 16:51:20.562 I/MpvBridgeModule( 8531): [PlaybackTrace][Bridge][listener:event] name=endFile payload={"reason":2,"error":0}
08-22 16:51:20.565 I/MpvBridgeModule( 8531): [PlaybackTrace][Bridge][listener:event] name=startFile payload={}
08-22 16:51:20.620 I/MpvBridgeModule( 8531): [PlaybackTrace][Bridge][play] ptr=131217388029824
08-22 16:51:20.620 I/MpvBridgeModule( 8531): [PlaybackTrace][Bridge][play] nativePlay returned
08-22 16:51:20.703 D/MpvBridgeModule( 8531): [PlaybackTrace][Bridge][getPosition] ptr=131217388029824 position=0.0
08-22 16:51:20.703 D/MpvBridgeModule( 8531): [PlaybackTrace][Bridge][getDuration] ptr=131217388029824 duration=0.0
08-22 16:51:20.703 D/MpvBridgeModule( 8531): [PlaybackTrace][Bridge][getPlaybackState] ptr=131217388029824 state=playing idle=false eof=false pause=false
08-22 16:51:20.754 I/MpvBridgeModule( 8531): [PlaybackTrace][Bridge][play] ptr=131217388029824
08-22 16:51:20.754 I/MpvBridgeModule( 8531): [PlaybackTrace][Bridge][play] nativePlay returned
08-22 16:51:20.771 I/MpvBridgeModule( 8531): [PlaybackTrace][Bridge][play] ptr=131217388029824
08-22 16:51:20.771 I/MpvBridgeModule( 8531): [PlaybackTrace][Bridge][play] nativePlay returned
08-22 16:51:20.970 D/MpvBridgeModule( 8531): [PlaybackTrace][Bridge][getPosition] ptr=131217388029824 position=0.0
08-22 16:51:20.970 D/MpvBridgeModule( 8531): [PlaybackTrace][Bridge][getDuration] ptr=131217388029824 duration=0.0
08-22 16:51:20.970 D/MpvBridgeModule( 8531): [PlaybackTrace][Bridge][getPlaybackState] ptr=131217388029824 state=playing idle=false eof=false pause=false
08-22 16:51:21.045 E/MpvBridgeModule( 8531): [PlaybackTrace][Bridge][listener:error] code=-1 message=tls: mbedtls_ssl_handshake returned -0x6600
08-22 16:51:21.046 E/MpvBridgeModule( 8531): [PlaybackTrace][Bridge][listener:error] code=-1 message=Failed to open https://prod-1.storage.jamendo.com/?trackid=171&format=mp31&from=8CSIkMvwtD6jzKZ%2BPEaUMQ%3D%3D%7Cj5s5oI6ivq8l2vQOXyWixQ%3D%3D.
08-22 16:51:21.081 D/MpvBridgeModule( 8531): [PlaybackTrace][Bridge][getDuration] ptr=131217388029824 duration=0.0
08-22 16:51:21.094 E/MpvBridgeModule( 8531): [PlaybackTrace][Bridge][listener:error] code=-1 message=Subprocess failed: init
08-22 16:51:21.095 I/MpvBridgeModule( 8531): [PlaybackTrace][Bridge][listener:event] name=endFile payload={"reason":4,"error":-13}
08-22 16:51:21.097 E/MpvBridgeModule( 8531): [PlaybackTrace][Bridge][listener:error] code=-1 message=
08-22 16:51:21.099 E/MpvBridgeModule( 8531): [PlaybackTrace][Bridge][listener:error] code=-1 message=youtube-dl failed: not found or not enough permissions
08-22 16:51:21.221 I/MpvBridgeModule( 8531): [PlaybackTrace][Bridge][loadFile] requested=https://prod-1.storage.jamendo.com/?trackid=171&format=mp31&from=8CSIkMvwtD6jzKZ%2BPEaUMQ%3D%3D%7Cj5s5oI6ivq8l2vQOXyWixQ%3D%3D resolved=https://prod-1.storage.jamendo.com/?trackid=171&format=mp31&from=8CSIkMvwtD6jzKZ%2BPEaUMQ%3D%3D%7Cj5s5oI6ivq8l2vQOXyWixQ%3D%3D ptr=131217388029824
08-22 16:51:21.222 I/MpvBridgeModule( 8531): [PlaybackTrace][Bridge][listener:event] name=startFile payload={}
08-22 16:51:21.228 I/MpvBridgeModule( 8531): [PlaybackTrace][Bridge][loadFile] nativeLoadFile returned
08-22 16:51:21.231 I/MpvBridgeModule( 8531): [PlaybackTrace][Bridge][play] ptr=131217388029824
08-22 16:51:21.231 I/MpvBridgeModule( 8531): [PlaybackTrace][Bridge][play] nativePlay returned
08-22 16:51:21.232 I/MpvBridgeModule( 8531): [PlaybackTrace][Bridge][loadFile] requested=https://prod-1.storage.jamendo.com/?trackid=171&format=mp31&from=8CSIkMvwtD6jzKZ%2BPEaUMQ%3D%3D%7Cj5s5oI6ivq8l2vQOXyWixQ%3D%3D resolved=https://prod-1.storage.jamendo.com/?trackid=171&format=mp31&from=8CSIkMvwtD6jzKZ%2BPEaUMQ%3D%3D%7Cj5s5oI6ivq8l2vQOXyWixQ%3D%3D ptr=131217388029824
08-22 16:51:21.233 I/MpvBridgeModule( 8531): [PlaybackTrace][Bridge][loadFile] nativeLoadFile returned
08-22 16:51:21.235 I/MpvBridgeModule( 8531): [PlaybackTrace][Bridge][play] ptr=131217388029824
08-22 16:51:21.236 I/MpvBridgeModule( 8531): [PlaybackTrace][Bridge][play] nativePlay returned
08-22 16:51:21.241 D/MpvBridgeModule( 8531): [PlaybackTrace][Bridge][getDuration] ptr=131217388029824 duration=0.0
08-22 16:51:21.330 I/MpvBridgeModule( 8531): [PlaybackTrace][Bridge][listener:event] name=endFile payload={"reason":2,"error":0}
08-22 16:51:21.332 I/MpvBridgeModule( 8531): [PlaybackTrace][Bridge][listener:event] name=startFile payload={}
08-22 16:51:21.504 I/MpvBridgeModule( 8531): [PlaybackTrace][Bridge][play] ptr=131217388029824
08-22 16:51:21.504 I/MpvBridgeModule( 8531): [PlaybackTrace][Bridge][play] nativePlay returned
08-22 16:51:21.504 I/MpvBridgeModule( 8531): [PlaybackTrace][Bridge][play] ptr=131217388029824
08-22 16:51:21.504 I/MpvBridgeModule( 8531): [PlaybackTrace][Bridge][play] nativePlay returned
08-22 16:51:21.705 I/MpvBridgeModule( 8531): [PlaybackTrace][Bridge][loadFile] requested=https://prod-1.storage.jamendo.com/?trackid=171&format=mp31&from=8CSIkMvwtD6jzKZ%2BPEaUMQ%3D%3D%7Cj5s5oI6ivq8l2vQOXyWixQ%3D%3D resolved=https://prod-1.storage.jamendo.com/?trackid=171&format=mp31&from=8CSIkMvwtD6jzKZ%2BPEaUMQ%3D%3D%7Cj5s5oI6ivq8l2vQOXyWixQ%3D%3D ptr=131217388029824
08-22 16:51:21.705 I/MpvBridgeModule( 8531): [PlaybackTrace][Bridge][loadFile] nativeLoadFile returned
08-22 16:51:21.708 I/MpvBridgeModule( 8531): [PlaybackTrace][Bridge][play] ptr=131217388029824
08-22 16:51:21.709 I/MpvBridgeModule( 8531): [PlaybackTrace][Bridge][play] nativePlay returned
08-22 16:51:21.719 D/MpvBridgeModule( 8531): [PlaybackTrace][Bridge][getPosition] ptr=131217388029824 position=0.0
08-22 16:51:21.719 D/MpvBridgeModule( 8531): [PlaybackTrace][Bridge][getDuration] ptr=131217388029824 duration=0.0
08-22 16:51:21.719 D/MpvBridgeModule( 8531): [PlaybackTrace][Bridge][getPlaybackState] ptr=131217388029824 state=playing idle=false eof=false pause=false
08-22 16:51:21.756 E/MpvBridgeModule( 8531): [PlaybackTrace][Bridge][listener:error] code=-1 message=tls: mbedtls_ssl_handshake returned -0x7280
08-22 16:51:21.757 I/MpvBridgeModule( 8531): [PlaybackTrace][Bridge][listener:event] name=endFile payload={"reason":2,"error":0}
08-22 16:51:21.758 I/MpvBridgeModule( 8531): [PlaybackTrace][Bridge][listener:event] name=startFile payload={}
08-22 16:51:21.856 I/MpvBridgeModule( 8531): [PlaybackTrace][Bridge][loadFile] requested=https://prod-1.storage.jamendo.com/?trackid=171&format=mp31&from=8CSIkMvwtD6jzKZ%2BPEaUMQ%3D%3D%7Cj5s5oI6ivq8l2vQOXyWixQ%3D%3D resolved=https://prod-1.storage.jamendo.com/?trackid=171&format=mp31&from=8CSIkMvwtD6jzKZ%2BPEaUMQ%3D%3D%7Cj5s5oI6ivq8l2vQOXyWixQ%3D%3D ptr=131217388029824
08-22 16:51:21.856 I/MpvBridgeModule( 8531): [PlaybackTrace][Bridge][loadFile] nativeLoadFile returned
08-22 16:51:21.859 I/MpvBridgeModule( 8531): [PlaybackTrace][Bridge][play] ptr=131217388029824
08-22 16:51:21.860 I/MpvBridgeModule( 8531): [PlaybackTrace][Bridge][play] nativePlay returned
08-22 16:51:21.863 I/MpvBridgeModule( 8531): [PlaybackTrace][Bridge][listener:event] name=endFile payload={"reason":2,"error":0}
08-22 16:51:21.865 I/MpvBridgeModule( 8531): [PlaybackTrace][Bridge][listener:event] name=startFile payload={}
08-22 16:51:21.986 D/MpvBridgeModule( 8531): [PlaybackTrace][Bridge][getPosition] ptr=131217388029824 position=0.0
08-22 16:51:21.987 D/MpvBridgeModule( 8531): [PlaybackTrace][Bridge][getDuration] ptr=131217388029824 duration=0.0
08-22 16:51:21.987 D/MpvBridgeModule( 8531): [PlaybackTrace][Bridge][getPlaybackState] ptr=131217388029824 state=playing idle=false eof=false pause=false
08-22 16:51:21.989 I/MpvBridgeModule( 8531): [PlaybackTrace][Bridge][play] ptr=131217388029824
08-22 16:51:21.989 I/MpvBridgeModule( 8531): [PlaybackTrace][Bridge][play] nativePlay returned
08-22 16:51:22.136 I/MpvBridgeModule( 8531): [PlaybackTrace][Bridge][play] ptr=131217388029824
08-22 16:51:22.137 I/MpvBridgeModule( 8531): [PlaybackTrace][Bridge][play] nativePlay returned
08-22 16:51:22.339 E/MpvBridgeModule( 8531): [PlaybackTrace][Bridge][listener:error] code=-1 message=tls: mbedtls_ssl_handshake returned -0x6600
08-22 16:51:22.361 E/MpvBridgeModule( 8531): [PlaybackTrace][Bridge][listener:error] code=-1 message=Failed to open https://prod-1.storage.jamendo.com/?trackid=171&format=mp31&from=8CSIkMvwtD6jzKZ%2BPEaUMQ%3D%3D%7Cj5s5oI6ivq8l2vQOXyWixQ%3D%3D.
08-22 16:51:22.383 E/MpvBridgeModule( 8531): [PlaybackTrace][Bridge][listener:error] code=-1 message=Subprocess failed: init
08-22 16:51:22.385 I/MpvBridgeModule( 8531): [PlaybackTrace][Bridge][listener:event] name=endFile payload={"reason":4,"error":-13}
08-22 16:51:22.386 E/MpvBridgeModule( 8531): [PlaybackTrace][Bridge][listener:error] code=-1 message=
08-22 16:51:22.387 D/MpvBridgeModule( 8531): [PlaybackTrace][Bridge][getDuration] ptr=131217388029824 duration=0.0
08-22 16:51:22.388 E/MpvBridgeModule( 8531): [PlaybackTrace][Bridge][listener:error] code=-1 message=youtube-dl failed: not found or not enough permissions
08-22 16:51:22.604 I/MpvBridgeModule( 8531): [PlaybackTrace][Bridge][loadFile] requested=https://prod-1.storage.jamendo.com/?trackid=171&format=mp31&from=8CSIkMvwtD6jzKZ%2BPEaUMQ%3D%3D%7Cj5s5oI6ivq8l2vQOXyWixQ%3D%3D resolved=https://prod-1.storage.jamendo.com/?trackid=171&format=mp31&from=8CSIkMvwtD6jzKZ%2BPEaUMQ%3D%3D%7Cj5s5oI6ivq8l2vQOXyWixQ%3D%3D ptr=131217388029824
08-22 16:51:22.605 I/MpvBridgeModule( 8531): [PlaybackTrace][Bridge][listener:event] name=startFile payload={}
08-22 16:51:22.606 I/MpvBridgeModule( 8531): [PlaybackTrace][Bridge][loadFile] nativeLoadFile returned
08-22 16:51:22.607 I/MpvBridgeModule( 8531): [PlaybackTrace][Bridge][play] ptr=131217388029824
08-22 16:51:22.607 I/MpvBridgeModule( 8531): [PlaybackTrace][Bridge][play] nativePlay returned
08-22 16:51:22.671 I/MpvBridgeModule( 8531): [PlaybackTrace][Bridge][loadFile] requested=https://prod-1.storage.jamendo.com/?trackid=171&format=mp31&from=8CSIkMvwtD6jzKZ%2BPEaUMQ%3D%3D%7Cj5s5oI6ivq8l2vQOXyWixQ%3D%3D resolved=https://prod-1.storage.jamendo.com/?trackid=171&format=mp31&from=8CSIkMvwtD6jzKZ%2BPEaUMQ%3D%3D%7Cj5s5oI6ivq8l2vQOXyWixQ%3D%3D ptr=131217388029824
08-22 16:51:22.672 I/MpvBridgeModule( 8531): [PlaybackTrace][Bridge][loadFile] nativeLoadFile returned
08-22 16:51:22.674 I/MpvBridgeModule( 8531): [PlaybackTrace][Bridge][play] ptr=131217388029824
08-22 16:51:22.674 I/MpvBridgeModule( 8531): [PlaybackTrace][Bridge][play] nativePlay returned
08-22 16:51:22.717 I/MpvBridgeModule( 8531): [PlaybackTrace][Bridge][listener:event] name=endFile payload={"reason":2,"error":0}
08-22 16:51:22.719 I/MpvBridgeModule( 8531): [PlaybackTrace][Bridge][listener:event] name=startFile payload={}
08-22 16:51:22.736 D/MpvBridgeModule( 8531): [PlaybackTrace][Bridge][getPosition] ptr=131217388029824 position=0.0
08-22 16:51:22.736 D/MpvBridgeModule( 8531): [PlaybackTrace][Bridge][getDuration] ptr=131217388029824 duration=0.0
08-22 16:51:22.736 D/MpvBridgeModule( 8531): [PlaybackTrace][Bridge][getPlaybackState] ptr=131217388029824 state=playing idle=false eof=false pause=false
08-22 16:51:22.887 I/MpvBridgeModule( 8531): [PlaybackTrace][Bridge][play] ptr=131217388029824
08-22 16:51:22.888 I/MpvBridgeModule( 8531): [PlaybackTrace][Bridge][play] nativePlay returned
08-22 16:51:22.959 I/MpvBridgeModule( 8531): [PlaybackTrace][Bridge][play] ptr=131217388029824
08-22 16:51:22.959 I/MpvBridgeModule( 8531): [PlaybackTrace][Bridge][play] nativePlay returned
08-22 16:51:23.002 D/MpvBridgeModule( 8531): [PlaybackTrace][Bridge][getPosition] ptr=131217388029824 position=0.0
08-22 16:51:23.002 D/MpvBridgeModule( 8531): [PlaybackTrace][Bridge][getDuration] ptr=131217388029824 duration=0.0
08-22 16:51:23.002 D/MpvBridgeModule( 8531): [PlaybackTrace][Bridge][getPlaybackState] ptr=131217388029824 state=playing idle=false eof=false pause=false
08-22 16:51:23.162 E/MpvBridgeModule( 8531): [PlaybackTrace][Bridge][listener:error] code=-1 message=tls: mbedtls_ssl_handshake returned -0x6600
08-22 16:51:23.185 E/MpvBridgeModule( 8531): [PlaybackTrace][Bridge][listener:error] code=-1 message=Failed to open https://prod-1.storage.jamendo.com/?trackid=171&format=mp31&from=8CSIkMvwtD6jzKZ%2BPEaUMQ%3D%3D%7Cj5s5oI6ivq8l2vQOXyWixQ%3D%3D.
08-22 16:51:23.198 D/MpvBridgeModule( 8531): [PlaybackTrace][Bridge][getDuration] ptr=131217388029824 duration=0.0
08-22 16:51:23.211 E/MpvBridgeModule( 8531): [PlaybackTrace][Bridge][listener:error] code=-1 message=Subprocess failed: init
08-22 16:51:23.212 E/MpvBridgeModule( 8531): [PlaybackTrace][Bridge][listener:error] code=-1 message=
08-22 16:51:23.214 E/MpvBridgeModule( 8531): [PlaybackTrace][Bridge][listener:error] code=-1 message=youtube-dl failed: not found or not enough permissions
08-22 16:51:23.216 I/MpvBridgeModule( 8531): [PlaybackTrace][Bridge][listener:event] name=endFile payload={"reason":4,"error":-13}
08-22 16:51:23.307 I/MpvBridgeModule( 8531): [PlaybackTrace][Bridge][loadFile] requested=https://prod-1.storage.jamendo.com/?trackid=171&format=mp31&from=8CSIkMvwtD6jzKZ%2BPEaUMQ%3D%3D%7Cj5s5oI6ivq8l2vQOXyWixQ%3D%3D resolved=https://prod-1.storage.jamendo.com/?trackid=171&format=mp31&from=8CSIkMvwtD6jzKZ%2BPEaUMQ%3D%3D%7Cj5s5oI6ivq8l2vQOXyWixQ%3D%3D ptr=131217388029824
08-22 16:51:23.308 I/MpvBridgeModule( 8531): [PlaybackTrace][Bridge][loadFile] nativeLoadFile returned
08-22 16:51:23.309 I/MpvBridgeModule( 8531): [PlaybackTrace][Bridge][play] ptr=131217388029824
08-22 16:51:23.309 I/MpvBridgeModule( 8531): [PlaybackTrace][Bridge][play] nativePlay returned
08-22 16:51:23.310 I/MpvBridgeModule( 8531): [PlaybackTrace][Bridge][listener:event] name=startFile payload={}
08-22 16:51:23.358 I/MpvBridgeModule( 8531): [PlaybackTrace][Bridge][loadFile] requested=https://prod-1.storage.jamendo.com/?trackid=171&format=mp31&from=8CSIkMvwtD6jzKZ%2BPEaUMQ%3D%3D%7Cj5s5oI6ivq8l2vQOXyWixQ%3D%3D resolved=https://prod-1.storage.jamendo.com/?trackid=171&format=mp31&from=8CSIkMvwtD6jzKZ%2BPEaUMQ%3D%3D%7Cj5s5oI6ivq8l2vQOXyWixQ%3D%3D ptr=131217388029824
08-22 16:51:23.359 I/MpvBridgeModule( 8531): [PlaybackTrace][Bridge][loadFile] nativeLoadFile returned
08-22 16:51:23.359 I/MpvBridgeModule( 8531): [PlaybackTrace][Bridge][play] ptr=131217388029824
08-22 16:51:23.360 I/MpvBridgeModule( 8531): [PlaybackTrace][Bridge][play] nativePlay returned
08-22 16:51:23.361 I/MpvBridgeModule( 8531): [PlaybackTrace][Bridge][loadFile] requested=https://prod-1.storage.jamendo.com/?trackid=171&format=mp31&from=8CSIkMvwtD6jzKZ%2BPEaUMQ%3D%3D%7Cj5s5oI6ivq8l2vQOXyWixQ%3D%3D resolved=https://prod-1.storage.jamendo.com/?trackid=171&format=mp31&from=8CSIkMvwtD6jzKZ%2BPEaUMQ%3D%3D%7Cj5s5oI6ivq8l2vQOXyWixQ%3D%3D ptr=131217388029824
08-22 16:51:23.362 I/MpvBridgeModule( 8531): [PlaybackTrace][Bridge][loadFile] nativeLoadFile returned
08-22 16:51:23.363 I/MpvBridgeModule( 8531): [PlaybackTrace][Bridge][play] ptr=131217388029824
08-22 16:51:23.364 I/MpvBridgeModule( 8531): [PlaybackTrace][Bridge][play] nativePlay returned
08-22 16:51:23.418 I/MpvBridgeModule( 8531): [PlaybackTrace][Bridge][listener:event] name=endFile payload={"reason":2,"error":0}
08-22 16:51:23.421 I/MpvBridgeModule( 8531): [PlaybackTrace][Bridge][listener:event] name=startFile payload={}
08-22 16:51:23.473 I/MpvBridgeModule( 8531): [PlaybackTrace][Bridge][loadFile] requested=https://prod-1.storage.jamendo.com/?trackid=171&format=mp31&from=8CSIkMvwtD6jzKZ%2BPEaUMQ%3D%3D%7Cj5s5oI6ivq8l2vQOXyWixQ%3D%3D resolved=https://prod-1.storage.jamendo.com/?trackid=171&format=mp31&from=8CSIkMvwtD6jzKZ%2BPEaUMQ%3D%3D%7Cj5s5oI6ivq8l2vQOXyWixQ%3D%3D ptr=131217388029824
08-22 16:51:23.474 I/MpvBridgeModule( 8531): [PlaybackTrace][Bridge][loadFile] nativeLoadFile returned
08-22 16:51:23.475 I/MpvBridgeModule( 8531): [PlaybackTrace][Bridge][play] ptr=131217388029824
08-22 16:51:23.476 I/MpvBridgeModule( 8531): [PlaybackTrace][Bridge][play] nativePlay returned
08-22 16:51:23.529 I/MpvBridgeModule( 8531): [PlaybackTrace][Bridge][listener:event] name=endFile payload={"reason":2,"error":0}
08-22 16:51:23.531 I/MpvBridgeModule( 8531): [PlaybackTrace][Bridge][listener:event] name=startFile payload={}
08-22 16:51:23.586 I/MpvBridgeModule( 8531): [PlaybackTrace][Bridge][play] ptr=131217388029824
08-22 16:51:23.586 I/MpvBridgeModule( 8531): [PlaybackTrace][Bridge][play] nativePlay returned
08-22 16:51:23.637 I/MpvBridgeModule( 8531): [PlaybackTrace][Bridge][play] ptr=131217388029824
08-22 16:51:23.638 I/MpvBridgeModule( 8531): [PlaybackTrace][Bridge][play] nativePlay returned
08-22 16:51:23.638 I/MpvBridgeModule( 8531): [PlaybackTrace][Bridge][play] ptr=131217388029824
08-22 16:51:23.639 I/MpvBridgeModule( 8531): [PlaybackTrace][Bridge][play] nativePlay returned
08-22 16:51:23.753 D/MpvBridgeModule( 8531): [PlaybackTrace][Bridge][getPosition] ptr=131217388029824 position=0.0
08-22 16:51:23.753 D/MpvBridgeModule( 8531): [PlaybackTrace][Bridge][getDuration] ptr=131217388029824 duration=0.0
08-22 16:51:23.753 D/MpvBridgeModule( 8531): [PlaybackTrace][Bridge][getPlaybackState] ptr=131217388029824 state=playing idle=false eof=false pause=false
08-22 16:51:23.756 I/MpvBridgeModule( 8531): [PlaybackTrace][Bridge][play] ptr=131217388029824
08-22 16:51:23.756 I/MpvBridgeModule( 8531): [PlaybackTrace][Bridge][play] nativePlay returned
08-22 16:51:24.019 D/MpvBridgeModule( 8531): [PlaybackTrace][Bridge][getPosition] ptr=131217388029824 position=0.0
08-22 16:51:24.020 D/MpvBridgeModule( 8531): [PlaybackTrace][Bridge][getDuration] ptr=131217388029824 duration=0.0
08-22 16:51:24.020 D/MpvBridgeModule( 8531): [PlaybackTrace][Bridge][getPlaybackState] ptr=131217388029824 state=playing idle=false eof=false pause=false
08-22 16:51:24.021 I/MpvBridgeModule( 8531): [PlaybackTrace][Bridge][loadFile] requested=https://prod-1.storage.jamendo.com/?trackid=171&format=mp31&from=8CSIkMvwtD6jzKZ%2BPEaUMQ%3D%3D%7Cj5s5oI6ivq8l2vQOXyWixQ%3D%3D resolved=https://prod-1.storage.jamendo.com/?trackid=171&format=mp31&from=8CSIkMvwtD6jzKZ%2BPEaUMQ%3D%3D%7Cj5s5oI6ivq8l2vQOXyWixQ%3D%3D ptr=131217388029824
08-22 16:51:24.022 I/MpvBridgeModule( 8531): [PlaybackTrace][Bridge][loadFile] nativeLoadFile returned
08-22 16:51:24.026 I/MpvBridgeModule( 8531): [PlaybackTrace][Bridge][play] ptr=131217388029824
08-22 16:51:24.027 I/MpvBridgeModule( 8531): [PlaybackTrace][Bridge][play] nativePlay returned
08-22 16:51:24.071 E/MpvBridgeModule( 8531): [PlaybackTrace][Bridge][listener:error] code=-1 message=tls: mbedtls_ssl_handshake returned -0x7280
08-22 16:51:24.075 I/MpvBridgeModule( 8531): [PlaybackTrace][Bridge][listener:event] name=endFile payload={"reason":2,"error":0}
08-22 16:51:24.076 I/MpvBridgeModule( 8531): [PlaybackTrace][Bridge][listener:event] name=startFile payload={}
08-22 16:51:24.079 D/MpvBridgeModule( 8531): [PlaybackTrace][Bridge][getDuration] ptr=131217388029824 duration=0.0
08-22 16:51:24.191 I/MpvBridgeModule( 8531): [PlaybackTrace][Bridge][loadFile] requested=https://prod-1.storage.jamendo.com/?trackid=171&format=mp31&from=8CSIkMvwtD6jzKZ%2BPEaUMQ%3D%3D%7Cj5s5oI6ivq8l2vQOXyWixQ%3D%3D resolved=https://prod-1.storage.jamendo.com/?trackid=171&format=mp31&from=8CSIkMvwtD6jzKZ%2BPEaUMQ%3D%3D%7Cj5s5oI6ivq8l2vQOXyWixQ%3D%3D ptr=131217388029824
08-22 16:51:24.191 I/MpvBridgeModule( 8531): [PlaybackTrace][Bridge][loadFile] nativeLoadFile returned
08-22 16:51:24.193 I/MpvBridgeModule( 8531): [PlaybackTrace][Bridge][play] ptr=131217388029824
08-22 16:51:24.194 I/MpvBridgeModule( 8531): [PlaybackTrace][Bridge][play] nativePlay returned
08-22 16:51:24.254 I/MpvBridgeModule( 8531): [PlaybackTrace][Bridge][loadFile] requested=https://prod-1.storage.jamendo.com/?trackid=171&format=mp31&from=8CSIkMvwtD6jzKZ%2BPEaUMQ%3D%3D%7Cj5s5oI6ivq8l2vQOXyWixQ%3D%3D resolved=https://prod-1.storage.jamendo.com/?trackid=171&format=mp31&from=8CSIkMvwtD6jzKZ%2BPEaUMQ%3D%3D%7Cj5s5oI6ivq8l2vQOXyWixQ%3D%3D ptr=131217388029824
08-22 16:51:24.255 I/MpvBridgeModule( 8531): [PlaybackTrace][Bridge][loadFile] nativeLoadFile returned
08-22 16:51:24.256 I/MpvBridgeModule( 8531): [PlaybackTrace][Bridge][play] ptr=131217388029824
08-22 16:51:24.256 I/MpvBridgeModule( 8531): [PlaybackTrace][Bridge][play] nativePlay returned
08-22 16:51:24.290 I/MpvBridgeModule( 8531): [PlaybackTrace][Bridge][listener:event] name=endFile payload={"reason":2,"error":0}
08-22 16:51:24.293 I/MpvBridgeModule( 8531): [PlaybackTrace][Bridge][listener:event] name=startFile payload={}
08-22 16:51:24.302 I/MpvBridgeModule( 8531): [PlaybackTrace][Bridge][play] ptr=131217388029824
08-22 16:51:24.302 I/MpvBridgeModule( 8531): [PlaybackTrace][Bridge][play] nativePlay returned
08-22 16:51:24.470 I/MpvBridgeModule( 8531): [PlaybackTrace][Bridge][play] ptr=131217388029824
08-22 16:51:24.470 I/MpvBridgeModule( 8531): [PlaybackTrace][Bridge][play] nativePlay returned
08-22 16:51:24.537 I/MpvBridgeModule( 8531): [PlaybackTrace][Bridge][play] ptr=131217388029824
08-22 16:51:24.537 I/MpvBridgeModule( 8531): [PlaybackTrace][Bridge][play] nativePlay returned
08-22 16:51:24.721 I/MpvBridgeModule( 8531): [PlaybackTrace][Bridge][loadFile] requested=https://prod-1.storage.jamendo.com/?trackid=171&format=mp31&from=8CSIkMvwtD6jzKZ%2BPEaUMQ%3D%3D%7Cj5s5oI6ivq8l2vQOXyWixQ%3D%3D resolved=https://prod-1.storage.jamendo.com/?trackid=171&format=mp31&from=8CSIkMvwtD6jzKZ%2BPEaUMQ%3D%3D%7Cj5s5oI6ivq8l2vQOXyWixQ%3D%3D ptr=131217388029824
08-22 16:51:24.721 I/MpvBridgeModule( 8531): [PlaybackTrace][Bridge][loadFile] nativeLoadFile returned
08-22 16:51:24.723 I/MpvBridgeModule( 8531): [PlaybackTrace][Bridge][play] ptr=131217388029824
08-22 16:51:24.724 I/MpvBridgeModule( 8531): [PlaybackTrace][Bridge][play] nativePlay returned
08-22 16:51:24.769 D/MpvBridgeModule( 8531): [PlaybackTrace][Bridge][getPosition] ptr=131217388029824 position=0.0
08-22 16:51:24.769 D/MpvBridgeModule( 8531): [PlaybackTrace][Bridge][getDuration] ptr=131217388029824 duration=0.0
08-22 16:51:24.769 D/MpvBridgeModule( 8531): [PlaybackTrace][Bridge][getPlaybackState] ptr=131217388029824 state=playing idle=false eof=false pause=false
08-22 16:51:24.799 I/MpvBridgeModule( 8531): [PlaybackTrace][Bridge][listener:event] name=endFile payload={"reason":2,"error":0}
08-22 16:51:24.802 I/MpvBridgeModule( 8531): [PlaybackTrace][Bridge][listener:event] name=startFile payload={}
08-22 16:51:24.838 I/MpvBridgeModule( 8531): [PlaybackTrace][Bridge][loadFile] requested=https://prod-1.storage.jamendo.com/?trackid=171&format=mp31&from=8CSIkMvwtD6jzKZ%2BPEaUMQ%3D%3D%7Cj5s5oI6ivq8l2vQOXyWixQ%3D%3D resolved=https://prod-1.storage.jamendo.com/?trackid=171&format=mp31&from=8CSIkMvwtD6jzKZ%2BPEaUMQ%3D%3D%7Cj5s5oI6ivq8l2vQOXyWixQ%3D%3D ptr=131217388029824
08-22 16:51:24.838 I/MpvBridgeModule( 8531): [PlaybackTrace][Bridge][loadFile] nativeLoadFile returned
08-22 16:51:24.839 I/MpvBridgeModule( 8531): [PlaybackTrace][Bridge][play] ptr=131217388029824
08-22 16:51:24.839 I/MpvBridgeModule( 8531): [PlaybackTrace][Bridge][play] nativePlay returned
08-22 16:51:24.907 I/MpvBridgeModule( 8531): [PlaybackTrace][Bridge][listener:event] name=endFile payload={"reason":2,"error":0}
08-22 16:51:24.910 I/MpvBridgeModule( 8531): [PlaybackTrace][Bridge][listener:event] name=startFile payload={}
08-22 16:51:25.003 I/MpvBridgeModule( 8531): [PlaybackTrace][Bridge][play] ptr=131217388029824
08-22 16:51:25.003 I/MpvBridgeModule( 8531): [PlaybackTrace][Bridge][play] nativePlay returned
08-22 16:51:25.036 D/MpvBridgeModule( 8531): [PlaybackTrace][Bridge][getPosition] ptr=131217388029824 position=0.0
08-22 16:51:25.036 D/MpvBridgeModule( 8531): [PlaybackTrace][Bridge][getDuration] ptr=131217388029824 duration=0.0
08-22 16:51:25.036 D/MpvBridgeModule( 8531): [PlaybackTrace][Bridge][getPlaybackState] ptr=131217388029824 state=playing idle=false eof=false pause=false
08-22 16:51:25.119 I/MpvBridgeModule( 8531): [PlaybackTrace][Bridge][play] ptr=131217388029824
08-22 16:51:25.119 I/MpvBridgeModule( 8531): [PlaybackTrace][Bridge][play] nativePlay returned
08-22 16:51:25.319 E/MpvBridgeModule( 8531): [PlaybackTrace][Bridge][listener:error] code=-1 message=tls: mbedtls_ssl_handshake returned -0x6600
08-22 16:51:25.342 E/MpvBridgeModule( 8531): [PlaybackTrace][Bridge][listener:error] code=-1 message=Failed to open https://prod-1.storage.jamendo.com/?trackid=171&format=mp31&from=8CSIkMvwtD6jzKZ%2BPEaUMQ%3D%3D%7Cj5s5oI6ivq8l2vQOXyWixQ%3D%3D.
08-22 16:51:25.364 E/MpvBridgeModule( 8531): [PlaybackTrace][Bridge][listener:error] code=-1 message=Subprocess failed: init
08-22 16:51:25.366 I/MpvBridgeModule( 8531): [PlaybackTrace][Bridge][listener:event] name=endFile payload={"reason":4,"error":-13}
08-22 16:51:25.368 E/MpvBridgeModule( 8531): [PlaybackTrace][Bridge][listener:error] code=-1 message=
08-22 16:51:25.368 E/MpvBridgeModule( 8531): [PlaybackTrace][Bridge][listener:error] code=-1 message=youtube-dl failed: not found or not enough permissions
08-22 16:51:25.371 D/MpvBridgeModule( 8531): [PlaybackTrace][Bridge][getDuration] ptr=131217388029824 duration=0.0
08-22 16:51:25.471 I/MpvBridgeModule( 8531): [PlaybackTrace][Bridge][loadFile] requested=https://prod-1.storage.jamendo.com/?trackid=171&format=mp31&from=8CSIkMvwtD6jzKZ%2BPEaUMQ%3D%3D%7Cj5s5oI6ivq8l2vQOXyWixQ%3D%3D resolved=https://prod-1.storage.jamendo.com/?trackid=171&format=mp31&from=8CSIkMvwtD6jzKZ%2BPEaUMQ%3D%3D%7Cj5s5oI6ivq8l2vQOXyWixQ%3D%3D ptr=131217388029824
08-22 16:51:25.471 I/MpvBridgeModule( 8531): [PlaybackTrace][Bridge][loadFile] nativeLoadFile returned
08-22 16:51:25.472 I/MpvBridgeModule( 8531): [PlaybackTrace][Bridge][listener:event] name=startFile payload={}
08-22 16:51:25.475 I/MpvBridgeModule( 8531): [PlaybackTrace][Bridge][play] ptr=131217388029824
08-22 16:51:25.477 I/MpvBridgeModule( 8531): [PlaybackTrace][Bridge][play] nativePlay returned
08-22 16:51:25.521 I/MpvBridgeModule( 8531): [PlaybackTrace][Bridge][loadFile] requested=https://prod-1.storage.jamendo.com/?trackid=171&format=mp31&from=8CSIkMvwtD6jzKZ%2BPEaUMQ%3D%3D%7Cj5s5oI6ivq8l2vQOXyWixQ%3D%3D resolved=https://prod-1.storage.jamendo.com/?trackid=171&format=mp31&from=8CSIkMvwtD6jzKZ%2BPEaUMQ%3D%3D%7Cj5s5oI6ivq8l2vQOXyWixQ%3D%3D ptr=131217388029824
08-22 16:51:25.522 I/MpvBridgeModule( 8531): [PlaybackTrace][Bridge][loadFile] nativeLoadFile returned
08-22 16:51:25.522 I/MpvBridgeModule( 8531): [PlaybackTrace][Bridge][play] ptr=131217388029824
08-22 16:51:25.523 I/MpvBridgeModule( 8531): [PlaybackTrace][Bridge][play] nativePlay returned
08-22 16:51:25.591 I/MpvBridgeModule( 8531): [PlaybackTrace][Bridge][listener:event] name=endFile payload={"reason":2,"error":0}
08-22 16:51:25.594 I/MpvBridgeModule( 8531): [PlaybackTrace][Bridge][listener:event] name=startFile payload={}
08-22 16:51:25.756 I/MpvBridgeModule( 8531): [PlaybackTrace][Bridge][play] ptr=131217388029824
08-22 16:51:25.757 I/MpvBridgeModule( 8531): [PlaybackTrace][Bridge][play] nativePlay returned
08-22 16:51:25.786 D/MpvBridgeModule( 8531): [PlaybackTrace][Bridge][getPosition] ptr=131217388029824 position=0.0
08-22 16:51:25.786 D/MpvBridgeModule( 8531): [PlaybackTrace][Bridge][getDuration] ptr=131217388029824 duration=0.0
08-22 16:51:25.787 D/MpvBridgeModule( 8531): [PlaybackTrace][Bridge][getPlaybackState] ptr=131217388029824 state=playing idle=false eof=false pause=false
08-22 16:51:25.811 I/MpvBridgeModule( 8531): [PlaybackTrace][Bridge][play] ptr=131217388029824
08-22 16:51:25.811 I/MpvBridgeModule( 8531): [PlaybackTrace][Bridge][play] nativePlay returned
08-22 16:51:26.047 E/MpvBridgeModule( 8531): [PlaybackTrace][Bridge][listener:error] code=-1 message=tls: mbedtls_ssl_handshake returned -0x6600
08-22 16:51:26.067 D/MpvBridgeModule( 8531): [PlaybackTrace][Bridge][getPosition] ptr=131217388029824 position=0.0
08-22 16:51:26.067 D/MpvBridgeModule( 8531): [PlaybackTrace][Bridge][getDuration] ptr=131217388029824 duration=0.0
08-22 16:51:26.067 D/MpvBridgeModule( 8531): [PlaybackTrace][Bridge][getPlaybackState] ptr=131217388029824 state=playing idle=false eof=false pause=false
08-22 16:51:26.071 E/MpvBridgeModule( 8531): [PlaybackTrace][Bridge][listener:error] code=-1 message=Failed to open https://prod-1.storage.jamendo.com/?trackid=171&format=mp31&from=8CSIkMvwtD6jzKZ%2BPEaUMQ%3D%3D%7Cj5s5oI6ivq8l2vQOXyWixQ%3D%3D.
08-22 16:51:26.104 E/MpvBridgeModule( 8531): [PlaybackTrace][Bridge][listener:error] code=-1 message=Subprocess failed: init
08-22 16:51:26.105 I/MpvBridgeModule( 8531): [PlaybackTrace][Bridge][listener:event] name=endFile payload={"reason":4,"error":-13}
08-22 16:51:26.107 E/MpvBridgeModule( 8531): [PlaybackTrace][Bridge][listener:error] code=-1 message=
08-22 16:51:26.109 E/MpvBridgeModule( 8531): [PlaybackTrace][Bridge][listener:error] code=-1 message=youtube-dl failed: not found or not enough permissions
08-22 16:51:26.111 D/MpvBridgeModule( 8531): [PlaybackTrace][Bridge][getDuration] ptr=131217388029824 duration=0.0
08-22 16:51:26.239 I/MpvBridgeModule( 8531): [PlaybackTrace][Bridge][loadFile] requested=https://prod-1.storage.jamendo.com/?trackid=171&format=mp31&from=8CSIkMvwtD6jzKZ%2BPEaUMQ%3D%3D%7Cj5s5oI6ivq8l2vQOXyWixQ%3D%3D resolved=https://prod-1.storage.jamendo.com/?trackid=171&format=mp31&from=8CSIkMvwtD6jzKZ%2BPEaUMQ%3D%3D%7Cj5s5oI6ivq8l2vQOXyWixQ%3D%3D ptr=131217388029824
08-22 16:51:26.239 I/MpvBridgeModule( 8531): [PlaybackTrace][Bridge][loadFile] nativeLoadFile returned
08-22 16:51:26.241 I/MpvBridgeModule( 8531): [PlaybackTrace][Bridge][listener:event] name=startFile payload={}
08-22 16:51:26.243 I/MpvBridgeModule( 8531): [PlaybackTrace][Bridge][play] ptr=131217388029824
08-22 16:51:26.247 I/MpvBridgeModule( 8531): [PlaybackTrace][Bridge][play] nativePlay returned
08-22 16:51:26.336 I/MpvBridgeModule( 8531): [PlaybackTrace][Bridge][loadFile] requested=https://prod-1.storage.jamendo.com/?trackid=171&format=mp31&from=8CSIkMvwtD6jzKZ%2BPEaUMQ%3D%3D%7Cj5s5oI6ivq8l2vQOXyWixQ%3D%3D resolved=https://prod-1.storage.jamendo.com/?trackid=171&format=mp31&from=8CSIkMvwtD6jzKZ%2BPEaUMQ%3D%3D%7Cj5s5oI6ivq8l2vQOXyWixQ%3D%3D ptr=131217388029824
08-22 16:51:26.337 I/MpvBridgeModule( 8531): [PlaybackTrace][Bridge][loadFile] nativeLoadFile returned
08-22 16:51:26.339 I/MpvBridgeModule( 8531): [PlaybackTrace][Bridge][play] ptr=131217388029824
08-22 16:51:26.339 I/MpvBridgeModule( 8531): [PlaybackTrace][Bridge][play] nativePlay returned
08-22 16:51:26.355 I/MpvBridgeModule( 8531): [PlaybackTrace][Bridge][loadFile] requested=https://prod-1.storage.jamendo.com/?trackid=171&format=mp31&from=8CSIkMvwtD6jzKZ%2BPEaUMQ%3D%3D%7Cj5s5oI6ivq8l2vQOXyWixQ%3D%3D resolved=https://prod-1.storage.jamendo.com/?trackid=171&format=mp31&from=8CSIkMvwtD6jzKZ%2BPEaUMQ%3D%3D%7Cj5s5oI6ivq8l2vQOXyWixQ%3D%3D ptr=131217388029824
08-22 16:51:26.357 I/MpvBridgeModule( 8531): [PlaybackTrace][Bridge][listener:event] name=endFile payload={"reason":2,"error":0}
08-22 16:51:26.359 I/MpvBridgeModule( 8531): [PlaybackTrace][Bridge][listener:event] name=startFile payload={}
08-22 16:51:26.359 I/MpvBridgeModule( 8531): [PlaybackTrace][Bridge][loadFile] nativeLoadFile returned
08-22 16:51:26.361 I/MpvBridgeModule( 8531): [PlaybackTrace][Bridge][play] ptr=131217388029824
08-22 16:51:26.361 I/MpvBridgeModule( 8531): [PlaybackTrace][Bridge][play] nativePlay returned
08-22 16:51:26.519 I/MpvBridgeModule( 8531): [PlaybackTrace][Bridge][play] ptr=131217388029824
08-22 16:51:26.519 I/MpvBridgeModule( 8531): [PlaybackTrace][Bridge][play] nativePlay returned
08-22 16:51:26.619 I/MpvBridgeModule( 8531): [PlaybackTrace][Bridge][play] ptr=131217388029824
08-22 16:51:26.620 I/MpvBridgeModule( 8531): [PlaybackTrace][Bridge][play] nativePlay returned
08-22 16:51:26.636 I/MpvBridgeModule( 8531): [PlaybackTrace][Bridge][play] ptr=131217388029824
08-22 16:51:26.636 I/MpvBridgeModule( 8531): [PlaybackTrace][Bridge][play] nativePlay returned
08-22 16:51:26.802 D/MpvBridgeModule( 8531): [PlaybackTrace][Bridge][getPosition] ptr=131217388029824 position=0.0
08-22 16:51:26.802 D/MpvBridgeModule( 8531): [PlaybackTrace][Bridge][getDuration] ptr=131217388029824 duration=0.0
08-22 16:51:26.803 D/MpvBridgeModule( 8531): [PlaybackTrace][Bridge][getPlaybackState] ptr=131217388029824 state=playing idle=false eof=false pause=false
08-22 16:51:26.871 I/MpvBridgeModule( 8531): [PlaybackTrace][Bridge][loadFile] requested=https://prod-1.storage.jamendo.com/?trackid=171&format=mp31&from=8CSIkMvwtD6jzKZ%2BPEaUMQ%3D%3D%7Cj5s5oI6ivq8l2vQOXyWixQ%3D%3D resolved=https://prod-1.storage.jamendo.com/?trackid=171&format=mp31&from=8CSIkMvwtD6jzKZ%2BPEaUMQ%3D%3D%7Cj5s5oI6ivq8l2vQOXyWixQ%3D%3D ptr=131217388029824
08-22 16:51:26.872 I/MpvBridgeModule( 8531): [PlaybackTrace][Bridge][loadFile] nativeLoadFile returned
08-22 16:51:26.874 I/MpvBridgeModule( 8531): [PlaybackTrace][Bridge][play] ptr=131217388029824
08-22 16:51:26.874 I/MpvBridgeModule( 8531): [PlaybackTrace][Bridge][play] nativePlay returned
08-22 16:51:26.885 E/MpvBridgeModule( 8531): [PlaybackTrace][Bridge][listener:error] code=-1 message=tls: mbedtls_ssl_handshake returned -0x7280
08-22 16:51:26.887 I/MpvBridgeModule( 8531): [PlaybackTrace][Bridge][listener:event] name=endFile payload={"reason":2,"error":0}
08-22 16:51:26.889 I/MpvBridgeModule( 8531): [PlaybackTrace][Bridge][listener:event] name=startFile payload={}
08-22 16:51:26.905 I/MpvBridgeModule( 8531): [PlaybackTrace][Bridge][loadFile] requested=https://prod-1.storage.jamendo.com/?trackid=171&format=mp31&from=8CSIkMvwtD6jzKZ%2BPEaUMQ%3D%3D%7Cj5s5oI6ivq8l2vQOXyWixQ%3D%3D resolved=https://prod-1.storage.jamendo.com/?trackid=171&format=mp31&from=8CSIkMvwtD6jzKZ%2BPEaUMQ%3D%3D%7Cj5s5oI6ivq8l2vQOXyWixQ%3D%3D ptr=131217388029824
08-22 16:51:26.905 I/MpvBridgeModule( 8531): [PlaybackTrace][Bridge][loadFile] nativeLoadFile returned
08-22 16:51:26.907 I/MpvBridgeModule( 8531): [PlaybackTrace][Bridge][play] ptr=131217388029824
08-22 16:51:26.908 I/MpvBridgeModule( 8531): [PlaybackTrace][Bridge][play] nativePlay returned
08-22 16:51:26.996 I/MpvBridgeModule( 8531): [PlaybackTrace][Bridge][listener:event] name=endFile payload={"reason":2,"error":0}
08-22 16:51:26.997 I/MpvBridgeModule( 8531): [PlaybackTrace][Bridge][listener:event] name=startFile payload={}
08-22 16:51:27.073 D/MpvBridgeModule( 8531): [PlaybackTrace][Bridge][getPosition] ptr=131217388029824 position=0.0
08-22 16:51:27.073 D/MpvBridgeModule( 8531): [PlaybackTrace][Bridge][getDuration] ptr=131217388029824 duration=0.0
08-22 16:51:27.075 D/MpvBridgeModule( 8531): [PlaybackTrace][Bridge][getPlaybackState] ptr=131217388029824 state=playing idle=false eof=false pause=false
08-22 16:51:27.157 I/MpvBridgeModule( 8531): [PlaybackTrace][Bridge][play] ptr=131217388029824
08-22 16:51:27.157 I/MpvBridgeModule( 8531): [PlaybackTrace][Bridge][play] nativePlay returned
08-22 16:51:27.190 I/MpvBridgeModule( 8531): [PlaybackTrace][Bridge][play] ptr=131217388029824
08-22 16:51:27.192 I/MpvBridgeModule( 8531): [PlaybackTrace][Bridge][play] nativePlay returned
08-22 16:51:27.267 I/MpvBridgeModule( 8531): [PlaybackTrace][Bridge][loadFile] requested=https://prod-1.storage.jamendo.com/?trackid=171&format=mp31&from=8CSIkMvwtD6jzKZ%2BPEaUMQ%3D%3D%7Cj5s5oI6ivq8l2vQOXyWixQ%3D%3D resolved=https://prod-1.storage.jamendo.com/?trackid=171&format=mp31&from=8CSIkMvwtD6jzKZ%2BPEaUMQ%3D%3D%7Cj5s5oI6ivq8l2vQOXyWixQ%3D%3D ptr=131217388029824
08-22 16:51:27.268 I/MpvBridgeModule( 8531): [PlaybackTrace][Bridge][loadFile] nativeLoadFile returned
08-22 16:51:27.278 I/MpvBridgeModule( 8531): [PlaybackTrace][Bridge][play] ptr=131217388029824
08-22 16:51:27.279 I/MpvBridgeModule( 8531): [PlaybackTrace][Bridge][play] nativePlay returned
08-22 16:51:27.289 E/MpvBridgeModule( 8531): [PlaybackTrace][Bridge][listener:error] code=-1 message=tls: mbedtls_ssl_handshake returned -0x7280
08-22 16:51:27.295 I/MpvBridgeModule( 8531): [PlaybackTrace][Bridge][listener:event] name=endFile payload={"reason":2,"error":0}
08-22 16:51:27.299 I/MpvBridgeModule( 8531): [PlaybackTrace][Bridge][listener:event] name=startFile payload={}
08-22 16:51:27.327 D/MpvBridgeModule( 8531): [PlaybackTrace][Bridge][getDuration] ptr=131217388029824 duration=0.0
08-22 16:51:27.889 I/MpvBridgeModule( 8531): [PlaybackTrace][Bridge][play] ptr=131217388029824
08-22 16:51:27.890 I/MpvBridgeModule( 8531): [PlaybackTrace][Bridge][play] nativePlay returned
08-22 16:51:27.894 I/MpvBridgeModule( 8531): [PlaybackTrace][Bridge][loadFile] requested=https://prod-1.storage.jamendo.com/?trackid=171&format=mp31&from=8CSIkMvwtD6jzKZ%2BPEaUMQ%3D%3D%7Cj5s5oI6ivq8l2vQOXyWixQ%3D%3D resolved=https://prod-1.storage.jamendo.com/?trackid=171&format=mp31&from=8CSIkMvwtD6jzKZ%2BPEaUMQ%3D%3D%7Cj5s5oI6ivq8l2vQOXyWixQ%3D%3D ptr=131217388029824
08-22 16:51:27.896 I/MpvBridgeModule( 8531): [PlaybackTrace][Bridge][loadFile] nativeLoadFile returned
08-22 16:51:27.910 I/MpvBridgeModule( 8531): [PlaybackTrace][Bridge][play] ptr=131217388029824
08-22 16:51:27.911 I/MpvBridgeModule( 8531): [PlaybackTrace][Bridge][play] nativePlay returned
08-22 16:51:27.917 D/MpvBridgeModule( 8531): [PlaybackTrace][Bridge][getPosition] ptr=131217388029824 position=0.0
08-22 16:51:27.919 D/MpvBridgeModule( 8531): [PlaybackTrace][Bridge][getDuration] ptr=131217388029824 duration=0.0
08-22 16:51:27.920 D/MpvBridgeModule( 8531): [PlaybackTrace][Bridge][getPlaybackState] ptr=131217388029824 state=playing idle=false eof=false pause=false
08-22 16:51:27.936 I/MpvBridgeModule( 8531): [PlaybackTrace][Bridge][listener:event] name=endFile payload={"reason":2,"error":0}
08-22 16:51:27.939 I/MpvBridgeModule( 8531): [PlaybackTrace][Bridge][listener:event] name=startFile payload={}
08-22 16:51:28.094 D/MpvBridgeModule( 8531): [PlaybackTrace][Bridge][getPosition] ptr=131217388029824 position=0.0
08-22 16:51:28.096 D/MpvBridgeModule( 8531): [PlaybackTrace][Bridge][getDuration] ptr=131217388029824 duration=0.0
08-22 16:51:28.097 D/MpvBridgeModule( 8531): [PlaybackTrace][Bridge][getPlaybackState] ptr=131217388029824 state=playing idle=false eof=false pause=false
08-22 16:51:28.194 I/MpvBridgeModule( 8531): [PlaybackTrace][Bridge][play] ptr=131217388029824
08-22 16:51:28.194 I/MpvBridgeModule( 8531): [PlaybackTrace][Bridge][play] nativePlay returned
08-22 16:51:28.376 I/MpvBridgeModule( 8531): [PlaybackTrace][Bridge][loadFile] requested=https://prod-1.storage.jamendo.com/?trackid=171&format=mp31&from=8CSIkMvwtD6jzKZ%2BPEaUMQ%3D%3D%7Cj5s5oI6ivq8l2vQOXyWixQ%3D%3D resolved=https://prod-1.storage.jamendo.com/?trackid=171&format=mp31&from=8CSIkMvwtD6jzKZ%2BPEaUMQ%3D%3D%7Cj5s5oI6ivq8l2vQOXyWixQ%3D%3D ptr=131217388029824
08-22 16:51:28.378 I/MpvBridgeModule( 8531): [PlaybackTrace][Bridge][loadFile] nativeLoadFile returned
08-22 16:51:28.397 I/MpvBridgeModule( 8531): [PlaybackTrace][Bridge][play] ptr=131217388029824
08-22 16:51:28.409 I/MpvBridgeModule( 8531): [PlaybackTrace][Bridge][play] nativePlay returned
08-22 16:51:28.412 I/MpvBridgeModule( 8531): [PlaybackTrace][Bridge][loadFile] requested=https://prod-1.storage.jamendo.com/?trackid=171&format=mp31&from=8CSIkMvwtD6jzKZ%2BPEaUMQ%3D%3D%7Cj5s5oI6ivq8l2vQOXyWixQ%3D%3D resolved=https://prod-1.storage.jamendo.com/?trackid=171&format=mp31&from=8CSIkMvwtD6jzKZ%2BPEaUMQ%3D%3D%7Cj5s5oI6ivq8l2vQOXyWixQ%3D%3D ptr=131217388029824
08-22 16:51:28.412 I/MpvBridgeModule( 8531): [PlaybackTrace][Bridge][loadFile] nativeLoadFile returned
08-22 16:51:28.415 I/MpvBridgeModule( 8531): [PlaybackTrace][Bridge][play] ptr=131217388029824
08-22 16:51:28.427 E/MpvBridgeModule( 8531): [PlaybackTrace][Bridge][listener:error] code=-1 message=tls: mbedtls_ssl_handshake returned -0x7280
08-22 16:51:28.435 I/MpvBridgeModule( 8531): [PlaybackTrace][Bridge][listener:event] name=endFile payload={"reason":2,"error":0}
08-22 16:51:28.436 I/MpvBridgeModule( 8531): [PlaybackTrace][Bridge][play] nativePlay returned
08-22 16:51:28.444 I/MpvBridgeModule( 8531): [PlaybackTrace][Bridge][listener:event] name=startFile payload={}
