08-22 18:06:21.055 W/unknown:ViewManagerPropertyUpdater(20777): Could not find generated setter for class com.simba.player.mpv.MpvRenderViewManager
08-22 18:06:23.142 I/ReactNativeJS(20777): Running "SimbaPlayer" with {"rootTag":1,"initialProps":{},"fabric":true}
08-22 18:06:24.126 I/ReactNativeJS(20777): [AUTH] cold-start restoreSession: starting silent restore
08-22 18:06:24.897 W/ReactNativeJS(20777): 'Selector unknown returned a different result when called with the same parameters. This can lead to unnecessary rerenders.\nSelectors that return a new reference (such as an object or an array) should be memoized: https://redux.js.org/usage/deriving-data-selectors#optimizing-selectors-with-memoization', { state:
08-22 18:06:24.897 W/ReactNativeJS(20777): { player:
08-22 18:06:24.897 W/ReactNativeJS(20777): { currentFile:
08-22 18:06:24.897 W/ReactNativeJS(20777): { uri: 'https://prod-1.storage.jamendo.com/?trackid=1593988&format=mp31&from=%2FV3E9Qwm8kkOD6hbkNYXkg%3D%3D%7CMJJdmScXeWFhFQqasgwXjQ%3D%3D',
08-22 18:06:24.897 W/ReactNativeJS(20777): title: 'Lofi Chillout Hip Hop Beat',
08-22 18:06:24.897 W/ReactNativeJS(20777): duration: 0,
08-22 18:06:24.897 W/ReactNativeJS(20777): source: 'api',
08-22 18:06:24.897 W/ReactNativeJS(20777): type: 'music',
08-22 18:06:24.897 W/ReactNativeJS(20777): mediaType: 'audio',
08-22 18:06:24.897 W/ReactNativeJS(20777): provider: 'jamendo',
08-22 18:06:24.897 W/ReactNativeJS(20777): artworkUri: 'file:///data/user/0/com.simba.player/cache/artCache/3lffo4-26.jpg' },
08-22 18:06:24.897 W/ReactNativeJS(20777): playlist: [],
08-22 18:06:24.897 W/ReactNativeJS(20777): queue: [],
08-22 18:06:24.897 W/ReactNativeJS(20777): playbackHistory: [],
08-22 18:06:24.897 W/ReactNativeJS(20777): currentIndex: -1,
08-22 18:06:24.897 W/ReactNativeJS(20777): playbackState: 'paused',
08-22 18:06:24.897 W/ReactNativeJS(20777): currentPosition: 0,
08-22 18:06:24.897 W/ReactNativeJS(20777): duration: 0,
08-22 18:06:24.897 W/ReactNativeJS(20777): volume: 1,
08-22 18:06:24.897 W/ReactNativeJS(20777): isFullscreen: false,
08-22 18:06:24.897 W/ReactNativeJS(20777): loopMode: 'none',
08-22 18:06:24.897 W/ReactNativeJS(20777): shuffle: false,
08-22 18:06:24.897 W/ReactNativeJS(20777): playbackSpeed: 1,
08-22 18:06:24.897 W/ReactNativeJS(20777): sleepTimerEndTime: null,
08-22 18:06:24.897 W/ReactNativeJS(20777): sleepTimerMode: 'time',
08-22 18:06:24.897 W/ReactNativeJS(20777): equalizerGains: [ 0, 0, 0, 0, 0, 0, 0, 0, 0, 0 ],
08-22 18:06:24.897 W/ReactNativeJS(20777): equalizerEnabled: false,
08-22 18:06:24.897 W/ReactNativeJS(20777): selectedQueueIndices: [] },
08-22 18:06:24.897 W/ReactNativeJS(20777): settings:
08-22 18:06:24.897 W/ReactNativeJS(20777): { themeMode: 'system',
08-22 18:06:24.897 W/ReactNativeJS(20777): repeatMode: 'off',
08-22 18:06:24.897 W/ReactNativeJS(20777): playbackSpeed: 1,
08-22 18:06:24.897 W/ReactNativeJS(20777): sleepTimerMinutes: 0,
08-22 18:06:24.897 W/ReactNativeJS(20777): isShuffleOn: false,
08-22 18:06:24.897 W/ReactNativeJS(20777): rememberPlaybackPosition: true,
08-22 18:06:24.897 W/ReactNativeJS(20777): isAudioNormalizationEnabled: false,
08-22 18:06:24.897 W/ReactNativeJS(20777): isDialogueBoostEnabled: false,
08-22 18:06:24.897 W/ReactNativeJS(20777): isHardwareAccelerationEnabled: true,
08-22 18:06:24.897 W/ReactNativeJS(20777): isAutoLoadSubtitlesEnabled: true,
08-22 18:06:24.897 W/ReactNativeJS(20777): preferredLanguages: 'eng, jpn, und',
08-22 18:06:24.897 W/ReactNativeJS(20777): externalSubtitleDirectories: './subs, ./subtitles',
08-22 18:06:24.897 W/ReactNativeJS(20777): subtitleFontSize: 16,
08-22 18:06:24.897 W/ReactNativeJS(20777): subtitleTextColor: '#FFFFFF',
08-22 18:06:24.897 W/ReactNativeJS(20777): subtitleBackgroundOpacity: 0.5,
08-22 18:06:24.897 W/ReactNativeJS(20777): skipSilenceEnabled: false,
08-22 18:06:24.897 W/ReactNativeJS(20777): sampleRate: 0,
08-22 18:06:24.897 W/ReactNativeJS(20777): replayGain: 'no',
08-22 18:06:24.897 W/ReactNativeJS(20777): gaplessPlayback: false,
08-22 18:06:24.897 W/ReactNativeJS(20777): audioDelay: 0,
08-22 18:06:24.897 W/ReactNativeJS(20777): eqEnabled: false,
08-22 18:06:24.897 W/ReactNativeJS(20777): eqPreset: 'Flat',
08-22 18:06:24.897 W/ReactNativeJS(20777): eqGains: [ 0, 0, 0, 0, 0, 0, 0, 0, 0, 0 ],
08-22 18:06:24.897 W/ReactNativeJS(20777): videoFolders: [],
08-22 18:06:24.897 W/ReactNativeJS(20777): audioFolders: [],
08-22 18:06:24.897 W/ReactNativeJS(20777): linkedFolders: [],
08-22 18:06:24.897 W/ReactNativeJS(20777): lastScanTimestamp: null,
08-22 18:06:24.897 W/ReactNativeJS(20777): isScanning: false,
08-22 18:06:24.897 W/ReactNativeJS(20777): mpvOptions: [],
08-22 18:06:24.897 W/ReactNativeJS(20777): hasLaunched: true,
08-22 18:06:24.897 W/ReactNativeJS(20777): largerControls: false,
08-22 18:06:24.897 W/ReactNativeJS(20777): highContrastSubtitles: false,
08-22 18:06:24.897 W/ReactNativeJS(20777): scanOnLaunch: false,
08-22 18:06:24.897 W/ReactNativeJS(20777): notificationsEnabled: true,
08-22 18:06:24.897 W/ReactNativeJS(20777): appLanguage: 'system',
08-22 18:06:24.897 W/ReactNativeJS(20777): autoDeleteDownloads: 0,
08-22 18:06:24.897 W/ReactNativeJS(20777): homeCity: '' },
08-22 18:06:24.897 W/ReactNativeJS(20777): session:
08-22 18:06:24.897 W/ReactNativeJS(20777): { playCounts: { 'https://prod-1.storage.jamendo.com/?trackid=1593988&format=mp31&from=%2FV3E9Qwm8kkOD6hbkNYXkg%3D%3D%7CMJJdmScXeWFhFQqasgwXjQ%3D%3D': 1 },
08-22 18:06:24.897 W/ReactNativeJS(20777): mediaLibrary:
08-22 18:06:24.897 W/ReactNativeJS(20777): [ { fileUri: 'https://prod-1.storage.jamendo.com/?trackid=1593988&format=mp31&from=%2FV3E9Qwm8kkOD6hbkNYXkg%3D%3D%7CMJJdmScXeWFhFQqasgwXjQ%3D%3D',
08-22 18:06:24.897 W/ReactNativeJS(20777): title: 'Lofi Chillout Hip Hop Beat',
08-22 18:06:24.897 W/ReactNativeJS(20777): duration: 149.69603333333333,
08-22 18:06:24.897 W/ReactNativeJS(20777): source: 'api',
08-22 18:06:24.897 W/ReactNativeJS(20777): type: 'music',
08-22 18:06:24.897 W/ReactNativeJS(20777): mediaType: 'audio',
08-22 18:06:24.897 W/ReactNativeJS(20777): provider: 'jamendo',
08-22 18:06:24.897 W/ReactNativeJS(20777): dateAdded: '2026-08-22T12:10:58.559Z' } ] },
08-22 18:06:24.897 W/ReactNativeJS(20777): playlists: { playlists: [] },
08-22 18:06:24.897 W/ReactNativeJS(20777): pip:
08-22 18:06:24.897 W/ReactNativeJS(20777): { isInPipMode: false,
08-22 18:06:24.897 W/ReactNativeJS(20777): surfaceUri: null,
08-22 18:06:24.897 W/ReactNativeJS(20777): pipedFileTitle: null,
08-22 18:06:24.897 W/ReactNativeJS(20777): chapterTitle: null,
08-22 18:06:24.897 W/ReactNativeJS(20777): chapterIndex: -1,
08-22 18:06:24.897 W/ReactNativeJS(20777): progressPercentage: '0 %' },
08-22 18:06:24.897 W/ReactNativeJS(20777): media:
08-22 18:06:24.897 W/ReactNativeJS(20777): { tracks: [],
08-22 18:06:24.897 W/ReactNativeJS(20777): isScanning: false,
08-22 18:06:24.897 W/ReactNativeJS(20777): cancelRequested: false,
08-22 18:06:24.897 W/ReactNativeJS(20777): scanProgress:
08-22 18:06:24.897 W/ReactNativeJS(20777): { currentFolder: null,
08-22 18:06:24.897 W/ReactNativeJS(20777): filesFound: 0,
08-22 18:06:24.897 W/ReactNativeJS(20777): totalFiles: 0,
08-22 18:06:24.897 W/ReactNativeJS(20777): percentComplete: 0 },
08-22 18:06:24.897 W/ReactNativeJS(20777): scanHistory:
08-22 18:06:24.897 W/ReactNativeJS(20777): { lastScanTime: null,
08-22 18:06:24.897 W/ReactNativeJS(20777): filesAdded: 0,
08-22 18:06:24.897 W/ReactNativeJS(20777): filesRemoved: 0,
08-22 18:06:24.897 W/ReactNativeJS(20777): errorsCount: 0,
08-22 18:06:24.897 W/ReactNativeJS(20777): unsupportedCount: 0 },
08-22 18:06:24.897 W/ReactNativeJS(20777): searchIndex: {} },
08-22 18:06:24.897 W/ReactNativeJS(20777): auth:
08-22 18:06:24.897 W/ReactNativeJS(20777): { user:
08-22 18:06:24.897 W/ReactNativeJS(20777): { id: '107368191704644775546',
08-22 18:06:24.897 W/ReactNativeJS(20777): name: 'Paval EP',
08-22 18:06:24.897 W/ReactNativeJS(20777): email: 'pavalep@gmail.com',
08-22 18:06:24.898 W/ReactNativeJS(20777): photo: 'https://lh3.googleusercontent.com/a/ACg8ocKPW8izhGkENzCRf__xjdvKLyx3D2kpLHIodl2XQ5LeHa-7BXdv=s96-c' },
08-22 18:06:24.898 W/ReactNativeJS(20777): isAuthenticated: true,
08-22 18:06:24.898 W/ReactNativeJS(20777): isLoading: false,
08-22 18:06:24.898 W/ReactNativeJS(20777): isRestoring: true,
08-22 18:06:24.898 W/ReactNativeJS(20777): error: null,
08-22 18:06:24.898 W/ReactNativeJS(20777): errorKind: null,
08-22 18:06:24.898 W/ReactNativeJS(20777): lastSignedInAt: 1787399814738,
08-22 18:06:24.898 W/ReactNativeJS(20777): sessionExpiresAt: 1789991814738 },
08-22 18:06:24.898 W/ReactNativeJS(20777): bookmark: { items: [] },
08-22 18:06:24.898 W/ReactNativeJS(20777): followedPodcasts: { items: [] },
08-22 18:06:24.898 W/ReactNativeJS(20777): liveFavorites: { items: [] },
08-22 18:06:24.898 W/ReactNativeJS(20777): downloads: { records: [] },
08-22 18:06:24.898 W/ReactNativeJS(20777): weather:
08-22 18:06:24.898 W/ReactNativeJS(20777): { status: 'success',
08-22 18:06:24.898 W/ReactNativeJS(20777): snapshot:
08-22 18:06:24.898 W/ReactNativeJS(20777): { condition: 'partlyCloudy',
08-22 18:06:24.898 W/ReactNativeJS(20777): description: 'Mainly clear',
08-22 18:06:24.898 W/ReactNativeJS(20777): temperatureC: 14,
08-22 18:06:24.898 W/ReactNativeJS(20777): isDay: false,
08-22 18:06:24.898 W/ReactNativeJS(20777): cityName: 'San Jose',
08-22 18:06:24.898 W/ReactNativeJS(20777): source: 'coords',
08-22 18:06:24.898 W/ReactNativeJS(20777): fetchedAt: 1787399164330 },
08-22 18:06:24.898 W/ReactNativeJS(20777): fetchedAt: 1787399164330,
08-22 18:06:24.898 W/ReactNativeJS(20777): error: null },
08-22 18:06:24.898 W/ReactNativeJS(20777): recentHistory:
08-22 18:06:24.898 W/ReactNativeJS(20777): { entries:
08-22 18:06:24.898 W/ReactNativeJS(20777): [ { fileUri: 'https://prod-1.storage.jamendo.com/?trackid=1593988&format=mp31&from=%2FV3E9Qwm8kkOD6hbkNYXkg%3D%3D%7CMJJdmScXeWFhFQqasgwXjQ%3D%3D',
08-22 18:06:24.898 W/ReactNativeJS(20777): title: 'Lofi Chillout Hip Hop Beat',
08-22 18:06:24.898 W/ReactNativeJS(20777): position: 149.69603245463844,
08-22 18:06:24.898 W/ReactNativeJS(20777): duration: 149.69603333333333,
08-22 18:06:24.898 W/ReactNativeJS(20777): lastPlayedAt: '2026-08-22T12:10:58.406Z',
08-22 18:06:24.898 W/ReactNativeJS(20777): thumbnailPath: 'file:///data/user/0/com.simba.player/cache/artCache/3lffo4-26.jpg',
08-22 18:06:24.898 W/ReactNativeJS(20777): source: 'api',
08-22 18:06:24.898 W/ReactNativeJS(20777): type: 'music',
08-22 18:06:24.898 W/ReactNativeJS(20777): mediaType: 'audio',
08-22 18:06:24.898 W/ReactNativeJS(20777): provider: 'jamendo' } ] },
08-22 18:06:24.898 W/ReactNativeJS(20777): _persist: { version: -1, rehydrated: true } },
08-22 18:06:24.898 W/ReactNativeJS(20777): selected: [],
08-22 18:06:24.898 W/ReactNativeJS(20777): selected2: [],
08-22 18:06:24.898 W/ReactNativeJS(20777): stack: 'Error\n at anonymous (http://10.0.2.2:8081/index.bundle//&platform=android&dev=true&lazy=true&minify=false&app=com.simba.player&modulesOnly=false&runModule=true&excludeSource=true&sourcePaths=url-server:169212:34)\n at memoizedSelector (http://10.0.2.2:8081/index.bundle//&platform=android&dev=true&lazy=true&minify=false&app=com.simba.player&modulesOnly=false&runModule=true&excludeSource=true&sourcePaths=url-server:169376:36)\n at anonymous (http://10.0.2.2:8081/index.bundle//&platform=android&dev=true&lazy=true&minify=false&app=com.simba.player&modulesOnly=false&runModule=true&excludeSource=true&sourcePaths=url-server:169395:34)\n at mountSyncExternalStore (http://10.0.2.2:8081/index.bundle//&platform=android&dev=true&lazy=true&minify=false&app=com.simba.player&modulesOnly=false&runModule=true&excludeSource=true&sourcePaths=url-server:13087:37)\n at useSyncExternalStore (http://10.0.2.2:8081/index.bundle//&platform=android&dev=true&lazy=true&minify=false&app=com.simba.player&modulesOnly=false&runModule=true&excludeSource=true&sourcePaths=url-server:18453:38)\n at anonymous (http://10.0.2.2:8081/index.bundle//&platform=android&dev=true&lazy=true&minify=false&app=com.simba.player&modulesOnly=false&runModule=true&excludeSource=true&sourcePaths=url-server:3126:54)\n at anonymous (http://10.0.2.2:8081/index.bundle//&platform=android&dev=true&lazy=true&minify=false&app=com.simba.player&modulesOnly=false&runModule=true&excludeSource=true&sourcePaths=url-server:169400:39)\n at useSelector2 (http://10.0.2.2:8081/index.bundle//&platform=android&dev=true&lazy=true&minify=false&app=com.simba.player&modulesOnly=false&runModule=true&excludeSource=true&sourcePaths=url-server:169244:139)\n at useBookmarks (http://10.0.2.2:8081/index.bundle//&platform=android&dev=true&lazy=true&minify=false&app=com.simba.player&modulesOnly=false&runModule=true&excludeSource=true&sourcePaths=url-server:173211:93)\n at useHomeScreen (http://10.0.2.2:8081/index.bundle//&platform=android&dev=true&lazy=true&minify=false&app=com.simba.player&modulesOnly=false&runModule=true&excludeSource=true&sourcePaths=url-server:217216:105)\n at HomeScreen (http://10.0.2.2:8081/index.bundle//&platform=android&dev=true&lazy=true&minify=false&app=com.simba.player&modulesOnly=false&runModule=true&excludeSource=true&sourcePaths=url-server:216880:100)\n at react_stack_bottom_frame (http://10.0.2.2:8081/index.bundle//&platform=android&dev=true&lazy=true&minify=false&app=com.simba.player&modulesOnly=false&runModule=true&excludeSource=true&sourcePaths=url-server:18154:29)\n at renderWithHooks (http://10.0.2.2:8081/index.bundle//&platform=android&dev=true&lazy=true&minify=false&app=com.simba.player&modulesOnly=false&runModule=true&excludeSource=true&sourcePaths=url-server:12790:40)\n at updateFunctionComponent (http://10.0.2.2:8081/index.bundle//&platform=android&dev=true&lazy=true&minify=false&app=com.simba.player&modulesOnly=false&runModule=true&excludeSource=true&sourcePaths=url-server:14076:34)\n at beginWork (http://10.0.2.2:8081/index.bundle//&platform=android&dev=true&lazy=true&minify=false&app=com.simba.player&modulesOnly=false&runModule=true&excludeSource=true&sourcePaths=url-server:14534:41)\n at run (native)\n at runWithFiberInDEV (http://10.0.2.2:8081/index.bundle//&platform=android&dev=true&lazy=true&minify=false&app=com.simba.player&modulesOnly=false&runModule=true&excludeSource=true&sourcePaths=url-server:10246:73)\n at performUnitOfWork (http://10.0.2.2:8081/index.bundle//&platform=android&dev=true&lazy=true&minify=false&app=com.simba.player&modulesOnly=false&runModule=true&excludeSource=true&sourcePaths=url-server:16594:97)\n at workLoopSync (http://10.0.2.2:8081/index.bundle//&platform=android&dev=true&lazy=true&minify=false&app=com.simba.player&modulesOnly=false&runModule=true&excludeSource=true&sourcePaths=url-server:16489:57)\n at renderRootSync (http://10.0.2.2:8081/index.bundle//&platform=android&dev=true&lazy=true&minify=false&app=com.simba.player
08-22 18:06:25.817 I/ReactNativeJS(20777): [startup] coldΓåÆinteractive=2677ms | store=543ms | rehydrate=748ms | appMount=n/a | navReady=n/a | firstScreen=2676ms
08-22 18:06:26.574 I/ReactNativeJS(20777): [AUTH] cold-start restoreSession: result=restored
08-22 18:06:26.586 I/ReactNativeJS(20777): Γöÿ ≡ƒÅ╖ auth/setUser (in 18:06:26.575, took 3.82ms)
08-22 18:06:26.594 I/ReactNativeJS(20777): Γöé '%c prev state', 'color: #9E9E9E; font-weight: bold', { player:
08-22 18:06:26.594 I/ReactNativeJS(20777): { currentFile:
08-22 18:06:26.594 I/ReactNativeJS(20777): { uri: 'https://prod-1.storage.jamendo.com/?trackid=1593988&format=mp31&from=%2FV3E9Qwm8kkOD6hbkNYXkg%3D%3D%7CMJJdmScXeWFhFQqasgwXjQ%3D%3D',
08-22 18:06:26.594 I/ReactNativeJS(20777): title: 'Lofi Chillout Hip Hop Beat',
08-22 18:06:26.594 I/ReactNativeJS(20777): duration: 0,
08-22 18:06:26.594 I/ReactNativeJS(20777): source: 'api',
08-22 18:06:26.594 I/ReactNativeJS(20777): type: 'music',
08-22 18:06:26.594 I/ReactNativeJS(20777): mediaType: 'audio',
08-22 18:06:26.594 I/ReactNativeJS(20777): provider: 'jamendo',
08-22 18:06:26.594 I/ReactNativeJS(20777): artworkUri: 'file:///data/user/0/com.simba.player/cache/artCache/3lffo4-26.jpg' },
08-22 18:06:26.594 I/ReactNativeJS(20777): playlist: [],
08-22 18:06:26.594 I/ReactNativeJS(20777): queue: [],
08-22 18:06:26.594 I/ReactNativeJS(20777): playbackHistory: [],
08-22 18:06:26.594 I/ReactNativeJS(20777): currentIndex: -1,
08-22 18:06:26.594 I/ReactNativeJS(20777): playbackState: 'paused',
08-22 18:06:26.594 I/ReactNativeJS(20777): currentPosition: 0,
08-22 18:06:26.594 I/ReactNativeJS(20777): duration: 0,
08-22 18:06:26.594 I/ReactNativeJS(20777): volume: 1,
08-22 18:06:26.594 I/ReactNativeJS(20777): isFullscreen: false,
08-22 18:06:26.594 I/ReactNativeJS(20777): loopMode: 'none',
08-22 18:06:26.594 I/ReactNativeJS(20777): shuffle: false,
08-22 18:06:26.594 I/ReactNativeJS(20777): playbackSpeed: 1,
08-22 18:06:26.594 I/ReactNativeJS(20777): sleepTimerEndTime: null,
08-22 18:06:26.594 I/ReactNativeJS(20777): sleepTimerMode: 'time',
08-22 18:06:26.594 I/ReactNativeJS(20777): equalizerGains: [ 0, 0, 0, 0, 0, 0, 0, 0, 0, 0 ],
08-22 18:06:26.594 I/ReactNativeJS(20777): equalizerEnabled: false,
08-22 18:06:26.594 I/ReactNativeJS(20777): selectedQueueIndices: [] },
08-22 18:06:26.594 I/ReactNativeJS(20777): settings:
08-22 18:06:26.594 I/ReactNativeJS(20777): { themeMode: 'system',
08-22 18:06:26.594 I/ReactNativeJS(20777): repeatMode: 'off',
08-22 18:06:26.594 I/ReactNativeJS(20777): playbackSpeed: 1,
08-22 18:06:26.594 I/ReactNativeJS(20777): sleepTimerMinutes: 0,
08-22 18:06:26.594 I/ReactNativeJS(20777): isShuffleOn: false,
08-22 18:06:26.594 I/ReactNativeJS(20777): rememberPlaybackPosition: true,
08-22 18:06:26.594 I/ReactNativeJS(20777): isAudioNormalizationEnabled: false,
08-22 18:06:26.594 I/ReactNativeJS(20777): isDialogueBoostEnabled: false,
08-22 18:06:26.594 I/ReactNativeJS(20777): isHardwareAccelerationEnabled: true,
08-22 18:06:26.594 I/ReactNativeJS(20777): isAutoLoadSubtitlesEnabled: true,
08-22 18:06:26.594 I/ReactNativeJS(20777): preferredLanguages: 'eng, jpn, und',
08-22 18:06:26.594 I/ReactNativeJS(20777): externalSubtitleDirectories: './subs, ./subtitles',
08-22 18:06:26.594 I/ReactNativeJS(20777): subtitleFontSize: 16,
08-22 18:06:26.594 I/ReactNativeJS(20777): subtitleTextColor: '#FFFFFF',
08-22 18:06:26.594 I/ReactNativeJS(20777): subtitleBackgroundOpacity: 0.5,
08-22 18:06:26.594 I/ReactNativeJS(20777): skipSilenceEnabled: false,
08-22 18:06:26.594 I/ReactNativeJS(20777): sampleRate: 0,
08-22 18:06:26.594 I/ReactNativeJS(20777): replayGain: 'no',
08-22 18:06:26.594 I/ReactNativeJS(20777): gaplessPlayback: false,
08-22 18:06:26.594 I/ReactNativeJS(20777): audioDelay: 0,
08-22 18:06:26.594 I/ReactNativeJS(20777): eqEnabled: false,
08-22 18:06:26.594 I/ReactNativeJS(20777): eqPreset: 'Flat',
08-22 18:06:26.594 I/ReactNativeJS(20777): eqGains: [ 0, 0, 0, 0, 0, 0, 0, 0, 0, 0 ],
08-22 18:06:26.594 I/ReactNativeJS(20777): videoFolders: [],
08-22 18:06:26.594 I/ReactNativeJS(20777): audioFolders: [],
08-22 18:06:26.594 I/ReactNativeJS(20777): linkedFolders: [],
08-22 18:06:26.594 I/ReactNativeJS(20777): lastScanTimestamp: null,
08-22 18:06:26.594 I/ReactNativeJS(20777): isScanning: false,
08-22 18:06:26.594 I/ReactNativeJS(20777): mpvOptions: [],
08-22 18:06:26.594 I/ReactNativeJS(20777): hasLaunched: true,
08-22 18:06:26.594 I/ReactNativeJS(20777): largerControls: false,
08-22 18:06:26.594 I/ReactNativeJS(20777): highContrastSubtitles: false,
08-22 18:06:26.594 I/ReactNativeJS(20777): scanOnLaunch: false,
08-22 18:06:26.594 I/ReactNativeJS(20777): notificationsEnabled: true,
08-22 18:06:26.594 I/ReactNativeJS(20777): appLanguage: 'system',
08-22 18:06:26.594 I/ReactNativeJS(20777): autoDeleteDownloads: 0,
08-22 18:06:26.594 I/ReactNativeJS(20777): homeCity: '' },
08-22 18:06:26.594 I/ReactNativeJS(20777): session:
08-22 18:06:26.594 I/ReactNativeJS(20777): { playCounts: { 'https://prod-1.storage.jamendo.com/?trackid=1593988&format=mp31&from=%2FV3E9Qwm8kkOD6hbkNYXkg%3D%3D%7CMJJdmScXeWFhFQqasgwXjQ%3D%3D': 1 },
08-22 18:06:26.594 I/ReactNativeJS(20777): mediaLibrary:
08-22 18:06:26.594 I/ReactNativeJS(20777): [ { fileUri: 'https://prod-1.storage.jamendo.com/?trackid=1593988&format=mp31&from=%2FV3E9Qwm8kkOD6hbkNYXkg%3D%3D%7CMJJdmScXeWFhFQqasgwXjQ%3D%3D',
08-22 18:06:26.594 I/ReactNativeJS(20777): title: 'Lofi Chillout Hip Hop Beat',
08-22 18:06:26.594 I/ReactNativeJS(20777): duration: 149.69603333333333,
08-22 18:06:26.594 I/ReactNativeJS(20777): source: 'api',
08-22 18:06:26.594 I/ReactNativeJS(20777): type: 'music',
08-22 18:06:26.594 I/ReactNativeJS(20777): mediaType: 'audio',
08-22 18:06:26.594 I/ReactNativeJS(20777): provider: 'jamendo',
08-22 18:06:26.594 I/ReactNativeJS(20777): dateAdded: '2026-08-22T12:10:58.559Z' } ] },
08-22 18:06:26.594 I/ReactNativeJS(20777): playlists: { playlists: [] },
08-22 18:06:26.594 I/ReactNativeJS(20777): pip:
08-22 18:06:26.594 I/ReactNativeJS(20777): { isInPipMode: false,
08-22 18:06:26.594 I/ReactNativeJS(20777): surfaceUri: null,
08-22 18:06:26.594 I/ReactNativeJS(20777): pipedFileTitle: null,
08-22 18:06:26.594 I/ReactNativeJS(20777): chapterTitle: null,
08-22 18:06:26.594 I/ReactNativeJS(20777): chapterIndex: -1,
08-22 18:06:26.594 I/ReactNativeJS(20777): progressPercentage: '0 %' },
08-22 18:06:26.594 I/ReactNativeJS(20777): media:
08-22 18:06:26.594 I/ReactNativeJS(20777): { tracks: [],
08-22 18:06:26.594 I/ReactNativeJS(20777): isScanning: false,
08-22 18:06:26.594 I/ReactNativeJS(20777): cancelRequested: false,
08-22 18:06:26.594 I/ReactNativeJS(20777): scanProgress:
08-22 18:06:26.594 I/ReactNativeJS(20777): { currentFolder: null,
08-22 18:06:26.594 I/ReactNativeJS(20777): filesFound: 0,
08-22 18:06:26.594 I/ReactNativeJS(20777): totalFiles: 0,
08-22 18:06:26.594 I/ReactNativeJS(20777): percentComplete: 0 },
08-22 18:06:26.594 I/ReactNativeJS(20777): scanHistory:
08-22 18:06:26.594 I/ReactNativeJS(20777): { lastScanTime: null,
08-22 18:06:26.594 I/ReactNativeJS(20777): filesAdded: 0,
08-22 18:06:26.594 I/ReactNativeJS(20777): filesRemoved: 0,
08-22 18:06:26.594 I/ReactNativeJS(20777): errorsCount: 0,
08-22 18:06:26.594 I/ReactNativeJS(20777): unsupportedCount: 0 },
08-22 18:06:26.594 I/ReactNativeJS(20777): searchIndex: {} },
08-22 18:06:26.594 I/ReactNativeJS(20777): auth:
08-22 18:06:26.594 I/ReactNativeJS(20777): { user:
08-22 18:06:26.594 I/ReactNativeJS(20777): { id: '107368191704644775546',
08-22 18:06:26.594 I/ReactNativeJS(20777): name: 'Paval EP',
08-22 18:06:26.594 I/ReactNativeJS(20777): email: 'pavalep@gmail.com',
08-22 18:06:26.594 I/ReactNativeJS(20777): photo: 'https://lh3.googleusercontent.com/a/ACg8ocKPW8izhGkENzCRf__xjdvKLyx3D2kpLHIodl2XQ5LeHa-7BXdv=s96-c' },
08-22 18:06:26.594 I/ReactNativeJS(20777): isAuthenticated: true,
08-22 18:06:26.594 I/ReactNativeJS(20777): isLoading: false,
08-22 18:06:26.594 I/ReactNativeJS(20777): isRestoring: true,
08-22 18:06:26.594 I/ReactNativeJS(20777): error: null,
08-22 18:06:26.594 I/ReactNativeJS(20777): errorKind: null,
08-22 18:06:26.594 I/ReactNativeJS(20777): lastSignedInAt: 1787399814738,
08-22 18:06:26.594 I/ReactNativeJS(20777): sessionExpiresAt: 1789991814738 },
08-22 18:06:26.594 I/ReactNativeJS(20777): bookmark: { items: [] },
08-22 18:06:26.594 I/ReactNativeJS(20777): followedPodcasts: { items: [] },
08-22 18:06:26.594 I/ReactNativeJS(20777): liveFavorites: { items: [] },
08-22 18:06:26.594 I/ReactNativeJS(20777): downloads: { records: [] },
08-22 18:06:26.594 I/ReactNativeJS(20777): weather:
08-22 18:06:26.594 I/ReactNativeJS(20777): { status: 'success',
08-22 18:06:26.594 I/ReactNativeJS(20777): snapshot:
08-22 18:06:26.594 I/ReactNativeJS(20777): { condition: 'partlyCloudy',
08-22 18:06:26.594 I/ReactNativeJS(20777): description: 'Mainly clear',
08-22 18:06:26.594 I/ReactNativeJS(20777): temperatureC: 14,
08-22 18:06:26.594 I/ReactNativeJS(20777): isDay: false,
08-22 18:06:26.594 I/ReactNativeJS(20777): cityName: 'San Jose',
08-22 18:06:26.594 I/ReactNativeJS(20777): source: 'coords',
08-22 18:06:26.596 I/ReactNativeJS(20777): fetchedAt: 1787399164330 },
08-22 18:06:26.596 I/ReactNativeJS(20777): fetchedAt: 1787399164330,
08-22 18:06:26.596 I/ReactNativeJS(20777): error: null },
08-22 18:06:26.596 I/ReactNativeJS(20777): recentHistory:
08-22 18:06:26.596 I/ReactNativeJS(20777): { entries:
08-22 18:06:26.596 I/ReactNativeJS(20777): [ { fileUri: 'https://prod-1.storage.jamendo.com/?trackid=1593988&format=mp31&from=%2FV3E9Qwm8kkOD6hbkNYXkg%3D%3D%7CMJJdmScXeWFhFQqasgwXjQ%3D%3D',
08-22 18:06:26.596 I/ReactNativeJS(20777): title: 'Lofi Chillout Hip Hop Beat',
08-22 18:06:26.596 I/ReactNativeJS(20777): position: 149.69603245463844,
08-22 18:06:26.596 I/ReactNativeJS(20777): duration: 149.69603333333333,
08-22 18:06:26.596 I/ReactNativeJS(20777): lastPlayedAt: '2026-08-22T12:10:58.406Z',
08-22 18:06:26.596 I/ReactNativeJS(20777): thumbnailPath: 'file:///data/user/0/com.simba.player/cache/artCache/3lffo4-26.jpg',
08-22 18:06:26.596 I/ReactNativeJS(20777): source: 'api',
08-22 18:06:26.596 I/ReactNativeJS(20777): type: 'music',
08-22 18:06:26.596 I/ReactNativeJS(20777): mediaType: 'audio',
08-22 18:06:26.596 I/ReactNativeJS(20777): provider: 'jamendo' } ] },
08-22 18:06:26.596 I/ReactNativeJS(20777): _persist: { version: -1, rehydrated: true } }
08-22 18:06:26.598 I/ReactNativeJS(20777): Γöé '%c action ', 'color: #03A9F4; font-weight: bold', { type: 'auth/setUser',
08-22 18:06:26.598 I/ReactNativeJS(20777): payload:
08-22 18:06:26.598 I/ReactNativeJS(20777): { id: '107368191704644775546',
08-22 18:06:26.598 I/ReactNativeJS(20777): name: 'Paval EP',
08-22 18:06:26.598 I/ReactNativeJS(20777): email: 'pavalep@gmail.com',
08-22 18:06:26.598 I/ReactNativeJS(20777): photo: 'https://lh3.googleusercontent.com/a/ACg8ocKPW8izhGkENzCRf__xjdvKLyx3D2kpLHIodl2XQ5LeHa-7BXdv=s96-c' } }
08-22 18:06:26.602 I/ReactNativeJS(20777): Γöé '%c next state', 'color: #4CAF50; font-weight: bold', { player:
08-22 18:06:26.602 I/ReactNativeJS(20777): { currentFile:
08-22 18:06:26.602 I/ReactNativeJS(20777): { uri: 'https://prod-1.storage.jamendo.com/?trackid=1593988&format=mp31&from=%2FV3E9Qwm8kkOD6hbkNYXkg%3D%3D%7CMJJdmScXeWFhFQqasgwXjQ%3D%3D',
08-22 18:06:26.602 I/ReactNativeJS(20777): title: 'Lofi Chillout Hip Hop Beat',
08-22 18:06:26.602 I/ReactNativeJS(20777): duration: 0,
08-22 18:06:26.602 I/ReactNativeJS(20777): source: 'api',
08-22 18:06:26.602 I/ReactNativeJS(20777): type: 'music',
08-22 18:06:26.602 I/ReactNativeJS(20777): mediaType: 'audio',
08-22 18:06:26.602 I/ReactNativeJS(20777): provider: 'jamendo',
08-22 18:06:26.602 I/ReactNativeJS(20777): artworkUri: 'file:///data/user/0/com.simba.player/cache/artCache/3lffo4-26.jpg' },
08-22 18:06:26.602 I/ReactNativeJS(20777): playlist: [],
08-22 18:06:26.602 I/ReactNativeJS(20777): queue: [],
08-22 18:06:26.602 I/ReactNativeJS(20777): playbackHistory: [],
08-22 18:06:26.602 I/ReactNativeJS(20777): currentIndex: -1,
08-22 18:06:26.602 I/ReactNativeJS(20777): playbackState: 'paused',
08-22 18:06:26.602 I/ReactNativeJS(20777): currentPosition: 0,
08-22 18:06:26.602 I/ReactNativeJS(20777): duration: 0,
08-22 18:06:26.602 I/ReactNativeJS(20777): volume: 1,
08-22 18:06:26.602 I/ReactNativeJS(20777): isFullscreen: false,
08-22 18:06:26.602 I/ReactNativeJS(20777): loopMode: 'none',
08-22 18:06:26.602 I/ReactNativeJS(20777): shuffle: false,
08-22 18:06:26.602 I/ReactNativeJS(20777): playbackSpeed: 1,
08-22 18:06:26.602 I/ReactNativeJS(20777): sleepTimerEndTime: null,
08-22 18:06:26.602 I/ReactNativeJS(20777): sleepTimerMode: 'time',
08-22 18:06:26.602 I/ReactNativeJS(20777): equalizerGains: [ 0, 0, 0, 0, 0, 0, 0, 0, 0, 0 ],
08-22 18:06:26.602 I/ReactNativeJS(20777): equalizerEnabled: false,
08-22 18:06:26.602 I/ReactNativeJS(20777): selectedQueueIndices: [] },
08-22 18:06:26.602 I/ReactNativeJS(20777): settings:
08-22 18:06:26.602 I/ReactNativeJS(20777): { themeMode: 'system',
08-22 18:06:26.602 I/ReactNativeJS(20777): repeatMode: 'off',
08-22 18:06:26.602 I/ReactNativeJS(20777): playbackSpeed: 1,
08-22 18:06:26.602 I/ReactNativeJS(20777): sleepTimerMinutes: 0,
08-22 18:06:26.602 I/ReactNativeJS(20777): isShuffleOn: false,
08-22 18:06:26.602 I/ReactNativeJS(20777): rememberPlaybackPosition: true,
08-22 18:06:26.602 I/ReactNativeJS(20777): isAudioNormalizationEnabled: false,
08-22 18:06:26.602 I/ReactNativeJS(20777): isDialogueBoostEnabled: false,
08-22 18:06:26.602 I/ReactNativeJS(20777): isHardwareAccelerationEnabled: true,
08-22 18:06:26.602 I/ReactNativeJS(20777): isAutoLoadSubtitlesEnabled: true,
08-22 18:06:26.602 I/ReactNativeJS(20777): preferredLanguages: 'eng, jpn, und',
08-22 18:06:26.602 I/ReactNativeJS(20777): externalSubtitleDirectories: './subs, ./subtitles',
08-22 18:06:26.602 I/ReactNativeJS(20777): subtitleFontSize: 16,
08-22 18:06:26.602 I/ReactNativeJS(20777): subtitleTextColor: '#FFFFFF',
08-22 18:06:26.602 I/ReactNativeJS(20777): subtitleBackgroundOpacity: 0.5,
08-22 18:06:26.602 I/ReactNativeJS(20777): skipSilenceEnabled: false,
08-22 18:06:26.602 I/ReactNativeJS(20777): sampleRate: 0,
08-22 18:06:26.602 I/ReactNativeJS(20777): replayGain: 'no',
08-22 18:06:26.602 I/ReactNativeJS(20777): gaplessPlayback: false,
08-22 18:06:26.602 I/ReactNativeJS(20777): audioDelay: 0,
08-22 18:06:26.602 I/ReactNativeJS(20777): eqEnabled: false,
08-22 18:06:26.602 I/ReactNativeJS(20777): eqPreset: 'Flat',
08-22 18:06:26.602 I/ReactNativeJS(20777): eqGains: [ 0, 0, 0, 0, 0, 0, 0, 0, 0, 0 ],
08-22 18:06:26.602 I/ReactNativeJS(20777): videoFolders: [],
08-22 18:06:26.602 I/ReactNativeJS(20777): audioFolders: [],
08-22 18:06:26.602 I/ReactNativeJS(20777): linkedFolders: [],
08-22 18:06:26.602 I/ReactNativeJS(20777): lastScanTimestamp: null,
08-22 18:06:26.602 I/ReactNativeJS(20777): isScanning: false,
08-22 18:06:26.602 I/ReactNativeJS(20777): mpvOptions: [],
08-22 18:06:26.602 I/ReactNativeJS(20777): hasLaunched: true,
08-22 18:06:26.602 I/ReactNativeJS(20777): largerControls: false,
08-22 18:06:26.602 I/ReactNativeJS(20777): highContrastSubtitles: false,
08-22 18:06:26.602 I/ReactNativeJS(20777): scanOnLaunch: false,
08-22 18:06:26.602 I/ReactNativeJS(20777): notificationsEnabled: true,
08-22 18:06:26.602 I/ReactNativeJS(20777): appLanguage: 'system',
08-22 18:06:26.602 I/ReactNativeJS(20777): autoDeleteDownloads: 0,
08-22 18:06:26.602 I/ReactNativeJS(20777): homeCity: '' },
08-22 18:06:26.602 I/ReactNativeJS(20777): session:
08-22 18:06:26.602 I/ReactNativeJS(20777): { playCounts: { 'https://prod-1.storage.jamendo.com/?trackid=1593988&format=mp31&from=%2FV3E9Qwm8kkOD6hbkNYXkg%3D%3D%7CMJJdmScXeWFhFQqasgwXjQ%3D%3D': 1 },
08-22 18:06:26.602 I/ReactNativeJS(20777): mediaLibrary:
08-22 18:06:26.602 I/ReactNativeJS(20777): [ { fileUri: 'https://prod-1.storage.jamendo.com/?trackid=1593988&format=mp31&from=%2FV3E9Qwm8kkOD6hbkNYXkg%3D%3D%7CMJJdmScXeWFhFQqasgwXjQ%3D%3D',
08-22 18:06:26.602 I/ReactNativeJS(20777): title: 'Lofi Chillout Hip Hop Beat',
08-22 18:06:26.602 I/ReactNativeJS(20777): duration: 149.69603333333333,
08-22 18:06:26.602 I/ReactNativeJS(20777): source: 'api',
08-22 18:06:26.602 I/ReactNativeJS(20777): type: 'music',
08-22 18:06:26.602 I/ReactNativeJS(20777): mediaType: 'audio',
08-22 18:06:26.602 I/ReactNativeJS(20777): provider: 'jamendo',
08-22 18:06:26.602 I/ReactNativeJS(20777): dateAdded: '2026-08-22T12:10:58.559Z' } ] },
08-22 18:06:26.602 I/ReactNativeJS(20777): playlists: { playlists: [] },
08-22 18:06:26.602 I/ReactNativeJS(20777): pip:
08-22 18:06:26.602 I/ReactNativeJS(20777): { isInPipMode: false,
08-22 18:06:26.602 I/ReactNativeJS(20777): surfaceUri: null,
08-22 18:06:26.602 I/ReactNativeJS(20777): pipedFileTitle: null,
08-22 18:06:26.602 I/ReactNativeJS(20777): chapterTitle: null,
08-22 18:06:26.602 I/ReactNativeJS(20777): chapterIndex: -1,
08-22 18:06:26.602 I/ReactNativeJS(20777): progressPercentage: '0 %' },
08-22 18:06:26.602 I/ReactNativeJS(20777): media:
08-22 18:06:26.602 I/ReactNativeJS(20777): { tracks: [],
08-22 18:06:26.602 I/ReactNativeJS(20777): isScanning: false,
08-22 18:06:26.602 I/ReactNativeJS(20777): cancelRequested: false,
08-22 18:06:26.602 I/ReactNativeJS(20777): scanProgress:
08-22 18:06:26.602 I/ReactNativeJS(20777): { currentFolder: null,
08-22 18:06:26.602 I/ReactNativeJS(20777): filesFound: 0,
08-22 18:06:26.602 I/ReactNativeJS(20777): totalFiles: 0,
08-22 18:06:26.602 I/ReactNativeJS(20777): percentComplete: 0 },
08-22 18:06:26.602 I/ReactNativeJS(20777): scanHistory:
08-22 18:06:26.602 I/ReactNativeJS(20777): { lastScanTime: null,
08-22 18:06:26.602 I/ReactNativeJS(20777): filesAdded: 0,
08-22 18:06:26.602 I/ReactNativeJS(20777): filesRemoved: 0,
08-22 18:06:26.602 I/ReactNativeJS(20777): errorsCount: 0,
08-22 18:06:26.602 I/ReactNativeJS(20777): unsupportedCount: 0 },
08-22 18:06:26.602 I/ReactNativeJS(20777): searchIndex: {} },
08-22 18:06:26.602 I/ReactNativeJS(20777): auth:
08-22 18:06:26.602 I/ReactNativeJS(20777): { user:
08-22 18:06:26.602 I/ReactNativeJS(20777): { id: '107368191704644775546',
08-22 18:06:26.602 I/ReactNativeJS(20777): name: 'Paval EP',
08-22 18:06:26.602 I/ReactNativeJS(20777): email: 'pavalep@gmail.com',
08-22 18:06:26.602 I/ReactNativeJS(20777): photo: 'https://lh3.googleusercontent.com/a/ACg8ocKPW8izhGkENzCRf__xjdvKLyx3D2kpLHIodl2XQ5LeHa-7BXdv=s96-c' },
08-22 18:06:26.602 I/ReactNativeJS(20777): isAuthenticated: true,
08-22 18:06:26.602 I/ReactNativeJS(20777): isLoading: false,
08-22 18:06:26.602 I/ReactNativeJS(20777): isRestoring: false,
08-22 18:06:26.602 I/ReactNativeJS(20777): error: null,
08-22 18:06:26.602 I/ReactNativeJS(20777): errorKind: null,
08-22 18:06:26.602 I/ReactNativeJS(20777): lastSignedInAt: 1787402186578,
08-22 18:06:26.602 I/ReactNativeJS(20777): sessionExpiresAt: 1789994186578 },
08-22 18:06:26.602 I/ReactNativeJS(20777): bookmark: { items: [] },
08-22 18:06:26.602 I/ReactNativeJS(20777): followedPodcasts: { items: [] },
08-22 18:06:26.602 I/ReactNativeJS(20777): liveFavorites: { items: [] },
08-22 18:06:26.602 I/ReactNativeJS(20777): downloads: { records: [] },
08-22 18:06:26.602 I/ReactNativeJS(20777): weather:
08-22 18:06:26.602 I/ReactNativeJS(20777): { status: 'success',
08-22 18:06:26.602 I/ReactNativeJS(20777): snapshot:
08-22 18:06:26.602 I/ReactNativeJS(20777): { condition: 'partlyCloudy',
08-22 18:06:26.602 I/ReactNativeJS(20777): description: 'Mainly clear',
08-22 18:06:26.602 I/ReactNativeJS(20777): temperatureC: 14,
08-22 18:06:26.602 I/ReactNativeJS(20777): isDay: false,
08-22 18:06:26.602 I/ReactNativeJS(20777): cityName: 'San Jose',
08-22 18:06:26.602 I/ReactNativeJS(20777): source: 'coords',
08-22 18:06:26.602 I/ReactNativeJS(20777): fetchedAt: 1787399164330 },
08-22 18:06:26.602 I/ReactNativeJS(20777): fetchedAt: 1787399164330,
08-22 18:06:26.602 I/ReactNativeJS(20777): error: null },
08-22 18:06:26.602 I/ReactNativeJS(20777): recentHistory:
08-22 18:06:26.602 I/ReactNativeJS(20777): { entries:
08-22 18:06:26.602 I/ReactNativeJS(20777): [ { fileUri: 'https://prod-1.storage.jamendo.com/?trackid=1593988&format=mp31&from=%2FV3E9Qwm8kkOD6hbkNYXkg%3D%3D%7CMJJdmScXeWFhFQqasgwXjQ%3D%3D',
08-22 18:06:26.602 I/ReactNativeJS(20777): title: 'Lofi Chillout Hip Hop Beat',
08-22 18:06:26.602 I/ReactNativeJS(20777): position: 149.69603245463844,
08-22 18:06:26.602 I/ReactNativeJS(20777): duration: 149.69603333333333,
08-22 18:06:26.602 I/ReactNativeJS(20777): lastPlayedAt: '2026-08-22T12:10:58.406Z',
08-22 18:06:26.602 I/ReactNativeJS(20777): thumbnailPath: 'file:///data/user/0/com.simba.player/cache/artCache/3lffo4-26.jpg',
08-22 18:06:26.602 I/ReactNativeJS(20777): source: 'api',
08-22 18:06:26.602 I/ReactNativeJS(20777): type: 'music',
08-22 18:06:26.602 I/ReactNativeJS(20777): mediaType: 'audio',
08-22 18:06:26.602 I/ReactNativeJS(20777): provider: 'jamendo' } ] },
08-22 18:06:26.602 I/ReactNativeJS(20777): _persist: { version: -1, rehydrated: true } }
08-22 18:06:26.604 I/ReactNativeJS(20777): Γöÿ
08-22 18:06:38.286 D/nativeloader(20777): Load /data/app/~~b4l_dB_g0V-nTKprwptHEw==/com.simba.player-EM8oLqCiJ5BR0QJ-ilfZxw==/base.apk!/lib/x86_64/libsimbaplayer_mpv.so using class loader ns clns-9 (caller=/data/app/~~b4l_dB_g0V-nTKprwptHEw==/com.simba.player-EM8oLqCiJ5BR0QJ-ilfZxw==/base.apk!classes19.dex): ok
08-22 18:06:38.287 I/MpvJNI (20777): av_jni_set_java_vm called successfully
08-22 18:06:38.287 I/MpvJNI (20777): JNI_OnLoad complete
08-22 18:06:38.292 W/ReactNativeJS(20777): `new NativeEventEmitter()` was called with a non-null argument without the required `addListener` method.
08-22 18:06:38.292 W/ReactNativeJS(20777): `new NativeEventEmitter()` was called with a non-null argument without the required `removeListeners` method.
08-22 18:06:38.302 D/MpvBridgeModule(20777): [PlaybackTrace][Bridge][getDuration] ptr=0 duration=0.0
08-22 18:06:38.324 W/ReactNativeJS(20777): SafeAreaView has been deprecated and will be removed in a future release. Please use 'react-native-safe-area-context' instead. See https://github.com/AppAndFlow/react-native-safe-area-context
08-22 18:06:38.675 I/ReactNativeJS(20777): '[INFO]', '[PlaybackTrace][Controller][effect:start]', { fileUri: 'https://prod-1.storage.jamendo.com/?trackid=1593988&format=mp31&from=%2FV3E9Qwm8kkOD6hbkNYXkg%3D%3D%7CMJJdmScXeWFhFQqasgwXjQ%3D%3D',
08-22 18:06:38.675 I/ReactNativeJS(20777): title: 'Lofi Chillout Hip Hop Beat',
08-22 18:06:38.675 I/ReactNativeJS(20777): startPosition: 149.69603245463844,
08-22 18:06:38.675 I/ReactNativeJS(20777): source: 'api',
08-22 18:06:38.675 I/ReactNativeJS(20777): mediaKind: 'music',
08-22 18:06:38.675 I/ReactNativeJS(20777): mediaLane: 'audio' }
08-22 18:06:38.686 I/ReactNativeJS(20777): '[INFO]', '[PlaybackTrace][Controller][init:call]', 'https://prod-1.storage.jamendo.com/?trackid=1593988&format=mp31&from=%2FV3E9Qwm8kkOD6hbkNYXkg%3D%3D%7CMJJdmScXeWFhFQqasgwXjQ%3D%3D'
08-22 18:06:38.691 I/ReactNativeJS(20777): '[INFO]', '[PlaybackTrace][JS][initPlayer:call]'
08-22 18:06:38.691 I/MpvBridgeModule(20777): [PlaybackTrace][Bridge][initPlayer] call currentPtr=0
08-22 18:06:38.692 I/MpvBridgeModule(20777): [PlaybackTrace][Bridge][tls] caFile=/data/user/0/com.simba.player/files/mpv/cacert.pem bytes=188900
08-22 18:06:38.696 I/MpvJNI (20777): [PlaybackTrace][Native][create] option vo=null result=0
08-22 18:06:38.696 I/MpvJNI (20777): [PlaybackTrace][Native][create] option gpu-api=opengl result=0
08-22 18:06:38.696 I/MpvJNI (20777): [PlaybackTrace][Native][create] option hwdec=mediacodec result=0
08-22 18:06:38.696 I/MpvJNI (20777): [PlaybackTrace][Native][create] option audio-device-auto=yes result=-5
08-22 18:06:38.696 I/MpvJNI (20777): [PlaybackTrace][Native][create] option tls-ca-file=/data/user/0/com.simba.player/files/mpv/cacert.pem result=0
08-22 18:06:38.697 I/MpvJNI (20777): [PlaybackTrace][Native][create] option tls-verify=yes result=0
08-22 18:06:38.697 I/MpvJNI (20777): [PlaybackTrace][Native][create] option keep-open=yes result=0
08-22 18:06:38.697 I/MpvJNI (20777): [PlaybackTrace][Native][create] option pause=no result=0
08-22 18:06:38.698 I/MpvJNI (20777): [PlaybackTrace][Native][create] mpv_create succeeded handle=0x77576dc6d460
08-22 18:06:38.698 I/MpvJNI (20777): [PlaybackTrace][Native][initialize] calling mpv_initialize
08-22 18:06:38.703 I/MpvJNI (20777): [PlaybackTrace][Native][initialize] mpv_initialize succeeded
08-22 18:06:38.703 I/MpvJNI (20777): [PlaybackTrace][Native][initialize] requested mpv verbose logs
08-22 18:06:38.703 I/MpvJNI (20777): mpv initialized and event loop started
08-22 18:06:38.703 I/MpvJNI (20777): mpv instance created and initialized without a required surface
08-22 18:06:38.704 I/MpvBridgeModule(20777): [PlaybackTrace][Bridge][initPlayer] nativeCreate returned ptr=131217387607136
08-22 18:06:38.704 I/MpvBridgeModule(20777): mpv initialized, nativePtr=131217387607136, observers=0
08-22 18:06:38.705 I/MpvEvent(20777): Event loop started
08-22 18:06:38.709 I/MpvEvent(20777): [PlaybackTrace][Native][eventLoop] event_id=2 error=0
08-22 18:06:38.709 I/MpvEvent(20777): [PlaybackTrace][Native][mpv-log] prefix=cplayer level=v text=Waiting for scripts...
08-22 18:06:38.709 D/mpv (20777): [cplayer] v: Waiting for scripts...
08-22 18:06:38.715 I/ReactNativeJS(20777): '[INFO]', '[PlaybackTrace][JS][initPlayer:return]', true
08-22 18:06:38.716 I/ReactNativeJS(20777): '[INFO]', '[PlaybackTrace][Controller][init:return]', { ok: true, cancelled: false }
08-22 18:06:38.720 I/ReactNativeJS(20777): '[INFO]', '[PlaybackTrace][Controller][listeners:register]'
08-22 18:06:38.726 I/ReactNativeJS(20777): '[INFO]', '[PlaybackTrace][Controller][loadFile:before]', 'https://prod-1.storage.jamendo.com/?trackid=1593988&format=mp31&from=%2FV3E9Qwm8kkOD6hbkNYXkg%3D%3D%7CMJJdmScXeWFhFQqasgwXjQ%3D%3D'
08-22 18:06:38.729 I/MpvEvent(20777): [PlaybackTrace][Native][eventLoop] event_id=2 error=0
08-22 18:06:38.729 I/MpvEvent(20777): [PlaybackTrace][Native][mpv-log] prefix=cplayer level=v text=Done loading scripts.
08-22 18:06:38.730 D/mpv (20777): [cplayer] v: Done loading scripts.
08-22 18:06:38.730 I/MpvEvent(20777): [PlaybackTrace][Native][eventLoop] event_id=11 error=0
08-22 18:06:38.730 I/MpvEvent(20777): Unhandled mpv event: 11
08-22 18:06:38.737 I/ReactNativeJS(20777): '[INFO]', '[PlaybackTrace][JS][loadFile:call]', { requestedPath: 'https://prod-1.storage.jamendo.com/?trackid=1593988&format=mp31&from=%2FV3E9Qwm8kkOD6hbkNYXkg%3D%3D%7CMJJdmScXeWFhFQqasgwXjQ%3D%3D',
08-22 18:06:38.737 I/ReactNativeJS(20777): resolvedPath: 'https://prod-1.storage.jamendo.com/?trackid=1593988&format=mp31&from=%2FV3E9Qwm8kkOD6hbkNYXkg%3D%3D%7CMJJdmScXeWFhFQqasgwXjQ%3D%3D' }
08-22 18:06:38.738 I/MpvBridgeModule(20777): [PlaybackTrace][Bridge][loadFile] requested=https://prod-1.storage.jamendo.com/?trackid=1593988&format=mp31&from=%2FV3E9Qwm8kkOD6hbkNYXkg%3D%3D%7CMJJdmScXeWFhFQqasgwXjQ%3D%3D resolved=https://prod-1.storage.jamendo.com/?trackid=1593988&format=mp31&from=%2FV3E9Qwm8kkOD6hbkNYXkg%3D%3D%7CMJJdmScXeWFhFQqasgwXjQ%3D%3D ptr=131217387607136
08-22 18:06:38.739 I/MpvJNI (20777): [PlaybackTrace][Native][loadFile] begin path=https://prod-1.storage.jamendo.com/?trackid=1593988&format=mp31&from=%2FV3E9Qwm8kkOD6hbkNYXkg%3D%3D%7CMJJdmScXeWFhFQqasgwXjQ%3D%3D initialized=1
08-22 18:06:38.741 I/MpvJNI (20777): [PlaybackTrace][Native][loadFile] loadfile command accepted result=0
08-22 18:06:38.741 I/MpvEvent(20777): [PlaybackTrace][Native][eventLoop] event_id=2 error=0
08-22 18:06:38.741 I/MpvEvent(20777): [PlaybackTrace][Native][mpv-log] prefix=cplayer level=v text=Running hook: auto_profiles/on_before_start_file
08-22 18:06:38.741 D/mpv (20777): [cplayer] v: Running hook: auto_profiles/on_before_start_file
08-22 18:06:38.741 I/MpvBridgeModule(20777): [PlaybackTrace][Bridge][loadFile] nativeLoadFile returned
08-22 18:06:38.741 I/MpvEvent(20777): [PlaybackTrace][Native][eventLoop] event_id=2 error=0
08-22 18:06:38.741 I/MpvEvent(20777): [PlaybackTrace][Native][mpv-log] prefix=cplayer level=v text=Failed sending hook command auto_profiles/on_before_start_file. Removing hook.
08-22 18:06:38.741 D/mpv (20777): [cplayer] v: Failed sending hook command auto_profiles/on_before_start_file. Removing hook.
08-22 18:06:38.741 I/MpvEvent(20777): [PlaybackTrace][Native][eventLoop] event_id=6 error=0
08-22 18:06:38.741 I/MpvEvent(20777): MPV_EVENT_START_FILE
08-22 18:06:38.741 I/MpvEvent(20777): [PlaybackTrace][Native][dispatch:event] name=startFile payload={}
08-22 18:06:38.742 D/MPVLib (20777): onNativeEvent: startFile {}
08-22 18:06:38.742 I/MpvBridgeModule(20777): [PlaybackTrace][Bridge][listener:event] name=startFile payload={}
08-22 18:06:38.742 I/ReactNativeJS(20777): '[INFO]', '[PlaybackTrace][JS][loadFile:return]', { resolvedPath: 'https://prod-1.storage.jamendo.com/?trackid=1593988&format=mp31&from=%2FV3E9Qwm8kkOD6hbkNYXkg%3D%3D%7CMJJdmScXeWFhFQqasgwXjQ%3D%3D' }
08-22 18:06:38.746 I/MpvEvent(20777): [PlaybackTrace][Native][eventLoop] event_id=2 error=0
08-22 18:06:38.746 I/MpvEvent(20777): [PlaybackTrace][Native][mpv-log] prefix=cplayer level=v text=Running hook: auto_profiles/on_load
08-22 18:06:38.746 D/mpv (20777): [cplayer] v: Running hook: auto_profiles/on_load
08-22 18:06:38.746 I/MpvEvent(20777): [PlaybackTrace][Native][eventLoop] event_id=2 error=0
08-22 18:06:38.746 I/MpvEvent(20777): [PlaybackTrace][Native][mpv-log] prefix=cplayer level=v text=Failed sending hook command auto_profiles/on_load. Removing hook.
08-22 18:06:38.746 D/mpv (20777): [cplayer] v: Failed sending hook command auto_profiles/on_load. Removing hook.
08-22 18:06:38.746 I/MpvEvent(20777): [PlaybackTrace][Native][eventLoop] event_id=2 error=0
08-22 18:06:38.746 I/MpvEvent(20777): [PlaybackTrace][Native][mpv-log] prefix=cplayer level=v text=Running hook: ytdl_hook/on_load
08-22 18:06:38.746 D/mpv (20777): [cplayer] v: Running hook: ytdl_hook/on_load
08-22 18:06:38.746 I/MpvEvent(20777): [PlaybackTrace][Native][eventLoop] event_id=2 error=0
08-22 18:06:38.746 I/MpvEvent(20777): [PlaybackTrace][Native][mpv-log] prefix=cplayer level=v text=Running hook: ytdl_hook/on_load
08-22 18:06:38.746 D/mpv (20777): [cplayer] v: Running hook: ytdl_hook/on_load
08-22 18:06:38.746 I/MpvEvent(20777): [PlaybackTrace][Native][eventLoop] event_id=2 error=0
08-22 18:06:38.747 I/ReactNativeJS(20777): '[INFO]', '[PlaybackTrace][Controller][loadFile:after]', 'https://prod-1.storage.jamendo.com/?trackid=1593988&format=mp31&from=%2FV3E9Qwm8kkOD6hbkNYXkg%3D%3D%7CMJJdmScXeWFhFQqasgwXjQ%3D%3D'
08-22 18:06:38.747 I/MpvEvent(20777): [PlaybackTrace][Native][mpv-log] prefix=ytdl_hook level=v text=playlist hook
08-22 18:06:38.747 D/mpv (20777): [ytdl_hook] v: playlist hook
08-22 18:06:38.747 I/MpvEvent(20777): [PlaybackTrace][Native][eventLoop] event_id=2 error=0
08-22 18:06:38.747 I/MpvEvent(20777): [PlaybackTrace][Native][mpv-log] prefix=stream_callback level=v text=Opening https://prod-1.storage.jamendo.com/?trackid=1593988&format=mp31&from=%2FV3E9Qwm8kkOD6hbkNYXkg%3D%3D%7CMJJdmScXeWFhFQqasgwXjQ%3D%3D
08-22 18:06:38.747 D/mpv (20777): [stream_callback] v: Opening https://prod-1.storage.jamendo.com/?trackid=1593988&format=mp31&from=%2FV3E9Qwm8kkOD6hbkNYXkg%3D%3D%7CMJJdmScXeWFhFQqasgwXjQ%3D%3D
08-22 18:06:38.748 I/ReactNativeJS(20777): '[INFO]', '[PlaybackTrace][Controller][settings:before]'
08-22 18:06:38.748 I/MpvEvent(20777): [PlaybackTrace][Native][eventLoop] event_id=2 error=0
08-22 18:06:38.749 I/MpvEvent(20777): [PlaybackTrace][Native][mpv-log] prefix=ffmpeg level=v text=Opening https://prod-1.storage.jamendo.com/?trackid=1593988&format=mp31&from=%2FV3E9Qwm8kkOD6hbkNYXkg%3D%3D%7CMJJdmScXeWFhFQqasgwXjQ%3D%3D
08-22 18:06:38.749 D/mpv (20777): [ffmpeg] v: Opening https://prod-1.storage.jamendo.com/?trackid=1593988&format=mp31&from=%2FV3E9Qwm8kkOD6hbkNYXkg%3D%3D%7CMJJdmScXeWFhFQqasgwXjQ%3D%3D
08-22 18:06:38.759 I/MpvEvent(20777): [PlaybackTrace][Native][eventLoop] event_id=2 error=0
08-22 18:06:38.759 I/MpvEvent(20777): [PlaybackTrace][Native][mpv-log] prefix=cplayer level=v text=Set property: hwdec="auto" -> 1
08-22 18:06:38.759 D/mpv (20777): [cplayer] v: Set property: hwdec="auto" -> 1
08-22 18:06:38.760 I/MpvEvent(20777): [PlaybackTrace][Native][eventLoop] event_id=2 error=0
08-22 18:06:38.760 I/MpvEvent(20777): [PlaybackTrace][Native][mpv-log] prefix=cplayer level=v text=Set property: sub-auto="fuzzy" -> 1
08-22 18:06:38.760 D/mpv (20777): [cplayer] v: Set property: sub-auto="fuzzy" -> 1
08-22 18:06:38.761 I/MpvEvent(20777): [PlaybackTrace][Native][eventLoop] event_id=2 error=0
08-22 18:06:38.761 I/MpvEvent(20777): [PlaybackTrace][Native][mpv-log] prefix=cplayer level=v text=Set property: slang="eng, jpn, und" -> 1
08-22 18:06:38.761 D/mpv (20777): [cplayer] v: Set property: slang="eng, jpn, und" -> 1
08-22 18:06:38.762 I/MpvEvent(20777): [PlaybackTrace][Native][eventLoop] event_id=2 error=0
08-22 18:06:38.762 I/MpvEvent(20777): [PlaybackTrace][Native][mpv-log] prefix=cplayer level=v text=Set property: volume-max="130" -> 1
08-22 18:06:38.762 D/mpv (20777): [cplayer] v: Set property: volume-max="130" -> 1
08-22 18:06:38.762 I/MpvEvent(20777): [PlaybackTrace][Native][eventLoop] event_id=2 error=0
08-22 18:06:38.762 I/MpvEvent(20777): [PlaybackTrace][Native][mpv-log] prefix=cplayer level=v text=Set property: replaygain="no" -> 1
08-22 18:06:38.762 D/mpv (20777): [cplayer] v: Set property: replaygain="no" -> 1
08-22 18:06:38.763 I/MpvEvent(20777): [PlaybackTrace][Native][eventLoop] event_id=2 error=0
08-22 18:06:38.763 I/MpvEvent(20777): [PlaybackTrace][Native][mpv-log] prefix=cplayer level=v text=Set property: gapless-audio="no" -> 1
08-22 18:06:38.763 D/mpv (20777): [cplayer] v: Set property: gapless-audio="no" -> 1
08-22 18:06:38.763 I/MpvEvent(20777): [PlaybackTrace][Native][eventLoop] event_id=2 error=0
08-22 18:06:38.763 I/MpvEvent(20777): [PlaybackTrace][Native][mpv-log] prefix=cplayer level=v text=Set property: audio-delay="0" -> 1
08-22 18:06:38.763 D/mpv (20777): [cplayer] v: Set property: audio-delay="0" -> 1
08-22 18:06:38.763 I/MpvEvent(20777): [PlaybackTrace][Native][eventLoop] event_id=2 error=0
08-22 18:06:38.763 I/MpvEvent(20777): [PlaybackTrace][Native][mpv-log] prefix=cplayer level=v text=Set property: audio-samplerate="0" -> 1
08-22 18:06:38.763 D/mpv (20777): [cplayer] v: Set property: audio-samplerate="0" -> 1
08-22 18:06:38.764 I/MpvEvent(20777): [PlaybackTrace][Native][eventLoop] event_id=2 error=0
08-22 18:06:38.764 I/MpvEvent(20777): [PlaybackTrace][Native][mpv-log] prefix=cplayer level=v text=Set property: af="" -> 1
08-22 18:06:38.764 D/mpv (20777): [cplayer] v: Set property: af="" -> 1
08-22 18:06:38.764 I/ReactNativeJS(20777): '[INFO]', '[PlaybackTrace][Controller][settings:after]'
08-22 18:06:38.767 I/ReactNativeJS(20777): '[INFO]', '[PlaybackTrace][Controller][speed:before]', 1
08-22 18:06:38.770 I/ReactNativeJS(20777): '[INFO]', '[PlaybackTrace][Controller][speed:after]', 1
08-22 18:06:38.770 I/MpvEvent(20777): [PlaybackTrace][Native][eventLoop] event_id=2 error=0
08-22 18:06:38.771 I/MpvEvent(20777): [PlaybackTrace][Native][mpv-log] prefix=cplayer level=v text=Set property: speed=1.000000 -> 1
08-22 18:06:38.771 D/mpv (20777): [cplayer] v: Set property: speed=1.000000 -> 1
08-22 18:06:38.772 I/ReactNativeJS(20777): '[INFO]', '[PlaybackTrace][Controller][ready]', { fileUri: 'https://prod-1.storage.jamendo.com/?trackid=1593988&format=mp31&from=%2FV3E9Qwm8kkOD6hbkNYXkg%3D%3D%7CMJJdmScXeWFhFQqasgwXjQ%3D%3D' }
08-22 18:06:38.779 I/ReactNativeJS(20777): Γöÿ ≡ƒÅ╖ player/playFile (in 18:06:38.773, took 3.54ms)
08-22 18:06:38.787 I/ReactNativeJS(20777): Γöé '%c prev state', 'color: #9E9E9E; font-weight: bold', { player:
08-22 18:06:38.787 I/ReactNativeJS(20777): { currentFile:
08-22 18:06:38.787 I/ReactNativeJS(20777): { uri: 'https://prod-1.storage.jamendo.com/?trackid=1593988&format=mp31&from=%2FV3E9Qwm8kkOD6hbkNYXkg%3D%3D%7CMJJdmScXeWFhFQqasgwXjQ%3D%3D',
08-22 18:06:38.787 I/ReactNativeJS(20777): title: 'Lofi Chillout Hip Hop Beat',
08-22 18:06:38.787 I/ReactNativeJS(20777): duration: 0,
08-22 18:06:38.787 I/ReactNativeJS(20777): source: 'api',
08-22 18:06:38.787 I/ReactNativeJS(20777): type: 'music',
08-22 18:06:38.787 I/ReactNativeJS(20777): mediaType: 'audio',
08-22 18:06:38.787 I/ReactNativeJS(20777): provider: 'jamendo',
08-22 18:06:38.787 I/ReactNativeJS(20777): artworkUri: 'file:///data/user/0/com.simba.player/cache/artCache/3lffo4-26.jpg' },
08-22 18:06:38.787 I/ReactNativeJS(20777): playlist: [],
08-22 18:06:38.787 I/ReactNativeJS(20777): queue: [],
08-22 18:06:38.787 I/ReactNativeJS(20777): playbackHistory: [],
08-22 18:06:38.787 I/ReactNativeJS(20777): currentIndex: -1,
08-22 18:06:38.787 I/ReactNativeJS(20777): playbackState: 'paused',
08-22 18:06:38.787 I/ReactNativeJS(20777): currentPosition: 0,
08-22 18:06:38.787 I/ReactNativeJS(20777): duration: 0,
08-22 18:06:38.787 I/ReactNativeJS(20777): volume: 1,
08-22 18:06:38.787 I/ReactNativeJS(20777): isFullscreen: false,
08-22 18:06:38.787 I/ReactNativeJS(20777): loopMode: 'none',
08-22 18:06:38.787 I/ReactNativeJS(20777): shuffle: false,
08-22 18:06:38.787 I/ReactNativeJS(20777): playbackSpeed: 1,
08-22 18:06:38.787 I/ReactNativeJS(20777): sleepTimerEndTime: null,
08-22 18:06:38.787 I/ReactNativeJS(20777): sleepTimerMode: 'time',
08-22 18:06:38.787 I/ReactNativeJS(20777): equalizerGains: [ 0, 0, 0, 0, 0, 0, 0, 0, 0, 0 ],
08-22 18:06:38.787 I/ReactNativeJS(20777): equalizerEnabled: false,
08-22 18:06:38.787 I/ReactNativeJS(20777): selectedQueueIndices: [] },
08-22 18:06:38.787 I/ReactNativeJS(20777): settings:
08-22 18:06:38.787 I/ReactNativeJS(20777): { themeMode: 'system',
08-22 18:06:38.787 I/ReactNativeJS(20777): repeatMode: 'off',
08-22 18:06:38.787 I/ReactNativeJS(20777): playbackSpeed: 1,
08-22 18:06:38.787 I/ReactNativeJS(20777): sleepTimerMinutes: 0,
08-22 18:06:38.787 I/ReactNativeJS(20777): isShuffleOn: false,
08-22 18:06:38.787 I/ReactNativeJS(20777): rememberPlaybackPosition: true,
08-22 18:06:38.787 I/ReactNativeJS(20777): isAudioNormalizationEnabled: false,
08-22 18:06:38.787 I/ReactNativeJS(20777): isDialogueBoostEnabled: false,
08-22 18:06:38.787 I/ReactNativeJS(20777): isHardwareAccelerationEnabled: true,
08-22 18:06:38.787 I/ReactNativeJS(20777): isAutoLoadSubtitlesEnabled: true,
08-22 18:06:38.787 I/ReactNativeJS(20777): preferredLanguages: 'eng, jpn, und',
08-22 18:06:38.787 I/ReactNativeJS(20777): externalSubtitleDirectories: './subs, ./subtitles',
08-22 18:06:38.787 I/ReactNativeJS(20777): subtitleFontSize: 16,
08-22 18:06:38.787 I/ReactNativeJS(20777): subtitleTextColor: '#FFFFFF',
08-22 18:06:38.787 I/ReactNativeJS(20777): subtitleBackgroundOpacity: 0.5,
08-22 18:06:38.787 I/ReactNativeJS(20777): skipSilenceEnabled: false,
08-22 18:06:38.787 I/ReactNativeJS(20777): sampleRate: 0,
08-22 18:06:38.787 I/ReactNativeJS(20777): replayGain: 'no',
08-22 18:06:38.787 I/ReactNativeJS(20777): gaplessPlayback: false,
08-22 18:06:38.787 I/ReactNativeJS(20777): audioDelay: 0,
08-22 18:06:38.787 I/ReactNativeJS(20777): eqEnabled: false,
08-22 18:06:38.787 I/ReactNativeJS(20777): eqPreset: 'Flat',
08-22 18:06:38.787 I/ReactNativeJS(20777): eqGains: [ 0, 0, 0, 0, 0, 0, 0, 0, 0, 0 ],
08-22 18:06:38.787 I/ReactNativeJS(20777): videoFolders: [],
08-22 18:06:38.787 I/ReactNativeJS(20777): audioFolders: [],
08-22 18:06:38.787 I/ReactNativeJS(20777): linkedFolders: [],
08-22 18:06:38.787 I/ReactNativeJS(20777): lastScanTimestamp: null,
08-22 18:06:38.787 I/ReactNativeJS(20777): isScanning: false,
08-22 18:06:38.787 I/ReactNativeJS(20777): mpvOptions: [],
08-22 18:06:38.787 I/ReactNativeJS(20777): hasLaunched: true,
08-22 18:06:38.787 I/ReactNativeJS(20777): largerControls: false,
08-22 18:06:38.787 I/ReactNativeJS(20777): highContrastSubtitles: false,
08-22 18:06:38.787 I/ReactNativeJS(20777): scanOnLaunch: false,
08-22 18:06:38.787 I/ReactNativeJS(20777): notificationsEnabled: true,
08-22 18:06:38.787 I/ReactNativeJS(20777): appLanguage: 'system',
08-22 18:06:38.787 I/ReactNativeJS(20777): autoDeleteDownloads: 0,
08-22 18:06:38.787 I/ReactNativeJS(20777): homeCity: '' },
08-22 18:06:38.787 I/ReactNativeJS(20777): session:
08-22 18:06:38.787 I/ReactNativeJS(20777): { playCounts: { 'https://prod-1.storage.jamendo.com/?trackid=1593988&format=mp31&from=%2FV3E9Qwm8kkOD6hbkNYXkg%3D%3D%7CMJJdmScXeWFhFQqasgwXjQ%3D%3D': 1 },
08-22 18:06:38.787 I/ReactNativeJS(20777): mediaLibrary:
08-22 18:06:38.787 I/ReactNativeJS(20777): [ { fileUri: 'https://prod-1.storage.jamendo.com/?trackid=1593988&format=mp31&from=%2FV3E9Qwm8kkOD6hbkNYXkg%3D%3D%7CMJJdmScXeWFhFQqasgwXjQ%3D%3D',
08-22 18:06:38.787 I/ReactNativeJS(20777): title: 'Lofi Chillout Hip Hop Beat',
08-22 18:06:38.787 I/ReactNativeJS(20777): duration: 149.69603333333333,
08-22 18:06:38.787 I/ReactNativeJS(20777): source: 'api',
08-22 18:06:38.787 I/ReactNativeJS(20777): type: 'music',
08-22 18:06:38.787 I/ReactNativeJS(20777): mediaType: 'audio',
08-22 18:06:38.787 I/ReactNativeJS(20777): provider: 'jamendo',
08-22 18:06:38.787 I/ReactNativeJS(20777): dateAdded: '2026-08-22T12:10:58.559Z' } ] },
08-22 18:06:38.787 I/ReactNativeJS(20777): playlists: { playlists: [] },
08-22 18:06:38.787 I/ReactNativeJS(20777): pip:
08-22 18:06:38.787 I/ReactNativeJS(20777): { isInPipMode: false,
08-22 18:06:38.787 I/ReactNativeJS(20777): surfaceUri: null,
08-22 18:06:38.787 I/ReactNativeJS(20777): pipedFileTitle: null,
08-22 18:06:38.787 I/ReactNativeJS(20777): chapterTitle: null,
08-22 18:06:38.787 I/ReactNativeJS(20777): chapterIndex: -1,
08-22 18:06:38.787 I/ReactNativeJS(20777): progressPercentage: '0 %' },
08-22 18:06:38.787 I/ReactNativeJS(20777): media:
08-22 18:06:38.787 I/ReactNativeJS(20777): { tracks: [],
08-22 18:06:38.787 I/ReactNativeJS(20777): isScanning: false,
08-22 18:06:38.787 I/ReactNativeJS(20777): cancelRequested: false,
08-22 18:06:38.787 I/ReactNativeJS(20777): scanProgress:
08-22 18:06:38.787 I/ReactNativeJS(20777): { currentFolder: null,
08-22 18:06:38.787 I/ReactNativeJS(20777): filesFound: 0,
08-22 18:06:38.787 I/ReactNativeJS(20777): totalFiles: 0,
08-22 18:06:38.787 I/ReactNativeJS(20777): percentComplete: 0 },
08-22 18:06:38.787 I/ReactNativeJS(20777): scanHistory:
08-22 18:06:38.787 I/ReactNativeJS(20777): { lastScanTime: null,
08-22 18:06:38.787 I/ReactNativeJS(20777): filesAdded: 0,
08-22 18:06:38.787 I/ReactNativeJS(20777): filesRemoved: 0,
08-22 18:06:38.787 I/ReactNativeJS(20777): errorsCount: 0,
08-22 18:06:38.787 I/ReactNativeJS(20777): unsupportedCount: 0 },
08-22 18:06:38.787 I/ReactNativeJS(20777): searchIndex: {} },
08-22 18:06:38.787 I/ReactNativeJS(20777): auth:
08-22 18:06:38.787 I/ReactNativeJS(20777): { user:
08-22 18:06:38.787 I/ReactNativeJS(20777): { id: '107368191704644775546',
08-22 18:06:38.787 I/ReactNativeJS(20777): name: 'Paval EP',
08-22 18:06:38.787 I/ReactNativeJS(20777): email: 'pavalep@gmail.com',
08-22 18:06:38.787 I/ReactNativeJS(20777): photo: 'https://lh3.googleusercontent.com/a/ACg8ocKPW8izhGkENzCRf__xjdvKLyx3D2kpLHIodl2XQ5LeHa-7BXdv=s96-c' },
08-22 18:06:38.787 I/ReactNativeJS(20777): isAuthenticated: true,
08-22 18:06:38.787 I/ReactNativeJS(20777): isLoading: false,
08-22 18:06:38.787 I/ReactNativeJS(20777): isRestoring: false,
08-22 18:06:38.787 I/ReactNativeJS(20777): error: null,
08-22 18:06:38.787 I/ReactNativeJS(20777): errorKind: null,
08-22 18:06:38.787 I/ReactNativeJS(20777): lastSignedInAt: 1787402186578,
08-22 18:06:38.787 I/ReactNativeJS(20777): sessionExpiresAt: 1789994186578 },
08-22 18:06:38.787 I/ReactNativeJS(20777): bookmark: { items: [] },
08-22 18:06:38.787 I/ReactNativeJS(20777): followedPodcasts: { items: [] },
08-22 18:06:38.787 I/ReactNativeJS(20777): liveFavorites: { items: [] },
08-22 18:06:38.787 I/ReactNativeJS(20777): downloads: { records: [] },
08-22 18:06:38.787 I/ReactNativeJS(20777): weather:
08-22 18:06:38.787 I/ReactNativeJS(20777): { status: 'success',
08-22 18:06:38.787 I/ReactNativeJS(20777): snapshot:
08-22 18:06:38.787 I/ReactNativeJS(20777): { condition: 'partlyCloudy',
08-22 18:06:38.787 I/ReactNativeJS(20777): description: 'Mainly clear',
08-22 18:06:38.787 I/ReactNativeJS(20777): temperatureC: 14,
08-22 18:06:38.787 I/ReactNativeJS(20777): isDay: false,
08-22 18:06:38.787 I/ReactNativeJS(20777): cityName: 'San Jose',
08-22 18:06:38.787 I/ReactNativeJS(20777): source: 'coords',
08-22 18:06:38.788 I/ReactNativeJS(20777): fetchedAt: 1787399164330 },
08-22 18:06:38.788 I/ReactNativeJS(20777): fetchedAt: 1787399164330,
08-22 18:06:38.788 I/ReactNativeJS(20777): error: null },
08-22 18:06:38.788 I/ReactNativeJS(20777): recentHistory:
08-22 18:06:38.788 I/ReactNativeJS(20777): { entries:
08-22 18:06:38.788 I/ReactNativeJS(20777): [ { fileUri: 'https://prod-1.storage.jamendo.com/?trackid=1593988&format=mp31&from=%2FV3E9Qwm8kkOD6hbkNYXkg%3D%3D%7CMJJdmScXeWFhFQqasgwXjQ%3D%3D',
08-22 18:06:38.788 I/ReactNativeJS(20777): title: 'Lofi Chillout Hip Hop Beat',
08-22 18:06:38.788 I/ReactNativeJS(20777): position: 149.69603245463844,
08-22 18:06:38.788 I/ReactNativeJS(20777): duration: 149.69603333333333,
08-22 18:06:38.788 I/ReactNativeJS(20777): lastPlayedAt: '2026-08-22T12:10:58.406Z',
08-22 18:06:38.788 I/ReactNativeJS(20777): thumbnailPath: 'file:///data/user/0/com.simba.player/cache/artCache/3lffo4-26.jpg',
08-22 18:06:38.788 I/ReactNativeJS(20777): source: 'api',
08-22 18:06:38.788 I/ReactNativeJS(20777): type: 'music',
08-22 18:06:38.788 I/ReactNativeJS(20777): mediaType: 'audio',
08-22 18:06:38.788 I/ReactNativeJS(20777): provider: 'jamendo' } ] },
08-22 18:06:38.788 I/ReactNativeJS(20777): _persist: { version: -1, rehydrated: true } }
08-22 18:06:38.793 I/ReactNativeJS(20777): Γöé '%c action ', 'color: #03A9F4; font-weight: bold', { type: 'player/playFile',
08-22 18:06:38.793 I/ReactNativeJS(20777): payload:
08-22 18:06:38.793 I/ReactNativeJS(20777): { uri: 'https://prod-1.storage.jamendo.com/?trackid=1593988&format=mp31&from=%2FV3E9Qwm8kkOD6hbkNYXkg%3D%3D%7CMJJdmScXeWFhFQqasgwXjQ%3D%3D',
08-22 18:06:38.793 I/ReactNativeJS(20777): title: 'Lofi Chillout Hip Hop Beat',
08-22 18:06:38.793 I/ReactNativeJS(20777): duration: 0,
08-22 18:06:38.793 I/ReactNativeJS(20777): source: 'api',
08-22 18:06:38.793 I/ReactNativeJS(20777): type: 'music',
08-22 18:06:38.793 I/ReactNativeJS(20777): mediaType: 'audio',
08-22 18:06:38.793 I/ReactNativeJS(20777): provider: 'jamendo',
08-22 18:06:38.793 I/ReactNativeJS(20777): folderId: undefined,
08-22 18:06:38.793 I/ReactNativeJS(20777): artworkUri: 'file:///data/user/0/com.simba.player/cache/artCache/3lffo4-26.jpg' } }
08-22 18:06:38.796 I/ReactNativeJS(20777): Γöé '%c next state', 'color: #4CAF50; font-weight: bold', { player:
08-22 18:06:38.796 I/ReactNativeJS(20777): { currentFile:
08-22 18:06:38.796 I/ReactNativeJS(20777): { uri: 'https://prod-1.storage.jamendo.com/?trackid=1593988&format=mp31&from=%2FV3E9Qwm8kkOD6hbkNYXkg%3D%3D%7CMJJdmScXeWFhFQqasgwXjQ%3D%3D',
08-22 18:06:38.796 I/ReactNativeJS(20777): title: 'Lofi Chillout Hip Hop Beat',
08-22 18:06:38.796 I/ReactNativeJS(20777): duration: 0,
08-22 18:06:38.796 I/ReactNativeJS(20777): source: 'api',
08-22 18:06:38.796 I/ReactNativeJS(20777): type: 'music',
08-22 18:06:38.796 I/ReactNativeJS(20777): mediaType: 'audio',
08-22 18:06:38.796 I/ReactNativeJS(20777): provider: 'jamendo',
08-22 18:06:38.796 I/ReactNativeJS(20777): folderId: undefined,
08-22 18:06:38.796 I/ReactNativeJS(20777): artworkUri: 'file:///data/user/0/com.simba.player/cache/artCache/3lffo4-26.jpg' },
08-22 18:06:38.796 I/ReactNativeJS(20777): playlist: [],
08-22 18:06:38.796 I/ReactNativeJS(20777): queue: [],
08-22 18:06:38.796 I/ReactNativeJS(20777): playbackHistory: [],
08-22 18:06:38.796 I/ReactNativeJS(20777): currentIndex: -1,
08-22 18:06:38.796 I/ReactNativeJS(20777): playbackState: 'playing',
08-22 18:06:38.796 I/ReactNativeJS(20777): currentPosition: 0,
08-22 18:06:38.796 I/ReactNativeJS(20777): duration: 0,
08-22 18:06:38.796 I/ReactNativeJS(20777): volume: 1,
08-22 18:06:38.796 I/ReactNativeJS(20777): isFullscreen: false,
08-22 18:06:38.796 I/ReactNativeJS(20777): loopMode: 'none',
08-22 18:06:38.796 I/ReactNativeJS(20777): shuffle: false,
08-22 18:06:38.796 I/ReactNativeJS(20777): playbackSpeed: 1,
08-22 18:06:38.796 I/ReactNativeJS(20777): sleepTimerEndTime: null,
08-22 18:06:38.796 I/ReactNativeJS(20777): sleepTimerMode: 'time',
08-22 18:06:38.796 I/ReactNativeJS(20777): equalizerGains: [ 0, 0, 0, 0, 0, 0, 0, 0, 0, 0 ],
08-22 18:06:38.796 I/ReactNativeJS(20777): equalizerEnabled: false,
08-22 18:06:38.796 I/ReactNativeJS(20777): selectedQueueIndices: [] },
08-22 18:06:38.796 I/ReactNativeJS(20777): settings:
08-22 18:06:38.796 I/ReactNativeJS(20777): { themeMode: 'system',
08-22 18:06:38.796 I/ReactNativeJS(20777): repeatMode: 'off',
08-22 18:06:38.796 I/ReactNativeJS(20777): playbackSpeed: 1,
08-22 18:06:38.796 I/ReactNativeJS(20777): sleepTimerMinutes: 0,
08-22 18:06:38.796 I/ReactNativeJS(20777): isShuffleOn: false,
08-22 18:06:38.796 I/ReactNativeJS(20777): rememberPlaybackPosition: true,
08-22 18:06:38.796 I/ReactNativeJS(20777): isAudioNormalizationEnabled: false,
08-22 18:06:38.796 I/ReactNativeJS(20777): isDialogueBoostEnabled: false,
08-22 18:06:38.796 I/ReactNativeJS(20777): isHardwareAccelerationEnabled: true,
08-22 18:06:38.796 I/ReactNativeJS(20777): isAutoLoadSubtitlesEnabled: true,
08-22 18:06:38.796 I/ReactNativeJS(20777): preferredLanguages: 'eng, jpn, und',
08-22 18:06:38.796 I/ReactNativeJS(20777): externalSubtitleDirectories: './subs, ./subtitles',
08-22 18:06:38.796 I/ReactNativeJS(20777): subtitleFontSize: 16,
08-22 18:06:38.796 I/ReactNativeJS(20777): subtitleTextColor: '#FFFFFF',
08-22 18:06:38.796 I/ReactNativeJS(20777): subtitleBackgroundOpacity: 0.5,
08-22 18:06:38.796 I/ReactNativeJS(20777): skipSilenceEnabled: false,
08-22 18:06:38.796 I/ReactNativeJS(20777): sampleRate: 0,
08-22 18:06:38.796 I/ReactNativeJS(20777): replayGain: 'no',
08-22 18:06:38.796 I/ReactNativeJS(20777): gaplessPlayback: false,
08-22 18:06:38.796 I/ReactNativeJS(20777): audioDelay: 0,
08-22 18:06:38.796 I/ReactNativeJS(20777): eqEnabled: false,
08-22 18:06:38.796 I/ReactNativeJS(20777): eqPreset: 'Flat',
08-22 18:06:38.796 I/ReactNativeJS(20777): eqGains: [ 0, 0, 0, 0, 0, 0, 0, 0, 0, 0 ],
08-22 18:06:38.796 I/ReactNativeJS(20777): videoFolders: [],
08-22 18:06:38.796 I/ReactNativeJS(20777): audioFolders: [],
08-22 18:06:38.796 I/ReactNativeJS(20777): linkedFolders: [],
08-22 18:06:38.796 I/ReactNativeJS(20777): lastScanTimestamp: null,
08-22 18:06:38.796 I/ReactNativeJS(20777): isScanning: false,
08-22 18:06:38.796 I/ReactNativeJS(20777): mpvOptions: [],
08-22 18:06:38.796 I/ReactNativeJS(20777): hasLaunched: true,
08-22 18:06:38.796 I/ReactNativeJS(20777): largerControls: false,
08-22 18:06:38.796 I/ReactNativeJS(20777): highContrastSubtitles: false,
08-22 18:06:38.796 I/ReactNativeJS(20777): scanOnLaunch: false,
08-22 18:06:38.796 I/ReactNativeJS(20777): notificationsEnabled: true,
08-22 18:06:38.796 I/ReactNativeJS(20777): appLanguage: 'system',
08-22 18:06:38.796 I/ReactNativeJS(20777): autoDeleteDownloads: 0,
08-22 18:06:38.796 I/ReactNativeJS(20777): homeCity: '' },
08-22 18:06:38.796 I/ReactNativeJS(20777): session:
08-22 18:06:38.796 I/ReactNativeJS(20777): { playCounts: { 'https://prod-1.storage.jamendo.com/?trackid=1593988&format=mp31&from=%2FV3E9Qwm8kkOD6hbkNYXkg%3D%3D%7CMJJdmScXeWFhFQqasgwXjQ%3D%3D': 1 },
08-22 18:06:38.796 I/ReactNativeJS(20777): mediaLibrary:
08-22 18:06:38.796 I/ReactNativeJS(20777): [ { fileUri: 'https://prod-1.storage.jamendo.com/?trackid=1593988&format=mp31&from=%2FV3E9Qwm8kkOD6hbkNYXkg%3D%3D%7CMJJdmScXeWFhFQqasgwXjQ%3D%3D',
08-22 18:06:38.796 I/ReactNativeJS(20777): title: 'Lofi Chillout Hip Hop Beat',
08-22 18:06:38.796 I/ReactNativeJS(20777): duration: 149.69603333333333,
08-22 18:06:38.796 I/ReactNativeJS(20777): source: 'api',
08-22 18:06:38.796 I/ReactNativeJS(20777): type: 'music',
08-22 18:06:38.796 I/ReactNativeJS(20777): mediaType: 'audio',
08-22 18:06:38.796 I/ReactNativeJS(20777): provider: 'jamendo',
08-22 18:06:38.796 I/ReactNativeJS(20777): dateAdded: '2026-08-22T12:10:58.559Z' } ] },
08-22 18:06:38.796 I/ReactNativeJS(20777): playlists: { playlists: [] },
08-22 18:06:38.796 I/ReactNativeJS(20777): pip:
08-22 18:06:38.796 I/ReactNativeJS(20777): { isInPipMode: false,
08-22 18:06:38.796 I/ReactNativeJS(20777): surfaceUri: null,
08-22 18:06:38.796 I/ReactNativeJS(20777): pipedFileTitle: null,
08-22 18:06:38.796 I/ReactNativeJS(20777): chapterTitle: null,
08-22 18:06:38.796 I/ReactNativeJS(20777): chapterIndex: -1,
08-22 18:06:38.796 I/ReactNativeJS(20777): progressPercentage: '0 %' },
08-22 18:06:38.796 I/ReactNativeJS(20777): media:
08-22 18:06:38.796 I/ReactNativeJS(20777): { tracks: [],
08-22 18:06:38.796 I/ReactNativeJS(20777): isScanning: false,
08-22 18:06:38.796 I/ReactNativeJS(20777): cancelRequested: false,
08-22 18:06:38.796 I/ReactNativeJS(20777): scanProgress:
08-22 18:06:38.796 I/ReactNativeJS(20777): { currentFolder: null,
08-22 18:06:38.796 I/ReactNativeJS(20777): filesFound: 0,
08-22 18:06:38.796 I/ReactNativeJS(20777): totalFiles: 0,
08-22 18:06:38.796 I/ReactNativeJS(20777): percentComplete: 0 },
08-22 18:06:38.796 I/ReactNativeJS(20777): scanHistory:
08-22 18:06:38.796 I/ReactNativeJS(20777): { lastScanTime: null,
08-22 18:06:38.796 I/ReactNativeJS(20777): filesAdded: 0,
08-22 18:06:38.796 I/ReactNativeJS(20777): filesRemoved: 0,
08-22 18:06:38.796 I/ReactNativeJS(20777): errorsCount: 0,
08-22 18:06:38.796 I/ReactNativeJS(20777): unsupportedCount: 0 },
08-22 18:06:38.796 I/ReactNativeJS(20777): searchIndex: {} },
08-22 18:06:38.796 I/ReactNativeJS(20777): auth:
08-22 18:06:38.796 I/ReactNativeJS(20777): { user:
08-22 18:06:38.796 I/ReactNativeJS(20777): { id: '107368191704644775546',
08-22 18:06:38.796 I/ReactNativeJS(20777): name: 'Paval EP',
08-22 18:06:38.796 I/ReactNativeJS(20777): email: 'pavalep@gmail.com',
08-22 18:06:38.796 I/ReactNativeJS(20777): photo: 'https://lh3.googleusercontent.com/a/ACg8ocKPW8izhGkENzCRf__xjdvKLyx3D2kpLHIodl2XQ5LeHa-7BXdv=s96-c' },
08-22 18:06:38.796 I/ReactNativeJS(20777): isAuthenticated: true,
08-22 18:06:38.796 I/ReactNativeJS(20777): isLoading: false,
08-22 18:06:38.796 I/ReactNativeJS(20777): isRestoring: false,
08-22 18:06:38.796 I/ReactNativeJS(20777): error: null,
08-22 18:06:38.796 I/ReactNativeJS(20777): errorKind: null,
08-22 18:06:38.796 I/ReactNativeJS(20777): lastSignedInAt: 1787402186578,
08-22 18:06:38.796 I/ReactNativeJS(20777): sessionExpiresAt: 1789994186578 },
08-22 18:06:38.796 I/ReactNativeJS(20777): bookmark: { items: [] },
08-22 18:06:38.796 I/ReactNativeJS(20777): followedPodcasts: { items: [] },
08-22 18:06:38.796 I/ReactNativeJS(20777): liveFavorites: { items: [] },
08-22 18:06:38.796 I/ReactNativeJS(20777): downloads: { records: [] },
08-22 18:06:38.796 I/ReactNativeJS(20777): weather:
08-22 18:06:38.796 I/ReactNativeJS(20777): { status: 'success',
08-22 18:06:38.796 I/ReactNativeJS(20777): snapshot:
08-22 18:06:38.796 I/ReactNativeJS(20777): { condition: 'partlyCloudy',
08-22 18:06:38.796 I/ReactNativeJS(20777): description: 'Mainly clear',
08-22 18:06:38.796 I/ReactNativeJS(20777): temperatureC: 14,
08-22 18:06:38.796 I/ReactNativeJS(20777): isDay: false,
08-22 18:06:38.796 I/ReactNativeJS(20777): cityName: 'San Jose',
08-22 18:06:38.796 I/ReactNativeJS(20777): source: 'coords',
08-22 18:06:38.796 I/ReactNativeJS(20777): fetchedAt: 1787399164330 },
08-22 18:06:38.796 I/ReactNativeJS(20777): fetchedAt: 1787399164330,
08-22 18:06:38.796 I/ReactNativeJS(20777): error: null },
08-22 18:06:38.796 I/ReactNativeJS(20777): recentHistory:
08-22 18:06:38.796 I/ReactNativeJS(20777): { entries:
08-22 18:06:38.796 I/ReactNativeJS(20777): [ { fileUri: 'https://prod-1.storage.jamendo.com/?trackid=1593988&format=mp31&from=%2FV3E9Qwm8kkOD6hbkNYXkg%3D%3D%7CMJJdmScXeWFhFQqasgwXjQ%3D%3D',
08-22 18:06:38.796 I/ReactNativeJS(20777): title: 'Lofi Chillout Hip Hop Beat',
08-22 18:06:38.796 I/ReactNativeJS(20777): position: 149.69603245463844,
08-22 18:06:38.796 I/ReactNativeJS(20777): duration: 149.69603333333333,
08-22 18:06:38.796 I/ReactNativeJS(20777): lastPlayedAt: '2026-08-22T12:10:58.406Z',
08-22 18:06:38.796 I/ReactNativeJS(20777): thumbnailPath: 'file:///data/user/0/com.simba.player/cache/artCache/3lffo4-26.jpg',
08-22 18:06:38.796 I/ReactNativeJS(20777): source: 'api',
08-22 18:06:38.796 I/ReactNativeJS(20777): type: 'music',
08-22 18:06:38.796 I/ReactNativeJS(20777): mediaType: 'audio',
08-22 18:06:38.796 I/ReactNativeJS(20777): provider: 'jamendo' } ] },
08-22 18:06:38.796 I/ReactNativeJS(20777): _persist: { version: -1, rehydrated: true } }
08-22 18:06:38.800 I/ReactNativeJS(20777): Γöÿ
08-22 18:06:38.820 I/ReactNativeJS(20777): Γöÿ ≡ƒÅ╖ player/updateCurrentFileMetadata (in 18:06:38.804, took 15.01ms)
08-22 18:06:38.827 I/ReactNativeJS(20777): Γöé '%c prev state', 'color: #9E9E9E; font-weight: bold', { player:
08-22 18:06:38.827 I/ReactNativeJS(20777): { currentFile:
08-22 18:06:38.827 I/ReactNativeJS(20777): { uri: 'https://prod-1.storage.jamendo.com/?trackid=1593988&format=mp31&from=%2FV3E9Qwm8kkOD6hbkNYXkg%3D%3D%7CMJJdmScXeWFhFQqasgwXjQ%3D%3D',
08-22 18:06:38.827 I/ReactNativeJS(20777): title: 'Lofi Chillout Hip Hop Beat',
08-22 18:06:38.827 I/ReactNativeJS(20777): duration: 0,
08-22 18:06:38.827 I/ReactNativeJS(20777): source: 'api',
08-22 18:06:38.827 I/ReactNativeJS(20777): type: 'music',
08-22 18:06:38.827 I/ReactNativeJS(20777): mediaType: 'audio',
08-22 18:06:38.827 I/ReactNativeJS(20777): provider: 'jamendo',
08-22 18:06:38.827 I/ReactNativeJS(20777): folderId: undefined,
08-22 18:06:38.827 I/ReactNativeJS(20777): artworkUri: 'file:///data/user/0/com.simba.player/cache/artCache/3lffo4-26.jpg' },
08-22 18:06:38.827 I/ReactNativeJS(20777): playlist: [],
08-22 18:06:38.827 I/ReactNativeJS(20777): queue: [],
08-22 18:06:38.827 I/ReactNativeJS(20777): playbackHistory: [],
08-22 18:06:38.827 I/ReactNativeJS(20777): currentIndex: -1,
08-22 18:06:38.827 I/ReactNativeJS(20777): playbackState: 'playing',
08-22 18:06:38.827 I/ReactNativeJS(20777): currentPosition: 0,
08-22 18:06:38.827 I/ReactNativeJS(20777): duration: 0,
08-22 18:06:38.827 I/ReactNativeJS(20777): volume: 1,
08-22 18:06:38.827 I/ReactNativeJS(20777): isFullscreen: false,
08-22 18:06:38.827 I/ReactNativeJS(20777): loopMode: 'none',
08-22 18:06:38.827 I/ReactNativeJS(20777): shuffle: false,
08-22 18:06:38.827 I/ReactNativeJS(20777): playbackSpeed: 1,
08-22 18:06:38.827 I/ReactNativeJS(20777): sleepTimerEndTime: null,
08-22 18:06:38.827 I/ReactNativeJS(20777): sleepTimerMode: 'time',
08-22 18:06:38.827 I/ReactNativeJS(20777): equalizerGains: [ 0, 0, 0, 0, 0, 0, 0, 0, 0, 0 ],
08-22 18:06:38.827 I/ReactNativeJS(20777): equalizerEnabled: false,
08-22 18:06:38.827 I/ReactNativeJS(20777): selectedQueueIndices: [] },
08-22 18:06:38.827 I/ReactNativeJS(20777): settings:
08-22 18:06:38.827 I/ReactNativeJS(20777): { themeMode: 'system',
08-22 18:06:38.827 I/ReactNativeJS(20777): repeatMode: 'off',
08-22 18:06:38.827 I/ReactNativeJS(20777): playbackSpeed: 1,
08-22 18:06:38.827 I/ReactNativeJS(20777): sleepTimerMinutes: 0,
08-22 18:06:38.827 I/ReactNativeJS(20777): isShuffleOn: false,
08-22 18:06:38.827 I/ReactNativeJS(20777): rememberPlaybackPosition: true,
08-22 18:06:38.827 I/ReactNativeJS(20777): isAudioNormalizationEnabled: false,
08-22 18:06:38.827 I/ReactNativeJS(20777): isDialogueBoostEnabled: false,
08-22 18:06:38.827 I/ReactNativeJS(20777): isHardwareAccelerationEnabled: true,
08-22 18:06:38.827 I/ReactNativeJS(20777): isAutoLoadSubtitlesEnabled: true,
08-22 18:06:38.827 I/ReactNativeJS(20777): preferredLanguages: 'eng, jpn, und',
08-22 18:06:38.827 I/ReactNativeJS(20777): externalSubtitleDirectories: './subs, ./subtitles',
08-22 18:06:38.827 I/ReactNativeJS(20777): subtitleFontSize: 16,
08-22 18:06:38.827 I/ReactNativeJS(20777): subtitleTextColor: '#FFFFFF',
08-22 18:06:38.827 I/ReactNativeJS(20777): subtitleBackgroundOpacity: 0.5,
08-22 18:06:38.827 I/ReactNativeJS(20777): skipSilenceEnabled: false,
08-22 18:06:38.827 I/ReactNativeJS(20777): sampleRate: 0,
08-22 18:06:38.827 I/ReactNativeJS(20777): replayGain: 'no',
08-22 18:06:38.827 I/ReactNativeJS(20777): gaplessPlayback: false,
08-22 18:06:38.827 I/ReactNativeJS(20777): audioDelay: 0,
08-22 18:06:38.827 I/ReactNativeJS(20777): eqEnabled: false,
08-22 18:06:38.827 I/ReactNativeJS(20777): eqPreset: 'Flat',
08-22 18:06:38.827 I/ReactNativeJS(20777): eqGains: [ 0, 0, 0, 0, 0, 0, 0, 0, 0, 0 ],
08-22 18:06:38.827 I/ReactNativeJS(20777): videoFolders: [],
08-22 18:06:38.827 I/ReactNativeJS(20777): audioFolders: [],
08-22 18:06:38.827 I/ReactNativeJS(20777): linkedFolders: [],
08-22 18:06:38.827 I/ReactNativeJS(20777): lastScanTimestamp: null,
08-22 18:06:38.827 I/ReactNativeJS(20777): isScanning: false,
08-22 18:06:38.827 I/ReactNativeJS(20777): mpvOptions: [],
08-22 18:06:38.827 I/ReactNativeJS(20777): hasLaunched: true,
08-22 18:06:38.827 I/ReactNativeJS(20777): largerControls: false,
08-22 18:06:38.827 I/ReactNativeJS(20777): highContrastSubtitles: false,
08-22 18:06:38.827 I/ReactNativeJS(20777): scanOnLaunch: false,
08-22 18:06:38.827 I/ReactNativeJS(20777): notificationsEnabled: true,
08-22 18:06:38.827 I/ReactNativeJS(20777): appLanguage: 'system',
08-22 18:06:38.827 I/ReactNativeJS(20777): autoDeleteDownloads: 0,
08-22 18:06:38.827 I/ReactNativeJS(20777): homeCity: '' },
08-22 18:06:38.827 I/ReactNativeJS(20777): session:
08-22 18:06:38.827 I/ReactNativeJS(20777): { playCounts: { 'https://prod-1.storage.jamendo.com/?trackid=1593988&format=mp31&from=%2FV3E9Qwm8kkOD6hbkNYXkg%3D%3D%7CMJJdmScXeWFhFQqasgwXjQ%3D%3D': 1 },
08-22 18:06:38.827 I/ReactNativeJS(20777): mediaLibrary:
08-22 18:06:38.827 I/ReactNativeJS(20777): [ { fileUri: 'https://prod-1.storage.jamendo.com/?trackid=1593988&format=mp31&from=%2FV3E9Qwm8kkOD6hbkNYXkg%3D%3D%7CMJJdmScXeWFhFQqasgwXjQ%3D%3D',
08-22 18:06:38.827 I/ReactNativeJS(20777): title: 'Lofi Chillout Hip Hop Beat',
08-22 18:06:38.827 I/ReactNativeJS(20777): duration: 149.69603333333333,
08-22 18:06:38.827 I/ReactNativeJS(20777): source: 'api',
08-22 18:06:38.827 I/ReactNativeJS(20777): type: 'music',
08-22 18:06:38.827 I/ReactNativeJS(20777): mediaType: 'audio',
08-22 18:06:38.827 I/ReactNativeJS(20777): provider: 'jamendo',
08-22 18:06:38.827 I/ReactNativeJS(20777): dateAdded: '2026-08-22T12:10:58.559Z' } ] },
08-22 18:06:38.827 I/ReactNativeJS(20777): playlists: { playlists: [] },
08-22 18:06:38.827 I/ReactNativeJS(20777): pip:
08-22 18:06:38.827 I/ReactNativeJS(20777): { isInPipMode: false,
08-22 18:06:38.827 I/ReactNativeJS(20777): surfaceUri: null,
08-22 18:06:38.827 I/ReactNativeJS(20777): pipedFileTitle: null,
08-22 18:06:38.827 I/ReactNativeJS(20777): chapterTitle: null,
08-22 18:06:38.827 I/ReactNativeJS(20777): chapterIndex: -1,
08-22 18:06:38.827 I/ReactNativeJS(20777): progressPercentage: '0 %' },
08-22 18:06:38.827 I/ReactNativeJS(20777): media:
08-22 18:06:38.827 I/ReactNativeJS(20777): { tracks: [],
08-22 18:06:38.827 I/ReactNativeJS(20777): isScanning: false,
08-22 18:06:38.827 I/ReactNativeJS(20777): cancelRequested: false,
08-22 18:06:38.827 I/ReactNativeJS(20777): scanProgress:
08-22 18:06:38.827 I/ReactNativeJS(20777): { currentFolder: null,
08-22 18:06:38.827 I/ReactNativeJS(20777): filesFound: 0,
08-22 18:06:38.827 I/ReactNativeJS(20777): totalFiles: 0,
08-22 18:06:38.827 I/ReactNativeJS(20777): percentComplete: 0 },
08-22 18:06:38.827 I/ReactNativeJS(20777): scanHistory:
08-22 18:06:38.827 I/ReactNativeJS(20777): { lastScanTime: null,
08-22 18:06:38.827 I/ReactNativeJS(20777): filesAdded: 0,
08-22 18:06:38.827 I/ReactNativeJS(20777): filesRemoved: 0,
08-22 18:06:38.827 I/ReactNativeJS(20777): errorsCount: 0,
08-22 18:06:38.827 I/ReactNativeJS(20777): unsupportedCount: 0 },
08-22 18:06:38.827 I/ReactNativeJS(20777): searchIndex: {} },
08-22 18:06:38.827 I/ReactNativeJS(20777): auth:
08-22 18:06:38.827 I/ReactNativeJS(20777): { user:
08-22 18:06:38.827 I/ReactNativeJS(20777): { id: '107368191704644775546',
08-22 18:06:38.827 I/ReactNativeJS(20777): name: 'Paval EP',
08-22 18:06:38.827 I/ReactNativeJS(20777): email: 'pavalep@gmail.com',
08-22 18:06:38.827 I/ReactNativeJS(20777): photo: 'https://lh3.googleusercontent.com/a/ACg8ocKPW8izhGkENzCRf__xjdvKLyx3D2kpLHIodl2XQ5LeHa-7BXdv=s96-c' },
08-22 18:06:38.827 I/ReactNativeJS(20777): isAuthenticated: true,
08-22 18:06:38.827 I/ReactNativeJS(20777): isLoading: false,
08-22 18:06:38.827 I/ReactNativeJS(20777): isRestoring: false,
08-22 18:06:38.827 I/ReactNativeJS(20777): error: null,
08-22 18:06:38.827 I/ReactNativeJS(20777): errorKind: null,
08-22 18:06:38.827 I/ReactNativeJS(20777): lastSignedInAt: 1787402186578,
08-22 18:06:38.827 I/ReactNativeJS(20777): sessionExpiresAt: 1789994186578 },
08-22 18:06:38.827 I/ReactNativeJS(20777): bookmark: { items: [] },
08-22 18:06:38.827 I/ReactNativeJS(20777): followedPodcasts: { items: [] },
08-22 18:06:38.827 I/ReactNativeJS(20777): liveFavorites: { items: [] },
08-22 18:06:38.827 I/ReactNativeJS(20777): downloads: { records: [] },
08-22 18:06:38.827 I/ReactNativeJS(20777): weather:
08-22 18:06:38.827 I/ReactNativeJS(20777): { status: 'success',
08-22 18:06:38.827 I/ReactNativeJS(20777): snapshot:
08-22 18:06:38.827 I/ReactNativeJS(20777): { condition: 'partlyCloudy',
08-22 18:06:38.827 I/ReactNativeJS(20777): description: 'Mainly clear',
08-22 18:06:38.827 I/ReactNativeJS(20777): temperatureC: 14,
08-22 18:06:38.827 I/ReactNativeJS(20777): isDay: false,
08-22 18:06:38.827 I/ReactNativeJS(20777): cityName: 'San Jose',
08-22 18:06:38.827 I/ReactNativeJS(20777): source: 'coords',
08-22 18:06:38.827 I/ReactNativeJS(20777): fetchedAt: 1787399164330 },
08-22 18:06:38.827 I/ReactNativeJS(20777): fetchedAt: 1787399164330,
08-22 18:06:38.827 I/ReactNativeJS(20777): error: null },
08-22 18:06:38.827 I/ReactNativeJS(20777): recentHistory:
08-22 18:06:38.827 I/ReactNativeJS(20777): { entries:
08-22 18:06:38.827 I/ReactNativeJS(20777): [ { fileUri: 'https://prod-1.storage.jamendo.com/?trackid=1593988&format=mp31&from=%2FV3E9Qwm8kkOD6hbkNYXkg%3D%3D%7CMJJdmScXeWFhFQqasgwXjQ%3D%3D',
08-22 18:06:38.827 I/ReactNativeJS(20777): title: 'Lofi Chillout Hip Hop Beat',
08-22 18:06:38.827 I/ReactNativeJS(20777): position: 149.69603245463844,
08-22 18:06:38.827 I/ReactNativeJS(20777): duration: 149.69603333333333,
08-22 18:06:38.827 I/ReactNativeJS(20777): lastPlayedAt: '2026-08-22T12:10:58.406Z',
08-22 18:06:38.827 I/ReactNativeJS(20777): thumbnailPath: 'file:///data/user/0/com.simba.player/cache/artCache/3lffo4-26.jpg',
08-22 18:06:38.827 I/ReactNativeJS(20777): source: 'api',
08-22 18:06:38.827 I/ReactNativeJS(20777): type: 'music',
08-22 18:06:38.827 I/ReactNativeJS(20777): mediaType: 'audio',
08-22 18:06:38.827 I/ReactNativeJS(20777): provider: 'jamendo' } ] },
08-22 18:06:38.827 I/ReactNativeJS(20777): _persist: { version: -1, rehydrated: true } }
08-22 18:06:38.828 I/ReactNativeJS(20777): Γöé '%c action ', 'color: #03A9F4; font-weight: bold', { type: 'player/updateCurrentFileMetadata',
08-22 18:06:38.828 I/ReactNativeJS(20777): payload: { artworkUri: 'file:///data/user/0/com.simba.player/cache/artCache/3lffo4-26.jpg' } }
08-22 18:06:38.837 I/ReactNativeJS(20777): Γöé '%c next state', 'color: #4CAF50; font-weight: bold', { player:
08-22 18:06:38.837 I/ReactNativeJS(20777): { currentFile:
08-22 18:06:38.837 I/ReactNativeJS(20777): { uri: 'https://prod-1.storage.jamendo.com/?trackid=1593988&format=mp31&from=%2FV3E9Qwm8kkOD6hbkNYXkg%3D%3D%7CMJJdmScXeWFhFQqasgwXjQ%3D%3D',
08-22 18:06:38.837 I/ReactNativeJS(20777): title: 'Lofi Chillout Hip Hop Beat',
08-22 18:06:38.837 I/ReactNativeJS(20777): duration: 0,
08-22 18:06:38.837 I/ReactNativeJS(20777): source: 'api',
08-22 18:06:38.837 I/ReactNativeJS(20777): type: 'music',
08-22 18:06:38.837 I/ReactNativeJS(20777): mediaType: 'audio',
08-22 18:06:38.837 I/ReactNativeJS(20777): provider: 'jamendo',
08-22 18:06:38.837 I/ReactNativeJS(20777): folderId: undefined,
08-22 18:06:38.837 I/ReactNativeJS(20777): artworkUri: 'file:///data/user/0/com.simba.player/cache/artCache/3lffo4-26.jpg' },
08-22 18:06:38.837 I/ReactNativeJS(20777): playlist: [],
08-22 18:06:38.837 I/ReactNativeJS(20777): queue: [],
08-22 18:06:38.837 I/ReactNativeJS(20777): playbackHistory: [],
08-22 18:06:38.837 I/ReactNativeJS(20777): currentIndex: -1,
08-22 18:06:38.837 I/ReactNativeJS(20777): playbackState: 'playing',
08-22 18:06:38.837 I/ReactNativeJS(20777): currentPosition: 0,
08-22 18:06:38.837 I/ReactNativeJS(20777): duration: 0,
08-22 18:06:38.837 I/ReactNativeJS(20777): volume: 1,
08-22 18:06:38.837 I/ReactNativeJS(20777): isFullscreen: false,
08-22 18:06:38.837 I/ReactNativeJS(20777): loopMode: 'none',
08-22 18:06:38.837 I/ReactNativeJS(20777): shuffle: false,
08-22 18:06:38.837 I/ReactNativeJS(20777): playbackSpeed: 1,
08-22 18:06:38.837 I/ReactNativeJS(20777): sleepTimerEndTime: null,
08-22 18:06:38.837 I/ReactNativeJS(20777): sleepTimerMode: 'time',
08-22 18:06:38.837 I/ReactNativeJS(20777): equalizerGains: [ 0, 0, 0, 0, 0, 0, 0, 0, 0, 0 ],
08-22 18:06:38.837 I/ReactNativeJS(20777): equalizerEnabled: false,
08-22 18:06:38.837 I/ReactNativeJS(20777): selectedQueueIndices: [] },
08-22 18:06:38.837 I/ReactNativeJS(20777): settings:
08-22 18:06:38.837 I/ReactNativeJS(20777): { themeMode: 'system',
08-22 18:06:38.837 I/ReactNativeJS(20777): repeatMode: 'off',
08-22 18:06:38.837 I/ReactNativeJS(20777): playbackSpeed: 1,
08-22 18:06:38.837 I/ReactNativeJS(20777): sleepTimerMinutes: 0,
08-22 18:06:38.837 I/ReactNativeJS(20777): isShuffleOn: false,
08-22 18:06:38.837 I/ReactNativeJS(20777): rememberPlaybackPosition: true,
08-22 18:06:38.837 I/ReactNativeJS(20777): isAudioNormalizationEnabled: false,
08-22 18:06:38.837 I/ReactNativeJS(20777): isDialogueBoostEnabled: false,
08-22 18:06:38.837 I/ReactNativeJS(20777): isHardwareAccelerationEnabled: true,
08-22 18:06:38.837 I/ReactNativeJS(20777): isAutoLoadSubtitlesEnabled: true,
08-22 18:06:38.837 I/ReactNativeJS(20777): preferredLanguages: 'eng, jpn, und',
08-22 18:06:38.837 I/ReactNativeJS(20777): externalSubtitleDirectories: './subs, ./subtitles',
08-22 18:06:38.837 I/ReactNativeJS(20777): subtitleFontSize: 16,
08-22 18:06:38.837 I/ReactNativeJS(20777): subtitleTextColor: '#FFFFFF',
08-22 18:06:38.837 I/ReactNativeJS(20777): subtitleBackgroundOpacity: 0.5,
08-22 18:06:38.837 I/ReactNativeJS(20777): skipSilenceEnabled: false,
08-22 18:06:38.837 I/ReactNativeJS(20777): sampleRate: 0,
08-22 18:06:38.837 I/ReactNativeJS(20777): replayGain: 'no',
08-22 18:06:38.837 I/ReactNativeJS(20777): gaplessPlayback: false,
08-22 18:06:38.837 I/ReactNativeJS(20777): audioDelay: 0,
08-22 18:06:38.837 I/ReactNativeJS(20777): eqEnabled: false,
08-22 18:06:38.837 I/ReactNativeJS(20777): eqPreset: 'Flat',
08-22 18:06:38.837 I/ReactNativeJS(20777): eqGains: [ 0, 0, 0, 0, 0, 0, 0, 0, 0, 0 ],
08-22 18:06:38.837 I/ReactNativeJS(20777): videoFolders: [],
08-22 18:06:38.837 I/ReactNativeJS(20777): audioFolders: [],
08-22 18:06:38.837 I/ReactNativeJS(20777): linkedFolders: [],
08-22 18:06:38.837 I/ReactNativeJS(20777): lastScanTimestamp: null,
08-22 18:06:38.837 I/ReactNativeJS(20777): isScanning: false,
08-22 18:06:38.837 I/ReactNativeJS(20777): mpvOptions: [],
08-22 18:06:38.837 I/ReactNativeJS(20777): hasLaunched: true,
08-22 18:06:38.837 I/ReactNativeJS(20777): largerControls: false,
08-22 18:06:38.837 I/ReactNativeJS(20777): highContrastSubtitles: false,
08-22 18:06:38.837 I/ReactNativeJS(20777): scanOnLaunch: false,
08-22 18:06:38.837 I/ReactNativeJS(20777): notificationsEnabled: true,
08-22 18:06:38.837 I/ReactNativeJS(20777): appLanguage: 'system',
08-22 18:06:38.837 I/ReactNativeJS(20777): autoDeleteDownloads: 0,
08-22 18:06:38.837 I/ReactNativeJS(20777): homeCity: '' },
08-22 18:06:38.837 I/ReactNativeJS(20777): session:
08-22 18:06:38.837 I/ReactNativeJS(20777): { playCounts: { 'https://prod-1.storage.jamendo.com/?trackid=1593988&format=mp31&from=%2FV3E9Qwm8kkOD6hbkNYXkg%3D%3D%7CMJJdmScXeWFhFQqasgwXjQ%3D%3D': 1 },
08-22 18:06:38.837 I/ReactNativeJS(20777): mediaLibrary:
08-22 18:06:38.837 I/ReactNativeJS(20777): [ { fileUri: 'https://prod-1.storage.jamendo.com/?trackid=1593988&format=mp31&from=%2FV3E9Qwm8kkOD6hbkNYXkg%3D%3D%7CMJJdmScXeWFhFQqasgwXjQ%3D%3D',
08-22 18:06:38.837 I/ReactNativeJS(20777): title: 'Lofi Chillout Hip Hop Beat',
08-22 18:06:38.837 I/ReactNativeJS(20777): duration: 149.69603333333333,
08-22 18:06:38.837 I/ReactNativeJS(20777): source: 'api',
08-22 18:06:38.837 I/ReactNativeJS(20777): type: 'music',
08-22 18:06:38.837 I/ReactNativeJS(20777): mediaType: 'audio',
08-22 18:06:38.837 I/ReactNativeJS(20777): provider: 'jamendo',
08-22 18:06:38.837 I/ReactNativeJS(20777): dateAdded: '2026-08-22T12:10:58.559Z' } ] },
08-22 18:06:38.837 I/ReactNativeJS(20777): playlists: { playlists: [] },
08-22 18:06:38.837 I/ReactNativeJS(20777): pip:
08-22 18:06:38.837 I/ReactNativeJS(20777): { isInPipMode: false,
08-22 18:06:38.837 I/ReactNativeJS(20777): surfaceUri: null,
08-22 18:06:38.837 I/ReactNativeJS(20777): pipedFileTitle: null,
08-22 18:06:38.837 I/ReactNativeJS(20777): chapterTitle: null,
08-22 18:06:38.837 I/ReactNativeJS(20777): chapterIndex: -1,
08-22 18:06:38.837 I/ReactNativeJS(20777): progressPercentage: '0 %' },
08-22 18:06:38.837 I/ReactNativeJS(20777): media:
08-22 18:06:38.837 I/ReactNativeJS(20777): { tracks: [],
08-22 18:06:38.837 I/ReactNativeJS(20777): isScanning: false,
08-22 18:06:38.837 I/ReactNativeJS(20777): cancelRequested: false,
08-22 18:06:38.837 I/ReactNativeJS(20777): scanProgress:
08-22 18:06:38.837 I/ReactNativeJS(20777): { currentFolder: null,
08-22 18:06:38.837 I/ReactNativeJS(20777): filesFound: 0,
08-22 18:06:38.837 I/ReactNativeJS(20777): totalFiles: 0,
08-22 18:06:38.837 I/ReactNativeJS(20777): percentComplete: 0 },
08-22 18:06:38.837 I/ReactNativeJS(20777): scanHistory:
08-22 18:06:38.837 I/ReactNativeJS(20777): { lastScanTime: null,
08-22 18:06:38.837 I/ReactNativeJS(20777): filesAdded: 0,
08-22 18:06:38.837 I/ReactNativeJS(20777): filesRemoved: 0,
08-22 18:06:38.837 I/ReactNativeJS(20777): errorsCount: 0,
08-22 18:06:38.837 I/ReactNativeJS(20777): unsupportedCount: 0 },
08-22 18:06:38.837 I/ReactNativeJS(20777): searchIndex: {} },
08-22 18:06:38.837 I/ReactNativeJS(20777): auth:
08-22 18:06:38.837 I/ReactNativeJS(20777): { user:
08-22 18:06:38.837 I/ReactNativeJS(20777): { id: '107368191704644775546',
08-22 18:06:38.837 I/ReactNativeJS(20777): name: 'Paval EP',
08-22 18:06:38.837 I/ReactNativeJS(20777): email: 'pavalep@gmail.com',
08-22 18:06:38.837 I/ReactNativeJS(20777): photo: 'https://lh3.googleusercontent.com/a/ACg8ocKPW8izhGkENzCRf__xjdvKLyx3D2kpLHIodl2XQ5LeHa-7BXdv=s96-c' },
08-22 18:06:38.837 I/ReactNativeJS(20777): isAuthenticated: true,
08-22 18:06:38.837 I/ReactNativeJS(20777): isLoading: false,
08-22 18:06:38.837 I/ReactNativeJS(20777): isRestoring: false,
08-22 18:06:38.837 I/ReactNativeJS(20777): error: null,
08-22 18:06:38.837 I/ReactNativeJS(20777): errorKind: null,
08-22 18:06:38.837 I/ReactNativeJS(20777): lastSignedInAt: 1787402186578,
08-22 18:06:38.837 I/ReactNativeJS(20777): sessionExpiresAt: 1789994186578 },
08-22 18:06:38.837 I/ReactNativeJS(20777): bookmark: { items: [] },
08-22 18:06:38.837 I/ReactNativeJS(20777): followedPodcasts: { items: [] },
08-22 18:06:38.837 I/ReactNativeJS(20777): liveFavorites: { items: [] },
08-22 18:06:38.837 I/ReactNativeJS(20777): downloads: { records: [] },
08-22 18:06:38.837 I/ReactNativeJS(20777): weather:
08-22 18:06:38.837 I/ReactNativeJS(20777): { status: 'success',
08-22 18:06:38.837 I/ReactNativeJS(20777): snapshot:
08-22 18:06:38.837 I/ReactNativeJS(20777): { condition: 'partlyCloudy',
08-22 18:06:38.837 I/ReactNativeJS(20777): description: 'Mainly clear',
08-22 18:06:38.837 I/ReactNativeJS(20777): temperatureC: 14,
08-22 18:06:38.837 I/ReactNativeJS(20777): isDay: false,
08-22 18:06:38.837 I/ReactNativeJS(20777): cityName: 'San Jose',
08-22 18:06:38.837 I/ReactNativeJS(20777): source: 'coords',
08-22 18:06:38.837 I/ReactNativeJS(20777): fetchedAt: 1787399164330 },
08-22 18:06:38.837 I/ReactNativeJS(20777): fetchedAt: 1787399164330,
08-22 18:06:38.837 I/ReactNativeJS(20777): error: null },
08-22 18:06:38.837 I/ReactNativeJS(20777): recentHistory:
08-22 18:06:38.837 I/ReactNativeJS(20777): { entries:
08-22 18:06:38.837 I/ReactNativeJS(20777): [ { fileUri: 'https://prod-1.storage.jamendo.com/?trackid=1593988&format=mp31&from=%2FV3E9Qwm8kkOD6hbkNYXkg%3D%3D%7CMJJdmScXeWFhFQqasgwXjQ%3D%3D',
08-22 18:06:38.837 I/ReactNativeJS(20777): title: 'Lofi Chillout Hip Hop Beat',
08-22 18:06:38.837 I/ReactNativeJS(20777): position: 149.69603245463844,
08-22 18:06:38.837 I/ReactNativeJS(20777): duration: 149.69603333333333,
08-22 18:06:38.837 I/ReactNativeJS(20777): lastPlayedAt: '2026-08-22T12:10:58.406Z',
08-22 18:06:38.837 I/ReactNativeJS(20777): thumbnailPath: 'file:///data/user/0/com.simba.player/cache/artCache/3lffo4-26.jpg',
08-22 18:06:38.837 I/ReactNativeJS(20777): source: 'api',
08-22 18:06:38.837 I/ReactNativeJS(20777): type: 'music',
08-22 18:06:38.837 I/ReactNativeJS(20777): mediaType: 'audio',
08-22 18:06:38.837 I/ReactNativeJS(20777): provider: 'jamendo' } ] },
08-22 18:06:38.837 I/ReactNativeJS(20777): _persist: { version: -1, rehydrated: true } }
08-22 18:06:38.839 I/ReactNativeJS(20777): Γöÿ
08-22 18:06:38.850 W/ReactNativeJS(20777): `new NativeEventEmitter()` was called with a non-null argument without the required `addListener` method.
08-22 18:06:38.851 W/ReactNativeJS(20777): `new NativeEventEmitter()` was called with a non-null argument without the required `removeListeners` method.
08-22 18:06:38.860 I/MpvBridgeModule(20777): [PlaybackTrace][Bridge][observeProperty] name=cache-buffering-state initialized=true
08-22 18:06:38.862 I/MpvProperty(20777): [PlaybackTrace][Native][observe] property=cache-buffering-state id=4060560534374325851 format=5 result=0
08-22 18:06:38.862 I/MpvBridgeModule(20777): [PlaybackTrace][Bridge][observeProperty] name=paused-for-cache initialized=true
08-22 18:06:38.862 I/MpvEvent(20777): [PlaybackTrace][Native][eventLoop] event_id=22 error=0
08-22 18:06:38.862 I/MpvEvent(20777): [PlaybackTrace][Native][eventLoop] property=cache-buffering-state format=NONE
08-22 18:06:38.863 I/MpvProperty(20777): [PlaybackTrace][Native][observe] property=paused-for-cache id=5839792331034341279 format=3 result=0
08-22 18:06:38.863 I/MpvBridgeModule(20777): [PlaybackTrace][Bridge][observeProperty] name=demuxer-cache-state initialized=true
08-22 18:06:38.863 I/MpvProperty(20777): [PlaybackTrace][Native][observe] property=demuxer-cache-state id=10892494493859709653 format=6 result=0
08-22 18:06:38.864 I/MpvBridgeModule(20777): [PlaybackTrace][Bridge][observeProperty] name=seekable initialized=true
08-22 18:06:38.864 I/MpvProperty(20777): [PlaybackTrace][Native][observe] property=seekable id=3256581842898 format=3 result=0
08-22 18:06:38.864 I/MpvEvent(20777): [PlaybackTrace][Native][eventLoop] event_id=22 error=0
08-22 18:06:38.864 I/MpvEvent(20777): [PlaybackTrace][Native][eventLoop] property=paused-for-cache format=NONE
08-22 18:06:38.864 I/MpvEvent(20777): [PlaybackTrace][Native][eventLoop] event_id=22 error=0
08-22 18:06:38.864 I/MpvEvent(20777): [PlaybackTrace][Native][eventLoop] property=demuxer-cache-state format=NONE
08-22 18:06:38.864 I/MpvEvent(20777): [PlaybackTrace][Native][eventLoop] event_id=22 error=0
08-22 18:06:38.864 I/MpvEvent(20777): [PlaybackTrace][Native][eventLoop] property=seekable format=NONE
08-22 18:06:38.975 I/MpvJNI (20777): [PlaybackTrace][Native][getDuration] result=-10 duration=0.000000
08-22 18:06:38.975 D/MpvBridgeModule(20777): [PlaybackTrace][Bridge][getDuration] ptr=131217387607136 duration=0.0
08-22 18:06:39.155 I/MpvEvent(20777): [PlaybackTrace][Native][eventLoop] event_id=2 error=0
08-22 18:06:39.156 I/MpvEvent(20777): [PlaybackTrace][Native][mpv-log] prefix=cplayer level=v text=Set property: hwdec="auto" -> 1
08-22 18:06:39.156 D/mpv (20777): [cplayer] v: Set property: hwdec="auto" -> 1
08-22 18:06:39.156 I/MpvEvent(20777): [PlaybackTrace][Native][eventLoop] event_id=2 error=0
08-22 18:06:39.156 I/MpvEvent(20777): [PlaybackTrace][Native][mpv-log] prefix=cplayer level=v text=Set property: sub-auto="fuzzy" -> 1
08-22 18:06:39.157 D/mpv (20777): [cplayer] v: Set property: sub-auto="fuzzy" -> 1
08-22 18:06:39.157 I/MpvEvent(20777): [PlaybackTrace][Native][eventLoop] event_id=2 error=0
08-22 18:06:39.157 I/MpvEvent(20777): [PlaybackTrace][Native][mpv-log] prefix=cplayer level=v text=Set property: slang="eng, jpn, und" -> 1
08-22 18:06:39.157 D/mpv (20777): [cplayer] v: Set property: slang="eng, jpn, und" -> 1
08-22 18:06:39.157 I/MpvEvent(20777): [PlaybackTrace][Native][eventLoop] event_id=2 error=0
08-22 18:06:39.157 I/MpvEvent(20777): [PlaybackTrace][Native][mpv-log] prefix=cplayer level=v text=Set property: volume-max="130" -> 1
08-22 18:06:39.157 D/mpv (20777): [cplayer] v: Set property: volume-max="130" -> 1
08-22 18:06:39.157 I/MpvEvent(20777): [PlaybackTrace][Native][eventLoop] event_id=2 error=0
08-22 18:06:39.157 I/MpvEvent(20777): [PlaybackTrace][Native][mpv-log] prefix=cplayer level=v text=Set property: replaygain="no" -> 1
08-22 18:06:39.157 D/mpv (20777): [cplayer] v: Set property: replaygain="no" -> 1
08-22 18:06:39.157 I/MpvEvent(20777): [PlaybackTrace][Native][eventLoop] event_id=2 error=0
08-22 18:06:39.157 I/MpvEvent(20777): [PlaybackTrace][Native][mpv-log] prefix=cplayer level=v text=Set property: gapless-audio="no" -> 1
08-22 18:06:39.157 D/mpv (20777): [cplayer] v: Set property: gapless-audio="no" -> 1
08-22 18:06:39.157 I/MpvEvent(20777): [PlaybackTrace][Native][eventLoop] event_id=2 error=0
08-22 18:06:39.157 I/MpvEvent(20777): [PlaybackTrace][Native][mpv-log] prefix=cplayer level=v text=Set property: audio-delay="0" -> 1
08-22 18:06:39.157 D/mpv (20777): [cplayer] v: Set property: audio-delay="0" -> 1
08-22 18:06:39.157 I/MpvEvent(20777): [PlaybackTrace][Native][eventLoop] event_id=2 error=0
08-22 18:06:39.157 I/MpvEvent(20777): [PlaybackTrace][Native][mpv-log] prefix=cplayer level=v text=Set property: audio-samplerate="0" -> 1
08-22 18:06:39.158 D/mpv (20777): [cplayer] v: Set property: audio-samplerate="0" -> 1
08-22 18:06:39.158 I/MpvEvent(20777): [PlaybackTrace][Native][eventLoop] event_id=2 error=0
08-22 18:06:39.158 I/MpvEvent(20777): [PlaybackTrace][Native][mpv-log] prefix=cplayer level=v text=Set property: af="" -> 1
08-22 18:06:39.158 D/mpv (20777): [cplayer] v: Set property: af="" -> 1
08-22 18:06:39.158 I/MpvEvent(20777): [PlaybackTrace][Native][eventLoop] event_id=2 error=0
08-22 18:06:39.158 I/MpvEvent(20777): [PlaybackTrace][Native][mpv-log] prefix=cplayer level=v text=Set property: speed=1.000000 -> 1
08-22 18:06:39.158 D/mpv (20777): [cplayer] v: Set property: speed=1.000000 -> 1
08-22 18:06:39.171 I/MpvEvent(20777): [PlaybackTrace][Native][eventLoop] event_id=2 error=0
08-22 18:06:39.171 I/MpvEvent(20777): [PlaybackTrace][Native][mpv-log] prefix=cplayer level=v text=Set property: speed=1.000000 -> 1
08-22 18:06:39.171 D/mpv (20777): [cplayer] v: Set property: speed=1.000000 -> 1
08-22 18:06:39.697 I/MpvEvent(20777): [PlaybackTrace][Native][eventLoop] event_id=2 error=0
08-22 18:06:39.701 I/MpvEvent(20777): [PlaybackTrace][Native][mpv-log] prefix=ffmpeg level=error text=tls: mbedtls_ssl_handshake returned -0x6600
08-22 18:06:39.701 D/mpv (20777): [ffmpeg] error: tls: mbedtls_ssl_handshake returned -0x6600
08-22 18:06:39.736 I/MpvEvent(20777): [PlaybackTrace][Native][eventLoop] event_id=2 error=0
08-22 18:06:39.736 I/MpvEvent(20777): [PlaybackTrace][Native][mpv-log] prefix=stream level=error text=Failed to open https://prod-1.storage.jamendo.com/?trackid=1593988&format=mp31&from=%2FV3E9Qwm8kkOD6hbkNYXkg%3D%3D%7CMJJdmScXeWFhFQqasgwXjQ%3D%3D.
08-22 18:06:39.737 D/mpv (20777): [stream] error: Failed to open https://prod-1.storage.jamendo.com/?trackid=1593988&format=mp31&from=%2FV3E9Qwm8kkOD6hbkNYXkg%3D%3D%7CMJJdmScXeWFhFQqasgwXjQ%3D%3D.
08-22 18:06:39.743 I/MpvEvent(20777): [PlaybackTrace][Native][eventLoop] event_id=2 error=0
08-22 18:06:39.743 I/MpvEvent(20777): [PlaybackTrace][Native][mpv-log] prefix=cplayer level=v text=Opening failed or was aborted: https://prod-1.storage.jamendo.com/?trackid=1593988&format=mp31&from=%2FV3E9Qwm8kkOD6hbkNYXkg%3D%3D%7CMJJdmScXeWFhFQqasgwXjQ%3D%3D
08-22 18:06:39.743 D/mpv (20777): [cplayer] v: Opening failed or was aborted: https://prod-1.storage.jamendo.com/?trackid=1593988&format=mp31&from=%2FV3E9Qwm8kkOD6hbkNYXkg%3D%3D%7CMJJdmScXeWFhFQqasgwXjQ%3D%3D
08-22 18:06:39.743 I/MpvEvent(20777): [PlaybackTrace][Native][eventLoop] event_id=2 error=0
08-22 18:06:39.743 I/MpvEvent(20777): [PlaybackTrace][Native][mpv-log] prefix=cplayer level=v text=Running hook: ytdl_hook/on_load_fail
08-22 18:06:39.744 D/mpv (20777): [cplayer] v: Running hook: ytdl_hook/on_load_fail
08-22 18:06:39.744 I/MpvEvent(20777): [PlaybackTrace][Native][eventLoop] event_id=2 error=0
08-22 18:06:39.744 I/MpvEvent(20777): [PlaybackTrace][Native][mpv-log] prefix=ytdl_hook level=v text=No youtube-dl found with path yt-dlp in config directories
08-22 18:06:39.744 D/mpv (20777): [ytdl_hook] v: No youtube-dl found with path yt-dlp in config directories
08-22 18:06:39.829 I/MpvEvent(20777): [PlaybackTrace][Native][eventLoop] event_id=2 error=0
08-22 18:06:39.829 I/MpvEvent(20777): [PlaybackTrace][Native][mpv-log] prefix=ytdl_hook level=v text=Starting subprocess: [yt-dlp, --no-warnings, -J, --flat-playlist, --sub-format, ass/srt/best, --sub-langs, all, --write-srt, --no-playlist, --, https://prod-1.storage.jamendo.com/?trackid=1593988&format=mp31&from=%2FV3E9Qwm8kkOD6hbkNYXkg%3D%3D%7CMJJdmScXeWFhFQqasgwXjQ%3D%3D]
08-22 18:06:39.829 D/mpv (20777): [ytdl_hook] v: Starting subprocess: [yt-dlp, --no-warnings, -J, --flat-playlist, --sub-format, ass/srt/best, --sub-langs, all, --write-srt, --no-playlist, --, https://prod-1.storage.jamendo.com/?trackid=1593988&format=mp31&from=%2FV3E9Qwm8kkOD6hbkNYXkg%3D%3D%7CMJJdmScXeWFhFQqasgwXjQ%3D%3D]
08-22 18:06:39.882 I/MpvJNI (20777): [PlaybackTrace][Native][getPosition] result=-10 position=0.000000
08-22 18:06:39.883 D/MpvBridgeModule(20777): [PlaybackTrace][Bridge][getPosition] ptr=131217387607136 position=0.0
08-22 18:06:39.885 I/MpvJNI (20777): [PlaybackTrace][Native][getDuration] result=-10 duration=0.000000
08-22 18:06:39.885 D/MpvBridgeModule(20777): [PlaybackTrace][Bridge][getDuration] ptr=131217387607136 duration=0.0
08-22 18:06:39.885 D/MpvBridgeModule(20777): [PlaybackTrace][Bridge][getPlaybackState] ptr=131217387607136 state=playing idle=false eof=false pause=false
08-22 18:06:39.926 I/MpvJNI (20777): [PlaybackTrace][Native][getDuration] result=-10 duration=0.000000
08-22 18:06:39.927 D/MpvBridgeModule(20777): [PlaybackTrace][Bridge][getDuration] ptr=131217387607136 duration=0.0
08-22 18:06:40.025 I/MpvEvent(20777): [PlaybackTrace][Native][eventLoop] event_id=2 error=0
08-22 18:06:40.025 I/MpvEvent(20777): [PlaybackTrace][Native][mpv-log] prefix=ytdl_hook level=error text=Subprocess failed: init
08-22 18:06:40.025 D/mpv (20777): [ytdl_hook] error: Subprocess failed: init
08-22 18:06:40.026 I/MpvEvent(20777): [PlaybackTrace][Native][eventLoop] event_id=2 error=0
08-22 18:06:40.026 I/MpvEvent(20777): [PlaybackTrace][Native][mpv-log] prefix=ytdl_hook level=v text=youtube-dl with path yt-dlp not found in PATH or not enough permissions
08-22 18:06:40.026 D/mpv (20777): [ytdl_hook] v: youtube-dl with path yt-dlp not found in PATH or not enough permissions
08-22 18:06:40.026 I/MpvEvent(20777): [PlaybackTrace][Native][eventLoop] event_id=2 error=0
08-22 18:06:40.026 I/MpvEvent(20777): [PlaybackTrace][Native][mpv-log] prefix=ytdl_hook level=v text=No youtube-dl found with path yt-dlp_x86 in config directories
08-22 18:06:40.026 D/mpv (20777): [ytdl_hook] v: No youtube-dl found with path yt-dlp_x86 in config directories
08-22 18:06:40.056 I/MpvEvent(20777): [PlaybackTrace][Native][eventLoop] event_id=2 error=0
08-22 18:06:40.061 I/MpvEvent(20777): [PlaybackTrace][Native][mpv-log] prefix=ytdl_hook level=v text=Starting subprocess: [yt-dlp_x86, --no-warnings, -J, --flat-playlist, --sub-format, ass/srt/best, --sub-langs, all, --write-srt, --no-playlist, --, https://prod-1.storage.jamendo.com/?trackid=1593988&format=mp31&from=%2FV3E9Qwm8kkOD6hbkNYXkg%3D%3D%7CMJJdmScXeWFhFQqasgwXjQ%3D%3D]
08-22 18:06:40.061 D/mpv (20777): [ytdl_hook] v: Starting subprocess: [yt-dlp_x86, --no-warnings, -J, --flat-playlist, --sub-format, ass/srt/best, --sub-langs, all, --write-srt, --no-playlist, --, https://prod-1.storage.jamendo.com/?trackid=1593988&format=mp31&from=%2FV3E9Qwm8kkOD6hbkNYXkg%3D%3D%7CMJJdmScXeWFhFQqasgwXjQ%3D%3D]
08-22 18:06:40.079 I/MpvEvent(20777): [PlaybackTrace][Native][eventLoop] event_id=2 error=0
08-22 18:06:40.079 I/MpvEvent(20777): [PlaybackTrace][Native][mpv-log] prefix=ytdl_hook level=error text=Subprocess failed: init
08-22 18:06:40.079 D/mpv (20777): [ytdl_hook] error: Subprocess failed: init
08-22 18:06:40.079 I/MpvEvent(20777): [PlaybackTrace][Native][eventLoop] event_id=2 error=0
08-22 18:06:40.080 I/MpvEvent(20777): [PlaybackTrace][Native][mpv-log] prefix=ytdl_hook level=v text=youtube-dl with path yt-dlp_x86 not found in PATH or not enough permissions
08-22 18:06:40.080 D/mpv (20777): [ytdl_hook] v: youtube-dl with path yt-dlp_x86 not found in PATH or not enough permissions
08-22 18:06:40.080 I/MpvEvent(20777): [PlaybackTrace][Native][eventLoop] event_id=2 error=0
08-22 18:06:40.080 I/MpvEvent(20777): [PlaybackTrace][Native][mpv-log] prefix=ytdl_hook level=v text=No youtube-dl found with path youtube-dl in config directories
08-22 18:06:40.080 D/mpv (20777): [ytdl_hook] v: No youtube-dl found with path youtube-dl in config directories
08-22 18:06:40.101 I/MpvEvent(20777): [PlaybackTrace][Native][eventLoop] event_id=2 error=0
08-22 18:06:40.101 I/MpvEvent(20777): [PlaybackTrace][Native][mpv-log] prefix=ytdl_hook level=v text=Starting subprocess: [youtube-dl, --no-warnings, -J, --flat-playlist, --sub-format, ass/srt/best, --sub-langs, all, --write-srt, --no-playlist, --, https://prod-1.storage.jamendo.com/?trackid=1593988&format=mp31&from=%2FV3E9Qwm8kkOD6hbkNYXkg%3D%3D%7CMJJdmScXeWFhFQqasgwXjQ%3D%3D]
08-22 18:06:40.101 D/mpv (20777): [ytdl_hook] v: Starting subprocess: [youtube-dl, --no-warnings, -J, --flat-playlist, --sub-format, ass/srt/best, --sub-langs, all, --write-srt, --no-playlist, --, https://prod-1.storage.jamendo.com/?trackid=1593988&format=mp31&from=%2FV3E9Qwm8kkOD6hbkNYXkg%3D%3D%7CMJJdmScXeWFhFQqasgwXjQ%3D%3D]
08-22 18:06:40.132 I/MpvEvent(20777): [PlaybackTrace][Native][eventLoop] event_id=2 error=0
08-22 18:06:40.132 I/MpvEvent(20777): [PlaybackTrace][Native][mpv-log] prefix=ytdl_hook level=error text=Subprocess failed: init
08-22 18:06:40.132 D/mpv (20777): [ytdl_hook] error: Subprocess failed: init
08-22 18:06:40.132 I/MpvEvent(20777): [PlaybackTrace][Native][eventLoop] event_id=2 error=0
08-22 18:06:40.132 I/MpvEvent(20777): [PlaybackTrace][Native][mpv-log] prefix=ytdl_hook level=v text=youtube-dl with path youtube-dl not found in PATH or not enough permissions
08-22 18:06:40.133 D/mpv (20777): [ytdl_hook] v: youtube-dl with path youtube-dl not found in PATH or not enough permissions
08-22 18:06:40.133 I/MpvEvent(20777): [PlaybackTrace][Native][eventLoop] event_id=2 error=0
08-22 18:06:40.134 I/MpvEvent(20777): [PlaybackTrace][Native][mpv-log] prefix=cplayer level=v text=Set property: user-data/mpv/ytdl/path="" -> 1
08-22 18:06:40.134 D/mpv (20777): [cplayer] v: Set property: user-data/mpv/ytdl/path="" -> 1
08-22 18:06:40.134 I/MpvEvent(20777): [PlaybackTrace][Native][eventLoop] event_id=7 error=0
08-22 18:06:40.134 E/MpvEvent(20777): [PlaybackTrace][Native][eventLoop] MPV_EVENT_END_FILE reason=4 error=-13
08-22 18:06:40.134 I/MpvEvent(20777): [PlaybackTrace][Native][dispatch:event] name=endFile payload={"reason":4,"error":-13}
08-22 18:06:40.135 D/MPVLib (20777): onNativeEvent: endFile {"reason":4,"error":-13}
08-22 18:06:40.135 I/MpvBridgeModule(20777): [PlaybackTrace][Bridge][listener:event] name=endFile payload={"reason":4,"error":-13}
08-22 18:06:40.149 E/MpvEvent(20777): [PlaybackTrace][Native][dispatch:error] code=-13 message=mpv end-file error=-13 reason=4
08-22 18:06:40.153 E/MPVLib (20777): onNativeError: code=-13 msg=mpv end-file error=-13 reason=4
08-22 18:06:40.154 E/MpvBridgeModule(20777): [PlaybackTrace][Bridge][listener:error] code=-13 message=mpv end-file error=-13 reason=4
08-22 18:06:40.155 I/MpvEvent(20777): [PlaybackTrace][Native][eventLoop] event_id=11 error=0
08-22 18:06:40.155 I/MpvEvent(20777): Unhandled mpv event: 11
08-22 18:06:40.155 I/MpvEvent(20777): [PlaybackTrace][Native][eventLoop] event_id=2 error=0
08-22 18:06:40.156 I/MpvEvent(20777): [PlaybackTrace][Native][mpv-log] prefix=cplayer level=v text=Set property: user-data/mpv/ytdl/json-subprocess-result={"stderr":"","status":-3,"killed_by_us":false,"stdout":"","error_string":"init"} -> 1
08-22 18:06:40.156 D/mpv (20777): [cplayer] v: Set property: user-data/mpv/ytdl/json-subprocess-result={"stderr":"","status":-3,"killed_by_us":false,"stdout":"","error_string":"init"} -> 1
08-22 18:06:40.156 I/MpvEvent(20777): [PlaybackTrace][Native][eventLoop] event_id=2 error=0
08-22 18:06:40.156 I/MpvEvent(20777): [PlaybackTrace][Native][mpv-log] prefix=ytdl_hook level=v text=status: -3
08-22 18:06:40.156 D/mpv (20777): [ytdl_hook] v: status: -3
08-22 18:06:40.156 I/MpvEvent(20777): [PlaybackTrace][Native][eventLoop] event_id=2 error=0
08-22 18:06:40.156 I/MpvEvent(20777): [PlaybackTrace][Native][mpv-log] prefix=ytdl_hook level=v text=reason: init
08-22 18:06:40.156 D/mpv (20777): [ytdl_hook] v: reason: init
08-22 18:06:40.156 I/MpvEvent(20777): [PlaybackTrace][Native][eventLoop] event_id=2 error=0
08-22 18:06:40.156 I/MpvEvent(20777): [PlaybackTrace][Native][mpv-log] prefix=ytdl_hook level=v text=stdout:
08-22 18:06:40.156 D/mpv (20777): [ytdl_hook] v: stdout:
08-22 18:06:40.156 I/MpvEvent(20777): [PlaybackTrace][Native][eventLoop] event_id=2 error=0
08-22 18:06:40.156 I/MpvEvent(20777): [PlaybackTrace][Native][mpv-log] prefix=ytdl_hook level=v text=stderr:
08-22 18:06:40.156 D/mpv (20777): [ytdl_hook] v: stderr:
08-22 18:06:40.156 I/MpvEvent(20777): [PlaybackTrace][Native][eventLoop] event_id=2 error=0
08-22 18:06:40.156 I/MpvEvent(20777): [PlaybackTrace][Native][mpv-log] prefix=ytdl_hook level=error text=
08-22 18:06:40.156 D/mpv (20777): [ytdl_hook] error:
08-22 18:06:40.156 I/MpvEvent(20777): [PlaybackTrace][Native][eventLoop] event_id=2 error=0
08-22 18:06:40.156 I/MpvEvent(20777): [PlaybackTrace][Native][mpv-log] prefix=ytdl_hook level=error text=youtube-dl failed: not found or not enough permissions
08-22 18:06:40.156 D/mpv (20777): [ytdl_hook] error: youtube-dl failed: not found or not enough permissions
08-22 18:06:40.157 I/MpvEvent(20777): [PlaybackTrace][Native][eventLoop] event_id=2 error=0
08-22 18:06:40.157 I/MpvEvent(20777): [PlaybackTrace][Native][mpv-log] prefix=cplayer level=v text=finished playback, loading failed (reason 4)
08-22 18:06:40.157 D/mpv (20777): [cplayer] v: finished playback, loading failed (reason 4)
08-22 18:06:40.157 I/MpvEvent(20777): [PlaybackTrace][Native][eventLoop] event_id=2 error=0
08-22 18:06:40.157 I/MpvEvent(20777): [PlaybackTrace][Native][mpv-log] prefix=cplayer level=v text=Running hook: ytdl_hook/on_after_end_file
08-22 18:06:40.157 D/mpv (20777): [cplayer] v: Running hook: ytdl_hook/on_after_end_file
08-22 18:06:40.309 I/ReactNativeJS(20777): '[INFO]', '[PlaybackTrace][Controller][event:onEndFile]', { reason: 4, error: -13 }
08-22 18:06:40.321 E/ReactNativeJS(20777): '[ERROR]', '[PlaybackTrace][Controller][event:onError:terminal]', { uri: 'https://prod-1.storage.jamendo.com/?trackid=1593988&format=mp31&from=%2FV3E9Qwm8kkOD6hbkNYXkg%3D%3D%7CMJJdmScXeWFhFQqasgwXjQ%3D%3D',
08-22 18:06:40.321 E/ReactNativeJS(20777): message: 'mpv end-file error=-13 reason=4' }
08-22 18:06:40.360 I/ReactNativeJS(20777): Γöÿ ≡ƒÅ╖ player/setPlaybackState (in 18:06:40.358, took 1.05ms)
08-22 18:06:40.371 I/ReactNativeJS(20777): Γöé '%c prev state', 'color: #9E9E9E; font-weight: bold', { player:
08-22 18:06:40.371 I/ReactNativeJS(20777): { currentFile:
08-22 18:06:40.371 I/ReactNativeJS(20777): { uri: 'https://prod-1.storage.jamendo.com/?trackid=1593988&format=mp31&from=%2FV3E9Qwm8kkOD6hbkNYXkg%3D%3D%7CMJJdmScXeWFhFQqasgwXjQ%3D%3D',
08-22 18:06:40.371 I/ReactNativeJS(20777): title: 'Lofi Chillout Hip Hop Beat',
08-22 18:06:40.371 I/ReactNativeJS(20777): duration: 0,
08-22 18:06:40.371 I/ReactNativeJS(20777): source: 'api',
08-22 18:06:40.371 I/ReactNativeJS(20777): type: 'music',
08-22 18:06:40.371 I/ReactNativeJS(20777): mediaType: 'audio',
08-22 18:06:40.371 I/ReactNativeJS(20777): provider: 'jamendo',
08-22 18:06:40.371 I/ReactNativeJS(20777): folderId: undefined,
08-22 18:06:40.371 I/ReactNativeJS(20777): artworkUri: 'file:///data/user/0/com.simba.player/cache/artCache/3lffo4-26.jpg' },
08-22 18:06:40.371 I/ReactNativeJS(20777): playlist: [],
08-22 18:06:40.371 I/ReactNativeJS(20777): queue: [],
08-22 18:06:40.371 I/ReactNativeJS(20777): playbackHistory: [],
08-22 18:06:40.371 I/ReactNativeJS(20777): currentIndex: -1,
08-22 18:06:40.371 I/ReactNativeJS(20777): playbackState: 'playing',
08-22 18:06:40.371 I/ReactNativeJS(20777): currentPosition: 0,
08-22 18:06:40.371 I/ReactNativeJS(20777): duration: 0,
08-22 18:06:40.371 I/ReactNativeJS(20777): volume: 1,
08-22 18:06:40.371 I/ReactNativeJS(20777): isFullscreen: false,
08-22 18:06:40.371 I/ReactNativeJS(20777): loopMode: 'none',
08-22 18:06:40.371 I/ReactNativeJS(20777): shuffle: false,
08-22 18:06:40.371 I/ReactNativeJS(20777): playbackSpeed: 1,
08-22 18:06:40.371 I/ReactNativeJS(20777): sleepTimerEndTime: null,
08-22 18:06:40.371 I/ReactNativeJS(20777): sleepTimerMode: 'time',
08-22 18:06:40.371 I/ReactNativeJS(20777): equalizerGains: [ 0, 0, 0, 0, 0, 0, 0, 0, 0, 0 ],
08-22 18:06:40.371 I/ReactNativeJS(20777): equalizerEnabled: false,
08-22 18:06:40.371 I/ReactNativeJS(20777): selectedQueueIndices: [] },
08-22 18:06:40.371 I/ReactNativeJS(20777): settings:
08-22 18:06:40.371 I/ReactNativeJS(20777): { themeMode: 'system',
08-22 18:06:40.371 I/ReactNativeJS(20777): repeatMode: 'off',
08-22 18:06:40.371 I/ReactNativeJS(20777): playbackSpeed: 1,
08-22 18:06:40.371 I/ReactNativeJS(20777): sleepTimerMinutes: 0,
08-22 18:06:40.371 I/ReactNativeJS(20777): isShuffleOn: false,
08-22 18:06:40.371 I/ReactNativeJS(20777): rememberPlaybackPosition: true,
08-22 18:06:40.371 I/ReactNativeJS(20777): isAudioNormalizationEnabled: false,
08-22 18:06:40.371 I/ReactNativeJS(20777): isDialogueBoostEnabled: false,
08-22 18:06:40.371 I/ReactNativeJS(20777): isHardwareAccelerationEnabled: true,
08-22 18:06:40.371 I/ReactNativeJS(20777): isAutoLoadSubtitlesEnabled: true,
08-22 18:06:40.371 I/ReactNativeJS(20777): preferredLanguages: 'eng, jpn, und',
08-22 18:06:40.371 I/ReactNativeJS(20777): externalSubtitleDirectories: './subs, ./subtitles',
08-22 18:06:40.371 I/ReactNativeJS(20777): subtitleFontSize: 16,
08-22 18:06:40.371 I/ReactNativeJS(20777): subtitleTextColor: '#FFFFFF',
08-22 18:06:40.371 I/ReactNativeJS(20777): subtitleBackgroundOpacity: 0.5,
08-22 18:06:40.371 I/ReactNativeJS(20777): skipSilenceEnabled: false,
08-22 18:06:40.371 I/ReactNativeJS(20777): sampleRate: 0,
08-22 18:06:40.371 I/ReactNativeJS(20777): replayGain: 'no',
08-22 18:06:40.371 I/ReactNativeJS(20777): gaplessPlayback: false,
08-22 18:06:40.371 I/ReactNativeJS(20777): audioDelay: 0,
08-22 18:06:40.371 I/ReactNativeJS(20777): eqEnabled: false,
08-22 18:06:40.371 I/ReactNativeJS(20777): eqPreset: 'Flat',
08-22 18:06:40.371 I/ReactNativeJS(20777): eqGains: [ 0, 0, 0, 0, 0, 0, 0, 0, 0, 0 ],
08-22 18:06:40.371 I/ReactNativeJS(20777): videoFolders: [],
08-22 18:06:40.371 I/ReactNativeJS(20777): audioFolders: [],
08-22 18:06:40.371 I/ReactNativeJS(20777): linkedFolders: [],
08-22 18:06:40.371 I/ReactNativeJS(20777): lastScanTimestamp: null,
08-22 18:06:40.371 I/ReactNativeJS(20777): isScanning: false,
08-22 18:06:40.371 I/ReactNativeJS(20777): mpvOptions: [],
08-22 18:06:40.371 I/ReactNativeJS(20777): hasLaunched: true,
08-22 18:06:40.371 I/ReactNativeJS(20777): largerControls: false,
08-22 18:06:40.371 I/ReactNativeJS(20777): highContrastSubtitles: false,
08-22 18:06:40.371 I/ReactNativeJS(20777): scanOnLaunch: false,
08-22 18:06:40.371 I/ReactNativeJS(20777): notificationsEnabled: true,
08-22 18:06:40.371 I/ReactNativeJS(20777): appLanguage: 'system',
08-22 18:06:40.371 I/ReactNativeJS(20777): autoDeleteDownloads: 0,
08-22 18:06:40.371 I/ReactNativeJS(20777): homeCity: '' },
08-22 18:06:40.371 I/ReactNativeJS(20777): session:
08-22 18:06:40.371 I/ReactNativeJS(20777): { playCounts: { 'https://prod-1.storage.jamendo.com/?trackid=1593988&format=mp31&from=%2FV3E9Qwm8kkOD6hbkNYXkg%3D%3D%7CMJJdmScXeWFhFQqasgwXjQ%3D%3D': 1 },
08-22 18:06:40.371 I/ReactNativeJS(20777): mediaLibrary:
08-22 18:06:40.371 I/ReactNativeJS(20777): [ { fileUri: 'https://prod-1.storage.jamendo.com/?trackid=1593988&format=mp31&from=%2FV3E9Qwm8kkOD6hbkNYXkg%3D%3D%7CMJJdmScXeWFhFQqasgwXjQ%3D%3D',
08-22 18:06:40.371 I/ReactNativeJS(20777): title: 'Lofi Chillout Hip Hop Beat',
08-22 18:06:40.371 I/ReactNativeJS(20777): duration: 149.69603333333333,
08-22 18:06:40.371 I/ReactNativeJS(20777): source: 'api',
08-22 18:06:40.371 I/ReactNativeJS(20777): type: 'music',
08-22 18:06:40.371 I/ReactNativeJS(20777): mediaType: 'audio',
08-22 18:06:40.371 I/ReactNativeJS(20777): provider: 'jamendo',
08-22 18:06:40.371 I/ReactNativeJS(20777): dateAdded: '2026-08-22T12:10:58.559Z' } ] },
08-22 18:06:40.371 I/ReactNativeJS(20777): playlists: { playlists: [] },
08-22 18:06:40.371 I/ReactNativeJS(20777): pip:
08-22 18:06:40.371 I/ReactNativeJS(20777): { isInPipMode: false,
08-22 18:06:40.371 I/ReactNativeJS(20777): surfaceUri: null,
08-22 18:06:40.371 I/ReactNativeJS(20777): pipedFileTitle: null,
08-22 18:06:40.371 I/ReactNativeJS(20777): chapterTitle: null,
08-22 18:06:40.371 I/ReactNativeJS(20777): chapterIndex: -1,
08-22 18:06:40.371 I/ReactNativeJS(20777): progressPercentage: '0 %' },
08-22 18:06:40.371 I/ReactNativeJS(20777): media:
08-22 18:06:40.371 I/ReactNativeJS(20777): { tracks: [],
08-22 18:06:40.371 I/ReactNativeJS(20777): isScanning: false,
08-22 18:06:40.371 I/ReactNativeJS(20777): cancelRequested: false,
08-22 18:06:40.371 I/ReactNativeJS(20777): scanProgress:
08-22 18:06:40.371 I/ReactNativeJS(20777): { currentFolder: null,
08-22 18:06:40.371 I/ReactNativeJS(20777): filesFound: 0,
08-22 18:06:40.371 I/ReactNativeJS(20777): totalFiles: 0,
08-22 18:06:40.371 I/ReactNativeJS(20777): percentComplete: 0 },
08-22 18:06:40.371 I/ReactNativeJS(20777): scanHistory:
08-22 18:06:40.371 I/ReactNativeJS(20777): { lastScanTime: null,
08-22 18:06:40.371 I/ReactNativeJS(20777): filesAdded: 0,
08-22 18:06:40.371 I/ReactNativeJS(20777): filesRemoved: 0,
08-22 18:06:40.371 I/ReactNativeJS(20777): errorsCount: 0,
08-22 18:06:40.371 I/ReactNativeJS(20777): unsupportedCount: 0 },
08-22 18:06:40.371 I/ReactNativeJS(20777): searchIndex: {} },
08-22 18:06:40.371 I/ReactNativeJS(20777): auth:
08-22 18:06:40.371 I/ReactNativeJS(20777): { user:
08-22 18:06:40.371 I/ReactNativeJS(20777): { id: '107368191704644775546',
08-22 18:06:40.371 I/ReactNativeJS(20777): name: 'Paval EP',
08-22 18:06:40.371 I/ReactNativeJS(20777): email: 'pavalep@gmail.com',
08-22 18:06:40.371 I/ReactNativeJS(20777): photo: 'https://lh3.googleusercontent.com/a/ACg8ocKPW8izhGkENzCRf__xjdvKLyx3D2kpLHIodl2XQ5LeHa-7BXdv=s96-c' },
08-22 18:06:40.371 I/ReactNativeJS(20777): isAuthenticated: true,
08-22 18:06:40.371 I/ReactNativeJS(20777): isLoading: false,
08-22 18:06:40.371 I/ReactNativeJS(20777): isRestoring: false,
08-22 18:06:40.371 I/ReactNativeJS(20777): error: null,
08-22 18:06:40.371 I/ReactNativeJS(20777): errorKind: null,
08-22 18:06:40.371 I/ReactNativeJS(20777): lastSignedInAt: 1787402186578,
08-22 18:06:40.371 I/ReactNativeJS(20777): sessionExpiresAt: 1789994186578 },
08-22 18:06:40.371 I/ReactNativeJS(20777): bookmark: { items: [] },
08-22 18:06:40.371 I/ReactNativeJS(20777): followedPodcasts: { items: [] },
08-22 18:06:40.371 I/ReactNativeJS(20777): liveFavorites: { items: [] },
08-22 18:06:40.371 I/ReactNativeJS(20777): downloads: { records: [] },
08-22 18:06:40.371 I/ReactNativeJS(20777): weather:
08-22 18:06:40.371 I/ReactNativeJS(20777): { status: 'success',
08-22 18:06:40.371 I/ReactNativeJS(20777): snapshot:
08-22 18:06:40.371 I/ReactNativeJS(20777): { condition: 'partlyCloudy',
08-22 18:06:40.371 I/ReactNativeJS(20777): description: 'Mainly clear',
08-22 18:06:40.371 I/ReactNativeJS(20777): temperatureC: 14,
08-22 18:06:40.371 I/ReactNativeJS(20777): isDay: false,
08-22 18:06:40.371 I/ReactNativeJS(20777): cityName: 'San Jose',
08-22 18:06:40.372 I/ReactNativeJS(20777): source: 'coords',
08-22 18:06:40.372 I/ReactNativeJS(20777): fetchedAt: 1787399164330 },
08-22 18:06:40.372 I/ReactNativeJS(20777): fetchedAt: 1787399164330,
08-22 18:06:40.372 I/ReactNativeJS(20777): error: null },
08-22 18:06:40.372 I/ReactNativeJS(20777): recentHistory:
08-22 18:06:40.372 I/ReactNativeJS(20777): { entries:
08-22 18:06:40.372 I/ReactNativeJS(20777): [ { fileUri: 'https://prod-1.storage.jamendo.com/?trackid=1593988&format=mp31&from=%2FV3E9Qwm8kkOD6hbkNYXkg%3D%3D%7CMJJdmScXeWFhFQqasgwXjQ%3D%3D',
08-22 18:06:40.372 I/ReactNativeJS(20777): title: 'Lofi Chillout Hip Hop Beat',
08-22 18:06:40.372 I/ReactNativeJS(20777): position: 149.69603245463844,
08-22 18:06:40.372 I/ReactNativeJS(20777): duration: 149.69603333333333,
08-22 18:06:40.372 I/ReactNativeJS(20777): lastPlayedAt: '2026-08-22T12:10:58.406Z',
08-22 18:06:40.372 I/ReactNativeJS(20777): thumbnailPath: 'file:///data/user/0/com.simba.player/cache/artCache/3lffo4-26.jpg',
08-22 18:06:40.372 I/ReactNativeJS(20777): source: 'api',
08-22 18:06:40.372 I/ReactNativeJS(20777): type: 'music',
08-22 18:06:40.372 I/ReactNativeJS(20777): mediaType: 'audio',
08-22 18:06:40.372 I/ReactNativeJS(20777): provider: 'jamendo' } ] },
08-22 18:06:40.372 I/ReactNativeJS(20777): _persist: { version: -1, rehydrated: true } }
08-22 18:06:40.375 I/ReactNativeJS(20777): Γöé '%c action ', 'color: #03A9F4; font-weight: bold', { type: 'player/setPlaybackState', payload: 'stopped' }
08-22 18:06:40.382 I/ReactNativeJS(20777): Γöé '%c next state', 'color: #4CAF50; font-weight: bold', { player:
08-22 18:06:40.382 I/ReactNativeJS(20777): { currentFile:
08-22 18:06:40.382 I/ReactNativeJS(20777): { uri: 'https://prod-1.storage.jamendo.com/?trackid=1593988&format=mp31&from=%2FV3E9Qwm8kkOD6hbkNYXkg%3D%3D%7CMJJdmScXeWFhFQqasgwXjQ%3D%3D',
08-22 18:06:40.382 I/ReactNativeJS(20777): title: 'Lofi Chillout Hip Hop Beat',
08-22 18:06:40.382 I/ReactNativeJS(20777): duration: 0,
08-22 18:06:40.382 I/ReactNativeJS(20777): source: 'api',
08-22 18:06:40.382 I/ReactNativeJS(20777): type: 'music',
08-22 18:06:40.382 I/ReactNativeJS(20777): mediaType: 'audio',
08-22 18:06:40.382 I/ReactNativeJS(20777): provider: 'jamendo',
08-22 18:06:40.382 I/ReactNativeJS(20777): folderId: undefined,
08-22 18:06:40.382 I/ReactNativeJS(20777): artworkUri: 'file:///data/user/0/com.simba.player/cache/artCache/3lffo4-26.jpg' },
08-22 18:06:40.382 I/ReactNativeJS(20777): playlist: [],
08-22 18:06:40.382 I/ReactNativeJS(20777): queue: [],
08-22 18:06:40.382 I/ReactNativeJS(20777): playbackHistory: [],
08-22 18:06:40.382 I/ReactNativeJS(20777): currentIndex: -1,
08-22 18:06:40.382 I/ReactNativeJS(20777): playbackState: 'stopped',
08-22 18:06:40.382 I/ReactNativeJS(20777): currentPosition: 0,
08-22 18:06:40.382 I/ReactNativeJS(20777): duration: 0,
08-22 18:06:40.382 I/ReactNativeJS(20777): volume: 1,
08-22 18:06:40.382 I/ReactNativeJS(20777): isFullscreen: false,
08-22 18:06:40.382 I/ReactNativeJS(20777): loopMode: 'none',
08-22 18:06:40.382 I/ReactNativeJS(20777): shuffle: false,
08-22 18:06:40.382 I/ReactNativeJS(20777): playbackSpeed: 1,
08-22 18:06:40.382 I/ReactNativeJS(20777): sleepTimerEndTime: null,
08-22 18:06:40.382 I/ReactNativeJS(20777): sleepTimerMode: 'time',
08-22 18:06:40.382 I/ReactNativeJS(20777): equalizerGains: [ 0, 0, 0, 0, 0, 0, 0, 0, 0, 0 ],
08-22 18:06:40.382 I/ReactNativeJS(20777): equalizerEnabled: false,
08-22 18:06:40.382 I/ReactNativeJS(20777): selectedQueueIndices: [] },
08-22 18:06:40.382 I/ReactNativeJS(20777): settings:
08-22 18:06:40.382 I/ReactNativeJS(20777): { themeMode: 'system',
08-22 18:06:40.382 I/ReactNativeJS(20777): repeatMode: 'off',
08-22 18:06:40.382 I/ReactNativeJS(20777): playbackSpeed: 1,
08-22 18:06:40.382 I/ReactNativeJS(20777): sleepTimerMinutes: 0,
08-22 18:06:40.382 I/ReactNativeJS(20777): isShuffleOn: false,
08-22 18:06:40.382 I/ReactNativeJS(20777): rememberPlaybackPosition: true,
08-22 18:06:40.382 I/ReactNativeJS(20777): isAudioNormalizationEnabled: false,
08-22 18:06:40.382 I/ReactNativeJS(20777): isDialogueBoostEnabled: false,
08-22 18:06:40.382 I/ReactNativeJS(20777): isHardwareAccelerationEnabled: true,
08-22 18:06:40.382 I/ReactNativeJS(20777): isAutoLoadSubtitlesEnabled: true,
08-22 18:06:40.382 I/ReactNativeJS(20777): preferredLanguages: 'eng, jpn, und',
08-22 18:06:40.382 I/ReactNativeJS(20777): externalSubtitleDirectories: './subs, ./subtitles',
08-22 18:06:40.382 I/ReactNativeJS(20777): subtitleFontSize: 16,
08-22 18:06:40.382 I/ReactNativeJS(20777): subtitleTextColor: '#FFFFFF',
08-22 18:06:40.382 I/ReactNativeJS(20777): subtitleBackgroundOpacity: 0.5,
08-22 18:06:40.382 I/ReactNativeJS(20777): skipSilenceEnabled: false,
08-22 18:06:40.382 I/ReactNativeJS(20777): sampleRate: 0,
08-22 18:06:40.382 I/ReactNativeJS(20777): replayGain: 'no',
08-22 18:06:40.382 I/ReactNativeJS(20777): gaplessPlayback: false,
08-22 18:06:40.382 I/ReactNativeJS(20777): audioDelay: 0,
08-22 18:06:40.382 I/ReactNativeJS(20777): eqEnabled: false,
08-22 18:06:40.382 I/ReactNativeJS(20777): eqPreset: 'Flat',
08-22 18:06:40.382 I/ReactNativeJS(20777): eqGains: [ 0, 0, 0, 0, 0, 0, 0, 0, 0, 0 ],
08-22 18:06:40.382 I/ReactNativeJS(20777): videoFolders: [],
08-22 18:06:40.382 I/ReactNativeJS(20777): audioFolders: [],
08-22 18:06:40.382 I/ReactNativeJS(20777): linkedFolders: [],
08-22 18:06:40.382 I/ReactNativeJS(20777): lastScanTimestamp: null,
08-22 18:06:40.382 I/ReactNativeJS(20777): isScanning: false,
08-22 18:06:40.382 I/ReactNativeJS(20777): mpvOptions: [],
08-22 18:06:40.382 I/ReactNativeJS(20777): hasLaunched: true,
08-22 18:06:40.382 I/ReactNativeJS(20777): largerControls: false,
08-22 18:06:40.382 I/ReactNativeJS(20777): highContrastSubtitles: false,
08-22 18:06:40.382 I/ReactNativeJS(20777): scanOnLaunch: false,
08-22 18:06:40.382 I/ReactNativeJS(20777): notificationsEnabled: true,
08-22 18:06:40.382 I/ReactNativeJS(20777): appLanguage: 'system',
08-22 18:06:40.382 I/ReactNativeJS(20777): autoDeleteDownloads: 0,
08-22 18:06:40.382 I/ReactNativeJS(20777): homeCity: '' },
08-22 18:06:40.382 I/ReactNativeJS(20777): session:
08-22 18:06:40.382 I/ReactNativeJS(20777): { playCounts: { 'https://prod-1.storage.jamendo.com/?trackid=1593988&format=mp31&from=%2FV3E9Qwm8kkOD6hbkNYXkg%3D%3D%7CMJJdmScXeWFhFQqasgwXjQ%3D%3D': 1 },
08-22 18:06:40.382 I/ReactNativeJS(20777): mediaLibrary:
08-22 18:06:40.382 I/ReactNativeJS(20777): [ { fileUri: 'https://prod-1.storage.jamendo.com/?trackid=1593988&format=mp31&from=%2FV3E9Qwm8kkOD6hbkNYXkg%3D%3D%7CMJJdmScXeWFhFQqasgwXjQ%3D%3D',
08-22 18:06:40.382 I/ReactNativeJS(20777): title: 'Lofi Chillout Hip Hop Beat',
08-22 18:06:40.382 I/ReactNativeJS(20777): duration: 149.69603333333333,
08-22 18:06:40.382 I/ReactNativeJS(20777): source: 'api',
08-22 18:06:40.382 I/ReactNativeJS(20777): type: 'music',
08-22 18:06:40.382 I/ReactNativeJS(20777): mediaType: 'audio',
08-22 18:06:40.382 I/ReactNativeJS(20777): provider: 'jamendo',
08-22 18:06:40.382 I/ReactNativeJS(20777): dateAdded: '2026-08-22T12:10:58.559Z' } ] },
08-22 18:06:40.382 I/ReactNativeJS(20777): playlists: { playlists: [] },
08-22 18:06:40.382 I/ReactNativeJS(20777): pip:
08-22 18:06:40.382 I/ReactNativeJS(20777): { isInPipMode: false,
08-22 18:06:40.382 I/ReactNativeJS(20777): surfaceUri: null,
08-22 18:06:40.382 I/ReactNativeJS(20777): pipedFileTitle: null,
08-22 18:06:40.382 I/ReactNativeJS(20777): chapterTitle: null,
08-22 18:06:40.382 I/ReactNativeJS(20777): chapterIndex: -1,
08-22 18:06:40.382 I/ReactNativeJS(20777): progressPercentage: '0 %' },
08-22 18:06:40.382 I/ReactNativeJS(20777): media:
08-22 18:06:40.382 I/ReactNativeJS(20777): { tracks: [],
08-22 18:06:40.382 I/ReactNativeJS(20777): isScanning: false,
08-22 18:06:40.382 I/ReactNativeJS(20777): cancelRequested: false,
08-22 18:06:40.382 I/ReactNativeJS(20777): scanProgress:
08-22 18:06:40.382 I/ReactNativeJS(20777): { currentFolder: null,
08-22 18:06:40.382 I/ReactNativeJS(20777): filesFound: 0,
08-22 18:06:40.382 I/ReactNativeJS(20777): totalFiles: 0,
08-22 18:06:40.382 I/ReactNativeJS(20777): percentComplete: 0 },
08-22 18:06:40.382 I/ReactNativeJS(20777): scanHistory:
08-22 18:06:40.382 I/ReactNativeJS(20777): { lastScanTime: null,
08-22 18:06:40.382 I/ReactNativeJS(20777): filesAdded: 0,
08-22 18:06:40.382 I/ReactNativeJS(20777): filesRemoved: 0,
08-22 18:06:40.382 I/ReactNativeJS(20777): errorsCount: 0,
08-22 18:06:40.382 I/ReactNativeJS(20777): unsupportedCount: 0 },
08-22 18:06:40.382 I/ReactNativeJS(20777): searchIndex: {} },
08-22 18:06:40.382 I/ReactNativeJS(20777): auth:
08-22 18:06:40.382 I/ReactNativeJS(20777): { user:
08-22 18:06:40.382 I/ReactNativeJS(20777): { id: '107368191704644775546',
08-22 18:06:40.382 I/ReactNativeJS(20777): name: 'Paval EP',
08-22 18:06:40.382 I/ReactNativeJS(20777): email: 'pavalep@gmail.com',
08-22 18:06:40.382 I/ReactNativeJS(20777): photo: 'https://lh3.googleusercontent.com/a/ACg8ocKPW8izhGkENzCRf__xjdvKLyx3D2kpLHIodl2XQ5LeHa-7BXdv=s96-c' },
08-22 18:06:40.382 I/ReactNativeJS(20777): isAuthenticated: true,
08-22 18:06:40.382 I/ReactNativeJS(20777): isLoading: false,
08-22 18:06:40.382 I/ReactNativeJS(20777): isRestoring: false,
08-22 18:06:40.382 I/ReactNativeJS(20777): error: null,
08-22 18:06:40.382 I/ReactNativeJS(20777): errorKind: null,
08-22 18:06:40.382 I/ReactNativeJS(20777): lastSignedInAt: 1787402186578,
08-22 18:06:40.382 I/ReactNativeJS(20777): sessionExpiresAt: 1789994186578 },
08-22 18:06:40.382 I/ReactNativeJS(20777): bookmark: { items: [] },
08-22 18:06:40.382 I/ReactNativeJS(20777): followedPodcasts: { items: [] },
08-22 18:06:40.382 I/ReactNativeJS(20777): liveFavorites: { items: [] },
08-22 18:06:40.382 I/ReactNativeJS(20777): downloads: { records: [] },
08-22 18:06:40.382 I/ReactNativeJS(20777): weather:
08-22 18:06:40.382 I/ReactNativeJS(20777): { status: 'success',
08-22 18:06:40.382 I/ReactNativeJS(20777): snapshot:
08-22 18:06:40.382 I/ReactNativeJS(20777): { condition: 'partlyCloudy',
08-22 18:06:40.382 I/ReactNativeJS(20777): description: 'Mainly clear',
08-22 18:06:40.382 I/ReactNativeJS(20777): temperatureC: 14,
08-22 18:06:40.382 I/ReactNativeJS(20777): isDay: false,
08-22 18:06:40.382 I/ReactNativeJS(20777): cityName: 'San Jose',
08-22 18:06:40.382 I/ReactNativeJS(20777): source: 'coords',
08-22 18:06:40.382 I/ReactNativeJS(20777): fetchedAt: 1787399164330 },
08-22 18:06:40.382 I/ReactNativeJS(20777): fetchedAt: 1787399164330,
08-22 18:06:40.382 I/ReactNativeJS(20777): error: null },
08-22 18:06:40.382 I/ReactNativeJS(20777): recentHistory:
08-22 18:06:40.382 I/ReactNativeJS(20777): { entries:
08-22 18:06:40.382 I/ReactNativeJS(20777): [ { fileUri: 'https://prod-1.storage.jamendo.com/?trackid=1593988&format=mp31&from=%2FV3E9Qwm8kkOD6hbkNYXkg%3D%3D%7CMJJdmScXeWFhFQqasgwXjQ%3D%3D',
08-22 18:06:40.382 I/ReactNativeJS(20777): title: 'Lofi Chillout Hip Hop Beat',
08-22 18:06:40.382 I/ReactNativeJS(20777): position: 149.69603245463844,
08-22 18:06:40.382 I/ReactNativeJS(20777): duration: 149.69603333333333,
08-22 18:06:40.382 I/ReactNativeJS(20777): lastPlayedAt: '2026-08-22T12:10:58.406Z',
08-22 18:06:40.382 I/ReactNativeJS(20777): thumbnailPath: 'file:///data/user/0/com.simba.player/cache/artCache/3lffo4-26.jpg',
08-22 18:06:40.382 I/ReactNativeJS(20777): source: 'api',
08-22 18:06:40.382 I/ReactNativeJS(20777): type: 'music',
08-22 18:06:40.382 I/ReactNativeJS(20777): mediaType: 'audio',
08-22 18:06:40.382 I/ReactNativeJS(20777): provider: 'jamendo' } ] },
08-22 18:06:40.382 I/ReactNativeJS(20777): _persist: { version: -1, rehydrated: true } }
08-22 18:06:40.383 I/ReactNativeJS(20777): Γöÿ
08-22 18:06:40.612 I/MpvJNI (20777): [PlaybackTrace][Native][getDuration] result=-10 duration=0.000000
08-22 18:06:40.612 D/MpvBridgeModule(20777): [PlaybackTrace][Bridge][getDuration] ptr=131217387607136 duration=0.0
08-22 18:06:40.908 I/MpvJNI (20777): [PlaybackTrace][Native][getPosition] result=-10 position=0.000000
08-22 18:06:40.908 D/MpvBridgeModule(20777): [PlaybackTrace][Bridge][getPosition] ptr=131217387607136 position=0.0
08-22 18:06:40.908 I/MpvJNI (20777): [PlaybackTrace][Native][getDuration] result=-10 duration=0.000000
08-22 18:06:40.908 D/MpvBridgeModule(20777): [PlaybackTrace][Bridge][getDuration] ptr=131217387607136 duration=0.0
08-22 18:06:40.908 D/MpvBridgeModule(20777): [PlaybackTrace][Bridge][getPlaybackState] ptr=131217387607136 state=idle idle=true
08-22 18:06:40.911 I/MpvJNI (20777): [PlaybackTrace][Native][getDuration] result=-10 duration=0.000000
08-22 18:06:40.911 D/MpvBridgeModule(20777): [PlaybackTrace][Bridge][getDuration] ptr=131217387607136 duration=0.0
08-22 18:06:41.928 I/MpvJNI (20777): [PlaybackTrace][Native][getPosition] result=-10 position=0.000000
08-22 18:06:41.928 D/MpvBridgeModule(20777): [PlaybackTrace][Bridge][getPosition] ptr=131217387607136 position=0.0
08-22 18:06:41.928 I/MpvJNI (20777): [PlaybackTrace][Native][getDuration] result=-10 duration=0.000000
08-22 18:06:41.928 D/MpvBridgeModule(20777): [PlaybackTrace][Bridge][getDuration] ptr=131217387607136 duration=0.0
08-22 18:06:41.928 D/MpvBridgeModule(20777): [PlaybackTrace][Bridge][getPlaybackState] ptr=131217387607136 state=idle idle=true
08-22 18:06:42.702 I/MpvJNI (20777): [PlaybackTrace][Native][getPosition] result=-10 position=0.000000
08-22 18:06:42.703 D/MpvBridgeModule(20777): [PlaybackTrace][Bridge][getPosition] ptr=131217387607136 position=0.0
08-22 18:06:42.703 I/MpvJNI (20777): [PlaybackTrace][Native][getDuration] result=-10 duration=0.000000
08-22 18:06:42.703 D/MpvBridgeModule(20777): [PlaybackTrace][Bridge][getDuration] ptr=131217387607136 duration=0.0
08-22 18:06:42.703 D/MpvBridgeModule(20777): [PlaybackTrace][Bridge][getPlaybackState] ptr=131217387607136 state=idle idle=true
08-22 18:06:42.725 I/MpvBridgeModule(20777): MediaNotificationService started: "V3E9Qwm8kkOD6hbkNYXkg==|MJJdmScXeWFhFQqasgwXjQ=="
08-22 18:06:42.936 I/MpvJNI (20777): [PlaybackTrace][Native][getPosition] result=-10 position=0.000000
08-22 18:06:42.936 D/MpvBridgeModule(20777): [PlaybackTrace][Bridge][getPosition] ptr=131217387607136 position=0.0
08-22 18:06:42.936 I/MpvJNI (20777): [PlaybackTrace][Native][getDuration] result=-10 duration=0.000000
08-22 18:06:42.936 D/MpvBridgeModule(20777): [PlaybackTrace][Bridge][getDuration] ptr=131217387607136 duration=0.0
08-22 18:06:42.936 D/MpvBridgeModule(20777): [PlaybackTrace][Bridge][getPlaybackState] ptr=131217387607136 state=idle idle=true
08-22 18:06:43.969 I/MpvJNI (20777): [PlaybackTrace][Native][getPosition] result=-10 position=0.000000
08-22 18:06:43.969 D/MpvBridgeModule(20777): [PlaybackTrace][Bridge][getPosition] ptr=131217387607136 position=0.0
08-22 18:06:43.970 I/MpvJNI (20777): [PlaybackTrace][Native][getDuration] result=-10 duration=0.000000
08-22 18:06:43.970 D/MpvBridgeModule(20777): [PlaybackTrace][Bridge][getDuration] ptr=131217387607136 duration=0.0
08-22 18:06:43.970 D/MpvBridgeModule(20777): [PlaybackTrace][Bridge][getPlaybackState] ptr=131217387607136 state=idle idle=true
08-22 18:06:44.991 I/MpvJNI (20777): [PlaybackTrace][Native][getPosition] result=-10 position=0.000000
08-22 18:06:44.991 D/MpvBridgeModule(20777): [PlaybackTrace][Bridge][getPosition] ptr=131217387607136 position=0.0
08-22 18:06:44.991 I/MpvJNI (20777): [PlaybackTrace][Native][getDuration] result=-10 duration=0.000000
08-22 18:06:44.992 D/MpvBridgeModule(20777): [PlaybackTrace][Bridge][getDuration] ptr=131217387607136 duration=0.0
08-22 18:06:44.992 D/MpvBridgeModule(20777): [PlaybackTrace][Bridge][getPlaybackState] ptr=131217387607136 state=idle idle=true
08-22 18:06:46.006 I/MpvJNI (20777): [PlaybackTrace][Native][getPosition] result=-10 position=0.000000
08-22 18:06:46.006 D/MpvBridgeModule(20777): [PlaybackTrace][Bridge][getPosition] ptr=131217387607136 position=0.0
08-22 18:06:46.006 I/MpvJNI (20777): [PlaybackTrace][Native][getDuration] result=-10 duration=0.000000
08-22 18:06:46.006 D/MpvBridgeModule(20777): [PlaybackTrace][Bridge][getDuration] ptr=131217387607136 duration=0.0
08-22 18:06:46.006 D/MpvBridgeModule(20777): [PlaybackTrace][Bridge][getPlaybackState] ptr=131217387607136 state=idle idle=true
08-22 18:06:47.024 I/MpvJNI (20777): [PlaybackTrace][Native][getPosition] result=-10 position=0.000000
08-22 18:06:47.024 D/MpvBridgeModule(20777): [PlaybackTrace][Bridge][getPosition] ptr=131217387607136 position=0.0
08-22 18:06:47.024 I/MpvJNI (20777): [PlaybackTrace][Native][getDuration] result=-10 duration=0.000000
08-22 18:06:47.024 D/MpvBridgeModule(20777): [PlaybackTrace][Bridge][getDuration] ptr=131217387607136 duration=0.0
08-22 18:06:47.024 D/MpvBridgeModule(20777): [PlaybackTrace][Bridge][getPlaybackState] ptr=131217387607136 state=idle idle=true
08-22 18:06:47.298 D/MpvBridgeModule(20777): [PlaybackTrace][Bridge][getPlaybackState] ptr=131217387607136 state=idle idle=true
08-22 18:06:47.299 I/ReactNativeJS(20777): '[INFO]', '[PlaybackTrace][Controller][handlePlayPause]', { nativeState: 'idle',
08-22 18:06:47.299 I/ReactNativeJS(20777): fileUri: 'https://prod-1.storage.jamendo.com/?trackid=1593988&format=mp31&from=%2FV3E9Qwm8kkOD6hbkNYXkg%3D%3D%7CMJJdmScXeWFhFQqasgwXjQ%3D%3D' }
08-22 18:06:47.299 I/ReactNativeJS(20777): '[INFO]', '[PlaybackTrace][JS][resume:call]'
08-22 18:06:47.299 I/MpvBridgeModule(20777): [PlaybackTrace][Bridge][play] ptr=131217387607136
08-22 18:06:47.303 I/MpvJNI (20777): [PlaybackTrace][Native][play] pause=no result=0
08-22 18:06:47.303 I/MpvEvent(20777): [PlaybackTrace][Native][eventLoop] event_id=2 error=0
08-22 18:06:47.303 I/MpvEvent(20777): [PlaybackTrace][Native][mpv-log] prefix=cplayer level=v text=Set property: pause="no" -> 1
08-22 18:06:47.303 D/mpv (20777): [cplayer] v: Set property: pause="no" -> 1
08-22 18:06:47.303 I/MpvBridgeModule(20777): [PlaybackTrace][Bridge][play] nativePlay returned
08-22 18:06:48.042 I/MpvJNI (20777): [PlaybackTrace][Native][getPosition] result=-10 position=0.000000
08-22 18:06:48.042 D/MpvBridgeModule(20777): [PlaybackTrace][Bridge][getPosition] ptr=131217387607136 position=0.0
08-22 18:06:48.042 I/MpvJNI (20777): [PlaybackTrace][Native][getDuration] result=-10 duration=0.000000
08-22 18:06:48.042 D/MpvBridgeModule(20777): [PlaybackTrace][Bridge][getDuration] ptr=131217387607136 duration=0.0
08-22 18:06:48.042 D/MpvBridgeModule(20777): [PlaybackTrace][Bridge][getPlaybackState] ptr=131217387607136 state=idle idle=true
08-22 18:06:49.059 I/MpvJNI (20777): [PlaybackTrace][Native][getPosition] result=-10 position=0.000000
08-22 18:06:49.060 D/MpvBridgeModule(20777): [PlaybackTrace][Bridge][getPosition] ptr=131217387607136 position=0.0
08-22 18:06:49.060 I/MpvJNI (20777): [PlaybackTrace][Native][getDuration] result=-10 duration=0.000000
08-22 18:06:49.060 D/MpvBridgeModule(20777): [PlaybackTrace][Bridge][getDuration] ptr=131217387607136 duration=0.0
08-22 18:06:49.060 D/MpvBridgeModule(20777): [PlaybackTrace][Bridge][getPlaybackState] ptr=131217387607136 state=idle idle=true
08-22 18:06:50.070 I/MpvJNI (20777): [PlaybackTrace][Native][getPosition] result=-10 position=0.000000
08-22 18:06:50.070 D/MpvBridgeModule(20777): [PlaybackTrace][Bridge][getPosition] ptr=131217387607136 position=0.0
08-22 18:06:50.070 I/MpvJNI (20777): [PlaybackTrace][Native][getDuration] result=-10 duration=0.000000
08-22 18:06:50.070 D/MpvBridgeModule(20777): [PlaybackTrace][Bridge][getDuration] ptr=131217387607136 duration=0.0
08-22 18:06:50.071 D/MpvBridgeModule(20777): [PlaybackTrace][Bridge][getPlaybackState] ptr=131217387607136 state=idle idle=true
08-22 18:06:51.087 I/MpvJNI (20777): [PlaybackTrace][Native][getPosition] result=-10 position=0.000000
08-22 18:06:51.088 D/MpvBridgeModule(20777): [PlaybackTrace][Bridge][getPosition] ptr=131217387607136 position=0.0
08-22 18:06:51.088 I/MpvJNI (20777): [PlaybackTrace][Native][getDuration] result=-10 duration=0.000000
08-22 18:06:51.088 D/MpvBridgeModule(20777): [PlaybackTrace][Bridge][getDuration] ptr=131217387607136 duration=0.0
08-22 18:06:51.088 D/MpvBridgeModule(20777): [PlaybackTrace][Bridge][getPlaybackState] ptr=131217387607136 state=idle idle=true
08-22 18:06:52.102 I/MpvJNI (20777): [PlaybackTrace][Native][getPosition] result=-10 position=0.000000
08-22 18:06:52.102 D/MpvBridgeModule(20777): [PlaybackTrace][Bridge][getPosition] ptr=131217387607136 position=0.0
08-22 18:06:52.102 I/MpvJNI (20777): [PlaybackTrace][Native][getDuration] result=-10 duration=0.000000
08-22 18:06:52.102 D/MpvBridgeModule(20777): [PlaybackTrace][Bridge][getDuration] ptr=131217387607136 duration=0.0
08-22 18:06:52.102 D/MpvBridgeModule(20777): [PlaybackTrace][Bridge][getPlaybackState] ptr=131217387607136 state=idle idle=true
08-22 18:06:53.119 I/MpvJNI (20777): [PlaybackTrace][Native][getPosition] result=-10 position=0.000000
08-22 18:06:53.120 D/MpvBridgeModule(20777): [PlaybackTrace][Bridge][getPosition] ptr=131217387607136 position=0.0
08-22 18:06:53.120 I/MpvJNI (20777): [PlaybackTrace][Native][getDuration] result=-10 duration=0.000000
08-22 18:06:53.120 D/MpvBridgeModule(20777): [PlaybackTrace][Bridge][getDuration] ptr=131217387607136 duration=0.0
08-22 18:06:53.122 D/MpvBridgeModule(20777): [PlaybackTrace][Bridge][getPlaybackState] ptr=131217387607136 state=idle idle=true
08-22 18:06:54.136 I/MpvJNI (20777): [PlaybackTrace][Native][getPosition] result=-10 position=0.000000
08-22 18:06:54.136 D/MpvBridgeModule(20777): [PlaybackTrace][Bridge][getPosition] ptr=131217387607136 position=0.0
08-22 18:06:54.136 I/MpvJNI (20777): [PlaybackTrace][Native][getDuration] result=-10 duration=0.000000
08-22 18:06:54.136 D/MpvBridgeModule(20777): [PlaybackTrace][Bridge][getDuration] ptr=131217387607136 duration=0.0
08-22 18:06:54.137 D/MpvBridgeModule(20777): [PlaybackTrace][Bridge][getPlaybackState] ptr=131217387607136 state=idle idle=true
08-22 18:06:55.153 I/MpvJNI (20777): [PlaybackTrace][Native][getPosition] result=-10 position=0.000000
08-22 18:06:55.153 D/MpvBridgeModule(20777): [PlaybackTrace][Bridge][getPosition] ptr=131217387607136 position=0.0
08-22 18:06:55.153 I/MpvJNI (20777): [PlaybackTrace][Native][getDuration] result=-10 duration=0.000000
08-22 18:06:55.153 D/MpvBridgeModule(20777): [PlaybackTrace][Bridge][getDuration] ptr=131217387607136 duration=0.0
08-22 18:06:55.153 D/MpvBridgeModule(20777): [PlaybackTrace][Bridge][getPlaybackState] ptr=131217387607136 state=idle idle=true
08-22 18:06:56.169 I/MpvJNI (20777): [PlaybackTrace][Native][getPosition] result=-10 position=0.000000
08-22 18:06:56.169 D/MpvBridgeModule(20777): [PlaybackTrace][Bridge][getPosition] ptr=131217387607136 position=0.0
08-22 18:06:56.169 I/MpvJNI (20777): [PlaybackTrace][Native][getDuration] result=-10 duration=0.000000
08-22 18:06:56.169 D/MpvBridgeModule(20777): [PlaybackTrace][Bridge][getDuration] ptr=131217387607136 duration=0.0
08-22 18:06:56.170 D/MpvBridgeModule(20777): [PlaybackTrace][Bridge][getPlaybackState] ptr=131217387607136 state=idle idle=true
08-22 18:06:57.187 I/MpvJNI (20777): [PlaybackTrace][Native][getPosition] result=-10 position=0.000000
08-22 18:06:57.187 D/MpvBridgeModule(20777): [PlaybackTrace][Bridge][getPosition] ptr=131217387607136 position=0.0
08-22 18:06:57.187 I/MpvJNI (20777): [PlaybackTrace][Native][getDuration] result=-10 duration=0.000000
08-22 18:06:57.187 D/MpvBridgeModule(20777): [PlaybackTrace][Bridge][getDuration] ptr=131217387607136 duration=0.0
08-22 18:06:57.187 D/MpvBridgeModule(20777): [PlaybackTrace][Bridge][getPlaybackState] ptr=131217387607136 state=idle idle=true
08-22 18:06:58.223 I/MpvJNI (20777): [PlaybackTrace][Native][getPosition] result=-10 position=0.000000
08-22 18:06:58.224 D/MpvBridgeModule(20777): [PlaybackTrace][Bridge][getPosition] ptr=131217387607136 position=0.0
08-22 18:06:58.224 I/MpvJNI (20777): [PlaybackTrace][Native][getDuration] result=-10 duration=0.000000
08-22 18:06:58.224 D/MpvBridgeModule(20777): [PlaybackTrace][Bridge][getDuration] ptr=131217387607136 duration=0.0
08-22 18:06:58.225 D/MpvBridgeModule(20777): [PlaybackTrace][Bridge][getPlaybackState] ptr=131217387607136 state=idle idle=true
08-22 18:06:59.223 I/MpvJNI (20777): [PlaybackTrace][Native][getPosition] result=-10 position=0.000000
08-22 18:06:59.223 D/MpvBridgeModule(20777): [PlaybackTrace][Bridge][getPosition] ptr=131217387607136 position=0.0
08-22 18:06:59.224 I/MpvJNI (20777): [PlaybackTrace][Native][getDuration] result=-10 duration=0.000000
08-22 18:06:59.224 D/MpvBridgeModule(20777): [PlaybackTrace][Bridge][getDuration] ptr=131217387607136 duration=0.0
08-22 18:06:59.224 D/MpvBridgeModule(20777): [PlaybackTrace][Bridge][getPlaybackState] ptr=131217387607136 state=idle idle=true
08-22 18:07:00.236 I/MpvJNI (20777): [PlaybackTrace][Native][getPosition] result=-10 position=0.000000
08-22 18:07:00.236 D/MpvBridgeModule(20777): [PlaybackTrace][Bridge][getPosition] ptr=131217387607136 position=0.0
08-22 18:07:00.236 I/MpvJNI (20777): [PlaybackTrace][Native][getDuration] result=-10 duration=0.000000
08-22 18:07:00.236 D/MpvBridgeModule(20777): [PlaybackTrace][Bridge][getDuration] ptr=131217387607136 duration=0.0
08-22 18:07:00.236 D/MpvBridgeModule(20777): [PlaybackTrace][Bridge][getPlaybackState] ptr=131217387607136 state=idle idle=true
08-22 18:07:01.253 I/MpvJNI (20777): [PlaybackTrace][Native][getPosition] result=-10 position=0.000000
08-22 18:07:01.253 D/MpvBridgeModule(20777): [PlaybackTrace][Bridge][getPosition] ptr=131217387607136 position=0.0
08-22 18:07:01.253 I/MpvJNI (20777): [PlaybackTrace][Native][getDuration] result=-10 duration=0.000000
08-22 18:07:01.253 D/MpvBridgeModule(20777): [PlaybackTrace][Bridge][getDuration] ptr=131217387607136 duration=0.0
08-22 18:07:01.253 D/MpvBridgeModule(20777): [PlaybackTrace][Bridge][getPlaybackState] ptr=131217387607136 state=idle idle=true
08-22 18:07:02.269 I/MpvJNI (20777): [PlaybackTrace][Native][getPosition] result=-10 position=0.000000
08-22 18:07:02.269 D/MpvBridgeModule(20777): [PlaybackTrace][Bridge][getPosition] ptr=131217387607136 position=0.0
08-22 18:07:02.269 I/MpvJNI (20777): [PlaybackTrace][Native][getDuration] result=-10 duration=0.000000
08-22 18:07:02.270 D/MpvBridgeModule(20777): [PlaybackTrace][Bridge][getDuration] ptr=131217387607136 duration=0.0
08-22 18:07:02.270 D/MpvBridgeModule(20777): [PlaybackTrace][Bridge][getPlaybackState] ptr=131217387607136 state=idle idle=true
08-22 18:07:03.285 I/MpvJNI (20777): [PlaybackTrace][Native][getPosition] result=-10 position=0.000000
08-22 18:07:03.285 D/MpvBridgeModule(20777): [PlaybackTrace][Bridge][getPosition] ptr=131217387607136 position=0.0
08-22 18:07:03.286 I/MpvJNI (20777): [PlaybackTrace][Native][getDuration] result=-10 duration=0.000000
08-22 18:07:03.286 D/MpvBridgeModule(20777): [PlaybackTrace][Bridge][getDuration] ptr=131217387607136 duration=0.0
08-22 18:07:03.286 D/MpvBridgeModule(20777): [PlaybackTrace][Bridge][getPlaybackState] ptr=131217387607136 state=idle idle=true
08-22 18:07:04.303 I/MpvJNI (20777): [PlaybackTrace][Native][getPosition] result=-10 position=0.000000
08-22 18:07:04.304 D/MpvBridgeModule(20777): [PlaybackTrace][Bridge][getPosition] ptr=131217387607136 position=0.0
08-22 18:07:04.304 I/MpvJNI (20777): [PlaybackTrace][Native][getDuration] result=-10 duration=0.000000
08-22 18:07:04.304 D/MpvBridgeModule(20777): [PlaybackTrace][Bridge][getDuration] ptr=131217387607136 duration=0.0
08-22 18:07:04.305 D/MpvBridgeModule(20777): [PlaybackTrace][Bridge][getPlaybackState] ptr=131217387607136 state=idle idle=true
08-22 18:07:05.321 I/MpvJNI (20777): [PlaybackTrace][Native][getPosition] result=-10 position=0.000000
08-22 18:07:05.321 D/MpvBridgeModule(20777): [PlaybackTrace][Bridge][getPosition] ptr=131217387607136 position=0.0
08-22 18:07:05.322 I/MpvJNI (20777): [PlaybackTrace][Native][getDuration] result=-10 duration=0.000000
08-22 18:07:05.322 D/MpvBridgeModule(20777): [PlaybackTrace][Bridge][getDuration] ptr=131217387607136 duration=0.0
08-22 18:07:05.322 D/MpvBridgeModule(20777): [PlaybackTrace][Bridge][getPlaybackState] ptr=131217387607136 state=idle idle=true
08-22 18:07:06.336 I/MpvJNI (20777): [PlaybackTrace][Native][getPosition] result=-10 position=0.000000
08-22 18:07:06.336 D/MpvBridgeModule(20777): [PlaybackTrace][Bridge][getPosition] ptr=131217387607136 position=0.0
08-22 18:07:06.337 I/MpvJNI (20777): [PlaybackTrace][Native][getDuration] result=-10 duration=0.000000
08-22 18:07:06.337 D/MpvBridgeModule(20777): [PlaybackTrace][Bridge][getDuration] ptr=131217387607136 duration=0.0
08-22 18:07:06.337 D/MpvBridgeModule(20777): [PlaybackTrace][Bridge][getPlaybackState] ptr=131217387607136 state=idle idle=true
08-22 18:07:07.352 I/MpvJNI (20777): [PlaybackTrace][Native][getPosition] result=-10 position=0.000000
08-22 18:07:07.352 D/MpvBridgeModule(20777): [PlaybackTrace][Bridge][getPosition] ptr=131217387607136 position=0.0
08-22 18:07:07.352 I/MpvJNI (20777): [PlaybackTrace][Native][getDuration] result=-10 duration=0.000000
08-22 18:07:07.352 D/MpvBridgeModule(20777): [PlaybackTrace][Bridge][getDuration] ptr=131217387607136 duration=0.0
08-22 18:07:07.352 D/MpvBridgeModule(20777): [PlaybackTrace][Bridge][getPlaybackState] ptr=131217387607136 state=idle idle=true
08-22 18:07:08.371 I/MpvJNI (20777): [PlaybackTrace][Native][getPosition] result=-10 position=0.000000
08-22 18:07:08.371 D/MpvBridgeModule(20777): [PlaybackTrace][Bridge][getPosition] ptr=131217387607136 position=0.0
08-22 18:07:08.372 I/MpvJNI (20777): [PlaybackTrace][Native][getDuration] result=-10 duration=0.000000
08-22 18:07:08.372 D/MpvBridgeModule(20777): [PlaybackTrace][Bridge][getDuration] ptr=131217387607136 duration=0.0
08-22 18:07:08.373 D/MpvBridgeModule(20777): [PlaybackTrace][Bridge][getPlaybackState] ptr=131217387607136 state=idle idle=true
08-22 18:07:09.388 I/MpvJNI (20777): [PlaybackTrace][Native][getPosition] result=-10 position=0.000000
08-22 18:07:09.388 D/MpvBridgeModule(20777): [PlaybackTrace][Bridge][getPosition] ptr=131217387607136 position=0.0
08-22 18:07:09.389 I/MpvJNI (20777): [PlaybackTrace][Native][getDuration] result=-10 duration=0.000000
08-22 18:07:09.389 D/MpvBridgeModule(20777): [PlaybackTrace][Bridge][getDuration] ptr=131217387607136 duration=0.0
08-22 18:07:09.389 D/MpvBridgeModule(20777): [PlaybackTrace][Bridge][getPlaybackState] ptr=131217387607136 state=idle idle=true
08-22 18:07:10.404 I/MpvJNI (20777): [PlaybackTrace][Native][getPosition] result=-10 position=0.000000
08-22 18:07:10.404 D/MpvBridgeModule(20777): [PlaybackTrace][Bridge][getPosition] ptr=131217387607136 position=0.0
08-22 18:07:10.405 I/MpvJNI (20777): [PlaybackTrace][Native][getDuration] result=-10 duration=0.000000
08-22 18:07:10.405 D/MpvBridgeModule(20777): [PlaybackTrace][Bridge][getDuration] ptr=131217387607136 duration=0.0
08-22 18:07:10.405 D/MpvBridgeModule(20777): [PlaybackTrace][Bridge][getPlaybackState] ptr=131217387607136 state=idle idle=true
08-22 18:07:11.426 I/MpvJNI (20777): [PlaybackTrace][Native][getPosition] result=-10 position=0.000000
08-22 18:07:11.426 D/MpvBridgeModule(20777): [PlaybackTrace][Bridge][getPosition] ptr=131217387607136 position=0.0
08-22 18:07:11.426 I/MpvJNI (20777): [PlaybackTrace][Native][getDuration] result=-10 duration=0.000000
08-22 18:07:11.426 D/MpvBridgeModule(20777): [PlaybackTrace][Bridge][getDuration] ptr=131217387607136 duration=0.0
08-22 18:07:11.426 D/MpvBridgeModule(20777): [PlaybackTrace][Bridge][getPlaybackState] ptr=131217387607136 state=idle idle=true
08-22 18:07:12.443 I/MpvJNI (20777): [PlaybackTrace][Native][getPosition] result=-10 position=0.000000
08-22 18:07:12.443 D/MpvBridgeModule(20777): [PlaybackTrace][Bridge][getPosition] ptr=131217387607136 position=0.0
08-22 18:07:12.443 I/MpvJNI (20777): [PlaybackTrace][Native][getDuration] result=-10 duration=0.000000
08-22 18:07:12.443 D/MpvBridgeModule(20777): [PlaybackTrace][Bridge][getDuration] ptr=131217387607136 duration=0.0
08-22 18:07:12.443 D/MpvBridgeModule(20777): [PlaybackTrace][Bridge][getPlaybackState] ptr=131217387607136 state=idle idle=true
08-22 18:07:13.459 I/MpvJNI (20777): [PlaybackTrace][Native][getPosition] result=-10 position=0.000000
08-22 18:07:13.459 D/MpvBridgeModule(20777): [PlaybackTrace][Bridge][getPosition] ptr=131217387607136 position=0.0
08-22 18:07:13.459 I/MpvJNI (20777): [PlaybackTrace][Native][getDuration] result=-10 duration=0.000000
08-22 18:07:13.460 D/MpvBridgeModule(20777): [PlaybackTrace][Bridge][getDuration] ptr=131217387607136 duration=0.0
08-22 18:07:13.460 D/MpvBridgeModule(20777): [PlaybackTrace][Bridge][getPlaybackState] ptr=131217387607136 state=idle idle=true
08-22 18:07:14.473 I/MpvJNI (20777): [PlaybackTrace][Native][getPosition] result=-10 position=0.000000
08-22 18:07:14.474 D/MpvBridgeModule(20777): [PlaybackTrace][Bridge][getPosition] ptr=131217387607136 position=0.0
08-22 18:07:14.474 I/MpvJNI (20777): [PlaybackTrace][Native][getDuration] result=-10 duration=0.000000
08-22 18:07:14.474 D/MpvBridgeModule(20777): [PlaybackTrace][Bridge][getDuration] ptr=131217387607136 duration=0.0
08-22 18:07:14.474 D/MpvBridgeModule(20777): [PlaybackTrace][Bridge][getPlaybackState] ptr=131217387607136 state=idle idle=true
08-22 18:07:15.490 I/MpvJNI (20777): [PlaybackTrace][Native][getPosition] result=-10 position=0.000000
08-22 18:07:15.491 D/MpvBridgeModule(20777): [PlaybackTrace][Bridge][getPosition] ptr=131217387607136 position=0.0
08-22 18:07:15.491 I/MpvJNI (20777): [PlaybackTrace][Native][getDuration] result=-10 duration=0.000000
08-22 18:07:15.491 D/MpvBridgeModule(20777): [PlaybackTrace][Bridge][getDuration] ptr=131217387607136 duration=0.0
08-22 18:07:15.491 D/MpvBridgeModule(20777): [PlaybackTrace][Bridge][getPlaybackState] ptr=131217387607136 state=idle idle=true
08-22 18:07:16.509 I/MpvJNI (20777): [PlaybackTrace][Native][getPosition] result=-10 position=0.000000
08-22 18:07:16.509 D/MpvBridgeModule(20777): [PlaybackTrace][Bridge][getPosition] ptr=131217387607136 position=0.0
08-22 18:07:16.509 I/MpvJNI (20777): [PlaybackTrace][Native][getDuration] result=-10 duration=0.000000
08-22 18:07:16.509 D/MpvBridgeModule(20777): [PlaybackTrace][Bridge][getDuration] ptr=131217387607136 duration=0.0
08-22 18:07:16.511 D/MpvBridgeModule(20777): [PlaybackTrace][Bridge][getPlaybackState] ptr=131217387607136 state=idle idle=true
08-22 18:07:17.521 I/MpvJNI (20777): [PlaybackTrace][Native][getPosition] result=-10 position=0.000000
08-22 18:07:17.521 D/MpvBridgeModule(20777): [PlaybackTrace][Bridge][getPosition] ptr=131217387607136 position=0.0
08-22 18:07:17.521 I/MpvJNI (20777): [PlaybackTrace][Native][getDuration] result=-10 duration=0.000000
08-22 18:07:17.521 D/MpvBridgeModule(20777): [PlaybackTrace][Bridge][getDuration] ptr=131217387607136 duration=0.0
08-22 18:07:17.522 D/MpvBridgeModule(20777): [PlaybackTrace][Bridge][getPlaybackState] ptr=131217387607136 state=idle idle=true
08-22 18:07:18.535 I/MpvJNI (20777): [PlaybackTrace][Native][getPosition] result=-10 position=0.000000
08-22 18:07:18.535 D/MpvBridgeModule(20777): [PlaybackTrace][Bridge][getPosition] ptr=131217387607136 position=0.0
08-22 18:07:18.535 I/MpvJNI (20777): [PlaybackTrace][Native][getDuration] result=-10 duration=0.000000
08-22 18:07:18.535 D/MpvBridgeModule(20777): [PlaybackTrace][Bridge][getDuration] ptr=131217387607136 duration=0.0
08-22 18:07:18.536 D/MpvBridgeModule(20777): [PlaybackTrace][Bridge][getPlaybackState] ptr=131217387607136 state=idle idle=true
08-22 18:07:19.557 I/MpvJNI (20777): [PlaybackTrace][Native][getPosition] result=-10 position=0.000000
08-22 18:07:19.557 D/MpvBridgeModule(20777): [PlaybackTrace][Bridge][getPosition] ptr=131217387607136 position=0.0
08-22 18:07:19.557 I/MpvJNI (20777): [PlaybackTrace][Native][getDuration] result=-10 duration=0.000000
08-22 18:07:19.557 D/MpvBridgeModule(20777): [PlaybackTrace][Bridge][getDuration] ptr=131217387607136 duration=0.0
08-22 18:07:19.557 D/MpvBridgeModule(20777): [PlaybackTrace][Bridge][getPlaybackState] ptr=131217387607136 state=idle idle=true
08-22 18:07:20.575 I/MpvJNI (20777): [PlaybackTrace][Native][getPosition] result=-10 position=0.000000
08-22 18:07:20.575 D/MpvBridgeModule(20777): [PlaybackTrace][Bridge][getPosition] ptr=131217387607136 position=0.0
08-22 18:07:20.575 I/MpvJNI (20777): [PlaybackTrace][Native][getDuration] result=-10 duration=0.000000
08-22 18:07:20.575 D/MpvBridgeModule(20777): [PlaybackTrace][Bridge][getDuration] ptr=131217387607136 duration=0.0
08-22 18:07:20.575 D/MpvBridgeModule(20777): [PlaybackTrace][Bridge][getPlaybackState] ptr=131217387607136 state=idle idle=true
08-22 18:07:21.598 I/MpvJNI (20777): [PlaybackTrace][Native][getPosition] result=-10 position=0.000000
08-22 18:07:21.598 D/MpvBridgeModule(20777): [PlaybackTrace][Bridge][getPosition] ptr=131217387607136 position=0.0
08-22 18:07:21.598 I/MpvJNI (20777): [PlaybackTrace][Native][getDuration] result=-10 duration=0.000000
08-22 18:07:21.598 D/MpvBridgeModule(20777): [PlaybackTrace][Bridge][getDuration] ptr=131217387607136 duration=0.0
08-22 18:07:21.598 D/MpvBridgeModule(20777): [PlaybackTrace][Bridge][getPlaybackState] ptr=131217387607136 state=idle idle=true
08-22 18:07:22.605 I/MpvJNI (20777): [PlaybackTrace][Native][getPosition] result=-10 position=0.000000
08-22 18:07:22.605 D/MpvBridgeModule(20777): [PlaybackTrace][Bridge][getPosition] ptr=131217387607136 position=0.0
08-22 18:07:22.605 I/MpvJNI (20777): [PlaybackTrace][Native][getDuration] result=-10 duration=0.000000
08-22 18:07:22.605 D/MpvBridgeModule(20777): [PlaybackTrace][Bridge][getDuration] ptr=131217387607136 duration=0.0
08-22 18:07:22.605 D/MpvBridgeModule(20777): [PlaybackTrace][Bridge][getPlaybackState] ptr=131217387607136 state=idle idle=true
08-22 18:07:23.619 I/MpvJNI (20777): [PlaybackTrace][Native][getPosition] result=-10 position=0.000000
08-22 18:07:23.619 D/MpvBridgeModule(20777): [PlaybackTrace][Bridge][getPosition] ptr=131217387607136 position=0.0
08-22 18:07:23.619 I/MpvJNI (20777): [PlaybackTrace][Native][getDuration] result=-10 duration=0.000000
08-22 18:07:23.619 D/MpvBridgeModule(20777): [PlaybackTrace][Bridge][getDuration] ptr=131217387607136 duration=0.0
08-22 18:07:23.620 D/MpvBridgeModule(20777): [PlaybackTrace][Bridge][getPlaybackState] ptr=131217387607136 state=idle idle=true
08-22 18:07:24.637 I/MpvJNI (20777): [PlaybackTrace][Native][getPosition] result=-10 position=0.000000
08-22 18:07:24.637 D/MpvBridgeModule(20777): [PlaybackTrace][Bridge][getPosition] ptr=131217387607136 position=0.0
08-22 18:07:24.638 I/MpvJNI (20777): [PlaybackTrace][Native][getDuration] result=-10 duration=0.000000
08-22 18:07:24.638 D/MpvBridgeModule(20777): [PlaybackTrace][Bridge][getDuration] ptr=131217387607136 duration=0.0
08-22 18:07:24.638 D/MpvBridgeModule(20777): [PlaybackTrace][Bridge][getPlaybackState] ptr=131217387607136 state=idle idle=true
08-22 18:07:25.652 I/MpvJNI (20777): [PlaybackTrace][Native][getPosition] result=-10 position=0.000000
08-22 18:07:25.652 D/MpvBridgeModule(20777): [PlaybackTrace][Bridge][getPosition] ptr=131217387607136 position=0.0
08-22 18:07:25.652 I/MpvJNI (20777): [PlaybackTrace][Native][getDuration] result=-10 duration=0.000000
08-22 18:07:25.652 D/MpvBridgeModule(20777): [PlaybackTrace][Bridge][getDuration] ptr=131217387607136 duration=0.0
08-22 18:07:25.653 D/MpvBridgeModule(20777): [PlaybackTrace][Bridge][getPlaybackState] ptr=131217387607136 state=idle idle=true
08-22 18:07:26.670 I/MpvJNI (20777): [PlaybackTrace][Native][getPosition] result=-10 position=0.000000
08-22 18:07:26.671 D/MpvBridgeModule(20777): [PlaybackTrace][Bridge][getPosition] ptr=131217387607136 position=0.0
08-22 18:07:26.671 I/MpvJNI (20777): [PlaybackTrace][Native][getDuration] result=-10 duration=0.000000
08-22 18:07:26.671 D/MpvBridgeModule(20777): [PlaybackTrace][Bridge][getDuration] ptr=131217387607136 duration=0.0
08-22 18:07:26.672 D/MpvBridgeModule(20777): [PlaybackTrace][Bridge][getPlaybackState] ptr=131217387607136 state=idle idle=true
08-22 18:07:27.686 I/MpvJNI (20777): [PlaybackTrace][Native][getPosition] result=-10 position=0.000000
08-22 18:07:27.686 D/MpvBridgeModule(20777): [PlaybackTrace][Bridge][getPosition] ptr=131217387607136 position=0.0
08-22 18:07:27.686 I/MpvJNI (20777): [PlaybackTrace][Native][getDuration] result=-10 duration=0.000000
08-22 18:07:27.686 D/MpvBridgeModule(20777): [PlaybackTrace][Bridge][getDuration] ptr=131217387607136 duration=0.0
08-22 18:07:27.686 D/MpvBridgeModule(20777): [PlaybackTrace][Bridge][getPlaybackState] ptr=131217387607136 state=idle idle=true
08-22 18:07:28.702 I/MpvJNI (20777): [PlaybackTrace][Native][getPosition] result=-10 position=0.000000
08-22 18:07:28.703 D/MpvBridgeModule(20777): [PlaybackTrace][Bridge][getPosition] ptr=131217387607136 position=0.0
08-22 18:07:28.703 I/MpvJNI (20777): [PlaybackTrace][Native][getDuration] result=-10 duration=0.000000
08-22 18:07:28.703 D/MpvBridgeModule(20777): [PlaybackTrace][Bridge][getDuration] ptr=131217387607136 duration=0.0
08-22 18:07:28.703 D/MpvBridgeModule(20777): [PlaybackTrace][Bridge][getPlaybackState] ptr=131217387607136 state=idle idle=true
08-22 18:07:29.726 I/MpvJNI (20777): [PlaybackTrace][Native][getPosition] result=-10 position=0.000000
08-22 18:07:29.727 D/MpvBridgeModule(20777): [PlaybackTrace][Bridge][getPosition] ptr=131217387607136 position=0.0
08-22 18:07:29.727 I/MpvJNI (20777): [PlaybackTrace][Native][getDuration] result=-10 duration=0.000000
08-22 18:07:29.727 D/MpvBridgeModule(20777): [PlaybackTrace][Bridge][getDuration] ptr=131217387607136 duration=0.0
08-22 18:07:29.728 D/MpvBridgeModule(20777): [PlaybackTrace][Bridge][getPlaybackState] ptr=131217387607136 state=idle idle=true
08-22 18:07:30.735 I/MpvJNI (20777): [PlaybackTrace][Native][getPosition] result=-10 position=0.000000
08-22 18:07:30.736 D/MpvBridgeModule(20777): [PlaybackTrace][Bridge][getPosition] ptr=131217387607136 position=0.0
08-22 18:07:30.736 I/MpvJNI (20777): [PlaybackTrace][Native][getDuration] result=-10 duration=0.000000
08-22 18:07:30.736 D/MpvBridgeModule(20777): [PlaybackTrace][Bridge][getDuration] ptr=131217387607136 duration=0.0
08-22 18:07:30.736 D/MpvBridgeModule(20777): [PlaybackTrace][Bridge][getPlaybackState] ptr=131217387607136 state=idle idle=true
08-22 18:07:31.757 I/MpvJNI (20777): [PlaybackTrace][Native][getPosition] result=-10 position=0.000000
08-22 18:07:31.757 D/MpvBridgeModule(20777): [PlaybackTrace][Bridge][getPosition] ptr=131217387607136 position=0.0
08-22 18:07:31.757 I/MpvJNI (20777): [PlaybackTrace][Native][getDuration] result=-10 duration=0.000000
08-22 18:07:31.757 D/MpvBridgeModule(20777): [PlaybackTrace][Bridge][getDuration] ptr=131217387607136 duration=0.0
08-22 18:07:31.758 D/MpvBridgeModule(20777): [PlaybackTrace][Bridge][getPlaybackState] ptr=131217387607136 state=idle idle=true
08-22 18:07:32.769 I/MpvJNI (20777): [PlaybackTrace][Native][getPosition] result=-10 position=0.000000
08-22 18:07:32.770 D/MpvBridgeModule(20777): [PlaybackTrace][Bridge][getPosition] ptr=131217387607136 position=0.0
08-22 18:07:32.770 I/MpvJNI (20777): [PlaybackTrace][Native][getDuration] result=-10 duration=0.000000
08-22 18:07:32.770 D/MpvBridgeModule(20777): [PlaybackTrace][Bridge][getDuration] ptr=131217387607136 duration=0.0
08-22 18:07:32.770 D/MpvBridgeModule(20777): [PlaybackTrace][Bridge][getPlaybackState] ptr=131217387607136 state=idle idle=true
08-22 18:07:33.787 I/MpvJNI (20777): [PlaybackTrace][Native][getPosition] result=-10 position=0.000000
08-22 18:07:33.787 D/MpvBridgeModule(20777): [PlaybackTrace][Bridge][getPosition] ptr=131217387607136 position=0.0
08-22 18:07:33.787 I/MpvJNI (20777): [PlaybackTrace][Native][getDuration] result=-10 duration=0.000000
08-22 18:07:33.787 D/MpvBridgeModule(20777): [PlaybackTrace][Bridge][getDuration] ptr=131217387607136 duration=0.0
08-22 18:07:33.787 D/MpvBridgeModule(20777): [PlaybackTrace][Bridge][getPlaybackState] ptr=131217387607136 state=idle idle=true
08-22 18:07:34.802 I/MpvJNI (20777): [PlaybackTrace][Native][getPosition] result=-10 position=0.000000
08-22 18:07:34.802 D/MpvBridgeModule(20777): [PlaybackTrace][Bridge][getPosition] ptr=131217387607136 position=0.0
08-22 18:07:34.802 I/MpvJNI (20777): [PlaybackTrace][Native][getDuration] result=-10 duration=0.000000
08-22 18:07:34.802 D/MpvBridgeModule(20777): [PlaybackTrace][Bridge][getDuration] ptr=131217387607136 duration=0.0
08-22 18:07:34.803 D/MpvBridgeModule(20777): [PlaybackTrace][Bridge][getPlaybackState] ptr=131217387607136 state=idle idle=true
08-22 18:07:35.819 I/MpvJNI (20777): [PlaybackTrace][Native][getPosition] result=-10 position=0.000000
08-22 18:07:35.819 D/MpvBridgeModule(20777): [PlaybackTrace][Bridge][getPosition] ptr=131217387607136 position=0.0
08-22 18:07:35.819 I/MpvJNI (20777): [PlaybackTrace][Native][getDuration] result=-10 duration=0.000000
08-22 18:07:35.819 D/MpvBridgeModule(20777): [PlaybackTrace][Bridge][getDuration] ptr=131217387607136 duration=0.0
08-22 18:07:35.820 D/MpvBridgeModule(20777): [PlaybackTrace][Bridge][getPlaybackState] ptr=131217387607136 state=idle idle=true
08-22 18:07:36.836 I/MpvJNI (20777): [PlaybackTrace][Native][getPosition] result=-10 position=0.000000
08-22 18:07:36.837 D/MpvBridgeModule(20777): [PlaybackTrace][Bridge][getPosition] ptr=131217387607136 position=0.0
08-22 18:07:36.837 I/MpvJNI (20777): [PlaybackTrace][Native][getDuration] result=-10 duration=0.000000
08-22 18:07:36.837 D/MpvBridgeModule(20777): [PlaybackTrace][Bridge][getDuration] ptr=131217387607136 duration=0.0
08-22 18:07:36.837 D/MpvBridgeModule(20777): [PlaybackTrace][Bridge][getPlaybackState] ptr=131217387607136 state=idle idle=true
08-22 18:07:37.853 I/MpvJNI (20777): [PlaybackTrace][Native][getPosition] result=-10 position=0.000000
08-22 18:07:37.854 D/MpvBridgeModule(20777): [PlaybackTrace][Bridge][getPosition] ptr=131217387607136 position=0.0
08-22 18:07:37.854 I/MpvJNI (20777): [PlaybackTrace][Native][getDuration] result=-10 duration=0.000000
08-22 18:07:37.854 D/MpvBridgeModule(20777): [PlaybackTrace][Bridge][getDuration] ptr=131217387607136 duration=0.0
08-22 18:07:37.855 D/MpvBridgeModule(20777): [PlaybackTrace][Bridge][getPlaybackState] ptr=131217387607136 state=idle idle=true
08-22 18:07:38.870 I/MpvJNI (20777): [PlaybackTrace][Native][getPosition] result=-10 position=0.000000
08-22 18:07:38.870 D/MpvBridgeModule(20777): [PlaybackTrace][Bridge][getPosition] ptr=131217387607136 position=0.0
08-22 18:07:38.870 I/MpvJNI (20777): [PlaybackTrace][Native][getDuration] result=-10 duration=0.000000
08-22 18:07:38.870 D/MpvBridgeModule(20777): [PlaybackTrace][Bridge][getDuration] ptr=131217387607136 duration=0.0
08-22 18:07:38.870 D/MpvBridgeModule(20777): [PlaybackTrace][Bridge][getPlaybackState] ptr=131217387607136 state=idle idle=true
08-22 18:07:39.897 I/MpvJNI (20777): [PlaybackTrace][Native][getPosition] result=-10 position=0.000000
08-22 18:07:39.897 D/MpvBridgeModule(20777): [PlaybackTrace][Bridge][getPosition] ptr=131217387607136 position=0.0
08-22 18:07:39.897 I/MpvJNI (20777): [PlaybackTrace][Native][getDuration] result=-10 duration=0.000000
08-22 18:07:39.897 D/MpvBridgeModule(20777): [PlaybackTrace][Bridge][getDuration] ptr=131217387607136 duration=0.0
08-22 18:07:39.897 D/MpvBridgeModule(20777): [PlaybackTrace][Bridge][getPlaybackState] ptr=131217387607136 state=idle idle=true
08-22 18:07:40.903 I/MpvJNI (20777): [PlaybackTrace][Native][getPosition] result=-10 position=0.000000
08-22 18:07:40.903 D/MpvBridgeModule(20777): [PlaybackTrace][Bridge][getPosition] ptr=131217387607136 position=0.0
08-22 18:07:40.903 I/MpvJNI (20777): [PlaybackTrace][Native][getDuration] result=-10 duration=0.000000
08-22 18:07:40.903 D/MpvBridgeModule(20777): [PlaybackTrace][Bridge][getDuration] ptr=131217387607136 duration=0.0
08-22 18:07:40.903 D/MpvBridgeModule(20777): [PlaybackTrace][Bridge][getPlaybackState] ptr=131217387607136 state=idle idle=true
08-22 18:07:41.919 I/MpvJNI (20777): [PlaybackTrace][Native][getPosition] result=-10 position=0.000000
08-22 18:07:41.919 D/MpvBridgeModule(20777): [PlaybackTrace][Bridge][getPosition] ptr=131217387607136 position=0.0
08-22 18:07:41.919 I/MpvJNI (20777): [PlaybackTrace][Native][getDuration] result=-10 duration=0.000000
08-22 18:07:41.920 D/MpvBridgeModule(20777): [PlaybackTrace][Bridge][getDuration] ptr=131217387607136 duration=0.0
08-22 18:07:41.920 D/MpvBridgeModule(20777): [PlaybackTrace][Bridge][getPlaybackState] ptr=131217387607136 state=idle idle=true
08-22 18:07:42.936 I/MpvJNI (20777): [PlaybackTrace][Native][getPosition] result=-10 position=0.000000
08-22 18:07:42.936 D/MpvBridgeModule(20777): [PlaybackTrace][Bridge][getPosition] ptr=131217387607136 position=0.0
08-22 18:07:42.936 I/MpvJNI (20777): [PlaybackTrace][Native][getDuration] result=-10 duration=0.000000
08-22 18:07:42.936 D/MpvBridgeModule(20777): [PlaybackTrace][Bridge][getDuration] ptr=131217387607136 duration=0.0
08-22 18:07:42.936 D/MpvBridgeModule(20777): [PlaybackTrace][Bridge][getPlaybackState] ptr=131217387607136 state=idle idle=true
08-22 18:07:43.953 I/MpvJNI (20777): [PlaybackTrace][Native][getPosition] result=-10 position=0.000000
08-22 18:07:43.953 D/MpvBridgeModule(20777): [PlaybackTrace][Bridge][getPosition] ptr=131217387607136 position=0.0
08-22 18:07:43.954 I/MpvJNI (20777): [PlaybackTrace][Native][getDuration] result=-10 duration=0.000000
08-22 18:07:43.954 D/MpvBridgeModule(20777): [PlaybackTrace][Bridge][getDuration] ptr=131217387607136 duration=0.0
08-22 18:07:43.954 D/MpvBridgeModule(20777): [PlaybackTrace][Bridge][getPlaybackState] ptr=131217387607136 state=idle idle=true
08-22 18:07:44.971 I/MpvJNI (20777): [PlaybackTrace][Native][getPosition] result=-10 position=0.000000
08-22 18:07:44.971 D/MpvBridgeModule(20777): [PlaybackTrace][Bridge][getPosition] ptr=131217387607136 position=0.0
08-22 18:07:44.971 I/MpvJNI (20777): [PlaybackTrace][Native][getDuration] result=-10 duration=0.000000
08-22 18:07:44.971 D/MpvBridgeModule(20777): [PlaybackTrace][Bridge][getDuration] ptr=131217387607136 duration=0.0
08-22 18:07:44.972 D/MpvBridgeModule(20777): [PlaybackTrace][Bridge][getPlaybackState] ptr=131217387607136 state=idle idle=true
08-22 18:07:45.986 I/MpvJNI (20777): [PlaybackTrace][Native][getPosition] result=-10 position=0.000000
08-22 18:07:45.986 D/MpvBridgeModule(20777): [PlaybackTrace][Bridge][getPosition] ptr=131217387607136 position=0.0
08-22 18:07:45.987 I/MpvJNI (20777): [PlaybackTrace][Native][getDuration] result=-10 duration=0.000000
08-22 18:07:45.987 D/MpvBridgeModule(20777): [PlaybackTrace][Bridge][getDuration] ptr=131217387607136 duration=0.0
08-22 18:07:45.987 D/MpvBridgeModule(20777): [PlaybackTrace][Bridge][getPlaybackState] ptr=131217387607136 state=idle idle=true
08-22 18:07:47.004 I/MpvJNI (20777): [PlaybackTrace][Native][getPosition] result=-10 position=0.000000
08-22 18:07:47.004 D/MpvBridgeModule(20777): [PlaybackTrace][Bridge][getPosition] ptr=131217387607136 position=0.0
08-22 18:07:47.004 I/MpvJNI (20777): [PlaybackTrace][Native][getDuration] result=-10 duration=0.000000
08-22 18:07:47.004 D/MpvBridgeModule(20777): [PlaybackTrace][Bridge][getDuration] ptr=131217387607136 duration=0.0
08-22 18:07:47.005 D/MpvBridgeModule(20777): [PlaybackTrace][Bridge][getPlaybackState] ptr=131217387607136 state=idle idle=true
08-22 18:07:48.019 I/MpvJNI (20777): [PlaybackTrace][Native][getPosition] result=-10 position=0.000000
08-22 18:07:48.019 D/MpvBridgeModule(20777): [PlaybackTrace][Bridge][getPosition] ptr=131217387607136 position=0.0
08-22 18:07:48.019 I/MpvJNI (20777): [PlaybackTrace][Native][getDuration] result=-10 duration=0.000000
08-22 18:07:48.019 D/MpvBridgeModule(20777): [PlaybackTrace][Bridge][getDuration] ptr=131217387607136 duration=0.0
08-22 18:07:48.019 D/MpvBridgeModule(20777): [PlaybackTrace][Bridge][getPlaybackState] ptr=131217387607136 state=idle idle=true
08-22 18:07:49.035 I/MpvJNI (20777): [PlaybackTrace][Native][getPosition] result=-10 position=0.000000
08-22 18:07:49.035 D/MpvBridgeModule(20777): [PlaybackTrace][Bridge][getPosition] ptr=131217387607136 position=0.0
08-22 18:07:49.035 I/MpvJNI (20777): [PlaybackTrace][Native][getDuration] result=-10 duration=0.000000
08-22 18:07:49.035 D/MpvBridgeModule(20777): [PlaybackTrace][Bridge][getDuration] ptr=131217387607136 duration=0.0
08-22 18:07:49.035 D/MpvBridgeModule(20777): [PlaybackTrace][Bridge][getPlaybackState] ptr=131217387607136 state=idle idle=true
