08-22 15:59:36.555 I/NullBinder( 7937): NullBinder for android.net.action.RECOMMEND_NETWORKS triggering remote TransactionTooLargeException due to Service without Chimera impl, calling uid: 1000, calling pid: 0
08-22 15:59:42.562 I/NullBinder( 7937): NullBinder for android.net.action.RECOMMEND_NETWORKS triggering remote TransactionTooLargeException due to Service without Chimera impl, calling uid: 1000, calling pid: 0
08-22 16:00:03.411 I/system_server(  695): Background young concurrent mark compact GC freed 22MB AllocSpace bytes, 13(480KB) LOS objects, 36% free, 38MB/59MB, paused 7.332ms,59.826ms total 100.558ms
08-22 16:00:12.628 I/NullBinder( 7937): NullBinder for android.net.action.RECOMMEND_NETWORKS triggering remote TransactionTooLargeException due to Service without Chimera impl, calling uid: 1000, calling pid: 0
08-22 16:00:27.656 I/NullBinder( 7937): NullBinder for android.net.action.RECOMMEND_NETWORKS triggering remote TransactionTooLargeException due to Service without Chimera impl, calling uid: 1000, calling pid: 0
08-22 16:00:30.661 I/NullBinder( 7937): NullBinder for android.net.action.RECOMMEND_NETWORKS triggering remote TransactionTooLargeException due to Service without Chimera impl, calling uid: 1000, calling pid: 0
08-22 16:00:33.664 I/NullBinder( 7937): NullBinder for android.net.action.RECOMMEND_NETWORKS triggering remote TransactionTooLargeException due to Service without Chimera impl, calling uid: 1000, calling pid: 0
08-22 16:00:36.679 I/NullBinder( 7937): NullBinder for android.net.action.RECOMMEND_NETWORKS triggering remote TransactionTooLargeException due to Service without Chimera impl, calling uid: 1000, calling pid: 0
08-22 16:00:39.683 I/NullBinder( 7937): NullBinder for android.net.action.RECOMMEND_NETWORKS triggering remote TransactionTooLargeException due to Service without Chimera impl, calling uid: 1000, calling pid: 0
08-22 16:00:53.348 I/system_server(  695): Background young concurrent mark compact GC freed 21MB AllocSpace bytes, 4(128KB) LOS objects, 36% free, 38MB/59MB, paused 4.848ms,46.530ms total 89.698ms
08-22 16:01:03.499 I/APM_AudioPolicyManager(  543): getNewOutputDevices io 13 recent device override {AUDIO_DEVICE_OUT_SPEAKER, @:}
08-22 16:01:03.839 W/MpvBridgeModule(21702): Already initialized
08-22 16:01:03.849 I/ReactNativeJS(21702): Γöÿ ≡ƒÅ╖  player/playFile (in 16:01:03.841, took 6.08ms)
08-22 16:01:03.855 I/ReactNativeJS(21702): Γöé '%c prev state', 'color: #9E9E9E; font-weight: bold', { player: 
08-22 16:01:03.855 I/ReactNativeJS(21702):    { currentFile: 
08-22 16:01:03.855 I/ReactNativeJS(21702):       { uri: 'https://dts.podtrac.com/redirect.mp3/api.spreaker.com/download/episode/74139179/human_nature_and_conduct_part_4_conclusion_john_dewey.mp3',
08-22 16:01:03.855 I/ReactNativeJS(21702):         title: 'Human Nature and Conduct - Part 4, Conclusion-John Dewey',
08-22 16:01:03.855 I/ReactNativeJS(21702):         duration: 0,
08-22 16:01:03.855 I/ReactNativeJS(21702):         source: 'api',
08-22 16:01:03.855 I/ReactNativeJS(21702):         type: 'podcast',
08-22 16:01:03.855 I/ReactNativeJS(21702):         mediaType: 'audio',
08-22 16:01:03.855 I/ReactNativeJS(21702):         provider: 'podcastIndex',
08-22 16:01:03.855 I/ReactNativeJS(21702):         folderId: undefined,
08-22 16:01:03.855 I/ReactNativeJS(21702):         artworkUri: 'file:///data/user/0/com.simba.player/cache/artCache/6j8yr-3j.jpg' },
08-22 16:01:03.855 I/ReactNativeJS(21702):      playlist: [],
08-22 16:01:03.855 I/ReactNativeJS(21702):      queue: 
08-22 16:01:03.855 I/ReactNativeJS(21702):       [ { uri: 'https://audio.audiomeans.fr/pfx/b035a7c4-de15-11ef-9e7b-cfc4fb0c91f4/aod-rfi.akamaized.net/rfi/francais/audio/modules/actu/202608/ASA_21082026_Question_4_Reponse_4.mp3?guid=8797c22e-9c8d-11f1-9bd9-2f8d63b40800&source=PcNCvtcnHj',
08-22 16:01:03.855 I/ReactNativeJS(21702):           title: 'Guin├⌐e : comment le pays est devenu le deuxi├¿me pays le plus attractif dΓÇÖAfrique?',
08-22 16:01:03.855 I/ReactNativeJS(21702):           duration: 156,
08-22 16:01:03.855 I/ReactNativeJS(21702):           source: 'api',
08-22 16:01:03.855 I/ReactNativeJS(21702):           provider: 'podcastIndex',
08-22 16:01:03.855 I/ReactNativeJS(21702):           type: 'podcast',
08-22 16:01:03.855 I/ReactNativeJS(21702):           mediaType: 'audio' } ],
08-22 16:01:03.855 I/ReactNativeJS(21702):      playbackHistory: [],
08-22 16:01:03.855 I/ReactNativeJS(21702):      currentIndex: -1,
08-22 16:01:03.855 I/ReactNativeJS(21702):      playbackState: 'paused',
08-22 16:01:03.855 I/ReactNativeJS(21702):      currentPosition: 0,
08-22 16:01:03.855 I/ReactNativeJS(21702):      duration: 0,
08-22 16:01:03.855 I/ReactNativeJS(21702):      volume: 1,
08-22 16:01:03.855 I/ReactNativeJS(21702):      isFullscreen: false,
08-22 16:01:03.855 I/ReactNativeJS(21702):      loopMode: 'none',
08-22 16:01:03.855 I/ReactNativeJS(21702):      shuffle: false,
08-22 16:01:03.855 I/ReactNativeJS(21702):      playbackSpeed: 1,
08-22 16:01:03.855 I/ReactNativeJS(21702):      sleepTimerEndTime: null,
08-22 16:01:03.855 I/ReactNativeJS(21702):      sleepTimerMode: 'time',
08-22 16:01:03.855 I/ReactNativeJS(21702):      equalizerGains: [ 0, 0, 0, 0, 0, 0, 0, 0, 0, 0 ],
08-22 16:01:03.855 I/ReactNativeJS(21702):      equalizerEnabled: false,
08-22 16:01:03.855 I/ReactNativeJS(21702):      selectedQueueIndices: [] },
08-22 16:01:03.855 I/ReactNativeJS(21702):   settings: 
08-22 16:01:03.855 I/ReactNativeJS(21702):    { themeMode: 'system',
08-22 16:01:03.855 I/ReactNativeJS(21702):      repeatMode: 'off',
08-22 16:01:03.855 I/ReactNativeJS(21702):      playbackSpeed: 1,
08-22 16:01:03.855 I/ReactNativeJS(21702):      sleepTimerMinutes: 0,
08-22 16:01:03.855 I/ReactNativeJS(21702):      isShuffleOn: false,
08-22 16:01:03.855 I/ReactNativeJS(21702):      rememberPlaybackPosition: true,
08-22 16:01:03.855 I/ReactNativeJS(21702):      isAudioNormalizationEnabled: false,
08-22 16:01:03.855 I/ReactNativeJS(21702):      isDialogueBoostEnabled: false,
08-22 16:01:03.855 I/ReactNativeJS(21702):      isHardwareAccelerationEnabled: true,
08-22 16:01:03.855 I/ReactNativeJS(21702):      isAutoLoadSubtitlesEnabled: true,
08-22 16:01:03.855 I/ReactNativeJS(21702):      preferredLanguages: 'eng, jpn, und',
08-22 16:01:03.855 I/ReactNativeJS(21702):      externalSubtitleDirectories: './subs, ./subtitles',
08-22 16:01:03.855 I/ReactNativeJS(21702):      subtitleFontSize: 16,
08-22 16:01:03.855 I/ReactNativeJS(21702):      subtitleTextColor: '#FFFFFF',
08-22 16:01:03.855 I/ReactNativeJS(21702):      subtitleBackgroundOpacity: 0.5,
08-22 16:01:03.855 I/ReactNativeJS(21702):      skipSilenceEnabled: false,
08-22 16:01:03.855 I/ReactNativeJS(21702):      sampleRate: 0,
08-22 16:01:03.855 I/ReactNativeJS(21702):      replayGain: 'no',
08-22 16:01:03.855 I/ReactNativeJS(21702):      gaplessPlayback: false,
08-22 16:01:03.855 I/ReactNativeJS(21702):      audioDelay: 0,
08-22 16:01:03.855 I/ReactNativeJS(21702):      eqEnabled: false,
08-22 16:01:03.855 I/ReactNativeJS(21702):      eqPreset: 'Flat',
08-22 16:01:03.855 I/ReactNativeJS(21702):      eqGains: [ 0, 0, 0, 0, 0, 0, 0, 0, 0, 0 ],
08-22 16:01:03.855 I/ReactNativeJS(21702):      videoFolders: [],
08-22 16:01:03.855 I/ReactNativeJS(21702):      audioFolders: [],
08-22 16:01:03.855 I/ReactNativeJS(21702):      linkedFolders: [],
08-22 16:01:03.855 I/ReactNativeJS(21702):      lastScanTimestamp: null,
08-22 16:01:03.855 I/ReactNativeJS(21702):      isScanning: false,
08-22 16:01:03.855 I/ReactNativeJS(21702):      mpvOptions: [],
08-22 16:01:03.855 I/ReactNativeJS(21702):      hasLaunched: true,
08-22 16:01:03.855 I/ReactNativeJS(21702):      largerControls: false,
08-22 16:01:03.855 I/ReactNativeJS(21702):      highContrastSubtitles: false,
08-22 16:01:03.855 I/ReactNativeJS(21702):      scanOnLaunch: false,
08-22 16:01:03.855 I/ReactNativeJS(21702):      notificationsEnabled: true,
08-22 16:01:03.855 I/ReactNativeJS(21702):      appLanguage: 'system',
08-22 16:01:03.855 I/ReactNativeJS(21702):      autoDeleteDownloads: 0,
08-22 16:01:03.855 I/ReactNativeJS(21702):      homeCity: '' },
08-22 16:01:03.855 I/ReactNativeJS(21702):   session: 
08-22 16:01:03.855 I/ReactNativeJS(21702):    { playCounts: 
08-22 16:01:03.855 I/ReactNativeJS(21702):       { 'https://prod-1.storage.jamendo.com/?trackid=2034080&format=mp31&from=MsPA5NAX6hQYKR9glswRvA%3D%3D%7C86DWN0H1N2zPq8J7Slbijg%3D%3D': 4,
08-22 16:01:03.855 I/ReactNativeJS(21702):         'https://prod-1.storage.jamendo.com/?trackid=2034080&format=mp31&from=u6ovxwtWtRbsBymjmp23%2Fg%3D%3D%7CdAKAyusz%2BSDTegmnFGrOEw%3D%3D': 3,
08-22 16:01:03.855 I/ReactNativeJS(21702):         'https://dts.podtrac.com/redirect.mp3/api.spreaker.com/download/episode/74199431/astrophel_and_stella_sir_philip_sidney.mp3': 2,
08-22 16:01:03.855 I/ReactNativeJS(21702):         'https://dts.podtrac.com/redirect.mp3/api.spreaker.com/download/episode/74139179/human_nature_and_conduct_part_4_conclusion_john_dewey.mp3': 6 },
08-22 16:01:03.855 I/ReactNativeJS(21702):      mediaLibrary: 
08-22 16:01:03.855 I/ReactNativeJS(21702):       [ { fileUri: 'https://prod-1.storage.jamendo.com/?trackid=2034080&format=mp31&from=MsPA5NAX6hQYKR9glswRvA%3D%3D%7C86DWN0H1N2zPq8J7Slbijg%3D%3D',
08-22 16:01:03.855 I/ReactNativeJS(21702):           title: 'Music Soothe - Meditation Music',
08-22 16:01:03.855 I/ReactNativeJS(21702):           duration: 0,
08-22 16:01:03.855 I/ReactNativeJS(21702):           source: 'api',
08-22 16:01:03.855 I/ReactNativeJS(21702):           type: 'music',
08-22 16:01:03.855 I/ReactNativeJS(21702):           mediaType: 'audio',
08-22 16:01:03.855 I/ReactNativeJS(21702):           provider: 'jamendo',
08-22 16:01:03.855 I/ReactNativeJS(21702):           dateAdded: '2026-08-21T13:03:42.588Z' },
08-22 16:01:03.855 I/ReactNativeJS(21702):         { fileUri: 'https://prod-1.storage.jamendo.com/?trackid=2034080&format=mp31&from=u6ovxwtWtRbsBymjmp23%2Fg%3D%3D%7CdAKAyusz%2BSDTegmnFGrOEw%3D%3D',
08-22 16:01:03.855 I/ReactNativeJS(21702):           title: 'Music Soothe - Meditation Music',
08-22 16:01:03.855 I/ReactNativeJS(21702):           duration: 0,
08-22 16:01:03.855 I/ReactNativeJS(21702):           source: 'api',
08-22 16:01:03.855 I/ReactNativeJS(21702):           type: 'music',
08-22 16:01:03.855 I/ReactNativeJS(21702):           mediaType: 'audio',
08-22 16:01:03.855 I/ReactNativeJS(21702):           provider: 'jamendo',
08-22 16:01:03.855 I/ReactNativeJS(21702):           dateAdded: '2026-08-21T13:19:47.827Z' },
08-22 16:01:03.855 I/ReactNativeJS(21702):         { fileUri: 'https://dts.podtrac.com/redirect.mp3/api.spreaker.com/download/episode/74199431/astrophel_and_stella_sir_philip_sidney.mp3',
08-22 16:01:03.855 I/ReactNativeJS(21702):           title: 'Astrophel and Stella-Sir Philip Sidney',
08-22 16:01:03.855 I/ReactNativeJS(21702):           duration: 0,
08-22 16:01:03.855 I/ReactNativeJS(21702):           source: 'api',
08-22 16:01:03.855 I/ReactNativeJS(21702):           type: 'podcast',
08-22 16:01:03.855 I/ReactNativeJS(21702):           mediaType: 'audio',
08-22 16:01:03.855 I/ReactNativeJS(21702):           provider: 'podcastIndex',
08-22 16:01:03.855 I/ReactNativeJS(21702):           dateAdded: '2026-08-21T13:28:53.053Z' },
08-22 16:01:03.855 I/ReactNativeJS(21702):         { fileUri: 'https://dts.podtrac.com/redirect.mp3/api.spreaker.com/download/episode/74139179/human_nature_and_conduct_part_4_conclusion_john_dewey.mp3',
08-22 16:01:03.855 I/ReactNativeJS(21702):           title: 'Human Nature and Conduct - Part 4, Conclusion-John Dewey',
08-22 16:01:03.855 I/ReactNativeJS(21702):           duration: 0,
08-22 16:01:03.855 I/ReactNativeJS(21702):           source: 'api',
08-22 16:01:03.855 I/ReactNativeJS(21702):           type: 'podcast',
08-22 16:01:03.855 I/ReactNativeJS(21702):           mediaType: 'audio',
08-22 16:01:03.855 I/ReactNativeJS(21702):           provider: 'podcastIndex',
08-22 16:01:03.855 I/ReactNativeJS(21702):           dateAdded: '2026-08-21T13:51:23.978Z' } ] },
08-22 16:01:03.855 I/ReactNativeJS(21702):   playlists: { playlists: [] },
08-22 16:01:03.855 I/ReactNativeJS(21702):   pip: 
08-22 16:01:03.855 I/ReactNativeJS(21702):    { isInPipMode: false,
08-22 16:01:03.855 I/ReactNativeJS(21702):      surfaceUri: null,
08-22 16:01:03.855 I/ReactNativeJS(21702):      pipedFileTitle: null,
08-22 16:01:03.855 I/ReactNativeJS(21702):      chapterTitle: null,
08-22 16:01:03.855 I/ReactNativeJS(21702):      chapterIndex: -1,
08-22 16:01:03.855 I/ReactNativeJS(21702):      progressPercentage: '0 %' },
08-22 16:01:03.855 I/ReactNativeJS(21702):   media: 
08-22 16:01:03.855 I/ReactNativeJS(21702):    { tracks: [],
08-22 16:01:03.855 I/ReactNativeJS(21702):      isScanning: false,
08-22 16:01:03.855 I/ReactNativeJS(21702):      cancelRequested: false,
08-22 16:01:03.855 I/ReactNativeJS(21702):      scanProgress: 
08-22 16:01:03.855 I/ReactNativeJS(21702):       { currentFolder: null,
08-22 16:01:03.855 I/ReactNativeJS(21702):         filesFound: 0,
08-22 16:01:03.855 I/ReactNativeJS(21702):         totalFiles: 0,
08-22 16:01:03.855 I/ReactNativeJS(21702):         percentComplete: 0 },
08-22 16:01:03.855 I/ReactNativeJS(21702):      scanHistory: 
08-22 16:01:03.855 I/ReactNativeJS(21702):       { lastScanTime: null,
08-22 16:01:03.855 I/ReactNativeJS(21702):         filesAdded: 0,
08-22 16:01:03.855 I/ReactNativeJS(21702):         filesRemoved: 0,
08-22 16:01:03.855 I/ReactNativeJS(21702):         errorsCount: 0,
08-22 16:01:03.855 I/ReactNativeJS(21702):         unsupportedCount: 0 },
08-22 16:01:03.855 I/ReactNativeJS(21702):      searchIndex: {} },
08-22 16:01:03.855 I/ReactNativeJS(21702):   auth: 
08-22 16:01:03.855 I/ReactNativeJS(21702):    { user: 
08-22 16:01:03.855 I/ReactNativeJS(21702):       { id: '107368191704644775546',
08-22 16:01:03.855 I/ReactNativeJS(21702):         name: 'Paval EP',
08-22 16:01:03.855 I/ReactNativeJS(21702):         email: 'pavalep@gmail.com',
08-22 16:01:03.855 I/ReactNativeJS(21702):         photo: 'https://lh3.googleusercontent.com/a/ACg8ocKPW8izhGkENzCRf__xjdvKLyx3D2kpLHIodl2XQ5LeHa-7BXdv=s96-c' },
08-22 16:01:03.855 I/ReactNativeJS(21702):      isAuthenticated: true,
08-22 16:01:03.855 I/ReactNativeJS(21702):      isLoading: false,
08-22 16:01:03.855 I/ReactNativeJS(21702):      isRestoring: false,
08-22 16:01:03.855 I/ReactNativeJS(21702):      error: null,
08-22 16:01:03.855 I/ReactNativeJS(21702):      errorKind: null,
08-22 16:01:03.855 I/ReactNativeJS(21702):      lastSignedInAt: 1787393582385,
08-22 16:01:03.855 I/ReactNativeJS(21702):      sessionExpiresAt: 1789985582385 },
08-22 16:01:03.855 I/ReactNativeJS(21702):   bookmark: { items: [] },
08-22 16:01:03.855 I/ReactNativeJS(21702):   followedPodcasts: 
08-22 16:01:03.855 I/ReactNativeJS(21702):    { items: 
08-22 16:01:03.855 I/ReactNativeJS(21702):       [ { id: 7694008,
08-22 16:01:03.855 I/ReactNativeJS(21702):           title: 'Soul of Man',
08-22 16:01:03.855 I/ReactNativeJS(21702):           author: 'Oscar Wilde',
08-22 16:01:03.855 I/ReactNativeJS(21702):           image: 'https://d3wo5wojvuv7l.cloudfront.net/t_rss_itunes_square_1400/images.spreaker.com/original/591ec3a8f550a45360ba9a35674e0f81.jpg',
08-22 16:01:03.855 I/ReactNativeJS(21702):           feedUrl: 'https://www.spreaker.com/show/6874293/episodes/feed',
08-22 16:01:03.855 I/ReactNativeJS(21702):           episodeCount: 23,
08-22 16:01:03.855 I/ReactNativeJS(21702):           followedAt: '2026-08-21T13:25:35.035Z' },
08-22 16:01:03.855 I/ReactNativeJS(21702):         { id: 4067941,
08-22 16:01:03.855 I/ReactNativeJS(21702):           title: 'Appels sur l\'actualit├⌐',
08-22 16:01:03.855 I/ReactNativeJS(21702):           author: 'RFI',
08-22 16:01:03.855 I/ReactNativeJS(21702):           image: 'https://s.rfi.fr/media/display/70c04558-7c0f-11ef-8e7e-005056a97e36/w:1400/p:1x1/itunes-3000x3000-Appels-sur-actualit%C3%A9.jpg',
08-22 16:01:03.855 I/ReactNativeJS(21702):           feedUrl: 'https://apis.rfi.fr/products/get_product/rfi_getpodcast_by_nid?token_application=975d23b8-7a07-11e8-9f62-005056a90194&program.entrepriseId=WB114-RFI-FR-20090830',
08-22 16:01:03.855 I/ReactNativeJS(21702):           episodeCount: 24,
08-22 16:01:03.855 I/ReactNativeJS(21702):           followedAt: '2026-08-21T13:25:24.803Z' },
08-22 16:01:03.855 I/ReactNativeJS(21702):         { id: 1387931,
08-22 16:01:03.855 I/ReactNativeJS(21702):           title: 'On va d├⌐guster',
08-22 16:01:03.855 I/ReactNativeJS(21702):           author: 'France Inter',
08-22 16:01:03.855 I/ReactNativeJS(21702):           image: [TOO BIG formatValueCalls 201 exceeded limit of 200],
08-22 16:01:03.855 I/ReactNativeJS(21702):           feedUrl: [TOO BIG formatValueCalls 202 exceeded limit of 200],
08-22 16:01:03.855 I/ReactNativeJS(21702):           episodeCount: [TOO BIG formatValueCalls 203 exceeded limit of 200],
08-22 16:01:03.855 I/ReactNativeJS(21702):           followedAt: [TOO BIG formatValueCalls 204 exceeded limit of 200] } ] },
08-22 16:01:03.855 I/ReactNativeJS(21702):   liveFavorites: [TOO BIG formatValueCalls 205 exceeded limit of 200],
08-22 16:01:03.855 I/ReactNativeJS(21702):   downloads: [TOO BIG formatValueCalls 206 exceeded limit of 200],
08-22 16:01:03.855 I/ReactNativeJS(21702):   weather: [TOO BIG formatValueCalls 207 exceeded limit of 200],
08-22 16:01:03.855 I/ReactNativeJS(21702):   recentHistory: [TOO BIG formatValueCalls 208 exceeded limit of 200],
08-22 16:01:03.855 I/ReactNativeJS(21702):   _persist: [TOO BIG formatValueCalls 209 exceeded limit of 200] }
08-22 16:01:03.857 I/ReactNativeJS(21702): Γöé '%c action    ', 'color: #03A9F4; font-weight: bold', { type: 'player/playFile',
08-22 16:01:03.857 I/ReactNativeJS(21702):   payload: 
08-22 16:01:03.857 I/ReactNativeJS(21702):    { uri: 'https://dts.podtrac.com/redirect.mp3/api.spreaker.com/download/episode/74139179/human_nature_and_conduct_part_4_conclusion_john_dewey.mp3',
08-22 16:01:03.857 I/ReactNativeJS(21702):      title: 'Human Nature and Conduct - Part 4, Conclusion-John Dewey',
08-22 16:01:03.857 I/ReactNativeJS(21702):      duration: 0,
08-22 16:01:03.857 I/ReactNativeJS(21702):      source: 'api',
08-22 16:01:03.857 I/ReactNativeJS(21702):      type: 'podcast',
08-22 16:01:03.857 I/ReactNativeJS(21702):      mediaType: 'audio',
08-22 16:01:03.857 I/ReactNativeJS(21702):      provider: 'podcastIndex',
08-22 16:01:03.857 I/ReactNativeJS(21702):      folderId: undefined,
08-22 16:01:03.857 I/ReactNativeJS(21702):      artworkUri: 'file:///data/user/0/com.simba.player/cache/artCache/6j8yr-3j.jpg' } }
08-22 16:01:03.865 I/ReactNativeJS(21702): Γöé '%c next state', 'color: #4CAF50; font-weight: bold', { player: 
08-22 16:01:03.865 I/ReactNativeJS(21702):    { currentFile: 
08-22 16:01:03.865 I/ReactNativeJS(21702):       { uri: 'https://dts.podtrac.com/redirect.mp3/api.spreaker.com/download/episode/74139179/human_nature_and_conduct_part_4_conclusion_john_dewey.mp3',
08-22 16:01:03.865 I/ReactNativeJS(21702):         title: 'Human Nature and Conduct - Part 4, Conclusion-John Dewey',
08-22 16:01:03.865 I/ReactNativeJS(21702):         duration: 0,
08-22 16:01:03.865 I/ReactNativeJS(21702):         source: 'api',
08-22 16:01:03.865 I/ReactNativeJS(21702):         type: 'podcast',
08-22 16:01:03.865 I/ReactNativeJS(21702):         mediaType: 'audio',
08-22 16:01:03.865 I/ReactNativeJS(21702):         provider: 'podcastIndex',
08-22 16:01:03.865 I/ReactNativeJS(21702):         folderId: undefined,
08-22 16:01:03.865 I/ReactNativeJS(21702):         artworkUri: 'file:///data/user/0/com.simba.player/cache/artCache/6j8yr-3j.jpg' },
08-22 16:01:03.865 I/ReactNativeJS(21702):      playlist: [],
08-22 16:01:03.865 I/ReactNativeJS(21702):      queue: 
08-22 16:01:03.865 I/ReactNativeJS(21702):       [ { uri: 'https://audio.audiomeans.fr/pfx/b035a7c4-de15-11ef-9e7b-cfc4fb0c91f4/aod-rfi.akamaized.net/rfi/francais/audio/modules/actu/202608/ASA_21082026_Question_4_Reponse_4.mp3?guid=8797c22e-9c8d-11f1-9bd9-2f8d63b40800&source=PcNCvtcnHj',
08-22 16:01:03.865 I/ReactNativeJS(21702):           title: 'Guin├⌐e : comment le pays est devenu le deuxi├¿me pays le plus attractif dΓÇÖAfrique?',
08-22 16:01:03.865 I/ReactNativeJS(21702):           duration: 156,
08-22 16:01:03.865 I/ReactNativeJS(21702):           source: 'api',
08-22 16:01:03.865 I/ReactNativeJS(21702):           provider: 'podcastIndex',
08-22 16:01:03.865 I/ReactNativeJS(21702):           type: 'podcast',
08-22 16:01:03.865 I/ReactNativeJS(21702):           mediaType: 'audio' } ],
08-22 16:01:03.865 I/ReactNativeJS(21702):      playbackHistory: [],
08-22 16:01:03.865 I/ReactNativeJS(21702):      currentIndex: -1,
08-22 16:01:03.865 I/ReactNativeJS(21702):      playbackState: 'playing',
08-22 16:01:03.865 I/ReactNativeJS(21702):      currentPosition: 0,
08-22 16:01:03.865 I/ReactNativeJS(21702):      duration: 0,
08-22 16:01:03.865 I/ReactNativeJS(21702):      volume: 1,
08-22 16:01:03.865 I/ReactNativeJS(21702):      isFullscreen: false,
08-22 16:01:03.865 I/ReactNativeJS(21702):      loopMode: 'none',
08-22 16:01:03.865 I/ReactNativeJS(21702):      shuffle: false,
08-22 16:01:03.865 I/ReactNativeJS(21702):      playbackSpeed: 1,
08-22 16:01:03.865 I/ReactNativeJS(21702):      sleepTimerEndTime: null,
08-22 16:01:03.865 I/ReactNativeJS(21702):      sleepTimerMode: 'time',
08-22 16:01:03.865 I/ReactNativeJS(21702):      equalizerGains: [ 0, 0, 0, 0, 0, 0, 0, 0, 0, 0 ],
08-22 16:01:03.865 I/ReactNativeJS(21702):      equalizerEnabled: false,
08-22 16:01:03.865 I/ReactNativeJS(21702):      selectedQueueIndices: [] },
08-22 16:01:03.865 I/ReactNativeJS(21702):   settings: 
08-22 16:01:03.865 I/ReactNativeJS(21702):    { themeMode: 'system',
08-22 16:01:03.865 I/ReactNativeJS(21702):      repeatMode: 'off',
08-22 16:01:03.865 I/ReactNativeJS(21702):      playbackSpeed: 1,
08-22 16:01:03.865 I/ReactNativeJS(21702):      sleepTimerMinutes: 0,
08-22 16:01:03.865 I/ReactNativeJS(21702):      isShuffleOn: false,
08-22 16:01:03.865 I/ReactNativeJS(21702):      rememberPlaybackPosition: true,
08-22 16:01:03.865 I/ReactNativeJS(21702):      isAudioNormalizationEnabled: false,
08-22 16:01:03.865 I/ReactNativeJS(21702):      isDialogueBoostEnabled: false,
08-22 16:01:03.865 I/ReactNativeJS(21702):      isHardwareAccelerationEnabled: true,
08-22 16:01:03.865 I/ReactNativeJS(21702):      isAutoLoadSubtitlesEnabled: true,
08-22 16:01:03.865 I/ReactNativeJS(21702):      preferredLanguages: 'eng, jpn, und',
08-22 16:01:03.865 I/ReactNativeJS(21702):      externalSubtitleDirectories: './subs, ./subtitles',
08-22 16:01:03.865 I/ReactNativeJS(21702):      subtitleFontSize: 16,
08-22 16:01:03.865 I/ReactNativeJS(21702):      subtitleTextColor: '#FFFFFF',
08-22 16:01:03.865 I/ReactNativeJS(21702):      subtitleBackgroundOpacity: 0.5,
08-22 16:01:03.865 I/ReactNativeJS(21702):      skipSilenceEnabled: false,
08-22 16:01:03.865 I/ReactNativeJS(21702):      sampleRate: 0,
08-22 16:01:03.865 I/ReactNativeJS(21702):      replayGain: 'no',
08-22 16:01:03.865 I/ReactNativeJS(21702):      gaplessPlayback: false,
08-22 16:01:03.865 I/ReactNativeJS(21702):      audioDelay: 0,
08-22 16:01:03.865 I/ReactNativeJS(21702):      eqEnabled: false,
08-22 16:01:03.865 I/ReactNativeJS(21702):      eqPreset: 'Flat',
08-22 16:01:03.865 I/ReactNativeJS(21702):      eqGains: [ 0, 0, 0, 0, 0, 0, 0, 0, 0, 0 ],
08-22 16:01:03.865 I/ReactNativeJS(21702):      videoFolders: [],
08-22 16:01:03.865 I/ReactNativeJS(21702):      audioFolders: [],
08-22 16:01:03.865 I/ReactNativeJS(21702):      linkedFolders: [],
08-22 16:01:03.865 I/ReactNativeJS(21702):      lastScanTimestamp: null,
08-22 16:01:03.865 I/ReactNativeJS(21702):      isScanning: false,
08-22 16:01:03.865 I/ReactNativeJS(21702):      mpvOptions: [],
08-22 16:01:03.865 I/ReactNativeJS(21702):      hasLaunched: true,
08-22 16:01:03.865 I/ReactNativeJS(21702):      largerControls: false,
08-22 16:01:03.865 I/ReactNativeJS(21702):      highContrastSubtitles: false,
08-22 16:01:03.865 I/ReactNativeJS(21702):      scanOnLaunch: false,
08-22 16:01:03.865 I/ReactNativeJS(21702):      notificationsEnabled: true,
08-22 16:01:03.865 I/ReactNativeJS(21702):      appLanguage: 'system',
08-22 16:01:03.865 I/ReactNativeJS(21702):      autoDeleteDownloads: 0,
08-22 16:01:03.865 I/ReactNativeJS(21702):      homeCity: '' },
08-22 16:01:03.865 I/ReactNativeJS(21702):   session: 
08-22 16:01:03.865 I/ReactNativeJS(21702):    { playCounts: 
08-22 16:01:03.865 I/ReactNativeJS(21702):       { 'https://prod-1.storage.jamendo.com/?trackid=2034080&format=mp31&from=MsPA5NAX6hQYKR9glswRvA%3D%3D%7C86DWN0H1N2zPq8J7Slbijg%3D%3D': 4,
08-22 16:01:03.865 I/ReactNativeJS(21702):         'https://prod-1.storage.jamendo.com/?trackid=2034080&format=mp31&from=u6ovxwtWtRbsBymjmp23%2Fg%3D%3D%7CdAKAyusz%2BSDTegmnFGrOEw%3D%3D': 3,
08-22 16:01:03.865 I/ReactNativeJS(21702):         'https://dts.podtrac.com/redirect.mp3/api.spreaker.com/download/episode/74199431/astrophel_and_stella_sir_philip_sidney.mp3': 2,
08-22 16:01:03.865 I/ReactNativeJS(21702):         'https://dts.podtrac.com/redirect.mp3/api.spreaker.com/download/episode/74139179/human_nature_and_conduct_part_4_conclusion_john_dewey.mp3': 6 },
08-22 16:01:03.865 I/ReactNativeJS(21702):      mediaLibrary: 
08-22 16:01:03.865 I/ReactNativeJS(21702):       [ { fileUri: 'https://prod-1.storage.jamendo.com/?trackid=2034080&format=mp31&from=MsPA5NAX6hQYKR9glswRvA%3D%3D%7C86DWN0H1N2zPq8J7Slbijg%3D%3D',
08-22 16:01:03.865 I/ReactNativeJS(21702):           title: 'Music Soothe - Meditation Music',
08-22 16:01:03.865 I/ReactNativeJS(21702):           duration: 0,
08-22 16:01:03.865 I/ReactNativeJS(21702):           source: 'api',
08-22 16:01:03.865 I/ReactNativeJS(21702):           type: 'music',
08-22 16:01:03.865 I/ReactNativeJS(21702):           mediaType: 'audio',
08-22 16:01:03.865 I/ReactNativeJS(21702):           provider: 'jamendo',
08-22 16:01:03.865 I/ReactNativeJS(21702):           dateAdded: '2026-08-21T13:03:42.588Z' },
08-22 16:01:03.865 I/ReactNativeJS(21702):         { fileUri: 'https://prod-1.storage.jamendo.com/?trackid=2034080&format=mp31&from=u6ovxwtWtRbsBymjmp23%2Fg%3D%3D%7CdAKAyusz%2BSDTegmnFGrOEw%3D%3D',
08-22 16:01:03.865 I/ReactNativeJS(21702):           title: 'Music Soothe - Meditation Music',
08-22 16:01:03.865 I/ReactNativeJS(21702):           duration: 0,
08-22 16:01:03.865 I/ReactNativeJS(21702):           source: 'api',
08-22 16:01:03.865 I/ReactNativeJS(21702):           type: 'music',
08-22 16:01:03.865 I/ReactNativeJS(21702):           mediaType: 'audio',
08-22 16:01:03.865 I/ReactNativeJS(21702):           provider: 'jamendo',
08-22 16:01:03.865 I/ReactNativeJS(21702):           dateAdded: '2026-08-21T13:19:47.827Z' },
08-22 16:01:03.865 I/ReactNativeJS(21702):         { fileUri: 'https://dts.podtrac.com/redirect.mp3/api.spreaker.com/download/episode/74199431/astrophel_and_stella_sir_philip_sidney.mp3',
08-22 16:01:03.865 I/ReactNativeJS(21702):           title: 'Astrophel and Stella-Sir Philip Sidney',
08-22 16:01:03.865 I/ReactNativeJS(21702):           duration: 0,
08-22 16:01:03.865 I/ReactNativeJS(21702):           source: 'api',
08-22 16:01:03.865 I/ReactNativeJS(21702):           type: 'podcast',
08-22 16:01:03.865 I/ReactNativeJS(21702):           mediaType: 'audio',
08-22 16:01:03.865 I/ReactNativeJS(21702):           provider: 'podcastIndex',
08-22 16:01:03.865 I/ReactNativeJS(21702):           dateAdded: '2026-08-21T13:28:53.053Z' },
08-22 16:01:03.865 I/ReactNativeJS(21702):         { fileUri: 'https://dts.podtrac.com/redirect.mp3/api.spreaker.com/download/episode/74139179/human_nature_and_conduct_part_4_conclusion_john_dewey.mp3',
08-22 16:01:03.865 I/ReactNativeJS(21702):           title: 'Human Nature and Conduct - Part 4, Conclusion-John Dewey',
08-22 16:01:03.865 I/ReactNativeJS(21702):           duration: 0,
08-22 16:01:03.865 I/ReactNativeJS(21702):           source: 'api',
08-22 16:01:03.865 I/ReactNativeJS(21702):           type: 'podcast',
08-22 16:01:03.865 I/ReactNativeJS(21702):           mediaType: 'audio',
08-22 16:01:03.865 I/ReactNativeJS(21702):           provider: 'podcastIndex',
08-22 16:01:03.865 I/ReactNativeJS(21702):           dateAdded: '2026-08-21T13:51:23.978Z' } ] },
08-22 16:01:03.865 I/ReactNativeJS(21702):   playlists: { playlists: [] },
08-22 16:01:03.865 I/ReactNativeJS(21702):   pip: 
08-22 16:01:03.865 I/ReactNativeJS(21702):    { isInPipMode: false,
08-22 16:01:03.865 I/ReactNativeJS(21702):      surfaceUri: null,
08-22 16:01:03.865 I/ReactNativeJS(21702):      pipedFileTitle: null,
08-22 16:01:03.865 I/ReactNativeJS(21702):      chapterTitle: null,
08-22 16:01:03.865 I/ReactNativeJS(21702):      chapterIndex: -1,
08-22 16:01:03.865 I/ReactNativeJS(21702):      progressPercentage: '0 %' },
08-22 16:01:03.865 I/ReactNativeJS(21702):   media: 
08-22 16:01:03.865 I/ReactNativeJS(21702):    { tracks: [],
08-22 16:01:03.865 I/ReactNativeJS(21702):      isScanning: false,
08-22 16:01:03.865 I/ReactNativeJS(21702):      cancelRequested: false,
08-22 16:01:03.865 I/ReactNativeJS(21702):      scanProgress: 
08-22 16:01:03.865 I/ReactNativeJS(21702):       { currentFolder: null,
08-22 16:01:03.865 I/ReactNativeJS(21702):         filesFound: 0,
08-22 16:01:03.865 I/ReactNativeJS(21702):         totalFiles: 0,
08-22 16:01:03.865 I/ReactNativeJS(21702):         percentComplete: 0 },
08-22 16:01:03.865 I/ReactNativeJS(21702):      scanHistory: 
08-22 16:01:03.865 I/ReactNativeJS(21702):       { lastScanTime: null,
08-22 16:01:03.865 I/ReactNativeJS(21702):         filesAdded: 0,
08-22 16:01:03.865 I/ReactNativeJS(21702):         filesRemoved: 0,
08-22 16:01:03.865 I/ReactNativeJS(21702):         errorsCount: 0,
08-22 16:01:03.865 I/ReactNativeJS(21702):         unsupportedCount: 0 },
08-22 16:01:03.865 I/ReactNativeJS(21702):      searchIndex: {} },
08-22 16:01:03.865 I/ReactNativeJS(21702):   auth: 
08-22 16:01:03.865 I/ReactNativeJS(21702):    { user: 
08-22 16:01:03.865 I/ReactNativeJS(21702):       { id: '107368191704644775546',
08-22 16:01:03.865 I/ReactNativeJS(21702):         name: 'Paval EP',
08-22 16:01:03.865 I/ReactNativeJS(21702):         email: 'pavalep@gmail.com',
08-22 16:01:03.865 I/ReactNativeJS(21702):         photo: 'https://lh3.googleusercontent.com/a/ACg8ocKPW8izhGkENzCRf__xjdvKLyx3D2kpLHIodl2XQ5LeHa-7BXdv=s96-c' },
08-22 16:01:03.865 I/ReactNativeJS(21702):      isAuthenticated: true,
08-22 16:01:03.865 I/ReactNativeJS(21702):      isLoading: false,
08-22 16:01:03.865 I/ReactNativeJS(21702):      isRestoring: false,
08-22 16:01:03.865 I/ReactNativeJS(21702):      error: null,
08-22 16:01:03.865 I/ReactNativeJS(21702):      errorKind: null,
08-22 16:01:03.865 I/ReactNativeJS(21702):      lastSignedInAt: 1787393582385,
08-22 16:01:03.865 I/ReactNativeJS(21702):      sessionExpiresAt: 1789985582385 },
08-22 16:01:03.865 I/ReactNativeJS(21702):   bookmark: { items: [] },
08-22 16:01:03.865 I/ReactNativeJS(21702):   followedPodcasts: 
08-22 16:01:03.865 I/ReactNativeJS(21702):    { items: 
08-22 16:01:03.865 I/ReactNativeJS(21702):       [ { id: 7694008,
08-22 16:01:03.865 I/ReactNativeJS(21702):           title: 'Soul of Man',
08-22 16:01:03.865 I/ReactNativeJS(21702):           author: 'Oscar Wilde',
08-22 16:01:03.865 I/ReactNativeJS(21702):           image: 'https://d3wo5wojvuv7l.cloudfront.net/t_rss_itunes_square_1400/images.spreaker.com/original/591ec3a8f550a45360ba9a35674e0f81.jpg',
08-22 16:01:03.865 I/ReactNativeJS(21702):           feedUrl: 'https://www.spreaker.com/show/6874293/episodes/feed',
08-22 16:01:03.865 I/ReactNativeJS(21702):           episodeCount: 23,
08-22 16:01:03.865 I/ReactNativeJS(21702):           followedAt: '2026-08-21T13:25:35.035Z' },
08-22 16:01:03.865 I/ReactNativeJS(21702):         { id: 4067941,
08-22 16:01:03.865 I/ReactNativeJS(21702):           title: 'Appels sur l\'actualit├⌐',
08-22 16:01:03.865 I/ReactNativeJS(21702):           author: 'RFI',
08-22 16:01:03.865 I/ReactNativeJS(21702):           image: 'https://s.rfi.fr/media/display/70c04558-7c0f-11ef-8e7e-005056a97e36/w:1400/p:1x1/itunes-3000x3000-Appels-sur-actualit%C3%A9.jpg',
08-22 16:01:03.865 I/ReactNativeJS(21702):           feedUrl: 'https://apis.rfi.fr/products/get_product/rfi_getpodcast_by_nid?token_application=975d23b8-7a07-11e8-9f62-005056a90194&program.entrepriseId=WB114-RFI-FR-20090830',
08-22 16:01:03.865 I/ReactNativeJS(21702):           episodeCount: 24,
08-22 16:01:03.865 I/ReactNativeJS(21702):           followedAt: '2026-08-21T13:25:24.803Z' },
08-22 16:01:03.865 I/ReactNativeJS(21702):         { id: 1387931,
08-22 16:01:03.865 I/ReactNativeJS(21702):           title: 'On va d├⌐guster',
08-22 16:01:03.865 I/ReactNativeJS(21702):           author: 'France Inter',
08-22 16:01:03.865 I/ReactNativeJS(21702):           image: [TOO BIG formatValueCalls 201 exceeded limit of 200],
08-22 16:01:03.865 I/ReactNativeJS(21702):           feedUrl: [TOO BIG formatValueCalls 202 exceeded limit of 200],
08-22 16:01:03.865 I/ReactNativeJS(21702):           episodeCount: [TOO BIG formatValueCalls 203 exceeded limit of 200],
08-22 16:01:03.865 I/ReactNativeJS(21702):           followedAt: [TOO BIG formatValueCalls 204 exceeded limit of 200] } ] },
08-22 16:01:03.865 I/ReactNativeJS(21702):   liveFavorites: [TOO BIG formatValueCalls 205 exceeded limit of 200],
08-22 16:01:03.865 I/ReactNativeJS(21702):   downloads: [TOO BIG formatValueCalls 206 exceeded limit of 200],
08-22 16:01:03.865 I/ReactNativeJS(21702):   weather: [TOO BIG formatValueCalls 207 exceeded limit of 200],
08-22 16:01:03.865 I/ReactNativeJS(21702):   recentHistory: [TOO BIG formatValueCalls 208 exceeded limit of 200],
08-22 16:01:03.865 I/ReactNativeJS(21702):   _persist: [TOO BIG formatValueCalls 209 exceeded limit of 200] }
08-22 16:01:03.866 I/ReactNativeJS(21702): Γöÿ 
08-22 16:01:03.870 I/ReactNativeJS(21702): Γöÿ ≡ƒÅ╖  player/updateCurrentFileMetadata (in 16:01:03.868, took 0.75ms)
08-22 16:01:03.879 I/ReactNativeJS(21702): Γöé '%c prev state', 'color: #9E9E9E; font-weight: bold', { player: 
08-22 16:01:03.879 I/ReactNativeJS(21702):    { currentFile: 
08-22 16:01:03.879 I/ReactNativeJS(21702):       { uri: 'https://dts.podtrac.com/redirect.mp3/api.spreaker.com/download/episode/74139179/human_nature_and_conduct_part_4_conclusion_john_dewey.mp3',
08-22 16:01:03.879 I/ReactNativeJS(21702):         title: 'Human Nature and Conduct - Part 4, Conclusion-John Dewey',
08-22 16:01:03.879 I/ReactNativeJS(21702):         duration: 0,
08-22 16:01:03.879 I/ReactNativeJS(21702):         source: 'api',
08-22 16:01:03.879 I/ReactNativeJS(21702):         type: 'podcast',
08-22 16:01:03.879 I/ReactNativeJS(21702):         mediaType: 'audio',
08-22 16:01:03.879 I/ReactNativeJS(21702):         provider: 'podcastIndex',
08-22 16:01:03.879 I/ReactNativeJS(21702):         folderId: undefined,
08-22 16:01:03.879 I/ReactNativeJS(21702):         artworkUri: 'file:///data/user/0/com.simba.player/cache/artCache/6j8yr-3j.jpg' },
08-22 16:01:03.879 I/ReactNativeJS(21702):      playlist: [],
08-22 16:01:03.879 I/ReactNativeJS(21702):      queue: 
08-22 16:01:03.879 I/ReactNativeJS(21702):       [ { uri: 'https://audio.audiomeans.fr/pfx/b035a7c4-de15-11ef-9e7b-cfc4fb0c91f4/aod-rfi.akamaized.net/rfi/francais/audio/modules/actu/202608/ASA_21082026_Question_4_Reponse_4.mp3?guid=8797c22e-9c8d-11f1-9bd9-2f8d63b40800&source=PcNCvtcnHj',
08-22 16:01:03.879 I/ReactNativeJS(21702):           title: 'Guin├⌐e : comment le pays est devenu le deuxi├¿me pays le plus attractif dΓÇÖAfrique?',
08-22 16:01:03.879 I/ReactNativeJS(21702):           duration: 156,
08-22 16:01:03.879 I/ReactNativeJS(21702):           source: 'api',
08-22 16:01:03.879 I/ReactNativeJS(21702):           provider: 'podcastIndex',
08-22 16:01:03.879 I/ReactNativeJS(21702):           type: 'podcast',
08-22 16:01:03.879 I/ReactNativeJS(21702):           mediaType: 'audio' } ],
08-22 16:01:03.879 I/ReactNativeJS(21702):      playbackHistory: [],
08-22 16:01:03.879 I/ReactNativeJS(21702):      currentIndex: -1,
08-22 16:01:03.879 I/ReactNativeJS(21702):      playbackState: 'playing',
08-22 16:01:03.879 I/ReactNativeJS(21702):      currentPosition: 0,
08-22 16:01:03.879 I/ReactNativeJS(21702):      duration: 0,
08-22 16:01:03.879 I/ReactNativeJS(21702):      volume: 1,
08-22 16:01:03.879 I/ReactNativeJS(21702):      isFullscreen: false,
08-22 16:01:03.879 I/ReactNativeJS(21702):      loopMode: 'none',
08-22 16:01:03.879 I/ReactNativeJS(21702):      shuffle: false,
08-22 16:01:03.879 I/ReactNativeJS(21702):      playbackSpeed: 1,
08-22 16:01:03.879 I/ReactNativeJS(21702):      sleepTimerEndTime: null,
08-22 16:01:03.879 I/ReactNativeJS(21702):      sleepTimerMode: 'time',
08-22 16:01:03.879 I/ReactNativeJS(21702):      equalizerGains: [ 0, 0, 0, 0, 0, 0, 0, 0, 0, 0 ],
08-22 16:01:03.879 I/ReactNativeJS(21702):      equalizerEnabled: false,
08-22 16:01:03.879 I/ReactNativeJS(21702):      selectedQueueIndices: [] },
08-22 16:01:03.879 I/ReactNativeJS(21702):   settings: 
08-22 16:01:03.879 I/ReactNativeJS(21702):    { themeMode: 'system',
08-22 16:01:03.879 I/ReactNativeJS(21702):      repeatMode: 'off',
08-22 16:01:03.879 I/ReactNativeJS(21702):      playbackSpeed: 1,
08-22 16:01:03.879 I/ReactNativeJS(21702):      sleepTimerMinutes: 0,
08-22 16:01:03.879 I/ReactNativeJS(21702):      isShuffleOn: false,
08-22 16:01:03.879 I/ReactNativeJS(21702):      rememberPlaybackPosition: true,
08-22 16:01:03.879 I/ReactNativeJS(21702):      isAudioNormalizationEnabled: false,
08-22 16:01:03.879 I/ReactNativeJS(21702):      isDialogueBoostEnabled: false,
08-22 16:01:03.879 I/ReactNativeJS(21702):      isHardwareAccelerationEnabled: true,
08-22 16:01:03.879 I/ReactNativeJS(21702):      isAutoLoadSubtitlesEnabled: true,
08-22 16:01:03.879 I/ReactNativeJS(21702):      preferredLanguages: 'eng, jpn, und',
08-22 16:01:03.879 I/ReactNativeJS(21702):      externalSubtitleDirectories: './subs, ./subtitles',
08-22 16:01:03.879 I/ReactNativeJS(21702):      subtitleFontSize: 16,
08-22 16:01:03.879 I/ReactNativeJS(21702):      subtitleTextColor: '#FFFFFF',
08-22 16:01:03.879 I/ReactNativeJS(21702):      subtitleBackgroundOpacity: 0.5,
08-22 16:01:03.879 I/ReactNativeJS(21702):      skipSilenceEnabled: false,
08-22 16:01:03.879 I/ReactNativeJS(21702):      sampleRate: 0,
08-22 16:01:03.879 I/ReactNativeJS(21702):      replayGain: 'no',
08-22 16:01:03.879 I/ReactNativeJS(21702):      gaplessPlayback: false,
08-22 16:01:03.879 I/ReactNativeJS(21702):      audioDelay: 0,
08-22 16:01:03.879 I/ReactNativeJS(21702):      eqEnabled: false,
08-22 16:01:03.879 I/ReactNativeJS(21702):      eqPreset: 'Flat',
08-22 16:01:03.879 I/ReactNativeJS(21702):      eqGains: [ 0, 0, 0, 0, 0, 0, 0, 0, 0, 0 ],
08-22 16:01:03.879 I/ReactNativeJS(21702):      videoFolders: [],
08-22 16:01:03.879 I/ReactNativeJS(21702):      audioFolders: [],
08-22 16:01:03.879 I/ReactNativeJS(21702):      linkedFolders: [],
08-22 16:01:03.879 I/ReactNativeJS(21702):      lastScanTimestamp: null,
08-22 16:01:03.879 I/ReactNativeJS(21702):      isScanning: false,
08-22 16:01:03.879 I/ReactNativeJS(21702):      mpvOptions: [],
08-22 16:01:03.879 I/ReactNativeJS(21702):      hasLaunched: true,
08-22 16:01:03.879 I/ReactNativeJS(21702):      largerControls: false,
08-22 16:01:03.879 I/ReactNativeJS(21702):      highContrastSubtitles: false,
08-22 16:01:03.879 I/ReactNativeJS(21702):      scanOnLaunch: false,
08-22 16:01:03.879 I/ReactNativeJS(21702):      notificationsEnabled: true,
08-22 16:01:03.879 I/ReactNativeJS(21702):      appLanguage: 'system',
08-22 16:01:03.879 I/ReactNativeJS(21702):      autoDeleteDownloads: 0,
08-22 16:01:03.879 I/ReactNativeJS(21702):      homeCity: '' },
08-22 16:01:03.879 I/ReactNativeJS(21702):   session: 
08-22 16:01:03.879 I/ReactNativeJS(21702):    { playCounts: 
08-22 16:01:03.879 I/ReactNativeJS(21702):       { 'https://prod-1.storage.jamendo.com/?trackid=2034080&format=mp31&from=MsPA5NAX6hQYKR9glswRvA%3D%3D%7C86DWN0H1N2zPq8J7Slbijg%3D%3D': 4,
08-22 16:01:03.879 I/ReactNativeJS(21702):         'https://prod-1.storage.jamendo.com/?trackid=2034080&format=mp31&from=u6ovxwtWtRbsBymjmp23%2Fg%3D%3D%7CdAKAyusz%2BSDTegmnFGrOEw%3D%3D': 3,
08-22 16:01:03.879 I/ReactNativeJS(21702):         'https://dts.podtrac.com/redirect.mp3/api.spreaker.com/download/episode/74199431/astrophel_and_stella_sir_philip_sidney.mp3': 2,
08-22 16:01:03.879 I/ReactNativeJS(21702):         'https://dts.podtrac.com/redirect.mp3/api.spreaker.com/download/episode/74139179/human_nature_and_conduct_part_4_conclusion_john_dewey.mp3': 6 },
08-22 16:01:03.879 I/ReactNativeJS(21702):      mediaLibrary: 
08-22 16:01:03.879 I/ReactNativeJS(21702):       [ { fileUri: 'https://prod-1.storage.jamendo.com/?trackid=2034080&format=mp31&from=MsPA5NAX6hQYKR9glswRvA%3D%3D%7C86DWN0H1N2zPq8J7Slbijg%3D%3D',
08-22 16:01:03.879 I/ReactNativeJS(21702):           title: 'Music Soothe - Meditation Music',
08-22 16:01:03.879 I/ReactNativeJS(21702):           duration: 0,
08-22 16:01:03.879 I/ReactNativeJS(21702):           source: 'api',
08-22 16:01:03.879 I/ReactNativeJS(21702):           type: 'music',
08-22 16:01:03.879 I/ReactNativeJS(21702):           mediaType: 'audio',
08-22 16:01:03.879 I/ReactNativeJS(21702):           provider: 'jamendo',
08-22 16:01:03.879 I/ReactNativeJS(21702):           dateAdded: '2026-08-21T13:03:42.588Z' },
08-22 16:01:03.879 I/ReactNativeJS(21702):         { fileUri: 'https://prod-1.storage.jamendo.com/?trackid=2034080&format=mp31&from=u6ovxwtWtRbsBymjmp23%2Fg%3D%3D%7CdAKAyusz%2BSDTegmnFGrOEw%3D%3D',
08-22 16:01:03.879 I/ReactNativeJS(21702):           title: 'Music Soothe - Meditation Music',
08-22 16:01:03.879 I/ReactNativeJS(21702):           duration: 0,
08-22 16:01:03.879 I/ReactNativeJS(21702):           source: 'api',
08-22 16:01:03.879 I/ReactNativeJS(21702):           type: 'music',
08-22 16:01:03.879 I/ReactNativeJS(21702):           mediaType: 'audio',
08-22 16:01:03.879 I/ReactNativeJS(21702):           provider: 'jamendo',
08-22 16:01:03.879 I/ReactNativeJS(21702):           dateAdded: '2026-08-21T13:19:47.827Z' },
08-22 16:01:03.879 I/ReactNativeJS(21702):         { fileUri: 'https://dts.podtrac.com/redirect.mp3/api.spreaker.com/download/episode/74199431/astrophel_and_stella_sir_philip_sidney.mp3',
08-22 16:01:03.879 I/ReactNativeJS(21702):           title: 'Astrophel and Stella-Sir Philip Sidney',
08-22 16:01:03.879 I/ReactNativeJS(21702):           duration: 0,
08-22 16:01:03.879 I/ReactNativeJS(21702):           source: 'api',
08-22 16:01:03.879 I/ReactNativeJS(21702):           type: 'podcast',
08-22 16:01:03.879 I/ReactNativeJS(21702):           mediaType: 'audio',
08-22 16:01:03.879 I/ReactNativeJS(21702):           provider: 'podcastIndex',
08-22 16:01:03.879 I/ReactNativeJS(21702):           dateAdded: '2026-08-21T13:28:53.053Z' },
08-22 16:01:03.879 I/ReactNativeJS(21702):         { fileUri: 'https://dts.podtrac.com/redirect.mp3/api.spreaker.com/download/episode/74139179/human_nature_and_conduct_part_4_conclusion_john_dewey.mp3',
08-22 16:01:03.879 I/ReactNativeJS(21702):           title: 'Human Nature and Conduct - Part 4, Conclusion-John Dewey',
08-22 16:01:03.879 I/ReactNativeJS(21702):           duration: 0,
08-22 16:01:03.879 I/ReactNativeJS(21702):           source: 'api',
08-22 16:01:03.879 I/ReactNativeJS(21702):           type: 'podcast',
08-22 16:01:03.879 I/ReactNativeJS(21702):           mediaType: 'audio',
08-22 16:01:03.879 I/ReactNativeJS(21702):           provider: 'podcastIndex',
08-22 16:01:03.879 I/ReactNativeJS(21702):           dateAdded: '2026-08-21T13:51:23.978Z' } ] },
08-22 16:01:03.879 I/ReactNativeJS(21702):   playlists: { playlists: [] },
08-22 16:01:03.879 I/ReactNativeJS(21702):   pip: 
08-22 16:01:03.879 I/ReactNativeJS(21702):    { isInPipMode: false,
08-22 16:01:03.879 I/ReactNativeJS(21702):      surfaceUri: null,
08-22 16:01:03.879 I/ReactNativeJS(21702):      pipedFileTitle: null,
08-22 16:01:03.879 I/ReactNativeJS(21702):      chapterTitle: null,
08-22 16:01:03.879 I/ReactNativeJS(21702):      chapterIndex: -1,
08-22 16:01:03.879 I/ReactNativeJS(21702):      progressPercentage: '0 %' },
08-22 16:01:03.879 I/ReactNativeJS(21702):   media: 
08-22 16:01:03.879 I/ReactNativeJS(21702):    { tracks: [],
08-22 16:01:03.879 I/ReactNativeJS(21702):      isScanning: false,
08-22 16:01:03.879 I/ReactNativeJS(21702):      cancelRequested: false,
08-22 16:01:03.879 I/ReactNativeJS(21702):      scanProgress: 
08-22 16:01:03.879 I/ReactNativeJS(21702):       { currentFolder: null,
08-22 16:01:03.879 I/ReactNativeJS(21702):         filesFound: 0,
08-22 16:01:03.879 I/ReactNativeJS(21702):         totalFiles: 0,
08-22 16:01:03.879 I/ReactNativeJS(21702):         percentComplete: 0 },
08-22 16:01:03.879 I/ReactNativeJS(21702):      scanHistory: 
08-22 16:01:03.879 I/ReactNativeJS(21702):       { lastScanTime: null,
08-22 16:01:03.879 I/ReactNativeJS(21702):         filesAdded: 0,
08-22 16:01:03.879 I/ReactNativeJS(21702):         filesRemoved: 0,
08-22 16:01:03.879 I/ReactNativeJS(21702):         errorsCount: 0,
08-22 16:01:03.879 I/ReactNativeJS(21702):         unsupportedCount: 0 },
08-22 16:01:03.879 I/ReactNativeJS(21702):      searchIndex: {} },
08-22 16:01:03.879 I/ReactNativeJS(21702):   auth: 
08-22 16:01:03.879 I/ReactNativeJS(21702):    { user: 
08-22 16:01:03.879 I/ReactNativeJS(21702):       { id: '107368191704644775546',
08-22 16:01:03.879 I/ReactNativeJS(21702):         name: 'Paval EP',
08-22 16:01:03.879 I/ReactNativeJS(21702):         email: 'pavalep@gmail.com',
08-22 16:01:03.879 I/ReactNativeJS(21702):         photo: 'https://lh3.googleusercontent.com/a/ACg8ocKPW8izhGkENzCRf__xjdvKLyx3D2kpLHIodl2XQ5LeHa-7BXdv=s96-c' },
08-22 16:01:03.879 I/ReactNativeJS(21702):      isAuthenticated: true,
08-22 16:01:03.879 I/ReactNativeJS(21702):      isLoading: false,
08-22 16:01:03.879 I/ReactNativeJS(21702):      isRestoring: false,
08-22 16:01:03.879 I/ReactNativeJS(21702):      error: null,
08-22 16:01:03.879 I/ReactNativeJS(21702):      errorKind: null,
08-22 16:01:03.879 I/ReactNativeJS(21702):      lastSignedInAt: 1787393582385,
08-22 16:01:03.879 I/ReactNativeJS(21702):      sessionExpiresAt: 1789985582385 },
08-22 16:01:03.879 I/ReactNativeJS(21702):   bookmark: { items: [] },
08-22 16:01:03.879 I/ReactNativeJS(21702):   followedPodcasts: 
08-22 16:01:03.879 I/ReactNativeJS(21702):    { items: 
08-22 16:01:03.879 I/ReactNativeJS(21702):       [ { id: 7694008,
08-22 16:01:03.879 I/ReactNativeJS(21702):           title: 'Soul of Man',
08-22 16:01:03.879 I/ReactNativeJS(21702):           author: 'Oscar Wilde',
08-22 16:01:03.879 I/ReactNativeJS(21702):           image: 'https://d3wo5wojvuv7l.cloudfront.net/t_rss_itunes_square_1400/images.spreaker.com/original/591ec3a8f550a45360ba9a35674e0f81.jpg',
08-22 16:01:03.879 I/ReactNativeJS(21702):           feedUrl: 'https://www.spreaker.com/show/6874293/episodes/feed',
08-22 16:01:03.879 I/ReactNativeJS(21702):           episodeCount: 23,
08-22 16:01:03.879 I/ReactNativeJS(21702):           followedAt: '2026-08-21T13:25:35.035Z' },
08-22 16:01:03.879 I/ReactNativeJS(21702):         { id: 4067941,
08-22 16:01:03.879 I/ReactNativeJS(21702):           title: 'Appels sur l\'actualit├⌐',
08-22 16:01:03.879 I/ReactNativeJS(21702):           author: 'RFI',
08-22 16:01:03.879 I/ReactNativeJS(21702):           image: 'https://s.rfi.fr/media/display/70c04558-7c0f-11ef-8e7e-005056a97e36/w:1400/p:1x1/itunes-3000x3000-Appels-sur-actualit%C3%A9.jpg',
08-22 16:01:03.879 I/ReactNativeJS(21702):           feedUrl: 'https://apis.rfi.fr/products/get_product/rfi_getpodcast_by_nid?token_application=975d23b8-7a07-11e8-9f62-005056a90194&program.entrepriseId=WB114-RFI-FR-20090830',
08-22 16:01:03.879 I/ReactNativeJS(21702):           episodeCount: 24,
08-22 16:01:03.879 I/ReactNativeJS(21702):           followedAt: '2026-08-21T13:25:24.803Z' },
08-22 16:01:03.879 I/ReactNativeJS(21702):         { id: 1387931,
08-22 16:01:03.879 I/ReactNativeJS(21702):           title: 'On va d├⌐guster',
08-22 16:01:03.879 I/ReactNativeJS(21702):           author: 'France Inter',
08-22 16:01:03.879 I/ReactNativeJS(21702):           image: [TOO BIG formatValueCalls 201 exceeded limit of 200],
08-22 16:01:03.879 I/ReactNativeJS(21702):           feedUrl: [TOO BIG formatValueCalls 202 exceeded limit of 200],
08-22 16:01:03.879 I/ReactNativeJS(21702):           episodeCount: [TOO BIG formatValueCalls 203 exceeded limit of 200],
08-22 16:01:03.879 I/ReactNativeJS(21702):           followedAt: [TOO BIG formatValueCalls 204 exceeded limit of 200] } ] },
08-22 16:01:03.879 I/ReactNativeJS(21702):   liveFavorites: [TOO BIG formatValueCalls 205 exceeded limit of 200],
08-22 16:01:03.879 I/ReactNativeJS(21702):   downloads: [TOO BIG formatValueCalls 206 exceeded limit of 200],
08-22 16:01:03.879 I/ReactNativeJS(21702):   weather: [TOO BIG formatValueCalls 207 exceeded limit of 200],
08-22 16:01:03.879 I/ReactNativeJS(21702):   recentHistory: [TOO BIG formatValueCalls 208 exceeded limit of 200],
08-22 16:01:03.879 I/ReactNativeJS(21702):   _persist: [TOO BIG formatValueCalls 209 exceeded limit of 200] }
08-22 16:01:03.882 I/ReactNativeJS(21702): Γöé '%c action    ', 'color: #03A9F4; font-weight: bold', { type: 'player/updateCurrentFileMetadata',
08-22 16:01:03.882 I/ReactNativeJS(21702):   payload: { artworkUri: 'file:///data/user/0/com.simba.player/cache/artCache/6j8yr-3j.jpg' } }
08-22 16:01:03.902 I/ReactNativeJS(21702): Γöé '%c next state', 'color: #4CAF50; font-weight: bold', { player: 
08-22 16:01:03.902 I/ReactNativeJS(21702):    { currentFile: 
08-22 16:01:03.902 I/ReactNativeJS(21702):       { uri: 'https://dts.podtrac.com/redirect.mp3/api.spreaker.com/download/episode/74139179/human_nature_and_conduct_part_4_conclusion_john_dewey.mp3',
08-22 16:01:03.902 I/ReactNativeJS(21702):         title: 'Human Nature and Conduct - Part 4, Conclusion-John Dewey',
08-22 16:01:03.902 I/ReactNativeJS(21702):         duration: 0,
08-22 16:01:03.902 I/ReactNativeJS(21702):         source: 'api',
08-22 16:01:03.902 I/ReactNativeJS(21702):         type: 'podcast',
08-22 16:01:03.902 I/ReactNativeJS(21702):         mediaType: 'audio',
08-22 16:01:03.902 I/ReactNativeJS(21702):         provider: 'podcastIndex',
08-22 16:01:03.902 I/ReactNativeJS(21702):         folderId: undefined,
08-22 16:01:03.902 I/ReactNativeJS(21702):         artworkUri: 'file:///data/user/0/com.simba.player/cache/artCache/6j8yr-3j.jpg' },
08-22 16:01:03.902 I/ReactNativeJS(21702):      playlist: [],
08-22 16:01:03.902 I/ReactNativeJS(21702):      queue: 
08-22 16:01:03.902 I/ReactNativeJS(21702):       [ { uri: 'https://audio.audiomeans.fr/pfx/b035a7c4-de15-11ef-9e7b-cfc4fb0c91f4/aod-rfi.akamaized.net/rfi/francais/audio/modules/actu/202608/ASA_21082026_Question_4_Reponse_4.mp3?guid=8797c22e-9c8d-11f1-9bd9-2f8d63b40800&source=PcNCvtcnHj',
08-22 16:01:03.902 I/ReactNativeJS(21702):           title: 'Guin├⌐e : comment le pays est devenu le deuxi├¿me pays le plus attractif dΓÇÖAfrique?',
08-22 16:01:03.902 I/ReactNativeJS(21702):           duration: 156,
08-22 16:01:03.902 I/ReactNativeJS(21702):           source: 'api',
08-22 16:01:03.902 I/ReactNativeJS(21702):           provider: 'podcastIndex',
08-22 16:01:03.902 I/ReactNativeJS(21702):           type: 'podcast',
08-22 16:01:03.902 I/ReactNativeJS(21702):           mediaType: 'audio' } ],
08-22 16:01:03.902 I/ReactNativeJS(21702):      playbackHistory: [],
08-22 16:01:03.902 I/ReactNativeJS(21702):      currentIndex: -1,
08-22 16:01:03.902 I/ReactNativeJS(21702):      playbackState: 'playing',
08-22 16:01:03.902 I/ReactNativeJS(21702):      currentPosition: 0,
08-22 16:01:03.902 I/ReactNativeJS(21702):      duration: 0,
08-22 16:01:03.902 I/ReactNativeJS(21702):      volume: 1,
08-22 16:01:03.902 I/ReactNativeJS(21702):      isFullscreen: false,
08-22 16:01:03.902 I/ReactNativeJS(21702):      loopMode: 'none',
08-22 16:01:03.902 I/ReactNativeJS(21702):      shuffle: false,
08-22 16:01:03.902 I/ReactNativeJS(21702):      playbackSpeed: 1,
08-22 16:01:03.902 I/ReactNativeJS(21702):      sleepTimerEndTime: null,
08-22 16:01:03.902 I/ReactNativeJS(21702):      sleepTimerMode: 'time',
08-22 16:01:03.902 I/ReactNativeJS(21702):      equalizerGains: [ 0, 0, 0, 0, 0, 0, 0, 0, 0, 0 ],
08-22 16:01:03.902 I/ReactNativeJS(21702):      equalizerEnabled: false,
08-22 16:01:03.902 I/ReactNativeJS(21702):      selectedQueueIndices: [] },
08-22 16:01:03.902 I/ReactNativeJS(21702):   settings: 
08-22 16:01:03.902 I/ReactNativeJS(21702):    { themeMode: 'system',
08-22 16:01:03.902 I/ReactNativeJS(21702):      repeatMode: 'off',
08-22 16:01:03.902 I/ReactNativeJS(21702):      playbackSpeed: 1,
08-22 16:01:03.902 I/ReactNativeJS(21702):      sleepTimerMinutes: 0,
08-22 16:01:03.902 I/ReactNativeJS(21702):      isShuffleOn: false,
08-22 16:01:03.902 I/ReactNativeJS(21702):      rememberPlaybackPosition: true,
08-22 16:01:03.902 I/ReactNativeJS(21702):      isAudioNormalizationEnabled: false,
08-22 16:01:03.902 I/ReactNativeJS(21702):      isDialogueBoostEnabled: false,
08-22 16:01:03.902 I/ReactNativeJS(21702):      isHardwareAccelerationEnabled: true,
08-22 16:01:03.902 I/ReactNativeJS(21702):      isAutoLoadSubtitlesEnabled: true,
08-22 16:01:03.902 I/ReactNativeJS(21702):      preferredLanguages: 'eng, jpn, und',
08-22 16:01:03.902 I/ReactNativeJS(21702):      externalSubtitleDirectories: './subs, ./subtitles',
08-22 16:01:03.902 I/ReactNativeJS(21702):      subtitleFontSize: 16,
08-22 16:01:03.902 I/ReactNativeJS(21702):      subtitleTextColor: '#FFFFFF',
08-22 16:01:03.902 I/ReactNativeJS(21702):      subtitleBackgroundOpacity: 0.5,
08-22 16:01:03.902 I/ReactNativeJS(21702):      skipSilenceEnabled: false,
08-22 16:01:03.902 I/ReactNativeJS(21702):      sampleRate: 0,
08-22 16:01:03.902 I/ReactNativeJS(21702):      replayGain: 'no',
08-22 16:01:03.902 I/ReactNativeJS(21702):      gaplessPlayback: false,
08-22 16:01:03.902 I/ReactNativeJS(21702):      audioDelay: 0,
08-22 16:01:03.902 I/ReactNativeJS(21702):      eqEnabled: false,
08-22 16:01:03.902 I/ReactNativeJS(21702):      eqPreset: 'Flat',
08-22 16:01:03.902 I/ReactNativeJS(21702):      eqGains: [ 0, 0, 0, 0, 0, 0, 0, 0, 0, 0 ],
08-22 16:01:03.902 I/ReactNativeJS(21702):      videoFolders: [],
08-22 16:01:03.902 I/ReactNativeJS(21702):      audioFolders: [],
08-22 16:01:03.902 I/ReactNativeJS(21702):      linkedFolders: [],
08-22 16:01:03.902 I/ReactNativeJS(21702):      lastScanTimestamp: null,
08-22 16:01:03.902 I/ReactNativeJS(21702):      isScanning: false,
08-22 16:01:03.902 I/ReactNativeJS(21702):      mpvOptions: [],
08-22 16:01:03.902 I/ReactNativeJS(21702):      hasLaunched: true,
08-22 16:01:03.902 I/ReactNativeJS(21702):      largerControls: false,
08-22 16:01:03.902 I/ReactNativeJS(21702):      highContrastSubtitles: false,
08-22 16:01:03.902 I/ReactNativeJS(21702):      scanOnLaunch: false,
08-22 16:01:03.902 I/ReactNativeJS(21702):      notificationsEnabled: true,
08-22 16:01:03.902 I/ReactNativeJS(21702):      appLanguage: 'system',
08-22 16:01:03.902 I/ReactNativeJS(21702):      autoDeleteDownloads: 0,
08-22 16:01:03.902 I/ReactNativeJS(21702):      homeCity: '' },
08-22 16:01:03.902 I/ReactNativeJS(21702):   session: 
08-22 16:01:03.902 I/ReactNativeJS(21702):    { playCounts: 
08-22 16:01:03.902 I/ReactNativeJS(21702):       { 'https://prod-1.storage.jamendo.com/?trackid=2034080&format=mp31&from=MsPA5NAX6hQYKR9glswRvA%3D%3D%7C86DWN0H1N2zPq8J7Slbijg%3D%3D': 4,
08-22 16:01:03.902 I/ReactNativeJS(21702):         'https://prod-1.storage.jamendo.com/?trackid=2034080&format=mp31&from=u6ovxwtWtRbsBymjmp23%2Fg%3D%3D%7CdAKAyusz%2BSDTegmnFGrOEw%3D%3D': 3,
08-22 16:01:03.902 I/ReactNativeJS(21702):         'https://dts.podtrac.com/redirect.mp3/api.spreaker.com/download/episode/74199431/astrophel_and_stella_sir_philip_sidney.mp3': 2,
08-22 16:01:03.902 I/ReactNativeJS(21702):         'https://dts.podtrac.com/redirect.mp3/api.spreaker.com/download/episode/74139179/human_nature_and_conduct_part_4_conclusion_john_dewey.mp3': 6 },
08-22 16:01:03.902 I/ReactNativeJS(21702):      mediaLibrary: 
08-22 16:01:03.902 I/ReactNativeJS(21702):       [ { fileUri: 'https://prod-1.storage.jamendo.com/?trackid=2034080&format=mp31&from=MsPA5NAX6hQYKR9glswRvA%3D%3D%7C86DWN0H1N2zPq8J7Slbijg%3D%3D',
08-22 16:01:03.902 I/ReactNativeJS(21702):           title: 'Music Soothe - Meditation Music',
08-22 16:01:03.902 I/ReactNativeJS(21702):           duration: 0,
08-22 16:01:03.902 I/ReactNativeJS(21702):           source: 'api',
08-22 16:01:03.902 I/ReactNativeJS(21702):           type: 'music',
08-22 16:01:03.902 I/ReactNativeJS(21702):           mediaType: 'audio',
08-22 16:01:03.902 I/ReactNativeJS(21702):           provider: 'jamendo',
08-22 16:01:03.902 I/ReactNativeJS(21702):           dateAdded: '2026-08-21T13:03:42.588Z' },
08-22 16:01:03.902 I/ReactNativeJS(21702):         { fileUri: 'https://prod-1.storage.jamendo.com/?trackid=2034080&format=mp31&from=u6ovxwtWtRbsBymjmp23%2Fg%3D%3D%7CdAKAyusz%2BSDTegmnFGrOEw%3D%3D',
08-22 16:01:03.902 I/ReactNativeJS(21702):           title: 'Music Soothe - Meditation Music',
08-22 16:01:03.902 I/ReactNativeJS(21702):           duration: 0,
08-22 16:01:03.902 I/ReactNativeJS(21702):           source: 'api',
08-22 16:01:03.902 I/ReactNativeJS(21702):           type: 'music',
08-22 16:01:03.902 I/ReactNativeJS(21702):           mediaType: 'audio',
08-22 16:01:03.902 I/ReactNativeJS(21702):           provider: 'jamendo',
08-22 16:01:03.902 I/ReactNativeJS(21702):           dateAdded: '2026-08-21T13:19:47.827Z' },
08-22 16:01:03.902 I/ReactNativeJS(21702):         { fileUri: 'https://dts.podtrac.com/redirect.mp3/api.spreaker.com/download/episode/74199431/astrophel_and_stella_sir_philip_sidney.mp3',
08-22 16:01:03.902 I/ReactNativeJS(21702):           title: 'Astrophel and Stella-Sir Philip Sidney',
08-22 16:01:03.902 I/ReactNativeJS(21702):           duration: 0,
08-22 16:01:03.902 I/ReactNativeJS(21702):           source: 'api',
08-22 16:01:03.902 I/ReactNativeJS(21702):           type: 'podcast',
08-22 16:01:03.902 I/ReactNativeJS(21702):           mediaType: 'audio',
08-22 16:01:03.902 I/ReactNativeJS(21702):           provider: 'podcastIndex',
08-22 16:01:03.902 I/ReactNativeJS(21702):           dateAdded: '2026-08-21T13:28:53.053Z' },
08-22 16:01:03.902 I/ReactNativeJS(21702):         { fileUri: 'https://dts.podtrac.com/redirect.mp3/api.spreaker.com/download/episode/74139179/human_nature_and_conduct_part_4_conclusion_john_dewey.mp3',
08-22 16:01:03.902 I/ReactNativeJS(21702):           title: 'Human Nature and Conduct - Part 4, Conclusion-John Dewey',
08-22 16:01:03.902 I/ReactNativeJS(21702):           duration: 0,
08-22 16:01:03.902 I/ReactNativeJS(21702):           source: 'api',
08-22 16:01:03.902 I/ReactNativeJS(21702):           type: 'podcast',
08-22 16:01:03.902 I/ReactNativeJS(21702):           mediaType: 'audio',
08-22 16:01:03.902 I/ReactNativeJS(21702):           provider: 'podcastIndex',
08-22 16:01:03.902 I/ReactNativeJS(21702):           dateAdded: '2026-08-21T13:51:23.978Z' } ] },
08-22 16:01:03.902 I/ReactNativeJS(21702):   playlists: { playlists: [] },
08-22 16:01:03.902 I/ReactNativeJS(21702):   pip: 
08-22 16:01:03.902 I/ReactNativeJS(21702):    { isInPipMode: false,
08-22 16:01:03.902 I/ReactNativeJS(21702):      surfaceUri: null,
08-22 16:01:03.902 I/ReactNativeJS(21702):      pipedFileTitle: null,
08-22 16:01:03.902 I/ReactNativeJS(21702):      chapterTitle: null,
08-22 16:01:03.902 I/ReactNativeJS(21702):      chapterIndex: -1,
08-22 16:01:03.902 I/ReactNativeJS(21702):      progressPercentage: '0 %' },
08-22 16:01:03.902 I/ReactNativeJS(21702):   media: 
08-22 16:01:03.902 I/ReactNativeJS(21702):    { tracks: [],
08-22 16:01:03.902 I/ReactNativeJS(21702):      isScanning: false,
08-22 16:01:03.902 I/ReactNativeJS(21702):      cancelRequested: false,
08-22 16:01:03.902 I/ReactNativeJS(21702):      scanProgress: 
08-22 16:01:03.902 I/ReactNativeJS(21702):       { currentFolder: null,
08-22 16:01:03.902 I/ReactNativeJS(21702):         filesFound: 0,
08-22 16:01:03.902 I/ReactNativeJS(21702):         totalFiles: 0,
08-22 16:01:03.902 I/ReactNativeJS(21702):         percentComplete: 0 },
08-22 16:01:03.902 I/ReactNativeJS(21702):      scanHistory: 
08-22 16:01:03.902 I/ReactNativeJS(21702):       { lastScanTime: null,
08-22 16:01:03.902 I/ReactNativeJS(21702):         filesAdded: 0,
08-22 16:01:03.902 I/ReactNativeJS(21702):         filesRemoved: 0,
08-22 16:01:03.902 I/ReactNativeJS(21702):         errorsCount: 0,
08-22 16:01:03.902 I/ReactNativeJS(21702):         unsupportedCount: 0 },
08-22 16:01:03.902 I/ReactNativeJS(21702):      searchIndex: {} },
08-22 16:01:03.902 I/ReactNativeJS(21702):   auth: 
08-22 16:01:03.902 I/ReactNativeJS(21702):    { user: 
08-22 16:01:03.902 I/ReactNativeJS(21702):       { id: '107368191704644775546',
08-22 16:01:03.902 I/ReactNativeJS(21702):         name: 'Paval EP',
08-22 16:01:03.902 I/ReactNativeJS(21702):         email: 'pavalep@gmail.com',
08-22 16:01:03.902 I/ReactNativeJS(21702):         photo: 'https://lh3.googleusercontent.com/a/ACg8ocKPW8izhGkENzCRf__xjdvKLyx3D2kpLHIodl2XQ5LeHa-7BXdv=s96-c' },
08-22 16:01:03.902 I/ReactNativeJS(21702):      isAuthenticated: true,
08-22 16:01:03.902 I/ReactNativeJS(21702):      isLoading: false,
08-22 16:01:03.902 I/ReactNativeJS(21702):      isRestoring: false,
08-22 16:01:03.902 I/ReactNativeJS(21702):      error: null,
08-22 16:01:03.902 I/ReactNativeJS(21702):      errorKind: null,
08-22 16:01:03.902 I/ReactNativeJS(21702):      lastSignedInAt: 1787393582385,
08-22 16:01:03.902 I/ReactNativeJS(21702):      sessionExpiresAt: 1789985582385 },
08-22 16:01:03.902 I/ReactNativeJS(21702):   bookmark: { items: [] },
08-22 16:01:03.902 I/ReactNativeJS(21702):   followedPodcasts: 
08-22 16:01:03.902 I/ReactNativeJS(21702):    { items: 
08-22 16:01:03.902 I/ReactNativeJS(21702):       [ { id: 7694008,
08-22 16:01:03.902 I/ReactNativeJS(21702):           title: 'Soul of Man',
08-22 16:01:03.902 I/ReactNativeJS(21702):           author: 'Oscar Wilde',
08-22 16:01:03.902 I/ReactNativeJS(21702):           image: 'https://d3wo5wojvuv7l.cloudfront.net/t_rss_itunes_square_1400/images.spreaker.com/original/591ec3a8f550a45360ba9a35674e0f81.jpg',
08-22 16:01:03.902 I/ReactNativeJS(21702):           feedUrl: 'https://www.spreaker.com/show/6874293/episodes/feed',
08-22 16:01:03.902 I/ReactNativeJS(21702):           episodeCount: 23,
08-22 16:01:03.902 I/ReactNativeJS(21702):           followedAt: '2026-08-21T13:25:35.035Z' },
08-22 16:01:03.902 I/ReactNativeJS(21702):         { id: 4067941,
08-22 16:01:03.902 I/ReactNativeJS(21702):           title: 'Appels sur l\'actualit├⌐',
08-22 16:01:03.902 I/ReactNativeJS(21702):           author: 'RFI',
08-22 16:01:03.902 I/ReactNativeJS(21702):           image: 'https://s.rfi.fr/media/display/70c04558-7c0f-11ef-8e7e-005056a97e36/w:1400/p:1x1/itunes-3000x3000-Appels-sur-actualit%C3%A9.jpg',
08-22 16:01:03.902 I/ReactNativeJS(21702):           feedUrl: 'https://apis.rfi.fr/products/get_product/rfi_getpodcast_by_nid?token_application=975d23b8-7a07-11e8-9f62-005056a90194&program.entrepriseId=WB114-RFI-FR-20090830',
08-22 16:01:03.902 I/ReactNativeJS(21702):           episodeCount: 24,
08-22 16:01:03.902 I/ReactNativeJS(21702):           followedAt: '2026-08-21T13:25:24.803Z' },
08-22 16:01:03.902 I/ReactNativeJS(21702):         { id: 1387931,
08-22 16:01:03.902 I/ReactNativeJS(21702):           title: 'On va d├⌐guster',
08-22 16:01:03.902 I/ReactNativeJS(21702):           author: 'France Inter',
08-22 16:01:03.902 I/ReactNativeJS(21702):           image: [TOO BIG formatValueCalls 201 exceeded limit of 200],
08-22 16:01:03.902 I/ReactNativeJS(21702):           feedUrl: [TOO BIG formatValueCalls 202 exceeded limit of 200],
08-22 16:01:03.902 I/ReactNativeJS(21702):           episodeCount: [TOO BIG formatValueCalls 203 exceeded limit of 200],
08-22 16:01:03.902 I/ReactNativeJS(21702):           followedAt: [TOO BIG formatValueCalls 204 exceeded limit of 200] } ] },
08-22 16:01:03.902 I/ReactNativeJS(21702):   liveFavorites: [TOO BIG formatValueCalls 205 exceeded limit of 200],
08-22 16:01:03.902 I/ReactNativeJS(21702):   downloads: [TOO BIG formatValueCalls 206 exceeded limit of 200],
08-22 16:01:03.902 I/ReactNativeJS(21702):   weather: [TOO BIG formatValueCalls 207 exceeded limit of 200],
08-22 16:01:03.902 I/ReactNativeJS(21702):   recentHistory: [TOO BIG formatValueCalls 208 exceeded limit of 200],
08-22 16:01:03.902 I/ReactNativeJS(21702):   _persist: [TOO BIG formatValueCalls 209 exceeded limit of 200] }
08-22 16:01:03.911 I/ReactNativeJS(21702): Γöÿ 
08-22 16:01:03.914 I/MpvProperty(21702): Observing property: cache-buffering-state (id=4060560534374325851)
08-22 16:01:03.914 I/MpvProperty(21702): Observing property: paused-for-cache (id=5839792331034341279)
08-22 16:01:03.914 I/MpvProperty(21702): Observing property: demuxer-cache-state (id=10892494493859709653)
08-22 16:01:03.914 I/MpvProperty(21702): Observing property: seekable (id=3256581842898)
08-22 16:01:05.289 D/MediaSessionService(  695): onSessionPlaybackStateChanged: record=com.simba.player/MediaNotification/24 (userId=0) playbackState=PlaybackState {state=PLAYING(3), position=0, buffered position=0, speed=1.0, updated=150562159, actions=823, custom actions=[], active item id=-1, error=null}
08-22 16:01:06.299 D/MediaSessionService(  695): onSessionPlaybackStateChanged: record=com.simba.player/MediaNotification/24 (userId=0) playbackState=PlaybackState {state=PLAYING(3), position=0, buffered position=0, speed=1.0, updated=150563170, actions=823, custom actions=[], active item id=-1, error=null}
08-22 16:01:06.388 D/android.hardware.audio@7.1-impl.ranchu(  497): threadLoop: entering standby, frames: 123113728
08-22 16:01:06.389 D/android.hardware.audio@7.1-impl.ranchu(  497): ~TinyalsaSink: joining consumeThread
08-22 16:01:06.389 D/android.hardware.audio@7.1-impl.ranchu(  497): consumeThread: exiting
08-22 16:01:07.318 D/MediaSessionService(  695): onSessionPlaybackStateChanged: record=com.simba.player/MediaNotification/24 (userId=0) playbackState=PlaybackState {state=PLAYING(3), position=0, buffered position=0, speed=1.0, updated=150564188, actions=823, custom actions=[], active item id=-1, error=null}
08-22 16:01:07.605 I/ReactNativeJS(21702): Γöÿ ≡ƒÅ╖  player/updateCurrentFileMetadata (in 16:01:07.603, took 0.94ms)
08-22 16:01:07.611 I/ReactNativeJS(21702): Γöé '%c prev state', 'color: #9E9E9E; font-weight: bold', { player: 
08-22 16:01:07.611 I/ReactNativeJS(21702):    { currentFile: 
08-22 16:01:07.611 I/ReactNativeJS(21702):       { uri: 'https://dts.podtrac.com/redirect.mp3/api.spreaker.com/download/episode/74139179/human_nature_and_conduct_part_4_conclusion_john_dewey.mp3',
08-22 16:01:07.611 I/ReactNativeJS(21702):         title: 'Human Nature and Conduct - Part 4, Conclusion-John Dewey',
08-22 16:01:07.611 I/ReactNativeJS(21702):         duration: 0,
08-22 16:01:07.611 I/ReactNativeJS(21702):         source: 'api',
08-22 16:01:07.611 I/ReactNativeJS(21702):         type: 'podcast',
08-22 16:01:07.611 I/ReactNativeJS(21702):         mediaType: 'audio',
08-22 16:01:07.611 I/ReactNativeJS(21702):         provider: 'podcastIndex',
08-22 16:01:07.611 I/ReactNativeJS(21702):         folderId: undefined,
08-22 16:01:07.611 I/ReactNativeJS(21702):         artworkUri: 'file:///data/user/0/com.simba.player/cache/artCache/6j8yr-3j.jpg' },
08-22 16:01:07.611 I/ReactNativeJS(21702):      playlist: [],
08-22 16:01:07.611 I/ReactNativeJS(21702):      queue: 
08-22 16:01:07.611 I/ReactNativeJS(21702):       [ { uri: 'https://audio.audiomeans.fr/pfx/b035a7c4-de15-11ef-9e7b-cfc4fb0c91f4/aod-rfi.akamaized.net/rfi/francais/audio/modules/actu/202608/ASA_21082026_Question_4_Reponse_4.mp3?guid=8797c22e-9c8d-11f1-9bd9-2f8d63b40800&source=PcNCvtcnHj',
08-22 16:01:07.611 I/ReactNativeJS(21702):           title: 'Guin├⌐e : comment le pays est devenu le deuxi├¿me pays le plus attractif dΓÇÖAfrique?',
08-22 16:01:07.611 I/ReactNativeJS(21702):           duration: 156,
08-22 16:01:07.611 I/ReactNativeJS(21702):           source: 'api',
08-22 16:01:07.611 I/ReactNativeJS(21702):           provider: 'podcastIndex',
08-22 16:01:07.611 I/ReactNativeJS(21702):           type: 'podcast',
08-22 16:01:07.611 I/ReactNativeJS(21702):           mediaType: 'audio' } ],
08-22 16:01:07.611 I/ReactNativeJS(21702):      playbackHistory: [],
08-22 16:01:07.611 I/ReactNativeJS(21702):      currentIndex: -1,
08-22 16:01:07.611 I/ReactNativeJS(21702):      playbackState: 'playing',
08-22 16:01:07.611 I/ReactNativeJS(21702):      currentPosition: 0,
08-22 16:01:07.611 I/ReactNativeJS(21702):      duration: 0,
08-22 16:01:07.611 I/ReactNativeJS(21702):      volume: 1,
08-22 16:01:07.611 I/ReactNativeJS(21702):      isFullscreen: false,
08-22 16:01:07.611 I/ReactNativeJS(21702):      loopMode: 'none',
08-22 16:01:07.611 I/ReactNativeJS(21702):      shuffle: false,
08-22 16:01:07.611 I/ReactNativeJS(21702):      playbackSpeed: 1,
08-22 16:01:07.611 I/ReactNativeJS(21702):      sleepTimerEndTime: null,
08-22 16:01:07.611 I/ReactNativeJS(21702):      sleepTimerMode: 'time',
08-22 16:01:07.611 I/ReactNativeJS(21702):      equalizerGains: [ 0, 0, 0, 0, 0, 0, 0, 0, 0, 0 ],
08-22 16:01:07.611 I/ReactNativeJS(21702):      equalizerEnabled: false,
08-22 16:01:07.611 I/ReactNativeJS(21702):      selectedQueueIndices: [] },
08-22 16:01:07.611 I/ReactNativeJS(21702):   settings: 
08-22 16:01:07.611 I/ReactNativeJS(21702):    { themeMode: 'system',
08-22 16:01:07.611 I/ReactNativeJS(21702):      repeatMode: 'off',
08-22 16:01:07.611 I/ReactNativeJS(21702):      playbackSpeed: 1,
08-22 16:01:07.611 I/ReactNativeJS(21702):      sleepTimerMinutes: 0,
08-22 16:01:07.611 I/ReactNativeJS(21702):      isShuffleOn: false,
08-22 16:01:07.611 I/ReactNativeJS(21702):      rememberPlaybackPosition: true,
08-22 16:01:07.611 I/ReactNativeJS(21702):      isAudioNormalizationEnabled: false,
08-22 16:01:07.611 I/ReactNativeJS(21702):      isDialogueBoostEnabled: false,
08-22 16:01:07.611 I/ReactNativeJS(21702):      isHardwareAccelerationEnabled: true,
08-22 16:01:07.611 I/ReactNativeJS(21702):      isAutoLoadSubtitlesEnabled: true,
08-22 16:01:07.611 I/ReactNativeJS(21702):      preferredLanguages: 'eng, jpn, und',
08-22 16:01:07.611 I/ReactNativeJS(21702):      externalSubtitleDirectories: './subs, ./subtitles',
08-22 16:01:07.611 I/ReactNativeJS(21702):      subtitleFontSize: 16,
08-22 16:01:07.611 I/ReactNativeJS(21702):      subtitleTextColor: '#FFFFFF',
08-22 16:01:07.611 I/ReactNativeJS(21702):      subtitleBackgroundOpacity: 0.5,
08-22 16:01:07.611 I/ReactNativeJS(21702):      skipSilenceEnabled: false,
08-22 16:01:07.611 I/ReactNativeJS(21702):      sampleRate: 0,
08-22 16:01:07.611 I/ReactNativeJS(21702):      replayGain: 'no',
08-22 16:01:07.611 I/ReactNativeJS(21702):      gaplessPlayback: false,
08-22 16:01:07.611 I/ReactNativeJS(21702):      audioDelay: 0,
08-22 16:01:07.611 I/ReactNativeJS(21702):      eqEnabled: false,
08-22 16:01:07.611 I/ReactNativeJS(21702):      eqPreset: 'Flat',
08-22 16:01:07.611 I/ReactNativeJS(21702):      eqGains: [ 0, 0, 0, 0, 0, 0, 0, 0, 0, 0 ],
08-22 16:01:07.611 I/ReactNativeJS(21702):      videoFolders: [],
08-22 16:01:07.611 I/ReactNativeJS(21702):      audioFolders: [],
08-22 16:01:07.611 I/ReactNativeJS(21702):      linkedFolders: [],
08-22 16:01:07.611 I/ReactNativeJS(21702):      lastScanTimestamp: null,
08-22 16:01:07.611 I/ReactNativeJS(21702):      isScanning: false,
08-22 16:01:07.611 I/ReactNativeJS(21702):      mpvOptions: [],
08-22 16:01:07.611 I/ReactNativeJS(21702):      hasLaunched: true,
08-22 16:01:07.611 I/ReactNativeJS(21702):      largerControls: false,
08-22 16:01:07.611 I/ReactNativeJS(21702):      highContrastSubtitles: false,
08-22 16:01:07.611 I/ReactNativeJS(21702):      scanOnLaunch: false,
08-22 16:01:07.611 I/ReactNativeJS(21702):      notificationsEnabled: true,
08-22 16:01:07.611 I/ReactNativeJS(21702):      appLanguage: 'system',
08-22 16:01:07.611 I/ReactNativeJS(21702):      autoDeleteDownloads: 0,
08-22 16:01:07.611 I/ReactNativeJS(21702):      homeCity: '' },
08-22 16:01:07.611 I/ReactNativeJS(21702):   session: 
08-22 16:01:07.611 I/ReactNativeJS(21702):    { playCounts: 
08-22 16:01:07.611 I/ReactNativeJS(21702):       { 'https://prod-1.storage.jamendo.com/?trackid=2034080&format=mp31&from=MsPA5NAX6hQYKR9glswRvA%3D%3D%7C86DWN0H1N2zPq8J7Slbijg%3D%3D': 4,
08-22 16:01:07.611 I/ReactNativeJS(21702):         'https://prod-1.storage.jamendo.com/?trackid=2034080&format=mp31&from=u6ovxwtWtRbsBymjmp23%2Fg%3D%3D%7CdAKAyusz%2BSDTegmnFGrOEw%3D%3D': 3,
08-22 16:01:07.611 I/ReactNativeJS(21702):         'https://dts.podtrac.com/redirect.mp3/api.spreaker.com/download/episode/74199431/astrophel_and_stella_sir_philip_sidney.mp3': 2,
08-22 16:01:07.611 I/ReactNativeJS(21702):         'https://dts.podtrac.com/redirect.mp3/api.spreaker.com/download/episode/74139179/human_nature_and_conduct_part_4_conclusion_john_dewey.mp3': 6 },
08-22 16:01:07.611 I/ReactNativeJS(21702):      mediaLibrary: 
08-22 16:01:07.611 I/ReactNativeJS(21702):       [ { fileUri: 'https://prod-1.storage.jamendo.com/?trackid=2034080&format=mp31&from=MsPA5NAX6hQYKR9glswRvA%3D%3D%7C86DWN0H1N2zPq8J7Slbijg%3D%3D',
08-22 16:01:07.611 I/ReactNativeJS(21702):           title: 'Music Soothe - Meditation Music',
08-22 16:01:07.611 I/ReactNativeJS(21702):           duration: 0,
08-22 16:01:07.611 I/ReactNativeJS(21702):           source: 'api',
08-22 16:01:07.611 I/ReactNativeJS(21702):           type: 'music',
08-22 16:01:07.611 I/ReactNativeJS(21702):           mediaType: 'audio',
08-22 16:01:07.611 I/ReactNativeJS(21702):           provider: 'jamendo',
08-22 16:01:07.611 I/ReactNativeJS(21702):           dateAdded: '2026-08-21T13:03:42.588Z' },
08-22 16:01:07.611 I/ReactNativeJS(21702):         { fileUri: 'https://prod-1.storage.jamendo.com/?trackid=2034080&format=mp31&from=u6ovxwtWtRbsBymjmp23%2Fg%3D%3D%7CdAKAyusz%2BSDTegmnFGrOEw%3D%3D',
08-22 16:01:07.611 I/ReactNativeJS(21702):           title: 'Music Soothe - Meditation Music',
08-22 16:01:07.611 I/ReactNativeJS(21702):           duration: 0,
08-22 16:01:07.611 I/ReactNativeJS(21702):           source: 'api',
08-22 16:01:07.611 I/ReactNativeJS(21702):           type: 'music',
08-22 16:01:07.611 I/ReactNativeJS(21702):           mediaType: 'audio',
08-22 16:01:07.611 I/ReactNativeJS(21702):           provider: 'jamendo',
08-22 16:01:07.611 I/ReactNativeJS(21702):           dateAdded: '2026-08-21T13:19:47.827Z' },
08-22 16:01:07.611 I/ReactNativeJS(21702):         { fileUri: 'https://dts.podtrac.com/redirect.mp3/api.spreaker.com/download/episode/74199431/astrophel_and_stella_sir_philip_sidney.mp3',
08-22 16:01:07.611 I/ReactNativeJS(21702):           title: 'Astrophel and Stella-Sir Philip Sidney',
08-22 16:01:07.611 I/ReactNativeJS(21702):           duration: 0,
08-22 16:01:07.611 I/ReactNativeJS(21702):           source: 'api',
08-22 16:01:07.611 I/ReactNativeJS(21702):           type: 'podcast',
08-22 16:01:07.611 I/ReactNativeJS(21702):           mediaType: 'audio',
08-22 16:01:07.611 I/ReactNativeJS(21702):           provider: 'podcastIndex',
08-22 16:01:07.611 I/ReactNativeJS(21702):           dateAdded: '2026-08-21T13:28:53.053Z' },
08-22 16:01:07.611 I/ReactNativeJS(21702):         { fileUri: 'https://dts.podtrac.com/redirect.mp3/api.spreaker.com/download/episode/74139179/human_nature_and_conduct_part_4_conclusion_john_dewey.mp3',
08-22 16:01:07.611 I/ReactNativeJS(21702):           title: 'Human Nature and Conduct - Part 4, Conclusion-John Dewey',
08-22 16:01:07.611 I/ReactNativeJS(21702):           duration: 0,
08-22 16:01:07.611 I/ReactNativeJS(21702):           source: 'api',
08-22 16:01:07.611 I/ReactNativeJS(21702):           type: 'podcast',
08-22 16:01:07.611 I/ReactNativeJS(21702):           mediaType: 'audio',
08-22 16:01:07.611 I/ReactNativeJS(21702):           provider: 'podcastIndex',
08-22 16:01:07.611 I/ReactNativeJS(21702):           dateAdded: '2026-08-21T13:51:23.978Z' } ] },
08-22 16:01:07.611 I/ReactNativeJS(21702):   playlists: { playlists: [] },
08-22 16:01:07.611 I/ReactNativeJS(21702):   pip: 
08-22 16:01:07.611 I/ReactNativeJS(21702):    { isInPipMode: false,
08-22 16:01:07.611 I/ReactNativeJS(21702):      surfaceUri: null,
08-22 16:01:07.611 I/ReactNativeJS(21702):      pipedFileTitle: null,
08-22 16:01:07.611 I/ReactNativeJS(21702):      chapterTitle: null,
08-22 16:01:07.611 I/ReactNativeJS(21702):      chapterIndex: -1,
08-22 16:01:07.611 I/ReactNativeJS(21702):      progressPercentage: '0 %' },
08-22 16:01:07.611 I/ReactNativeJS(21702):   media: 
08-22 16:01:07.611 I/ReactNativeJS(21702):    { tracks: [],
08-22 16:01:07.611 I/ReactNativeJS(21702):      isScanning: false,
08-22 16:01:07.611 I/ReactNativeJS(21702):      cancelRequested: false,
08-22 16:01:07.611 I/ReactNativeJS(21702):      scanProgress: 
08-22 16:01:07.611 I/ReactNativeJS(21702):       { currentFolder: null,
08-22 16:01:07.611 I/ReactNativeJS(21702):         filesFound: 0,
08-22 16:01:07.611 I/ReactNativeJS(21702):         totalFiles: 0,
08-22 16:01:07.611 I/ReactNativeJS(21702):         percentComplete: 0 },
08-22 16:01:07.611 I/ReactNativeJS(21702):      scanHistory: 
08-22 16:01:07.611 I/ReactNativeJS(21702):       { lastScanTime: null,
08-22 16:01:07.611 I/ReactNativeJS(21702):         filesAdded: 0,
08-22 16:01:07.611 I/ReactNativeJS(21702):         filesRemoved: 0,
08-22 16:01:07.611 I/ReactNativeJS(21702):         errorsCount: 0,
08-22 16:01:07.611 I/ReactNativeJS(21702):         unsupportedCount: 0 },
08-22 16:01:07.611 I/ReactNativeJS(21702):      searchIndex: {} },
08-22 16:01:07.611 I/ReactNativeJS(21702):   auth: 
08-22 16:01:07.611 I/ReactNativeJS(21702):    { user: 
08-22 16:01:07.611 I/ReactNativeJS(21702):       { id: '107368191704644775546',
08-22 16:01:07.611 I/ReactNativeJS(21702):         name: 'Paval EP',
08-22 16:01:07.611 I/ReactNativeJS(21702):         email: 'pavalep@gmail.com',
08-22 16:01:07.611 I/ReactNativeJS(21702):         photo: 'https://lh3.googleusercontent.com/a/ACg8ocKPW8izhGkENzCRf__xjdvKLyx3D2kpLHIodl2XQ5LeHa-7BXdv=s96-c' },
08-22 16:01:07.611 I/ReactNativeJS(21702):      isAuthenticated: true,
08-22 16:01:07.611 I/ReactNativeJS(21702):      isLoading: false,
08-22 16:01:07.611 I/ReactNativeJS(21702):      isRestoring: false,
08-22 16:01:07.611 I/ReactNativeJS(21702):      error: null,
08-22 16:01:07.611 I/ReactNativeJS(21702):      errorKind: null,
08-22 16:01:07.611 I/ReactNativeJS(21702):      lastSignedInAt: 1787393582385,
08-22 16:01:07.611 I/ReactNativeJS(21702):      sessionExpiresAt: 1789985582385 },
08-22 16:01:07.611 I/ReactNativeJS(21702):   bookmark: { items: [] },
08-22 16:01:07.611 I/ReactNativeJS(21702):   followedPodcasts: 
08-22 16:01:07.611 I/ReactNativeJS(21702):    { items: 
08-22 16:01:07.611 I/ReactNativeJS(21702):       [ { id: 7694008,
08-22 16:01:07.611 I/ReactNativeJS(21702):           title: 'Soul of Man',
08-22 16:01:07.611 I/ReactNativeJS(21702):           author: 'Oscar Wilde',
08-22 16:01:07.611 I/ReactNativeJS(21702):           image: 'https://d3wo5wojvuv7l.cloudfront.net/t_rss_itunes_square_1400/images.spreaker.com/original/591ec3a8f550a45360ba9a35674e0f81.jpg',
08-22 16:01:07.611 I/ReactNativeJS(21702):           feedUrl: 'https://www.spreaker.com/show/6874293/episodes/feed',
08-22 16:01:07.611 I/ReactNativeJS(21702):           episodeCount: 23,
08-22 16:01:07.611 I/ReactNativeJS(21702):           followedAt: '2026-08-21T13:25:35.035Z' },
08-22 16:01:07.611 I/ReactNativeJS(21702):         { id: 4067941,
08-22 16:01:07.611 I/ReactNativeJS(21702):           title: 'Appels sur l\'actualit├⌐',
08-22 16:01:07.611 I/ReactNativeJS(21702):           author: 'RFI',
08-22 16:01:07.611 I/ReactNativeJS(21702):           image: 'https://s.rfi.fr/media/display/70c04558-7c0f-11ef-8e7e-005056a97e36/w:1400/p:1x1/itunes-3000x3000-Appels-sur-actualit%C3%A9.jpg',
08-22 16:01:07.611 I/ReactNativeJS(21702):           feedUrl: 'https://apis.rfi.fr/products/get_product/rfi_getpodcast_by_nid?token_application=975d23b8-7a07-11e8-9f62-005056a90194&program.entrepriseId=WB114-RFI-FR-20090830',
08-22 16:01:07.611 I/ReactNativeJS(21702):           episodeCount: 24,
08-22 16:01:07.611 I/ReactNativeJS(21702):           followedAt: '2026-08-21T13:25:24.803Z' },
08-22 16:01:07.611 I/ReactNativeJS(21702):         { id: 1387931,
08-22 16:01:07.611 I/ReactNativeJS(21702):           title: 'On va d├⌐guster',
08-22 16:01:07.611 I/ReactNativeJS(21702):           author: 'France Inter',
08-22 16:01:07.611 I/ReactNativeJS(21702):           image: [TOO BIG formatValueCalls 201 exceeded limit of 200],
08-22 16:01:07.611 I/ReactNativeJS(21702):           feedUrl: [TOO BIG formatValueCalls 202 exceeded limit of 200],
08-22 16:01:07.611 I/ReactNativeJS(21702):           episodeCount: [TOO BIG formatValueCalls 203 exceeded limit of 200],
08-22 16:01:07.611 I/ReactNativeJS(21702):           followedAt: [TOO BIG formatValueCalls 204 exceeded limit of 200] } ] },
08-22 16:01:07.611 I/ReactNativeJS(21702):   liveFavorites: [TOO BIG formatValueCalls 205 exceeded limit of 200],
08-22 16:01:07.611 I/ReactNativeJS(21702):   downloads: [TOO BIG formatValueCalls 206 exceeded limit of 200],
08-22 16:01:07.611 I/ReactNativeJS(21702):   weather: [TOO BIG formatValueCalls 207 exceeded limit of 200],
08-22 16:01:07.611 I/ReactNativeJS(21702):   recentHistory: [TOO BIG formatValueCalls 208 exceeded limit of 200],
08-22 16:01:07.611 I/ReactNativeJS(21702):   _persist: [TOO BIG formatValueCalls 209 exceeded limit of 200] }
08-22 16:01:07.612 I/ReactNativeJS(21702): Γöé '%c action    ', 'color: #03A9F4; font-weight: bold', { type: 'player/updateCurrentFileMetadata',
08-22 16:01:07.612 I/ReactNativeJS(21702):   payload: 
08-22 16:01:07.612 I/ReactNativeJS(21702):    { title: 'null',
08-22 16:01:07.612 I/ReactNativeJS(21702):      artworkUri: 'file:///data/user/0/com.simba.player/cache/artCache/6j8yr-3j.jpg' } }
08-22 16:01:07.619 I/ReactNativeJS(21702): Γöé '%c next state', 'color: #4CAF50; font-weight: bold', { player: 
08-22 16:01:07.619 I/ReactNativeJS(21702):    { currentFile: 
08-22 16:01:07.619 I/ReactNativeJS(21702):       { uri: 'https://dts.podtrac.com/redirect.mp3/api.spreaker.com/download/episode/74139179/human_nature_and_conduct_part_4_conclusion_john_dewey.mp3',
08-22 16:01:07.619 I/ReactNativeJS(21702):         title: 'null',
08-22 16:01:07.619 I/ReactNativeJS(21702):         duration: 0,
08-22 16:01:07.619 I/ReactNativeJS(21702):         source: 'api',
08-22 16:01:07.619 I/ReactNativeJS(21702):         type: 'podcast',
08-22 16:01:07.619 I/ReactNativeJS(21702):         mediaType: 'audio',
08-22 16:01:07.619 I/ReactNativeJS(21702):         provider: 'podcastIndex',
08-22 16:01:07.619 I/ReactNativeJS(21702):         folderId: undefined,
08-22 16:01:07.619 I/ReactNativeJS(21702):         artworkUri: 'file:///data/user/0/com.simba.player/cache/artCache/6j8yr-3j.jpg' },
08-22 16:01:07.619 I/ReactNativeJS(21702):      playlist: [],
08-22 16:01:07.619 I/ReactNativeJS(21702):      queue: 
08-22 16:01:07.619 I/ReactNativeJS(21702):       [ { uri: 'https://audio.audiomeans.fr/pfx/b035a7c4-de15-11ef-9e7b-cfc4fb0c91f4/aod-rfi.akamaized.net/rfi/francais/audio/modules/actu/202608/ASA_21082026_Question_4_Reponse_4.mp3?guid=8797c22e-9c8d-11f1-9bd9-2f8d63b40800&source=PcNCvtcnHj',
08-22 16:01:07.619 I/ReactNativeJS(21702):           title: 'Guin├⌐e : comment le pays est devenu le deuxi├¿me pays le plus attractif dΓÇÖAfrique?',
08-22 16:01:07.619 I/ReactNativeJS(21702):           duration: 156,
08-22 16:01:07.619 I/ReactNativeJS(21702):           source: 'api',
08-22 16:01:07.619 I/ReactNativeJS(21702):           provider: 'podcastIndex',
08-22 16:01:07.619 I/ReactNativeJS(21702):           type: 'podcast',
08-22 16:01:07.619 I/ReactNativeJS(21702):           mediaType: 'audio' } ],
08-22 16:01:07.619 I/ReactNativeJS(21702):      playbackHistory: [],
08-22 16:01:07.619 I/ReactNativeJS(21702):      currentIndex: -1,
08-22 16:01:07.619 I/ReactNativeJS(21702):      playbackState: 'playing',
08-22 16:01:07.619 I/ReactNativeJS(21702):      currentPosition: 0,
08-22 16:01:07.619 I/ReactNativeJS(21702):      duration: 0,
08-22 16:01:07.619 I/ReactNativeJS(21702):      volume: 1,
08-22 16:01:07.619 I/ReactNativeJS(21702):      isFullscreen: false,
08-22 16:01:07.619 I/ReactNativeJS(21702):      loopMode: 'none',
08-22 16:01:07.619 I/ReactNativeJS(21702):      shuffle: false,
08-22 16:01:07.619 I/ReactNativeJS(21702):      playbackSpeed: 1,
08-22 16:01:07.619 I/ReactNativeJS(21702):      sleepTimerEndTime: null,
08-22 16:01:07.619 I/ReactNativeJS(21702):      sleepTimerMode: 'time',
08-22 16:01:07.619 I/ReactNativeJS(21702):      equalizerGains: [ 0, 0, 0, 0, 0, 0, 0, 0, 0, 0 ],
08-22 16:01:07.619 I/ReactNativeJS(21702):      equalizerEnabled: false,
08-22 16:01:07.619 I/ReactNativeJS(21702):      selectedQueueIndices: [] },
08-22 16:01:07.619 I/ReactNativeJS(21702):   settings: 
08-22 16:01:07.619 I/ReactNativeJS(21702):    { themeMode: 'system',
08-22 16:01:07.619 I/ReactNativeJS(21702):      repeatMode: 'off',
08-22 16:01:07.619 I/ReactNativeJS(21702):      playbackSpeed: 1,
08-22 16:01:07.619 I/ReactNativeJS(21702):      sleepTimerMinutes: 0,
08-22 16:01:07.619 I/ReactNativeJS(21702):      isShuffleOn: false,
08-22 16:01:07.619 I/ReactNativeJS(21702):      rememberPlaybackPosition: true,
08-22 16:01:07.619 I/ReactNativeJS(21702):      isAudioNormalizationEnabled: false,
08-22 16:01:07.619 I/ReactNativeJS(21702):      isDialogueBoostEnabled: false,
08-22 16:01:07.619 I/ReactNativeJS(21702):      isHardwareAccelerationEnabled: true,
08-22 16:01:07.619 I/ReactNativeJS(21702):      isAutoLoadSubtitlesEnabled: true,
08-22 16:01:07.619 I/ReactNativeJS(21702):      preferredLanguages: 'eng, jpn, und',
08-22 16:01:07.619 I/ReactNativeJS(21702):      externalSubtitleDirectories: './subs, ./subtitles',
08-22 16:01:07.619 I/ReactNativeJS(21702):      subtitleFontSize: 16,
08-22 16:01:07.619 I/ReactNativeJS(21702):      subtitleTextColor: '#FFFFFF',
08-22 16:01:07.619 I/ReactNativeJS(21702):      subtitleBackgroundOpacity: 0.5,
08-22 16:01:07.619 I/ReactNativeJS(21702):      skipSilenceEnabled: false,
08-22 16:01:07.619 I/ReactNativeJS(21702):      sampleRate: 0,
08-22 16:01:07.619 I/ReactNativeJS(21702):      replayGain: 'no',
08-22 16:01:07.619 I/ReactNativeJS(21702):      gaplessPlayback: false,
08-22 16:01:07.619 I/ReactNativeJS(21702):      audioDelay: 0,
08-22 16:01:07.619 I/ReactNativeJS(21702):      eqEnabled: false,
08-22 16:01:07.619 I/ReactNativeJS(21702):      eqPreset: 'Flat',
08-22 16:01:07.619 I/ReactNativeJS(21702):      eqGains: [ 0, 0, 0, 0, 0, 0, 0, 0, 0, 0 ],
08-22 16:01:07.619 I/ReactNativeJS(21702):      videoFolders: [],
08-22 16:01:07.619 I/ReactNativeJS(21702):      audioFolders: [],
08-22 16:01:07.619 I/ReactNativeJS(21702):      linkedFolders: [],
08-22 16:01:07.619 I/ReactNativeJS(21702):      lastScanTimestamp: null,
08-22 16:01:07.619 I/ReactNativeJS(21702):      isScanning: false,
08-22 16:01:07.619 I/ReactNativeJS(21702):      mpvOptions: [],
08-22 16:01:07.619 I/ReactNativeJS(21702):      hasLaunched: true,
08-22 16:01:07.619 I/ReactNativeJS(21702):      largerControls: false,
08-22 16:01:07.619 I/ReactNativeJS(21702):      highContrastSubtitles: false,
08-22 16:01:07.619 I/ReactNativeJS(21702):      scanOnLaunch: false,
08-22 16:01:07.619 I/ReactNativeJS(21702):      notificationsEnabled: true,
08-22 16:01:07.619 I/ReactNativeJS(21702):      appLanguage: 'system',
08-22 16:01:07.619 I/ReactNativeJS(21702):      autoDeleteDownloads: 0,
08-22 16:01:07.619 I/ReactNativeJS(21702):      homeCity: '' },
08-22 16:01:07.619 I/ReactNativeJS(21702):   session: 
08-22 16:01:07.619 I/ReactNativeJS(21702):    { playCounts: 
08-22 16:01:07.619 I/ReactNativeJS(21702):       { 'https://prod-1.storage.jamendo.com/?trackid=2034080&format=mp31&from=MsPA5NAX6hQYKR9glswRvA%3D%3D%7C86DWN0H1N2zPq8J7Slbijg%3D%3D': 4,
08-22 16:01:07.619 I/ReactNativeJS(21702):         'https://prod-1.storage.jamendo.com/?trackid=2034080&format=mp31&from=u6ovxwtWtRbsBymjmp23%2Fg%3D%3D%7CdAKAyusz%2BSDTegmnFGrOEw%3D%3D': 3,
08-22 16:01:07.619 I/ReactNativeJS(21702):         'https://dts.podtrac.com/redirect.mp3/api.spreaker.com/download/episode/74199431/astrophel_and_stella_sir_philip_sidney.mp3': 2,
08-22 16:01:07.619 I/ReactNativeJS(21702):         'https://dts.podtrac.com/redirect.mp3/api.spreaker.com/download/episode/74139179/human_nature_and_conduct_part_4_conclusion_john_dewey.mp3': 6 },
08-22 16:01:07.619 I/ReactNativeJS(21702):      mediaLibrary: 
08-22 16:01:07.619 I/ReactNativeJS(21702):       [ { fileUri: 'https://prod-1.storage.jamendo.com/?trackid=2034080&format=mp31&from=MsPA5NAX6hQYKR9glswRvA%3D%3D%7C86DWN0H1N2zPq8J7Slbijg%3D%3D',
08-22 16:01:07.619 I/ReactNativeJS(21702):           title: 'Music Soothe - Meditation Music',
08-22 16:01:07.619 I/ReactNativeJS(21702):           duration: 0,
08-22 16:01:07.619 I/ReactNativeJS(21702):           source: 'api',
08-22 16:01:07.619 I/ReactNativeJS(21702):           type: 'music',
08-22 16:01:07.619 I/ReactNativeJS(21702):           mediaType: 'audio',
08-22 16:01:07.619 I/ReactNativeJS(21702):           provider: 'jamendo',
08-22 16:01:07.619 I/ReactNativeJS(21702):           dateAdded: '2026-08-21T13:03:42.588Z' },
08-22 16:01:07.619 I/ReactNativeJS(21702):         { fileUri: 'https://prod-1.storage.jamendo.com/?trackid=2034080&format=mp31&from=u6ovxwtWtRbsBymjmp23%2Fg%3D%3D%7CdAKAyusz%2BSDTegmnFGrOEw%3D%3D',
08-22 16:01:07.619 I/ReactNativeJS(21702):           title: 'Music Soothe - Meditation Music',
08-22 16:01:07.619 I/ReactNativeJS(21702):           duration: 0,
08-22 16:01:07.619 I/ReactNativeJS(21702):           source: 'api',
08-22 16:01:07.619 I/ReactNativeJS(21702):           type: 'music',
08-22 16:01:07.619 I/ReactNativeJS(21702):           mediaType: 'audio',
08-22 16:01:07.619 I/ReactNativeJS(21702):           provider: 'jamendo',
08-22 16:01:07.619 I/ReactNativeJS(21702):           dateAdded: '2026-08-21T13:19:47.827Z' },
08-22 16:01:07.619 I/ReactNativeJS(21702):         { fileUri: 'https://dts.podtrac.com/redirect.mp3/api.spreaker.com/download/episode/74199431/astrophel_and_stella_sir_philip_sidney.mp3',
08-22 16:01:07.619 I/ReactNativeJS(21702):           title: 'Astrophel and Stella-Sir Philip Sidney',
08-22 16:01:07.619 I/ReactNativeJS(21702):           duration: 0,
08-22 16:01:07.619 I/ReactNativeJS(21702):           source: 'api',
08-22 16:01:07.619 I/ReactNativeJS(21702):           type: 'podcast',
08-22 16:01:07.619 I/ReactNativeJS(21702):           mediaType: 'audio',
08-22 16:01:07.619 I/ReactNativeJS(21702):           provider: 'podcastIndex',
08-22 16:01:07.619 I/ReactNativeJS(21702):           dateAdded: '2026-08-21T13:28:53.053Z' },
08-22 16:01:07.619 I/ReactNativeJS(21702):         { fileUri: 'https://dts.podtrac.com/redirect.mp3/api.spreaker.com/download/episode/74139179/human_nature_and_conduct_part_4_conclusion_john_dewey.mp3',
08-22 16:01:07.619 I/ReactNativeJS(21702):           title: 'Human Nature and Conduct - Part 4, Conclusion-John Dewey',
08-22 16:01:07.619 I/ReactNativeJS(21702):           duration: 0,
08-22 16:01:07.619 I/ReactNativeJS(21702):           source: 'api',
08-22 16:01:07.619 I/ReactNativeJS(21702):           type: 'podcast',
08-22 16:01:07.619 I/ReactNativeJS(21702):           mediaType: 'audio',
08-22 16:01:07.619 I/ReactNativeJS(21702):           provider: 'podcastIndex',
08-22 16:01:07.619 I/ReactNativeJS(21702):           dateAdded: '2026-08-21T13:51:23.978Z' } ] },
08-22 16:01:07.619 I/ReactNativeJS(21702):   playlists: { playlists: [] },
08-22 16:01:07.619 I/ReactNativeJS(21702):   pip: 
08-22 16:01:07.619 I/ReactNativeJS(21702):    { isInPipMode: false,
08-22 16:01:07.619 I/ReactNativeJS(21702):      surfaceUri: null,
08-22 16:01:07.619 I/ReactNativeJS(21702):      pipedFileTitle: null,
08-22 16:01:07.619 I/ReactNativeJS(21702):      chapterTitle: null,
08-22 16:01:07.619 I/ReactNativeJS(21702):      chapterIndex: -1,
08-22 16:01:07.619 I/ReactNativeJS(21702):      progressPercentage: '0 %' },
08-22 16:01:07.619 I/ReactNativeJS(21702):   media: 
08-22 16:01:07.619 I/ReactNativeJS(21702):    { tracks: [],
08-22 16:01:07.619 I/ReactNativeJS(21702):      isScanning: false,
08-22 16:01:07.619 I/ReactNativeJS(21702):      cancelRequested: false,
08-22 16:01:07.619 I/ReactNativeJS(21702):      scanProgress: 
08-22 16:01:07.619 I/ReactNativeJS(21702):       { currentFolder: null,
08-22 16:01:07.619 I/ReactNativeJS(21702):         filesFound: 0,
08-22 16:01:07.619 I/ReactNativeJS(21702):         totalFiles: 0,
08-22 16:01:07.619 I/ReactNativeJS(21702):         percentComplete: 0 },
08-22 16:01:07.619 I/ReactNativeJS(21702):      scanHistory: 
08-22 16:01:07.619 I/ReactNativeJS(21702):       { lastScanTime: null,
08-22 16:01:07.619 I/ReactNativeJS(21702):         filesAdded: 0,
08-22 16:01:07.619 I/ReactNativeJS(21702):         filesRemoved: 0,
08-22 16:01:07.619 I/ReactNativeJS(21702):         errorsCount: 0,
08-22 16:01:07.619 I/ReactNativeJS(21702):         unsupportedCount: 0 },
08-22 16:01:07.619 I/ReactNativeJS(21702):      searchIndex: {} },
08-22 16:01:07.619 I/ReactNativeJS(21702):   auth: 
08-22 16:01:07.619 I/ReactNativeJS(21702):    { user: 
08-22 16:01:07.619 I/ReactNativeJS(21702):       { id: '107368191704644775546',
08-22 16:01:07.619 I/ReactNativeJS(21702):         name: 'Paval EP',
08-22 16:01:07.619 I/ReactNativeJS(21702):         email: 'pavalep@gmail.com',
08-22 16:01:07.619 I/ReactNativeJS(21702):         photo: 'https://lh3.googleusercontent.com/a/ACg8ocKPW8izhGkENzCRf__xjdvKLyx3D2kpLHIodl2XQ5LeHa-7BXdv=s96-c' },
08-22 16:01:07.619 I/ReactNativeJS(21702):      isAuthenticated: true,
08-22 16:01:07.619 I/ReactNativeJS(21702):      isLoading: false,
08-22 16:01:07.619 I/ReactNativeJS(21702):      isRestoring: false,
08-22 16:01:07.619 I/ReactNativeJS(21702):      error: null,
08-22 16:01:07.619 I/ReactNativeJS(21702):      errorKind: null,
08-22 16:01:07.619 I/ReactNativeJS(21702):      lastSignedInAt: 1787393582385,
08-22 16:01:07.619 I/ReactNativeJS(21702):      sessionExpiresAt: 1789985582385 },
08-22 16:01:07.619 I/ReactNativeJS(21702):   bookmark: { items: [] },
08-22 16:01:07.619 I/ReactNativeJS(21702):   followedPodcasts: 
08-22 16:01:07.619 I/ReactNativeJS(21702):    { items: 
08-22 16:01:07.619 I/ReactNativeJS(21702):       [ { id: 7694008,
08-22 16:01:07.619 I/ReactNativeJS(21702):           title: 'Soul of Man',
08-22 16:01:07.619 I/ReactNativeJS(21702):           author: 'Oscar Wilde',
08-22 16:01:07.619 I/ReactNativeJS(21702):           image: 'https://d3wo5wojvuv7l.cloudfront.net/t_rss_itunes_square_1400/images.spreaker.com/original/591ec3a8f550a45360ba9a35674e0f81.jpg',
08-22 16:01:07.619 I/ReactNativeJS(21702):           feedUrl: 'https://www.spreaker.com/show/6874293/episodes/feed',
08-22 16:01:07.619 I/ReactNativeJS(21702):           episodeCount: 23,
08-22 16:01:07.619 I/ReactNativeJS(21702):           followedAt: '2026-08-21T13:25:35.035Z' },
08-22 16:01:07.619 I/ReactNativeJS(21702):         { id: 4067941,
08-22 16:01:07.619 I/ReactNativeJS(21702):           title: 'Appels sur l\'actualit├⌐',
08-22 16:01:07.619 I/ReactNativeJS(21702):           author: 'RFI',
08-22 16:01:07.619 I/ReactNativeJS(21702):           image: 'https://s.rfi.fr/media/display/70c04558-7c0f-11ef-8e7e-005056a97e36/w:1400/p:1x1/itunes-3000x3000-Appels-sur-actualit%C3%A9.jpg',
08-22 16:01:07.619 I/ReactNativeJS(21702):           feedUrl: 'https://apis.rfi.fr/products/get_product/rfi_getpodcast_by_nid?token_application=975d23b8-7a07-11e8-9f62-005056a90194&program.entrepriseId=WB114-RFI-FR-20090830',
08-22 16:01:07.619 I/ReactNativeJS(21702):           episodeCount: 24,
08-22 16:01:07.619 I/ReactNativeJS(21702):           followedAt: '2026-08-21T13:25:24.803Z' },
08-22 16:01:07.619 I/ReactNativeJS(21702):         { id: 1387931,
08-22 16:01:07.619 I/ReactNativeJS(21702):           title: 'On va d├⌐guster',
08-22 16:01:07.619 I/ReactNativeJS(21702):           author: 'France Inter',
08-22 16:01:07.619 I/ReactNativeJS(21702):           image: [TOO BIG formatValueCalls 201 exceeded limit of 200],
08-22 16:01:07.619 I/ReactNativeJS(21702):           feedUrl: [TOO BIG formatValueCalls 202 exceeded limit of 200],
08-22 16:01:07.619 I/ReactNativeJS(21702):           episodeCount: [TOO BIG formatValueCalls 203 exceeded limit of 200],
08-22 16:01:07.619 I/ReactNativeJS(21702):           followedAt: [TOO BIG formatValueCalls 204 exceeded limit of 200] } ] },
08-22 16:01:07.619 I/ReactNativeJS(21702):   liveFavorites: [TOO BIG formatValueCalls 205 exceeded limit of 200],
08-22 16:01:07.619 I/ReactNativeJS(21702):   downloads: [TOO BIG formatValueCalls 206 exceeded limit of 200],
08-22 16:01:07.619 I/ReactNativeJS(21702):   weather: [TOO BIG formatValueCalls 207 exceeded limit of 200],
08-22 16:01:07.619 I/ReactNativeJS(21702):   recentHistory: [TOO BIG formatValueCalls 208 exceeded limit of 200],
08-22 16:01:07.619 I/ReactNativeJS(21702):   _persist: [TOO BIG formatValueCalls 209 exceeded limit of 200] }
08-22 16:01:07.620 I/ReactNativeJS(21702): Γöÿ 
08-22 16:01:07.624 I/MpvBridgeModule(21702): MediaNotificationService started: null
08-22 16:01:07.645 D/MediaSessionService(  695): onSessionPlaybackStateChanged: record=com.simba.player/MediaNotification/24 (userId=0) playbackState=PlaybackState {state=PLAYING(3), position=0, buffered position=0, speed=1.0, updated=150564514, actions=823, custom actions=[], active item id=-1, error=null}
08-22 16:01:08.824 I/Nl80211Proxy(  695): Received NLMSG_ERROR with error 0 for message GenericNetlinkMsg{ nlHeader{StructNlMsgHdr{ nlmsg_len{56}, nlmsg_type{30()}, nlmsg_flags{5(NLM_F_REQUEST|NLM_F_ACK)}, nlmsg_seq{2949}, nlmsg_pid{0} }}, genNlHeader{StructGenNlMsgHdr{ command{33}, version{1}, reserved{0} }}, attributes{[StructNlAttr{ nla_len{8}, nla_type{-32723}, nla_value{04000000}, }, StructNlAttr{ nla_len{8}, nla_type{3}, nla_value{10000000}, }, StructNlAttr{ nla_len{12}, nla_type{-32724}, nla_value{080000008F090000}, }, StructNlAttr{ nla_len{8}, nla_type{158}, nla_value{00000000}, }]} }
08-22 16:01:08.965 D/MediaSessionService(  695): onSessionPlaybackStateChanged: record=com.simba.player/MediaNotification/25 (userId=0) playbackState=PlaybackState {state=PLAYING(3), position=0, buffered position=0, speed=1.0, updated=150565836, actions=823, custom actions=[], active item id=-1, error=null}
08-22 16:01:09.559 I/ndroid.systemui( 1209): Background young concurrent mark compact GC freed 16MB AllocSpace bytes, 28(3712KB) LOS objects, 33% free, 38MB/58MB, paused 1.302ms,65.220ms total 87.908ms
08-22 16:01:09.983 D/MediaSessionService(  695): onSessionPlaybackStateChanged: record=com.simba.player/MediaNotification/25 (userId=0) playbackState=PlaybackState {state=PLAYING(3), position=0, buffered position=0, speed=1.0, updated=150566855, actions=823, custom actions=[], active item id=-1, error=null}
08-22 16:01:10.997 D/MediaSessionService(  695): onSessionPlaybackStateChanged: record=com.simba.player/MediaNotification/25 (userId=0) playbackState=PlaybackState {state=PLAYING(3), position=0, buffered position=0, speed=1.0, updated=150567868, actions=823, custom actions=[], active item id=-1, error=null}
08-22 16:01:12.015 D/MediaSessionService(  695): onSessionPlaybackStateChanged: record=com.simba.player/MediaNotification/25 (userId=0) playbackState=PlaybackState {state=PLAYING(3), position=0, buffered position=0, speed=1.0, updated=150568886, actions=823, custom actions=[], active item id=-1, error=null}
08-22 16:01:12.744 I/NullBinder( 7937): NullBinder for android.net.action.RECOMMEND_NETWORKS triggering remote TransactionTooLargeException due to Service without Chimera impl, calling uid: 1000, calling pid: 0
08-22 16:01:13.031 D/MediaSessionService(  695): onSessionPlaybackStateChanged: record=com.simba.player/MediaNotification/25 (userId=0) playbackState=PlaybackState {state=PLAYING(3), position=0, buffered position=0, speed=1.0, updated=150569902, actions=823, custom actions=[], active item id=-1, error=null}
08-22 16:01:14.065 D/MediaSessionService(  695): onSessionPlaybackStateChanged: record=com.simba.player/MediaNotification/25 (userId=0) playbackState=PlaybackState {state=PLAYING(3), position=0, buffered position=0, speed=1.0, updated=150570937, actions=823, custom actions=[], active item id=-1, error=null}
08-22 16:01:15.065 D/MediaSessionService(  695): onSessionPlaybackStateChanged: record=com.simba.player/MediaNotification/25 (userId=0) playbackState=PlaybackState {state=PLAYING(3), position=0, buffered position=0, speed=1.0, updated=150571936, actions=823, custom actions=[], active item id=-1, error=null}
08-22 16:01:16.082 D/MediaSessionService(  695): onSessionPlaybackStateChanged: record=com.simba.player/MediaNotification/25 (userId=0) playbackState=PlaybackState {state=PLAYING(3), position=0, buffered position=0, speed=1.0, updated=150572953, actions=823, custom actions=[], active item id=-1, error=null}
08-22 16:01:17.101 D/MediaSessionService(  695): onSessionPlaybackStateChanged: record=com.simba.player/MediaNotification/25 (userId=0) playbackState=PlaybackState {state=PLAYING(3), position=0, buffered position=0, speed=1.0, updated=150573972, actions=823, custom actions=[], active item id=-1, error=null}
08-22 16:01:18.115 D/MediaSessionService(  695): onSessionPlaybackStateChanged: record=com.simba.player/MediaNotification/25 (userId=0) playbackState=PlaybackState {state=PLAYING(3), position=0, buffered position=0, speed=1.0, updated=150574987, actions=823, custom actions=[], active item id=-1, error=null}
08-22 16:01:18.759 I/NullBinder( 7937): NullBinder for android.net.action.RECOMMEND_NETWORKS triggering remote TransactionTooLargeException due to Service without Chimera impl, calling uid: 1000, calling pid: 0
08-22 16:01:19.137 D/MediaSessionService(  695): onSessionPlaybackStateChanged: record=com.simba.player/MediaNotification/25 (userId=0) playbackState=PlaybackState {state=PLAYING(3), position=0, buffered position=0, speed=1.0, updated=150576007, actions=823, custom actions=[], active item id=-1, error=null}
08-22 16:01:20.152 D/MediaSessionService(  695): onSessionPlaybackStateChanged: record=com.simba.player/MediaNotification/25 (userId=0) playbackState=PlaybackState {state=PLAYING(3), position=0, buffered position=0, speed=1.0, updated=150577022, actions=823, custom actions=[], active item id=-1, error=null}
08-22 16:01:21.162 D/MediaSessionService(  695): onSessionPlaybackStateChanged: record=com.simba.player/MediaNotification/25 (userId=0) playbackState=PlaybackState {state=PLAYING(3), position=0, buffered position=0, speed=1.0, updated=150578033, actions=823, custom actions=[], active item id=-1, error=null}
08-22 16:01:21.766 I/NullBinder( 7937): NullBinder for android.net.action.RECOMMEND_NETWORKS triggering remote TransactionTooLargeException due to Service without Chimera impl, calling uid: 1000, calling pid: 0
08-22 16:01:22.199 D/MediaSessionService(  695): onSessionPlaybackStateChanged: record=com.simba.player/MediaNotification/25 (userId=0) playbackState=PlaybackState {state=PLAYING(3), position=0, buffered position=0, speed=1.0, updated=150579070, actions=823, custom actions=[], active item id=-1, error=null}
08-22 16:01:23.207 D/MediaSessionService(  695): onSessionPlaybackStateChanged: record=com.simba.player/MediaNotification/25 (userId=0) playbackState=PlaybackState {state=PLAYING(3), position=0, buffered position=0, speed=1.0, updated=150580078, actions=823, custom actions=[], active item id=-1, error=null}
08-22 16:01:24.222 D/MediaSessionService(  695): onSessionPlaybackStateChanged: record=com.simba.player/MediaNotification/25 (userId=0) playbackState=PlaybackState {state=PLAYING(3), position=0, buffered position=0, speed=1.0, updated=150581093, actions=823, custom actions=[], active item id=-1, error=null}
08-22 16:01:24.777 I/NullBinder( 7937): NullBinder for android.net.action.RECOMMEND_NETWORKS triggering remote TransactionTooLargeException due to Service without Chimera impl, calling uid: 1000, calling pid: 0
08-22 16:01:25.253 D/MediaSessionService(  695): onSessionPlaybackStateChanged: record=com.simba.player/MediaNotification/25 (userId=0) playbackState=PlaybackState {state=PLAYING(3), position=0, buffered position=0, speed=1.0, updated=150582124, actions=823, custom actions=[], active item id=-1, error=null}
08-22 16:01:26.295 D/MediaSessionService(  695): onSessionPlaybackStateChanged: record=com.simba.player/MediaNotification/25 (userId=0) playbackState=PlaybackState {state=PLAYING(3), position=0, buffered position=0, speed=1.0, updated=150583166, actions=823, custom actions=[], active item id=-1, error=null}
08-22 16:01:27.271 D/MediaSessionService(  695): onSessionPlaybackStateChanged: record=com.simba.player/MediaNotification/25 (userId=0) playbackState=PlaybackState {state=PLAYING(3), position=0, buffered position=0, speed=1.0, updated=150584142, actions=823, custom actions=[], active item id=-1, error=null}
08-22 16:01:28.283 D/MediaSessionService(  695): onSessionPlaybackStateChanged: record=com.simba.player/MediaNotification/25 (userId=0) playbackState=PlaybackState {state=PLAYING(3), position=0, buffered position=0, speed=1.0, updated=150585154, actions=823, custom actions=[], active item id=-1, error=null}
08-22 16:01:29.299 D/MediaSessionService(  695): onSessionPlaybackStateChanged: record=com.simba.player/MediaNotification/25 (userId=0) playbackState=PlaybackState {state=PLAYING(3), position=0, buffered position=0, speed=1.0, updated=150586170, actions=823, custom actions=[], active item id=-1, error=null}
08-22 16:01:30.317 D/MediaSessionService(  695): onSessionPlaybackStateChanged: record=com.simba.player/MediaNotification/25 (userId=0) playbackState=PlaybackState {state=PLAYING(3), position=0, buffered position=0, speed=1.0, updated=150587188, actions=823, custom actions=[], active item id=-1, error=null}
08-22 16:01:31.333 D/MediaSessionService(  695): onSessionPlaybackStateChanged: record=com.simba.player/MediaNotification/25 (userId=0) playbackState=PlaybackState {state=PLAYING(3), position=0, buffered position=0, speed=1.0, updated=150588204, actions=823, custom actions=[], active item id=-1, error=null}
08-22 16:01:32.357 D/MediaSessionService(  695): onSessionPlaybackStateChanged: record=com.simba.player/MediaNotification/25 (userId=0) playbackState=PlaybackState {state=PLAYING(3), position=0, buffered position=0, speed=1.0, updated=150589228, actions=823, custom actions=[], active item id=-1, error=null}
08-22 16:01:33.425 I/system_server(  695): Background young concurrent mark compact GC freed 22MB AllocSpace bytes, 3(96KB) LOS objects, 35% free, 38MB/59MB, paused 9.979ms,54.575ms total 118.095ms
08-22 16:01:33.455 D/MediaSessionService(  695): onSessionPlaybackStateChanged: record=com.simba.player/MediaNotification/25 (userId=0) playbackState=PlaybackState {state=PLAYING(3), position=0, buffered position=0, speed=1.0, updated=150590326, actions=823, custom actions=[], active item id=-1, error=null}
08-22 16:01:34.385 D/MediaSessionService(  695): onSessionPlaybackStateChanged: record=com.simba.player/MediaNotification/25 (userId=0) playbackState=PlaybackState {state=PLAYING(3), position=0, buffered position=0, speed=1.0, updated=150591256, actions=823, custom actions=[], active item id=-1, error=null}
08-22 16:01:35.401 D/MediaSessionService(  695): onSessionPlaybackStateChanged: record=com.simba.player/MediaNotification/25 (userId=0) playbackState=PlaybackState {state=PLAYING(3), position=0, buffered position=0, speed=1.0, updated=150592271, actions=823, custom actions=[], active item id=-1, error=null}
08-22 16:01:36.416 D/MediaSessionService(  695): onSessionPlaybackStateChanged: record=com.simba.player/MediaNotification/25 (userId=0) playbackState=PlaybackState {state=PLAYING(3), position=0, buffered position=0, speed=1.0, updated=150593287, actions=823, custom actions=[], active item id=-1, error=null}
08-22 16:01:36.794 I/NullBinder( 7937): NullBinder for android.net.action.RECOMMEND_NETWORKS triggering remote TransactionTooLargeException due to Service without Chimera impl, calling uid: 1000, calling pid: 0
08-22 16:01:37.431 D/MediaSessionService(  695): onSessionPlaybackStateChanged: record=com.simba.player/MediaNotification/25 (userId=0) playbackState=PlaybackState {state=PLAYING(3), position=0, buffered position=0, speed=1.0, updated=150594302, actions=823, custom actions=[], active item id=-1, error=null}
08-22 16:01:38.449 D/MediaSessionService(  695): onSessionPlaybackStateChanged: record=com.simba.player/MediaNotification/25 (userId=0) playbackState=PlaybackState {state=PLAYING(3), position=0, buffered position=0, speed=1.0, updated=150595320, actions=823, custom actions=[], active item id=-1, error=null}
08-22 16:01:39.467 D/MediaSessionService(  695): onSessionPlaybackStateChanged: record=com.simba.player/MediaNotification/25 (userId=0) playbackState=PlaybackState {state=PLAYING(3), position=0, buffered position=0, speed=1.0, updated=150596338, actions=823, custom actions=[], active item id=-1, error=null}
08-22 16:01:39.802 I/NullBinder( 7937): NullBinder for android.net.action.RECOMMEND_NETWORKS triggering remote TransactionTooLargeException due to Service without Chimera impl, calling uid: 1000, calling pid: 0
08-22 16:01:40.485 D/MediaSessionService(  695): onSessionPlaybackStateChanged: record=com.simba.player/MediaNotification/25 (userId=0) playbackState=PlaybackState {state=PLAYING(3), position=0, buffered position=0, speed=1.0, updated=150597356, actions=823, custom actions=[], active item id=-1, error=null}
08-22 16:01:41.501 D/MediaSessionService(  695): onSessionPlaybackStateChanged: record=com.simba.player/MediaNotification/25 (userId=0) playbackState=PlaybackState {state=PLAYING(3), position=0, buffered position=0, speed=1.0, updated=150598372, actions=823, custom actions=[], active item id=-1, error=null}
08-22 16:01:42.522 D/MediaSessionService(  695): onSessionPlaybackStateChanged: record=com.simba.player/MediaNotification/25 (userId=0) playbackState=PlaybackState {state=PLAYING(3), position=0, buffered position=0, speed=1.0, updated=150599393, actions=823, custom actions=[], active item id=-1, error=null}
08-22 16:01:42.811 I/NullBinder( 7937): NullBinder for android.net.action.RECOMMEND_NETWORKS triggering remote TransactionTooLargeException due to Service without Chimera impl, calling uid: 1000, calling pid: 0
08-22 16:01:43.534 D/MediaSessionService(  695): onSessionPlaybackStateChanged: record=com.simba.player/MediaNotification/25 (userId=0) playbackState=PlaybackState {state=PLAYING(3), position=0, buffered position=0, speed=1.0, updated=150600405, actions=823, custom actions=[], active item id=-1, error=null}
08-22 16:01:44.550 D/MediaSessionService(  695): onSessionPlaybackStateChanged: record=com.simba.player/MediaNotification/25 (userId=0) playbackState=PlaybackState {state=PLAYING(3), position=0, buffered position=0, speed=1.0, updated=150601421, actions=823, custom actions=[], active item id=-1, error=null}
08-22 16:01:45.566 D/MediaSessionService(  695): onSessionPlaybackStateChanged: record=com.simba.player/MediaNotification/25 (userId=0) playbackState=PlaybackState {state=PLAYING(3), position=0, buffered position=0, speed=1.0, updated=150602436, actions=823, custom actions=[], active item id=-1, error=null}
08-22 16:01:46.588 D/MediaSessionService(  695): onSessionPlaybackStateChanged: record=com.simba.player/MediaNotification/25 (userId=0) playbackState=PlaybackState {state=PLAYING(3), position=0, buffered position=0, speed=1.0, updated=150603459, actions=823, custom actions=[], active item id=-1, error=null}
08-22 16:01:47.599 D/MediaSessionService(  695): onSessionPlaybackStateChanged: record=com.simba.player/MediaNotification/25 (userId=0) playbackState=PlaybackState {state=PLAYING(3), position=0, buffered position=0, speed=1.0, updated=150604470, actions=823, custom actions=[], active item id=-1, error=null}
08-22 16:01:48.615 D/MediaSessionService(  695): onSessionPlaybackStateChanged: record=com.simba.player/MediaNotification/25 (userId=0) playbackState=PlaybackState {state=PLAYING(3), position=0, buffered position=0, speed=1.0, updated=150605487, actions=823, custom actions=[], active item id=-1, error=null}
08-22 16:01:49.631 D/MediaSessionService(  695): onSessionPlaybackStateChanged: record=com.simba.player/MediaNotification/25 (userId=0) playbackState=PlaybackState {state=PLAYING(3), position=0, buffered position=0, speed=1.0, updated=150606502, actions=823, custom actions=[], active item id=-1, error=null}
08-22 16:01:50.649 D/MediaSessionService(  695): onSessionPlaybackStateChanged: record=com.simba.player/MediaNotification/25 (userId=0) playbackState=PlaybackState {state=PLAYING(3), position=0, buffered position=0, speed=1.0, updated=150607520, actions=823, custom actions=[], active item id=-1, error=null}
08-22 16:01:51.667 D/MediaSessionService(  695): onSessionPlaybackStateChanged: record=com.simba.player/MediaNotification/25 (userId=0) playbackState=PlaybackState {state=PLAYING(3), position=0, buffered position=0, speed=1.0, updated=150608538, actions=823, custom actions=[], active item id=-1, error=null}
08-22 16:01:51.825 I/NullBinder( 7937): NullBinder for android.net.action.RECOMMEND_NETWORKS triggering remote TransactionTooLargeException due to Service without Chimera impl, calling uid: 1000, calling pid: 0
08-22 16:01:52.682 D/MediaSessionService(  695): onSessionPlaybackStateChanged: record=com.simba.player/MediaNotification/25 (userId=0) playbackState=PlaybackState {state=PLAYING(3), position=0, buffered position=0, speed=1.0, updated=150609554, actions=823, custom actions=[], active item id=-1, error=null}
08-22 16:01:53.702 D/MediaSessionService(  695): onSessionPlaybackStateChanged: record=com.simba.player/MediaNotification/25 (userId=0) playbackState=PlaybackState {state=PLAYING(3), position=0, buffered position=0, speed=1.0, updated=150610573, actions=823, custom actions=[], active item id=-1, error=null}
08-22 16:01:54.716 D/MediaSessionService(  695): onSessionPlaybackStateChanged: record=com.simba.player/MediaNotification/25 (userId=0) playbackState=PlaybackState {state=PLAYING(3), position=0, buffered position=0, speed=1.0, updated=150611587, actions=823, custom actions=[], active item id=-1, error=null}
08-22 16:01:54.832 I/NullBinder( 7937): NullBinder for android.net.action.RECOMMEND_NETWORKS triggering remote TransactionTooLargeException due to Service without Chimera impl, calling uid: 1000, calling pid: 0
08-22 16:01:55.734 D/MediaSessionService(  695): onSessionPlaybackStateChanged: record=com.simba.player/MediaNotification/25 (userId=0) playbackState=PlaybackState {state=PLAYING(3), position=0, buffered position=0, speed=1.0, updated=150612605, actions=823, custom actions=[], active item id=-1, error=null}
08-22 16:01:56.748 D/MediaSessionService(  695): onSessionPlaybackStateChanged: record=com.simba.player/MediaNotification/25 (userId=0) playbackState=PlaybackState {state=PLAYING(3), position=0, buffered position=0, speed=1.0, updated=150613619, actions=823, custom actions=[], active item id=-1, error=null}
08-22 16:01:57.765 D/MediaSessionService(  695): onSessionPlaybackStateChanged: record=com.simba.player/MediaNotification/25 (userId=0) playbackState=PlaybackState {state=PLAYING(3), position=0, buffered position=0, speed=1.0, updated=150614637, actions=823, custom actions=[], active item id=-1, error=null}
08-22 16:01:57.837 I/NullBinder( 7937): NullBinder for android.net.action.RECOMMEND_NETWORKS triggering remote TransactionTooLargeException due to Service without Chimera impl, calling uid: 1000, calling pid: 0
08-22 16:01:58.782 D/MediaSessionService(  695): onSessionPlaybackStateChanged: record=com.simba.player/MediaNotification/25 (userId=0) playbackState=PlaybackState {state=PLAYING(3), position=0, buffered position=0, speed=1.0, updated=150615653, actions=823, custom actions=[], active item id=-1, error=null}
08-22 16:01:59.800 D/MediaSessionService(  695): onSessionPlaybackStateChanged: record=com.simba.player/MediaNotification/25 (userId=0) playbackState=PlaybackState {state=PLAYING(3), position=0, buffered position=0, speed=1.0, updated=150616671, actions=823, custom actions=[], active item id=-1, error=null}
08-22 16:02:00.816 D/MediaSessionService(  695): onSessionPlaybackStateChanged: record=com.simba.player/MediaNotification/25 (userId=0) playbackState=PlaybackState {state=PLAYING(3), position=0, buffered position=0, speed=1.0, updated=150617687, actions=823, custom actions=[], active item id=-1, error=null}
08-22 16:02:01.833 D/MediaSessionService(  695): onSessionPlaybackStateChanged: record=com.simba.player/MediaNotification/25 (userId=0) playbackState=PlaybackState {state=PLAYING(3), position=0, buffered position=0, speed=1.0, updated=150618705, actions=823, custom actions=[], active item id=-1, error=null}
08-22 16:02:02.850 D/MediaSessionService(  695): onSessionPlaybackStateChanged: record=com.simba.player/MediaNotification/25 (userId=0) playbackState=PlaybackState {state=PLAYING(3), position=0, buffered position=0, speed=1.0, updated=150619721, actions=823, custom actions=[], active item id=-1, error=null}
08-22 16:02:03.870 D/MediaSessionService(  695): onSessionPlaybackStateChanged: record=com.simba.player/MediaNotification/25 (userId=0) playbackState=PlaybackState {state=PLAYING(3), position=0, buffered position=0, speed=1.0, updated=150620741, actions=823, custom actions=[], active item id=-1, error=null}
08-22 16:02:04.883 D/MediaSessionService(  695): onSessionPlaybackStateChanged: record=com.simba.player/MediaNotification/25 (userId=0) playbackState=PlaybackState {state=PLAYING(3), position=0, buffered position=0, speed=1.0, updated=150621754, actions=823, custom actions=[], active item id=-1, error=null}
08-22 16:02:05.901 D/MediaSessionService(  695): onSessionPlaybackStateChanged: record=com.simba.player/MediaNotification/25 (userId=0) playbackState=PlaybackState {state=PLAYING(3), position=0, buffered position=0, speed=1.0, updated=150622772, actions=823, custom actions=[], active item id=-1, error=null}
08-22 16:02:06.915 D/MediaSessionService(  695): onSessionPlaybackStateChanged: record=com.simba.player/MediaNotification/25 (userId=0) playbackState=PlaybackState {state=PLAYING(3), position=0, buffered position=0, speed=1.0, updated=150623786, actions=823, custom actions=[], active item id=-1, error=null}
08-22 16:02:07.933 D/MediaSessionService(  695): onSessionPlaybackStateChanged: record=com.simba.player/MediaNotification/25 (userId=0) playbackState=PlaybackState {state=PLAYING(3), position=0, buffered position=0, speed=1.0, updated=150624804, actions=823, custom actions=[], active item id=-1, error=null}
08-22 16:02:08.948 D/MediaSessionService(  695): onSessionPlaybackStateChanged: record=com.simba.player/MediaNotification/25 (userId=0) playbackState=PlaybackState {state=PLAYING(3), position=0, buffered position=0, speed=1.0, updated=150625819, actions=823, custom actions=[], active item id=-1, error=null}
08-22 16:02:09.966 D/MediaSessionService(  695): onSessionPlaybackStateChanged: record=com.simba.player/MediaNotification/25 (userId=0) playbackState=PlaybackState {state=PLAYING(3), position=0, buffered position=0, speed=1.0, updated=150626837, actions=823, custom actions=[], active item id=-1, error=null}
08-22 16:02:10.979 D/MediaSessionService(  695): onSessionPlaybackStateChanged: record=com.simba.player/MediaNotification/25 (userId=0) playbackState=PlaybackState {state=PLAYING(3), position=0, buffered position=0, speed=1.0, updated=150627850, actions=823, custom actions=[], active item id=-1, error=null}
08-22 16:02:11.999 D/MediaSessionService(  695): onSessionPlaybackStateChanged: record=com.simba.player/MediaNotification/25 (userId=0) playbackState=PlaybackState {state=PLAYING(3), position=0, buffered position=0, speed=1.0, updated=150628870, actions=823, custom actions=[], active item id=-1, error=null}
08-22 16:02:12.876 I/NullBinder( 7937): NullBinder for android.net.action.RECOMMEND_NETWORKS triggering remote TransactionTooLargeException due to Service without Chimera impl, calling uid: 1000, calling pid: 0
08-22 16:02:12.966 I/system_server(  695): Background young concurrent mark compact GC freed 20MB AllocSpace bytes, 3(96KB) LOS objects, 36% free, 37MB/59MB, paused 1.643ms,64.397ms total 84.341ms
08-22 16:02:13.015 D/MediaSessionService(  695): onSessionPlaybackStateChanged: record=com.simba.player/MediaNotification/25 (userId=0) playbackState=PlaybackState {state=PLAYING(3), position=0, buffered position=0, speed=1.0, updated=150629886, actions=823, custom actions=[], active item id=-1, error=null}
08-22 16:02:14.031 D/MediaSessionService(  695): onSessionPlaybackStateChanged: record=com.simba.player/MediaNotification/25 (userId=0) playbackState=PlaybackState {state=PLAYING(3), position=0, buffered position=0, speed=1.0, updated=150630902, actions=823, custom actions=[], active item id=-1, error=null}
08-22 16:02:15.050 D/MediaSessionService(  695): onSessionPlaybackStateChanged: record=com.simba.player/MediaNotification/25 (userId=0) playbackState=PlaybackState {state=PLAYING(3), position=0, buffered position=0, speed=1.0, updated=150631921, actions=823, custom actions=[], active item id=-1, error=null}
08-22 16:02:15.884 I/NullBinder( 7937): NullBinder for android.net.action.RECOMMEND_NETWORKS triggering remote TransactionTooLargeException due to Service without Chimera impl, calling uid: 1000, calling pid: 0
08-22 16:02:16.066 D/MediaSessionService(  695): onSessionPlaybackStateChanged: record=com.simba.player/MediaNotification/25 (userId=0) playbackState=PlaybackState {state=PLAYING(3), position=0, buffered position=0, speed=1.0, updated=150632937, actions=823, custom actions=[], active item id=-1, error=null}
08-22 16:02:17.083 D/MediaSessionService(  695): onSessionPlaybackStateChanged: record=com.simba.player/MediaNotification/25 (userId=0) playbackState=PlaybackState {state=PLAYING(3), position=0, buffered position=0, speed=1.0, updated=150633954, actions=823, custom actions=[], active item id=-1, error=null}
08-22 16:02:18.099 D/MediaSessionService(  695): onSessionPlaybackStateChanged: record=com.simba.player/MediaNotification/25 (userId=0) playbackState=PlaybackState {state=PLAYING(3), position=0, buffered position=0, speed=1.0, updated=150634970, actions=823, custom actions=[], active item id=-1, error=null}
08-22 16:02:18.883 I/NullBinder( 7937): NullBinder for android.net.action.RECOMMEND_NETWORKS triggering remote TransactionTooLargeException due to Service without Chimera impl, calling uid: 1000, calling pid: 0
08-22 16:02:19.113 D/MediaSessionService(  695): onSessionPlaybackStateChanged: record=com.simba.player/MediaNotification/25 (userId=0) playbackState=PlaybackState {state=PLAYING(3), position=0, buffered position=0, speed=1.0, updated=150635984, actions=823, custom actions=[], active item id=-1, error=null}
08-22 16:02:20.129 D/MediaSessionService(  695): onSessionPlaybackStateChanged: record=com.simba.player/MediaNotification/25 (userId=0) playbackState=PlaybackState {state=PLAYING(3), position=0, buffered position=0, speed=1.0, updated=150637000, actions=823, custom actions=[], active item id=-1, error=null}
08-22 16:02:21.157 D/MediaSessionService(  695): onSessionPlaybackStateChanged: record=com.simba.player/MediaNotification/25 (userId=0) playbackState=PlaybackState {state=PLAYING(3), position=0, buffered position=0, speed=1.0, updated=150638027, actions=823, custom actions=[], active item id=-1, error=null}
08-22 16:02:21.903 I/NullBinder( 7937): NullBinder for android.net.action.RECOMMEND_NETWORKS triggering remote TransactionTooLargeException due to Service without Chimera impl, calling uid: 1000, calling pid: 0
08-22 16:02:22.165 D/MediaSessionService(  695): onSessionPlaybackStateChanged: record=com.simba.player/MediaNotification/25 (userId=0) playbackState=PlaybackState {state=PLAYING(3), position=0, buffered position=0, speed=1.0, updated=150639036, actions=823, custom actions=[], active item id=-1, error=null}
08-22 16:02:23.184 D/MediaSessionService(  695): onSessionPlaybackStateChanged: record=com.simba.player/MediaNotification/25 (userId=0) playbackState=PlaybackState {state=PLAYING(3), position=0, buffered position=0, speed=1.0, updated=150640055, actions=823, custom actions=[], active item id=-1, error=null}
08-22 16:02:24.205 D/MediaSessionService(  695): onSessionPlaybackStateChanged: record=com.simba.player/MediaNotification/25 (userId=0) playbackState=PlaybackState {state=PLAYING(3), position=0, buffered position=0, speed=1.0, updated=150641075, actions=823, custom actions=[], active item id=-1, error=null}
08-22 16:02:25.215 D/MediaSessionService(  695): onSessionPlaybackStateChanged: record=com.simba.player/MediaNotification/25 (userId=0) playbackState=PlaybackState {state=PLAYING(3), position=0, buffered position=0, speed=1.0, updated=150642086, actions=823, custom actions=[], active item id=-1, error=null}
08-22 16:02:26.239 D/MediaSessionService(  695): onSessionPlaybackStateChanged: record=com.simba.player/MediaNotification/25 (userId=0) playbackState=PlaybackState {state=PLAYING(3), position=0, buffered position=0, speed=1.0, updated=150643109, actions=823, custom actions=[], active item id=-1, error=null}
08-22 16:02:27.248 D/MediaSessionService(  695): onSessionPlaybackStateChanged: record=com.simba.player/MediaNotification/25 (userId=0) playbackState=PlaybackState {state=PLAYING(3), position=0, buffered position=0, speed=1.0, updated=150644119, actions=823, custom actions=[], active item id=-1, error=null}
08-22 16:02:28.272 D/MediaSessionService(  695): onSessionPlaybackStateChanged: record=com.simba.player/MediaNotification/25 (userId=0) playbackState=PlaybackState {state=PLAYING(3), position=0, buffered position=0, speed=1.0, updated=150645142, actions=823, custom actions=[], active item id=-1, error=null}
08-22 16:02:29.284 D/MediaSessionService(  695): onSessionPlaybackStateChanged: record=com.simba.player/MediaNotification/25 (userId=0) playbackState=PlaybackState {state=PLAYING(3), position=0, buffered position=0, speed=1.0, updated=150646156, actions=823, custom actions=[], active item id=-1, error=null}
08-22 16:02:30.302 D/MediaSessionService(  695): onSessionPlaybackStateChanged: record=com.simba.player/MediaNotification/25 (userId=0) playbackState=PlaybackState {state=PLAYING(3), position=0, buffered position=0, speed=1.0, updated=150647173, actions=823, custom actions=[], active item id=-1, error=null}
08-22 16:02:31.317 D/MediaSessionService(  695): onSessionPlaybackStateChanged: record=com.simba.player/MediaNotification/25 (userId=0) playbackState=PlaybackState {state=PLAYING(3), position=0, buffered position=0, speed=1.0, updated=150648188, actions=823, custom actions=[], active item id=-1, error=null}
08-22 16:02:32.332 D/MediaSessionService(  695): onSessionPlaybackStateChanged: record=com.simba.player/MediaNotification/25 (userId=0) playbackState=PlaybackState {state=PLAYING(3), position=0, buffered position=0, speed=1.0, updated=150649203, actions=823, custom actions=[], active item id=-1, error=null}
08-22 16:02:33.407 D/MediaSessionService(  695): onSessionPlaybackStateChanged: record=com.simba.player/MediaNotification/25 (userId=0) playbackState=PlaybackState {state=PLAYING(3), position=0, buffered position=0, speed=1.0, updated=150650278, actions=823, custom actions=[], active item id=-1, error=null}
08-22 16:02:33.913 I/NullBinder( 7937): NullBinder for android.net.action.RECOMMEND_NETWORKS triggering remote TransactionTooLargeException due to Service without Chimera impl, calling uid: 1000, calling pid: 0
08-22 16:02:34.365 D/MediaSessionService(  695): onSessionPlaybackStateChanged: record=com.simba.player/MediaNotification/25 (userId=0) playbackState=PlaybackState {state=PLAYING(3), position=0, buffered position=0, speed=1.0, updated=150651235, actions=823, custom actions=[], active item id=-1, error=null}
08-22 16:02:35.386 D/MediaSessionService(  695): onSessionPlaybackStateChanged: record=com.simba.player/MediaNotification/25 (userId=0) playbackState=PlaybackState {state=PLAYING(3), position=0, buffered position=0, speed=1.0, updated=150652257, actions=823, custom actions=[], active item id=-1, error=null}
08-22 16:02:36.398 D/MediaSessionService(  695): onSessionPlaybackStateChanged: record=com.simba.player/MediaNotification/25 (userId=0) playbackState=PlaybackState {state=PLAYING(3), position=0, buffered position=0, speed=1.0, updated=150653269, actions=823, custom actions=[], active item id=-1, error=null}
08-22 16:02:37.415 D/MediaSessionService(  695): onSessionPlaybackStateChanged: record=com.simba.player/MediaNotification/25 (userId=0) playbackState=PlaybackState {state=PLAYING(3), position=0, buffered position=0, speed=1.0, updated=150654286, actions=823, custom actions=[], active item id=-1, error=null}
08-22 16:02:38.433 D/MediaSessionService(  695): onSessionPlaybackStateChanged: record=com.simba.player/MediaNotification/25 (userId=0) playbackState=PlaybackState {state=PLAYING(3), position=0, buffered position=0, speed=1.0, updated=150655304, actions=823, custom actions=[], active item id=-1, error=null}
08-22 16:02:39.452 D/MediaSessionService(  695): onSessionPlaybackStateChanged: record=com.simba.player/MediaNotification/25 (userId=0) playbackState=PlaybackState {state=PLAYING(3), position=0, buffered position=0, speed=1.0, updated=150656323, actions=823, custom actions=[], active item id=-1, error=null}
08-22 16:02:39.930 I/NullBinder( 7937): NullBinder for android.net.action.RECOMMEND_NETWORKS triggering remote TransactionTooLargeException due to Service without Chimera impl, calling uid: 1000, calling pid: 0
08-22 16:02:40.469 D/MediaSessionService(  695): onSessionPlaybackStateChanged: record=com.simba.player/MediaNotification/25 (userId=0) playbackState=PlaybackState {state=PLAYING(3), position=0, buffered position=0, speed=1.0, updated=150657339, actions=823, custom actions=[], active item id=-1, error=null}
08-22 16:02:41.482 D/MediaSessionService(  695): onSessionPlaybackStateChanged: record=com.simba.player/MediaNotification/25 (userId=0) playbackState=PlaybackState {state=PLAYING(3), position=0, buffered position=0, speed=1.0, updated=150658353, actions=823, custom actions=[], active item id=-1, error=null}
08-22 16:02:42.504 D/MediaSessionService(  695): onSessionPlaybackStateChanged: record=com.simba.player/MediaNotification/25 (userId=0) playbackState=PlaybackState {state=PLAYING(3), position=0, buffered position=0, speed=1.0, updated=150659375, actions=823, custom actions=[], active item id=-1, error=null}
08-22 16:02:43.526 D/MediaSessionService(  695): onSessionPlaybackStateChanged: record=com.simba.player/MediaNotification/25 (userId=0) playbackState=PlaybackState {state=PLAYING(3), position=0, buffered position=0, speed=1.0, updated=150660397, actions=823, custom actions=[], active item id=-1, error=null}
08-22 16:02:44.549 D/MediaSessionService(  695): onSessionPlaybackStateChanged: record=com.simba.player/MediaNotification/25 (userId=0) playbackState=PlaybackState {state=PLAYING(3), position=0, buffered position=0, speed=1.0, updated=150661420, actions=823, custom actions=[], active item id=-1, error=null}
08-22 16:02:45.551 D/MediaSessionService(  695): onSessionPlaybackStateChanged: record=com.simba.player/MediaNotification/25 (userId=0) playbackState=PlaybackState {state=PLAYING(3), position=0, buffered position=0, speed=1.0, updated=150662422, actions=823, custom actions=[], active item id=-1, error=null}
08-22 16:02:46.568 D/MediaSessionService(  695): onSessionPlaybackStateChanged: record=com.simba.player/MediaNotification/25 (userId=0) playbackState=PlaybackState {state=PLAYING(3), position=0, buffered position=0, speed=1.0, updated=150663440, actions=823, custom actions=[], active item id=-1, error=null}
08-22 16:02:47.581 D/MediaSessionService(  695): onSessionPlaybackStateChanged: record=com.simba.player/MediaNotification/25 (userId=0) playbackState=PlaybackState {state=PLAYING(3), position=0, buffered position=0, speed=1.0, updated=150664453, actions=823, custom actions=[], active item id=-1, error=null}
08-22 16:02:48.600 D/MediaSessionService(  695): onSessionPlaybackStateChanged: record=com.simba.player/MediaNotification/25 (userId=0) playbackState=PlaybackState {state=PLAYING(3), position=0, buffered position=0, speed=1.0, updated=150665471, actions=823, custom actions=[], active item id=-1, error=null}
08-22 16:02:48.915 I/system_server(  695): Background young concurrent mark compact GC freed 21MB AllocSpace bytes, 4(128KB) LOS objects, 36% free, 38MB/59MB, paused 2.103ms,40.820ms total 61.244ms
08-22 16:02:49.617 D/MediaSessionService(  695): onSessionPlaybackStateChanged: record=com.simba.player/MediaNotification/25 (userId=0) playbackState=PlaybackState {state=PLAYING(3), position=0, buffered position=0, speed=1.0, updated=150666488, actions=823, custom actions=[], active item id=-1, error=null}
08-22 16:02:50.635 D/MediaSessionService(  695): onSessionPlaybackStateChanged: record=com.simba.player/MediaNotification/25 (userId=0) playbackState=PlaybackState {state=PLAYING(3), position=0, buffered position=0, speed=1.0, updated=150667505, actions=823, custom actions=[], active item id=-1, error=null}
08-22 16:02:51.649 D/MediaSessionService(  695): onSessionPlaybackStateChanged: record=com.simba.player/MediaNotification/25 (userId=0) playbackState=PlaybackState {state=PLAYING(3), position=0, buffered position=0, speed=1.0, updated=150668520, actions=823, custom actions=[], active item id=-1, error=null}
08-22 16:02:52.683 D/MediaSessionService(  695): onSessionPlaybackStateChanged: record=com.simba.player/MediaNotification/25 (userId=0) playbackState=PlaybackState {state=PLAYING(3), position=0, buffered position=0, speed=1.0, updated=150669554, actions=823, custom actions=[], active item id=-1, error=null}
08-22 16:02:53.679 D/MediaSessionService(  695): onSessionPlaybackStateChanged: record=com.simba.player/MediaNotification/25 (userId=0) playbackState=PlaybackState {state=PLAYING(3), position=0, buffered position=0, speed=1.0, updated=150670551, actions=823, custom actions=[], active item id=-1, error=null}
08-22 16:02:54.700 D/MediaSessionService(  695): onSessionPlaybackStateChanged: record=com.simba.player/MediaNotification/25 (userId=0) playbackState=PlaybackState {state=PLAYING(3), position=0, buffered position=0, speed=1.0, updated=150671570, actions=823, custom actions=[], active item id=-1, error=null}
08-22 16:02:54.958 I/NullBinder( 7937): NullBinder for android.net.action.RECOMMEND_NETWORKS triggering remote TransactionTooLargeException due to Service without Chimera impl, calling uid: 1000, calling pid: 0
08-22 16:02:55.721 D/MediaSessionService(  695): onSessionPlaybackStateChanged: record=com.simba.player/MediaNotification/25 (userId=0) playbackState=PlaybackState {state=PLAYING(3), position=0, buffered position=0, speed=1.0, updated=150672591, actions=823, custom actions=[], active item id=-1, error=null}
08-22 16:02:56.733 D/MediaSessionService(  695): onSessionPlaybackStateChanged: record=com.simba.player/MediaNotification/25 (userId=0) playbackState=PlaybackState {state=PLAYING(3), position=0, buffered position=0, speed=1.0, updated=150673604, actions=823, custom actions=[], active item id=-1, error=null}
08-22 16:02:57.748 D/MediaSessionService(  695): onSessionPlaybackStateChanged: record=com.simba.player/MediaNotification/25 (userId=0) playbackState=PlaybackState {state=PLAYING(3), position=0, buffered position=0, speed=1.0, updated=150674619, actions=823, custom actions=[], active item id=-1, error=null}
08-22 16:02:58.767 D/MediaSessionService(  695): onSessionPlaybackStateChanged: record=com.simba.player/MediaNotification/25 (userId=0) playbackState=PlaybackState {state=PLAYING(3), position=0, buffered position=0, speed=1.0, updated=150675638, actions=823, custom actions=[], active item id=-1, error=null}
08-22 16:02:59.783 D/MediaSessionService(  695): onSessionPlaybackStateChanged: record=com.simba.player/MediaNotification/25 (userId=0) playbackState=PlaybackState {state=PLAYING(3), position=0, buffered position=0, speed=1.0, updated=150676654, actions=823, custom actions=[], active item id=-1, error=null}
08-22 16:03:00.800 D/MediaSessionService(  695): onSessionPlaybackStateChanged: record=com.simba.player/MediaNotification/25 (userId=0) playbackState=PlaybackState {state=PLAYING(3), position=0, buffered position=0, speed=1.0, updated=150677671, actions=823, custom actions=[], active item id=-1, error=null}
08-22 16:03:01.816 D/MediaSessionService(  695): onSessionPlaybackStateChanged: record=com.simba.player/MediaNotification/25 (userId=0) playbackState=PlaybackState {state=PLAYING(3), position=0, buffered position=0, speed=1.0, updated=150678687, actions=823, custom actions=[], active item id=-1, error=null}
08-22 16:03:02.832 D/MediaSessionService(  695): onSessionPlaybackStateChanged: record=com.simba.player/MediaNotification/25 (userId=0) playbackState=PlaybackState {state=PLAYING(3), position=0, buffered position=0, speed=1.0, updated=150679703, actions=823, custom actions=[], active item id=-1, error=null}
08-22 16:03:03.866 D/MediaSessionService(  695): onSessionPlaybackStateChanged: record=com.simba.player/MediaNotification/25 (userId=0) playbackState=PlaybackState {state=PLAYING(3), position=0, buffered position=0, speed=1.0, updated=150680737, actions=823, custom actions=[], active item id=-1, error=null}
08-22 16:03:03.978 I/NullBinder( 7937): NullBinder for android.net.action.RECOMMEND_NETWORKS triggering remote TransactionTooLargeException due to Service without Chimera impl, calling uid: 1000, calling pid: 0
08-22 16:03:04.869 D/MediaSessionService(  695): onSessionPlaybackStateChanged: record=com.simba.player/MediaNotification/25 (userId=0) playbackState=PlaybackState {state=PLAYING(3), position=0, buffered position=0, speed=1.0, updated=150681740, actions=823, custom actions=[], active item id=-1, error=null}
08-22 16:03:05.881 D/MediaSessionService(  695): onSessionPlaybackStateChanged: record=com.simba.player/MediaNotification/25 (userId=0) playbackState=PlaybackState {state=PLAYING(3), position=0, buffered position=0, speed=1.0, updated=150682752, actions=823, custom actions=[], active item id=-1, error=null}
08-22 16:03:06.899 D/MediaSessionService(  695): onSessionPlaybackStateChanged: record=com.simba.player/MediaNotification/25 (userId=0) playbackState=PlaybackState {state=PLAYING(3), position=0, buffered position=0, speed=1.0, updated=150683771, actions=823, custom actions=[], active item id=-1, error=null}
08-22 16:03:07.916 D/MediaSessionService(  695): onSessionPlaybackStateChanged: record=com.simba.player/MediaNotification/25 (userId=0) playbackState=PlaybackState {state=PLAYING(3), position=0, buffered position=0, speed=1.0, updated=150684787, actions=823, custom actions=[], active item id=-1, error=null}
08-22 16:03:08.934 D/MediaSessionService(  695): onSessionPlaybackStateChanged: record=com.simba.player/MediaNotification/25 (userId=0) playbackState=PlaybackState {state=PLAYING(3), position=0, buffered position=0, speed=1.0, updated=150685805, actions=823, custom actions=[], active item id=-1, error=null}
08-22 16:03:09.951 D/MediaSessionService(  695): onSessionPlaybackStateChanged: record=com.simba.player/MediaNotification/25 (userId=0) playbackState=PlaybackState {state=PLAYING(3), position=0, buffered position=0, speed=1.0, updated=150686822, actions=823, custom actions=[], active item id=-1, error=null}
08-22 16:03:10.973 D/MediaSessionService(  695): onSessionPlaybackStateChanged: record=com.simba.player/MediaNotification/25 (userId=0) playbackState=PlaybackState {state=PLAYING(3), position=0, buffered position=0, speed=1.0, updated=150687844, actions=823, custom actions=[], active item id=-1, error=null}
08-22 16:03:11.985 D/MediaSessionService(  695): onSessionPlaybackStateChanged: record=com.simba.player/MediaNotification/25 (userId=0) playbackState=PlaybackState {state=PLAYING(3), position=0, buffered position=0, speed=1.0, updated=150688856, actions=823, custom actions=[], active item id=-1, error=null}
08-22 16:03:13.001 D/MediaSessionService(  695): onSessionPlaybackStateChanged: record=com.simba.player/MediaNotification/25 (userId=0) playbackState=PlaybackState {state=PLAYING(3), position=0, buffered position=0, speed=1.0, updated=150689872, actions=823, custom actions=[], active item id=-1, error=null}
08-22 16:03:14.033 D/MediaSessionService(  695): onSessionPlaybackStateChanged: record=com.simba.player/MediaNotification/25 (userId=0) playbackState=PlaybackState {state=PLAYING(3), position=0, buffered position=0, speed=1.0, updated=150690904, actions=823, custom actions=[], active item id=-1, error=null}
08-22 16:03:15.033 D/MediaSessionService(  695): onSessionPlaybackStateChanged: record=com.simba.player/MediaNotification/25 (userId=0) playbackState=PlaybackState {state=PLAYING(3), position=0, buffered position=0, speed=1.0, updated=150691904, actions=823, custom actions=[], active item id=-1, error=null}
08-22 16:03:16.003 I/NullBinder( 7937): NullBinder for android.net.action.RECOMMEND_NETWORKS triggering remote TransactionTooLargeException due to Service without Chimera impl, calling uid: 1000, calling pid: 0
08-22 16:03:16.068 D/MediaSessionService(  695): onSessionPlaybackStateChanged: record=com.simba.player/MediaNotification/25 (userId=0) playbackState=PlaybackState {state=PLAYING(3), position=0, buffered position=0, speed=1.0, updated=150692939, actions=823, custom actions=[], active item id=-1, error=null}
08-22 16:03:17.066 D/MediaSessionService(  695): onSessionPlaybackStateChanged: record=com.simba.player/MediaNotification/25 (userId=0) playbackState=PlaybackState {state=PLAYING(3), position=0, buffered position=0, speed=1.0, updated=150693938, actions=823, custom actions=[], active item id=-1, error=null}
08-22 16:03:18.084 D/MediaSessionService(  695): onSessionPlaybackStateChanged: record=com.simba.player/MediaNotification/25 (userId=0) playbackState=PlaybackState {state=PLAYING(3), position=0, buffered position=0, speed=1.0, updated=150694955, actions=823, custom actions=[], active item id=-1, error=null}
08-22 16:03:19.011 I/NullBinder( 7937): NullBinder for android.net.action.RECOMMEND_NETWORKS triggering remote TransactionTooLargeException due to Service without Chimera impl, calling uid: 1000, calling pid: 0
08-22 16:03:19.104 D/MediaSessionService(  695): onSessionPlaybackStateChanged: record=com.simba.player/MediaNotification/25 (userId=0) playbackState=PlaybackState {state=PLAYING(3), position=0, buffered position=0, speed=1.0, updated=150695975, actions=823, custom actions=[], active item id=-1, error=null}
08-22 16:03:20.117 D/MediaSessionService(  695): onSessionPlaybackStateChanged: record=com.simba.player/MediaNotification/25 (userId=0) playbackState=PlaybackState {state=PLAYING(3), position=0, buffered position=0, speed=1.0, updated=150696988, actions=823, custom actions=[], active item id=-1, error=null}
08-22 16:03:21.135 D/MediaSessionService(  695): onSessionPlaybackStateChanged: record=com.simba.player/MediaNotification/25 (userId=0) playbackState=PlaybackState {state=PLAYING(3), position=0, buffered position=0, speed=1.0, updated=150698006, actions=823, custom actions=[], active item id=-1, error=null}
08-22 16:03:22.013 I/NullBinder( 7937): NullBinder for android.net.action.RECOMMEND_NETWORKS triggering remote TransactionTooLargeException due to Service without Chimera impl, calling uid: 1000, calling pid: 0
08-22 16:03:22.149 D/MediaSessionService(  695): onSessionPlaybackStateChanged: record=com.simba.player/MediaNotification/25 (userId=0) playbackState=PlaybackState {state=PLAYING(3), position=0, buffered position=0, speed=1.0, updated=150699020, actions=823, custom actions=[], active item id=-1, error=null}
08-22 16:03:23.166 D/MediaSessionService(  695): onSessionPlaybackStateChanged: record=com.simba.player/MediaNotification/25 (userId=0) playbackState=PlaybackState {state=PLAYING(3), position=0, buffered position=0, speed=1.0, updated=150700037, actions=823, custom actions=[], active item id=-1, error=null}
08-22 16:03:23.514 I/system_server(  695): Background young concurrent mark compact GC freed 22MB AllocSpace bytes, 3(96KB) LOS objects, 36% free, 38MB/59MB, paused 2.154ms,45.909ms total 87.405ms
08-22 16:03:24.187 D/MediaSessionService(  695): onSessionPlaybackStateChanged: record=com.simba.player/MediaNotification/25 (userId=0) playbackState=PlaybackState {state=PLAYING(3), position=0, buffered position=0, speed=1.0, updated=150701058, actions=823, custom actions=[], active item id=-1, error=null}
08-22 16:03:25.199 D/MediaSessionService(  695): onSessionPlaybackStateChanged: record=com.simba.player/MediaNotification/25 (userId=0) playbackState=PlaybackState {state=PLAYING(3), position=0, buffered position=0, speed=1.0, updated=150702070, actions=823, custom actions=[], active item id=-1, error=null}
08-22 16:03:26.216 D/MediaSessionService(  695): onSessionPlaybackStateChanged: record=com.simba.player/MediaNotification/25 (userId=0) playbackState=PlaybackState {state=PLAYING(3), position=0, buffered position=0, speed=1.0, updated=150703087, actions=823, custom actions=[], active item id=-1, error=null}
08-22 16:03:27.234 D/MediaSessionService(  695): onSessionPlaybackStateChanged: record=com.simba.player/MediaNotification/25 (userId=0) playbackState=PlaybackState {state=PLAYING(3), position=0, buffered position=0, speed=1.0, updated=150704105, actions=823, custom actions=[], active item id=-1, error=null}
08-22 16:03:28.030 I/NullBinder( 7937): NullBinder for android.net.action.RECOMMEND_NETWORKS triggering remote TransactionTooLargeException due to Service without Chimera impl, calling uid: 1000, calling pid: 0
08-22 16:03:28.252 D/MediaSessionService(  695): onSessionPlaybackStateChanged: record=com.simba.player/MediaNotification/25 (userId=0) playbackState=PlaybackState {state=PLAYING(3), position=0, buffered position=0, speed=1.0, updated=150705123, actions=823, custom actions=[], active item id=-1, error=null}
08-22 16:03:29.268 D/MediaSessionService(  695): onSessionPlaybackStateChanged: record=com.simba.player/MediaNotification/25 (userId=0) playbackState=PlaybackState {state=PLAYING(3), position=0, buffered position=0, speed=1.0, updated=150706139, actions=823, custom actions=[], active item id=-1, error=null}
08-22 16:03:29.319 I/om.simba.player(21702): Background young concurrent mark compact GC freed 17MB AllocSpace bytes, 2(192KB) LOS objects, 45% free, 21MB/38MB, paused 1.552ms,29.717ms total 60.938ms
08-22 16:03:30.282 D/MediaSessionService(  695): onSessionPlaybackStateChanged: record=com.simba.player/MediaNotification/25 (userId=0) playbackState=PlaybackState {state=PLAYING(3), position=0, buffered position=0, speed=1.0, updated=150707153, actions=823, custom actions=[], active item id=-1, error=null}
08-22 16:03:31.301 D/MediaSessionService(  695): onSessionPlaybackStateChanged: record=com.simba.player/MediaNotification/25 (userId=0) playbackState=PlaybackState {state=PLAYING(3), position=0, buffered position=0, speed=1.0, updated=150708172, actions=823, custom actions=[], active item id=-1, error=null}
08-22 16:03:32.317 D/MediaSessionService(  695): onSessionPlaybackStateChanged: record=com.simba.player/MediaNotification/25 (userId=0) playbackState=PlaybackState {state=PLAYING(3), position=0, buffered position=0, speed=1.0, updated=150709188, actions=823, custom actions=[], active item id=-1, error=null}
08-22 16:03:33.361 D/MediaSessionService(  695): onSessionPlaybackStateChanged: record=com.simba.player/MediaNotification/25 (userId=0) playbackState=PlaybackState {state=PLAYING(3), position=0, buffered position=0, speed=1.0, updated=150710233, actions=823, custom actions=[], active item id=-1, error=null}
08-22 16:03:34.042 I/NullBinder( 7937): NullBinder for android.net.action.RECOMMEND_NETWORKS triggering remote TransactionTooLargeException due to Service without Chimera impl, calling uid: 1000, calling pid: 0
08-22 16:03:34.369 D/MediaSessionService(  695): onSessionPlaybackStateChanged: record=com.simba.player/MediaNotification/25 (userId=0) playbackState=PlaybackState {state=PLAYING(3), position=0, buffered position=0, speed=1.0, updated=150711240, actions=823, custom actions=[], active item id=-1, error=null}
08-22 16:03:35.366 D/MediaSessionService(  695): onSessionPlaybackStateChanged: record=com.simba.player/MediaNotification/25 (userId=0) playbackState=PlaybackState {state=PLAYING(3), position=0, buffered position=0, speed=1.0, updated=150712238, actions=823, custom actions=[], active item id=-1, error=null}
08-22 16:03:36.382 D/MediaSessionService(  695): onSessionPlaybackStateChanged: record=com.simba.player/MediaNotification/25 (userId=0) playbackState=PlaybackState {state=PLAYING(3), position=0, buffered position=0, speed=1.0, updated=150713253, actions=823, custom actions=[], active item id=-1, error=null}
08-22 16:03:37.047 I/NullBinder( 7937): NullBinder for android.net.action.RECOMMEND_NETWORKS triggering remote TransactionTooLargeException due to Service without Chimera impl, calling uid: 1000, calling pid: 0
08-22 16:03:37.399 D/MediaSessionService(  695): onSessionPlaybackStateChanged: record=com.simba.player/MediaNotification/25 (userId=0) playbackState=PlaybackState {state=PLAYING(3), position=0, buffered position=0, speed=1.0, updated=150714270, actions=823, custom actions=[], active item id=-1, error=null}
08-22 16:03:38.417 D/MediaSessionService(  695): onSessionPlaybackStateChanged: record=com.simba.player/MediaNotification/25 (userId=0) playbackState=PlaybackState {state=PLAYING(3), position=0, buffered position=0, speed=1.0, updated=150715288, actions=823, custom actions=[], active item id=-1, error=null}
08-22 16:03:39.432 D/MediaSessionService(  695): onSessionPlaybackStateChanged: record=com.simba.player/MediaNotification/25 (userId=0) playbackState=PlaybackState {state=PLAYING(3), position=0, buffered position=0, speed=1.0, updated=150716304, actions=823, custom actions=[], active item id=-1, error=null}
08-22 16:03:40.453 D/MediaSessionService(  695): onSessionPlaybackStateChanged: record=com.simba.player/MediaNotification/25 (userId=0) playbackState=PlaybackState {state=PLAYING(3), position=0, buffered position=0, speed=1.0, updated=150717324, actions=823, custom actions=[], active item id=-1, error=null}
08-22 16:03:41.466 D/MediaSessionService(  695): onSessionPlaybackStateChanged: record=com.simba.player/MediaNotification/25 (userId=0) playbackState=PlaybackState {state=PLAYING(3), position=0, buffered position=0, speed=1.0, updated=150718337, actions=823, custom actions=[], active item id=-1, error=null}
08-22 16:03:42.482 D/MediaSessionService(  695): onSessionPlaybackStateChanged: record=com.simba.player/MediaNotification/25 (userId=0) playbackState=PlaybackState {state=PLAYING(3), position=0, buffered position=0, speed=1.0, updated=150719353, actions=823, custom actions=[], active item id=-1, error=null}
08-22 16:03:43.063 I/NullBinder( 7937): NullBinder for android.net.action.RECOMMEND_NETWORKS triggering remote TransactionTooLargeException due to Service without Chimera impl, calling uid: 1000, calling pid: 0
08-22 16:03:43.507 D/MediaSessionService(  695): onSessionPlaybackStateChanged: record=com.simba.player/MediaNotification/25 (userId=0) playbackState=PlaybackState {state=PLAYING(3), position=0, buffered position=0, speed=1.0, updated=150720378, actions=823, custom actions=[], active item id=-1, error=null}
08-22 16:03:44.515 D/MediaSessionService(  695): onSessionPlaybackStateChanged: record=com.simba.player/MediaNotification/25 (userId=0) playbackState=PlaybackState {state=PLAYING(3), position=0, buffered position=0, speed=1.0, updated=150721386, actions=823, custom actions=[], active item id=-1, error=null}
08-22 16:03:45.536 D/MediaSessionService(  695): onSessionPlaybackStateChanged: record=com.simba.player/MediaNotification/25 (userId=0) playbackState=PlaybackState {state=PLAYING(3), position=0, buffered position=0, speed=1.0, updated=150722407, actions=823, custom actions=[], active item id=-1, error=null}
08-22 16:03:46.553 D/MediaSessionService(  695): onSessionPlaybackStateChanged: record=com.simba.player/MediaNotification/25 (userId=0) playbackState=PlaybackState {state=PLAYING(3), position=0, buffered position=0, speed=1.0, updated=150723423, actions=823, custom actions=[], active item id=-1, error=null}
08-22 16:03:47.566 D/MediaSessionService(  695): onSessionPlaybackStateChanged: record=com.simba.player/MediaNotification/25 (userId=0) playbackState=PlaybackState {state=PLAYING(3), position=0, buffered position=0, speed=1.0, updated=150724437, actions=823, custom actions=[], active item id=-1, error=null}
08-22 16:03:48.581 D/MediaSessionService(  695): onSessionPlaybackStateChanged: record=com.simba.player/MediaNotification/25 (userId=0) playbackState=PlaybackState {state=PLAYING(3), position=0, buffered position=0, speed=1.0, updated=150725452, actions=823, custom actions=[], active item id=-1, error=null}
08-22 16:03:48.827 I/Nl80211Proxy(  695): Received NLMSG_ERROR with error 0 for message GenericNetlinkMsg{ nlHeader{StructNlMsgHdr{ nlmsg_len{56}, nlmsg_type{30()}, nlmsg_flags{5(NLM_F_REQUEST|NLM_F_ACK)}, nlmsg_seq{2952}, nlmsg_pid{0} }}, genNlHeader{StructGenNlMsgHdr{ command{33}, version{1}, reserved{0} }}, attributes{[StructNlAttr{ nla_len{8}, nla_type{-32723}, nla_value{04000000}, }, StructNlAttr{ nla_len{8}, nla_type{3}, nla_value{10000000}, }, StructNlAttr{ nla_len{12}, nla_type{-32724}, nla_value{080000008F090000}, }, StructNlAttr{ nla_len{8}, nla_type{158}, nla_value{00000000}, }]} }
08-22 16:03:49.601 D/MediaSessionService(  695): onSessionPlaybackStateChanged: record=com.simba.player/MediaNotification/25 (userId=0) playbackState=PlaybackState {state=PLAYING(3), position=0, buffered position=0, speed=1.0, updated=150726473, actions=823, custom actions=[], active item id=-1, error=null}
08-22 16:03:50.618 D/MediaSessionService(  695): onSessionPlaybackStateChanged: record=com.simba.player/MediaNotification/25 (userId=0) playbackState=PlaybackState {state=PLAYING(3), position=0, buffered position=0, speed=1.0, updated=150727489, actions=823, custom actions=[], active item id=-1, error=null}
08-22 16:03:51.634 D/MediaSessionService(  695): onSessionPlaybackStateChanged: record=com.simba.player/MediaNotification/25 (userId=0) playbackState=PlaybackState {state=PLAYING(3), position=0, buffered position=0, speed=1.0, updated=150728505, actions=823, custom actions=[], active item id=-1, error=null}
08-22 16:03:52.078 I/NullBinder( 7937): NullBinder for android.net.action.RECOMMEND_NETWORKS triggering remote TransactionTooLargeException due to Service without Chimera impl, calling uid: 1000, calling pid: 0
08-22 16:03:52.650 D/MediaSessionService(  695): onSessionPlaybackStateChanged: record=com.simba.player/MediaNotification/25 (userId=0) playbackState=PlaybackState {state=PLAYING(3), position=0, buffered position=0, speed=1.0, updated=150729521, actions=823, custom actions=[], active item id=-1, error=null}
08-22 16:03:53.664 D/MediaSessionService(  695): onSessionPlaybackStateChanged: record=com.simba.player/MediaNotification/25 (userId=0) playbackState=PlaybackState {state=PLAYING(3), position=0, buffered position=0, speed=1.0, updated=150730535, actions=823, custom actions=[], active item id=-1, error=null}
08-22 16:03:54.684 D/MediaSessionService(  695): onSessionPlaybackStateChanged: record=com.simba.player/MediaNotification/25 (userId=0) playbackState=PlaybackState {state=PLAYING(3), position=0, buffered position=0, speed=1.0, updated=150731555, actions=823, custom actions=[], active item id=-1, error=null}
08-22 16:03:55.086 I/NullBinder( 7937): NullBinder for android.net.action.RECOMMEND_NETWORKS triggering remote TransactionTooLargeException due to Service without Chimera impl, calling uid: 1000, calling pid: 0
08-22 16:03:55.698 D/MediaSessionService(  695): onSessionPlaybackStateChanged: record=com.simba.player/MediaNotification/25 (userId=0) playbackState=PlaybackState {state=PLAYING(3), position=0, buffered position=0, speed=1.0, updated=150732569, actions=823, custom actions=[], active item id=-1, error=null}
08-22 16:03:56.716 D/MediaSessionService(  695): onSessionPlaybackStateChanged: record=com.simba.player/MediaNotification/25 (userId=0) playbackState=PlaybackState {state=PLAYING(3), position=0, buffered position=0, speed=1.0, updated=150733587, actions=823, custom actions=[], active item id=-1, error=null}
08-22 16:03:57.734 D/MediaSessionService(  695): onSessionPlaybackStateChanged: record=com.simba.player/MediaNotification/25 (userId=0) playbackState=PlaybackState {state=PLAYING(3), position=0, buffered position=0, speed=1.0, updated=150734605, actions=823, custom actions=[], active item id=-1, error=null}
08-22 16:03:58.748 D/MediaSessionService(  695): onSessionPlaybackStateChanged: record=com.simba.player/MediaNotification/25 (userId=0) playbackState=PlaybackState {state=PLAYING(3), position=0, buffered position=0, speed=1.0, updated=150735619, actions=823, custom actions=[], active item id=-1, error=null}
08-22 16:03:59.766 D/MediaSessionService(  695): onSessionPlaybackStateChanged: record=com.simba.player/MediaNotification/25 (userId=0) playbackState=PlaybackState {state=PLAYING(3), position=0, buffered position=0, speed=1.0, updated=150736637, actions=823, custom actions=[], active item id=-1, error=null}
08-22 16:04:00.783 D/MediaSessionService(  695): onSessionPlaybackStateChanged: record=com.simba.player/MediaNotification/25 (userId=0) playbackState=PlaybackState {state=PLAYING(3), position=0, buffered position=0, speed=1.0, updated=150737654, actions=823, custom actions=[], active item id=-1, error=null}
08-22 16:04:01.799 D/MediaSessionService(  695): onSessionPlaybackStateChanged: record=com.simba.player/MediaNotification/25 (userId=0) playbackState=PlaybackState {state=PLAYING(3), position=0, buffered position=0, speed=1.0, updated=150738670, actions=823, custom actions=[], active item id=-1, error=null}
08-22 16:04:02.817 D/MediaSessionService(  695): onSessionPlaybackStateChanged: record=com.simba.player/MediaNotification/25 (userId=0) playbackState=PlaybackState {state=PLAYING(3), position=0, buffered position=0, speed=1.0, updated=150739688, actions=823, custom actions=[], active item id=-1, error=null}
08-22 16:04:03.519 I/system_server(  695): Background young concurrent mark compact GC freed 21MB AllocSpace bytes, 3(96KB) LOS objects, 35% free, 38MB/59MB, paused 8.063ms,48.576ms total 98.096ms
08-22 16:04:03.835 D/MediaSessionService(  695): onSessionPlaybackStateChanged: record=com.simba.player/MediaNotification/25 (userId=0) playbackState=PlaybackState {state=PLAYING(3), position=0, buffered position=0, speed=1.0, updated=150740706, actions=823, custom actions=[], active item id=-1, error=null}
08-22 16:04:04.857 D/MediaSessionService(  695): onSessionPlaybackStateChanged: record=com.simba.player/MediaNotification/25 (userId=0) playbackState=PlaybackState {state=PLAYING(3), position=0, buffered position=0, speed=1.0, updated=150741728, actions=823, custom actions=[], active item id=-1, error=null}
08-22 16:04:05.867 D/MediaSessionService(  695): onSessionPlaybackStateChanged: record=com.simba.player/MediaNotification/25 (userId=0) playbackState=PlaybackState {state=PLAYING(3), position=0, buffered position=0, speed=1.0, updated=150742738, actions=823, custom actions=[], active item id=-1, error=null}
08-22 16:04:06.881 D/MediaSessionService(  695): onSessionPlaybackStateChanged: record=com.simba.player/MediaNotification/25 (userId=0) playbackState=PlaybackState {state=PLAYING(3), position=0, buffered position=0, speed=1.0, updated=150743752, actions=823, custom actions=[], active item id=-1, error=null}
08-22 16:04:07.111 I/NullBinder( 7937): NullBinder for android.net.action.RECOMMEND_NETWORKS triggering remote TransactionTooLargeException due to Service without Chimera impl, calling uid: 1000, calling pid: 0
08-22 16:04:07.900 D/MediaSessionService(  695): onSessionPlaybackStateChanged: record=com.simba.player/MediaNotification/25 (userId=0) playbackState=PlaybackState {state=PLAYING(3), position=0, buffered position=0, speed=1.0, updated=150744771, actions=823, custom actions=[], active item id=-1, error=null}
08-22 16:04:08.917 D/MediaSessionService(  695): onSessionPlaybackStateChanged: record=com.simba.player/MediaNotification/25 (userId=0) playbackState=PlaybackState {state=PLAYING(3), position=0, buffered position=0, speed=1.0, updated=150745788, actions=823, custom actions=[], active item id=-1, error=null}
08-22 16:04:09.934 D/MediaSessionService(  695): onSessionPlaybackStateChanged: record=com.simba.player/MediaNotification/25 (userId=0) playbackState=PlaybackState {state=PLAYING(3), position=0, buffered position=0, speed=1.0, updated=150746805, actions=823, custom actions=[], active item id=-1, error=null}
08-22 16:04:10.949 D/MediaSessionService(  695): onSessionPlaybackStateChanged: record=com.simba.player/MediaNotification/25 (userId=0) playbackState=PlaybackState {state=PLAYING(3), position=0, buffered position=0, speed=1.0, updated=150747820, actions=823, custom actions=[], active item id=-1, error=null}
08-22 16:04:11.968 D/MediaSessionService(  695): onSessionPlaybackStateChanged: record=com.simba.player/MediaNotification/25 (userId=0) playbackState=PlaybackState {state=PLAYING(3), position=0, buffered position=0, speed=1.0, updated=150748839, actions=823, custom actions=[], active item id=-1, error=null}
08-22 16:04:12.981 D/MediaSessionService(  695): onSessionPlaybackStateChanged: record=com.simba.player/MediaNotification/25 (userId=0) playbackState=PlaybackState {state=PLAYING(3), position=0, buffered position=0, speed=1.0, updated=150749853, actions=823, custom actions=[], active item id=-1, error=null}
08-22 16:04:13.117 I/NullBinder( 7937): NullBinder for android.net.action.RECOMMEND_NETWORKS triggering remote TransactionTooLargeException due to Service without Chimera impl, calling uid: 1000, calling pid: 0
08-22 16:04:14.001 D/MediaSessionService(  695): onSessionPlaybackStateChanged: record=com.simba.player/MediaNotification/25 (userId=0) playbackState=PlaybackState {state=PLAYING(3), position=0, buffered position=0, speed=1.0, updated=150750872, actions=823, custom actions=[], active item id=-1, error=null}
08-22 16:04:15.017 D/MediaSessionService(  695): onSessionPlaybackStateChanged: record=com.simba.player/MediaNotification/25 (userId=0) playbackState=PlaybackState {state=PLAYING(3), position=0, buffered position=0, speed=1.0, updated=150751887, actions=823, custom actions=[], active item id=-1, error=null}
08-22 16:04:16.031 D/MediaSessionService(  695): onSessionPlaybackStateChanged: record=com.simba.player/MediaNotification/25 (userId=0) playbackState=PlaybackState {state=PLAYING(3), position=0, buffered position=0, speed=1.0, updated=150752902, actions=823, custom actions=[], active item id=-1, error=null}
08-22 16:04:17.053 D/MediaSessionService(  695): onSessionPlaybackStateChanged: record=com.simba.player/MediaNotification/25 (userId=0) playbackState=PlaybackState {state=PLAYING(3), position=0, buffered position=0, speed=1.0, updated=150753924, actions=823, custom actions=[], active item id=-1, error=null}
08-22 16:04:18.065 D/MediaSessionService(  695): onSessionPlaybackStateChanged: record=com.simba.player/MediaNotification/25 (userId=0) playbackState=PlaybackState {state=PLAYING(3), position=0, buffered position=0, speed=1.0, updated=150754936, actions=823, custom actions=[], active item id=-1, error=null}
08-22 16:04:19.083 D/MediaSessionService(  695): onSessionPlaybackStateChanged: record=com.simba.player/MediaNotification/25 (userId=0) playbackState=PlaybackState {state=PLAYING(3), position=0, buffered position=0, speed=1.0, updated=150755954, actions=823, custom actions=[], active item id=-1, error=null}
08-22 16:04:20.098 D/MediaSessionService(  695): onSessionPlaybackStateChanged: record=com.simba.player/MediaNotification/25 (userId=0) playbackState=PlaybackState {state=PLAYING(3), position=0, buffered position=0, speed=1.0, updated=150756970, actions=823, custom actions=[], active item id=-1, error=null}
08-22 16:04:21.116 D/MediaSessionService(  695): onSessionPlaybackStateChanged: record=com.simba.player/MediaNotification/25 (userId=0) playbackState=PlaybackState {state=PLAYING(3), position=0, buffered position=0, speed=1.0, updated=150757987, actions=823, custom actions=[], active item id=-1, error=null}
08-22 16:04:22.135 I/NullBinder( 7937): NullBinder for android.net.action.RECOMMEND_NETWORKS triggering remote TransactionTooLargeException due to Service without Chimera impl, calling uid: 1000, calling pid: 0
08-22 16:04:22.142 D/MediaSessionService(  695): onSessionPlaybackStateChanged: record=com.simba.player/MediaNotification/25 (userId=0) playbackState=PlaybackState {state=PLAYING(3), position=0, buffered position=0, speed=1.0, updated=150759013, actions=823, custom actions=[], active item id=-1, error=null}
08-22 16:04:23.149 D/MediaSessionService(  695): onSessionPlaybackStateChanged: record=com.simba.player/MediaNotification/25 (userId=0) playbackState=PlaybackState {state=PLAYING(3), position=0, buffered position=0, speed=1.0, updated=150760020, actions=823, custom actions=[], active item id=-1, error=null}
08-22 16:04:24.166 D/MediaSessionService(  695): onSessionPlaybackStateChanged: record=com.simba.player/MediaNotification/25 (userId=0) playbackState=PlaybackState {state=PLAYING(3), position=0, buffered position=0, speed=1.0, updated=150761038, actions=823, custom actions=[], active item id=-1, error=null}
08-22 16:04:25.184 D/MediaSessionService(  695): onSessionPlaybackStateChanged: record=com.simba.player/MediaNotification/25 (userId=0) playbackState=PlaybackState {state=PLAYING(3), position=0, buffered position=0, speed=1.0, updated=150762055, actions=823, custom actions=[], active item id=-1, error=null}
08-22 16:04:26.200 D/MediaSessionService(  695): onSessionPlaybackStateChanged: record=com.simba.player/MediaNotification/25 (userId=0) playbackState=PlaybackState {state=PLAYING(3), position=0, buffered position=0, speed=1.0, updated=150763071, actions=823, custom actions=[], active item id=-1, error=null}
08-22 16:04:27.216 D/MediaSessionService(  695): onSessionPlaybackStateChanged: record=com.simba.player/MediaNotification/25 (userId=0) playbackState=PlaybackState {state=PLAYING(3), position=0, buffered position=0, speed=1.0, updated=150764087, actions=823, custom actions=[], active item id=-1, error=null}
08-22 16:04:28.234 D/MediaSessionService(  695): onSessionPlaybackStateChanged: record=com.simba.player/MediaNotification/25 (userId=0) playbackState=PlaybackState {state=PLAYING(3), position=0, buffered position=0, speed=1.0, updated=150765105, actions=823, custom actions=[], active item id=-1, error=null}
08-22 16:04:29.251 D/MediaSessionService(  695): onSessionPlaybackStateChanged: record=com.simba.player/MediaNotification/25 (userId=0) playbackState=PlaybackState {state=PLAYING(3), position=0, buffered position=0, speed=1.0, updated=150766122, actions=823, custom actions=[], active item id=-1, error=null}
08-22 16:04:30.265 D/MediaSessionService(  695): onSessionPlaybackStateChanged: record=com.simba.player/MediaNotification/25 (userId=0) playbackState=PlaybackState {state=PLAYING(3), position=0, buffered position=0, speed=1.0, updated=150767137, actions=823, custom actions=[], active item id=-1, error=null}
08-22 16:04:31.155 I/NullBinder( 7937): NullBinder for android.net.action.RECOMMEND_NETWORKS triggering remote TransactionTooLargeException due to Service without Chimera impl, calling uid: 1000, calling pid: 0
08-22 16:04:31.284 D/MediaSessionService(  695): onSessionPlaybackStateChanged: record=com.simba.player/MediaNotification/25 (userId=0) playbackState=PlaybackState {state=PLAYING(3), position=0, buffered position=0, speed=1.0, updated=150768155, actions=823, custom actions=[], active item id=-1, error=null}
08-22 16:04:32.301 D/MediaSessionService(  695): onSessionPlaybackStateChanged: record=com.simba.player/MediaNotification/25 (userId=0) playbackState=PlaybackState {state=PLAYING(3), position=0, buffered position=0, speed=1.0, updated=150769172, actions=823, custom actions=[], active item id=-1, error=null}
08-22 16:04:33.318 D/MediaSessionService(  695): onSessionPlaybackStateChanged: record=com.simba.player/MediaNotification/25 (userId=0) playbackState=PlaybackState {state=PLAYING(3), position=0, buffered position=0, speed=1.0, updated=150770189, actions=823, custom actions=[], active item id=-1, error=null}
08-22 16:04:34.169 I/NullBinder( 7937): NullBinder for android.net.action.RECOMMEND_NETWORKS triggering remote TransactionTooLargeException due to Service without Chimera impl, calling uid: 1000, calling pid: 0
08-22 16:04:34.334 D/MediaSessionService(  695): onSessionPlaybackStateChanged: record=com.simba.player/MediaNotification/25 (userId=0) playbackState=PlaybackState {state=PLAYING(3), position=0, buffered position=0, speed=1.0, updated=150771205, actions=823, custom actions=[], active item id=-1, error=null}
08-22 16:04:35.350 D/MediaSessionService(  695): onSessionPlaybackStateChanged: record=com.simba.player/MediaNotification/25 (userId=0) playbackState=PlaybackState {state=PLAYING(3), position=0, buffered position=0, speed=1.0, updated=150772221, actions=823, custom actions=[], active item id=-1, error=null}
08-22 16:04:36.368 D/MediaSessionService(  695): onSessionPlaybackStateChanged: record=com.simba.player/MediaNotification/25 (userId=0) playbackState=PlaybackState {state=PLAYING(3), position=0, buffered position=0, speed=1.0, updated=150773239, actions=823, custom actions=[], active item id=-1, error=null}
08-22 16:04:37.170 I/NullBinder( 7937): NullBinder for android.net.action.RECOMMEND_NETWORKS triggering remote TransactionTooLargeException due to Service without Chimera impl, calling uid: 1000, calling pid: 0
08-22 16:04:37.384 D/MediaSessionService(  695): onSessionPlaybackStateChanged: record=com.simba.player/MediaNotification/25 (userId=0) playbackState=PlaybackState {state=PLAYING(3), position=0, buffered position=0, speed=1.0, updated=150774255, actions=823, custom actions=[], active item id=-1, error=null}
08-22 16:04:38.400 D/MediaSessionService(  695): onSessionPlaybackStateChanged: record=com.simba.player/MediaNotification/25 (userId=0) playbackState=PlaybackState {state=PLAYING(3), position=0, buffered position=0, speed=1.0, updated=150775271, actions=823, custom actions=[], active item id=-1, error=null}
08-22 16:04:39.417 D/MediaSessionService(  695): onSessionPlaybackStateChanged: record=com.simba.player/MediaNotification/25 (userId=0) playbackState=PlaybackState {state=PLAYING(3), position=0, buffered position=0, speed=1.0, updated=150776287, actions=823, custom actions=[], active item id=-1, error=null}
08-22 16:04:40.431 D/MediaSessionService(  695): onSessionPlaybackStateChanged: record=com.simba.player/MediaNotification/25 (userId=0) playbackState=PlaybackState {state=PLAYING(3), position=0, buffered position=0, speed=1.0, updated=150777302, actions=823, custom actions=[], active item id=-1, error=null}
08-22 16:04:41.449 D/MediaSessionService(  695): onSessionPlaybackStateChanged: record=com.simba.player/MediaNotification/25 (userId=0) playbackState=PlaybackState {state=PLAYING(3), position=0, buffered position=0, speed=1.0, updated=150778321, actions=823, custom actions=[], active item id=-1, error=null}
08-22 16:04:42.466 D/MediaSessionService(  695): onSessionPlaybackStateChanged: record=com.simba.player/MediaNotification/25 (userId=0) playbackState=PlaybackState {state=PLAYING(3), position=0, buffered position=0, speed=1.0, updated=150779337, actions=823, custom actions=[], active item id=-1, error=null}
08-22 16:04:43.142 I/system_server(  695): Background young concurrent mark compact GC freed 20MB AllocSpace bytes, 3(96KB) LOS objects, 36% free, 38MB/59MB, paused 2.690ms,47.554ms total 65.416ms
08-22 16:04:43.522 D/MediaSessionService(  695): onSessionPlaybackStateChanged: record=com.simba.player/MediaNotification/25 (userId=0) playbackState=PlaybackState {state=PLAYING(3), position=0, buffered position=0, speed=1.0, updated=150780392, actions=823, custom actions=[], active item id=-1, error=null}
08-22 16:04:44.501 D/MediaSessionService(  695): onSessionPlaybackStateChanged: record=com.simba.player/MediaNotification/25 (userId=0) playbackState=PlaybackState {state=PLAYING(3), position=0, buffered position=0, speed=1.0, updated=150781372, actions=823, custom actions=[], active item id=-1, error=null}
08-22 16:04:45.517 D/MediaSessionService(  695): onSessionPlaybackStateChanged: record=com.simba.player/MediaNotification/25 (userId=0) playbackState=PlaybackState {state=PLAYING(3), position=0, buffered position=0, speed=1.0, updated=150782387, actions=823, custom actions=[], active item id=-1, error=null}
08-22 16:04:46.536 D/MediaSessionService(  695): onSessionPlaybackStateChanged: record=com.simba.player/MediaNotification/25 (userId=0) playbackState=PlaybackState {state=PLAYING(3), position=0, buffered position=0, speed=1.0, updated=150783407, actions=823, custom actions=[], active item id=-1, error=null}
08-22 16:04:47.555 D/MediaSessionService(  695): onSessionPlaybackStateChanged: record=com.simba.player/MediaNotification/25 (userId=0) playbackState=PlaybackState {state=PLAYING(3), position=0, buffered position=0, speed=1.0, updated=150784426, actions=823, custom actions=[], active item id=-1, error=null}
08-22 16:04:48.213 W/GLSUser ( 7937): [AppCertManager] Exception while requesting key: 
08-22 16:04:48.213 W/GLSUser ( 7937): java.util.concurrent.ExecutionException: dglf: Parsing Exception
08-22 16:04:48.213 W/GLSUser ( 7937): Caused by: dglf: Parsing Exception
08-22 16:04:48.571 D/MediaSessionService(  695): onSessionPlaybackStateChanged: record=com.simba.player/MediaNotification/25 (userId=0) playbackState=PlaybackState {state=PLAYING(3), position=0, buffered position=0, speed=1.0, updated=150785442, actions=823, custom actions=[], active item id=-1, error=null}
08-22 16:04:49.194 I/NullBinder( 7937): NullBinder for android.net.action.RECOMMEND_NETWORKS triggering remote TransactionTooLargeException due to Service without Chimera impl, calling uid: 1000, calling pid: 0
08-22 16:04:49.583 D/MediaSessionService(  695): onSessionPlaybackStateChanged: record=com.simba.player/MediaNotification/25 (userId=0) playbackState=PlaybackState {state=PLAYING(3), position=0, buffered position=0, speed=1.0, updated=150786454, actions=823, custom actions=[], active item id=-1, error=null}
08-22 16:04:50.598 D/MediaSessionService(  695): onSessionPlaybackStateChanged: record=com.simba.player/MediaNotification/25 (userId=0) playbackState=PlaybackState {state=PLAYING(3), position=0, buffered position=0, speed=1.0, updated=150787469, actions=823, custom actions=[], active item id=-1, error=null}
08-22 16:04:51.615 D/MediaSessionService(  695): onSessionPlaybackStateChanged: record=com.simba.player/MediaNotification/25 (userId=0) playbackState=PlaybackState {state=PLAYING(3), position=0, buffered position=0, speed=1.0, updated=150788486, actions=823, custom actions=[], active item id=-1, error=null}
08-22 16:04:52.634 D/MediaSessionService(  695): onSessionPlaybackStateChanged: record=com.simba.player/MediaNotification/25 (userId=0) playbackState=PlaybackState {state=PLAYING(3), position=0, buffered position=0, speed=1.0, updated=150789505, actions=823, custom actions=[], active item id=-1, error=null}
08-22 16:04:53.655 D/MediaSessionService(  695): onSessionPlaybackStateChanged: record=com.simba.player/MediaNotification/25 (userId=0) playbackState=PlaybackState {state=PLAYING(3), position=0, buffered position=0, speed=1.0, updated=150790524, actions=823, custom actions=[], active item id=-1, error=null}
08-22 16:04:54.663 D/MediaSessionService(  695): onSessionPlaybackStateChanged: record=com.simba.player/MediaNotification/25 (userId=0) playbackState=PlaybackState {state=PLAYING(3), position=0, buffered position=0, speed=1.0, updated=150791534, actions=823, custom actions=[], active item id=-1, error=null}
08-22 16:04:55.681 D/MediaSessionService(  695): onSessionPlaybackStateChanged: record=com.simba.player/MediaNotification/25 (userId=0) playbackState=PlaybackState {state=PLAYING(3), position=0, buffered position=0, speed=1.0, updated=150792552, actions=823, custom actions=[], active item id=-1, error=null}
08-22 16:04:56.699 D/MediaSessionService(  695): onSessionPlaybackStateChanged: record=com.simba.player/MediaNotification/25 (userId=0) playbackState=PlaybackState {state=PLAYING(3), position=0, buffered position=0, speed=1.0, updated=150793570, actions=823, custom actions=[], active item id=-1, error=null}
08-22 16:04:57.717 D/MediaSessionService(  695): onSessionPlaybackStateChanged: record=com.simba.player/MediaNotification/25 (userId=0) playbackState=PlaybackState {state=PLAYING(3), position=0, buffered position=0, speed=1.0, updated=150794588, actions=823, custom actions=[], active item id=-1, error=null}
08-22 16:04:58.219 I/NullBinder( 7937): NullBinder for android.net.action.RECOMMEND_NETWORKS triggering remote TransactionTooLargeException due to Service without Chimera impl, calling uid: 1000, calling pid: 0
08-22 16:04:58.735 D/MediaSessionService(  695): onSessionPlaybackStateChanged: record=com.simba.player/MediaNotification/25 (userId=0) playbackState=PlaybackState {state=PLAYING(3), position=0, buffered position=0, speed=1.0, updated=150795606, actions=823, custom actions=[], active item id=-1, error=null}
08-22 16:04:59.752 D/MediaSessionService(  695): onSessionPlaybackStateChanged: record=com.simba.player/MediaNotification/25 (userId=0) playbackState=PlaybackState {state=PLAYING(3), position=0, buffered position=0, speed=1.0, updated=150796623, actions=823, custom actions=[], active item id=-1, error=null}
08-22 16:05:00.766 D/MediaSessionService(  695): onSessionPlaybackStateChanged: record=com.simba.player/MediaNotification/25 (userId=0) playbackState=PlaybackState {state=PLAYING(3), position=0, buffered position=0, speed=1.0, updated=150797637, actions=823, custom actions=[], active item id=-1, error=null}
08-22 16:05:01.785 D/MediaSessionService(  695): onSessionPlaybackStateChanged: record=com.simba.player/MediaNotification/25 (userId=0) playbackState=PlaybackState {state=PLAYING(3), position=0, buffered position=0, speed=1.0, updated=150798656, actions=823, custom actions=[], active item id=-1, error=null}
08-22 16:05:02.799 D/MediaSessionService(  695): onSessionPlaybackStateChanged: record=com.simba.player/MediaNotification/25 (userId=0) playbackState=PlaybackState {state=PLAYING(3), position=0, buffered position=0, speed=1.0, updated=150799670, actions=823, custom actions=[], active item id=-1, error=null}
08-22 16:05:03.339 I/ndroid.systemui( 1209): Background young concurrent mark compact GC freed 18MB AllocSpace bytes, 0(0B) LOS objects, 31% free, 39MB/58MB, paused 1.331ms,58.679ms total 79.775ms
08-22 16:05:03.814 D/MediaSessionService(  695): onSessionPlaybackStateChanged: record=com.simba.player/MediaNotification/25 (userId=0) playbackState=PlaybackState {state=PLAYING(3), position=0, buffered position=0, speed=1.0, updated=150800686, actions=823, custom actions=[], active item id=-1, error=null}
08-22 16:05:04.831 D/MediaSessionService(  695): onSessionPlaybackStateChanged: record=com.simba.player/MediaNotification/25 (userId=0) playbackState=PlaybackState {state=PLAYING(3), position=0, buffered position=0, speed=1.0, updated=150801702, actions=823, custom actions=[], active item id=-1, error=null}
08-22 16:05:05.850 D/MediaSessionService(  695): onSessionPlaybackStateChanged: record=com.simba.player/MediaNotification/25 (userId=0) playbackState=PlaybackState {state=PLAYING(3), position=0, buffered position=0, speed=1.0, updated=150802721, actions=823, custom actions=[], active item id=-1, error=null}
08-22 16:05:06.867 D/MediaSessionService(  695): onSessionPlaybackStateChanged: record=com.simba.player/MediaNotification/25 (userId=0) playbackState=PlaybackState {state=PLAYING(3), position=0, buffered position=0, speed=1.0, updated=150803738, actions=823, custom actions=[], active item id=-1, error=null}
08-22 16:05:07.883 D/MediaSessionService(  695): onSessionPlaybackStateChanged: record=com.simba.player/MediaNotification/25 (userId=0) playbackState=PlaybackState {state=PLAYING(3), position=0, buffered position=0, speed=1.0, updated=150804754, actions=823, custom actions=[], active item id=-1, error=null}
08-22 16:05:08.902 D/MediaSessionService(  695): onSessionPlaybackStateChanged: record=com.simba.player/MediaNotification/25 (userId=0) playbackState=PlaybackState {state=PLAYING(3), position=0, buffered position=0, speed=1.0, updated=150805773, actions=823, custom actions=[], active item id=-1, error=null}
08-22 16:05:09.919 D/MediaSessionService(  695): onSessionPlaybackStateChanged: record=com.simba.player/MediaNotification/25 (userId=0) playbackState=PlaybackState {state=PLAYING(3), position=0, buffered position=0, speed=1.0, updated=150806789, actions=823, custom actions=[], active item id=-1, error=null}
08-22 16:05:10.935 D/MediaSessionService(  695): onSessionPlaybackStateChanged: record=com.simba.player/MediaNotification/25 (userId=0) playbackState=PlaybackState {state=PLAYING(3), position=0, buffered position=0, speed=1.0, updated=150807806, actions=823, custom actions=[], active item id=-1, error=null}
08-22 16:05:11.949 D/MediaSessionService(  695): onSessionPlaybackStateChanged: record=com.simba.player/MediaNotification/25 (userId=0) playbackState=PlaybackState {state=PLAYING(3), position=0, buffered position=0, speed=1.0, updated=150808820, actions=823, custom actions=[], active item id=-1, error=null}
08-22 16:05:12.968 D/MediaSessionService(  695): onSessionPlaybackStateChanged: record=com.simba.player/MediaNotification/25 (userId=0) playbackState=PlaybackState {state=PLAYING(3), position=0, buffered position=0, speed=1.0, updated=150809839, actions=823, custom actions=[], active item id=-1, error=null}
08-22 16:05:13.984 D/MediaSessionService(  695): onSessionPlaybackStateChanged: record=com.simba.player/MediaNotification/25 (userId=0) playbackState=PlaybackState {state=PLAYING(3), position=0, buffered position=0, speed=1.0, updated=150810855, actions=823, custom actions=[], active item id=-1, error=null}
08-22 16:05:15.000 D/MediaSessionService(  695): onSessionPlaybackStateChanged: record=com.simba.player/MediaNotification/25 (userId=0) playbackState=PlaybackState {state=PLAYING(3), position=0, buffered position=0, speed=1.0, updated=150811871, actions=823, custom actions=[], active item id=-1, error=null}
08-22 16:05:16.015 D/MediaSessionService(  695): onSessionPlaybackStateChanged: record=com.simba.player/MediaNotification/25 (userId=0) playbackState=PlaybackState {state=PLAYING(3), position=0, buffered position=0, speed=1.0, updated=150812886, actions=823, custom actions=[], active item id=-1, error=null}
08-22 16:05:16.248 I/NullBinder( 7937): NullBinder for android.net.action.RECOMMEND_NETWORKS triggering remote TransactionTooLargeException due to Service without Chimera impl, calling uid: 1000, calling pid: 0
08-22 16:05:17.031 D/MediaSessionService(  695): onSessionPlaybackStateChanged: record=com.simba.player/MediaNotification/25 (userId=0) playbackState=PlaybackState {state=PLAYING(3), position=0, buffered position=0, speed=1.0, updated=150813902, actions=823, custom actions=[], active item id=-1, error=null}
08-22 16:05:18.054 D/MediaSessionService(  695): onSessionPlaybackStateChanged: record=com.simba.player/MediaNotification/25 (userId=0) playbackState=PlaybackState {state=PLAYING(3), position=0, buffered position=0, speed=1.0, updated=150814924, actions=823, custom actions=[], active item id=-1, error=null}
08-22 16:05:19.070 D/MediaSessionService(  695): onSessionPlaybackStateChanged: record=com.simba.player/MediaNotification/25 (userId=0) playbackState=PlaybackState {state=PLAYING(3), position=0, buffered position=0, speed=1.0, updated=150815941, actions=823, custom actions=[], active item id=-1, error=null}
08-22 16:05:19.152 I/system_server(  695): Background young concurrent mark compact GC freed 21MB AllocSpace bytes, 4(128KB) LOS objects, 35% free, 38MB/59MB, paused 3.956ms,54.300ms total 81.513ms
08-22 16:05:19.255 I/NullBinder( 7937): NullBinder for android.net.action.RECOMMEND_NETWORKS triggering remote TransactionTooLargeException due to Service without Chimera impl, calling uid: 1000, calling pid: 0
08-22 16:05:20.083 D/MediaSessionService(  695): onSessionPlaybackStateChanged: record=com.simba.player/MediaNotification/25 (userId=0) playbackState=PlaybackState {state=PLAYING(3), position=0, buffered position=0, speed=1.0, updated=150816954, actions=823, custom actions=[], active item id=-1, error=null}
08-22 16:05:21.099 D/MediaSessionService(  695): onSessionPlaybackStateChanged: record=com.simba.player/MediaNotification/25 (userId=0) playbackState=PlaybackState {state=PLAYING(3), position=0, buffered position=0, speed=1.0, updated=150817970, actions=823, custom actions=[], active item id=-1, error=null}
08-22 16:05:22.118 D/MediaSessionService(  695): onSessionPlaybackStateChanged: record=com.simba.player/MediaNotification/25 (userId=0) playbackState=PlaybackState {state=PLAYING(3), position=0, buffered position=0, speed=1.0, updated=150818989, actions=823, custom actions=[], active item id=-1, error=null}
08-22 16:05:23.151 D/MediaSessionService(  695): onSessionPlaybackStateChanged: record=com.simba.player/MediaNotification/25 (userId=0) playbackState=PlaybackState {state=PLAYING(3), position=0, buffered position=0, speed=1.0, updated=150820021, actions=823, custom actions=[], active item id=-1, error=null}
08-22 16:05:24.152 D/MediaSessionService(  695): onSessionPlaybackStateChanged: record=com.simba.player/MediaNotification/25 (userId=0) playbackState=PlaybackState {state=PLAYING(3), position=0, buffered position=0, speed=1.0, updated=150821023, actions=823, custom actions=[], active item id=-1, error=null}
08-22 16:05:25.168 D/MediaSessionService(  695): onSessionPlaybackStateChanged: record=com.simba.player/MediaNotification/25 (userId=0) playbackState=PlaybackState {state=PLAYING(3), position=0, buffered position=0, speed=1.0, updated=150822039, actions=823, custom actions=[], active item id=-1, error=null}
08-22 16:05:26.185 D/MediaSessionService(  695): onSessionPlaybackStateChanged: record=com.simba.player/MediaNotification/25 (userId=0) playbackState=PlaybackState {state=PLAYING(3), position=0, buffered position=0, speed=1.0, updated=150823056, actions=823, custom actions=[], active item id=-1, error=null}
08-22 16:05:27.199 D/MediaSessionService(  695): onSessionPlaybackStateChanged: record=com.simba.player/MediaNotification/25 (userId=0) playbackState=PlaybackState {state=PLAYING(3), position=0, buffered position=0, speed=1.0, updated=150824070, actions=823, custom actions=[], active item id=-1, error=null}
08-22 16:05:28.218 D/MediaSessionService(  695): onSessionPlaybackStateChanged: record=com.simba.player/MediaNotification/25 (userId=0) playbackState=PlaybackState {state=PLAYING(3), position=0, buffered position=0, speed=1.0, updated=150825089, actions=823, custom actions=[], active item id=-1, error=null}
08-22 16:05:29.234 D/MediaSessionService(  695): onSessionPlaybackStateChanged: record=com.simba.player/MediaNotification/25 (userId=0) playbackState=PlaybackState {state=PLAYING(3), position=0, buffered position=0, speed=1.0, updated=150826105, actions=823, custom actions=[], active item id=-1, error=null}
08-22 16:05:30.250 D/MediaSessionService(  695): onSessionPlaybackStateChanged: record=com.simba.player/MediaNotification/25 (userId=0) playbackState=PlaybackState {state=PLAYING(3), position=0, buffered position=0, speed=1.0, updated=150827121, actions=823, custom actions=[], active item id=-1, error=null}
08-22 16:05:31.269 D/MediaSessionService(  695): onSessionPlaybackStateChanged: record=com.simba.player/MediaNotification/25 (userId=0) playbackState=PlaybackState {state=PLAYING(3), position=0, buffered position=0, speed=1.0, updated=150828140, actions=823, custom actions=[], active item id=-1, error=null}
08-22 16:05:32.281 D/MediaSessionService(  695): onSessionPlaybackStateChanged: record=com.simba.player/MediaNotification/25 (userId=0) playbackState=PlaybackState {state=PLAYING(3), position=0, buffered position=0, speed=1.0, updated=150829153, actions=823, custom actions=[], active item id=-1, error=null}
08-22 16:05:33.302 D/MediaSessionService(  695): onSessionPlaybackStateChanged: record=com.simba.player/MediaNotification/25 (userId=0) playbackState=PlaybackState {state=PLAYING(3), position=0, buffered position=0, speed=1.0, updated=150830173, actions=823, custom actions=[], active item id=-1, error=null}
08-22 16:05:34.317 D/MediaSessionService(  695): onSessionPlaybackStateChanged: record=com.simba.player/MediaNotification/25 (userId=0) playbackState=PlaybackState {state=PLAYING(3), position=0, buffered position=0, speed=1.0, updated=150831188, actions=823, custom actions=[], active item id=-1, error=null}
08-22 16:05:35.332 D/MediaSessionService(  695): onSessionPlaybackStateChanged: record=com.simba.player/MediaNotification/25 (userId=0) playbackState=PlaybackState {state=PLAYING(3), position=0, buffered position=0, speed=1.0, updated=150832203, actions=823, custom actions=[], active item id=-1, error=null}
08-22 16:05:36.350 D/MediaSessionService(  695): onSessionPlaybackStateChanged: record=com.simba.player/MediaNotification/25 (userId=0) playbackState=PlaybackState {state=PLAYING(3), position=0, buffered position=0, speed=1.0, updated=150833221, actions=823, custom actions=[], active item id=-1, error=null}
08-22 16:05:37.365 D/MediaSessionService(  695): onSessionPlaybackStateChanged: record=com.simba.player/MediaNotification/25 (userId=0) playbackState=PlaybackState {state=PLAYING(3), position=0, buffered position=0, speed=1.0, updated=150834236, actions=823, custom actions=[], active item id=-1, error=null}
08-22 16:05:38.382 D/MediaSessionService(  695): onSessionPlaybackStateChanged: record=com.simba.player/MediaNotification/25 (userId=0) playbackState=PlaybackState {state=PLAYING(3), position=0, buffered position=0, speed=1.0, updated=150835253, actions=823, custom actions=[], active item id=-1, error=null}
08-22 16:05:39.401 D/MediaSessionService(  695): onSessionPlaybackStateChanged: record=com.simba.player/MediaNotification/25 (userId=0) playbackState=PlaybackState {state=PLAYING(3), position=0, buffered position=0, speed=1.0, updated=150836271, actions=823, custom actions=[], active item id=-1, error=null}
08-22 16:05:40.420 D/MediaSessionService(  695): onSessionPlaybackStateChanged: record=com.simba.player/MediaNotification/25 (userId=0) playbackState=PlaybackState {state=PLAYING(3), position=0, buffered position=0, speed=1.0, updated=150837291, actions=823, custom actions=[], active item id=-1, error=null}
08-22 16:05:41.431 D/MediaSessionService(  695): onSessionPlaybackStateChanged: record=com.simba.player/MediaNotification/25 (userId=0) playbackState=PlaybackState {state=PLAYING(3), position=0, buffered position=0, speed=1.0, updated=150838302, actions=823, custom actions=[], active item id=-1, error=null}
08-22 16:05:42.452 D/MediaSessionService(  695): onSessionPlaybackStateChanged: record=com.simba.player/MediaNotification/25 (userId=0) playbackState=PlaybackState {state=PLAYING(3), position=0, buffered position=0, speed=1.0, updated=150839323, actions=823, custom actions=[], active item id=-1, error=null}
08-22 16:05:43.515 D/MediaSessionService(  695): onSessionPlaybackStateChanged: record=com.simba.player/MediaNotification/25 (userId=0) playbackState=PlaybackState {state=PLAYING(3), position=0, buffered position=0, speed=1.0, updated=150840385, actions=823, custom actions=[], active item id=-1, error=null}
08-22 16:05:44.484 D/MediaSessionService(  695): onSessionPlaybackStateChanged: record=com.simba.player/MediaNotification/25 (userId=0) playbackState=PlaybackState {state=PLAYING(3), position=0, buffered position=0, speed=1.0, updated=150841354, actions=823, custom actions=[], active item id=-1, error=null}
08-22 16:05:45.500 D/MediaSessionService(  695): onSessionPlaybackStateChanged: record=com.simba.player/MediaNotification/25 (userId=0) playbackState=PlaybackState {state=PLAYING(3), position=0, buffered position=0, speed=1.0, updated=150842371, actions=823, custom actions=[], active item id=-1, error=null}
08-22 16:05:46.515 D/MediaSessionService(  695): onSessionPlaybackStateChanged: record=com.simba.player/MediaNotification/25 (userId=0) playbackState=PlaybackState {state=PLAYING(3), position=0, buffered position=0, speed=1.0, updated=150843386, actions=823, custom actions=[], active item id=-1, error=null}
08-22 16:05:47.533 D/MediaSessionService(  695): onSessionPlaybackStateChanged: record=com.simba.player/MediaNotification/25 (userId=0) playbackState=PlaybackState {state=PLAYING(3), position=0, buffered position=0, speed=1.0, updated=150844404, actions=823, custom actions=[], active item id=-1, error=null}
08-22 16:05:48.548 D/MediaSessionService(  695): onSessionPlaybackStateChanged: record=com.simba.player/MediaNotification/25 (userId=0) playbackState=PlaybackState {state=PLAYING(3), position=0, buffered position=0, speed=1.0, updated=150845419, actions=823, custom actions=[], active item id=-1, error=null}
08-22 16:05:49.314 I/NullBinder( 7937): NullBinder for android.net.action.RECOMMEND_NETWORKS triggering remote TransactionTooLargeException due to Service without Chimera impl, calling uid: 1000, calling pid: 0
08-22 16:05:49.566 D/MediaSessionService(  695): onSessionPlaybackStateChanged: record=com.simba.player/MediaNotification/25 (userId=0) playbackState=PlaybackState {state=PLAYING(3), position=0, buffered position=0, speed=1.0, updated=150846437, actions=823, custom actions=[], active item id=-1, error=null}
08-22 16:05:50.583 D/MediaSessionService(  695): onSessionPlaybackStateChanged: record=com.simba.player/MediaNotification/25 (userId=0) playbackState=PlaybackState {state=PLAYING(3), position=0, buffered position=0, speed=1.0, updated=150847454, actions=823, custom actions=[], active item id=-1, error=null}
08-22 16:05:51.602 D/MediaSessionService(  695): onSessionPlaybackStateChanged: record=com.simba.player/MediaNotification/25 (userId=0) playbackState=PlaybackState {state=PLAYING(3), position=0, buffered position=0, speed=1.0, updated=150848472, actions=823, custom actions=[], active item id=-1, error=null}
08-22 16:05:52.320 I/NullBinder( 7937): NullBinder for android.net.action.RECOMMEND_NETWORKS triggering remote TransactionTooLargeException due to Service without Chimera impl, calling uid: 1000, calling pid: 0
08-22 16:05:52.616 D/MediaSessionService(  695): onSessionPlaybackStateChanged: record=com.simba.player/MediaNotification/25 (userId=0) playbackState=PlaybackState {state=PLAYING(3), position=0, buffered position=0, speed=1.0, updated=150849488, actions=823, custom actions=[], active item id=-1, error=null}
08-22 16:05:53.639 D/MediaSessionService(  695): onSessionPlaybackStateChanged: record=com.simba.player/MediaNotification/25 (userId=0) playbackState=PlaybackState {state=PLAYING(3), position=0, buffered position=0, speed=1.0, updated=150850510, actions=823, custom actions=[], active item id=-1, error=null}
08-22 16:05:54.650 D/MediaSessionService(  695): onSessionPlaybackStateChanged: record=com.simba.player/MediaNotification/25 (userId=0) playbackState=PlaybackState {state=PLAYING(3), position=0, buffered position=0, speed=1.0, updated=150851521, actions=823, custom actions=[], active item id=-1, error=null}
08-22 16:05:55.328 I/NullBinder( 7937): NullBinder for android.net.action.RECOMMEND_NETWORKS triggering remote TransactionTooLargeException due to Service without Chimera impl, calling uid: 1000, calling pid: 0
08-22 16:05:55.393 I/system_server(  695): Background young concurrent mark compact GC freed 21MB AllocSpace bytes, 4(128KB) LOS objects, 35% free, 38MB/59MB, paused 2.308ms,42.259ms total 60.435ms
08-22 16:05:55.667 D/MediaSessionService(  695): onSessionPlaybackStateChanged: record=com.simba.player/MediaNotification/25 (userId=0) playbackState=PlaybackState {state=PLAYING(3), position=0, buffered position=0, speed=1.0, updated=150852539, actions=823, custom actions=[], active item id=-1, error=null}
08-22 16:05:56.685 D/MediaSessionService(  695): onSessionPlaybackStateChanged: record=com.simba.player/MediaNotification/25 (userId=0) playbackState=PlaybackState {state=PLAYING(3), position=0, buffered position=0, speed=1.0, updated=150853556, actions=823, custom actions=[], active item id=-1, error=null}
08-22 16:05:57.702 D/MediaSessionService(  695): onSessionPlaybackStateChanged: record=com.simba.player/MediaNotification/25 (userId=0) playbackState=PlaybackState {state=PLAYING(3), position=0, buffered position=0, speed=1.0, updated=150854572, actions=823, custom actions=[], active item id=-1, error=null}
08-22 16:05:58.332 I/NullBinder( 7937): NullBinder for android.net.action.RECOMMEND_NETWORKS triggering remote TransactionTooLargeException due to Service without Chimera impl, calling uid: 1000, calling pid: 0
08-22 16:05:58.715 D/MediaSessionService(  695): onSessionPlaybackStateChanged: record=com.simba.player/MediaNotification/25 (userId=0) playbackState=PlaybackState {state=PLAYING(3), position=0, buffered position=0, speed=1.0, updated=150855586, actions=823, custom actions=[], active item id=-1, error=null}
08-22 16:05:59.731 D/MediaSessionService(  695): onSessionPlaybackStateChanged: record=com.simba.player/MediaNotification/25 (userId=0) playbackState=PlaybackState {state=PLAYING(3), position=0, buffered position=0, speed=1.0, updated=150856603, actions=823, custom actions=[], active item id=-1, error=null}
08-22 16:06:00.750 D/MediaSessionService(  695): onSessionPlaybackStateChanged: record=com.simba.player/MediaNotification/25 (userId=0) playbackState=PlaybackState {state=PLAYING(3), position=0, buffered position=0, speed=1.0, updated=150857620, actions=823, custom actions=[], active item id=-1, error=null}
08-22 16:06:01.766 D/MediaSessionService(  695): onSessionPlaybackStateChanged: record=com.simba.player/MediaNotification/25 (userId=0) playbackState=PlaybackState {state=PLAYING(3), position=0, buffered position=0, speed=1.0, updated=150858637, actions=823, custom actions=[], active item id=-1, error=null}
08-22 16:06:02.785 D/MediaSessionService(  695): onSessionPlaybackStateChanged: record=com.simba.player/MediaNotification/25 (userId=0) playbackState=PlaybackState {state=PLAYING(3), position=0, buffered position=0, speed=1.0, updated=150859657, actions=823, custom actions=[], active item id=-1, error=null}
08-22 16:06:03.817 D/MediaSessionService(  695): onSessionPlaybackStateChanged: record=com.simba.player/MediaNotification/25 (userId=0) playbackState=PlaybackState {state=PLAYING(3), position=0, buffered position=0, speed=1.0, updated=150860688, actions=823, custom actions=[], active item id=-1, error=null}
08-22 16:06:04.817 D/MediaSessionService(  695): onSessionPlaybackStateChanged: record=com.simba.player/MediaNotification/25 (userId=0) playbackState=PlaybackState {state=PLAYING(3), position=0, buffered position=0, speed=1.0, updated=150861688, actions=823, custom actions=[], active item id=-1, error=null}
08-22 16:06:05.833 D/MediaSessionService(  695): onSessionPlaybackStateChanged: record=com.simba.player/MediaNotification/25 (userId=0) playbackState=PlaybackState {state=PLAYING(3), position=0, buffered position=0, speed=1.0, updated=150862704, actions=823, custom actions=[], active item id=-1, error=null}
08-22 16:06:06.851 D/MediaSessionService(  695): onSessionPlaybackStateChanged: record=com.simba.player/MediaNotification/25 (userId=0) playbackState=PlaybackState {state=PLAYING(3), position=0, buffered position=0, speed=1.0, updated=150863722, actions=823, custom actions=[], active item id=-1, error=null}
08-22 16:06:07.350 I/NullBinder( 7937): NullBinder for android.net.action.RECOMMEND_NETWORKS triggering remote TransactionTooLargeException due to Service without Chimera impl, calling uid: 1000, calling pid: 0
08-22 16:06:07.866 D/MediaSessionService(  695): onSessionPlaybackStateChanged: record=com.simba.player/MediaNotification/25 (userId=0) playbackState=PlaybackState {state=PLAYING(3), position=0, buffered position=0, speed=1.0, updated=150864736, actions=823, custom actions=[], active item id=-1, error=null}
08-22 16:06:08.882 D/MediaSessionService(  695): onSessionPlaybackStateChanged: record=com.simba.player/MediaNotification/25 (userId=0) playbackState=PlaybackState {state=PLAYING(3), position=0, buffered position=0, speed=1.0, updated=150865753, actions=823, custom actions=[], active item id=-1, error=null}
08-22 16:06:09.900 D/MediaSessionService(  695): onSessionPlaybackStateChanged: record=com.simba.player/MediaNotification/25 (userId=0) playbackState=PlaybackState {state=PLAYING(3), position=0, buffered position=0, speed=1.0, updated=150866771, actions=823, custom actions=[], active item id=-1, error=null}
08-22 16:06:10.915 D/MediaSessionService(  695): onSessionPlaybackStateChanged: record=com.simba.player/MediaNotification/25 (userId=0) playbackState=PlaybackState {state=PLAYING(3), position=0, buffered position=0, speed=1.0, updated=150867786, actions=823, custom actions=[], active item id=-1, error=null}
08-22 16:06:11.930 D/MediaSessionService(  695): onSessionPlaybackStateChanged: record=com.simba.player/MediaNotification/25 (userId=0) playbackState=PlaybackState {state=PLAYING(3), position=0, buffered position=0, speed=1.0, updated=150868801, actions=823, custom actions=[], active item id=-1, error=null}
08-22 16:06:12.950 D/MediaSessionService(  695): onSessionPlaybackStateChanged: record=com.simba.player/MediaNotification/25 (userId=0) playbackState=PlaybackState {state=PLAYING(3), position=0, buffered position=0, speed=1.0, updated=150869821, actions=823, custom actions=[], active item id=-1, error=null}
08-22 16:06:13.365 I/NullBinder( 7937): NullBinder for android.net.action.RECOMMEND_NETWORKS triggering remote TransactionTooLargeException due to Service without Chimera impl, calling uid: 1000, calling pid: 0
08-22 16:06:13.967 D/MediaSessionService(  695): onSessionPlaybackStateChanged: record=com.simba.player/MediaNotification/25 (userId=0) playbackState=PlaybackState {state=PLAYING(3), position=0, buffered position=0, speed=1.0, updated=150870838, actions=823, custom actions=[], active item id=-1, error=null}
08-22 16:06:14.980 D/MediaSessionService(  695): onSessionPlaybackStateChanged: record=com.simba.player/MediaNotification/25 (userId=0) playbackState=PlaybackState {state=PLAYING(3), position=0, buffered position=0, speed=1.0, updated=150871852, actions=823, custom actions=[], active item id=-1, error=null}
08-22 16:06:16.001 D/MediaSessionService(  695): onSessionPlaybackStateChanged: record=com.simba.player/MediaNotification/25 (userId=0) playbackState=PlaybackState {state=PLAYING(3), position=0, buffered position=0, speed=1.0, updated=150872872, actions=823, custom actions=[], active item id=-1, error=null}
08-22 16:06:16.376 I/NullBinder( 7937): NullBinder for android.net.action.RECOMMEND_NETWORKS triggering remote TransactionTooLargeException due to Service without Chimera impl, calling uid: 1000, calling pid: 0
08-22 16:06:17.020 D/MediaSessionService(  695): onSessionPlaybackStateChanged: record=com.simba.player/MediaNotification/25 (userId=0) playbackState=PlaybackState {state=PLAYING(3), position=0, buffered position=0, speed=1.0, updated=150873891, actions=823, custom actions=[], active item id=-1, error=null}
08-22 16:06:18.034 D/MediaSessionService(  695): onSessionPlaybackStateChanged: record=com.simba.player/MediaNotification/25 (userId=0) playbackState=PlaybackState {state=PLAYING(3), position=0, buffered position=0, speed=1.0, updated=150874905, actions=823, custom actions=[], active item id=-1, error=null}
08-22 16:06:19.050 D/MediaSessionService(  695): onSessionPlaybackStateChanged: record=com.simba.player/MediaNotification/25 (userId=0) playbackState=PlaybackState {state=PLAYING(3), position=0, buffered position=0, speed=1.0, updated=150875921, actions=823, custom actions=[], active item id=-1, error=null}
08-22 16:06:20.067 D/MediaSessionService(  695): onSessionPlaybackStateChanged: record=com.simba.player/MediaNotification/25 (userId=0) playbackState=PlaybackState {state=PLAYING(3), position=0, buffered position=0, speed=1.0, updated=150876938, actions=823, custom actions=[], active item id=-1, error=null}
08-22 16:06:21.083 D/MediaSessionService(  695): onSessionPlaybackStateChanged: record=com.simba.player/MediaNotification/25 (userId=0) playbackState=PlaybackState {state=PLAYING(3), position=0, buffered position=0, speed=1.0, updated=150877954, actions=823, custom actions=[], active item id=-1, error=null}
08-22 16:06:22.098 D/MediaSessionService(  695): onSessionPlaybackStateChanged: record=com.simba.player/MediaNotification/25 (userId=0) playbackState=PlaybackState {state=PLAYING(3), position=0, buffered position=0, speed=1.0, updated=150878969, actions=823, custom actions=[], active item id=-1, error=null}
08-22 16:06:22.390 I/NullBinder( 7937): NullBinder for android.net.action.RECOMMEND_NETWORKS triggering remote TransactionTooLargeException due to Service without Chimera impl, calling uid: 1000, calling pid: 0
08-22 16:06:23.115 D/MediaSessionService(  695): onSessionPlaybackStateChanged: record=com.simba.player/MediaNotification/25 (userId=0) playbackState=PlaybackState {state=PLAYING(3), position=0, buffered position=0, speed=1.0, updated=150879986, actions=823, custom actions=[], active item id=-1, error=null}
08-22 16:06:24.132 D/MediaSessionService(  695): onSessionPlaybackStateChanged: record=com.simba.player/MediaNotification/25 (userId=0) playbackState=PlaybackState {state=PLAYING(3), position=0, buffered position=0, speed=1.0, updated=150881003, actions=823, custom actions=[], active item id=-1, error=null}
08-22 16:06:25.149 D/MediaSessionService(  695): onSessionPlaybackStateChanged: record=com.simba.player/MediaNotification/25 (userId=0) playbackState=PlaybackState {state=PLAYING(3), position=0, buffered position=0, speed=1.0, updated=150882021, actions=823, custom actions=[], active item id=-1, error=null}
08-22 16:06:26.169 D/MediaSessionService(  695): onSessionPlaybackStateChanged: record=com.simba.player/MediaNotification/25 (userId=0) playbackState=PlaybackState {state=PLAYING(3), position=0, buffered position=0, speed=1.0, updated=150883040, actions=823, custom actions=[], active item id=-1, error=null}
08-22 16:06:27.201 D/MediaSessionService(  695): onSessionPlaybackStateChanged: record=com.simba.player/MediaNotification/25 (userId=0) playbackState=PlaybackState {state=PLAYING(3), position=0, buffered position=0, speed=1.0, updated=150884072, actions=823, custom actions=[], active item id=-1, error=null}
08-22 16:06:28.202 D/MediaSessionService(  695): onSessionPlaybackStateChanged: record=com.simba.player/MediaNotification/25 (userId=0) playbackState=PlaybackState {state=PLAYING(3), position=0, buffered position=0, speed=1.0, updated=150885073, actions=823, custom actions=[], active item id=-1, error=null}
08-22 16:06:28.831 I/Nl80211Proxy(  695): Received NLMSG_ERROR with error 0 for message GenericNetlinkMsg{ nlHeader{StructNlMsgHdr{ nlmsg_len{56}, nlmsg_type{30()}, nlmsg_flags{5(NLM_F_REQUEST|NLM_F_ACK)}, nlmsg_seq{2955}, nlmsg_pid{0} }}, genNlHeader{StructGenNlMsgHdr{ command{33}, version{1}, reserved{0} }}, attributes{[StructNlAttr{ nla_len{8}, nla_type{-32723}, nla_value{04000000}, }, StructNlAttr{ nla_len{8}, nla_type{3}, nla_value{10000000}, }, StructNlAttr{ nla_len{12}, nla_type{-32724}, nla_value{080000008F090000}, }, StructNlAttr{ nla_len{8}, nla_type{158}, nla_value{00000000}, }]} }
