08-22 16:50:40.208 I/ReactNativeJS( 8531): '[INFO]', '[PlaybackTrace][Controller][effect:start]', { fileUri: 'https://prod-1.storage.jamendo.com/?trackid=171&format=mp31&from=8CSIkMvwtD6jzKZ%2BPEaUMQ%3D%3D%7Cj5s5oI6ivq8l2vQOXyWixQ%3D%3D',
08-22 16:50:40.213 I/ReactNativeJS( 8531): '[INFO]', '[PlaybackTrace][Controller][init:call]', 'https://prod-1.storage.jamendo.com/?trackid=171&format=mp31&from=8CSIkMvwtD6jzKZ%2BPEaUMQ%3D%3D%7Cj5s5oI6ivq8l2vQOXyWixQ%3D%3D'
08-22 16:50:40.231 I/ReactNativeJS( 8531): '[INFO]', '[PlaybackTrace][Controller][init:return]', { ok: true, cancelled: false }
08-22 16:50:40.232 I/ReactNativeJS( 8531): '[INFO]', '[PlaybackTrace][Controller][listeners:register]'
08-22 16:50:40.235 I/ReactNativeJS( 8531): '[INFO]', '[PlaybackTrace][Controller][loadFile:before]', 'https://prod-1.storage.jamendo.com/?trackid=171&format=mp31&from=8CSIkMvwtD6jzKZ%2BPEaUMQ%3D%3D%7Cj5s5oI6ivq8l2vQOXyWixQ%3D%3D'
08-22 16:50:40.242 I/ReactNativeJS( 8531): '[INFO]', '[PlaybackTrace][Controller][loadFile:after]', 'https://prod-1.storage.jamendo.com/?trackid=171&format=mp31&from=8CSIkMvwtD6jzKZ%2BPEaUMQ%3D%3D%7Cj5s5oI6ivq8l2vQOXyWixQ%3D%3D'
08-22 16:50:40.242 I/ReactNativeJS( 8531): '[INFO]', '[PlaybackTrace][Controller][settings:before]'
08-22 16:50:40.256 I/ReactNativeJS( 8531): '[INFO]', '[PlaybackTrace][Controller][settings:after]'
08-22 16:50:40.258 I/ReactNativeJS( 8531): '[INFO]', '[PlaybackTrace][Controller][speed:before]', 1
08-22 16:50:40.259 I/ReactNativeJS( 8531): '[INFO]', '[PlaybackTrace][Controller][speed:after]', 1
08-22 16:50:40.260 I/ReactNativeJS( 8531): '[INFO]', '[PlaybackTrace][Controller][ready]', { fileUri: 'https://prod-1.storage.jamendo.com/?trackid=171&format=mp31&from=8CSIkMvwtD6jzKZ%2BPEaUMQ%3D%3D%7Cj5s5oI6ivq8l2vQOXyWixQ%3D%3D' }
08-22 16:50:40.972 I/ReactNativeJS( 8531): '[INFO]', '[PlaybackTrace][Controller][fallback-resume]'
08-22 16:50:43.121 I/ReactNativeJS( 8531): '[INFO]', '[PlaybackTrace][Controller][loadAndResume:before]', { uri: 'https://prod-1.storage.jamendo.com/?trackid=171&format=mp31&from=8CSIkMvwtD6jzKZ%2BPEaUMQ%3D%3D%7Cj5s5oI6ivq8l2vQOXyWixQ%3D%3D',
08-22 16:50:43.123 I/ReactNativeJS( 8531): '[INFO]', '[PlaybackTrace][Controller][loadAndResume:loaded]', 'https://prod-1.storage.jamendo.com/?trackid=171&format=mp31&from=8CSIkMvwtD6jzKZ%2BPEaUMQ%3D%3D%7Cj5s5oI6ivq8l2vQOXyWixQ%3D%3D'
08-22 16:50:43.126 I/ReactNativeJS( 8531): '[INFO]', '[PlaybackTrace][Controller][loadAndResume:resumed]', 'https://prod-1.storage.jamendo.com/?trackid=171&format=mp31&from=8CSIkMvwtD6jzKZ%2BPEaUMQ%3D%3D%7Cj5s5oI6ivq8l2vQOXyWixQ%3D%3D'
08-22 16:50:43.337 I/ReactNativeJS( 8531): '[INFO]', '[PlaybackTrace][Controller][loadAndResume:before]', { uri: 'https://prod-1.storage.jamendo.com/?trackid=171&format=mp31&from=8CSIkMvwtD6jzKZ%2BPEaUMQ%3D%3D%7Cj5s5oI6ivq8l2vQOXyWixQ%3D%3D',
08-22 16:50:43.339 I/ReactNativeJS( 8531): '[INFO]', '[PlaybackTrace][Controller][loadAndResume:loaded]', 'https://prod-1.storage.jamendo.com/?trackid=171&format=mp31&from=8CSIkMvwtD6jzKZ%2BPEaUMQ%3D%3D%7Cj5s5oI6ivq8l2vQOXyWixQ%3D%3D'
08-22 16:50:43.341 I/ReactNativeJS( 8531): '[INFO]', '[PlaybackTrace][Controller][loadAndResume:resumed]', 'https://prod-1.storage.jamendo.com/?trackid=171&format=mp31&from=8CSIkMvwtD6jzKZ%2BPEaUMQ%3D%3D%7Cj5s5oI6ivq8l2vQOXyWixQ%3D%3D'
08-22 16:50:44.619 I/ReactNativeJS( 8531): '[INFO]', '[PlaybackTrace][Controller][loadAndResume:before]', { uri: 'https://prod-1.storage.jamendo.com/?trackid=171&format=mp31&from=8CSIkMvwtD6jzKZ%2BPEaUMQ%3D%3D%7Cj5s5oI6ivq8l2vQOXyWixQ%3D%3D',
08-22 16:50:44.621 I/ReactNativeJS( 8531): '[INFO]', '[PlaybackTrace][Controller][loadAndResume:loaded]', 'https://prod-1.storage.jamendo.com/?trackid=171&format=mp31&from=8CSIkMvwtD6jzKZ%2BPEaUMQ%3D%3D%7Cj5s5oI6ivq8l2vQOXyWixQ%3D%3D'
08-22 16:50:44.624 I/ReactNativeJS( 8531): '[INFO]', '[PlaybackTrace][Controller][loadAndResume:resumed]', 'https://prod-1.storage.jamendo.com/?trackid=171&format=mp31&from=8CSIkMvwtD6jzKZ%2BPEaUMQ%3D%3D%7Cj5s5oI6ivq8l2vQOXyWixQ%3D%3D'
08-22 16:50:44.836 I/ReactNativeJS( 8531): '[INFO]', '[PlaybackTrace][Controller][loadAndResume:before]', { uri: 'https://prod-1.storage.jamendo.com/?trackid=171&format=mp31&from=8CSIkMvwtD6jzKZ%2BPEaUMQ%3D%3D%7Cj5s5oI6ivq8l2vQOXyWixQ%3D%3D',
08-22 16:50:44.838 I/ReactNativeJS( 8531): '[INFO]', '[PlaybackTrace][Controller][loadAndResume:loaded]', 'https://prod-1.storage.jamendo.com/?trackid=171&format=mp31&from=8CSIkMvwtD6jzKZ%2BPEaUMQ%3D%3D%7Cj5s5oI6ivq8l2vQOXyWixQ%3D%3D'
08-22 16:50:44.839 I/ReactNativeJS( 8531): '[INFO]', '[PlaybackTrace][Controller][loadAndResume:resumed]', 'https://prod-1.storage.jamendo.com/?trackid=171&format=mp31&from=8CSIkMvwtD6jzKZ%2BPEaUMQ%3D%3D%7Cj5s5oI6ivq8l2vQOXyWixQ%3D%3D'
08-22 16:50:45.608 I/ReactNativeJS( 8531): '[INFO]', '[PlaybackTrace][Controller][loadAndResume:before]', { uri: 'https://prod-1.storage.jamendo.com/?trackid=171&format=mp31&from=8CSIkMvwtD6jzKZ%2BPEaUMQ%3D%3D%7Cj5s5oI6ivq8l2vQOXyWixQ%3D%3D',
08-22 16:50:45.620 I/ReactNativeJS( 8531): '[INFO]', '[PlaybackTrace][Controller][loadAndResume:loaded]', 'https://prod-1.storage.jamendo.com/?trackid=171&format=mp31&from=8CSIkMvwtD6jzKZ%2BPEaUMQ%3D%3D%7Cj5s5oI6ivq8l2vQOXyWixQ%3D%3D'
08-22 16:50:45.638 I/ReactNativeJS( 8531): '[INFO]', '[PlaybackTrace][Controller][loadAndResume:resumed]', 'https://prod-1.storage.jamendo.com/?trackid=171&format=mp31&from=8CSIkMvwtD6jzKZ%2BPEaUMQ%3D%3D%7Cj5s5oI6ivq8l2vQOXyWixQ%3D%3D'
08-22 16:50:45.645 I/ReactNativeJS( 8531): '[INFO]', '[PlaybackTrace][Controller][loadAndResume:before]', { uri: 'https://prod-1.storage.jamendo.com/?trackid=171&format=mp31&from=8CSIkMvwtD6jzKZ%2BPEaUMQ%3D%3D%7Cj5s5oI6ivq8l2vQOXyWixQ%3D%3D',
08-22 16:50:45.656 I/ReactNativeJS( 8531): '[INFO]', '[PlaybackTrace][Controller][loadAndResume:loaded]', 'https://prod-1.storage.jamendo.com/?trackid=171&format=mp31&from=8CSIkMvwtD6jzKZ%2BPEaUMQ%3D%3D%7Cj5s5oI6ivq8l2vQOXyWixQ%3D%3D'
08-22 16:50:45.662 I/ReactNativeJS( 8531): '[INFO]', '[PlaybackTrace][Controller][loadAndResume:resumed]', 'https://prod-1.storage.jamendo.com/?trackid=171&format=mp31&from=8CSIkMvwtD6jzKZ%2BPEaUMQ%3D%3D%7Cj5s5oI6ivq8l2vQOXyWixQ%3D%3D'
08-22 16:50:47.019 I/ReactNativeJS( 8531): '[INFO]', '[PlaybackTrace][Controller][loadAndResume:before]', { uri: 'https://prod-1.storage.jamendo.com/?trackid=171&format=mp31&from=8CSIkMvwtD6jzKZ%2BPEaUMQ%3D%3D%7Cj5s5oI6ivq8l2vQOXyWixQ%3D%3D',
08-22 16:50:47.022 I/ReactNativeJS( 8531): '[INFO]', '[PlaybackTrace][Controller][loadAndResume:loaded]', 'https://prod-1.storage.jamendo.com/?trackid=171&format=mp31&from=8CSIkMvwtD6jzKZ%2BPEaUMQ%3D%3D%7Cj5s5oI6ivq8l2vQOXyWixQ%3D%3D'
08-22 16:50:47.024 I/ReactNativeJS( 8531): '[INFO]', '[PlaybackTrace][Controller][loadAndResume:resumed]', 'https://prod-1.storage.jamendo.com/?trackid=171&format=mp31&from=8CSIkMvwtD6jzKZ%2BPEaUMQ%3D%3D%7Cj5s5oI6ivq8l2vQOXyWixQ%3D%3D'
08-22 16:50:47.102 I/ReactNativeJS( 8531): '[INFO]', '[PlaybackTrace][Controller][loadAndResume:before]', { uri: 'https://prod-1.storage.jamendo.com/?trackid=171&format=mp31&from=8CSIkMvwtD6jzKZ%2BPEaUMQ%3D%3D%7Cj5s5oI6ivq8l2vQOXyWixQ%3D%3D',
08-22 16:50:47.104 I/ReactNativeJS( 8531): '[INFO]', '[PlaybackTrace][Controller][loadAndResume:loaded]', 'https://prod-1.storage.jamendo.com/?trackid=171&format=mp31&from=8CSIkMvwtD6jzKZ%2BPEaUMQ%3D%3D%7Cj5s5oI6ivq8l2vQOXyWixQ%3D%3D'
08-22 16:50:47.106 I/ReactNativeJS( 8531): '[INFO]', '[PlaybackTrace][Controller][loadAndResume:resumed]', 'https://prod-1.storage.jamendo.com/?trackid=171&format=mp31&from=8CSIkMvwtD6jzKZ%2BPEaUMQ%3D%3D%7Cj5s5oI6ivq8l2vQOXyWixQ%3D%3D'
08-22 16:50:47.575 I/ReactNativeJS( 8531): '[INFO]', '[PlaybackTrace][Controller][handlePlayPause]', { nativeState: 'playing',
08-22 16:50:47.803 I/ReactNativeJS( 8531): '[INFO]', '[PlaybackTrace][Controller][loadAndResume:before]', { uri: 'https://prod-1.storage.jamendo.com/?trackid=171&format=mp31&from=8CSIkMvwtD6jzKZ%2BPEaUMQ%3D%3D%7Cj5s5oI6ivq8l2vQOXyWixQ%3D%3D',
08-22 16:50:47.805 I/ReactNativeJS( 8531): '[INFO]', '[PlaybackTrace][Controller][loadAndResume:loaded]', 'https://prod-1.storage.jamendo.com/?trackid=171&format=mp31&from=8CSIkMvwtD6jzKZ%2BPEaUMQ%3D%3D%7Cj5s5oI6ivq8l2vQOXyWixQ%3D%3D'
08-22 16:50:47.805 I/ReactNativeJS( 8531): '[INFO]', '[PlaybackTrace][Controller][loadAndResume:resumed]', 'https://prod-1.storage.jamendo.com/?trackid=171&format=mp31&from=8CSIkMvwtD6jzKZ%2BPEaUMQ%3D%3D%7Cj5s5oI6ivq8l2vQOXyWixQ%3D%3D'
08-22 16:50:47.836 I/ReactNativeJS( 8531): '[INFO]', '[PlaybackTrace][Controller][loadAndResume:before]', { uri: 'https://prod-1.storage.jamendo.com/?trackid=171&format=mp31&from=8CSIkMvwtD6jzKZ%2BPEaUMQ%3D%3D%7Cj5s5oI6ivq8l2vQOXyWixQ%3D%3D',
08-22 16:50:47.838 I/ReactNativeJS( 8531): '[INFO]', '[PlaybackTrace][Controller][loadAndResume:loaded]', 'https://prod-1.storage.jamendo.com/?trackid=171&format=mp31&from=8CSIkMvwtD6jzKZ%2BPEaUMQ%3D%3D%7Cj5s5oI6ivq8l2vQOXyWixQ%3D%3D'
08-22 16:50:47.839 I/ReactNativeJS( 8531): '[INFO]', '[PlaybackTrace][Controller][loadAndResume:resumed]', 'https://prod-1.storage.jamendo.com/?trackid=171&format=mp31&from=8CSIkMvwtD6jzKZ%2BPEaUMQ%3D%3D%7Cj5s5oI6ivq8l2vQOXyWixQ%3D%3D'
08-22 16:50:47.840 I/ReactNativeJS( 8531): '[INFO]', '[PlaybackTrace][Controller][loadAndResume:before]', { uri: 'https://prod-1.storage.jamendo.com/?trackid=171&format=mp31&from=8CSIkMvwtD6jzKZ%2BPEaUMQ%3D%3D%7Cj5s5oI6ivq8l2vQOXyWixQ%3D%3D',
08-22 16:50:47.842 I/ReactNativeJS( 8531): '[INFO]', '[PlaybackTrace][Controller][loadAndResume:loaded]', 'https://prod-1.storage.jamendo.com/?trackid=171&format=mp31&from=8CSIkMvwtD6jzKZ%2BPEaUMQ%3D%3D%7Cj5s5oI6ivq8l2vQOXyWixQ%3D%3D'
08-22 16:50:47.843 I/ReactNativeJS( 8531): '[INFO]', '[PlaybackTrace][Controller][loadAndResume:resumed]', 'https://prod-1.storage.jamendo.com/?trackid=171&format=mp31&from=8CSIkMvwtD6jzKZ%2BPEaUMQ%3D%3D%7Cj5s5oI6ivq8l2vQOXyWixQ%3D%3D'
08-22 16:50:47.935 I/ReactNativeJS( 8531): '[INFO]', '[PlaybackTrace][Controller][loadAndResume:before]', { uri: 'https://prod-1.storage.jamendo.com/?trackid=171&format=mp31&from=8CSIkMvwtD6jzKZ%2BPEaUMQ%3D%3D%7Cj5s5oI6ivq8l2vQOXyWixQ%3D%3D',
08-22 16:50:47.939 I/ReactNativeJS( 8531): '[INFO]', '[PlaybackTrace][Controller][loadAndResume:loaded]', 'https://prod-1.storage.jamendo.com/?trackid=171&format=mp31&from=8CSIkMvwtD6jzKZ%2BPEaUMQ%3D%3D%7Cj5s5oI6ivq8l2vQOXyWixQ%3D%3D'
08-22 16:50:47.942 I/ReactNativeJS( 8531): '[INFO]', '[PlaybackTrace][Controller][loadAndResume:resumed]', 'https://prod-1.storage.jamendo.com/?trackid=171&format=mp31&from=8CSIkMvwtD6jzKZ%2BPEaUMQ%3D%3D%7Cj5s5oI6ivq8l2vQOXyWixQ%3D%3D'
08-22 16:50:48.563 I/ReactNativeJS( 8531): '[INFO]', '[PlaybackTrace][Controller][loadAndResume:before]', { uri: 'https://prod-1.storage.jamendo.com/?trackid=171&format=mp31&from=8CSIkMvwtD6jzKZ%2BPEaUMQ%3D%3D%7Cj5s5oI6ivq8l2vQOXyWixQ%3D%3D',
08-22 16:50:48.565 I/ReactNativeJS( 8531): '[INFO]', '[PlaybackTrace][Controller][loadAndResume:loaded]', 'https://prod-1.storage.jamendo.com/?trackid=171&format=mp31&from=8CSIkMvwtD6jzKZ%2BPEaUMQ%3D%3D%7Cj5s5oI6ivq8l2vQOXyWixQ%3D%3D'
08-22 16:50:48.566 I/ReactNativeJS( 8531): '[INFO]', '[PlaybackTrace][Controller][loadAndResume:resumed]', 'https://prod-1.storage.jamendo.com/?trackid=171&format=mp31&from=8CSIkMvwtD6jzKZ%2BPEaUMQ%3D%3D%7Cj5s5oI6ivq8l2vQOXyWixQ%3D%3D'
08-22 16:50:49.118 I/ReactNativeJS( 8531): '[INFO]', '[PlaybackTrace][Controller][loadAndResume:before]', { uri: 'https://prod-1.storage.jamendo.com/?trackid=171&format=mp31&from=8CSIkMvwtD6jzKZ%2BPEaUMQ%3D%3D%7Cj5s5oI6ivq8l2vQOXyWixQ%3D%3D',
08-22 16:50:49.120 I/ReactNativeJS( 8531): '[INFO]', '[PlaybackTrace][Controller][loadAndResume:loaded]', 'https://prod-1.storage.jamendo.com/?trackid=171&format=mp31&from=8CSIkMvwtD6jzKZ%2BPEaUMQ%3D%3D%7Cj5s5oI6ivq8l2vQOXyWixQ%3D%3D'
08-22 16:50:49.122 I/ReactNativeJS( 8531): '[INFO]', '[PlaybackTrace][Controller][loadAndResume:resumed]', 'https://prod-1.storage.jamendo.com/?trackid=171&format=mp31&from=8CSIkMvwtD6jzKZ%2BPEaUMQ%3D%3D%7Cj5s5oI6ivq8l2vQOXyWixQ%3D%3D'
08-22 16:50:49.169 I/ReactNativeJS( 8531): '[INFO]', '[PlaybackTrace][Controller][loadAndResume:before]', { uri: 'https://prod-1.storage.jamendo.com/?trackid=171&format=mp31&from=8CSIkMvwtD6jzKZ%2BPEaUMQ%3D%3D%7Cj5s5oI6ivq8l2vQOXyWixQ%3D%3D',
08-22 16:50:49.170 I/ReactNativeJS( 8531): '[INFO]', '[PlaybackTrace][Controller][loadAndResume:loaded]', 'https://prod-1.storage.jamendo.com/?trackid=171&format=mp31&from=8CSIkMvwtD6jzKZ%2BPEaUMQ%3D%3D%7Cj5s5oI6ivq8l2vQOXyWixQ%3D%3D'
08-22 16:50:49.171 I/ReactNativeJS( 8531): '[INFO]', '[PlaybackTrace][Controller][loadAndResume:resumed]', 'https://prod-1.storage.jamendo.com/?trackid=171&format=mp31&from=8CSIkMvwtD6jzKZ%2BPEaUMQ%3D%3D%7Cj5s5oI6ivq8l2vQOXyWixQ%3D%3D'
08-22 16:50:49.419 I/ReactNativeJS( 8531): '[INFO]', '[PlaybackTrace][Controller][loadAndResume:before]', { uri: 'https://prod-1.storage.jamendo.com/?trackid=171&format=mp31&from=8CSIkMvwtD6jzKZ%2BPEaUMQ%3D%3D%7Cj5s5oI6ivq8l2vQOXyWixQ%3D%3D',
08-22 16:50:49.421 I/ReactNativeJS( 8531): '[INFO]', '[PlaybackTrace][Controller][loadAndResume:loaded]', 'https://prod-1.storage.jamendo.com/?trackid=171&format=mp31&from=8CSIkMvwtD6jzKZ%2BPEaUMQ%3D%3D%7Cj5s5oI6ivq8l2vQOXyWixQ%3D%3D'
08-22 16:50:49.422 I/ReactNativeJS( 8531): '[INFO]', '[PlaybackTrace][Controller][loadAndResume:resumed]', 'https://prod-1.storage.jamendo.com/?trackid=171&format=mp31&from=8CSIkMvwtD6jzKZ%2BPEaUMQ%3D%3D%7Cj5s5oI6ivq8l2vQOXyWixQ%3D%3D'
08-22 16:50:50.070 I/ReactNativeJS( 8531): '[INFO]', '[PlaybackTrace][Controller][loadAndResume:before]', { uri: 'https://prod-1.storage.jamendo.com/?trackid=171&format=mp31&from=8CSIkMvwtD6jzKZ%2BPEaUMQ%3D%3D%7Cj5s5oI6ivq8l2vQOXyWixQ%3D%3D',
08-22 16:50:50.073 I/ReactNativeJS( 8531): '[INFO]', '[PlaybackTrace][Controller][loadAndResume:loaded]', 'https://prod-1.storage.jamendo.com/?trackid=171&format=mp31&from=8CSIkMvwtD6jzKZ%2BPEaUMQ%3D%3D%7Cj5s5oI6ivq8l2vQOXyWixQ%3D%3D'
08-22 16:50:50.074 I/ReactNativeJS( 8531): '[INFO]', '[PlaybackTrace][Controller][loadAndResume:resumed]', 'https://prod-1.storage.jamendo.com/?trackid=171&format=mp31&from=8CSIkMvwtD6jzKZ%2BPEaUMQ%3D%3D%7Cj5s5oI6ivq8l2vQOXyWixQ%3D%3D'
08-22 16:50:50.106 I/ReactNativeJS( 8531): '[INFO]', '[PlaybackTrace][Controller][loadAndResume:before]', { uri: 'https://prod-1.storage.jamendo.com/?trackid=171&format=mp31&from=8CSIkMvwtD6jzKZ%2BPEaUMQ%3D%3D%7Cj5s5oI6ivq8l2vQOXyWixQ%3D%3D',
08-22 16:50:50.109 I/ReactNativeJS( 8531): '[INFO]', '[PlaybackTrace][Controller][loadAndResume:loaded]', 'https://prod-1.storage.jamendo.com/?trackid=171&format=mp31&from=8CSIkMvwtD6jzKZ%2BPEaUMQ%3D%3D%7Cj5s5oI6ivq8l2vQOXyWixQ%3D%3D'
08-22 16:50:50.109 I/ReactNativeJS( 8531): '[INFO]', '[PlaybackTrace][Controller][loadAndResume:resumed]', 'https://prod-1.storage.jamendo.com/?trackid=171&format=mp31&from=8CSIkMvwtD6jzKZ%2BPEaUMQ%3D%3D%7Cj5s5oI6ivq8l2vQOXyWixQ%3D%3D'
08-22 16:50:50.636 I/ReactNativeJS( 8531): '[INFO]', '[PlaybackTrace][Controller][loadAndResume:before]', { uri: 'https://prod-1.storage.jamendo.com/?trackid=171&format=mp31&from=8CSIkMvwtD6jzKZ%2BPEaUMQ%3D%3D%7Cj5s5oI6ivq8l2vQOXyWixQ%3D%3D',
08-22 16:50:50.639 I/ReactNativeJS( 8531): '[INFO]', '[PlaybackTrace][Controller][loadAndResume:loaded]', 'https://prod-1.storage.jamendo.com/?trackid=171&format=mp31&from=8CSIkMvwtD6jzKZ%2BPEaUMQ%3D%3D%7Cj5s5oI6ivq8l2vQOXyWixQ%3D%3D'
08-22 16:50:50.641 I/ReactNativeJS( 8531): '[INFO]', '[PlaybackTrace][Controller][loadAndResume:resumed]', 'https://prod-1.storage.jamendo.com/?trackid=171&format=mp31&from=8CSIkMvwtD6jzKZ%2BPEaUMQ%3D%3D%7Cj5s5oI6ivq8l2vQOXyWixQ%3D%3D'
08-22 16:50:51.370 I/ReactNativeJS( 8531): '[INFO]', '[PlaybackTrace][Controller][loadAndResume:before]', { uri: 'https://prod-1.storage.jamendo.com/?trackid=171&format=mp31&from=8CSIkMvwtD6jzKZ%2BPEaUMQ%3D%3D%7Cj5s5oI6ivq8l2vQOXyWixQ%3D%3D',
08-22 16:50:51.371 I/ReactNativeJS( 8531): '[INFO]', '[PlaybackTrace][Controller][loadAndResume:loaded]', 'https://prod-1.storage.jamendo.com/?trackid=171&format=mp31&from=8CSIkMvwtD6jzKZ%2BPEaUMQ%3D%3D%7Cj5s5oI6ivq8l2vQOXyWixQ%3D%3D'
08-22 16:50:51.372 I/ReactNativeJS( 8531): '[INFO]', '[PlaybackTrace][Controller][loadAndResume:resumed]', 'https://prod-1.storage.jamendo.com/?trackid=171&format=mp31&from=8CSIkMvwtD6jzKZ%2BPEaUMQ%3D%3D%7Cj5s5oI6ivq8l2vQOXyWixQ%3D%3D'
08-22 16:50:51.453 I/ReactNativeJS( 8531): '[INFO]', '[PlaybackTrace][Controller][loadAndResume:before]', { uri: 'https://prod-1.storage.jamendo.com/?trackid=171&format=mp31&from=8CSIkMvwtD6jzKZ%2BPEaUMQ%3D%3D%7Cj5s5oI6ivq8l2vQOXyWixQ%3D%3D',
08-22 16:50:51.455 I/ReactNativeJS( 8531): '[INFO]', '[PlaybackTrace][Controller][loadAndResume:loaded]', 'https://prod-1.storage.jamendo.com/?trackid=171&format=mp31&from=8CSIkMvwtD6jzKZ%2BPEaUMQ%3D%3D%7Cj5s5oI6ivq8l2vQOXyWixQ%3D%3D'
08-22 16:50:51.457 I/ReactNativeJS( 8531): '[INFO]', '[PlaybackTrace][Controller][loadAndResume:resumed]', 'https://prod-1.storage.jamendo.com/?trackid=171&format=mp31&from=8CSIkMvwtD6jzKZ%2BPEaUMQ%3D%3D%7Cj5s5oI6ivq8l2vQOXyWixQ%3D%3D'
08-22 16:50:51.469 I/ReactNativeJS( 8531): '[INFO]', '[PlaybackTrace][Controller][loadAndResume:before]', { uri: 'https://prod-1.storage.jamendo.com/?trackid=171&format=mp31&from=8CSIkMvwtD6jzKZ%2BPEaUMQ%3D%3D%7Cj5s5oI6ivq8l2vQOXyWixQ%3D%3D',
08-22 16:50:51.471 I/ReactNativeJS( 8531): '[INFO]', '[PlaybackTrace][Controller][loadAndResume:loaded]', 'https://prod-1.storage.jamendo.com/?trackid=171&format=mp31&from=8CSIkMvwtD6jzKZ%2BPEaUMQ%3D%3D%7Cj5s5oI6ivq8l2vQOXyWixQ%3D%3D'
08-22 16:50:51.471 I/ReactNativeJS( 8531): '[INFO]', '[PlaybackTrace][Controller][loadAndResume:resumed]', 'https://prod-1.storage.jamendo.com/?trackid=171&format=mp31&from=8CSIkMvwtD6jzKZ%2BPEaUMQ%3D%3D%7Cj5s5oI6ivq8l2vQOXyWixQ%3D%3D'
08-22 16:50:51.536 I/ReactNativeJS( 8531): '[INFO]', '[PlaybackTrace][Controller][loadAndResume:before]', { uri: 'https://prod-1.storage.jamendo.com/?trackid=171&format=mp31&from=8CSIkMvwtD6jzKZ%2BPEaUMQ%3D%3D%7Cj5s5oI6ivq8l2vQOXyWixQ%3D%3D',
08-22 16:50:51.539 I/ReactNativeJS( 8531): '[INFO]', '[PlaybackTrace][Controller][loadAndResume:loaded]', 'https://prod-1.storage.jamendo.com/?trackid=171&format=mp31&from=8CSIkMvwtD6jzKZ%2BPEaUMQ%3D%3D%7Cj5s5oI6ivq8l2vQOXyWixQ%3D%3D'
08-22 16:50:51.540 I/ReactNativeJS( 8531): '[INFO]', '[PlaybackTrace][Controller][loadAndResume:resumed]', 'https://prod-1.storage.jamendo.com/?trackid=171&format=mp31&from=8CSIkMvwtD6jzKZ%2BPEaUMQ%3D%3D%7Cj5s5oI6ivq8l2vQOXyWixQ%3D%3D'
08-22 16:50:51.586 I/ReactNativeJS( 8531): '[INFO]', '[PlaybackTrace][Controller][loadAndResume:before]', { uri: 'https://prod-1.storage.jamendo.com/?trackid=171&format=mp31&from=8CSIkMvwtD6jzKZ%2BPEaUMQ%3D%3D%7Cj5s5oI6ivq8l2vQOXyWixQ%3D%3D',
08-22 16:50:51.590 I/ReactNativeJS( 8531): '[INFO]', '[PlaybackTrace][Controller][loadAndResume:loaded]', 'https://prod-1.storage.jamendo.com/?trackid=171&format=mp31&from=8CSIkMvwtD6jzKZ%2BPEaUMQ%3D%3D%7Cj5s5oI6ivq8l2vQOXyWixQ%3D%3D'
08-22 16:50:51.591 I/ReactNativeJS( 8531): '[INFO]', '[PlaybackTrace][Controller][loadAndResume:resumed]', 'https://prod-1.storage.jamendo.com/?trackid=171&format=mp31&from=8CSIkMvwtD6jzKZ%2BPEaUMQ%3D%3D%7Cj5s5oI6ivq8l2vQOXyWixQ%3D%3D'
08-22 16:50:51.592 I/ReactNativeJS( 8531): '[INFO]', '[PlaybackTrace][Controller][loadAndResume:before]', { uri: 'https://prod-1.storage.jamendo.com/?trackid=171&format=mp31&from=8CSIkMvwtD6jzKZ%2BPEaUMQ%3D%3D%7Cj5s5oI6ivq8l2vQOXyWixQ%3D%3D',
08-22 16:50:51.596 I/ReactNativeJS( 8531): '[INFO]', '[PlaybackTrace][Controller][loadAndResume:loaded]', 'https://prod-1.storage.jamendo.com/?trackid=171&format=mp31&from=8CSIkMvwtD6jzKZ%2BPEaUMQ%3D%3D%7Cj5s5oI6ivq8l2vQOXyWixQ%3D%3D'
08-22 16:50:51.601 I/ReactNativeJS( 8531): '[INFO]', '[PlaybackTrace][Controller][loadAndResume:resumed]', 'https://prod-1.storage.jamendo.com/?trackid=171&format=mp31&from=8CSIkMvwtD6jzKZ%2BPEaUMQ%3D%3D%7Cj5s5oI6ivq8l2vQOXyWixQ%3D%3D'
08-22 16:50:52.436 I/ReactNativeJS( 8531): '[INFO]', '[PlaybackTrace][Controller][loadAndResume:before]', { uri: 'https://prod-1.storage.jamendo.com/?trackid=171&format=mp31&from=8CSIkMvwtD6jzKZ%2BPEaUMQ%3D%3D%7Cj5s5oI6ivq8l2vQOXyWixQ%3D%3D',
08-22 16:50:52.440 I/ReactNativeJS( 8531): '[INFO]', '[PlaybackTrace][Controller][loadAndResume:loaded]', 'https://prod-1.storage.jamendo.com/?trackid=171&format=mp31&from=8CSIkMvwtD6jzKZ%2BPEaUMQ%3D%3D%7Cj5s5oI6ivq8l2vQOXyWixQ%3D%3D'
08-22 16:50:52.442 I/ReactNativeJS( 8531): '[INFO]', '[PlaybackTrace][Controller][loadAndResume:resumed]', 'https://prod-1.storage.jamendo.com/?trackid=171&format=mp31&from=8CSIkMvwtD6jzKZ%2BPEaUMQ%3D%3D%7Cj5s5oI6ivq8l2vQOXyWixQ%3D%3D'
08-22 16:50:52.786 I/ReactNativeJS( 8531): '[INFO]', '[PlaybackTrace][Controller][loadAndResume:before]', { uri: 'https://prod-1.storage.jamendo.com/?trackid=171&format=mp31&from=8CSIkMvwtD6jzKZ%2BPEaUMQ%3D%3D%7Cj5s5oI6ivq8l2vQOXyWixQ%3D%3D',
08-22 16:50:52.791 I/ReactNativeJS( 8531): '[INFO]', '[PlaybackTrace][Controller][loadAndResume:loaded]', 'https://prod-1.storage.jamendo.com/?trackid=171&format=mp31&from=8CSIkMvwtD6jzKZ%2BPEaUMQ%3D%3D%7Cj5s5oI6ivq8l2vQOXyWixQ%3D%3D'
08-22 16:50:52.793 I/ReactNativeJS( 8531): '[INFO]', '[PlaybackTrace][Controller][loadAndResume:resumed]', 'https://prod-1.storage.jamendo.com/?trackid=171&format=mp31&from=8CSIkMvwtD6jzKZ%2BPEaUMQ%3D%3D%7Cj5s5oI6ivq8l2vQOXyWixQ%3D%3D'
08-22 16:50:52.952 I/ReactNativeJS( 8531): '[INFO]', '[PlaybackTrace][Controller][loadAndResume:before]', { uri: 'https://prod-1.storage.jamendo.com/?trackid=171&format=mp31&from=8CSIkMvwtD6jzKZ%2BPEaUMQ%3D%3D%7Cj5s5oI6ivq8l2vQOXyWixQ%3D%3D',
08-22 16:50:52.954 I/ReactNativeJS( 8531): '[INFO]', '[PlaybackTrace][Controller][loadAndResume:loaded]', 'https://prod-1.storage.jamendo.com/?trackid=171&format=mp31&from=8CSIkMvwtD6jzKZ%2BPEaUMQ%3D%3D%7Cj5s5oI6ivq8l2vQOXyWixQ%3D%3D'
08-22 16:50:52.955 I/ReactNativeJS( 8531): '[INFO]', '[PlaybackTrace][Controller][loadAndResume:resumed]', 'https://prod-1.storage.jamendo.com/?trackid=171&format=mp31&from=8CSIkMvwtD6jzKZ%2BPEaUMQ%3D%3D%7Cj5s5oI6ivq8l2vQOXyWixQ%3D%3D'
08-22 16:50:53.613 I/ReactNativeJS( 8531): '[INFO]', '[PlaybackTrace][Controller][loadAndResume:before]', { uri: 'https://prod-1.storage.jamendo.com/?trackid=171&format=mp31&from=8CSIkMvwtD6jzKZ%2BPEaUMQ%3D%3D%7Cj5s5oI6ivq8l2vQOXyWixQ%3D%3D',
08-22 16:50:53.617 I/ReactNativeJS( 8531): '[INFO]', '[PlaybackTrace][Controller][loadAndResume:loaded]', 'https://prod-1.storage.jamendo.com/?trackid=171&format=mp31&from=8CSIkMvwtD6jzKZ%2BPEaUMQ%3D%3D%7Cj5s5oI6ivq8l2vQOXyWixQ%3D%3D'
08-22 16:50:53.619 I/ReactNativeJS( 8531): '[INFO]', '[PlaybackTrace][Controller][loadAndResume:resumed]', 'https://prod-1.storage.jamendo.com/?trackid=171&format=mp31&from=8CSIkMvwtD6jzKZ%2BPEaUMQ%3D%3D%7Cj5s5oI6ivq8l2vQOXyWixQ%3D%3D'
08-22 16:50:53.740 I/ReactNativeJS( 8531): '[INFO]', '[PlaybackTrace][Controller][loadAndResume:before]', { uri: 'https://prod-1.storage.jamendo.com/?trackid=171&format=mp31&from=8CSIkMvwtD6jzKZ%2BPEaUMQ%3D%3D%7Cj5s5oI6ivq8l2vQOXyWixQ%3D%3D',
08-22 16:50:53.742 I/ReactNativeJS( 8531): '[INFO]', '[PlaybackTrace][Controller][loadAndResume:loaded]', 'https://prod-1.storage.jamendo.com/?trackid=171&format=mp31&from=8CSIkMvwtD6jzKZ%2BPEaUMQ%3D%3D%7Cj5s5oI6ivq8l2vQOXyWixQ%3D%3D'
08-22 16:50:53.743 I/ReactNativeJS( 8531): '[INFO]', '[PlaybackTrace][Controller][loadAndResume:resumed]', 'https://prod-1.storage.jamendo.com/?trackid=171&format=mp31&from=8CSIkMvwtD6jzKZ%2BPEaUMQ%3D%3D%7Cj5s5oI6ivq8l2vQOXyWixQ%3D%3D'
08-22 16:50:53.770 I/ReactNativeJS( 8531): '[INFO]', '[PlaybackTrace][Controller][loadAndResume:before]', { uri: 'https://prod-1.storage.jamendo.com/?trackid=171&format=mp31&from=8CSIkMvwtD6jzKZ%2BPEaUMQ%3D%3D%7Cj5s5oI6ivq8l2vQOXyWixQ%3D%3D',
08-22 16:50:53.772 I/ReactNativeJS( 8531): '[INFO]', '[PlaybackTrace][Controller][loadAndResume:loaded]', 'https://prod-1.storage.jamendo.com/?trackid=171&format=mp31&from=8CSIkMvwtD6jzKZ%2BPEaUMQ%3D%3D%7Cj5s5oI6ivq8l2vQOXyWixQ%3D%3D'
08-22 16:50:53.774 I/ReactNativeJS( 8531): '[INFO]', '[PlaybackTrace][Controller][loadAndResume:resumed]', 'https://prod-1.storage.jamendo.com/?trackid=171&format=mp31&from=8CSIkMvwtD6jzKZ%2BPEaUMQ%3D%3D%7Cj5s5oI6ivq8l2vQOXyWixQ%3D%3D'
08-22 16:50:54.003 I/ReactNativeJS( 8531): '[INFO]', '[PlaybackTrace][Controller][handlePlayPause]', { nativeState: 'playing',
08-22 16:50:54.311 I/ReactNativeJS( 8531): '[INFO]', '[PlaybackTrace][Controller][loadAndResume:before]', { uri: 'https://prod-1.storage.jamendo.com/?trackid=171&format=mp31&from=8CSIkMvwtD6jzKZ%2BPEaUMQ%3D%3D%7Cj5s5oI6ivq8l2vQOXyWixQ%3D%3D',
08-22 16:50:54.317 I/ReactNativeJS( 8531): '[INFO]', '[PlaybackTrace][Controller][loadAndResume:loaded]', 'https://prod-1.storage.jamendo.com/?trackid=171&format=mp31&from=8CSIkMvwtD6jzKZ%2BPEaUMQ%3D%3D%7Cj5s5oI6ivq8l2vQOXyWixQ%3D%3D'
08-22 16:50:54.318 I/ReactNativeJS( 8531): '[INFO]', '[PlaybackTrace][Controller][loadAndResume:resumed]', 'https://prod-1.storage.jamendo.com/?trackid=171&format=mp31&from=8CSIkMvwtD6jzKZ%2BPEaUMQ%3D%3D%7Cj5s5oI6ivq8l2vQOXyWixQ%3D%3D'
08-22 16:50:54.421 I/ReactNativeJS( 8531): '[INFO]', '[PlaybackTrace][Controller][loadAndResume:before]', { uri: 'https://prod-1.storage.jamendo.com/?trackid=171&format=mp31&from=8CSIkMvwtD6jzKZ%2BPEaUMQ%3D%3D%7Cj5s5oI6ivq8l2vQOXyWixQ%3D%3D',
08-22 16:50:54.422 I/ReactNativeJS( 8531): '[INFO]', '[PlaybackTrace][Controller][loadAndResume:loaded]', 'https://prod-1.storage.jamendo.com/?trackid=171&format=mp31&from=8CSIkMvwtD6jzKZ%2BPEaUMQ%3D%3D%7Cj5s5oI6ivq8l2vQOXyWixQ%3D%3D'
08-22 16:50:54.424 I/ReactNativeJS( 8531): '[INFO]', '[PlaybackTrace][Controller][loadAndResume:resumed]', 'https://prod-1.storage.jamendo.com/?trackid=171&format=mp31&from=8CSIkMvwtD6jzKZ%2BPEaUMQ%3D%3D%7Cj5s5oI6ivq8l2vQOXyWixQ%3D%3D'
08-22 16:50:54.530 I/ReactNativeJS( 8531): '[INFO]', '[PlaybackTrace][Controller][loadAndResume:before]', { uri: 'https://prod-1.storage.jamendo.com/?trackid=171&format=mp31&from=8CSIkMvwtD6jzKZ%2BPEaUMQ%3D%3D%7Cj5s5oI6ivq8l2vQOXyWixQ%3D%3D',
08-22 16:50:54.532 I/ReactNativeJS( 8531): '[INFO]', '[PlaybackTrace][Controller][loadAndResume:loaded]', 'https://prod-1.storage.jamendo.com/?trackid=171&format=mp31&from=8CSIkMvwtD6jzKZ%2BPEaUMQ%3D%3D%7Cj5s5oI6ivq8l2vQOXyWixQ%3D%3D'
08-22 16:50:54.533 I/ReactNativeJS( 8531): '[INFO]', '[PlaybackTrace][Controller][loadAndResume:resumed]', 'https://prod-1.storage.jamendo.com/?trackid=171&format=mp31&from=8CSIkMvwtD6jzKZ%2BPEaUMQ%3D%3D%7Cj5s5oI6ivq8l2vQOXyWixQ%3D%3D'
08-22 16:50:55.141 I/ReactNativeJS( 8531): '[INFO]', '[PlaybackTrace][Controller][loadAndResume:before]', { uri: 'https://prod-1.storage.jamendo.com/?trackid=171&format=mp31&from=8CSIkMvwtD6jzKZ%2BPEaUMQ%3D%3D%7Cj5s5oI6ivq8l2vQOXyWixQ%3D%3D',
08-22 16:50:55.142 I/ReactNativeJS( 8531): '[INFO]', '[PlaybackTrace][Controller][loadAndResume:loaded]', 'https://prod-1.storage.jamendo.com/?trackid=171&format=mp31&from=8CSIkMvwtD6jzKZ%2BPEaUMQ%3D%3D%7Cj5s5oI6ivq8l2vQOXyWixQ%3D%3D'
08-22 16:50:55.144 I/ReactNativeJS( 8531): '[INFO]', '[PlaybackTrace][Controller][loadAndResume:resumed]', 'https://prod-1.storage.jamendo.com/?trackid=171&format=mp31&from=8CSIkMvwtD6jzKZ%2BPEaUMQ%3D%3D%7Cj5s5oI6ivq8l2vQOXyWixQ%3D%3D'
08-22 16:50:55.154 I/ReactNativeJS( 8531): '[INFO]', '[PlaybackTrace][Controller][loadAndResume:before]', { uri: 'https://prod-1.storage.jamendo.com/?trackid=171&format=mp31&from=8CSIkMvwtD6jzKZ%2BPEaUMQ%3D%3D%7Cj5s5oI6ivq8l2vQOXyWixQ%3D%3D',
08-22 16:50:55.155 I/ReactNativeJS( 8531): '[INFO]', '[PlaybackTrace][Controller][loadAndResume:loaded]', 'https://prod-1.storage.jamendo.com/?trackid=171&format=mp31&from=8CSIkMvwtD6jzKZ%2BPEaUMQ%3D%3D%7Cj5s5oI6ivq8l2vQOXyWixQ%3D%3D'
08-22 16:50:55.156 I/ReactNativeJS( 8531): '[INFO]', '[PlaybackTrace][Controller][loadAndResume:resumed]', 'https://prod-1.storage.jamendo.com/?trackid=171&format=mp31&from=8CSIkMvwtD6jzKZ%2BPEaUMQ%3D%3D%7Cj5s5oI6ivq8l2vQOXyWixQ%3D%3D'
08-22 16:50:55.237 I/ReactNativeJS( 8531): '[INFO]', '[PlaybackTrace][Controller][loadAndResume:before]', { uri: 'https://prod-1.storage.jamendo.com/?trackid=171&format=mp31&from=8CSIkMvwtD6jzKZ%2BPEaUMQ%3D%3D%7Cj5s5oI6ivq8l2vQOXyWixQ%3D%3D',
08-22 16:50:55.240 I/ReactNativeJS( 8531): '[INFO]', '[PlaybackTrace][Controller][loadAndResume:loaded]', 'https://prod-1.storage.jamendo.com/?trackid=171&format=mp31&from=8CSIkMvwtD6jzKZ%2BPEaUMQ%3D%3D%7Cj5s5oI6ivq8l2vQOXyWixQ%3D%3D'
08-22 16:50:55.241 I/ReactNativeJS( 8531): '[INFO]', '[PlaybackTrace][Controller][loadAndResume:resumed]', 'https://prod-1.storage.jamendo.com/?trackid=171&format=mp31&from=8CSIkMvwtD6jzKZ%2BPEaUMQ%3D%3D%7Cj5s5oI6ivq8l2vQOXyWixQ%3D%3D'
08-22 16:50:55.836 I/ReactNativeJS( 8531): '[INFO]', '[PlaybackTrace][Controller][loadAndResume:before]', { uri: 'https://prod-1.storage.jamendo.com/?trackid=171&format=mp31&from=8CSIkMvwtD6jzKZ%2BPEaUMQ%3D%3D%7Cj5s5oI6ivq8l2vQOXyWixQ%3D%3D',
08-22 16:50:55.840 I/ReactNativeJS( 8531): '[INFO]', '[PlaybackTrace][Controller][loadAndResume:loaded]', 'https://prod-1.storage.jamendo.com/?trackid=171&format=mp31&from=8CSIkMvwtD6jzKZ%2BPEaUMQ%3D%3D%7Cj5s5oI6ivq8l2vQOXyWixQ%3D%3D'
08-22 16:50:55.841 I/ReactNativeJS( 8531): '[INFO]', '[PlaybackTrace][Controller][loadAndResume:resumed]', 'https://prod-1.storage.jamendo.com/?trackid=171&format=mp31&from=8CSIkMvwtD6jzKZ%2BPEaUMQ%3D%3D%7Cj5s5oI6ivq8l2vQOXyWixQ%3D%3D'
08-22 16:50:55.986 I/ReactNativeJS( 8531): '[INFO]', '[PlaybackTrace][Controller][loadAndResume:before]', { uri: 'https://prod-1.storage.jamendo.com/?trackid=171&format=mp31&from=8CSIkMvwtD6jzKZ%2BPEaUMQ%3D%3D%7Cj5s5oI6ivq8l2vQOXyWixQ%3D%3D',
08-22 16:50:55.988 I/ReactNativeJS( 8531): '[INFO]', '[PlaybackTrace][Controller][loadAndResume:loaded]', 'https://prod-1.storage.jamendo.com/?trackid=171&format=mp31&from=8CSIkMvwtD6jzKZ%2BPEaUMQ%3D%3D%7Cj5s5oI6ivq8l2vQOXyWixQ%3D%3D'
08-22 16:50:55.989 I/ReactNativeJS( 8531): '[INFO]', '[PlaybackTrace][Controller][loadAndResume:resumed]', 'https://prod-1.storage.jamendo.com/?trackid=171&format=mp31&from=8CSIkMvwtD6jzKZ%2BPEaUMQ%3D%3D%7Cj5s5oI6ivq8l2vQOXyWixQ%3D%3D'
08-22 16:50:56.036 I/ReactNativeJS( 8531): '[INFO]', '[PlaybackTrace][Controller][loadAndResume:before]', { uri: 'https://prod-1.storage.jamendo.com/?trackid=171&format=mp31&from=8CSIkMvwtD6jzKZ%2BPEaUMQ%3D%3D%7Cj5s5oI6ivq8l2vQOXyWixQ%3D%3D',
08-22 16:50:56.039 I/ReactNativeJS( 8531): '[INFO]', '[PlaybackTrace][Controller][loadAndResume:loaded]', 'https://prod-1.storage.jamendo.com/?trackid=171&format=mp31&from=8CSIkMvwtD6jzKZ%2BPEaUMQ%3D%3D%7Cj5s5oI6ivq8l2vQOXyWixQ%3D%3D'
08-22 16:50:56.040 I/ReactNativeJS( 8531): '[INFO]', '[PlaybackTrace][Controller][loadAndResume:resumed]', 'https://prod-1.storage.jamendo.com/?trackid=171&format=mp31&from=8CSIkMvwtD6jzKZ%2BPEaUMQ%3D%3D%7Cj5s5oI6ivq8l2vQOXyWixQ%3D%3D'
08-22 16:50:56.552 I/ReactNativeJS( 8531): '[INFO]', '[PlaybackTrace][Controller][loadAndResume:before]', { uri: 'https://prod-1.storage.jamendo.com/?trackid=171&format=mp31&from=8CSIkMvwtD6jzKZ%2BPEaUMQ%3D%3D%7Cj5s5oI6ivq8l2vQOXyWixQ%3D%3D',
08-22 16:50:56.556 I/ReactNativeJS( 8531): '[INFO]', '[PlaybackTrace][Controller][loadAndResume:loaded]', 'https://prod-1.storage.jamendo.com/?trackid=171&format=mp31&from=8CSIkMvwtD6jzKZ%2BPEaUMQ%3D%3D%7Cj5s5oI6ivq8l2vQOXyWixQ%3D%3D'
08-22 16:50:56.558 I/ReactNativeJS( 8531): '[INFO]', '[PlaybackTrace][Controller][loadAndResume:resumed]', 'https://prod-1.storage.jamendo.com/?trackid=171&format=mp31&from=8CSIkMvwtD6jzKZ%2BPEaUMQ%3D%3D%7Cj5s5oI6ivq8l2vQOXyWixQ%3D%3D'
08-22 16:50:56.586 I/ReactNativeJS( 8531): '[INFO]', '[PlaybackTrace][Controller][loadAndResume:before]', { uri: 'https://prod-1.storage.jamendo.com/?trackid=171&format=mp31&from=8CSIkMvwtD6jzKZ%2BPEaUMQ%3D%3D%7Cj5s5oI6ivq8l2vQOXyWixQ%3D%3D',
08-22 16:50:56.588 I/ReactNativeJS( 8531): '[INFO]', '[PlaybackTrace][Controller][loadAndResume:loaded]', 'https://prod-1.storage.jamendo.com/?trackid=171&format=mp31&from=8CSIkMvwtD6jzKZ%2BPEaUMQ%3D%3D%7Cj5s5oI6ivq8l2vQOXyWixQ%3D%3D'
08-22 16:50:56.589 I/ReactNativeJS( 8531): '[INFO]', '[PlaybackTrace][Controller][loadAndResume:resumed]', 'https://prod-1.storage.jamendo.com/?trackid=171&format=mp31&from=8CSIkMvwtD6jzKZ%2BPEaUMQ%3D%3D%7Cj5s5oI6ivq8l2vQOXyWixQ%3D%3D'
08-22 16:50:56.636 I/ReactNativeJS( 8531): '[INFO]', '[PlaybackTrace][Controller][loadAndResume:before]', { uri: 'https://prod-1.storage.jamendo.com/?trackid=171&format=mp31&from=8CSIkMvwtD6jzKZ%2BPEaUMQ%3D%3D%7Cj5s5oI6ivq8l2vQOXyWixQ%3D%3D',
08-22 16:50:56.640 I/ReactNativeJS( 8531): '[INFO]', '[PlaybackTrace][Controller][loadAndResume:loaded]', 'https://prod-1.storage.jamendo.com/?trackid=171&format=mp31&from=8CSIkMvwtD6jzKZ%2BPEaUMQ%3D%3D%7Cj5s5oI6ivq8l2vQOXyWixQ%3D%3D'
08-22 16:50:56.642 I/ReactNativeJS( 8531): '[INFO]', '[PlaybackTrace][Controller][loadAndResume:resumed]', 'https://prod-1.storage.jamendo.com/?trackid=171&format=mp31&from=8CSIkMvwtD6jzKZ%2BPEaUMQ%3D%3D%7Cj5s5oI6ivq8l2vQOXyWixQ%3D%3D'
08-22 16:50:57.153 I/ReactNativeJS( 8531): '[INFO]', '[PlaybackTrace][Controller][loadAndResume:before]', { uri: 'https://prod-1.storage.jamendo.com/?trackid=171&format=mp31&from=8CSIkMvwtD6jzKZ%2BPEaUMQ%3D%3D%7Cj5s5oI6ivq8l2vQOXyWixQ%3D%3D',
08-22 16:50:57.155 I/ReactNativeJS( 8531): '[INFO]', '[PlaybackTrace][Controller][loadAndResume:loaded]', 'https://prod-1.storage.jamendo.com/?trackid=171&format=mp31&from=8CSIkMvwtD6jzKZ%2BPEaUMQ%3D%3D%7Cj5s5oI6ivq8l2vQOXyWixQ%3D%3D'
08-22 16:50:57.157 I/ReactNativeJS( 8531): '[INFO]', '[PlaybackTrace][Controller][loadAndResume:resumed]', 'https://prod-1.storage.jamendo.com/?trackid=171&format=mp31&from=8CSIkMvwtD6jzKZ%2BPEaUMQ%3D%3D%7Cj5s5oI6ivq8l2vQOXyWixQ%3D%3D'
08-22 16:50:57.332 I/ReactNativeJS( 8531): '[INFO]', '[PlaybackTrace][Controller][loadAndResume:before]', { uri: 'https://prod-1.storage.jamendo.com/?trackid=171&format=mp31&from=8CSIkMvwtD6jzKZ%2BPEaUMQ%3D%3D%7Cj5s5oI6ivq8l2vQOXyWixQ%3D%3D',
08-22 16:50:57.335 I/ReactNativeJS( 8531): '[INFO]', '[PlaybackTrace][Controller][loadAndResume:loaded]', 'https://prod-1.storage.jamendo.com/?trackid=171&format=mp31&from=8CSIkMvwtD6jzKZ%2BPEaUMQ%3D%3D%7Cj5s5oI6ivq8l2vQOXyWixQ%3D%3D'
08-22 16:50:57.336 I/ReactNativeJS( 8531): '[INFO]', '[PlaybackTrace][Controller][loadAndResume:resumed]', 'https://prod-1.storage.jamendo.com/?trackid=171&format=mp31&from=8CSIkMvwtD6jzKZ%2BPEaUMQ%3D%3D%7Cj5s5oI6ivq8l2vQOXyWixQ%3D%3D'
08-22 16:50:57.453 I/ReactNativeJS( 8531): '[INFO]', '[PlaybackTrace][Controller][loadAndResume:before]', { uri: 'https://prod-1.storage.jamendo.com/?trackid=171&format=mp31&from=8CSIkMvwtD6jzKZ%2BPEaUMQ%3D%3D%7Cj5s5oI6ivq8l2vQOXyWixQ%3D%3D',
08-22 16:50:57.455 I/ReactNativeJS( 8531): '[INFO]', '[PlaybackTrace][Controller][loadAndResume:loaded]', 'https://prod-1.storage.jamendo.com/?trackid=171&format=mp31&from=8CSIkMvwtD6jzKZ%2BPEaUMQ%3D%3D%7Cj5s5oI6ivq8l2vQOXyWixQ%3D%3D'
08-22 16:50:57.458 I/ReactNativeJS( 8531): '[INFO]', '[PlaybackTrace][Controller][loadAndResume:resumed]', 'https://prod-1.storage.jamendo.com/?trackid=171&format=mp31&from=8CSIkMvwtD6jzKZ%2BPEaUMQ%3D%3D%7Cj5s5oI6ivq8l2vQOXyWixQ%3D%3D'
08-22 16:50:58.052 I/ReactNativeJS( 8531): '[INFO]', '[PlaybackTrace][Controller][loadAndResume:before]', { uri: 'https://prod-1.storage.jamendo.com/?trackid=171&format=mp31&from=8CSIkMvwtD6jzKZ%2BPEaUMQ%3D%3D%7Cj5s5oI6ivq8l2vQOXyWixQ%3D%3D',
08-22 16:50:58.055 I/ReactNativeJS( 8531): '[INFO]', '[PlaybackTrace][Controller][loadAndResume:loaded]', 'https://prod-1.storage.jamendo.com/?trackid=171&format=mp31&from=8CSIkMvwtD6jzKZ%2BPEaUMQ%3D%3D%7Cj5s5oI6ivq8l2vQOXyWixQ%3D%3D'
08-22 16:50:58.055 I/ReactNativeJS( 8531): '[INFO]', '[PlaybackTrace][Controller][loadAndResume:resumed]', 'https://prod-1.storage.jamendo.com/?trackid=171&format=mp31&from=8CSIkMvwtD6jzKZ%2BPEaUMQ%3D%3D%7Cj5s5oI6ivq8l2vQOXyWixQ%3D%3D'
08-22 16:50:58.152 I/ReactNativeJS( 8531): '[INFO]', '[PlaybackTrace][Controller][loadAndResume:before]', { uri: 'https://prod-1.storage.jamendo.com/?trackid=171&format=mp31&from=8CSIkMvwtD6jzKZ%2BPEaUMQ%3D%3D%7Cj5s5oI6ivq8l2vQOXyWixQ%3D%3D',
08-22 16:50:58.155 I/ReactNativeJS( 8531): '[INFO]', '[PlaybackTrace][Controller][loadAndResume:loaded]', 'https://prod-1.storage.jamendo.com/?trackid=171&format=mp31&from=8CSIkMvwtD6jzKZ%2BPEaUMQ%3D%3D%7Cj5s5oI6ivq8l2vQOXyWixQ%3D%3D'
08-22 16:50:58.157 I/ReactNativeJS( 8531): '[INFO]', '[PlaybackTrace][Controller][loadAndResume:resumed]', 'https://prod-1.storage.jamendo.com/?trackid=171&format=mp31&from=8CSIkMvwtD6jzKZ%2BPEaUMQ%3D%3D%7Cj5s5oI6ivq8l2vQOXyWixQ%3D%3D'
08-22 16:50:58.953 I/ReactNativeJS( 8531): '[INFO]', '[PlaybackTrace][Controller][loadAndResume:before]', { uri: 'https://prod-1.storage.jamendo.com/?trackid=171&format=mp31&from=8CSIkMvwtD6jzKZ%2BPEaUMQ%3D%3D%7Cj5s5oI6ivq8l2vQOXyWixQ%3D%3D',
08-22 16:50:58.955 I/ReactNativeJS( 8531): '[INFO]', '[PlaybackTrace][Controller][loadAndResume:loaded]', 'https://prod-1.storage.jamendo.com/?trackid=171&format=mp31&from=8CSIkMvwtD6jzKZ%2BPEaUMQ%3D%3D%7Cj5s5oI6ivq8l2vQOXyWixQ%3D%3D'
08-22 16:50:58.956 I/ReactNativeJS( 8531): '[INFO]', '[PlaybackTrace][Controller][loadAndResume:resumed]', 'https://prod-1.storage.jamendo.com/?trackid=171&format=mp31&from=8CSIkMvwtD6jzKZ%2BPEaUMQ%3D%3D%7Cj5s5oI6ivq8l2vQOXyWixQ%3D%3D'
08-22 16:50:59.485 I/ReactNativeJS( 8531): '[INFO]', '[PlaybackTrace][Controller][loadAndResume:before]', { uri: 'https://prod-1.storage.jamendo.com/?trackid=171&format=mp31&from=8CSIkMvwtD6jzKZ%2BPEaUMQ%3D%3D%7Cj5s5oI6ivq8l2vQOXyWixQ%3D%3D',
08-22 16:50:59.489 I/ReactNativeJS( 8531): '[INFO]', '[PlaybackTrace][Controller][loadAndResume:loaded]', 'https://prod-1.storage.jamendo.com/?trackid=171&format=mp31&from=8CSIkMvwtD6jzKZ%2BPEaUMQ%3D%3D%7Cj5s5oI6ivq8l2vQOXyWixQ%3D%3D'
08-22 16:50:59.490 I/ReactNativeJS( 8531): '[INFO]', '[PlaybackTrace][Controller][loadAndResume:resumed]', 'https://prod-1.storage.jamendo.com/?trackid=171&format=mp31&from=8CSIkMvwtD6jzKZ%2BPEaUMQ%3D%3D%7Cj5s5oI6ivq8l2vQOXyWixQ%3D%3D'
08-22 16:50:59.636 I/ReactNativeJS( 8531): '[INFO]', '[PlaybackTrace][Controller][loadAndResume:before]', { uri: 'https://prod-1.storage.jamendo.com/?trackid=171&format=mp31&from=8CSIkMvwtD6jzKZ%2BPEaUMQ%3D%3D%7Cj5s5oI6ivq8l2vQOXyWixQ%3D%3D',
08-22 16:50:59.638 I/ReactNativeJS( 8531): '[INFO]', '[PlaybackTrace][Controller][loadAndResume:loaded]', 'https://prod-1.storage.jamendo.com/?trackid=171&format=mp31&from=8CSIkMvwtD6jzKZ%2BPEaUMQ%3D%3D%7Cj5s5oI6ivq8l2vQOXyWixQ%3D%3D'
08-22 16:50:59.640 I/ReactNativeJS( 8531): '[INFO]', '[PlaybackTrace][Controller][loadAndResume:resumed]', 'https://prod-1.storage.jamendo.com/?trackid=171&format=mp31&from=8CSIkMvwtD6jzKZ%2BPEaUMQ%3D%3D%7Cj5s5oI6ivq8l2vQOXyWixQ%3D%3D'
08-22 16:50:59.653 I/ReactNativeJS( 8531): '[INFO]', '[PlaybackTrace][Controller][loadAndResume:before]', { uri: 'https://prod-1.storage.jamendo.com/?trackid=171&format=mp31&from=8CSIkMvwtD6jzKZ%2BPEaUMQ%3D%3D%7Cj5s5oI6ivq8l2vQOXyWixQ%3D%3D',
08-22 16:50:59.654 I/ReactNativeJS( 8531): '[INFO]', '[PlaybackTrace][Controller][loadAndResume:loaded]', 'https://prod-1.storage.jamendo.com/?trackid=171&format=mp31&from=8CSIkMvwtD6jzKZ%2BPEaUMQ%3D%3D%7Cj5s5oI6ivq8l2vQOXyWixQ%3D%3D'
08-22 16:50:59.655 I/ReactNativeJS( 8531): '[INFO]', '[PlaybackTrace][Controller][loadAndResume:resumed]', 'https://prod-1.storage.jamendo.com/?trackid=171&format=mp31&from=8CSIkMvwtD6jzKZ%2BPEaUMQ%3D%3D%7Cj5s5oI6ivq8l2vQOXyWixQ%3D%3D'
08-22 16:51:00.454 I/ReactNativeJS( 8531): '[INFO]', '[PlaybackTrace][Controller][loadAndResume:before]', { uri: 'https://prod-1.storage.jamendo.com/?trackid=171&format=mp31&from=8CSIkMvwtD6jzKZ%2BPEaUMQ%3D%3D%7Cj5s5oI6ivq8l2vQOXyWixQ%3D%3D',
08-22 16:51:00.457 I/ReactNativeJS( 8531): '[INFO]', '[PlaybackTrace][Controller][loadAndResume:loaded]', 'https://prod-1.storage.jamendo.com/?trackid=171&format=mp31&from=8CSIkMvwtD6jzKZ%2BPEaUMQ%3D%3D%7Cj5s5oI6ivq8l2vQOXyWixQ%3D%3D'
08-22 16:51:00.458 I/ReactNativeJS( 8531): '[INFO]', '[PlaybackTrace][Controller][loadAndResume:resumed]', 'https://prod-1.storage.jamendo.com/?trackid=171&format=mp31&from=8CSIkMvwtD6jzKZ%2BPEaUMQ%3D%3D%7Cj5s5oI6ivq8l2vQOXyWixQ%3D%3D'
08-22 16:51:01.108 I/ReactNativeJS( 8531): '[INFO]', '[PlaybackTrace][Controller][loadAndResume:before]', { uri: 'https://prod-1.storage.jamendo.com/?trackid=171&format=mp31&from=8CSIkMvwtD6jzKZ%2BPEaUMQ%3D%3D%7Cj5s5oI6ivq8l2vQOXyWixQ%3D%3D',
08-22 16:51:01.111 I/ReactNativeJS( 8531): '[INFO]', '[PlaybackTrace][Controller][loadAndResume:loaded]', 'https://prod-1.storage.jamendo.com/?trackid=171&format=mp31&from=8CSIkMvwtD6jzKZ%2BPEaUMQ%3D%3D%7Cj5s5oI6ivq8l2vQOXyWixQ%3D%3D'
08-22 16:51:01.112 I/ReactNativeJS( 8531): '[INFO]', '[PlaybackTrace][Controller][loadAndResume:resumed]', 'https://prod-1.storage.jamendo.com/?trackid=171&format=mp31&from=8CSIkMvwtD6jzKZ%2BPEaUMQ%3D%3D%7Cj5s5oI6ivq8l2vQOXyWixQ%3D%3D'
08-22 16:51:01.903 I/ReactNativeJS( 8531): '[INFO]', '[PlaybackTrace][Controller][loadAndResume:before]', { uri: 'https://prod-1.storage.jamendo.com/?trackid=171&format=mp31&from=8CSIkMvwtD6jzKZ%2BPEaUMQ%3D%3D%7Cj5s5oI6ivq8l2vQOXyWixQ%3D%3D',
08-22 16:51:01.907 I/ReactNativeJS( 8531): '[INFO]', '[PlaybackTrace][Controller][loadAndResume:loaded]', 'https://prod-1.storage.jamendo.com/?trackid=171&format=mp31&from=8CSIkMvwtD6jzKZ%2BPEaUMQ%3D%3D%7Cj5s5oI6ivq8l2vQOXyWixQ%3D%3D'
08-22 16:51:01.908 I/ReactNativeJS( 8531): '[INFO]', '[PlaybackTrace][Controller][loadAndResume:resumed]', 'https://prod-1.storage.jamendo.com/?trackid=171&format=mp31&from=8CSIkMvwtD6jzKZ%2BPEaUMQ%3D%3D%7Cj5s5oI6ivq8l2vQOXyWixQ%3D%3D'
08-22 16:51:02.038 I/ReactNativeJS( 8531): '[INFO]', '[PlaybackTrace][Controller][loadAndResume:before]', { uri: 'https://prod-1.storage.jamendo.com/?trackid=171&format=mp31&from=8CSIkMvwtD6jzKZ%2BPEaUMQ%3D%3D%7Cj5s5oI6ivq8l2vQOXyWixQ%3D%3D',
08-22 16:51:02.040 I/ReactNativeJS( 8531): '[INFO]', '[PlaybackTrace][Controller][loadAndResume:loaded]', 'https://prod-1.storage.jamendo.com/?trackid=171&format=mp31&from=8CSIkMvwtD6jzKZ%2BPEaUMQ%3D%3D%7Cj5s5oI6ivq8l2vQOXyWixQ%3D%3D'
08-22 16:51:02.041 I/ReactNativeJS( 8531): '[INFO]', '[PlaybackTrace][Controller][loadAndResume:resumed]', 'https://prod-1.storage.jamendo.com/?trackid=171&format=mp31&from=8CSIkMvwtD6jzKZ%2BPEaUMQ%3D%3D%7Cj5s5oI6ivq8l2vQOXyWixQ%3D%3D'
08-22 16:51:02.503 I/ReactNativeJS( 8531): '[INFO]', '[PlaybackTrace][Controller][loadAndResume:before]', { uri: 'https://prod-1.storage.jamendo.com/?trackid=171&format=mp31&from=8CSIkMvwtD6jzKZ%2BPEaUMQ%3D%3D%7Cj5s5oI6ivq8l2vQOXyWixQ%3D%3D',
08-22 16:51:02.505 I/ReactNativeJS( 8531): '[INFO]', '[PlaybackTrace][Controller][loadAndResume:loaded]', 'https://prod-1.storage.jamendo.com/?trackid=171&format=mp31&from=8CSIkMvwtD6jzKZ%2BPEaUMQ%3D%3D%7Cj5s5oI6ivq8l2vQOXyWixQ%3D%3D'
08-22 16:51:02.506 I/ReactNativeJS( 8531): '[INFO]', '[PlaybackTrace][Controller][loadAndResume:resumed]', 'https://prod-1.storage.jamendo.com/?trackid=171&format=mp31&from=8CSIkMvwtD6jzKZ%2BPEaUMQ%3D%3D%7Cj5s5oI6ivq8l2vQOXyWixQ%3D%3D'
08-22 16:51:02.652 I/ReactNativeJS( 8531): '[INFO]', '[PlaybackTrace][Controller][loadAndResume:before]', { uri: 'https://prod-1.storage.jamendo.com/?trackid=171&format=mp31&from=8CSIkMvwtD6jzKZ%2BPEaUMQ%3D%3D%7Cj5s5oI6ivq8l2vQOXyWixQ%3D%3D',
08-22 16:51:02.654 I/ReactNativeJS( 8531): '[INFO]', '[PlaybackTrace][Controller][loadAndResume:loaded]', 'https://prod-1.storage.jamendo.com/?trackid=171&format=mp31&from=8CSIkMvwtD6jzKZ%2BPEaUMQ%3D%3D%7Cj5s5oI6ivq8l2vQOXyWixQ%3D%3D'
08-22 16:51:02.655 I/ReactNativeJS( 8531): '[INFO]', '[PlaybackTrace][Controller][loadAndResume:resumed]', 'https://prod-1.storage.jamendo.com/?trackid=171&format=mp31&from=8CSIkMvwtD6jzKZ%2BPEaUMQ%3D%3D%7Cj5s5oI6ivq8l2vQOXyWixQ%3D%3D'
08-22 16:51:03.246 I/ReactNativeJS( 8531): '[INFO]', '[PlaybackTrace][Controller][loadAndResume:before]', { uri: 'https://prod-1.storage.jamendo.com/?trackid=171&format=mp31&from=8CSIkMvwtD6jzKZ%2BPEaUMQ%3D%3D%7Cj5s5oI6ivq8l2vQOXyWixQ%3D%3D',
08-22 16:51:03.247 I/ReactNativeJS( 8531): '[INFO]', '[PlaybackTrace][Controller][loadAndResume:loaded]', 'https://prod-1.storage.jamendo.com/?trackid=171&format=mp31&from=8CSIkMvwtD6jzKZ%2BPEaUMQ%3D%3D%7Cj5s5oI6ivq8l2vQOXyWixQ%3D%3D'
08-22 16:51:03.249 I/ReactNativeJS( 8531): '[INFO]', '[PlaybackTrace][Controller][loadAndResume:resumed]', 'https://prod-1.storage.jamendo.com/?trackid=171&format=mp31&from=8CSIkMvwtD6jzKZ%2BPEaUMQ%3D%3D%7Cj5s5oI6ivq8l2vQOXyWixQ%3D%3D'
08-22 16:51:03.260 I/ReactNativeJS( 8531): '[INFO]', '[PlaybackTrace][Controller][loadAndResume:before]', { uri: 'https://prod-1.storage.jamendo.com/?trackid=171&format=mp31&from=8CSIkMvwtD6jzKZ%2BPEaUMQ%3D%3D%7Cj5s5oI6ivq8l2vQOXyWixQ%3D%3D',
08-22 16:51:03.262 I/ReactNativeJS( 8531): '[INFO]', '[PlaybackTrace][Controller][loadAndResume:loaded]', 'https://prod-1.storage.jamendo.com/?trackid=171&format=mp31&from=8CSIkMvwtD6jzKZ%2BPEaUMQ%3D%3D%7Cj5s5oI6ivq8l2vQOXyWixQ%3D%3D'
08-22 16:51:03.264 I/ReactNativeJS( 8531): '[INFO]', '[PlaybackTrace][Controller][loadAndResume:resumed]', 'https://prod-1.storage.jamendo.com/?trackid=171&format=mp31&from=8CSIkMvwtD6jzKZ%2BPEaUMQ%3D%3D%7Cj5s5oI6ivq8l2vQOXyWixQ%3D%3D'
08-22 16:51:03.403 I/ReactNativeJS( 8531): '[INFO]', '[PlaybackTrace][Controller][loadAndResume:before]', { uri: 'https://prod-1.storage.jamendo.com/?trackid=171&format=mp31&from=8CSIkMvwtD6jzKZ%2BPEaUMQ%3D%3D%7Cj5s5oI6ivq8l2vQOXyWixQ%3D%3D',
08-22 16:51:03.406 I/ReactNativeJS( 8531): '[INFO]', '[PlaybackTrace][Controller][loadAndResume:loaded]', 'https://prod-1.storage.jamendo.com/?trackid=171&format=mp31&from=8CSIkMvwtD6jzKZ%2BPEaUMQ%3D%3D%7Cj5s5oI6ivq8l2vQOXyWixQ%3D%3D'
08-22 16:51:03.408 I/ReactNativeJS( 8531): '[INFO]', '[PlaybackTrace][Controller][loadAndResume:resumed]', 'https://prod-1.storage.jamendo.com/?trackid=171&format=mp31&from=8CSIkMvwtD6jzKZ%2BPEaUMQ%3D%3D%7Cj5s5oI6ivq8l2vQOXyWixQ%3D%3D'
08-22 16:51:04.135 I/ReactNativeJS( 8531): '[INFO]', '[PlaybackTrace][Controller][loadAndResume:before]', { uri: 'https://prod-1.storage.jamendo.com/?trackid=171&format=mp31&from=8CSIkMvwtD6jzKZ%2BPEaUMQ%3D%3D%7Cj5s5oI6ivq8l2vQOXyWixQ%3D%3D',
08-22 16:51:04.137 I/ReactNativeJS( 8531): '[INFO]', '[PlaybackTrace][Controller][loadAndResume:loaded]', 'https://prod-1.storage.jamendo.com/?trackid=171&format=mp31&from=8CSIkMvwtD6jzKZ%2BPEaUMQ%3D%3D%7Cj5s5oI6ivq8l2vQOXyWixQ%3D%3D'
08-22 16:51:04.138 I/ReactNativeJS( 8531): '[INFO]', '[PlaybackTrace][Controller][loadAndResume:resumed]', 'https://prod-1.storage.jamendo.com/?trackid=171&format=mp31&from=8CSIkMvwtD6jzKZ%2BPEaUMQ%3D%3D%7Cj5s5oI6ivq8l2vQOXyWixQ%3D%3D'
08-22 16:51:04.671 I/ReactNativeJS( 8531): '[INFO]', '[PlaybackTrace][Controller][loadAndResume:before]', { uri: 'https://prod-1.storage.jamendo.com/?trackid=171&format=mp31&from=8CSIkMvwtD6jzKZ%2BPEaUMQ%3D%3D%7Cj5s5oI6ivq8l2vQOXyWixQ%3D%3D',
08-22 16:51:04.674 I/ReactNativeJS( 8531): '[INFO]', '[PlaybackTrace][Controller][loadAndResume:loaded]', 'https://prod-1.storage.jamendo.com/?trackid=171&format=mp31&from=8CSIkMvwtD6jzKZ%2BPEaUMQ%3D%3D%7Cj5s5oI6ivq8l2vQOXyWixQ%3D%3D'
08-22 16:51:04.675 I/ReactNativeJS( 8531): '[INFO]', '[PlaybackTrace][Controller][loadAndResume:resumed]', 'https://prod-1.storage.jamendo.com/?trackid=171&format=mp31&from=8CSIkMvwtD6jzKZ%2BPEaUMQ%3D%3D%7Cj5s5oI6ivq8l2vQOXyWixQ%3D%3D'
08-22 16:51:04.736 I/ReactNativeJS( 8531): '[INFO]', '[PlaybackTrace][Controller][loadAndResume:before]', { uri: 'https://prod-1.storage.jamendo.com/?trackid=171&format=mp31&from=8CSIkMvwtD6jzKZ%2BPEaUMQ%3D%3D%7Cj5s5oI6ivq8l2vQOXyWixQ%3D%3D',
08-22 16:51:04.738 I/ReactNativeJS( 8531): '[INFO]', '[PlaybackTrace][Controller][loadAndResume:loaded]', 'https://prod-1.storage.jamendo.com/?trackid=171&format=mp31&from=8CSIkMvwtD6jzKZ%2BPEaUMQ%3D%3D%7Cj5s5oI6ivq8l2vQOXyWixQ%3D%3D'
08-22 16:51:04.739 I/ReactNativeJS( 8531): '[INFO]', '[PlaybackTrace][Controller][loadAndResume:resumed]', 'https://prod-1.storage.jamendo.com/?trackid=171&format=mp31&from=8CSIkMvwtD6jzKZ%2BPEaUMQ%3D%3D%7Cj5s5oI6ivq8l2vQOXyWixQ%3D%3D'
08-22 16:51:05.135 I/ReactNativeJS( 8531): '[INFO]', '[PlaybackTrace][Controller][loadAndResume:before]', { uri: 'https://prod-1.storage.jamendo.com/?trackid=171&format=mp31&from=8CSIkMvwtD6jzKZ%2BPEaUMQ%3D%3D%7Cj5s5oI6ivq8l2vQOXyWixQ%3D%3D',
08-22 16:51:05.137 I/ReactNativeJS( 8531): '[INFO]', '[PlaybackTrace][Controller][loadAndResume:loaded]', 'https://prod-1.storage.jamendo.com/?trackid=171&format=mp31&from=8CSIkMvwtD6jzKZ%2BPEaUMQ%3D%3D%7Cj5s5oI6ivq8l2vQOXyWixQ%3D%3D'
08-22 16:51:05.138 I/ReactNativeJS( 8531): '[INFO]', '[PlaybackTrace][Controller][loadAndResume:resumed]', 'https://prod-1.storage.jamendo.com/?trackid=171&format=mp31&from=8CSIkMvwtD6jzKZ%2BPEaUMQ%3D%3D%7Cj5s5oI6ivq8l2vQOXyWixQ%3D%3D'
08-22 16:51:05.678 I/ReactNativeJS( 8531): '[INFO]', '[PlaybackTrace][Controller][loadAndResume:before]', { uri: 'https://prod-1.storage.jamendo.com/?trackid=171&format=mp31&from=8CSIkMvwtD6jzKZ%2BPEaUMQ%3D%3D%7Cj5s5oI6ivq8l2vQOXyWixQ%3D%3D',
08-22 16:51:05.692 I/ReactNativeJS( 8531): '[INFO]', '[PlaybackTrace][Controller][loadAndResume:loaded]', 'https://prod-1.storage.jamendo.com/?trackid=171&format=mp31&from=8CSIkMvwtD6jzKZ%2BPEaUMQ%3D%3D%7Cj5s5oI6ivq8l2vQOXyWixQ%3D%3D'
08-22 16:51:05.696 I/ReactNativeJS( 8531): '[INFO]', '[PlaybackTrace][Controller][loadAndResume:resumed]', 'https://prod-1.storage.jamendo.com/?trackid=171&format=mp31&from=8CSIkMvwtD6jzKZ%2BPEaUMQ%3D%3D%7Cj5s5oI6ivq8l2vQOXyWixQ%3D%3D'
08-22 16:51:06.341 I/ReactNativeJS( 8531): '[INFO]', '[PlaybackTrace][Controller][loadAndResume:before]', { uri: 'https://prod-1.storage.jamendo.com/?trackid=171&format=mp31&from=8CSIkMvwtD6jzKZ%2BPEaUMQ%3D%3D%7Cj5s5oI6ivq8l2vQOXyWixQ%3D%3D',
08-22 16:51:06.343 I/ReactNativeJS( 8531): '[INFO]', '[PlaybackTrace][Controller][loadAndResume:loaded]', 'https://prod-1.storage.jamendo.com/?trackid=171&format=mp31&from=8CSIkMvwtD6jzKZ%2BPEaUMQ%3D%3D%7Cj5s5oI6ivq8l2vQOXyWixQ%3D%3D'
08-22 16:51:06.345 I/ReactNativeJS( 8531): '[INFO]', '[PlaybackTrace][Controller][loadAndResume:resumed]', 'https://prod-1.storage.jamendo.com/?trackid=171&format=mp31&from=8CSIkMvwtD6jzKZ%2BPEaUMQ%3D%3D%7Cj5s5oI6ivq8l2vQOXyWixQ%3D%3D'
08-22 16:51:06.348 I/ReactNativeJS( 8531): '[INFO]', '[PlaybackTrace][Controller][loadAndResume:before]', { uri: 'https://prod-1.storage.jamendo.com/?trackid=171&format=mp31&from=8CSIkMvwtD6jzKZ%2BPEaUMQ%3D%3D%7Cj5s5oI6ivq8l2vQOXyWixQ%3D%3D',
08-22 16:51:06.351 I/ReactNativeJS( 8531): '[INFO]', '[PlaybackTrace][Controller][loadAndResume:loaded]', 'https://prod-1.storage.jamendo.com/?trackid=171&format=mp31&from=8CSIkMvwtD6jzKZ%2BPEaUMQ%3D%3D%7Cj5s5oI6ivq8l2vQOXyWixQ%3D%3D'
08-22 16:51:06.351 I/ReactNativeJS( 8531): '[INFO]', '[PlaybackTrace][Controller][loadAndResume:resumed]', 'https://prod-1.storage.jamendo.com/?trackid=171&format=mp31&from=8CSIkMvwtD6jzKZ%2BPEaUMQ%3D%3D%7Cj5s5oI6ivq8l2vQOXyWixQ%3D%3D'
08-22 16:51:06.403 I/ReactNativeJS( 8531): '[INFO]', '[PlaybackTrace][Controller][loadAndResume:before]', { uri: 'https://prod-1.storage.jamendo.com/?trackid=171&format=mp31&from=8CSIkMvwtD6jzKZ%2BPEaUMQ%3D%3D%7Cj5s5oI6ivq8l2vQOXyWixQ%3D%3D',
08-22 16:51:06.404 I/ReactNativeJS( 8531): '[INFO]', '[PlaybackTrace][Controller][loadAndResume:loaded]', 'https://prod-1.storage.jamendo.com/?trackid=171&format=mp31&from=8CSIkMvwtD6jzKZ%2BPEaUMQ%3D%3D%7Cj5s5oI6ivq8l2vQOXyWixQ%3D%3D'
08-22 16:51:06.405 I/ReactNativeJS( 8531): '[INFO]', '[PlaybackTrace][Controller][loadAndResume:resumed]', 'https://prod-1.storage.jamendo.com/?trackid=171&format=mp31&from=8CSIkMvwtD6jzKZ%2BPEaUMQ%3D%3D%7Cj5s5oI6ivq8l2vQOXyWixQ%3D%3D'
08-22 16:51:07.136 I/ReactNativeJS( 8531): '[INFO]', '[PlaybackTrace][Controller][loadAndResume:before]', { uri: 'https://prod-1.storage.jamendo.com/?trackid=171&format=mp31&from=8CSIkMvwtD6jzKZ%2BPEaUMQ%3D%3D%7Cj5s5oI6ivq8l2vQOXyWixQ%3D%3D',
08-22 16:51:07.137 I/ReactNativeJS( 8531): '[INFO]', '[PlaybackTrace][Controller][loadAndResume:loaded]', 'https://prod-1.storage.jamendo.com/?trackid=171&format=mp31&from=8CSIkMvwtD6jzKZ%2BPEaUMQ%3D%3D%7Cj5s5oI6ivq8l2vQOXyWixQ%3D%3D'
08-22 16:51:07.138 I/ReactNativeJS( 8531): '[INFO]', '[PlaybackTrace][Controller][loadAndResume:resumed]', 'https://prod-1.storage.jamendo.com/?trackid=171&format=mp31&from=8CSIkMvwtD6jzKZ%2BPEaUMQ%3D%3D%7Cj5s5oI6ivq8l2vQOXyWixQ%3D%3D'
08-22 16:51:07.798 I/ReactNativeJS( 8531): '[INFO]', '[PlaybackTrace][Controller][loadAndResume:before]', { uri: 'https://prod-1.storage.jamendo.com/?trackid=171&format=mp31&from=8CSIkMvwtD6jzKZ%2BPEaUMQ%3D%3D%7Cj5s5oI6ivq8l2vQOXyWixQ%3D%3D',
08-22 16:51:07.800 I/ReactNativeJS( 8531): '[INFO]', '[PlaybackTrace][Controller][loadAndResume:loaded]', 'https://prod-1.storage.jamendo.com/?trackid=171&format=mp31&from=8CSIkMvwtD6jzKZ%2BPEaUMQ%3D%3D%7Cj5s5oI6ivq8l2vQOXyWixQ%3D%3D'
08-22 16:51:07.802 I/ReactNativeJS( 8531): '[INFO]', '[PlaybackTrace][Controller][loadAndResume:resumed]', 'https://prod-1.storage.jamendo.com/?trackid=171&format=mp31&from=8CSIkMvwtD6jzKZ%2BPEaUMQ%3D%3D%7Cj5s5oI6ivq8l2vQOXyWixQ%3D%3D'
08-22 16:51:07.803 I/ReactNativeJS( 8531): '[INFO]', '[PlaybackTrace][Controller][loadAndResume:before]', { uri: 'https://prod-1.storage.jamendo.com/?trackid=171&format=mp31&from=8CSIkMvwtD6jzKZ%2BPEaUMQ%3D%3D%7Cj5s5oI6ivq8l2vQOXyWixQ%3D%3D',
08-22 16:51:07.805 I/ReactNativeJS( 8531): '[INFO]', '[PlaybackTrace][Controller][loadAndResume:loaded]', 'https://prod-1.storage.jamendo.com/?trackid=171&format=mp31&from=8CSIkMvwtD6jzKZ%2BPEaUMQ%3D%3D%7Cj5s5oI6ivq8l2vQOXyWixQ%3D%3D'
08-22 16:51:07.805 I/ReactNativeJS( 8531): '[INFO]', '[PlaybackTrace][Controller][loadAndResume:resumed]', 'https://prod-1.storage.jamendo.com/?trackid=171&format=mp31&from=8CSIkMvwtD6jzKZ%2BPEaUMQ%3D%3D%7Cj5s5oI6ivq8l2vQOXyWixQ%3D%3D'
08-22 16:51:07.806 I/ReactNativeJS( 8531): '[INFO]', '[PlaybackTrace][Controller][loadAndResume:before]', { uri: 'https://prod-1.storage.jamendo.com/?trackid=171&format=mp31&from=8CSIkMvwtD6jzKZ%2BPEaUMQ%3D%3D%7Cj5s5oI6ivq8l2vQOXyWixQ%3D%3D',
08-22 16:51:07.807 I/ReactNativeJS( 8531): '[INFO]', '[PlaybackTrace][Controller][loadAndResume:loaded]', 'https://prod-1.storage.jamendo.com/?trackid=171&format=mp31&from=8CSIkMvwtD6jzKZ%2BPEaUMQ%3D%3D%7Cj5s5oI6ivq8l2vQOXyWixQ%3D%3D'
08-22 16:51:07.808 I/ReactNativeJS( 8531): '[INFO]', '[PlaybackTrace][Controller][loadAndResume:resumed]', 'https://prod-1.storage.jamendo.com/?trackid=171&format=mp31&from=8CSIkMvwtD6jzKZ%2BPEaUMQ%3D%3D%7Cj5s5oI6ivq8l2vQOXyWixQ%3D%3D'
08-22 16:51:07.809 I/ReactNativeJS( 8531): '[INFO]', '[PlaybackTrace][Controller][loadAndResume:before]', { uri: 'https://prod-1.storage.jamendo.com/?trackid=171&format=mp31&from=8CSIkMvwtD6jzKZ%2BPEaUMQ%3D%3D%7Cj5s5oI6ivq8l2vQOXyWixQ%3D%3D',
08-22 16:51:07.810 I/ReactNativeJS( 8531): '[INFO]', '[PlaybackTrace][Controller][loadAndResume:loaded]', 'https://prod-1.storage.jamendo.com/?trackid=171&format=mp31&from=8CSIkMvwtD6jzKZ%2BPEaUMQ%3D%3D%7Cj5s5oI6ivq8l2vQOXyWixQ%3D%3D'
08-22 16:51:07.811 I/ReactNativeJS( 8531): '[INFO]', '[PlaybackTrace][Controller][loadAndResume:resumed]', 'https://prod-1.storage.jamendo.com/?trackid=171&format=mp31&from=8CSIkMvwtD6jzKZ%2BPEaUMQ%3D%3D%7Cj5s5oI6ivq8l2vQOXyWixQ%3D%3D'
08-22 16:51:08.575 I/ReactNativeJS( 8531): '[INFO]', '[PlaybackTrace][Controller][loadAndResume:before]', { uri: 'https://prod-1.storage.jamendo.com/?trackid=171&format=mp31&from=8CSIkMvwtD6jzKZ%2BPEaUMQ%3D%3D%7Cj5s5oI6ivq8l2vQOXyWixQ%3D%3D',
08-22 16:51:08.576 I/ReactNativeJS( 8531): '[INFO]', '[PlaybackTrace][Controller][loadAndResume:loaded]', 'https://prod-1.storage.jamendo.com/?trackid=171&format=mp31&from=8CSIkMvwtD6jzKZ%2BPEaUMQ%3D%3D%7Cj5s5oI6ivq8l2vQOXyWixQ%3D%3D'
08-22 16:51:08.577 I/ReactNativeJS( 8531): '[INFO]', '[PlaybackTrace][Controller][loadAndResume:resumed]', 'https://prod-1.storage.jamendo.com/?trackid=171&format=mp31&from=8CSIkMvwtD6jzKZ%2BPEaUMQ%3D%3D%7Cj5s5oI6ivq8l2vQOXyWixQ%3D%3D'
08-22 16:51:08.596 I/ReactNativeJS( 8531): '[INFO]', '[PlaybackTrace][Controller][loadAndResume:before]', { uri: 'https://prod-1.storage.jamendo.com/?trackid=171&format=mp31&from=8CSIkMvwtD6jzKZ%2BPEaUMQ%3D%3D%7Cj5s5oI6ivq8l2vQOXyWixQ%3D%3D',
08-22 16:51:08.598 I/ReactNativeJS( 8531): '[INFO]', '[PlaybackTrace][Controller][loadAndResume:loaded]', 'https://prod-1.storage.jamendo.com/?trackid=171&format=mp31&from=8CSIkMvwtD6jzKZ%2BPEaUMQ%3D%3D%7Cj5s5oI6ivq8l2vQOXyWixQ%3D%3D'
08-22 16:51:08.599 I/ReactNativeJS( 8531): '[INFO]', '[PlaybackTrace][Controller][loadAndResume:resumed]', 'https://prod-1.storage.jamendo.com/?trackid=171&format=mp31&from=8CSIkMvwtD6jzKZ%2BPEaUMQ%3D%3D%7Cj5s5oI6ivq8l2vQOXyWixQ%3D%3D'
08-22 16:51:09.253 I/ReactNativeJS( 8531): '[INFO]', '[PlaybackTrace][Controller][loadAndResume:before]', { uri: 'https://prod-1.storage.jamendo.com/?trackid=171&format=mp31&from=8CSIkMvwtD6jzKZ%2BPEaUMQ%3D%3D%7Cj5s5oI6ivq8l2vQOXyWixQ%3D%3D',
08-22 16:51:09.256 I/ReactNativeJS( 8531): '[INFO]', '[PlaybackTrace][Controller][loadAndResume:loaded]', 'https://prod-1.storage.jamendo.com/?trackid=171&format=mp31&from=8CSIkMvwtD6jzKZ%2BPEaUMQ%3D%3D%7Cj5s5oI6ivq8l2vQOXyWixQ%3D%3D'
08-22 16:51:09.259 I/ReactNativeJS( 8531): '[INFO]', '[PlaybackTrace][Controller][loadAndResume:resumed]', 'https://prod-1.storage.jamendo.com/?trackid=171&format=mp31&from=8CSIkMvwtD6jzKZ%2BPEaUMQ%3D%3D%7Cj5s5oI6ivq8l2vQOXyWixQ%3D%3D'
08-22 16:51:09.270 I/ReactNativeJS( 8531): '[INFO]', '[PlaybackTrace][Controller][loadAndResume:before]', { uri: 'https://prod-1.storage.jamendo.com/?trackid=171&format=mp31&from=8CSIkMvwtD6jzKZ%2BPEaUMQ%3D%3D%7Cj5s5oI6ivq8l2vQOXyWixQ%3D%3D',
08-22 16:51:09.272 I/ReactNativeJS( 8531): '[INFO]', '[PlaybackTrace][Controller][loadAndResume:loaded]', 'https://prod-1.storage.jamendo.com/?trackid=171&format=mp31&from=8CSIkMvwtD6jzKZ%2BPEaUMQ%3D%3D%7Cj5s5oI6ivq8l2vQOXyWixQ%3D%3D'
08-22 16:51:09.273 I/ReactNativeJS( 8531): '[INFO]', '[PlaybackTrace][Controller][loadAndResume:resumed]', 'https://prod-1.storage.jamendo.com/?trackid=171&format=mp31&from=8CSIkMvwtD6jzKZ%2BPEaUMQ%3D%3D%7Cj5s5oI6ivq8l2vQOXyWixQ%3D%3D'
08-22 16:51:09.320 I/ReactNativeJS( 8531): '[INFO]', '[PlaybackTrace][Controller][loadAndResume:before]', { uri: 'https://prod-1.storage.jamendo.com/?trackid=171&format=mp31&from=8CSIkMvwtD6jzKZ%2BPEaUMQ%3D%3D%7Cj5s5oI6ivq8l2vQOXyWixQ%3D%3D',
08-22 16:51:09.322 I/ReactNativeJS( 8531): '[INFO]', '[PlaybackTrace][Controller][loadAndResume:loaded]', 'https://prod-1.storage.jamendo.com/?trackid=171&format=mp31&from=8CSIkMvwtD6jzKZ%2BPEaUMQ%3D%3D%7Cj5s5oI6ivq8l2vQOXyWixQ%3D%3D'
08-22 16:51:09.323 I/ReactNativeJS( 8531): '[INFO]', '[PlaybackTrace][Controller][loadAndResume:resumed]', 'https://prod-1.storage.jamendo.com/?trackid=171&format=mp31&from=8CSIkMvwtD6jzKZ%2BPEaUMQ%3D%3D%7Cj5s5oI6ivq8l2vQOXyWixQ%3D%3D'
08-22 16:51:09.902 I/ReactNativeJS( 8531): '[INFO]', '[PlaybackTrace][Controller][loadAndResume:before]', { uri: 'https://prod-1.storage.jamendo.com/?trackid=171&format=mp31&from=8CSIkMvwtD6jzKZ%2BPEaUMQ%3D%3D%7Cj5s5oI6ivq8l2vQOXyWixQ%3D%3D',
08-22 16:51:09.905 I/ReactNativeJS( 8531): '[INFO]', '[PlaybackTrace][Controller][loadAndResume:loaded]', 'https://prod-1.storage.jamendo.com/?trackid=171&format=mp31&from=8CSIkMvwtD6jzKZ%2BPEaUMQ%3D%3D%7Cj5s5oI6ivq8l2vQOXyWixQ%3D%3D'
08-22 16:51:09.907 I/ReactNativeJS( 8531): '[INFO]', '[PlaybackTrace][Controller][loadAndResume:resumed]', 'https://prod-1.storage.jamendo.com/?trackid=171&format=mp31&from=8CSIkMvwtD6jzKZ%2BPEaUMQ%3D%3D%7Cj5s5oI6ivq8l2vQOXyWixQ%3D%3D'
08-22 16:51:09.970 I/ReactNativeJS( 8531): '[INFO]', '[PlaybackTrace][Controller][loadAndResume:before]', { uri: 'https://prod-1.storage.jamendo.com/?trackid=171&format=mp31&from=8CSIkMvwtD6jzKZ%2BPEaUMQ%3D%3D%7Cj5s5oI6ivq8l2vQOXyWixQ%3D%3D',
08-22 16:51:09.971 I/ReactNativeJS( 8531): '[INFO]', '[PlaybackTrace][Controller][loadAndResume:loaded]', 'https://prod-1.storage.jamendo.com/?trackid=171&format=mp31&from=8CSIkMvwtD6jzKZ%2BPEaUMQ%3D%3D%7Cj5s5oI6ivq8l2vQOXyWixQ%3D%3D'
08-22 16:51:09.973 I/ReactNativeJS( 8531): '[INFO]', '[PlaybackTrace][Controller][loadAndResume:resumed]', 'https://prod-1.storage.jamendo.com/?trackid=171&format=mp31&from=8CSIkMvwtD6jzKZ%2BPEaUMQ%3D%3D%7Cj5s5oI6ivq8l2vQOXyWixQ%3D%3D'
08-22 16:51:10.086 I/ReactNativeJS( 8531): '[INFO]', '[PlaybackTrace][Controller][loadAndResume:before]', { uri: 'https://prod-1.storage.jamendo.com/?trackid=171&format=mp31&from=8CSIkMvwtD6jzKZ%2BPEaUMQ%3D%3D%7Cj5s5oI6ivq8l2vQOXyWixQ%3D%3D',
08-22 16:51:10.087 I/ReactNativeJS( 8531): '[INFO]', '[PlaybackTrace][Controller][loadAndResume:loaded]', 'https://prod-1.storage.jamendo.com/?trackid=171&format=mp31&from=8CSIkMvwtD6jzKZ%2BPEaUMQ%3D%3D%7Cj5s5oI6ivq8l2vQOXyWixQ%3D%3D'
08-22 16:51:10.088 I/ReactNativeJS( 8531): '[INFO]', '[PlaybackTrace][Controller][loadAndResume:resumed]', 'https://prod-1.storage.jamendo.com/?trackid=171&format=mp31&from=8CSIkMvwtD6jzKZ%2BPEaUMQ%3D%3D%7Cj5s5oI6ivq8l2vQOXyWixQ%3D%3D'
08-22 16:51:10.636 I/ReactNativeJS( 8531): '[INFO]', '[PlaybackTrace][Controller][loadAndResume:before]', { uri: 'https://prod-1.storage.jamendo.com/?trackid=171&format=mp31&from=8CSIkMvwtD6jzKZ%2BPEaUMQ%3D%3D%7Cj5s5oI6ivq8l2vQOXyWixQ%3D%3D',
08-22 16:51:10.640 I/ReactNativeJS( 8531): '[INFO]', '[PlaybackTrace][Controller][loadAndResume:loaded]', 'https://prod-1.storage.jamendo.com/?trackid=171&format=mp31&from=8CSIkMvwtD6jzKZ%2BPEaUMQ%3D%3D%7Cj5s5oI6ivq8l2vQOXyWixQ%3D%3D'
08-22 16:51:10.642 I/ReactNativeJS( 8531): '[INFO]', '[PlaybackTrace][Controller][loadAndResume:resumed]', 'https://prod-1.storage.jamendo.com/?trackid=171&format=mp31&from=8CSIkMvwtD6jzKZ%2BPEaUMQ%3D%3D%7Cj5s5oI6ivq8l2vQOXyWixQ%3D%3D'
08-22 16:51:10.652 I/ReactNativeJS( 8531): '[INFO]', '[PlaybackTrace][Controller][loadAndResume:before]', { uri: 'https://prod-1.storage.jamendo.com/?trackid=171&format=mp31&from=8CSIkMvwtD6jzKZ%2BPEaUMQ%3D%3D%7Cj5s5oI6ivq8l2vQOXyWixQ%3D%3D',
08-22 16:51:10.654 I/ReactNativeJS( 8531): '[INFO]', '[PlaybackTrace][Controller][loadAndResume:loaded]', 'https://prod-1.storage.jamendo.com/?trackid=171&format=mp31&from=8CSIkMvwtD6jzKZ%2BPEaUMQ%3D%3D%7Cj5s5oI6ivq8l2vQOXyWixQ%3D%3D'
08-22 16:51:10.656 I/ReactNativeJS( 8531): '[INFO]', '[PlaybackTrace][Controller][loadAndResume:resumed]', 'https://prod-1.storage.jamendo.com/?trackid=171&format=mp31&from=8CSIkMvwtD6jzKZ%2BPEaUMQ%3D%3D%7Cj5s5oI6ivq8l2vQOXyWixQ%3D%3D'
08-22 16:51:10.819 I/ReactNativeJS( 8531): '[INFO]', '[PlaybackTrace][Controller][loadAndResume:before]', { uri: 'https://prod-1.storage.jamendo.com/?trackid=171&format=mp31&from=8CSIkMvwtD6jzKZ%2BPEaUMQ%3D%3D%7Cj5s5oI6ivq8l2vQOXyWixQ%3D%3D',
08-22 16:51:10.822 I/ReactNativeJS( 8531): '[INFO]', '[PlaybackTrace][Controller][loadAndResume:loaded]', 'https://prod-1.storage.jamendo.com/?trackid=171&format=mp31&from=8CSIkMvwtD6jzKZ%2BPEaUMQ%3D%3D%7Cj5s5oI6ivq8l2vQOXyWixQ%3D%3D'
08-22 16:51:10.823 I/ReactNativeJS( 8531): '[INFO]', '[PlaybackTrace][Controller][loadAndResume:resumed]', 'https://prod-1.storage.jamendo.com/?trackid=171&format=mp31&from=8CSIkMvwtD6jzKZ%2BPEaUMQ%3D%3D%7Cj5s5oI6ivq8l2vQOXyWixQ%3D%3D'
08-22 16:51:11.202 I/ReactNativeJS( 8531): '[INFO]', '[PlaybackTrace][Controller][loadAndResume:before]', { uri: 'https://prod-1.storage.jamendo.com/?trackid=171&format=mp31&from=8CSIkMvwtD6jzKZ%2BPEaUMQ%3D%3D%7Cj5s5oI6ivq8l2vQOXyWixQ%3D%3D',
08-22 16:51:11.204 I/ReactNativeJS( 8531): '[INFO]', '[PlaybackTrace][Controller][loadAndResume:loaded]', 'https://prod-1.storage.jamendo.com/?trackid=171&format=mp31&from=8CSIkMvwtD6jzKZ%2BPEaUMQ%3D%3D%7Cj5s5oI6ivq8l2vQOXyWixQ%3D%3D'
08-22 16:51:11.206 I/ReactNativeJS( 8531): '[INFO]', '[PlaybackTrace][Controller][loadAndResume:resumed]', 'https://prod-1.storage.jamendo.com/?trackid=171&format=mp31&from=8CSIkMvwtD6jzKZ%2BPEaUMQ%3D%3D%7Cj5s5oI6ivq8l2vQOXyWixQ%3D%3D'
08-22 16:51:11.503 I/ReactNativeJS( 8531): '[INFO]', '[PlaybackTrace][Controller][loadAndResume:before]', { uri: 'https://prod-1.storage.jamendo.com/?trackid=171&format=mp31&from=8CSIkMvwtD6jzKZ%2BPEaUMQ%3D%3D%7Cj5s5oI6ivq8l2vQOXyWixQ%3D%3D',
08-22 16:51:11.506 I/ReactNativeJS( 8531): '[INFO]', '[PlaybackTrace][Controller][loadAndResume:loaded]', 'https://prod-1.storage.jamendo.com/?trackid=171&format=mp31&from=8CSIkMvwtD6jzKZ%2BPEaUMQ%3D%3D%7Cj5s5oI6ivq8l2vQOXyWixQ%3D%3D'
08-22 16:51:11.508 I/ReactNativeJS( 8531): '[INFO]', '[PlaybackTrace][Controller][loadAndResume:resumed]', 'https://prod-1.storage.jamendo.com/?trackid=171&format=mp31&from=8CSIkMvwtD6jzKZ%2BPEaUMQ%3D%3D%7Cj5s5oI6ivq8l2vQOXyWixQ%3D%3D'
08-22 16:51:12.212 I/ReactNativeJS( 8531): '[INFO]', '[PlaybackTrace][Controller][loadAndResume:before]', { uri: 'https://prod-1.storage.jamendo.com/?trackid=171&format=mp31&from=8CSIkMvwtD6jzKZ%2BPEaUMQ%3D%3D%7Cj5s5oI6ivq8l2vQOXyWixQ%3D%3D',
08-22 16:51:12.215 I/ReactNativeJS( 8531): '[INFO]', '[PlaybackTrace][Controller][loadAndResume:loaded]', 'https://prod-1.storage.jamendo.com/?trackid=171&format=mp31&from=8CSIkMvwtD6jzKZ%2BPEaUMQ%3D%3D%7Cj5s5oI6ivq8l2vQOXyWixQ%3D%3D'
08-22 16:51:12.218 I/ReactNativeJS( 8531): '[INFO]', '[PlaybackTrace][Controller][loadAndResume:resumed]', 'https://prod-1.storage.jamendo.com/?trackid=171&format=mp31&from=8CSIkMvwtD6jzKZ%2BPEaUMQ%3D%3D%7Cj5s5oI6ivq8l2vQOXyWixQ%3D%3D'
08-22 16:51:12.286 I/ReactNativeJS( 8531): '[INFO]', '[PlaybackTrace][Controller][loadAndResume:before]', { uri: 'https://prod-1.storage.jamendo.com/?trackid=171&format=mp31&from=8CSIkMvwtD6jzKZ%2BPEaUMQ%3D%3D%7Cj5s5oI6ivq8l2vQOXyWixQ%3D%3D',
08-22 16:51:12.290 I/ReactNativeJS( 8531): '[INFO]', '[PlaybackTrace][Controller][loadAndResume:loaded]', 'https://prod-1.storage.jamendo.com/?trackid=171&format=mp31&from=8CSIkMvwtD6jzKZ%2BPEaUMQ%3D%3D%7Cj5s5oI6ivq8l2vQOXyWixQ%3D%3D'
08-22 16:51:12.291 I/ReactNativeJS( 8531): '[INFO]', '[PlaybackTrace][Controller][loadAndResume:resumed]', 'https://prod-1.storage.jamendo.com/?trackid=171&format=mp31&from=8CSIkMvwtD6jzKZ%2BPEaUMQ%3D%3D%7Cj5s5oI6ivq8l2vQOXyWixQ%3D%3D'
08-22 16:51:12.969 I/ReactNativeJS( 8531): '[INFO]', '[PlaybackTrace][Controller][loadAndResume:before]', { uri: 'https://prod-1.storage.jamendo.com/?trackid=171&format=mp31&from=8CSIkMvwtD6jzKZ%2BPEaUMQ%3D%3D%7Cj5s5oI6ivq8l2vQOXyWixQ%3D%3D',
08-22 16:51:12.971 I/ReactNativeJS( 8531): '[INFO]', '[PlaybackTrace][Controller][loadAndResume:loaded]', 'https://prod-1.storage.jamendo.com/?trackid=171&format=mp31&from=8CSIkMvwtD6jzKZ%2BPEaUMQ%3D%3D%7Cj5s5oI6ivq8l2vQOXyWixQ%3D%3D'
08-22 16:51:12.972 I/ReactNativeJS( 8531): '[INFO]', '[PlaybackTrace][Controller][loadAndResume:resumed]', 'https://prod-1.storage.jamendo.com/?trackid=171&format=mp31&from=8CSIkMvwtD6jzKZ%2BPEaUMQ%3D%3D%7Cj5s5oI6ivq8l2vQOXyWixQ%3D%3D'
08-22 16:51:13.018 I/ReactNativeJS( 8531): '[INFO]', '[PlaybackTrace][Controller][loadAndResume:before]', { uri: 'https://prod-1.storage.jamendo.com/?trackid=171&format=mp31&from=8CSIkMvwtD6jzKZ%2BPEaUMQ%3D%3D%7Cj5s5oI6ivq8l2vQOXyWixQ%3D%3D',
08-22 16:51:13.020 I/ReactNativeJS( 8531): '[INFO]', '[PlaybackTrace][Controller][loadAndResume:loaded]', 'https://prod-1.storage.jamendo.com/?trackid=171&format=mp31&from=8CSIkMvwtD6jzKZ%2BPEaUMQ%3D%3D%7Cj5s5oI6ivq8l2vQOXyWixQ%3D%3D'
08-22 16:51:13.020 I/ReactNativeJS( 8531): '[INFO]', '[PlaybackTrace][Controller][loadAndResume:resumed]', 'https://prod-1.storage.jamendo.com/?trackid=171&format=mp31&from=8CSIkMvwtD6jzKZ%2BPEaUMQ%3D%3D%7Cj5s5oI6ivq8l2vQOXyWixQ%3D%3D'
08-22 16:51:13.587 I/ReactNativeJS( 8531): '[INFO]', '[PlaybackTrace][Controller][loadAndResume:before]', { uri: 'https://prod-1.storage.jamendo.com/?trackid=171&format=mp31&from=8CSIkMvwtD6jzKZ%2BPEaUMQ%3D%3D%7Cj5s5oI6ivq8l2vQOXyWixQ%3D%3D',
08-22 16:51:13.588 I/ReactNativeJS( 8531): '[INFO]', '[PlaybackTrace][Controller][loadAndResume:loaded]', 'https://prod-1.storage.jamendo.com/?trackid=171&format=mp31&from=8CSIkMvwtD6jzKZ%2BPEaUMQ%3D%3D%7Cj5s5oI6ivq8l2vQOXyWixQ%3D%3D'
08-22 16:51:13.588 I/ReactNativeJS( 8531): '[INFO]', '[PlaybackTrace][Controller][loadAndResume:resumed]', 'https://prod-1.storage.jamendo.com/?trackid=171&format=mp31&from=8CSIkMvwtD6jzKZ%2BPEaUMQ%3D%3D%7Cj5s5oI6ivq8l2vQOXyWixQ%3D%3D'
08-22 16:51:13.652 I/ReactNativeJS( 8531): '[INFO]', '[PlaybackTrace][Controller][loadAndResume:before]', { uri: 'https://prod-1.storage.jamendo.com/?trackid=171&format=mp31&from=8CSIkMvwtD6jzKZ%2BPEaUMQ%3D%3D%7Cj5s5oI6ivq8l2vQOXyWixQ%3D%3D',
08-22 16:51:13.655 I/ReactNativeJS( 8531): '[INFO]', '[PlaybackTrace][Controller][loadAndResume:loaded]', 'https://prod-1.storage.jamendo.com/?trackid=171&format=mp31&from=8CSIkMvwtD6jzKZ%2BPEaUMQ%3D%3D%7Cj5s5oI6ivq8l2vQOXyWixQ%3D%3D'
08-22 16:51:13.656 I/ReactNativeJS( 8531): '[INFO]', '[PlaybackTrace][Controller][loadAndResume:resumed]', 'https://prod-1.storage.jamendo.com/?trackid=171&format=mp31&from=8CSIkMvwtD6jzKZ%2BPEaUMQ%3D%3D%7Cj5s5oI6ivq8l2vQOXyWixQ%3D%3D'
08-22 16:51:13.685 I/ReactNativeJS( 8531): '[INFO]', '[PlaybackTrace][Controller][loadAndResume:before]', { uri: 'https://prod-1.storage.jamendo.com/?trackid=171&format=mp31&from=8CSIkMvwtD6jzKZ%2BPEaUMQ%3D%3D%7Cj5s5oI6ivq8l2vQOXyWixQ%3D%3D',
08-22 16:51:13.687 I/ReactNativeJS( 8531): '[INFO]', '[PlaybackTrace][Controller][loadAndResume:loaded]', 'https://prod-1.storage.jamendo.com/?trackid=171&format=mp31&from=8CSIkMvwtD6jzKZ%2BPEaUMQ%3D%3D%7Cj5s5oI6ivq8l2vQOXyWixQ%3D%3D'
08-22 16:51:13.689 I/ReactNativeJS( 8531): '[INFO]', '[PlaybackTrace][Controller][loadAndResume:resumed]', 'https://prod-1.storage.jamendo.com/?trackid=171&format=mp31&from=8CSIkMvwtD6jzKZ%2BPEaUMQ%3D%3D%7Cj5s5oI6ivq8l2vQOXyWixQ%3D%3D'
08-22 16:51:13.818 I/ReactNativeJS( 8531): '[INFO]', '[PlaybackTrace][Controller][loadAndResume:before]', { uri: 'https://prod-1.storage.jamendo.com/?trackid=171&format=mp31&from=8CSIkMvwtD6jzKZ%2BPEaUMQ%3D%3D%7Cj5s5oI6ivq8l2vQOXyWixQ%3D%3D',
08-22 16:51:13.820 I/ReactNativeJS( 8531): '[INFO]', '[PlaybackTrace][Controller][loadAndResume:loaded]', 'https://prod-1.storage.jamendo.com/?trackid=171&format=mp31&from=8CSIkMvwtD6jzKZ%2BPEaUMQ%3D%3D%7Cj5s5oI6ivq8l2vQOXyWixQ%3D%3D'
08-22 16:51:13.821 I/ReactNativeJS( 8531): '[INFO]', '[PlaybackTrace][Controller][loadAndResume:resumed]', 'https://prod-1.storage.jamendo.com/?trackid=171&format=mp31&from=8CSIkMvwtD6jzKZ%2BPEaUMQ%3D%3D%7Cj5s5oI6ivq8l2vQOXyWixQ%3D%3D'
08-22 16:51:14.540 I/ReactNativeJS( 8531): '[INFO]', '[PlaybackTrace][Controller][loadAndResume:before]', { uri: 'https://prod-1.storage.jamendo.com/?trackid=171&format=mp31&from=8CSIkMvwtD6jzKZ%2BPEaUMQ%3D%3D%7Cj5s5oI6ivq8l2vQOXyWixQ%3D%3D',
08-22 16:51:14.542 I/ReactNativeJS( 8531): '[INFO]', '[PlaybackTrace][Controller][loadAndResume:loaded]', 'https://prod-1.storage.jamendo.com/?trackid=171&format=mp31&from=8CSIkMvwtD6jzKZ%2BPEaUMQ%3D%3D%7Cj5s5oI6ivq8l2vQOXyWixQ%3D%3D'
08-22 16:51:14.542 I/ReactNativeJS( 8531): '[INFO]', '[PlaybackTrace][Controller][loadAndResume:resumed]', 'https://prod-1.storage.jamendo.com/?trackid=171&format=mp31&from=8CSIkMvwtD6jzKZ%2BPEaUMQ%3D%3D%7Cj5s5oI6ivq8l2vQOXyWixQ%3D%3D'
08-22 16:51:15.089 I/ReactNativeJS( 8531): '[INFO]', '[PlaybackTrace][Controller][loadAndResume:before]', { uri: 'https://prod-1.storage.jamendo.com/?trackid=171&format=mp31&from=8CSIkMvwtD6jzKZ%2BPEaUMQ%3D%3D%7Cj5s5oI6ivq8l2vQOXyWixQ%3D%3D',
08-22 16:51:15.093 I/ReactNativeJS( 8531): '[INFO]', '[PlaybackTrace][Controller][loadAndResume:loaded]', 'https://prod-1.storage.jamendo.com/?trackid=171&format=mp31&from=8CSIkMvwtD6jzKZ%2BPEaUMQ%3D%3D%7Cj5s5oI6ivq8l2vQOXyWixQ%3D%3D'
08-22 16:51:15.097 I/ReactNativeJS( 8531): '[INFO]', '[PlaybackTrace][Controller][loadAndResume:resumed]', 'https://prod-1.storage.jamendo.com/?trackid=171&format=mp31&from=8CSIkMvwtD6jzKZ%2BPEaUMQ%3D%3D%7Cj5s5oI6ivq8l2vQOXyWixQ%3D%3D'
08-22 16:51:15.219 I/ReactNativeJS( 8531): '[INFO]', '[PlaybackTrace][Controller][loadAndResume:before]', { uri: 'https://prod-1.storage.jamendo.com/?trackid=171&format=mp31&from=8CSIkMvwtD6jzKZ%2BPEaUMQ%3D%3D%7Cj5s5oI6ivq8l2vQOXyWixQ%3D%3D',
08-22 16:51:15.222 I/ReactNativeJS( 8531): '[INFO]', '[PlaybackTrace][Controller][loadAndResume:loaded]', 'https://prod-1.storage.jamendo.com/?trackid=171&format=mp31&from=8CSIkMvwtD6jzKZ%2BPEaUMQ%3D%3D%7Cj5s5oI6ivq8l2vQOXyWixQ%3D%3D'
08-22 16:51:15.228 I/ReactNativeJS( 8531): '[INFO]', '[PlaybackTrace][Controller][loadAndResume:resumed]', 'https://prod-1.storage.jamendo.com/?trackid=171&format=mp31&from=8CSIkMvwtD6jzKZ%2BPEaUMQ%3D%3D%7Cj5s5oI6ivq8l2vQOXyWixQ%3D%3D'
08-22 16:51:15.852 I/ReactNativeJS( 8531): '[INFO]', '[PlaybackTrace][Controller][loadAndResume:before]', { uri: 'https://prod-1.storage.jamendo.com/?trackid=171&format=mp31&from=8CSIkMvwtD6jzKZ%2BPEaUMQ%3D%3D%7Cj5s5oI6ivq8l2vQOXyWixQ%3D%3D',
08-22 16:51:15.853 I/ReactNativeJS( 8531): '[INFO]', '[PlaybackTrace][Controller][loadAndResume:loaded]', 'https://prod-1.storage.jamendo.com/?trackid=171&format=mp31&from=8CSIkMvwtD6jzKZ%2BPEaUMQ%3D%3D%7Cj5s5oI6ivq8l2vQOXyWixQ%3D%3D'
08-22 16:51:15.854 I/ReactNativeJS( 8531): '[INFO]', '[PlaybackTrace][Controller][loadAndResume:resumed]', 'https://prod-1.storage.jamendo.com/?trackid=171&format=mp31&from=8CSIkMvwtD6jzKZ%2BPEaUMQ%3D%3D%7Cj5s5oI6ivq8l2vQOXyWixQ%3D%3D'
08-22 16:51:16.021 I/ReactNativeJS( 8531): '[INFO]', '[PlaybackTrace][Controller][loadAndResume:before]', { uri: 'https://prod-1.storage.jamendo.com/?trackid=171&format=mp31&from=8CSIkMvwtD6jzKZ%2BPEaUMQ%3D%3D%7Cj5s5oI6ivq8l2vQOXyWixQ%3D%3D',
08-22 16:51:16.023 I/ReactNativeJS( 8531): '[INFO]', '[PlaybackTrace][Controller][loadAndResume:loaded]', 'https://prod-1.storage.jamendo.com/?trackid=171&format=mp31&from=8CSIkMvwtD6jzKZ%2BPEaUMQ%3D%3D%7Cj5s5oI6ivq8l2vQOXyWixQ%3D%3D'
08-22 16:51:16.023 I/ReactNativeJS( 8531): '[INFO]', '[PlaybackTrace][Controller][loadAndResume:resumed]', 'https://prod-1.storage.jamendo.com/?trackid=171&format=mp31&from=8CSIkMvwtD6jzKZ%2BPEaUMQ%3D%3D%7Cj5s5oI6ivq8l2vQOXyWixQ%3D%3D'
08-22 16:51:16.603 I/ReactNativeJS( 8531): '[INFO]', '[PlaybackTrace][Controller][loadAndResume:before]', { uri: 'https://prod-1.storage.jamendo.com/?trackid=171&format=mp31&from=8CSIkMvwtD6jzKZ%2BPEaUMQ%3D%3D%7Cj5s5oI6ivq8l2vQOXyWixQ%3D%3D',
08-22 16:51:16.605 I/ReactNativeJS( 8531): '[INFO]', '[PlaybackTrace][Controller][loadAndResume:loaded]', 'https://prod-1.storage.jamendo.com/?trackid=171&format=mp31&from=8CSIkMvwtD6jzKZ%2BPEaUMQ%3D%3D%7Cj5s5oI6ivq8l2vQOXyWixQ%3D%3D'
08-22 16:51:16.606 I/ReactNativeJS( 8531): '[INFO]', '[PlaybackTrace][Controller][loadAndResume:resumed]', 'https://prod-1.storage.jamendo.com/?trackid=171&format=mp31&from=8CSIkMvwtD6jzKZ%2BPEaUMQ%3D%3D%7Cj5s5oI6ivq8l2vQOXyWixQ%3D%3D'
08-22 16:51:16.637 I/ReactNativeJS( 8531): '[INFO]', '[PlaybackTrace][Controller][loadAndResume:before]', { uri: 'https://prod-1.storage.jamendo.com/?trackid=171&format=mp31&from=8CSIkMvwtD6jzKZ%2BPEaUMQ%3D%3D%7Cj5s5oI6ivq8l2vQOXyWixQ%3D%3D',
08-22 16:51:16.640 I/ReactNativeJS( 8531): '[INFO]', '[PlaybackTrace][Controller][loadAndResume:loaded]', 'https://prod-1.storage.jamendo.com/?trackid=171&format=mp31&from=8CSIkMvwtD6jzKZ%2BPEaUMQ%3D%3D%7Cj5s5oI6ivq8l2vQOXyWixQ%3D%3D'
08-22 16:51:16.642 I/ReactNativeJS( 8531): '[INFO]', '[PlaybackTrace][Controller][loadAndResume:resumed]', 'https://prod-1.storage.jamendo.com/?trackid=171&format=mp31&from=8CSIkMvwtD6jzKZ%2BPEaUMQ%3D%3D%7Cj5s5oI6ivq8l2vQOXyWixQ%3D%3D'
08-22 16:51:16.720 I/ReactNativeJS( 8531): '[INFO]', '[PlaybackTrace][Controller][loadAndResume:before]', { uri: 'https://prod-1.storage.jamendo.com/?trackid=171&format=mp31&from=8CSIkMvwtD6jzKZ%2BPEaUMQ%3D%3D%7Cj5s5oI6ivq8l2vQOXyWixQ%3D%3D',
08-22 16:51:16.724 I/ReactNativeJS( 8531): '[INFO]', '[PlaybackTrace][Controller][loadAndResume:loaded]', 'https://prod-1.storage.jamendo.com/?trackid=171&format=mp31&from=8CSIkMvwtD6jzKZ%2BPEaUMQ%3D%3D%7Cj5s5oI6ivq8l2vQOXyWixQ%3D%3D'
08-22 16:51:16.725 I/ReactNativeJS( 8531): '[INFO]', '[PlaybackTrace][Controller][loadAndResume:resumed]', 'https://prod-1.storage.jamendo.com/?trackid=171&format=mp31&from=8CSIkMvwtD6jzKZ%2BPEaUMQ%3D%3D%7Cj5s5oI6ivq8l2vQOXyWixQ%3D%3D'
08-22 16:51:17.456 I/ReactNativeJS( 8531): '[INFO]', '[PlaybackTrace][Controller][loadAndResume:before]', { uri: 'https://prod-1.storage.jamendo.com/?trackid=171&format=mp31&from=8CSIkMvwtD6jzKZ%2BPEaUMQ%3D%3D%7Cj5s5oI6ivq8l2vQOXyWixQ%3D%3D',
08-22 16:51:17.457 I/ReactNativeJS( 8531): '[INFO]', '[PlaybackTrace][Controller][loadAndResume:loaded]', 'https://prod-1.storage.jamendo.com/?trackid=171&format=mp31&from=8CSIkMvwtD6jzKZ%2BPEaUMQ%3D%3D%7Cj5s5oI6ivq8l2vQOXyWixQ%3D%3D'
08-22 16:51:17.459 I/ReactNativeJS( 8531): '[INFO]', '[PlaybackTrace][Controller][loadAndResume:resumed]', 'https://prod-1.storage.jamendo.com/?trackid=171&format=mp31&from=8CSIkMvwtD6jzKZ%2BPEaUMQ%3D%3D%7Cj5s5oI6ivq8l2vQOXyWixQ%3D%3D'
08-22 16:51:18.160 I/ReactNativeJS( 8531): '[INFO]', '[PlaybackTrace][Controller][loadAndResume:before]', { uri: 'https://prod-1.storage.jamendo.com/?trackid=171&format=mp31&from=8CSIkMvwtD6jzKZ%2BPEaUMQ%3D%3D%7Cj5s5oI6ivq8l2vQOXyWixQ%3D%3D',
08-22 16:51:18.161 I/ReactNativeJS( 8531): '[INFO]', '[PlaybackTrace][Controller][loadAndResume:loaded]', 'https://prod-1.storage.jamendo.com/?trackid=171&format=mp31&from=8CSIkMvwtD6jzKZ%2BPEaUMQ%3D%3D%7Cj5s5oI6ivq8l2vQOXyWixQ%3D%3D'
08-22 16:51:18.164 I/ReactNativeJS( 8531): '[INFO]', '[PlaybackTrace][Controller][loadAndResume:resumed]', 'https://prod-1.storage.jamendo.com/?trackid=171&format=mp31&from=8CSIkMvwtD6jzKZ%2BPEaUMQ%3D%3D%7Cj5s5oI6ivq8l2vQOXyWixQ%3D%3D'
08-22 16:51:18.165 I/ReactNativeJS( 8531): '[INFO]', '[PlaybackTrace][Controller][loadAndResume:before]', { uri: 'https://prod-1.storage.jamendo.com/?trackid=171&format=mp31&from=8CSIkMvwtD6jzKZ%2BPEaUMQ%3D%3D%7Cj5s5oI6ivq8l2vQOXyWixQ%3D%3D',
08-22 16:51:18.169 I/ReactNativeJS( 8531): '[INFO]', '[PlaybackTrace][Controller][loadAndResume:loaded]', 'https://prod-1.storage.jamendo.com/?trackid=171&format=mp31&from=8CSIkMvwtD6jzKZ%2BPEaUMQ%3D%3D%7Cj5s5oI6ivq8l2vQOXyWixQ%3D%3D'
08-22 16:51:18.169 I/ReactNativeJS( 8531): '[INFO]', '[PlaybackTrace][Controller][loadAndResume:resumed]', 'https://prod-1.storage.jamendo.com/?trackid=171&format=mp31&from=8CSIkMvwtD6jzKZ%2BPEaUMQ%3D%3D%7Cj5s5oI6ivq8l2vQOXyWixQ%3D%3D'
08-22 16:51:19.034 I/ReactNativeJS( 8531): '[INFO]', '[PlaybackTrace][Controller][loadAndResume:before]', { uri: 'https://prod-1.storage.jamendo.com/?trackid=171&format=mp31&from=8CSIkMvwtD6jzKZ%2BPEaUMQ%3D%3D%7Cj5s5oI6ivq8l2vQOXyWixQ%3D%3D',
08-22 16:51:19.038 I/ReactNativeJS( 8531): '[INFO]', '[PlaybackTrace][Controller][loadAndResume:loaded]', 'https://prod-1.storage.jamendo.com/?trackid=171&format=mp31&from=8CSIkMvwtD6jzKZ%2BPEaUMQ%3D%3D%7Cj5s5oI6ivq8l2vQOXyWixQ%3D%3D'
08-22 16:51:19.039 I/ReactNativeJS( 8531): '[INFO]', '[PlaybackTrace][Controller][loadAndResume:resumed]', 'https://prod-1.storage.jamendo.com/?trackid=171&format=mp31&from=8CSIkMvwtD6jzKZ%2BPEaUMQ%3D%3D%7Cj5s5oI6ivq8l2vQOXyWixQ%3D%3D'
08-22 16:51:19.587 I/ReactNativeJS( 8531): '[INFO]', '[PlaybackTrace][Controller][loadAndResume:before]', { uri: 'https://prod-1.storage.jamendo.com/?trackid=171&format=mp31&from=8CSIkMvwtD6jzKZ%2BPEaUMQ%3D%3D%7Cj5s5oI6ivq8l2vQOXyWixQ%3D%3D',
08-22 16:51:19.588 I/ReactNativeJS( 8531): '[INFO]', '[PlaybackTrace][Controller][loadAndResume:loaded]', 'https://prod-1.storage.jamendo.com/?trackid=171&format=mp31&from=8CSIkMvwtD6jzKZ%2BPEaUMQ%3D%3D%7Cj5s5oI6ivq8l2vQOXyWixQ%3D%3D'
08-22 16:51:19.589 I/ReactNativeJS( 8531): '[INFO]', '[PlaybackTrace][Controller][loadAndResume:resumed]', 'https://prod-1.storage.jamendo.com/?trackid=171&format=mp31&from=8CSIkMvwtD6jzKZ%2BPEaUMQ%3D%3D%7Cj5s5oI6ivq8l2vQOXyWixQ%3D%3D'
08-22 16:51:19.637 I/ReactNativeJS( 8531): '[INFO]', '[PlaybackTrace][Controller][loadAndResume:before]', { uri: 'https://prod-1.storage.jamendo.com/?trackid=171&format=mp31&from=8CSIkMvwtD6jzKZ%2BPEaUMQ%3D%3D%7Cj5s5oI6ivq8l2vQOXyWixQ%3D%3D',
08-22 16:51:19.641 I/ReactNativeJS( 8531): '[INFO]', '[PlaybackTrace][Controller][loadAndResume:loaded]', 'https://prod-1.storage.jamendo.com/?trackid=171&format=mp31&from=8CSIkMvwtD6jzKZ%2BPEaUMQ%3D%3D%7Cj5s5oI6ivq8l2vQOXyWixQ%3D%3D'
08-22 16:51:19.644 I/ReactNativeJS( 8531): '[INFO]', '[PlaybackTrace][Controller][loadAndResume:resumed]', 'https://prod-1.storage.jamendo.com/?trackid=171&format=mp31&from=8CSIkMvwtD6jzKZ%2BPEaUMQ%3D%3D%7Cj5s5oI6ivq8l2vQOXyWixQ%3D%3D'
08-22 16:51:19.721 I/ReactNativeJS( 8531): '[INFO]', '[PlaybackTrace][Controller][loadAndResume:before]', { uri: 'https://prod-1.storage.jamendo.com/?trackid=171&format=mp31&from=8CSIkMvwtD6jzKZ%2BPEaUMQ%3D%3D%7Cj5s5oI6ivq8l2vQOXyWixQ%3D%3D',
08-22 16:51:19.723 I/ReactNativeJS( 8531): '[INFO]', '[PlaybackTrace][Controller][loadAndResume:loaded]', 'https://prod-1.storage.jamendo.com/?trackid=171&format=mp31&from=8CSIkMvwtD6jzKZ%2BPEaUMQ%3D%3D%7Cj5s5oI6ivq8l2vQOXyWixQ%3D%3D'
08-22 16:51:19.724 I/ReactNativeJS( 8531): '[INFO]', '[PlaybackTrace][Controller][loadAndResume:resumed]', 'https://prod-1.storage.jamendo.com/?trackid=171&format=mp31&from=8CSIkMvwtD6jzKZ%2BPEaUMQ%3D%3D%7Cj5s5oI6ivq8l2vQOXyWixQ%3D%3D'
08-22 16:51:20.210 I/ReactNativeJS( 8531): '[INFO]', '[PlaybackTrace][Controller][loadAndResume:before]', { uri: 'https://prod-1.storage.jamendo.com/?trackid=171&format=mp31&from=8CSIkMvwtD6jzKZ%2BPEaUMQ%3D%3D%7Cj5s5oI6ivq8l2vQOXyWixQ%3D%3D',
08-22 16:51:20.213 I/ReactNativeJS( 8531): '[INFO]', '[PlaybackTrace][Controller][loadAndResume:loaded]', 'https://prod-1.storage.jamendo.com/?trackid=171&format=mp31&from=8CSIkMvwtD6jzKZ%2BPEaUMQ%3D%3D%7Cj5s5oI6ivq8l2vQOXyWixQ%3D%3D'
08-22 16:51:20.217 I/ReactNativeJS( 8531): '[INFO]', '[PlaybackTrace][Controller][loadAndResume:resumed]', 'https://prod-1.storage.jamendo.com/?trackid=171&format=mp31&from=8CSIkMvwtD6jzKZ%2BPEaUMQ%3D%3D%7Cj5s5oI6ivq8l2vQOXyWixQ%3D%3D'
08-22 16:51:20.339 I/ReactNativeJS( 8531): '[INFO]', '[PlaybackTrace][Controller][loadAndResume:before]', { uri: 'https://prod-1.storage.jamendo.com/?trackid=171&format=mp31&from=8CSIkMvwtD6jzKZ%2BPEaUMQ%3D%3D%7Cj5s5oI6ivq8l2vQOXyWixQ%3D%3D',
08-22 16:51:20.340 I/ReactNativeJS( 8531): '[INFO]', '[PlaybackTrace][Controller][loadAndResume:loaded]', 'https://prod-1.storage.jamendo.com/?trackid=171&format=mp31&from=8CSIkMvwtD6jzKZ%2BPEaUMQ%3D%3D%7Cj5s5oI6ivq8l2vQOXyWixQ%3D%3D'
08-22 16:51:20.340 I/ReactNativeJS( 8531): '[INFO]', '[PlaybackTrace][Controller][loadAndResume:resumed]', 'https://prod-1.storage.jamendo.com/?trackid=171&format=mp31&from=8CSIkMvwtD6jzKZ%2BPEaUMQ%3D%3D%7Cj5s5oI6ivq8l2vQOXyWixQ%3D%3D'
08-22 16:51:20.470 I/ReactNativeJS( 8531): '[INFO]', '[PlaybackTrace][Controller][loadAndResume:before]', { uri: 'https://prod-1.storage.jamendo.com/?trackid=171&format=mp31&from=8CSIkMvwtD6jzKZ%2BPEaUMQ%3D%3D%7Cj5s5oI6ivq8l2vQOXyWixQ%3D%3D',
08-22 16:51:20.472 I/ReactNativeJS( 8531): '[INFO]', '[PlaybackTrace][Controller][loadAndResume:loaded]', 'https://prod-1.storage.jamendo.com/?trackid=171&format=mp31&from=8CSIkMvwtD6jzKZ%2BPEaUMQ%3D%3D%7Cj5s5oI6ivq8l2vQOXyWixQ%3D%3D'
08-22 16:51:20.474 I/ReactNativeJS( 8531): '[INFO]', '[PlaybackTrace][Controller][loadAndResume:resumed]', 'https://prod-1.storage.jamendo.com/?trackid=171&format=mp31&from=8CSIkMvwtD6jzKZ%2BPEaUMQ%3D%3D%7Cj5s5oI6ivq8l2vQOXyWixQ%3D%3D'
08-22 16:51:20.487 I/ReactNativeJS( 8531): '[INFO]', '[PlaybackTrace][Controller][loadAndResume:before]', { uri: 'https://prod-1.storage.jamendo.com/?trackid=171&format=mp31&from=8CSIkMvwtD6jzKZ%2BPEaUMQ%3D%3D%7Cj5s5oI6ivq8l2vQOXyWixQ%3D%3D',
08-22 16:51:20.490 I/ReactNativeJS( 8531): '[INFO]', '[PlaybackTrace][Controller][loadAndResume:loaded]', 'https://prod-1.storage.jamendo.com/?trackid=171&format=mp31&from=8CSIkMvwtD6jzKZ%2BPEaUMQ%3D%3D%7Cj5s5oI6ivq8l2vQOXyWixQ%3D%3D'
08-22 16:51:20.490 I/ReactNativeJS( 8531): '[INFO]', '[PlaybackTrace][Controller][loadAndResume:resumed]', 'https://prod-1.storage.jamendo.com/?trackid=171&format=mp31&from=8CSIkMvwtD6jzKZ%2BPEaUMQ%3D%3D%7Cj5s5oI6ivq8l2vQOXyWixQ%3D%3D'
08-22 16:51:21.217 I/ReactNativeJS( 8531): '[INFO]', '[PlaybackTrace][Controller][loadAndResume:before]', { uri: 'https://prod-1.storage.jamendo.com/?trackid=171&format=mp31&from=8CSIkMvwtD6jzKZ%2BPEaUMQ%3D%3D%7Cj5s5oI6ivq8l2vQOXyWixQ%3D%3D',
08-22 16:51:21.224 I/ReactNativeJS( 8531): '[INFO]', '[PlaybackTrace][Controller][loadAndResume:loaded]', 'https://prod-1.storage.jamendo.com/?trackid=171&format=mp31&from=8CSIkMvwtD6jzKZ%2BPEaUMQ%3D%3D%7Cj5s5oI6ivq8l2vQOXyWixQ%3D%3D'
08-22 16:51:21.224 I/ReactNativeJS( 8531): '[INFO]', '[PlaybackTrace][Controller][loadAndResume:resumed]', 'https://prod-1.storage.jamendo.com/?trackid=171&format=mp31&from=8CSIkMvwtD6jzKZ%2BPEaUMQ%3D%3D%7Cj5s5oI6ivq8l2vQOXyWixQ%3D%3D'
08-22 16:51:21.225 I/ReactNativeJS( 8531): '[INFO]', '[PlaybackTrace][Controller][loadAndResume:before]', { uri: 'https://prod-1.storage.jamendo.com/?trackid=171&format=mp31&from=8CSIkMvwtD6jzKZ%2BPEaUMQ%3D%3D%7Cj5s5oI6ivq8l2vQOXyWixQ%3D%3D',
08-22 16:51:21.227 I/ReactNativeJS( 8531): '[INFO]', '[PlaybackTrace][Controller][loadAndResume:loaded]', 'https://prod-1.storage.jamendo.com/?trackid=171&format=mp31&from=8CSIkMvwtD6jzKZ%2BPEaUMQ%3D%3D%7Cj5s5oI6ivq8l2vQOXyWixQ%3D%3D'
08-22 16:51:21.227 I/ReactNativeJS( 8531): '[INFO]', '[PlaybackTrace][Controller][loadAndResume:resumed]', 'https://prod-1.storage.jamendo.com/?trackid=171&format=mp31&from=8CSIkMvwtD6jzKZ%2BPEaUMQ%3D%3D%7Cj5s5oI6ivq8l2vQOXyWixQ%3D%3D'
08-22 16:51:21.703 I/ReactNativeJS( 8531): '[INFO]', '[PlaybackTrace][Controller][loadAndResume:before]', { uri: 'https://prod-1.storage.jamendo.com/?trackid=171&format=mp31&from=8CSIkMvwtD6jzKZ%2BPEaUMQ%3D%3D%7Cj5s5oI6ivq8l2vQOXyWixQ%3D%3D',
08-22 16:51:21.706 I/ReactNativeJS( 8531): '[INFO]', '[PlaybackTrace][Controller][loadAndResume:loaded]', 'https://prod-1.storage.jamendo.com/?trackid=171&format=mp31&from=8CSIkMvwtD6jzKZ%2BPEaUMQ%3D%3D%7Cj5s5oI6ivq8l2vQOXyWixQ%3D%3D'
08-22 16:51:21.707 I/ReactNativeJS( 8531): '[INFO]', '[PlaybackTrace][Controller][loadAndResume:resumed]', 'https://prod-1.storage.jamendo.com/?trackid=171&format=mp31&from=8CSIkMvwtD6jzKZ%2BPEaUMQ%3D%3D%7Cj5s5oI6ivq8l2vQOXyWixQ%3D%3D'
08-22 16:51:21.855 I/ReactNativeJS( 8531): '[INFO]', '[PlaybackTrace][Controller][loadAndResume:before]', { uri: 'https://prod-1.storage.jamendo.com/?trackid=171&format=mp31&from=8CSIkMvwtD6jzKZ%2BPEaUMQ%3D%3D%7Cj5s5oI6ivq8l2vQOXyWixQ%3D%3D',
08-22 16:51:21.858 I/ReactNativeJS( 8531): '[INFO]', '[PlaybackTrace][Controller][loadAndResume:loaded]', 'https://prod-1.storage.jamendo.com/?trackid=171&format=mp31&from=8CSIkMvwtD6jzKZ%2BPEaUMQ%3D%3D%7Cj5s5oI6ivq8l2vQOXyWixQ%3D%3D'
08-22 16:51:21.859 I/ReactNativeJS( 8531): '[INFO]', '[PlaybackTrace][Controller][loadAndResume:resumed]', 'https://prod-1.storage.jamendo.com/?trackid=171&format=mp31&from=8CSIkMvwtD6jzKZ%2BPEaUMQ%3D%3D%7Cj5s5oI6ivq8l2vQOXyWixQ%3D%3D'
08-22 16:51:22.602 I/ReactNativeJS( 8531): '[INFO]', '[PlaybackTrace][Controller][loadAndResume:before]', { uri: 'https://prod-1.storage.jamendo.com/?trackid=171&format=mp31&from=8CSIkMvwtD6jzKZ%2BPEaUMQ%3D%3D%7Cj5s5oI6ivq8l2vQOXyWixQ%3D%3D',
08-22 16:51:22.604 I/ReactNativeJS( 8531): '[INFO]', '[PlaybackTrace][Controller][loadAndResume:loaded]', 'https://prod-1.storage.jamendo.com/?trackid=171&format=mp31&from=8CSIkMvwtD6jzKZ%2BPEaUMQ%3D%3D%7Cj5s5oI6ivq8l2vQOXyWixQ%3D%3D'
08-22 16:51:22.605 I/ReactNativeJS( 8531): '[INFO]', '[PlaybackTrace][Controller][loadAndResume:resumed]', 'https://prod-1.storage.jamendo.com/?trackid=171&format=mp31&from=8CSIkMvwtD6jzKZ%2BPEaUMQ%3D%3D%7Cj5s5oI6ivq8l2vQOXyWixQ%3D%3D'
08-22 16:51:22.670 I/ReactNativeJS( 8531): '[INFO]', '[PlaybackTrace][Controller][loadAndResume:before]', { uri: 'https://prod-1.storage.jamendo.com/?trackid=171&format=mp31&from=8CSIkMvwtD6jzKZ%2BPEaUMQ%3D%3D%7Cj5s5oI6ivq8l2vQOXyWixQ%3D%3D',
08-22 16:51:22.672 I/ReactNativeJS( 8531): '[INFO]', '[PlaybackTrace][Controller][loadAndResume:loaded]', 'https://prod-1.storage.jamendo.com/?trackid=171&format=mp31&from=8CSIkMvwtD6jzKZ%2BPEaUMQ%3D%3D%7Cj5s5oI6ivq8l2vQOXyWixQ%3D%3D'
08-22 16:51:22.674 I/ReactNativeJS( 8531): '[INFO]', '[PlaybackTrace][Controller][loadAndResume:resumed]', 'https://prod-1.storage.jamendo.com/?trackid=171&format=mp31&from=8CSIkMvwtD6jzKZ%2BPEaUMQ%3D%3D%7Cj5s5oI6ivq8l2vQOXyWixQ%3D%3D'
08-22 16:51:23.306 I/ReactNativeJS( 8531): '[INFO]', '[PlaybackTrace][Controller][loadAndResume:before]', { uri: 'https://prod-1.storage.jamendo.com/?trackid=171&format=mp31&from=8CSIkMvwtD6jzKZ%2BPEaUMQ%3D%3D%7Cj5s5oI6ivq8l2vQOXyWixQ%3D%3D',
08-22 16:51:23.308 I/ReactNativeJS( 8531): '[INFO]', '[PlaybackTrace][Controller][loadAndResume:loaded]', 'https://prod-1.storage.jamendo.com/?trackid=171&format=mp31&from=8CSIkMvwtD6jzKZ%2BPEaUMQ%3D%3D%7Cj5s5oI6ivq8l2vQOXyWixQ%3D%3D'
08-22 16:51:23.309 I/ReactNativeJS( 8531): '[INFO]', '[PlaybackTrace][Controller][loadAndResume:resumed]', 'https://prod-1.storage.jamendo.com/?trackid=171&format=mp31&from=8CSIkMvwtD6jzKZ%2BPEaUMQ%3D%3D%7Cj5s5oI6ivq8l2vQOXyWixQ%3D%3D'
08-22 16:51:23.356 I/ReactNativeJS( 8531): '[INFO]', '[PlaybackTrace][Controller][loadAndResume:before]', { uri: 'https://prod-1.storage.jamendo.com/?trackid=171&format=mp31&from=8CSIkMvwtD6jzKZ%2BPEaUMQ%3D%3D%7Cj5s5oI6ivq8l2vQOXyWixQ%3D%3D',
08-22 16:51:23.358 I/ReactNativeJS( 8531): '[INFO]', '[PlaybackTrace][Controller][loadAndResume:loaded]', 'https://prod-1.storage.jamendo.com/?trackid=171&format=mp31&from=8CSIkMvwtD6jzKZ%2BPEaUMQ%3D%3D%7Cj5s5oI6ivq8l2vQOXyWixQ%3D%3D'
08-22 16:51:23.359 I/ReactNativeJS( 8531): '[INFO]', '[PlaybackTrace][Controller][loadAndResume:resumed]', 'https://prod-1.storage.jamendo.com/?trackid=171&format=mp31&from=8CSIkMvwtD6jzKZ%2BPEaUMQ%3D%3D%7Cj5s5oI6ivq8l2vQOXyWixQ%3D%3D'
08-22 16:51:23.360 I/ReactNativeJS( 8531): '[INFO]', '[PlaybackTrace][Controller][loadAndResume:before]', { uri: 'https://prod-1.storage.jamendo.com/?trackid=171&format=mp31&from=8CSIkMvwtD6jzKZ%2BPEaUMQ%3D%3D%7Cj5s5oI6ivq8l2vQOXyWixQ%3D%3D',
08-22 16:51:23.361 I/ReactNativeJS( 8531): '[INFO]', '[PlaybackTrace][Controller][loadAndResume:loaded]', 'https://prod-1.storage.jamendo.com/?trackid=171&format=mp31&from=8CSIkMvwtD6jzKZ%2BPEaUMQ%3D%3D%7Cj5s5oI6ivq8l2vQOXyWixQ%3D%3D'
08-22 16:51:23.362 I/ReactNativeJS( 8531): '[INFO]', '[PlaybackTrace][Controller][loadAndResume:resumed]', 'https://prod-1.storage.jamendo.com/?trackid=171&format=mp31&from=8CSIkMvwtD6jzKZ%2BPEaUMQ%3D%3D%7Cj5s5oI6ivq8l2vQOXyWixQ%3D%3D'
08-22 16:51:23.470 I/ReactNativeJS( 8531): '[INFO]', '[PlaybackTrace][Controller][loadAndResume:before]', { uri: 'https://prod-1.storage.jamendo.com/?trackid=171&format=mp31&from=8CSIkMvwtD6jzKZ%2BPEaUMQ%3D%3D%7Cj5s5oI6ivq8l2vQOXyWixQ%3D%3D',
08-22 16:51:23.474 I/ReactNativeJS( 8531): '[INFO]', '[PlaybackTrace][Controller][loadAndResume:loaded]', 'https://prod-1.storage.jamendo.com/?trackid=171&format=mp31&from=8CSIkMvwtD6jzKZ%2BPEaUMQ%3D%3D%7Cj5s5oI6ivq8l2vQOXyWixQ%3D%3D'
08-22 16:51:23.476 I/ReactNativeJS( 8531): '[INFO]', '[PlaybackTrace][Controller][loadAndResume:resumed]', 'https://prod-1.storage.jamendo.com/?trackid=171&format=mp31&from=8CSIkMvwtD6jzKZ%2BPEaUMQ%3D%3D%7Cj5s5oI6ivq8l2vQOXyWixQ%3D%3D'
08-22 16:51:24.020 I/ReactNativeJS( 8531): '[INFO]', '[PlaybackTrace][Controller][loadAndResume:before]', { uri: 'https://prod-1.storage.jamendo.com/?trackid=171&format=mp31&from=8CSIkMvwtD6jzKZ%2BPEaUMQ%3D%3D%7Cj5s5oI6ivq8l2vQOXyWixQ%3D%3D',
08-22 16:51:24.025 I/ReactNativeJS( 8531): '[INFO]', '[PlaybackTrace][Controller][loadAndResume:loaded]', 'https://prod-1.storage.jamendo.com/?trackid=171&format=mp31&from=8CSIkMvwtD6jzKZ%2BPEaUMQ%3D%3D%7Cj5s5oI6ivq8l2vQOXyWixQ%3D%3D'
08-22 16:51:24.026 I/ReactNativeJS( 8531): '[INFO]', '[PlaybackTrace][Controller][loadAndResume:resumed]', 'https://prod-1.storage.jamendo.com/?trackid=171&format=mp31&from=8CSIkMvwtD6jzKZ%2BPEaUMQ%3D%3D%7Cj5s5oI6ivq8l2vQOXyWixQ%3D%3D'
08-22 16:51:24.188 I/ReactNativeJS( 8531): '[INFO]', '[PlaybackTrace][Controller][loadAndResume:before]', { uri: 'https://prod-1.storage.jamendo.com/?trackid=171&format=mp31&from=8CSIkMvwtD6jzKZ%2BPEaUMQ%3D%3D%7Cj5s5oI6ivq8l2vQOXyWixQ%3D%3D',
08-22 16:51:24.192 I/ReactNativeJS( 8531): '[INFO]', '[PlaybackTrace][Controller][loadAndResume:loaded]', 'https://prod-1.storage.jamendo.com/?trackid=171&format=mp31&from=8CSIkMvwtD6jzKZ%2BPEaUMQ%3D%3D%7Cj5s5oI6ivq8l2vQOXyWixQ%3D%3D'
08-22 16:51:24.192 I/ReactNativeJS( 8531): '[INFO]', '[PlaybackTrace][Controller][loadAndResume:resumed]', 'https://prod-1.storage.jamendo.com/?trackid=171&format=mp31&from=8CSIkMvwtD6jzKZ%2BPEaUMQ%3D%3D%7Cj5s5oI6ivq8l2vQOXyWixQ%3D%3D'
08-22 16:51:24.253 I/ReactNativeJS( 8531): '[INFO]', '[PlaybackTrace][Controller][loadAndResume:before]', { uri: 'https://prod-1.storage.jamendo.com/?trackid=171&format=mp31&from=8CSIkMvwtD6jzKZ%2BPEaUMQ%3D%3D%7Cj5s5oI6ivq8l2vQOXyWixQ%3D%3D',
08-22 16:51:24.254 I/ReactNativeJS( 8531): '[INFO]', '[PlaybackTrace][Controller][loadAndResume:loaded]', 'https://prod-1.storage.jamendo.com/?trackid=171&format=mp31&from=8CSIkMvwtD6jzKZ%2BPEaUMQ%3D%3D%7Cj5s5oI6ivq8l2vQOXyWixQ%3D%3D'
08-22 16:51:24.256 I/ReactNativeJS( 8531): '[INFO]', '[PlaybackTrace][Controller][loadAndResume:resumed]', 'https://prod-1.storage.jamendo.com/?trackid=171&format=mp31&from=8CSIkMvwtD6jzKZ%2BPEaUMQ%3D%3D%7Cj5s5oI6ivq8l2vQOXyWixQ%3D%3D'
08-22 16:51:24.719 I/ReactNativeJS( 8531): '[INFO]', '[PlaybackTrace][Controller][loadAndResume:before]', { uri: 'https://prod-1.storage.jamendo.com/?trackid=171&format=mp31&from=8CSIkMvwtD6jzKZ%2BPEaUMQ%3D%3D%7Cj5s5oI6ivq8l2vQOXyWixQ%3D%3D',
08-22 16:51:24.722 I/ReactNativeJS( 8531): '[INFO]', '[PlaybackTrace][Controller][loadAndResume:loaded]', 'https://prod-1.storage.jamendo.com/?trackid=171&format=mp31&from=8CSIkMvwtD6jzKZ%2BPEaUMQ%3D%3D%7Cj5s5oI6ivq8l2vQOXyWixQ%3D%3D'
08-22 16:51:24.723 I/ReactNativeJS( 8531): '[INFO]', '[PlaybackTrace][Controller][loadAndResume:resumed]', 'https://prod-1.storage.jamendo.com/?trackid=171&format=mp31&from=8CSIkMvwtD6jzKZ%2BPEaUMQ%3D%3D%7Cj5s5oI6ivq8l2vQOXyWixQ%3D%3D'
08-22 16:51:24.836 I/ReactNativeJS( 8531): '[INFO]', '[PlaybackTrace][Controller][loadAndResume:before]', { uri: 'https://prod-1.storage.jamendo.com/?trackid=171&format=mp31&from=8CSIkMvwtD6jzKZ%2BPEaUMQ%3D%3D%7Cj5s5oI6ivq8l2vQOXyWixQ%3D%3D',
08-22 16:51:24.838 I/ReactNativeJS( 8531): '[INFO]', '[PlaybackTrace][Controller][loadAndResume:loaded]', 'https://prod-1.storage.jamendo.com/?trackid=171&format=mp31&from=8CSIkMvwtD6jzKZ%2BPEaUMQ%3D%3D%7Cj5s5oI6ivq8l2vQOXyWixQ%3D%3D'
08-22 16:51:24.839 I/ReactNativeJS( 8531): '[INFO]', '[PlaybackTrace][Controller][loadAndResume:resumed]', 'https://prod-1.storage.jamendo.com/?trackid=171&format=mp31&from=8CSIkMvwtD6jzKZ%2BPEaUMQ%3D%3D%7Cj5s5oI6ivq8l2vQOXyWixQ%3D%3D'
08-22 16:51:25.468 I/ReactNativeJS( 8531): '[INFO]', '[PlaybackTrace][Controller][loadAndResume:before]', { uri: 'https://prod-1.storage.jamendo.com/?trackid=171&format=mp31&from=8CSIkMvwtD6jzKZ%2BPEaUMQ%3D%3D%7Cj5s5oI6ivq8l2vQOXyWixQ%3D%3D',
08-22 16:51:25.470 I/ReactNativeJS( 8531): '[INFO]', '[PlaybackTrace][Controller][loadAndResume:loaded]', 'https://prod-1.storage.jamendo.com/?trackid=171&format=mp31&from=8CSIkMvwtD6jzKZ%2BPEaUMQ%3D%3D%7Cj5s5oI6ivq8l2vQOXyWixQ%3D%3D'
08-22 16:51:25.470 I/ReactNativeJS( 8531): '[INFO]', '[PlaybackTrace][Controller][loadAndResume:resumed]', 'https://prod-1.storage.jamendo.com/?trackid=171&format=mp31&from=8CSIkMvwtD6jzKZ%2BPEaUMQ%3D%3D%7Cj5s5oI6ivq8l2vQOXyWixQ%3D%3D'
08-22 16:51:25.521 I/ReactNativeJS( 8531): '[INFO]', '[PlaybackTrace][Controller][loadAndResume:before]', { uri: 'https://prod-1.storage.jamendo.com/?trackid=171&format=mp31&from=8CSIkMvwtD6jzKZ%2BPEaUMQ%3D%3D%7Cj5s5oI6ivq8l2vQOXyWixQ%3D%3D',
08-22 16:51:25.522 I/ReactNativeJS( 8531): '[INFO]', '[PlaybackTrace][Controller][loadAndResume:loaded]', 'https://prod-1.storage.jamendo.com/?trackid=171&format=mp31&from=8CSIkMvwtD6jzKZ%2BPEaUMQ%3D%3D%7Cj5s5oI6ivq8l2vQOXyWixQ%3D%3D'
08-22 16:51:25.522 I/ReactNativeJS( 8531): '[INFO]', '[PlaybackTrace][Controller][loadAndResume:resumed]', 'https://prod-1.storage.jamendo.com/?trackid=171&format=mp31&from=8CSIkMvwtD6jzKZ%2BPEaUMQ%3D%3D%7Cj5s5oI6ivq8l2vQOXyWixQ%3D%3D'
08-22 16:51:26.238 I/ReactNativeJS( 8531): '[INFO]', '[PlaybackTrace][Controller][loadAndResume:before]', { uri: 'https://prod-1.storage.jamendo.com/?trackid=171&format=mp31&from=8CSIkMvwtD6jzKZ%2BPEaUMQ%3D%3D%7Cj5s5oI6ivq8l2vQOXyWixQ%3D%3D',
08-22 16:51:26.240 I/ReactNativeJS( 8531): '[INFO]', '[PlaybackTrace][Controller][loadAndResume:loaded]', 'https://prod-1.storage.jamendo.com/?trackid=171&format=mp31&from=8CSIkMvwtD6jzKZ%2BPEaUMQ%3D%3D%7Cj5s5oI6ivq8l2vQOXyWixQ%3D%3D'
08-22 16:51:26.242 I/ReactNativeJS( 8531): '[INFO]', '[PlaybackTrace][Controller][loadAndResume:resumed]', 'https://prod-1.storage.jamendo.com/?trackid=171&format=mp31&from=8CSIkMvwtD6jzKZ%2BPEaUMQ%3D%3D%7Cj5s5oI6ivq8l2vQOXyWixQ%3D%3D'
08-22 16:51:26.336 I/ReactNativeJS( 8531): '[INFO]', '[PlaybackTrace][Controller][loadAndResume:before]', { uri: 'https://prod-1.storage.jamendo.com/?trackid=171&format=mp31&from=8CSIkMvwtD6jzKZ%2BPEaUMQ%3D%3D%7Cj5s5oI6ivq8l2vQOXyWixQ%3D%3D',
08-22 16:51:26.337 I/ReactNativeJS( 8531): '[INFO]', '[PlaybackTrace][Controller][loadAndResume:loaded]', 'https://prod-1.storage.jamendo.com/?trackid=171&format=mp31&from=8CSIkMvwtD6jzKZ%2BPEaUMQ%3D%3D%7Cj5s5oI6ivq8l2vQOXyWixQ%3D%3D'
08-22 16:51:26.339 I/ReactNativeJS( 8531): '[INFO]', '[PlaybackTrace][Controller][loadAndResume:resumed]', 'https://prod-1.storage.jamendo.com/?trackid=171&format=mp31&from=8CSIkMvwtD6jzKZ%2BPEaUMQ%3D%3D%7Cj5s5oI6ivq8l2vQOXyWixQ%3D%3D'
08-22 16:51:26.353 I/ReactNativeJS( 8531): '[INFO]', '[PlaybackTrace][Controller][loadAndResume:before]', { uri: 'https://prod-1.storage.jamendo.com/?trackid=171&format=mp31&from=8CSIkMvwtD6jzKZ%2BPEaUMQ%3D%3D%7Cj5s5oI6ivq8l2vQOXyWixQ%3D%3D',
08-22 16:51:26.356 I/ReactNativeJS( 8531): '[INFO]', '[PlaybackTrace][Controller][loadAndResume:loaded]', 'https://prod-1.storage.jamendo.com/?trackid=171&format=mp31&from=8CSIkMvwtD6jzKZ%2BPEaUMQ%3D%3D%7Cj5s5oI6ivq8l2vQOXyWixQ%3D%3D'
08-22 16:51:26.356 I/ReactNativeJS( 8531): '[INFO]', '[PlaybackTrace][Controller][loadAndResume:resumed]', 'https://prod-1.storage.jamendo.com/?trackid=171&format=mp31&from=8CSIkMvwtD6jzKZ%2BPEaUMQ%3D%3D%7Cj5s5oI6ivq8l2vQOXyWixQ%3D%3D'
08-22 16:51:26.870 I/ReactNativeJS( 8531): '[INFO]', '[PlaybackTrace][Controller][loadAndResume:before]', { uri: 'https://prod-1.storage.jamendo.com/?trackid=171&format=mp31&from=8CSIkMvwtD6jzKZ%2BPEaUMQ%3D%3D%7Cj5s5oI6ivq8l2vQOXyWixQ%3D%3D',
08-22 16:51:26.872 I/ReactNativeJS( 8531): '[INFO]', '[PlaybackTrace][Controller][loadAndResume:loaded]', 'https://prod-1.storage.jamendo.com/?trackid=171&format=mp31&from=8CSIkMvwtD6jzKZ%2BPEaUMQ%3D%3D%7Cj5s5oI6ivq8l2vQOXyWixQ%3D%3D'
08-22 16:51:26.874 I/ReactNativeJS( 8531): '[INFO]', '[PlaybackTrace][Controller][loadAndResume:resumed]', 'https://prod-1.storage.jamendo.com/?trackid=171&format=mp31&from=8CSIkMvwtD6jzKZ%2BPEaUMQ%3D%3D%7Cj5s5oI6ivq8l2vQOXyWixQ%3D%3D'
08-22 16:51:26.904 I/ReactNativeJS( 8531): '[INFO]', '[PlaybackTrace][Controller][loadAndResume:before]', { uri: 'https://prod-1.storage.jamendo.com/?trackid=171&format=mp31&from=8CSIkMvwtD6jzKZ%2BPEaUMQ%3D%3D%7Cj5s5oI6ivq8l2vQOXyWixQ%3D%3D',
08-22 16:51:26.905 I/ReactNativeJS( 8531): '[INFO]', '[PlaybackTrace][Controller][loadAndResume:loaded]', 'https://prod-1.storage.jamendo.com/?trackid=171&format=mp31&from=8CSIkMvwtD6jzKZ%2BPEaUMQ%3D%3D%7Cj5s5oI6ivq8l2vQOXyWixQ%3D%3D'
08-22 16:51:26.907 I/ReactNativeJS( 8531): '[INFO]', '[PlaybackTrace][Controller][loadAndResume:resumed]', 'https://prod-1.storage.jamendo.com/?trackid=171&format=mp31&from=8CSIkMvwtD6jzKZ%2BPEaUMQ%3D%3D%7Cj5s5oI6ivq8l2vQOXyWixQ%3D%3D'
08-22 16:51:27.259 I/ReactNativeJS( 8531): '[INFO]', '[PlaybackTrace][Controller][loadAndResume:before]', { uri: 'https://prod-1.storage.jamendo.com/?trackid=171&format=mp31&from=8CSIkMvwtD6jzKZ%2BPEaUMQ%3D%3D%7Cj5s5oI6ivq8l2vQOXyWixQ%3D%3D',
08-22 16:51:27.275 I/ReactNativeJS( 8531): '[INFO]', '[PlaybackTrace][Controller][loadAndResume:loaded]', 'https://prod-1.storage.jamendo.com/?trackid=171&format=mp31&from=8CSIkMvwtD6jzKZ%2BPEaUMQ%3D%3D%7Cj5s5oI6ivq8l2vQOXyWixQ%3D%3D'
08-22 16:51:27.277 I/ReactNativeJS( 8531): '[INFO]', '[PlaybackTrace][Controller][loadAndResume:resumed]', 'https://prod-1.storage.jamendo.com/?trackid=171&format=mp31&from=8CSIkMvwtD6jzKZ%2BPEaUMQ%3D%3D%7Cj5s5oI6ivq8l2vQOXyWixQ%3D%3D'
08-22 16:51:27.891 I/ReactNativeJS( 8531): '[INFO]', '[PlaybackTrace][Controller][loadAndResume:before]', { uri: 'https://prod-1.storage.jamendo.com/?trackid=171&format=mp31&from=8CSIkMvwtD6jzKZ%2BPEaUMQ%3D%3D%7Cj5s5oI6ivq8l2vQOXyWixQ%3D%3D',
08-22 16:51:27.899 I/ReactNativeJS( 8531): '[INFO]', '[PlaybackTrace][Controller][loadAndResume:loaded]', 'https://prod-1.storage.jamendo.com/?trackid=171&format=mp31&from=8CSIkMvwtD6jzKZ%2BPEaUMQ%3D%3D%7Cj5s5oI6ivq8l2vQOXyWixQ%3D%3D'
08-22 16:51:27.912 I/ReactNativeJS( 8531): '[INFO]', '[PlaybackTrace][Controller][loadAndResume:resumed]', 'https://prod-1.storage.jamendo.com/?trackid=171&format=mp31&from=8CSIkMvwtD6jzKZ%2BPEaUMQ%3D%3D%7Cj5s5oI6ivq8l2vQOXyWixQ%3D%3D'
08-22 16:51:28.375 I/ReactNativeJS( 8531): '[INFO]', '[PlaybackTrace][Controller][loadAndResume:before]', { uri: 'https://prod-1.storage.jamendo.com/?trackid=171&format=mp31&from=8CSIkMvwtD6jzKZ%2BPEaUMQ%3D%3D%7Cj5s5oI6ivq8l2vQOXyWixQ%3D%3D',
08-22 16:51:28.387 I/ReactNativeJS( 8531): '[INFO]', '[PlaybackTrace][Controller][loadAndResume:loaded]', 'https://prod-1.storage.jamendo.com/?trackid=171&format=mp31&from=8CSIkMvwtD6jzKZ%2BPEaUMQ%3D%3D%7Cj5s5oI6ivq8l2vQOXyWixQ%3D%3D'
08-22 16:51:28.391 I/ReactNativeJS( 8531): '[INFO]', '[PlaybackTrace][Controller][loadAndResume:resumed]', 'https://prod-1.storage.jamendo.com/?trackid=171&format=mp31&from=8CSIkMvwtD6jzKZ%2BPEaUMQ%3D%3D%7Cj5s5oI6ivq8l2vQOXyWixQ%3D%3D'
08-22 16:51:28.395 I/ReactNativeJS( 8531): '[INFO]', '[PlaybackTrace][Controller][loadAndResume:before]', { uri: 'https://prod-1.storage.jamendo.com/?trackid=171&format=mp31&from=8CSIkMvwtD6jzKZ%2BPEaUMQ%3D%3D%7Cj5s5oI6ivq8l2vQOXyWixQ%3D%3D',
08-22 16:51:28.404 I/ReactNativeJS( 8531): '[INFO]', '[PlaybackTrace][Controller][loadAndResume:loaded]', 'https://prod-1.storage.jamendo.com/?trackid=171&format=mp31&from=8CSIkMvwtD6jzKZ%2BPEaUMQ%3D%3D%7Cj5s5oI6ivq8l2vQOXyWixQ%3D%3D'
08-22 16:51:28.409 I/ReactNativeJS( 8531): '[INFO]', '[PlaybackTrace][Controller][loadAndResume:resumed]', 'https://prod-1.storage.jamendo.com/?trackid=171&format=mp31&from=8CSIkMvwtD6jzKZ%2BPEaUMQ%3D%3D%7Cj5s5oI6ivq8l2vQOXyWixQ%3D%3D'
