08-22 16:50:40.279 I/MpvEvent( 8531): [PlaybackTrace][Native][eventLoop] event_id=2 error=0
08-22 16:50:40.280 I/MpvEvent( 8531): [PlaybackTrace][Native][eventLoop] event_id=2 error=0
08-22 16:50:40.280 I/MpvEvent( 8531): [PlaybackTrace][Native][mpv-log] prefix=cplayer level=v text=Failed sending hook command auto_profiles/on_before_start_file. Removing hook.
08-22 16:50:40.280 D/mpv     ( 8531): [cplayer] v: Failed sending hook command auto_profiles/on_before_start_file. Removing hook.
08-22 16:50:40.280 I/MpvEvent( 8531): [PlaybackTrace][Native][eventLoop] event_id=2 error=0
08-22 16:50:40.280 I/MpvEvent( 8531): [PlaybackTrace][Native][eventLoop] event_id=2 error=0
08-22 16:50:40.280 I/MpvEvent( 8531): [PlaybackTrace][Native][mpv-log] prefix=cplayer level=v text=Failed sending hook command auto_profiles/on_load. Removing hook.
08-22 16:50:40.280 D/mpv     ( 8531): [cplayer] v: Failed sending hook command auto_profiles/on_load. Removing hook.
08-22 16:50:40.280 I/MpvEvent( 8531): [PlaybackTrace][Native][eventLoop] event_id=2 error=0
08-22 16:50:40.280 I/MpvEvent( 8531): [PlaybackTrace][Native][eventLoop] event_id=2 error=0
08-22 16:50:40.280 I/MpvEvent( 8531): [PlaybackTrace][Native][eventLoop] event_id=2 error=0
08-22 16:50:40.280 I/MpvEvent( 8531): [PlaybackTrace][Native][eventLoop] event_id=2 error=0
08-22 16:50:40.280 I/MpvEvent( 8531): [PlaybackTrace][Native][eventLoop] event_id=2 error=0
08-22 16:50:40.280 D/mpv     ( 8531): [ffmpeg] v: Opening https://prod-1.storage.jamendo.com/?trackid=171&format=mp31&from=8CSIkMvwtD6jzKZ%2BPEaUMQ%3D%3D%7Cj5s5oI6ivq8l2vQOXyWixQ%3D%3D
08-22 16:50:40.299 I/MpvEvent( 8531): [PlaybackTrace][Native][eventLoop] event_id=22 error=0
08-22 16:50:40.299 I/MpvEvent( 8531): [PlaybackTrace][Native][eventLoop] event_id=22 error=0
08-22 16:50:40.299 I/MpvEvent( 8531): [PlaybackTrace][Native][eventLoop] event_id=22 error=0
08-22 16:50:40.299 I/MpvEvent( 8531): [PlaybackTrace][Native][eventLoop] event_id=22 error=0
08-22 16:50:40.510 I/MpvEvent( 8531): [PlaybackTrace][Native][eventLoop] event_id=2 error=0
08-22 16:50:40.510 I/MpvEvent( 8531): [PlaybackTrace][Native][eventLoop] event_id=2 error=0
08-22 16:50:40.510 I/MpvEvent( 8531): [PlaybackTrace][Native][eventLoop] event_id=2 error=0
08-22 16:50:40.510 I/MpvEvent( 8531): [PlaybackTrace][Native][eventLoop] event_id=2 error=0
08-22 16:50:40.511 I/MpvEvent( 8531): [PlaybackTrace][Native][eventLoop] event_id=2 error=0
08-22 16:50:40.511 I/MpvEvent( 8531): [PlaybackTrace][Native][eventLoop] event_id=2 error=0
08-22 16:50:40.511 I/MpvEvent( 8531): [PlaybackTrace][Native][eventLoop] event_id=2 error=0
08-22 16:50:40.511 I/MpvEvent( 8531): [PlaybackTrace][Native][eventLoop] event_id=2 error=0
08-22 16:50:40.511 I/MpvEvent( 8531): [PlaybackTrace][Native][eventLoop] event_id=2 error=0
08-22 16:50:40.511 I/MpvEvent( 8531): [PlaybackTrace][Native][eventLoop] event_id=2 error=0
08-22 16:50:40.531 I/MpvEvent( 8531): [PlaybackTrace][Native][eventLoop] event_id=2 error=0
08-22 16:50:40.975 I/MpvEvent( 8531): [PlaybackTrace][Native][eventLoop] event_id=2 error=0
08-22 16:50:41.378 I/MpvEvent( 8531): [PlaybackTrace][Native][eventLoop] event_id=2 error=0
08-22 16:50:41.378 I/MpvEvent( 8531): [PlaybackTrace][Native][mpv-log] prefix=ffmpeg level=error text=tls: mbedtls_ssl_handshake returned -0x6600
08-22 16:50:41.378 D/mpv     ( 8531): [ffmpeg] error: tls: mbedtls_ssl_handshake returned -0x6600
08-22 16:50:41.378 E/MpvEvent( 8531): [PlaybackTrace][Native][dispatch:error] code=-1 message=tls: mbedtls_ssl_handshake returned -0x6600
08-22 16:50:41.380 E/MpvBridgeModule( 8531): [PlaybackTrace][Bridge][listener:error] code=-1 message=tls: mbedtls_ssl_handshake returned -0x6600
08-22 16:50:41.418 I/MpvEvent( 8531): [PlaybackTrace][Native][eventLoop] event_id=2 error=0
08-22 16:50:41.418 I/MpvEvent( 8531): [PlaybackTrace][Native][mpv-log] prefix=stream level=error text=Failed to open https://prod-1.storage.jamendo.com/?trackid=171&format=mp31&from=8CSIkMvwtD6jzKZ%2BPEaUMQ%3D%3D%7Cj5s5oI6ivq8l2vQOXyWixQ%3D%3D.
08-22 16:50:41.419 E/MpvEvent( 8531): [PlaybackTrace][Native][dispatch:error] code=-1 message=Failed to open https://prod-1.storage.jamendo.com/?trackid=171&format=mp31&from=8CSIkMvwtD6jzKZ%2BPEaUMQ%3D%3D%7Cj5s5oI6ivq8l2vQOXyWixQ%3D%3D.
08-22 16:50:41.420 E/MpvBridgeModule( 8531): [PlaybackTrace][Bridge][listener:error] code=-1 message=Failed to open https://prod-1.storage.jamendo.com/?trackid=171&format=mp31&from=8CSIkMvwtD6jzKZ%2BPEaUMQ%3D%3D%7Cj5s5oI6ivq8l2vQOXyWixQ%3D%3D.
08-22 16:50:41.422 I/MpvEvent( 8531): [PlaybackTrace][Native][eventLoop] event_id=2 error=0
08-22 16:50:41.422 I/MpvEvent( 8531): [PlaybackTrace][Native][mpv-log] prefix=cplayer level=v text=Opening failed or was aborted: https://prod-1.storage.jamendo.com/?trackid=171&format=mp31&from=8CSIkMvwtD6jzKZ%2BPEaUMQ%3D%3D%7Cj5s5oI6ivq8l2vQOXyWixQ%3D%3D
08-22 16:50:41.422 D/mpv     ( 8531): [cplayer] v: Opening failed or was aborted: https://prod-1.storage.jamendo.com/?trackid=171&format=mp31&from=8CSIkMvwtD6jzKZ%2BPEaUMQ%3D%3D%7Cj5s5oI6ivq8l2vQOXyWixQ%3D%3D
08-22 16:50:41.422 I/MpvEvent( 8531): [PlaybackTrace][Native][eventLoop] event_id=2 error=0
08-22 16:50:41.423 I/MpvEvent( 8531): [PlaybackTrace][Native][eventLoop] event_id=2 error=0
08-22 16:50:41.423 I/MpvEvent( 8531): [PlaybackTrace][Native][eventLoop] event_id=2 error=0
08-22 16:50:41.510 I/MpvEvent( 8531): [PlaybackTrace][Native][eventLoop] event_id=2 error=0
08-22 16:50:41.510 I/MpvEvent( 8531): [PlaybackTrace][Native][mpv-log] prefix=ytdl_hook level=error text=Subprocess failed: init
08-22 16:50:41.510 E/MpvEvent( 8531): [PlaybackTrace][Native][dispatch:error] code=-1 message=Subprocess failed: init
08-22 16:50:41.511 E/MpvBridgeModule( 8531): [PlaybackTrace][Bridge][listener:error] code=-1 message=Subprocess failed: init
08-22 16:50:41.511 I/MpvEvent( 8531): [PlaybackTrace][Native][eventLoop] event_id=2 error=0
08-22 16:50:41.511 I/MpvEvent( 8531): [PlaybackTrace][Native][eventLoop] event_id=2 error=0
08-22 16:50:41.530 I/MpvEvent( 8531): [PlaybackTrace][Native][eventLoop] event_id=2 error=0
08-22 16:50:41.559 I/MpvEvent( 8531): [PlaybackTrace][Native][eventLoop] event_id=2 error=0
08-22 16:50:41.559 I/MpvEvent( 8531): [PlaybackTrace][Native][mpv-log] prefix=ytdl_hook level=error text=Subprocess failed: init
08-22 16:50:41.560 E/MpvEvent( 8531): [PlaybackTrace][Native][dispatch:error] code=-1 message=Subprocess failed: init
08-22 16:50:41.577 E/MpvBridgeModule( 8531): [PlaybackTrace][Bridge][listener:error] code=-1 message=Subprocess failed: init
08-22 16:50:41.582 I/MpvEvent( 8531): [PlaybackTrace][Native][eventLoop] event_id=2 error=0
08-22 16:50:41.582 I/MpvEvent( 8531): [PlaybackTrace][Native][eventLoop] event_id=2 error=0
08-22 16:50:41.582 I/MpvEvent( 8531): [PlaybackTrace][Native][eventLoop] event_id=2 error=0
08-22 16:50:41.605 I/MpvEvent( 8531): [PlaybackTrace][Native][eventLoop] event_id=2 error=0
08-22 16:50:41.605 I/MpvEvent( 8531): [PlaybackTrace][Native][mpv-log] prefix=ytdl_hook level=error text=Subprocess failed: init
08-22 16:50:41.605 E/MpvEvent( 8531): [PlaybackTrace][Native][dispatch:error] code=-1 message=Subprocess failed: init
08-22 16:50:41.607 E/MpvBridgeModule( 8531): [PlaybackTrace][Bridge][listener:error] code=-1 message=Subprocess failed: init
08-22 16:50:41.608 I/MpvEvent( 8531): [PlaybackTrace][Native][eventLoop] event_id=7 error=0
08-22 16:50:41.608 E/MpvEvent( 8531): [PlaybackTrace][Native][eventLoop] MPV_EVENT_END_FILE reason=4 error=-13
08-22 16:50:41.608 I/MpvEvent( 8531): [PlaybackTrace][Native][dispatch:event] name=endFile payload={"reason":4,"error":-13}
08-22 16:50:41.608 I/MpvBridgeModule( 8531): [PlaybackTrace][Bridge][listener:event] name=endFile payload={"reason":4,"error":-13}
08-22 16:50:41.611 I/MpvEvent( 8531): [PlaybackTrace][Native][eventLoop] event_id=11 error=0
08-22 16:50:41.611 I/MpvEvent( 8531): [PlaybackTrace][Native][eventLoop] event_id=2 error=0
08-22 16:50:41.612 I/MpvEvent( 8531): [PlaybackTrace][Native][eventLoop] event_id=2 error=0
08-22 16:50:41.612 I/MpvEvent( 8531): [PlaybackTrace][Native][eventLoop] event_id=2 error=0
08-22 16:50:41.612 I/MpvEvent( 8531): [PlaybackTrace][Native][mpv-log] prefix=cplayer level=v text=Set property: user-data/mpv/ytdl/json-subprocess-result={"killed_by_us":false,"error_string":"init","status":-3,"stderr":"","stdout":""} -> 1
08-22 16:50:41.612 D/mpv     ( 8531): [cplayer] v: Set property: user-data/mpv/ytdl/json-subprocess-result={"killed_by_us":false,"error_string":"init","status":-3,"stderr":"","stdout":""} -> 1
08-22 16:50:41.612 I/MpvEvent( 8531): [PlaybackTrace][Native][eventLoop] event_id=2 error=0
08-22 16:50:41.612 I/MpvEvent( 8531): [PlaybackTrace][Native][eventLoop] event_id=2 error=0
08-22 16:50:41.612 I/MpvEvent( 8531): [PlaybackTrace][Native][eventLoop] event_id=2 error=0
08-22 16:50:41.612 I/MpvEvent( 8531): [PlaybackTrace][Native][eventLoop] event_id=2 error=0
08-22 16:50:41.613 I/MpvEvent( 8531): [PlaybackTrace][Native][eventLoop] event_id=2 error=0
08-22 16:50:41.613 I/MpvEvent( 8531): [PlaybackTrace][Native][mpv-log] prefix=ytdl_hook level=error text=
08-22 16:50:41.613 E/MpvEvent( 8531): [PlaybackTrace][Native][dispatch:error] code=-1 message=
08-22 16:50:41.613 E/MpvBridgeModule( 8531): [PlaybackTrace][Bridge][listener:error] code=-1 message=
08-22 16:50:41.614 I/MpvEvent( 8531): [PlaybackTrace][Native][eventLoop] event_id=2 error=0
08-22 16:50:41.614 I/MpvEvent( 8531): [PlaybackTrace][Native][mpv-log] prefix=ytdl_hook level=error text=youtube-dl failed: not found or not enough permissions
08-22 16:50:41.614 E/MpvEvent( 8531): [PlaybackTrace][Native][dispatch:error] code=-1 message=youtube-dl failed: not found or not enough permissions
08-22 16:50:41.614 E/MpvBridgeModule( 8531): [PlaybackTrace][Bridge][listener:error] code=-1 message=youtube-dl failed: not found or not enough permissions
08-22 16:50:41.615 I/MpvEvent( 8531): [PlaybackTrace][Native][eventLoop] event_id=2 error=0
08-22 16:50:41.615 I/MpvEvent( 8531): [PlaybackTrace][Native][mpv-log] prefix=cplayer level=v text=finished playback, loading failed (reason 4)
08-22 16:50:41.615 D/mpv     ( 8531): [cplayer] v: finished playback, loading failed (reason 4)
08-22 16:50:41.615 I/MpvEvent( 8531): [PlaybackTrace][Native][eventLoop] event_id=2 error=0
08-22 16:50:43.121 I/ReactNativeJS( 8531): '[INFO]', '[PlaybackTrace][JS][loadFile:call]', { requestedPath: 'https://prod-1.storage.jamendo.com/?trackid=171&format=mp31&from=8CSIkMvwtD6jzKZ%2BPEaUMQ%3D%3D%7Cj5s5oI6ivq8l2vQOXyWixQ%3D%3D',
08-22 16:50:43.122 I/MpvBridgeModule( 8531): [PlaybackTrace][Bridge][loadFile] requested=https://prod-1.storage.jamendo.com/?trackid=171&format=mp31&from=8CSIkMvwtD6jzKZ%2BPEaUMQ%3D%3D%7Cj5s5oI6ivq8l2vQOXyWixQ%3D%3D resolved=https://prod-1.storage.jamendo.com/?trackid=171&format=mp31&from=8CSIkMvwtD6jzKZ%2BPEaUMQ%3D%3D%7Cj5s5oI6ivq8l2vQOXyWixQ%3D%3D ptr=131217388029824
08-22 16:50:43.122 I/MpvJNI  ( 8531): [PlaybackTrace][Native][loadFile] begin path=https://prod-1.storage.jamendo.com/?trackid=171&format=mp31&from=8CSIkMvwtD6jzKZ%2BPEaUMQ%3D%3D%7Cj5s5oI6ivq8l2vQOXyWixQ%3D%3D initialized=1
08-22 16:50:43.122 I/MpvJNI  ( 8531): [PlaybackTrace][Native][loadFile] loadfile command accepted result=0
08-22 16:50:43.122 I/MpvBridgeModule( 8531): [PlaybackTrace][Bridge][loadFile] nativeLoadFile returned
08-22 16:50:43.122 I/ReactNativeJS( 8531): '[INFO]', '[PlaybackTrace][JS][loadFile:return]', { resolvedPath: 'https://prod-1.storage.jamendo.com/?trackid=171&format=mp31&from=8CSIkMvwtD6jzKZ%2BPEaUMQ%3D%3D%7Cj5s5oI6ivq8l2vQOXyWixQ%3D%3D' }
08-22 16:50:43.124 I/MpvEvent( 8531): [PlaybackTrace][Native][eventLoop] event_id=6 error=0
08-22 16:50:43.124 I/MpvEvent( 8531): MPV_EVENT_START_FILE
08-22 16:50:43.127 I/MpvEvent( 8531): [PlaybackTrace][Native][eventLoop] event_id=2 error=0
08-22 16:50:43.127 I/MpvEvent( 8531): [PlaybackTrace][Native][eventLoop] event_id=2 error=0
08-22 16:50:43.127 I/MpvEvent( 8531): [PlaybackTrace][Native][eventLoop] event_id=2 error=0
08-22 16:50:43.127 I/MpvEvent( 8531): [PlaybackTrace][Native][eventLoop] event_id=2 error=0
08-22 16:50:43.128 I/MpvEvent( 8531): [PlaybackTrace][Native][eventLoop] event_id=2 error=0
08-22 16:50:43.128 I/MpvEvent( 8531): [PlaybackTrace][Native][eventLoop] event_id=2 error=0
08-22 16:50:43.128 D/mpv     ( 8531): [ffmpeg] v: Opening https://prod-1.storage.jamendo.com/?trackid=171&format=mp31&from=8CSIkMvwtD6jzKZ%2BPEaUMQ%3D%3D%7Cj5s5oI6ivq8l2vQOXyWixQ%3D%3D
08-22 16:50:43.337 I/ReactNativeJS( 8531): '[INFO]', '[PlaybackTrace][JS][loadFile:call]', { requestedPath: 'https://prod-1.storage.jamendo.com/?trackid=171&format=mp31&from=8CSIkMvwtD6jzKZ%2BPEaUMQ%3D%3D%7Cj5s5oI6ivq8l2vQOXyWixQ%3D%3D',
08-22 16:50:43.338 I/MpvBridgeModule( 8531): [PlaybackTrace][Bridge][loadFile] requested=https://prod-1.storage.jamendo.com/?trackid=171&format=mp31&from=8CSIkMvwtD6jzKZ%2BPEaUMQ%3D%3D%7Cj5s5oI6ivq8l2vQOXyWixQ%3D%3D resolved=https://prod-1.storage.jamendo.com/?trackid=171&format=mp31&from=8CSIkMvwtD6jzKZ%2BPEaUMQ%3D%3D%7Cj5s5oI6ivq8l2vQOXyWixQ%3D%3D ptr=131217388029824
08-22 16:50:43.338 I/ReactNativeJS( 8531): '[INFO]', '[PlaybackTrace][JS][loadFile:return]', { resolvedPath: 'https://prod-1.storage.jamendo.com/?trackid=171&format=mp31&from=8CSIkMvwtD6jzKZ%2BPEaUMQ%3D%3D%7Cj5s5oI6ivq8l2vQOXyWixQ%3D%3D' }
08-22 16:50:43.338 I/MpvJNI  ( 8531): [PlaybackTrace][Native][loadFile] begin path=https://prod-1.storage.jamendo.com/?trackid=171&format=mp31&from=8CSIkMvwtD6jzKZ%2BPEaUMQ%3D%3D%7Cj5s5oI6ivq8l2vQOXyWixQ%3D%3D initialized=1
08-22 16:50:43.339 I/MpvJNI  ( 8531): [PlaybackTrace][Native][loadFile] loadfile command accepted result=0
08-22 16:50:43.339 I/MpvBridgeModule( 8531): [PlaybackTrace][Bridge][loadFile] nativeLoadFile returned
08-22 16:50:43.341 I/MpvEvent( 8531): [PlaybackTrace][Native][eventLoop] event_id=2 error=0
08-22 16:50:43.379 I/MpvEvent( 8531): [PlaybackTrace][Native][eventLoop] event_id=2 error=0
08-22 16:50:43.379 I/MpvEvent( 8531): [PlaybackTrace][Native][mpv-log] prefix=ffmpeg level=error text=tls: mbedtls_ssl_handshake returned -0x7280
08-22 16:50:43.379 D/mpv     ( 8531): [ffmpeg] error: tls: mbedtls_ssl_handshake returned -0x7280
08-22 16:50:43.379 E/MpvEvent( 8531): [PlaybackTrace][Native][dispatch:error] code=-1 message=tls: mbedtls_ssl_handshake returned -0x7280
08-22 16:50:43.379 E/MpvBridgeModule( 8531): [PlaybackTrace][Bridge][listener:error] code=-1 message=tls: mbedtls_ssl_handshake returned -0x7280
08-22 16:50:43.380 I/MpvEvent( 8531): [PlaybackTrace][Native][eventLoop] event_id=7 error=0
08-22 16:50:43.380 E/MpvEvent( 8531): [PlaybackTrace][Native][eventLoop] MPV_EVENT_END_FILE reason=2 error=0
08-22 16:50:43.380 I/MpvEvent( 8531): [PlaybackTrace][Native][dispatch:event] name=endFile payload={"reason":2,"error":0}
08-22 16:50:43.380 I/MpvBridgeModule( 8531): [PlaybackTrace][Bridge][listener:event] name=endFile payload={"reason":2,"error":0}
08-22 16:50:43.382 I/MpvEvent( 8531): [PlaybackTrace][Native][eventLoop] event_id=6 error=0
08-22 16:50:43.382 I/MpvEvent( 8531): MPV_EVENT_START_FILE
08-22 16:50:43.383 I/MpvEvent( 8531): [PlaybackTrace][Native][eventLoop] event_id=2 error=0
08-22 16:50:43.383 I/MpvEvent( 8531): [PlaybackTrace][Native][mpv-log] prefix=cplayer level=v text=Opening failed or was aborted: https://prod-1.storage.jamendo.com/?trackid=171&format=mp31&from=8CSIkMvwtD6jzKZ%2BPEaUMQ%3D%3D%7Cj5s5oI6ivq8l2vQOXyWixQ%3D%3D
08-22 16:50:43.383 D/mpv     ( 8531): [cplayer] v: Opening failed or was aborted: https://prod-1.storage.jamendo.com/?trackid=171&format=mp31&from=8CSIkMvwtD6jzKZ%2BPEaUMQ%3D%3D%7Cj5s5oI6ivq8l2vQOXyWixQ%3D%3D
08-22 16:50:43.383 I/MpvEvent( 8531): [PlaybackTrace][Native][eventLoop] event_id=2 error=0
08-22 16:50:43.384 I/MpvEvent( 8531): [PlaybackTrace][Native][eventLoop] event_id=2 error=0
08-22 16:50:43.385 I/MpvEvent( 8531): [PlaybackTrace][Native][eventLoop] event_id=2 error=0
08-22 16:50:43.385 I/MpvEvent( 8531): [PlaybackTrace][Native][eventLoop] event_id=2 error=0
08-22 16:50:43.385 I/MpvEvent( 8531): [PlaybackTrace][Native][eventLoop] event_id=2 error=0
08-22 16:50:43.386 I/MpvEvent( 8531): [PlaybackTrace][Native][eventLoop] event_id=2 error=0
08-22 16:50:43.386 I/MpvEvent( 8531): [PlaybackTrace][Native][eventLoop] event_id=2 error=0
08-22 16:50:43.386 D/mpv     ( 8531): [ffmpeg] v: Opening https://prod-1.storage.jamendo.com/?trackid=171&format=mp31&from=8CSIkMvwtD6jzKZ%2BPEaUMQ%3D%3D%7Cj5s5oI6ivq8l2vQOXyWixQ%3D%3D
08-22 16:50:43.438 I/MpvEvent( 8531): [PlaybackTrace][Native][eventLoop] event_id=2 error=0
08-22 16:50:43.607 I/MpvEvent( 8531): [PlaybackTrace][Native][eventLoop] event_id=2 error=0
08-22 16:50:44.001 I/MpvEvent( 8531): [PlaybackTrace][Native][eventLoop] event_id=2 error=0
08-22 16:50:44.001 I/MpvEvent( 8531): [PlaybackTrace][Native][mpv-log] prefix=ffmpeg level=error text=tls: mbedtls_ssl_handshake returned -0x6600
08-22 16:50:44.001 D/mpv     ( 8531): [ffmpeg] error: tls: mbedtls_ssl_handshake returned -0x6600
08-22 16:50:44.001 E/MpvEvent( 8531): [PlaybackTrace][Native][dispatch:error] code=-1 message=tls: mbedtls_ssl_handshake returned -0x6600
08-22 16:50:44.002 E/MpvBridgeModule( 8531): [PlaybackTrace][Bridge][listener:error] code=-1 message=tls: mbedtls_ssl_handshake returned -0x6600
08-22 16:50:44.005 I/MpvEvent( 8531): [PlaybackTrace][Native][eventLoop] event_id=2 error=0
08-22 16:50:44.005 I/MpvEvent( 8531): [PlaybackTrace][Native][mpv-log] prefix=stream level=error text=Failed to open https://prod-1.storage.jamendo.com/?trackid=171&format=mp31&from=8CSIkMvwtD6jzKZ%2BPEaUMQ%3D%3D%7Cj5s5oI6ivq8l2vQOXyWixQ%3D%3D.
08-22 16:50:44.005 E/MpvEvent( 8531): [PlaybackTrace][Native][dispatch:error] code=-1 message=Failed to open https://prod-1.storage.jamendo.com/?trackid=171&format=mp31&from=8CSIkMvwtD6jzKZ%2BPEaUMQ%3D%3D%7Cj5s5oI6ivq8l2vQOXyWixQ%3D%3D.
08-22 16:50:44.005 E/MpvBridgeModule( 8531): [PlaybackTrace][Bridge][listener:error] code=-1 message=Failed to open https://prod-1.storage.jamendo.com/?trackid=171&format=mp31&from=8CSIkMvwtD6jzKZ%2BPEaUMQ%3D%3D%7Cj5s5oI6ivq8l2vQOXyWixQ%3D%3D.
08-22 16:50:44.005 I/MpvEvent( 8531): [PlaybackTrace][Native][eventLoop] event_id=2 error=0
08-22 16:50:44.006 I/MpvEvent( 8531): [PlaybackTrace][Native][mpv-log] prefix=cplayer level=v text=Opening failed or was aborted: https://prod-1.storage.jamendo.com/?trackid=171&format=mp31&from=8CSIkMvwtD6jzKZ%2BPEaUMQ%3D%3D%7Cj5s5oI6ivq8l2vQOXyWixQ%3D%3D
08-22 16:50:44.006 D/mpv     ( 8531): [cplayer] v: Opening failed or was aborted: https://prod-1.storage.jamendo.com/?trackid=171&format=mp31&from=8CSIkMvwtD6jzKZ%2BPEaUMQ%3D%3D%7Cj5s5oI6ivq8l2vQOXyWixQ%3D%3D
08-22 16:50:44.006 I/MpvEvent( 8531): [PlaybackTrace][Native][eventLoop] event_id=2 error=0
08-22 16:50:44.022 I/MpvEvent( 8531): [PlaybackTrace][Native][eventLoop] event_id=2 error=0
08-22 16:50:44.055 I/MpvEvent( 8531): [PlaybackTrace][Native][eventLoop] event_id=2 error=0
08-22 16:50:44.055 I/MpvEvent( 8531): [PlaybackTrace][Native][mpv-log] prefix=ytdl_hook level=error text=Subprocess failed: init
08-22 16:50:44.055 E/MpvEvent( 8531): [PlaybackTrace][Native][dispatch:error] code=-1 message=Subprocess failed: init
08-22 16:50:44.057 E/MpvBridgeModule( 8531): [PlaybackTrace][Bridge][listener:error] code=-1 message=Subprocess failed: init
08-22 16:50:44.058 I/MpvEvent( 8531): [PlaybackTrace][Native][eventLoop] event_id=7 error=0
08-22 16:50:44.058 E/MpvEvent( 8531): [PlaybackTrace][Native][eventLoop] MPV_EVENT_END_FILE reason=4 error=-13
08-22 16:50:44.058 I/MpvEvent( 8531): [PlaybackTrace][Native][dispatch:event] name=endFile payload={"reason":4,"error":-13}
08-22 16:50:44.058 I/MpvBridgeModule( 8531): [PlaybackTrace][Bridge][listener:event] name=endFile payload={"reason":4,"error":-13}
08-22 16:50:44.060 I/MpvEvent( 8531): [PlaybackTrace][Native][eventLoop] event_id=11 error=0
08-22 16:50:44.060 I/MpvEvent( 8531): [PlaybackTrace][Native][eventLoop] event_id=2 error=0
08-22 16:50:44.060 I/MpvEvent( 8531): [PlaybackTrace][Native][mpv-log] prefix=cplayer level=v text=Set property: user-data/mpv/ytdl/json-subprocess-result={"killed_by_us":false,"error_string":"init","status":-3,"stderr":"","stdout":""} -> 1
08-22 16:50:44.060 D/mpv     ( 8531): [cplayer] v: Set property: user-data/mpv/ytdl/json-subprocess-result={"killed_by_us":false,"error_string":"init","status":-3,"stderr":"","stdout":""} -> 1
08-22 16:50:44.060 I/MpvEvent( 8531): [PlaybackTrace][Native][eventLoop] event_id=2 error=0
08-22 16:50:44.060 I/MpvEvent( 8531): [PlaybackTrace][Native][eventLoop] event_id=2 error=0
08-22 16:50:44.060 I/MpvEvent( 8531): [PlaybackTrace][Native][eventLoop] event_id=2 error=0
08-22 16:50:44.060 I/MpvEvent( 8531): [PlaybackTrace][Native][eventLoop] event_id=2 error=0
08-22 16:50:44.060 I/MpvEvent( 8531): [PlaybackTrace][Native][eventLoop] event_id=2 error=0
08-22 16:50:44.060 I/MpvEvent( 8531): [PlaybackTrace][Native][mpv-log] prefix=ytdl_hook level=error text=
08-22 16:50:44.060 E/MpvEvent( 8531): [PlaybackTrace][Native][dispatch:error] code=-1 message=
08-22 16:50:44.062 E/MpvBridgeModule( 8531): [PlaybackTrace][Bridge][listener:error] code=-1 message=
08-22 16:50:44.063 I/MpvEvent( 8531): [PlaybackTrace][Native][eventLoop] event_id=2 error=0
08-22 16:50:44.063 I/MpvEvent( 8531): [PlaybackTrace][Native][mpv-log] prefix=ytdl_hook level=error text=youtube-dl failed: not found or not enough permissions
08-22 16:50:44.063 E/MpvEvent( 8531): [PlaybackTrace][Native][dispatch:error] code=-1 message=youtube-dl failed: not found or not enough permissions
08-22 16:50:44.063 E/MpvBridgeModule( 8531): [PlaybackTrace][Bridge][listener:error] code=-1 message=youtube-dl failed: not found or not enough permissions
08-22 16:50:44.064 I/MpvEvent( 8531): [PlaybackTrace][Native][eventLoop] event_id=2 error=0
08-22 16:50:44.064 I/MpvEvent( 8531): [PlaybackTrace][Native][mpv-log] prefix=cplayer level=v text=finished playback, loading failed (reason 4)
08-22 16:50:44.064 D/mpv     ( 8531): [cplayer] v: finished playback, loading failed (reason 4)
08-22 16:50:44.064 I/MpvEvent( 8531): [PlaybackTrace][Native][eventLoop] event_id=2 error=0
08-22 16:50:44.619 I/ReactNativeJS( 8531): '[INFO]', '[PlaybackTrace][JS][loadFile:call]', { requestedPath: 'https://prod-1.storage.jamendo.com/?trackid=171&format=mp31&from=8CSIkMvwtD6jzKZ%2BPEaUMQ%3D%3D%7Cj5s5oI6ivq8l2vQOXyWixQ%3D%3D',
08-22 16:50:44.621 I/ReactNativeJS( 8531): '[INFO]', '[PlaybackTrace][JS][loadFile:return]', { resolvedPath: 'https://prod-1.storage.jamendo.com/?trackid=171&format=mp31&from=8CSIkMvwtD6jzKZ%2BPEaUMQ%3D%3D%7Cj5s5oI6ivq8l2vQOXyWixQ%3D%3D' }
08-22 16:50:44.621 I/MpvBridgeModule( 8531): [PlaybackTrace][Bridge][loadFile] requested=https://prod-1.storage.jamendo.com/?trackid=171&format=mp31&from=8CSIkMvwtD6jzKZ%2BPEaUMQ%3D%3D%7Cj5s5oI6ivq8l2vQOXyWixQ%3D%3D resolved=https://prod-1.storage.jamendo.com/?trackid=171&format=mp31&from=8CSIkMvwtD6jzKZ%2BPEaUMQ%3D%3D%7Cj5s5oI6ivq8l2vQOXyWixQ%3D%3D ptr=131217388029824
08-22 16:50:44.621 I/MpvJNI  ( 8531): [PlaybackTrace][Native][loadFile] begin path=https://prod-1.storage.jamendo.com/?trackid=171&format=mp31&from=8CSIkMvwtD6jzKZ%2BPEaUMQ%3D%3D%7Cj5s5oI6ivq8l2vQOXyWixQ%3D%3D initialized=1
08-22 16:50:44.621 I/MpvJNI  ( 8531): [PlaybackTrace][Native][loadFile] loadfile command accepted result=0
08-22 16:50:44.621 I/MpvBridgeModule( 8531): [PlaybackTrace][Bridge][loadFile] nativeLoadFile returned
08-22 16:50:44.622 I/MpvEvent( 8531): [PlaybackTrace][Native][eventLoop] event_id=6 error=0
08-22 16:50:44.622 I/MpvEvent( 8531): MPV_EVENT_START_FILE
08-22 16:50:44.624 I/MpvEvent( 8531): [PlaybackTrace][Native][eventLoop] event_id=2 error=0
08-22 16:50:44.625 I/MpvEvent( 8531): [PlaybackTrace][Native][eventLoop] event_id=2 error=0
08-22 16:50:44.625 I/MpvEvent( 8531): [PlaybackTrace][Native][eventLoop] event_id=2 error=0
08-22 16:50:44.626 I/MpvEvent( 8531): [PlaybackTrace][Native][eventLoop] event_id=2 error=0
08-22 16:50:44.628 I/MpvEvent( 8531): [PlaybackTrace][Native][eventLoop] event_id=2 error=0
08-22 16:50:44.628 I/MpvEvent( 8531): [PlaybackTrace][Native][eventLoop] event_id=2 error=0
08-22 16:50:44.628 D/mpv     ( 8531): [ffmpeg] v: Opening https://prod-1.storage.jamendo.com/?trackid=171&format=mp31&from=8CSIkMvwtD6jzKZ%2BPEaUMQ%3D%3D%7Cj5s5oI6ivq8l2vQOXyWixQ%3D%3D
08-22 16:50:44.837 I/ReactNativeJS( 8531): '[INFO]', '[PlaybackTrace][JS][loadFile:call]', { requestedPath: 'https://prod-1.storage.jamendo.com/?trackid=171&format=mp31&from=8CSIkMvwtD6jzKZ%2BPEaUMQ%3D%3D%7Cj5s5oI6ivq8l2vQOXyWixQ%3D%3D',
08-22 16:50:44.837 I/MpvBridgeModule( 8531): [PlaybackTrace][Bridge][loadFile] requested=https://prod-1.storage.jamendo.com/?trackid=171&format=mp31&from=8CSIkMvwtD6jzKZ%2BPEaUMQ%3D%3D%7Cj5s5oI6ivq8l2vQOXyWixQ%3D%3D resolved=https://prod-1.storage.jamendo.com/?trackid=171&format=mp31&from=8CSIkMvwtD6jzKZ%2BPEaUMQ%3D%3D%7Cj5s5oI6ivq8l2vQOXyWixQ%3D%3D ptr=131217388029824
08-22 16:50:44.837 I/MpvJNI  ( 8531): [PlaybackTrace][Native][loadFile] begin path=https://prod-1.storage.jamendo.com/?trackid=171&format=mp31&from=8CSIkMvwtD6jzKZ%2BPEaUMQ%3D%3D%7Cj5s5oI6ivq8l2vQOXyWixQ%3D%3D initialized=1
08-22 16:50:44.837 I/ReactNativeJS( 8531): '[INFO]', '[PlaybackTrace][JS][loadFile:return]', { resolvedPath: 'https://prod-1.storage.jamendo.com/?trackid=171&format=mp31&from=8CSIkMvwtD6jzKZ%2BPEaUMQ%3D%3D%7Cj5s5oI6ivq8l2vQOXyWixQ%3D%3D' }
08-22 16:50:44.838 I/MpvJNI  ( 8531): [PlaybackTrace][Native][loadFile] loadfile command accepted result=0
08-22 16:50:44.838 I/MpvBridgeModule( 8531): [PlaybackTrace][Bridge][loadFile] nativeLoadFile returned
08-22 16:50:44.840 I/MpvEvent( 8531): [PlaybackTrace][Native][eventLoop] event_id=2 error=0
08-22 16:50:44.886 I/MpvEvent( 8531): [PlaybackTrace][Native][eventLoop] event_id=2 error=0
08-22 16:50:44.927 I/MpvEvent( 8531): [PlaybackTrace][Native][eventLoop] event_id=2 error=0
08-22 16:50:44.928 I/MpvEvent( 8531): [PlaybackTrace][Native][mpv-log] prefix=ffmpeg level=error text=tls: mbedtls_ssl_handshake returned -0x7280
08-22 16:50:44.928 D/mpv     ( 8531): [ffmpeg] error: tls: mbedtls_ssl_handshake returned -0x7280
08-22 16:50:44.928 E/MpvEvent( 8531): [PlaybackTrace][Native][dispatch:error] code=-1 message=tls: mbedtls_ssl_handshake returned -0x7280
08-22 16:50:44.928 E/MpvBridgeModule( 8531): [PlaybackTrace][Bridge][listener:error] code=-1 message=tls: mbedtls_ssl_handshake returned -0x7280
08-22 16:50:44.930 I/MpvEvent( 8531): [PlaybackTrace][Native][eventLoop] event_id=7 error=0
08-22 16:50:44.930 E/MpvEvent( 8531): [PlaybackTrace][Native][eventLoop] MPV_EVENT_END_FILE reason=2 error=0
08-22 16:50:44.930 I/MpvEvent( 8531): [PlaybackTrace][Native][dispatch:event] name=endFile payload={"reason":2,"error":0}
08-22 16:50:44.931 I/MpvBridgeModule( 8531): [PlaybackTrace][Bridge][listener:event] name=endFile payload={"reason":2,"error":0}
08-22 16:50:44.931 I/MpvEvent( 8531): [PlaybackTrace][Native][eventLoop] event_id=6 error=0
08-22 16:50:44.931 I/MpvEvent( 8531): MPV_EVENT_START_FILE
08-22 16:50:44.932 I/MpvEvent( 8531): [PlaybackTrace][Native][eventLoop] event_id=2 error=0
08-22 16:50:44.932 I/MpvEvent( 8531): [PlaybackTrace][Native][mpv-log] prefix=cplayer level=v text=Opening failed or was aborted: https://prod-1.storage.jamendo.com/?trackid=171&format=mp31&from=8CSIkMvwtD6jzKZ%2BPEaUMQ%3D%3D%7Cj5s5oI6ivq8l2vQOXyWixQ%3D%3D
08-22 16:50:44.932 D/mpv     ( 8531): [cplayer] v: Opening failed or was aborted: https://prod-1.storage.jamendo.com/?trackid=171&format=mp31&from=8CSIkMvwtD6jzKZ%2BPEaUMQ%3D%3D%7Cj5s5oI6ivq8l2vQOXyWixQ%3D%3D
08-22 16:50:44.932 I/MpvEvent( 8531): [PlaybackTrace][Native][eventLoop] event_id=2 error=0
08-22 16:50:44.932 I/MpvEvent( 8531): [PlaybackTrace][Native][eventLoop] event_id=2 error=0
08-22 16:50:44.932 I/MpvEvent( 8531): [PlaybackTrace][Native][eventLoop] event_id=2 error=0
08-22 16:50:44.932 I/MpvEvent( 8531): [PlaybackTrace][Native][eventLoop] event_id=2 error=0
08-22 16:50:44.932 I/MpvEvent( 8531): [PlaybackTrace][Native][eventLoop] event_id=2 error=0
08-22 16:50:44.933 I/MpvEvent( 8531): [PlaybackTrace][Native][eventLoop] event_id=2 error=0
08-22 16:50:44.933 I/MpvEvent( 8531): [PlaybackTrace][Native][eventLoop] event_id=2 error=0
08-22 16:50:44.933 D/mpv     ( 8531): [ffmpeg] v: Opening https://prod-1.storage.jamendo.com/?trackid=171&format=mp31&from=8CSIkMvwtD6jzKZ%2BPEaUMQ%3D%3D%7Cj5s5oI6ivq8l2vQOXyWixQ%3D%3D
08-22 16:50:45.102 I/MpvEvent( 8531): [PlaybackTrace][Native][eventLoop] event_id=2 error=0
08-22 16:50:45.314 I/MpvEvent( 8531): [PlaybackTrace][Native][eventLoop] event_id=2 error=0
08-22 16:50:45.314 I/MpvEvent( 8531): [PlaybackTrace][Native][mpv-log] prefix=ffmpeg level=error text=tls: mbedtls_ssl_handshake returned -0x6600
08-22 16:50:45.314 D/mpv     ( 8531): [ffmpeg] error: tls: mbedtls_ssl_handshake returned -0x6600
08-22 16:50:45.314 E/MpvEvent( 8531): [PlaybackTrace][Native][dispatch:error] code=-1 message=tls: mbedtls_ssl_handshake returned -0x6600
08-22 16:50:45.315 E/MpvBridgeModule( 8531): [PlaybackTrace][Bridge][listener:error] code=-1 message=tls: mbedtls_ssl_handshake returned -0x6600
08-22 16:50:45.332 I/MpvEvent( 8531): [PlaybackTrace][Native][eventLoop] event_id=2 error=0
08-22 16:50:45.332 I/MpvEvent( 8531): [PlaybackTrace][Native][mpv-log] prefix=stream level=error text=Failed to open https://prod-1.storage.jamendo.com/?trackid=171&format=mp31&from=8CSIkMvwtD6jzKZ%2BPEaUMQ%3D%3D%7Cj5s5oI6ivq8l2vQOXyWixQ%3D%3D.
08-22 16:50:45.332 E/MpvEvent( 8531): [PlaybackTrace][Native][dispatch:error] code=-1 message=Failed to open https://prod-1.storage.jamendo.com/?trackid=171&format=mp31&from=8CSIkMvwtD6jzKZ%2BPEaUMQ%3D%3D%7Cj5s5oI6ivq8l2vQOXyWixQ%3D%3D.
08-22 16:50:45.334 E/MpvBridgeModule( 8531): [PlaybackTrace][Bridge][listener:error] code=-1 message=Failed to open https://prod-1.storage.jamendo.com/?trackid=171&format=mp31&from=8CSIkMvwtD6jzKZ%2BPEaUMQ%3D%3D%7Cj5s5oI6ivq8l2vQOXyWixQ%3D%3D.
08-22 16:50:45.337 I/MpvEvent( 8531): [PlaybackTrace][Native][eventLoop] event_id=2 error=0
08-22 16:50:45.337 I/MpvEvent( 8531): [PlaybackTrace][Native][mpv-log] prefix=cplayer level=v text=Opening failed or was aborted: https://prod-1.storage.jamendo.com/?trackid=171&format=mp31&from=8CSIkMvwtD6jzKZ%2BPEaUMQ%3D%3D%7Cj5s5oI6ivq8l2vQOXyWixQ%3D%3D
08-22 16:50:45.337 D/mpv     ( 8531): [cplayer] v: Opening failed or was aborted: https://prod-1.storage.jamendo.com/?trackid=171&format=mp31&from=8CSIkMvwtD6jzKZ%2BPEaUMQ%3D%3D%7Cj5s5oI6ivq8l2vQOXyWixQ%3D%3D
08-22 16:50:45.338 I/MpvEvent( 8531): [PlaybackTrace][Native][eventLoop] event_id=2 error=0
08-22 16:50:45.338 I/MpvEvent( 8531): [PlaybackTrace][Native][eventLoop] event_id=2 error=0
08-22 16:50:45.361 I/MpvEvent( 8531): [PlaybackTrace][Native][eventLoop] event_id=2 error=0
08-22 16:50:45.361 I/MpvEvent( 8531): [PlaybackTrace][Native][mpv-log] prefix=ytdl_hook level=error text=Subprocess failed: init
08-22 16:50:45.361 E/MpvEvent( 8531): [PlaybackTrace][Native][dispatch:error] code=-1 message=Subprocess failed: init
08-22 16:50:45.361 E/MpvBridgeModule( 8531): [PlaybackTrace][Bridge][listener:error] code=-1 message=Subprocess failed: init
08-22 16:50:45.362 I/MpvEvent( 8531): [PlaybackTrace][Native][eventLoop] event_id=7 error=0
08-22 16:50:45.362 E/MpvEvent( 8531): [PlaybackTrace][Native][eventLoop] MPV_EVENT_END_FILE reason=4 error=-13
08-22 16:50:45.362 I/MpvEvent( 8531): [PlaybackTrace][Native][dispatch:event] name=endFile payload={"reason":4,"error":-13}
08-22 16:50:45.363 I/MpvBridgeModule( 8531): [PlaybackTrace][Bridge][listener:event] name=endFile payload={"reason":4,"error":-13}
08-22 16:50:45.364 I/MpvEvent( 8531): [PlaybackTrace][Native][eventLoop] event_id=11 error=0
08-22 16:50:45.364 I/MpvEvent( 8531): [PlaybackTrace][Native][eventLoop] event_id=2 error=0
08-22 16:50:45.364 I/MpvEvent( 8531): [PlaybackTrace][Native][mpv-log] prefix=cplayer level=v text=Set property: user-data/mpv/ytdl/json-subprocess-result={"killed_by_us":false,"error_string":"init","status":-3,"stderr":"","stdout":""} -> 1
08-22 16:50:45.364 D/mpv     ( 8531): [cplayer] v: Set property: user-data/mpv/ytdl/json-subprocess-result={"killed_by_us":false,"error_string":"init","status":-3,"stderr":"","stdout":""} -> 1
08-22 16:50:45.364 I/MpvEvent( 8531): [PlaybackTrace][Native][eventLoop] event_id=2 error=0
08-22 16:50:45.364 I/MpvEvent( 8531): [PlaybackTrace][Native][eventLoop] event_id=2 error=0
08-22 16:50:45.364 I/MpvEvent( 8531): [PlaybackTrace][Native][eventLoop] event_id=2 error=0
08-22 16:50:45.365 I/MpvEvent( 8531): [PlaybackTrace][Native][eventLoop] event_id=2 error=0
08-22 16:50:45.365 I/MpvEvent( 8531): [PlaybackTrace][Native][eventLoop] event_id=2 error=0
08-22 16:50:45.365 I/MpvEvent( 8531): [PlaybackTrace][Native][mpv-log] prefix=ytdl_hook level=error text=
08-22 16:50:45.365 E/MpvEvent( 8531): [PlaybackTrace][Native][dispatch:error] code=-1 message=
08-22 16:50:45.365 E/MpvBridgeModule( 8531): [PlaybackTrace][Bridge][listener:error] code=-1 message=
08-22 16:50:45.365 I/MpvEvent( 8531): [PlaybackTrace][Native][eventLoop] event_id=2 error=0
08-22 16:50:45.365 I/MpvEvent( 8531): [PlaybackTrace][Native][mpv-log] prefix=ytdl_hook level=error text=youtube-dl failed: not found or not enough permissions
08-22 16:50:45.365 E/MpvEvent( 8531): [PlaybackTrace][Native][dispatch:error] code=-1 message=youtube-dl failed: not found or not enough permissions
08-22 16:50:45.366 E/MpvBridgeModule( 8531): [PlaybackTrace][Bridge][listener:error] code=-1 message=youtube-dl failed: not found or not enough permissions
08-22 16:50:45.366 I/MpvEvent( 8531): [PlaybackTrace][Native][eventLoop] event_id=2 error=0
08-22 16:50:45.366 I/MpvEvent( 8531): [PlaybackTrace][Native][mpv-log] prefix=cplayer level=v text=finished playback, loading failed (reason 4)
08-22 16:50:45.366 D/mpv     ( 8531): [cplayer] v: finished playback, loading failed (reason 4)
08-22 16:50:45.366 I/MpvEvent( 8531): [PlaybackTrace][Native][eventLoop] event_id=2 error=0
08-22 16:50:45.615 I/ReactNativeJS( 8531): '[INFO]', '[PlaybackTrace][JS][loadFile:call]', { requestedPath: 'https://prod-1.storage.jamendo.com/?trackid=171&format=mp31&from=8CSIkMvwtD6jzKZ%2BPEaUMQ%3D%3D%7Cj5s5oI6ivq8l2vQOXyWixQ%3D%3D',
08-22 16:50:45.617 I/MpvBridgeModule( 8531): [PlaybackTrace][Bridge][loadFile] requested=https://prod-1.storage.jamendo.com/?trackid=171&format=mp31&from=8CSIkMvwtD6jzKZ%2BPEaUMQ%3D%3D%7Cj5s5oI6ivq8l2vQOXyWixQ%3D%3D resolved=https://prod-1.storage.jamendo.com/?trackid=171&format=mp31&from=8CSIkMvwtD6jzKZ%2BPEaUMQ%3D%3D%7Cj5s5oI6ivq8l2vQOXyWixQ%3D%3D ptr=131217388029824
08-22 16:50:45.617 I/MpvJNI  ( 8531): [PlaybackTrace][Native][loadFile] begin path=https://prod-1.storage.jamendo.com/?trackid=171&format=mp31&from=8CSIkMvwtD6jzKZ%2BPEaUMQ%3D%3D%7Cj5s5oI6ivq8l2vQOXyWixQ%3D%3D initialized=1
08-22 16:50:45.617 I/MpvJNI  ( 8531): [PlaybackTrace][Native][loadFile] loadfile command accepted result=0
08-22 16:50:45.617 I/MpvBridgeModule( 8531): [PlaybackTrace][Bridge][loadFile] nativeLoadFile returned
08-22 16:50:45.619 I/ReactNativeJS( 8531): '[INFO]', '[PlaybackTrace][JS][loadFile:return]', { resolvedPath: 'https://prod-1.storage.jamendo.com/?trackid=171&format=mp31&from=8CSIkMvwtD6jzKZ%2BPEaUMQ%3D%3D%7Cj5s5oI6ivq8l2vQOXyWixQ%3D%3D' }
08-22 16:50:45.624 I/MpvEvent( 8531): [PlaybackTrace][Native][eventLoop] event_id=6 error=0
08-22 16:50:45.625 I/MpvEvent( 8531): MPV_EVENT_START_FILE
08-22 16:50:45.626 I/MpvEvent( 8531): [PlaybackTrace][Native][eventLoop] event_id=2 error=0
08-22 16:50:45.626 I/MpvEvent( 8531): [PlaybackTrace][Native][eventLoop] event_id=2 error=0
08-22 16:50:45.632 I/MpvEvent( 8531): [PlaybackTrace][Native][eventLoop] event_id=2 error=0
08-22 16:50:45.632 I/MpvEvent( 8531): [PlaybackTrace][Native][eventLoop] event_id=2 error=0
08-22 16:50:45.633 I/MpvEvent( 8531): [PlaybackTrace][Native][eventLoop] event_id=2 error=0
08-22 16:50:45.633 D/mpv     ( 8531): [ffmpeg] v: Opening https://prod-1.storage.jamendo.com/?trackid=171&format=mp31&from=8CSIkMvwtD6jzKZ%2BPEaUMQ%3D%3D%7Cj5s5oI6ivq8l2vQOXyWixQ%3D%3D
08-22 16:50:45.638 I/MpvEvent( 8531): [PlaybackTrace][Native][eventLoop] event_id=2 error=0
08-22 16:50:45.649 I/ReactNativeJS( 8531): '[INFO]', '[PlaybackTrace][JS][loadFile:call]', { requestedPath: 'https://prod-1.storage.jamendo.com/?trackid=171&format=mp31&from=8CSIkMvwtD6jzKZ%2BPEaUMQ%3D%3D%7Cj5s5oI6ivq8l2vQOXyWixQ%3D%3D',
08-22 16:50:45.650 I/ReactNativeJS( 8531): '[INFO]', '[PlaybackTrace][JS][loadFile:return]', { resolvedPath: 'https://prod-1.storage.jamendo.com/?trackid=171&format=mp31&from=8CSIkMvwtD6jzKZ%2BPEaUMQ%3D%3D%7Cj5s5oI6ivq8l2vQOXyWixQ%3D%3D' }
08-22 16:50:45.650 I/MpvBridgeModule( 8531): [PlaybackTrace][Bridge][loadFile] requested=https://prod-1.storage.jamendo.com/?trackid=171&format=mp31&from=8CSIkMvwtD6jzKZ%2BPEaUMQ%3D%3D%7Cj5s5oI6ivq8l2vQOXyWixQ%3D%3D resolved=https://prod-1.storage.jamendo.com/?trackid=171&format=mp31&from=8CSIkMvwtD6jzKZ%2BPEaUMQ%3D%3D%7Cj5s5oI6ivq8l2vQOXyWixQ%3D%3D ptr=131217388029824
08-22 16:50:45.650 I/MpvJNI  ( 8531): [PlaybackTrace][Native][loadFile] begin path=https://prod-1.storage.jamendo.com/?trackid=171&format=mp31&from=8CSIkMvwtD6jzKZ%2BPEaUMQ%3D%3D%7Cj5s5oI6ivq8l2vQOXyWixQ%3D%3D initialized=1
08-22 16:50:45.652 I/MpvJNI  ( 8531): [PlaybackTrace][Native][loadFile] loadfile command accepted result=0
08-22 16:50:45.652 I/MpvBridgeModule( 8531): [PlaybackTrace][Bridge][loadFile] nativeLoadFile returned
08-22 16:50:45.664 I/MpvEvent( 8531): [PlaybackTrace][Native][eventLoop] event_id=2 error=0
08-22 16:50:45.745 I/MpvEvent( 8531): [PlaybackTrace][Native][eventLoop] event_id=2 error=0
08-22 16:50:45.745 I/MpvEvent( 8531): [PlaybackTrace][Native][mpv-log] prefix=cplayer level=v text=Opening failed or was aborted: https://prod-1.storage.jamendo.com/?trackid=171&format=mp31&from=8CSIkMvwtD6jzKZ%2BPEaUMQ%3D%3D%7Cj5s5oI6ivq8l2vQOXyWixQ%3D%3D
08-22 16:50:45.745 D/mpv     ( 8531): [cplayer] v: Opening failed or was aborted: https://prod-1.storage.jamendo.com/?trackid=171&format=mp31&from=8CSIkMvwtD6jzKZ%2BPEaUMQ%3D%3D%7Cj5s5oI6ivq8l2vQOXyWixQ%3D%3D
08-22 16:50:45.747 I/MpvEvent( 8531): [PlaybackTrace][Native][eventLoop] event_id=7 error=0
08-22 16:50:45.747 E/MpvEvent( 8531): [PlaybackTrace][Native][eventLoop] MPV_EVENT_END_FILE reason=2 error=0
08-22 16:50:45.747 I/MpvEvent( 8531): [PlaybackTrace][Native][dispatch:event] name=endFile payload={"reason":2,"error":0}
08-22 16:50:45.757 I/MpvBridgeModule( 8531): [PlaybackTrace][Bridge][listener:event] name=endFile payload={"reason":2,"error":0}
08-22 16:50:45.760 I/MpvEvent( 8531): [PlaybackTrace][Native][eventLoop] event_id=6 error=0
08-22 16:50:45.760 I/MpvEvent( 8531): MPV_EVENT_START_FILE
08-22 16:50:45.761 I/MpvEvent( 8531): [PlaybackTrace][Native][eventLoop] event_id=2 error=0
08-22 16:50:45.761 I/MpvEvent( 8531): [PlaybackTrace][Native][eventLoop] event_id=2 error=0
08-22 16:50:45.765 I/MpvEvent( 8531): [PlaybackTrace][Native][eventLoop] event_id=2 error=0
08-22 16:50:45.772 I/MpvEvent( 8531): [PlaybackTrace][Native][eventLoop] event_id=2 error=0
08-22 16:50:45.773 I/MpvEvent( 8531): [PlaybackTrace][Native][eventLoop] event_id=2 error=0
08-22 16:50:45.780 I/MpvEvent( 8531): [PlaybackTrace][Native][eventLoop] event_id=2 error=0
08-22 16:50:45.781 I/MpvEvent( 8531): [PlaybackTrace][Native][eventLoop] event_id=2 error=0
08-22 16:50:45.781 D/mpv     ( 8531): [ffmpeg] v: Opening https://prod-1.storage.jamendo.com/?trackid=171&format=mp31&from=8CSIkMvwtD6jzKZ%2BPEaUMQ%3D%3D%7Cj5s5oI6ivq8l2vQOXyWixQ%3D%3D
08-22 16:50:45.904 I/MpvEvent( 8531): [PlaybackTrace][Native][eventLoop] event_id=2 error=0
08-22 16:50:45.922 I/MpvEvent( 8531): [PlaybackTrace][Native][eventLoop] event_id=2 error=0
08-22 16:50:46.266 I/MpvEvent( 8531): [PlaybackTrace][Native][eventLoop] event_id=2 error=0
08-22 16:50:46.266 I/MpvEvent( 8531): [PlaybackTrace][Native][mpv-log] prefix=ffmpeg level=error text=tls: mbedtls_ssl_handshake returned -0x6600
08-22 16:50:46.266 D/mpv     ( 8531): [ffmpeg] error: tls: mbedtls_ssl_handshake returned -0x6600
08-22 16:50:46.266 E/MpvEvent( 8531): [PlaybackTrace][Native][dispatch:error] code=-1 message=tls: mbedtls_ssl_handshake returned -0x6600
08-22 16:50:46.267 E/MpvBridgeModule( 8531): [PlaybackTrace][Bridge][listener:error] code=-1 message=tls: mbedtls_ssl_handshake returned -0x6600
08-22 16:50:46.268 I/MpvEvent( 8531): [PlaybackTrace][Native][eventLoop] event_id=2 error=0
08-22 16:50:46.268 I/MpvEvent( 8531): [PlaybackTrace][Native][mpv-log] prefix=stream level=error text=Failed to open https://prod-1.storage.jamendo.com/?trackid=171&format=mp31&from=8CSIkMvwtD6jzKZ%2BPEaUMQ%3D%3D%7Cj5s5oI6ivq8l2vQOXyWixQ%3D%3D.
08-22 16:50:46.268 E/MpvEvent( 8531): [PlaybackTrace][Native][dispatch:error] code=-1 message=Failed to open https://prod-1.storage.jamendo.com/?trackid=171&format=mp31&from=8CSIkMvwtD6jzKZ%2BPEaUMQ%3D%3D%7Cj5s5oI6ivq8l2vQOXyWixQ%3D%3D.
08-22 16:50:46.285 E/MpvBridgeModule( 8531): [PlaybackTrace][Bridge][listener:error] code=-1 message=Failed to open https://prod-1.storage.jamendo.com/?trackid=171&format=mp31&from=8CSIkMvwtD6jzKZ%2BPEaUMQ%3D%3D%7Cj5s5oI6ivq8l2vQOXyWixQ%3D%3D.
08-22 16:50:46.289 I/MpvEvent( 8531): [PlaybackTrace][Native][eventLoop] event_id=2 error=0
08-22 16:50:46.289 I/MpvEvent( 8531): [PlaybackTrace][Native][mpv-log] prefix=cplayer level=v text=Opening failed or was aborted: https://prod-1.storage.jamendo.com/?trackid=171&format=mp31&from=8CSIkMvwtD6jzKZ%2BPEaUMQ%3D%3D%7Cj5s5oI6ivq8l2vQOXyWixQ%3D%3D
08-22 16:50:46.290 D/mpv     ( 8531): [cplayer] v: Opening failed or was aborted: https://prod-1.storage.jamendo.com/?trackid=171&format=mp31&from=8CSIkMvwtD6jzKZ%2BPEaUMQ%3D%3D%7Cj5s5oI6ivq8l2vQOXyWixQ%3D%3D
08-22 16:50:46.290 I/MpvEvent( 8531): [PlaybackTrace][Native][eventLoop] event_id=2 error=0
08-22 16:50:46.290 I/MpvEvent( 8531): [PlaybackTrace][Native][eventLoop] event_id=2 error=0
08-22 16:50:46.315 I/MpvEvent( 8531): [PlaybackTrace][Native][eventLoop] event_id=2 error=0
08-22 16:50:46.315 I/MpvEvent( 8531): [PlaybackTrace][Native][mpv-log] prefix=ytdl_hook level=error text=Subprocess failed: init
08-22 16:50:46.316 E/MpvEvent( 8531): [PlaybackTrace][Native][dispatch:error] code=-1 message=Subprocess failed: init
08-22 16:50:46.318 E/MpvBridgeModule( 8531): [PlaybackTrace][Bridge][listener:error] code=-1 message=Subprocess failed: init
08-22 16:50:46.319 I/MpvEvent( 8531): [PlaybackTrace][Native][eventLoop] event_id=7 error=0
08-22 16:50:46.319 E/MpvEvent( 8531): [PlaybackTrace][Native][eventLoop] MPV_EVENT_END_FILE reason=4 error=-13
08-22 16:50:46.319 I/MpvEvent( 8531): [PlaybackTrace][Native][dispatch:event] name=endFile payload={"reason":4,"error":-13}
08-22 16:50:46.320 I/MpvBridgeModule( 8531): [PlaybackTrace][Bridge][listener:event] name=endFile payload={"reason":4,"error":-13}
08-22 16:50:46.320 I/MpvEvent( 8531): [PlaybackTrace][Native][eventLoop] event_id=11 error=0
08-22 16:50:46.320 I/MpvEvent( 8531): [PlaybackTrace][Native][eventLoop] event_id=2 error=0
08-22 16:50:46.321 I/MpvEvent( 8531): [PlaybackTrace][Native][mpv-log] prefix=cplayer level=v text=Set property: user-data/mpv/ytdl/json-subprocess-result={"killed_by_us":false,"error_string":"init","status":-3,"stderr":"","stdout":""} -> 1
08-22 16:50:46.321 D/mpv     ( 8531): [cplayer] v: Set property: user-data/mpv/ytdl/json-subprocess-result={"killed_by_us":false,"error_string":"init","status":-3,"stderr":"","stdout":""} -> 1
08-22 16:50:46.321 I/MpvEvent( 8531): [PlaybackTrace][Native][eventLoop] event_id=2 error=0
08-22 16:50:46.321 I/MpvEvent( 8531): [PlaybackTrace][Native][eventLoop] event_id=2 error=0
08-22 16:50:46.321 I/MpvEvent( 8531): [PlaybackTrace][Native][eventLoop] event_id=2 error=0
08-22 16:50:46.321 I/MpvEvent( 8531): [PlaybackTrace][Native][eventLoop] event_id=2 error=0
08-22 16:50:46.321 I/MpvEvent( 8531): [PlaybackTrace][Native][eventLoop] event_id=2 error=0
08-22 16:50:46.321 I/MpvEvent( 8531): [PlaybackTrace][Native][mpv-log] prefix=ytdl_hook level=error text=
08-22 16:50:46.321 E/MpvEvent( 8531): [PlaybackTrace][Native][dispatch:error] code=-1 message=
08-22 16:50:46.321 E/MpvBridgeModule( 8531): [PlaybackTrace][Bridge][listener:error] code=-1 message=
08-22 16:50:46.322 I/MpvEvent( 8531): [PlaybackTrace][Native][eventLoop] event_id=2 error=0
08-22 16:50:46.322 I/MpvEvent( 8531): [PlaybackTrace][Native][mpv-log] prefix=ytdl_hook level=error text=youtube-dl failed: not found or not enough permissions
08-22 16:50:46.322 E/MpvEvent( 8531): [PlaybackTrace][Native][dispatch:error] code=-1 message=youtube-dl failed: not found or not enough permissions
08-22 16:50:46.322 E/MpvBridgeModule( 8531): [PlaybackTrace][Bridge][listener:error] code=-1 message=youtube-dl failed: not found or not enough permissions
08-22 16:50:46.323 I/MpvEvent( 8531): [PlaybackTrace][Native][eventLoop] event_id=2 error=0
08-22 16:50:46.323 I/MpvEvent( 8531): [PlaybackTrace][Native][mpv-log] prefix=cplayer level=v text=finished playback, loading failed (reason 4)
08-22 16:50:46.323 D/mpv     ( 8531): [cplayer] v: finished playback, loading failed (reason 4)
08-22 16:50:46.323 I/MpvEvent( 8531): [PlaybackTrace][Native][eventLoop] event_id=2 error=0
08-22 16:50:47.020 I/ReactNativeJS( 8531): '[INFO]', '[PlaybackTrace][JS][loadFile:call]', { requestedPath: 'https://prod-1.storage.jamendo.com/?trackid=171&format=mp31&from=8CSIkMvwtD6jzKZ%2BPEaUMQ%3D%3D%7Cj5s5oI6ivq8l2vQOXyWixQ%3D%3D',
08-22 16:50:47.021 I/MpvBridgeModule( 8531): [PlaybackTrace][Bridge][loadFile] requested=https://prod-1.storage.jamendo.com/?trackid=171&format=mp31&from=8CSIkMvwtD6jzKZ%2BPEaUMQ%3D%3D%7Cj5s5oI6ivq8l2vQOXyWixQ%3D%3D resolved=https://prod-1.storage.jamendo.com/?trackid=171&format=mp31&from=8CSIkMvwtD6jzKZ%2BPEaUMQ%3D%3D%7Cj5s5oI6ivq8l2vQOXyWixQ%3D%3D ptr=131217388029824
08-22 16:50:47.021 I/MpvJNI  ( 8531): [PlaybackTrace][Native][loadFile] begin path=https://prod-1.storage.jamendo.com/?trackid=171&format=mp31&from=8CSIkMvwtD6jzKZ%2BPEaUMQ%3D%3D%7Cj5s5oI6ivq8l2vQOXyWixQ%3D%3D initialized=1
08-22 16:50:47.021 I/ReactNativeJS( 8531): '[INFO]', '[PlaybackTrace][JS][loadFile:return]', { resolvedPath: 'https://prod-1.storage.jamendo.com/?trackid=171&format=mp31&from=8CSIkMvwtD6jzKZ%2BPEaUMQ%3D%3D%7Cj5s5oI6ivq8l2vQOXyWixQ%3D%3D' }
08-22 16:50:47.022 I/MpvJNI  ( 8531): [PlaybackTrace][Native][loadFile] loadfile command accepted result=0
08-22 16:50:47.022 I/MpvEvent( 8531): [PlaybackTrace][Native][eventLoop] event_id=6 error=0
08-22 16:50:47.022 I/MpvBridgeModule( 8531): [PlaybackTrace][Bridge][loadFile] nativeLoadFile returned
08-22 16:50:47.022 I/MpvEvent( 8531): MPV_EVENT_START_FILE
08-22 16:50:47.025 I/MpvEvent( 8531): [PlaybackTrace][Native][eventLoop] event_id=2 error=0
08-22 16:50:47.025 I/MpvEvent( 8531): [PlaybackTrace][Native][eventLoop] event_id=2 error=0
08-22 16:50:47.025 I/MpvEvent( 8531): [PlaybackTrace][Native][eventLoop] event_id=2 error=0
08-22 16:50:47.026 I/MpvEvent( 8531): [PlaybackTrace][Native][eventLoop] event_id=2 error=0
08-22 16:50:47.026 I/MpvEvent( 8531): [PlaybackTrace][Native][eventLoop] event_id=2 error=0
08-22 16:50:47.027 I/MpvEvent( 8531): [PlaybackTrace][Native][eventLoop] event_id=2 error=0
08-22 16:50:47.027 D/mpv     ( 8531): [ffmpeg] v: Opening https://prod-1.storage.jamendo.com/?trackid=171&format=mp31&from=8CSIkMvwtD6jzKZ%2BPEaUMQ%3D%3D%7Cj5s5oI6ivq8l2vQOXyWixQ%3D%3D
08-22 16:50:47.102 I/ReactNativeJS( 8531): '[INFO]', '[PlaybackTrace][JS][loadFile:call]', { requestedPath: 'https://prod-1.storage.jamendo.com/?trackid=171&format=mp31&from=8CSIkMvwtD6jzKZ%2BPEaUMQ%3D%3D%7Cj5s5oI6ivq8l2vQOXyWixQ%3D%3D',
08-22 16:50:47.103 I/MpvBridgeModule( 8531): [PlaybackTrace][Bridge][loadFile] requested=https://prod-1.storage.jamendo.com/?trackid=171&format=mp31&from=8CSIkMvwtD6jzKZ%2BPEaUMQ%3D%3D%7Cj5s5oI6ivq8l2vQOXyWixQ%3D%3D resolved=https://prod-1.storage.jamendo.com/?trackid=171&format=mp31&from=8CSIkMvwtD6jzKZ%2BPEaUMQ%3D%3D%7Cj5s5oI6ivq8l2vQOXyWixQ%3D%3D ptr=131217388029824
08-22 16:50:47.103 I/ReactNativeJS( 8531): '[INFO]', '[PlaybackTrace][JS][loadFile:return]', { resolvedPath: 'https://prod-1.storage.jamendo.com/?trackid=171&format=mp31&from=8CSIkMvwtD6jzKZ%2BPEaUMQ%3D%3D%7Cj5s5oI6ivq8l2vQOXyWixQ%3D%3D' }
08-22 16:50:47.103 I/MpvJNI  ( 8531): [PlaybackTrace][Native][loadFile] begin path=https://prod-1.storage.jamendo.com/?trackid=171&format=mp31&from=8CSIkMvwtD6jzKZ%2BPEaUMQ%3D%3D%7Cj5s5oI6ivq8l2vQOXyWixQ%3D%3D initialized=1
08-22 16:50:47.103 I/MpvJNI  ( 8531): [PlaybackTrace][Native][loadFile] loadfile command accepted result=0
08-22 16:50:47.103 I/MpvBridgeModule( 8531): [PlaybackTrace][Bridge][loadFile] nativeLoadFile returned
08-22 16:50:47.105 I/MpvEvent( 8531): [PlaybackTrace][Native][eventLoop] event_id=2 error=0
08-22 16:50:47.132 I/MpvEvent( 8531): [PlaybackTrace][Native][eventLoop] event_id=2 error=0
08-22 16:50:47.132 I/MpvEvent( 8531): [PlaybackTrace][Native][mpv-log] prefix=cplayer level=v text=Opening failed or was aborted: https://prod-1.storage.jamendo.com/?trackid=171&format=mp31&from=8CSIkMvwtD6jzKZ%2BPEaUMQ%3D%3D%7Cj5s5oI6ivq8l2vQOXyWixQ%3D%3D
08-22 16:50:47.132 D/mpv     ( 8531): [cplayer] v: Opening failed or was aborted: https://prod-1.storage.jamendo.com/?trackid=171&format=mp31&from=8CSIkMvwtD6jzKZ%2BPEaUMQ%3D%3D%7Cj5s5oI6ivq8l2vQOXyWixQ%3D%3D
08-22 16:50:47.133 I/MpvEvent( 8531): [PlaybackTrace][Native][eventLoop] event_id=7 error=0
08-22 16:50:47.133 E/MpvEvent( 8531): [PlaybackTrace][Native][eventLoop] MPV_EVENT_END_FILE reason=2 error=0
08-22 16:50:47.133 I/MpvEvent( 8531): [PlaybackTrace][Native][dispatch:event] name=endFile payload={"reason":2,"error":0}
08-22 16:50:47.133 I/MpvBridgeModule( 8531): [PlaybackTrace][Bridge][listener:event] name=endFile payload={"reason":2,"error":0}
08-22 16:50:47.134 I/MpvEvent( 8531): [PlaybackTrace][Native][eventLoop] event_id=6 error=0
08-22 16:50:47.134 I/MpvEvent( 8531): MPV_EVENT_START_FILE
08-22 16:50:47.136 I/MpvEvent( 8531): [PlaybackTrace][Native][eventLoop] event_id=2 error=0
08-22 16:50:47.136 I/MpvEvent( 8531): [PlaybackTrace][Native][eventLoop] event_id=2 error=0
08-22 16:50:47.136 I/MpvEvent( 8531): [PlaybackTrace][Native][eventLoop] event_id=2 error=0
08-22 16:50:47.136 I/MpvEvent( 8531): [PlaybackTrace][Native][eventLoop] event_id=2 error=0
08-22 16:50:47.136 I/MpvEvent( 8531): [PlaybackTrace][Native][eventLoop] event_id=2 error=0
08-22 16:50:47.136 I/MpvEvent( 8531): [PlaybackTrace][Native][eventLoop] event_id=2 error=0
08-22 16:50:47.136 I/MpvEvent( 8531): [PlaybackTrace][Native][eventLoop] event_id=2 error=0
08-22 16:50:47.136 D/mpv     ( 8531): [ffmpeg] v: Opening https://prod-1.storage.jamendo.com/?trackid=171&format=mp31&from=8CSIkMvwtD6jzKZ%2BPEaUMQ%3D%3D%7Cj5s5oI6ivq8l2vQOXyWixQ%3D%3D
08-22 16:50:47.286 I/MpvEvent( 8531): [PlaybackTrace][Native][eventLoop] event_id=2 error=0
08-22 16:50:47.370 I/MpvEvent( 8531): [PlaybackTrace][Native][eventLoop] event_id=2 error=0
08-22 16:50:47.579 I/MpvEvent( 8531): [PlaybackTrace][Native][eventLoop] event_id=2 error=0
08-22 16:50:47.599 I/MpvEvent( 8531): [PlaybackTrace][Native][eventLoop] event_id=2 error=0
08-22 16:50:47.599 I/MpvEvent( 8531): [PlaybackTrace][Native][mpv-log] prefix=ffmpeg level=error text=tls: mbedtls_ssl_handshake returned -0x6600
08-22 16:50:47.599 D/mpv     ( 8531): [ffmpeg] error: tls: mbedtls_ssl_handshake returned -0x6600
08-22 16:50:47.599 E/MpvEvent( 8531): [PlaybackTrace][Native][dispatch:error] code=-1 message=tls: mbedtls_ssl_handshake returned -0x6600
08-22 16:50:47.599 E/MpvBridgeModule( 8531): [PlaybackTrace][Bridge][listener:error] code=-1 message=tls: mbedtls_ssl_handshake returned -0x6600
08-22 16:50:47.600 I/MpvEvent( 8531): [PlaybackTrace][Native][eventLoop] event_id=2 error=0
08-22 16:50:47.600 I/MpvEvent( 8531): [PlaybackTrace][Native][mpv-log] prefix=stream level=error text=Failed to open https://prod-1.storage.jamendo.com/?trackid=171&format=mp31&from=8CSIkMvwtD6jzKZ%2BPEaUMQ%3D%3D%7Cj5s5oI6ivq8l2vQOXyWixQ%3D%3D.
08-22 16:50:47.600 E/MpvEvent( 8531): [PlaybackTrace][Native][dispatch:error] code=-1 message=Failed to open https://prod-1.storage.jamendo.com/?trackid=171&format=mp31&from=8CSIkMvwtD6jzKZ%2BPEaUMQ%3D%3D%7Cj5s5oI6ivq8l2vQOXyWixQ%3D%3D.
08-22 16:50:47.617 E/MpvBridgeModule( 8531): [PlaybackTrace][Bridge][listener:error] code=-1 message=Failed to open https://prod-1.storage.jamendo.com/?trackid=171&format=mp31&from=8CSIkMvwtD6jzKZ%2BPEaUMQ%3D%3D%7Cj5s5oI6ivq8l2vQOXyWixQ%3D%3D.
08-22 16:50:47.623 I/MpvEvent( 8531): [PlaybackTrace][Native][eventLoop] event_id=2 error=0
08-22 16:50:47.623 I/MpvEvent( 8531): [PlaybackTrace][Native][mpv-log] prefix=cplayer level=v text=Opening failed or was aborted: https://prod-1.storage.jamendo.com/?trackid=171&format=mp31&from=8CSIkMvwtD6jzKZ%2BPEaUMQ%3D%3D%7Cj5s5oI6ivq8l2vQOXyWixQ%3D%3D
08-22 16:50:47.623 D/mpv     ( 8531): [cplayer] v: Opening failed or was aborted: https://prod-1.storage.jamendo.com/?trackid=171&format=mp31&from=8CSIkMvwtD6jzKZ%2BPEaUMQ%3D%3D%7Cj5s5oI6ivq8l2vQOXyWixQ%3D%3D
08-22 16:50:47.623 I/MpvEvent( 8531): [PlaybackTrace][Native][eventLoop] event_id=2 error=0
08-22 16:50:47.623 I/MpvEvent( 8531): [PlaybackTrace][Native][eventLoop] event_id=2 error=0
08-22 16:50:47.648 I/MpvEvent( 8531): [PlaybackTrace][Native][eventLoop] event_id=2 error=0
08-22 16:50:47.648 I/MpvEvent( 8531): [PlaybackTrace][Native][mpv-log] prefix=ytdl_hook level=error text=Subprocess failed: init
08-22 16:50:47.648 E/MpvEvent( 8531): [PlaybackTrace][Native][dispatch:error] code=-1 message=Subprocess failed: init
08-22 16:50:47.648 E/MpvBridgeModule( 8531): [PlaybackTrace][Bridge][listener:error] code=-1 message=Subprocess failed: init
08-22 16:50:47.650 I/MpvEvent( 8531): [PlaybackTrace][Native][eventLoop] event_id=7 error=0
08-22 16:50:47.652 E/MpvEvent( 8531): [PlaybackTrace][Native][eventLoop] MPV_EVENT_END_FILE reason=4 error=-13
08-22 16:50:47.652 I/MpvEvent( 8531): [PlaybackTrace][Native][dispatch:event] name=endFile payload={"reason":4,"error":-13}
08-22 16:50:47.653 I/MpvBridgeModule( 8531): [PlaybackTrace][Bridge][listener:event] name=endFile payload={"reason":4,"error":-13}
08-22 16:50:47.654 I/MpvEvent( 8531): [PlaybackTrace][Native][eventLoop] event_id=11 error=0
08-22 16:50:47.654 I/MpvEvent( 8531): [PlaybackTrace][Native][eventLoop] event_id=2 error=0
08-22 16:50:47.654 I/MpvEvent( 8531): [PlaybackTrace][Native][mpv-log] prefix=cplayer level=v text=Set property: user-data/mpv/ytdl/json-subprocess-result={"killed_by_us":false,"error_string":"init","status":-3,"stderr":"","stdout":""} -> 1
08-22 16:50:47.654 D/mpv     ( 8531): [cplayer] v: Set property: user-data/mpv/ytdl/json-subprocess-result={"killed_by_us":false,"error_string":"init","status":-3,"stderr":"","stdout":""} -> 1
08-22 16:50:47.654 I/MpvEvent( 8531): [PlaybackTrace][Native][eventLoop] event_id=2 error=0
08-22 16:50:47.654 I/MpvEvent( 8531): [PlaybackTrace][Native][eventLoop] event_id=2 error=0
08-22 16:50:47.654 I/MpvEvent( 8531): [PlaybackTrace][Native][eventLoop] event_id=2 error=0
08-22 16:50:47.654 I/MpvEvent( 8531): [PlaybackTrace][Native][eventLoop] event_id=2 error=0
08-22 16:50:47.654 I/MpvEvent( 8531): [PlaybackTrace][Native][eventLoop] event_id=2 error=0
08-22 16:50:47.654 I/MpvEvent( 8531): [PlaybackTrace][Native][mpv-log] prefix=ytdl_hook level=error text=
08-22 16:50:47.654 E/MpvEvent( 8531): [PlaybackTrace][Native][dispatch:error] code=-1 message=
08-22 16:50:47.654 E/MpvBridgeModule( 8531): [PlaybackTrace][Bridge][listener:error] code=-1 message=
08-22 16:50:47.655 I/MpvEvent( 8531): [PlaybackTrace][Native][eventLoop] event_id=2 error=0
08-22 16:50:47.655 I/MpvEvent( 8531): [PlaybackTrace][Native][mpv-log] prefix=ytdl_hook level=error text=youtube-dl failed: not found or not enough permissions
08-22 16:50:47.655 E/MpvEvent( 8531): [PlaybackTrace][Native][dispatch:error] code=-1 message=youtube-dl failed: not found or not enough permissions
08-22 16:50:47.655 E/MpvBridgeModule( 8531): [PlaybackTrace][Bridge][listener:error] code=-1 message=youtube-dl failed: not found or not enough permissions
08-22 16:50:47.656 I/MpvEvent( 8531): [PlaybackTrace][Native][eventLoop] event_id=2 error=0
08-22 16:50:47.656 I/MpvEvent( 8531): [PlaybackTrace][Native][mpv-log] prefix=cplayer level=v text=finished playback, loading failed (reason 4)
08-22 16:50:47.656 D/mpv     ( 8531): [cplayer] v: finished playback, loading failed (reason 4)
08-22 16:50:47.656 I/MpvEvent( 8531): [PlaybackTrace][Native][eventLoop] event_id=2 error=0
08-22 16:50:47.803 I/ReactNativeJS( 8531): '[INFO]', '[PlaybackTrace][JS][loadFile:call]', { requestedPath: 'https://prod-1.storage.jamendo.com/?trackid=171&format=mp31&from=8CSIkMvwtD6jzKZ%2BPEaUMQ%3D%3D%7Cj5s5oI6ivq8l2vQOXyWixQ%3D%3D',
08-22 16:50:47.804 I/ReactNativeJS( 8531): '[INFO]', '[PlaybackTrace][JS][loadFile:return]', { resolvedPath: 'https://prod-1.storage.jamendo.com/?trackid=171&format=mp31&from=8CSIkMvwtD6jzKZ%2BPEaUMQ%3D%3D%7Cj5s5oI6ivq8l2vQOXyWixQ%3D%3D' }
08-22 16:50:47.805 I/MpvBridgeModule( 8531): [PlaybackTrace][Bridge][loadFile] requested=https://prod-1.storage.jamendo.com/?trackid=171&format=mp31&from=8CSIkMvwtD6jzKZ%2BPEaUMQ%3D%3D%7Cj5s5oI6ivq8l2vQOXyWixQ%3D%3D resolved=https://prod-1.storage.jamendo.com/?trackid=171&format=mp31&from=8CSIkMvwtD6jzKZ%2BPEaUMQ%3D%3D%7Cj5s5oI6ivq8l2vQOXyWixQ%3D%3D ptr=131217388029824
08-22 16:50:47.805 I/MpvJNI  ( 8531): [PlaybackTrace][Native][loadFile] begin path=https://prod-1.storage.jamendo.com/?trackid=171&format=mp31&from=8CSIkMvwtD6jzKZ%2BPEaUMQ%3D%3D%7Cj5s5oI6ivq8l2vQOXyWixQ%3D%3D initialized=1
08-22 16:50:47.805 I/MpvJNI  ( 8531): [PlaybackTrace][Native][loadFile] loadfile command accepted result=0
08-22 16:50:47.806 I/MpvEvent( 8531): [PlaybackTrace][Native][eventLoop] event_id=6 error=0
08-22 16:50:47.806 I/MpvEvent( 8531): MPV_EVENT_START_FILE
08-22 16:50:47.806 I/MpvBridgeModule( 8531): [PlaybackTrace][Bridge][loadFile] nativeLoadFile returned
08-22 16:50:47.809 I/MpvEvent( 8531): [PlaybackTrace][Native][eventLoop] event_id=2 error=0
08-22 16:50:47.810 I/MpvEvent( 8531): [PlaybackTrace][Native][eventLoop] event_id=2 error=0
08-22 16:50:47.810 I/MpvEvent( 8531): [PlaybackTrace][Native][eventLoop] event_id=2 error=0
08-22 16:50:47.810 I/MpvEvent( 8531): [PlaybackTrace][Native][eventLoop] event_id=2 error=0
08-22 16:50:47.810 I/MpvEvent( 8531): [PlaybackTrace][Native][eventLoop] event_id=2 error=0
08-22 16:50:47.811 I/MpvEvent( 8531): [PlaybackTrace][Native][eventLoop] event_id=2 error=0
08-22 16:50:47.811 D/mpv     ( 8531): [ffmpeg] v: Opening https://prod-1.storage.jamendo.com/?trackid=171&format=mp31&from=8CSIkMvwtD6jzKZ%2BPEaUMQ%3D%3D%7Cj5s5oI6ivq8l2vQOXyWixQ%3D%3D
08-22 16:50:47.838 I/ReactNativeJS( 8531): '[INFO]', '[PlaybackTrace][JS][loadFile:call]', { requestedPath: 'https://prod-1.storage.jamendo.com/?trackid=171&format=mp31&from=8CSIkMvwtD6jzKZ%2BPEaUMQ%3D%3D%7Cj5s5oI6ivq8l2vQOXyWixQ%3D%3D',
08-22 16:50:47.838 I/MpvBridgeModule( 8531): [PlaybackTrace][Bridge][loadFile] requested=https://prod-1.storage.jamendo.com/?trackid=171&format=mp31&from=8CSIkMvwtD6jzKZ%2BPEaUMQ%3D%3D%7Cj5s5oI6ivq8l2vQOXyWixQ%3D%3D resolved=https://prod-1.storage.jamendo.com/?trackid=171&format=mp31&from=8CSIkMvwtD6jzKZ%2BPEaUMQ%3D%3D%7Cj5s5oI6ivq8l2vQOXyWixQ%3D%3D ptr=131217388029824
08-22 16:50:47.838 I/ReactNativeJS( 8531): '[INFO]', '[PlaybackTrace][JS][loadFile:return]', { resolvedPath: 'https://prod-1.storage.jamendo.com/?trackid=171&format=mp31&from=8CSIkMvwtD6jzKZ%2BPEaUMQ%3D%3D%7Cj5s5oI6ivq8l2vQOXyWixQ%3D%3D' }
08-22 16:50:47.838 I/MpvJNI  ( 8531): [PlaybackTrace][Native][loadFile] begin path=https://prod-1.storage.jamendo.com/?trackid=171&format=mp31&from=8CSIkMvwtD6jzKZ%2BPEaUMQ%3D%3D%7Cj5s5oI6ivq8l2vQOXyWixQ%3D%3D initialized=1
08-22 16:50:47.838 I/MpvJNI  ( 8531): [PlaybackTrace][Native][loadFile] loadfile command accepted result=0
08-22 16:50:47.838 I/MpvBridgeModule( 8531): [PlaybackTrace][Bridge][loadFile] nativeLoadFile returned
08-22 16:50:47.840 I/MpvEvent( 8531): [PlaybackTrace][Native][eventLoop] event_id=2 error=0
08-22 16:50:47.841 I/ReactNativeJS( 8531): '[INFO]', '[PlaybackTrace][JS][loadFile:call]', { requestedPath: 'https://prod-1.storage.jamendo.com/?trackid=171&format=mp31&from=8CSIkMvwtD6jzKZ%2BPEaUMQ%3D%3D%7Cj5s5oI6ivq8l2vQOXyWixQ%3D%3D',
08-22 16:50:47.841 I/MpvBridgeModule( 8531): [PlaybackTrace][Bridge][loadFile] requested=https://prod-1.storage.jamendo.com/?trackid=171&format=mp31&from=8CSIkMvwtD6jzKZ%2BPEaUMQ%3D%3D%7Cj5s5oI6ivq8l2vQOXyWixQ%3D%3D resolved=https://prod-1.storage.jamendo.com/?trackid=171&format=mp31&from=8CSIkMvwtD6jzKZ%2BPEaUMQ%3D%3D%7Cj5s5oI6ivq8l2vQOXyWixQ%3D%3D ptr=131217388029824
08-22 16:50:47.841 I/MpvJNI  ( 8531): [PlaybackTrace][Native][loadFile] begin path=https://prod-1.storage.jamendo.com/?trackid=171&format=mp31&from=8CSIkMvwtD6jzKZ%2BPEaUMQ%3D%3D%7Cj5s5oI6ivq8l2vQOXyWixQ%3D%3D initialized=1
08-22 16:50:47.841 I/MpvJNI  ( 8531): [PlaybackTrace][Native][loadFile] loadfile command accepted result=0
08-22 16:50:47.841 I/MpvBridgeModule( 8531): [PlaybackTrace][Bridge][loadFile] nativeLoadFile returned
08-22 16:50:47.841 I/ReactNativeJS( 8531): '[INFO]', '[PlaybackTrace][JS][loadFile:return]', { resolvedPath: 'https://prod-1.storage.jamendo.com/?trackid=171&format=mp31&from=8CSIkMvwtD6jzKZ%2BPEaUMQ%3D%3D%7Cj5s5oI6ivq8l2vQOXyWixQ%3D%3D' }
08-22 16:50:47.843 I/MpvEvent( 8531): [PlaybackTrace][Native][eventLoop] event_id=2 error=0
08-22 16:50:47.915 I/MpvEvent( 8531): [PlaybackTrace][Native][eventLoop] event_id=2 error=0
08-22 16:50:47.915 I/MpvEvent( 8531): [PlaybackTrace][Native][mpv-log] prefix=cplayer level=v text=Opening failed or was aborted: https://prod-1.storage.jamendo.com/?trackid=171&format=mp31&from=8CSIkMvwtD6jzKZ%2BPEaUMQ%3D%3D%7Cj5s5oI6ivq8l2vQOXyWixQ%3D%3D
08-22 16:50:47.915 D/mpv     ( 8531): [cplayer] v: Opening failed or was aborted: https://prod-1.storage.jamendo.com/?trackid=171&format=mp31&from=8CSIkMvwtD6jzKZ%2BPEaUMQ%3D%3D%7Cj5s5oI6ivq8l2vQOXyWixQ%3D%3D
08-22 16:50:47.915 I/MpvEvent( 8531): [PlaybackTrace][Native][eventLoop] event_id=7 error=0
08-22 16:50:47.915 E/MpvEvent( 8531): [PlaybackTrace][Native][eventLoop] MPV_EVENT_END_FILE reason=2 error=0
08-22 16:50:47.915 I/MpvEvent( 8531): [PlaybackTrace][Native][dispatch:event] name=endFile payload={"reason":2,"error":0}
08-22 16:50:47.916 I/MpvBridgeModule( 8531): [PlaybackTrace][Bridge][listener:event] name=endFile payload={"reason":2,"error":0}
08-22 16:50:47.918 I/MpvEvent( 8531): [PlaybackTrace][Native][eventLoop] event_id=6 error=0
08-22 16:50:47.918 I/MpvEvent( 8531): MPV_EVENT_START_FILE
08-22 16:50:47.919 I/MpvEvent( 8531): [PlaybackTrace][Native][eventLoop] event_id=2 error=0
08-22 16:50:47.919 I/MpvEvent( 8531): [PlaybackTrace][Native][eventLoop] event_id=2 error=0
08-22 16:50:47.920 I/MpvEvent( 8531): [PlaybackTrace][Native][eventLoop] event_id=2 error=0
08-22 16:50:47.920 I/MpvEvent( 8531): [PlaybackTrace][Native][eventLoop] event_id=2 error=0
08-22 16:50:47.920 I/MpvEvent( 8531): [PlaybackTrace][Native][eventLoop] event_id=2 error=0
08-22 16:50:47.920 I/MpvEvent( 8531): [PlaybackTrace][Native][eventLoop] event_id=2 error=0
08-22 16:50:47.921 I/MpvEvent( 8531): [PlaybackTrace][Native][eventLoop] event_id=2 error=0
08-22 16:50:47.921 D/mpv     ( 8531): [ffmpeg] v: Opening https://prod-1.storage.jamendo.com/?trackid=171&format=mp31&from=8CSIkMvwtD6jzKZ%2BPEaUMQ%3D%3D%7Cj5s5oI6ivq8l2vQOXyWixQ%3D%3D
08-22 16:50:47.938 I/ReactNativeJS( 8531): '[INFO]', '[PlaybackTrace][JS][loadFile:call]', { requestedPath: 'https://prod-1.storage.jamendo.com/?trackid=171&format=mp31&from=8CSIkMvwtD6jzKZ%2BPEaUMQ%3D%3D%7Cj5s5oI6ivq8l2vQOXyWixQ%3D%3D',
08-22 16:50:47.939 I/MpvBridgeModule( 8531): [PlaybackTrace][Bridge][loadFile] requested=https://prod-1.storage.jamendo.com/?trackid=171&format=mp31&from=8CSIkMvwtD6jzKZ%2BPEaUMQ%3D%3D%7Cj5s5oI6ivq8l2vQOXyWixQ%3D%3D resolved=https://prod-1.storage.jamendo.com/?trackid=171&format=mp31&from=8CSIkMvwtD6jzKZ%2BPEaUMQ%3D%3D%7Cj5s5oI6ivq8l2vQOXyWixQ%3D%3D ptr=131217388029824
08-22 16:50:47.939 I/MpvJNI  ( 8531): [PlaybackTrace][Native][loadFile] begin path=https://prod-1.storage.jamendo.com/?trackid=171&format=mp31&from=8CSIkMvwtD6jzKZ%2BPEaUMQ%3D%3D%7Cj5s5oI6ivq8l2vQOXyWixQ%3D%3D initialized=1
08-22 16:50:47.939 I/MpvJNI  ( 8531): [PlaybackTrace][Native][loadFile] loadfile command accepted result=0
08-22 16:50:47.939 I/MpvBridgeModule( 8531): [PlaybackTrace][Bridge][loadFile] nativeLoadFile returned
08-22 16:50:47.939 I/ReactNativeJS( 8531): '[INFO]', '[PlaybackTrace][JS][loadFile:return]', { resolvedPath: 'https://prod-1.storage.jamendo.com/?trackid=171&format=mp31&from=8CSIkMvwtD6jzKZ%2BPEaUMQ%3D%3D%7Cj5s5oI6ivq8l2vQOXyWixQ%3D%3D' }
08-22 16:50:47.942 I/MpvEvent( 8531): [PlaybackTrace][Native][eventLoop] event_id=2 error=0
08-22 16:50:48.027 I/MpvEvent( 8531): [PlaybackTrace][Native][eventLoop] event_id=7 error=0
08-22 16:50:48.027 E/MpvEvent( 8531): [PlaybackTrace][Native][eventLoop] MPV_EVENT_END_FILE reason=2 error=0
08-22 16:50:48.028 I/MpvEvent( 8531): [PlaybackTrace][Native][dispatch:event] name=endFile payload={"reason":2,"error":0}
08-22 16:50:48.049 I/MpvBridgeModule( 8531): [PlaybackTrace][Bridge][listener:event] name=endFile payload={"reason":2,"error":0}
08-22 16:50:48.052 I/MpvEvent( 8531): [PlaybackTrace][Native][eventLoop] event_id=6 error=0
08-22 16:50:48.053 I/MpvEvent( 8531): MPV_EVENT_START_FILE
08-22 16:50:48.054 I/MpvEvent( 8531): [PlaybackTrace][Native][eventLoop] event_id=2 error=0
08-22 16:50:48.054 I/MpvEvent( 8531): [PlaybackTrace][Native][mpv-log] prefix=cplayer level=v text=Opening failed or was aborted: https://prod-1.storage.jamendo.com/?trackid=171&format=mp31&from=8CSIkMvwtD6jzKZ%2BPEaUMQ%3D%3D%7Cj5s5oI6ivq8l2vQOXyWixQ%3D%3D
08-22 16:50:48.054 D/mpv     ( 8531): [cplayer] v: Opening failed or was aborted: https://prod-1.storage.jamendo.com/?trackid=171&format=mp31&from=8CSIkMvwtD6jzKZ%2BPEaUMQ%3D%3D%7Cj5s5oI6ivq8l2vQOXyWixQ%3D%3D
08-22 16:50:48.054 I/MpvEvent( 8531): [PlaybackTrace][Native][eventLoop] event_id=2 error=0
08-22 16:50:48.054 I/MpvEvent( 8531): [PlaybackTrace][Native][eventLoop] event_id=2 error=0
08-22 16:50:48.054 I/MpvEvent( 8531): [PlaybackTrace][Native][eventLoop] event_id=2 error=0
08-22 16:50:48.054 I/MpvEvent( 8531): [PlaybackTrace][Native][eventLoop] event_id=2 error=0
08-22 16:50:48.055 I/MpvEvent( 8531): [PlaybackTrace][Native][eventLoop] event_id=2 error=0
08-22 16:50:48.055 I/MpvEvent( 8531): [PlaybackTrace][Native][eventLoop] event_id=2 error=0
08-22 16:50:48.055 I/MpvEvent( 8531): [PlaybackTrace][Native][eventLoop] event_id=2 error=0
08-22 16:50:48.055 D/mpv     ( 8531): [ffmpeg] v: Opening https://prod-1.storage.jamendo.com/?trackid=171&format=mp31&from=8CSIkMvwtD6jzKZ%2BPEaUMQ%3D%3D%7Cj5s5oI6ivq8l2vQOXyWixQ%3D%3D
08-22 16:50:48.128 I/MpvEvent( 8531): [PlaybackTrace][Native][eventLoop] event_id=2 error=0
08-22 16:50:48.130 I/MpvEvent( 8531): [PlaybackTrace][Native][eventLoop] event_id=2 error=0
08-22 16:50:48.131 I/MpvEvent( 8531): [PlaybackTrace][Native][eventLoop] event_id=2 error=0
08-22 16:50:48.239 I/MpvEvent( 8531): [PlaybackTrace][Native][eventLoop] event_id=2 error=0
08-22 16:50:48.416 I/MpvEvent( 8531): [PlaybackTrace][Native][eventLoop] event_id=2 error=0
08-22 16:50:48.417 I/MpvEvent( 8531): [PlaybackTrace][Native][mpv-log] prefix=ffmpeg level=error text=tls: mbedtls_ssl_handshake returned -0x6600
08-22 16:50:48.417 D/mpv     ( 8531): [ffmpeg] error: tls: mbedtls_ssl_handshake returned -0x6600
08-22 16:50:48.417 E/MpvEvent( 8531): [PlaybackTrace][Native][dispatch:error] code=-1 message=tls: mbedtls_ssl_handshake returned -0x6600
08-22 16:50:48.417 E/MpvBridgeModule( 8531): [PlaybackTrace][Bridge][listener:error] code=-1 message=tls: mbedtls_ssl_handshake returned -0x6600
08-22 16:50:48.436 I/MpvEvent( 8531): [PlaybackTrace][Native][eventLoop] event_id=2 error=0
08-22 16:50:48.436 I/MpvEvent( 8531): [PlaybackTrace][Native][mpv-log] prefix=stream level=error text=Failed to open https://prod-1.storage.jamendo.com/?trackid=171&format=mp31&from=8CSIkMvwtD6jzKZ%2BPEaUMQ%3D%3D%7Cj5s5oI6ivq8l2vQOXyWixQ%3D%3D.
08-22 16:50:48.436 E/MpvEvent( 8531): [PlaybackTrace][Native][dispatch:error] code=-1 message=Failed to open https://prod-1.storage.jamendo.com/?trackid=171&format=mp31&from=8CSIkMvwtD6jzKZ%2BPEaUMQ%3D%3D%7Cj5s5oI6ivq8l2vQOXyWixQ%3D%3D.
08-22 16:50:48.438 E/MpvBridgeModule( 8531): [PlaybackTrace][Bridge][listener:error] code=-1 message=Failed to open https://prod-1.storage.jamendo.com/?trackid=171&format=mp31&from=8CSIkMvwtD6jzKZ%2BPEaUMQ%3D%3D%7Cj5s5oI6ivq8l2vQOXyWixQ%3D%3D.
08-22 16:50:48.442 I/MpvEvent( 8531): [PlaybackTrace][Native][eventLoop] event_id=2 error=0
08-22 16:50:48.442 I/MpvEvent( 8531): [PlaybackTrace][Native][mpv-log] prefix=cplayer level=v text=Opening failed or was aborted: https://prod-1.storage.jamendo.com/?trackid=171&format=mp31&from=8CSIkMvwtD6jzKZ%2BPEaUMQ%3D%3D%7Cj5s5oI6ivq8l2vQOXyWixQ%3D%3D
08-22 16:50:48.442 D/mpv     ( 8531): [cplayer] v: Opening failed or was aborted: https://prod-1.storage.jamendo.com/?trackid=171&format=mp31&from=8CSIkMvwtD6jzKZ%2BPEaUMQ%3D%3D%7Cj5s5oI6ivq8l2vQOXyWixQ%3D%3D
08-22 16:50:48.442 I/MpvEvent( 8531): [PlaybackTrace][Native][eventLoop] event_id=2 error=0
08-22 16:50:48.442 I/MpvEvent( 8531): [PlaybackTrace][Native][eventLoop] event_id=2 error=0
08-22 16:50:48.461 I/MpvEvent( 8531): [PlaybackTrace][Native][eventLoop] event_id=2 error=0
08-22 16:50:48.461 I/MpvEvent( 8531): [PlaybackTrace][Native][mpv-log] prefix=ytdl_hook level=error text=Subprocess failed: init
08-22 16:50:48.461 E/MpvEvent( 8531): [PlaybackTrace][Native][dispatch:error] code=-1 message=Subprocess failed: init
08-22 16:50:48.462 E/MpvBridgeModule( 8531): [PlaybackTrace][Bridge][listener:error] code=-1 message=Subprocess failed: init
08-22 16:50:48.463 I/MpvEvent( 8531): [PlaybackTrace][Native][eventLoop] event_id=7 error=0
08-22 16:50:48.463 E/MpvEvent( 8531): [PlaybackTrace][Native][eventLoop] MPV_EVENT_END_FILE reason=4 error=-13
08-22 16:50:48.464 I/MpvEvent( 8531): [PlaybackTrace][Native][dispatch:event] name=endFile payload={"reason":4,"error":-13}
08-22 16:50:48.464 I/MpvBridgeModule( 8531): [PlaybackTrace][Bridge][listener:event] name=endFile payload={"reason":4,"error":-13}
08-22 16:50:48.465 I/MpvEvent( 8531): [PlaybackTrace][Native][eventLoop] event_id=11 error=0
08-22 16:50:48.465 I/MpvEvent( 8531): [PlaybackTrace][Native][eventLoop] event_id=2 error=0
08-22 16:50:48.465 I/MpvEvent( 8531): [PlaybackTrace][Native][mpv-log] prefix=cplayer level=v text=Set property: user-data/mpv/ytdl/json-subprocess-result={"killed_by_us":false,"error_string":"init","status":-3,"stderr":"","stdout":""} -> 1
08-22 16:50:48.465 D/mpv     ( 8531): [cplayer] v: Set property: user-data/mpv/ytdl/json-subprocess-result={"killed_by_us":false,"error_string":"init","status":-3,"stderr":"","stdout":""} -> 1
08-22 16:50:48.465 I/MpvEvent( 8531): [PlaybackTrace][Native][eventLoop] event_id=2 error=0
08-22 16:50:48.465 I/MpvEvent( 8531): [PlaybackTrace][Native][eventLoop] event_id=2 error=0
08-22 16:50:48.465 I/MpvEvent( 8531): [PlaybackTrace][Native][eventLoop] event_id=2 error=0
08-22 16:50:48.465 I/MpvEvent( 8531): [PlaybackTrace][Native][eventLoop] event_id=2 error=0
08-22 16:50:48.465 I/MpvEvent( 8531): [PlaybackTrace][Native][eventLoop] event_id=2 error=0
08-22 16:50:48.466 I/MpvEvent( 8531): [PlaybackTrace][Native][mpv-log] prefix=ytdl_hook level=error text=
08-22 16:50:48.466 E/MpvEvent( 8531): [PlaybackTrace][Native][dispatch:error] code=-1 message=
08-22 16:50:48.466 E/MpvBridgeModule( 8531): [PlaybackTrace][Bridge][listener:error] code=-1 message=
08-22 16:50:48.467 I/MpvEvent( 8531): [PlaybackTrace][Native][eventLoop] event_id=2 error=0
08-22 16:50:48.467 I/MpvEvent( 8531): [PlaybackTrace][Native][mpv-log] prefix=ytdl_hook level=error text=youtube-dl failed: not found or not enough permissions
08-22 16:50:48.467 E/MpvEvent( 8531): [PlaybackTrace][Native][dispatch:error] code=-1 message=youtube-dl failed: not found or not enough permissions
08-22 16:50:48.467 E/MpvBridgeModule( 8531): [PlaybackTrace][Bridge][listener:error] code=-1 message=youtube-dl failed: not found or not enough permissions
08-22 16:50:48.468 I/MpvEvent( 8531): [PlaybackTrace][Native][eventLoop] event_id=2 error=0
08-22 16:50:48.468 I/MpvEvent( 8531): [PlaybackTrace][Native][mpv-log] prefix=cplayer level=v text=finished playback, loading failed (reason 4)
08-22 16:50:48.468 D/mpv     ( 8531): [cplayer] v: finished playback, loading failed (reason 4)
08-22 16:50:48.468 I/MpvEvent( 8531): [PlaybackTrace][Native][eventLoop] event_id=2 error=0
08-22 16:50:48.564 I/ReactNativeJS( 8531): '[INFO]', '[PlaybackTrace][JS][loadFile:call]', { requestedPath: 'https://prod-1.storage.jamendo.com/?trackid=171&format=mp31&from=8CSIkMvwtD6jzKZ%2BPEaUMQ%3D%3D%7Cj5s5oI6ivq8l2vQOXyWixQ%3D%3D',
08-22 16:50:48.564 I/ReactNativeJS( 8531): '[INFO]', '[PlaybackTrace][JS][loadFile:return]', { resolvedPath: 'https://prod-1.storage.jamendo.com/?trackid=171&format=mp31&from=8CSIkMvwtD6jzKZ%2BPEaUMQ%3D%3D%7Cj5s5oI6ivq8l2vQOXyWixQ%3D%3D' }
08-22 16:50:48.565 I/MpvBridgeModule( 8531): [PlaybackTrace][Bridge][loadFile] requested=https://prod-1.storage.jamendo.com/?trackid=171&format=mp31&from=8CSIkMvwtD6jzKZ%2BPEaUMQ%3D%3D%7Cj5s5oI6ivq8l2vQOXyWixQ%3D%3D resolved=https://prod-1.storage.jamendo.com/?trackid=171&format=mp31&from=8CSIkMvwtD6jzKZ%2BPEaUMQ%3D%3D%7Cj5s5oI6ivq8l2vQOXyWixQ%3D%3D ptr=131217388029824
08-22 16:50:48.565 I/MpvJNI  ( 8531): [PlaybackTrace][Native][loadFile] begin path=https://prod-1.storage.jamendo.com/?trackid=171&format=mp31&from=8CSIkMvwtD6jzKZ%2BPEaUMQ%3D%3D%7Cj5s5oI6ivq8l2vQOXyWixQ%3D%3D initialized=1
08-22 16:50:48.565 I/MpvJNI  ( 8531): [PlaybackTrace][Native][loadFile] loadfile command accepted result=0
08-22 16:50:48.565 I/MpvBridgeModule( 8531): [PlaybackTrace][Bridge][loadFile] nativeLoadFile returned
08-22 16:50:48.565 I/MpvEvent( 8531): [PlaybackTrace][Native][eventLoop] event_id=6 error=0
08-22 16:50:48.565 I/MpvEvent( 8531): MPV_EVENT_START_FILE
08-22 16:50:48.571 I/MpvEvent( 8531): [PlaybackTrace][Native][eventLoop] event_id=2 error=0
08-22 16:50:48.572 I/MpvEvent( 8531): [PlaybackTrace][Native][eventLoop] event_id=2 error=0
08-22 16:50:48.572 I/MpvEvent( 8531): [PlaybackTrace][Native][eventLoop] event_id=2 error=0
08-22 16:50:48.572 I/MpvEvent( 8531): [PlaybackTrace][Native][eventLoop] event_id=2 error=0
08-22 16:50:48.575 I/MpvEvent( 8531): [PlaybackTrace][Native][eventLoop] event_id=2 error=0
08-22 16:50:48.575 D/mpv     ( 8531): [ffmpeg] v: Opening https://prod-1.storage.jamendo.com/?trackid=171&format=mp31&from=8CSIkMvwtD6jzKZ%2BPEaUMQ%3D%3D%7Cj5s5oI6ivq8l2vQOXyWixQ%3D%3D
08-22 16:50:48.576 I/MpvEvent( 8531): [PlaybackTrace][Native][eventLoop] event_id=2 error=0
08-22 16:50:48.838 I/MpvEvent( 8531): [PlaybackTrace][Native][eventLoop] event_id=2 error=0
08-22 16:50:49.119 I/ReactNativeJS( 8531): '[INFO]', '[PlaybackTrace][JS][loadFile:call]', { requestedPath: 'https://prod-1.storage.jamendo.com/?trackid=171&format=mp31&from=8CSIkMvwtD6jzKZ%2BPEaUMQ%3D%3D%7Cj5s5oI6ivq8l2vQOXyWixQ%3D%3D',
08-22 16:50:49.120 I/ReactNativeJS( 8531): '[INFO]', '[PlaybackTrace][JS][loadFile:return]', { resolvedPath: 'https://prod-1.storage.jamendo.com/?trackid=171&format=mp31&from=8CSIkMvwtD6jzKZ%2BPEaUMQ%3D%3D%7Cj5s5oI6ivq8l2vQOXyWixQ%3D%3D' }
08-22 16:50:49.120 I/MpvBridgeModule( 8531): [PlaybackTrace][Bridge][loadFile] requested=https://prod-1.storage.jamendo.com/?trackid=171&format=mp31&from=8CSIkMvwtD6jzKZ%2BPEaUMQ%3D%3D%7Cj5s5oI6ivq8l2vQOXyWixQ%3D%3D resolved=https://prod-1.storage.jamendo.com/?trackid=171&format=mp31&from=8CSIkMvwtD6jzKZ%2BPEaUMQ%3D%3D%7Cj5s5oI6ivq8l2vQOXyWixQ%3D%3D ptr=131217388029824
08-22 16:50:49.121 I/MpvJNI  ( 8531): [PlaybackTrace][Native][loadFile] begin path=https://prod-1.storage.jamendo.com/?trackid=171&format=mp31&from=8CSIkMvwtD6jzKZ%2BPEaUMQ%3D%3D%7Cj5s5oI6ivq8l2vQOXyWixQ%3D%3D initialized=1
08-22 16:50:49.121 I/MpvJNI  ( 8531): [PlaybackTrace][Native][loadFile] loadfile command accepted result=0
08-22 16:50:49.121 I/MpvBridgeModule( 8531): [PlaybackTrace][Bridge][loadFile] nativeLoadFile returned
08-22 16:50:49.122 I/MpvEvent( 8531): [PlaybackTrace][Native][eventLoop] event_id=2 error=0
08-22 16:50:49.170 I/ReactNativeJS( 8531): '[INFO]', '[PlaybackTrace][JS][loadFile:call]', { requestedPath: 'https://prod-1.storage.jamendo.com/?trackid=171&format=mp31&from=8CSIkMvwtD6jzKZ%2BPEaUMQ%3D%3D%7Cj5s5oI6ivq8l2vQOXyWixQ%3D%3D',
08-22 16:50:49.170 I/ReactNativeJS( 8531): '[INFO]', '[PlaybackTrace][JS][loadFile:return]', { resolvedPath: 'https://prod-1.storage.jamendo.com/?trackid=171&format=mp31&from=8CSIkMvwtD6jzKZ%2BPEaUMQ%3D%3D%7Cj5s5oI6ivq8l2vQOXyWixQ%3D%3D' }
08-22 16:50:49.173 I/MpvBridgeModule( 8531): [PlaybackTrace][Bridge][loadFile] requested=https://prod-1.storage.jamendo.com/?trackid=171&format=mp31&from=8CSIkMvwtD6jzKZ%2BPEaUMQ%3D%3D%7Cj5s5oI6ivq8l2vQOXyWixQ%3D%3D resolved=https://prod-1.storage.jamendo.com/?trackid=171&format=mp31&from=8CSIkMvwtD6jzKZ%2BPEaUMQ%3D%3D%7Cj5s5oI6ivq8l2vQOXyWixQ%3D%3D ptr=131217388029824
08-22 16:50:49.173 I/MpvJNI  ( 8531): [PlaybackTrace][Native][loadFile] begin path=https://prod-1.storage.jamendo.com/?trackid=171&format=mp31&from=8CSIkMvwtD6jzKZ%2BPEaUMQ%3D%3D%7Cj5s5oI6ivq8l2vQOXyWixQ%3D%3D initialized=1
08-22 16:50:49.174 I/MpvJNI  ( 8531): [PlaybackTrace][Native][loadFile] loadfile command accepted result=0
08-22 16:50:49.174 I/MpvBridgeModule( 8531): [PlaybackTrace][Bridge][loadFile] nativeLoadFile returned
08-22 16:50:49.174 I/MpvEvent( 8531): [PlaybackTrace][Native][eventLoop] event_id=2 error=0
08-22 16:50:49.205 I/MpvEvent( 8531): [PlaybackTrace][Native][eventLoop] event_id=2 error=0
08-22 16:50:49.205 I/MpvEvent( 8531): [PlaybackTrace][Native][mpv-log] prefix=ffmpeg level=error text=tls: mbedtls_ssl_handshake returned -0x7280
08-22 16:50:49.205 D/mpv     ( 8531): [ffmpeg] error: tls: mbedtls_ssl_handshake returned -0x7280
08-22 16:50:49.205 E/MpvEvent( 8531): [PlaybackTrace][Native][dispatch:error] code=-1 message=tls: mbedtls_ssl_handshake returned -0x7280
08-22 16:50:49.206 E/MpvBridgeModule( 8531): [PlaybackTrace][Bridge][listener:error] code=-1 message=tls: mbedtls_ssl_handshake returned -0x7280
08-22 16:50:49.207 I/MpvEvent( 8531): [PlaybackTrace][Native][eventLoop] event_id=7 error=0
08-22 16:50:49.207 E/MpvEvent( 8531): [PlaybackTrace][Native][eventLoop] MPV_EVENT_END_FILE reason=2 error=0
08-22 16:50:49.207 I/MpvEvent( 8531): [PlaybackTrace][Native][dispatch:event] name=endFile payload={"reason":2,"error":0}
08-22 16:50:49.207 I/MpvBridgeModule( 8531): [PlaybackTrace][Bridge][listener:event] name=endFile payload={"reason":2,"error":0}
08-22 16:50:49.207 I/MpvEvent( 8531): [PlaybackTrace][Native][eventLoop] event_id=2 error=0
08-22 16:50:49.207 I/MpvEvent( 8531): [PlaybackTrace][Native][mpv-log] prefix=cplayer level=v text=Opening failed or was aborted: https://prod-1.storage.jamendo.com/?trackid=171&format=mp31&from=8CSIkMvwtD6jzKZ%2BPEaUMQ%3D%3D%7Cj5s5oI6ivq8l2vQOXyWixQ%3D%3D
08-22 16:50:49.207 D/mpv     ( 8531): [cplayer] v: Opening failed or was aborted: https://prod-1.storage.jamendo.com/?trackid=171&format=mp31&from=8CSIkMvwtD6jzKZ%2BPEaUMQ%3D%3D%7Cj5s5oI6ivq8l2vQOXyWixQ%3D%3D
08-22 16:50:49.207 I/MpvEvent( 8531): [PlaybackTrace][Native][eventLoop] event_id=2 error=0
08-22 16:50:49.208 I/MpvEvent( 8531): [PlaybackTrace][Native][eventLoop] event_id=2 error=0
08-22 16:50:49.208 I/MpvEvent( 8531): [PlaybackTrace][Native][eventLoop] event_id=6 error=0
08-22 16:50:49.208 I/MpvEvent( 8531): MPV_EVENT_START_FILE
08-22 16:50:49.209 I/MpvEvent( 8531): [PlaybackTrace][Native][eventLoop] event_id=2 error=0
08-22 16:50:49.209 I/MpvEvent( 8531): [PlaybackTrace][Native][eventLoop] event_id=2 error=0
08-22 16:50:49.209 I/MpvEvent( 8531): [PlaybackTrace][Native][eventLoop] event_id=2 error=0
08-22 16:50:49.210 I/MpvEvent( 8531): [PlaybackTrace][Native][eventLoop] event_id=2 error=0
08-22 16:50:49.210 I/MpvEvent( 8531): [PlaybackTrace][Native][eventLoop] event_id=2 error=0
08-22 16:50:49.210 D/mpv     ( 8531): [ffmpeg] v: Opening https://prod-1.storage.jamendo.com/?trackid=171&format=mp31&from=8CSIkMvwtD6jzKZ%2BPEaUMQ%3D%3D%7Cj5s5oI6ivq8l2vQOXyWixQ%3D%3D
08-22 16:50:49.386 I/MpvEvent( 8531): [PlaybackTrace][Native][eventLoop] event_id=2 error=0
08-22 16:50:49.420 I/ReactNativeJS( 8531): '[INFO]', '[PlaybackTrace][JS][loadFile:call]', { requestedPath: 'https://prod-1.storage.jamendo.com/?trackid=171&format=mp31&from=8CSIkMvwtD6jzKZ%2BPEaUMQ%3D%3D%7Cj5s5oI6ivq8l2vQOXyWixQ%3D%3D',
08-22 16:50:49.420 I/MpvBridgeModule( 8531): [PlaybackTrace][Bridge][loadFile] requested=https://prod-1.storage.jamendo.com/?trackid=171&format=mp31&from=8CSIkMvwtD6jzKZ%2BPEaUMQ%3D%3D%7Cj5s5oI6ivq8l2vQOXyWixQ%3D%3D resolved=https://prod-1.storage.jamendo.com/?trackid=171&format=mp31&from=8CSIkMvwtD6jzKZ%2BPEaUMQ%3D%3D%7Cj5s5oI6ivq8l2vQOXyWixQ%3D%3D ptr=131217388029824
08-22 16:50:49.420 I/MpvJNI  ( 8531): [PlaybackTrace][Native][loadFile] begin path=https://prod-1.storage.jamendo.com/?trackid=171&format=mp31&from=8CSIkMvwtD6jzKZ%2BPEaUMQ%3D%3D%7Cj5s5oI6ivq8l2vQOXyWixQ%3D%3D initialized=1
08-22 16:50:49.421 I/MpvJNI  ( 8531): [PlaybackTrace][Native][loadFile] loadfile command accepted result=0
08-22 16:50:49.421 I/MpvBridgeModule( 8531): [PlaybackTrace][Bridge][loadFile] nativeLoadFile returned
08-22 16:50:49.421 I/ReactNativeJS( 8531): '[INFO]', '[PlaybackTrace][JS][loadFile:return]', { resolvedPath: 'https://prod-1.storage.jamendo.com/?trackid=171&format=mp31&from=8CSIkMvwtD6jzKZ%2BPEaUMQ%3D%3D%7Cj5s5oI6ivq8l2vQOXyWixQ%3D%3D' }
08-22 16:50:49.423 I/MpvEvent( 8531): [PlaybackTrace][Native][eventLoop] event_id=2 error=0
08-22 16:50:49.436 I/MpvEvent( 8531): [PlaybackTrace][Native][eventLoop] event_id=2 error=0
08-22 16:50:49.503 I/MpvEvent( 8531): [PlaybackTrace][Native][eventLoop] event_id=2 error=0
08-22 16:50:49.503 I/MpvEvent( 8531): [PlaybackTrace][Native][mpv-log] prefix=ffmpeg level=error text=tls: mbedtls_ssl_handshake returned -0x7280
08-22 16:50:49.503 D/mpv     ( 8531): [ffmpeg] error: tls: mbedtls_ssl_handshake returned -0x7280
08-22 16:50:49.503 E/MpvEvent( 8531): [PlaybackTrace][Native][dispatch:error] code=-1 message=tls: mbedtls_ssl_handshake returned -0x7280
08-22 16:50:49.504 E/MpvBridgeModule( 8531): [PlaybackTrace][Bridge][listener:error] code=-1 message=tls: mbedtls_ssl_handshake returned -0x7280
08-22 16:50:49.506 I/MpvEvent( 8531): [PlaybackTrace][Native][eventLoop] event_id=7 error=0
08-22 16:50:49.506 E/MpvEvent( 8531): [PlaybackTrace][Native][eventLoop] MPV_EVENT_END_FILE reason=2 error=0
08-22 16:50:49.506 I/MpvEvent( 8531): [PlaybackTrace][Native][dispatch:event] name=endFile payload={"reason":2,"error":0}
08-22 16:50:49.506 I/MpvBridgeModule( 8531): [PlaybackTrace][Bridge][listener:event] name=endFile payload={"reason":2,"error":0}
08-22 16:50:49.507 I/MpvEvent( 8531): [PlaybackTrace][Native][eventLoop] event_id=6 error=0
08-22 16:50:49.507 I/MpvEvent( 8531): MPV_EVENT_START_FILE
08-22 16:50:49.509 I/MpvEvent( 8531): [PlaybackTrace][Native][eventLoop] event_id=2 error=0
08-22 16:50:49.509 I/MpvEvent( 8531): [PlaybackTrace][Native][mpv-log] prefix=cplayer level=v text=Opening failed or was aborted: https://prod-1.storage.jamendo.com/?trackid=171&format=mp31&from=8CSIkMvwtD6jzKZ%2BPEaUMQ%3D%3D%7Cj5s5oI6ivq8l2vQOXyWixQ%3D%3D
08-22 16:50:49.509 D/mpv     ( 8531): [cplayer] v: Opening failed or was aborted: https://prod-1.storage.jamendo.com/?trackid=171&format=mp31&from=8CSIkMvwtD6jzKZ%2BPEaUMQ%3D%3D%7Cj5s5oI6ivq8l2vQOXyWixQ%3D%3D
08-22 16:50:49.509 I/MpvEvent( 8531): [PlaybackTrace][Native][eventLoop] event_id=2 error=0
08-22 16:50:49.509 I/MpvEvent( 8531): [PlaybackTrace][Native][eventLoop] event_id=2 error=0
08-22 16:50:49.509 I/MpvEvent( 8531): [PlaybackTrace][Native][eventLoop] event_id=2 error=0
08-22 16:50:49.509 I/MpvEvent( 8531): [PlaybackTrace][Native][eventLoop] event_id=2 error=0
08-22 16:50:49.509 I/MpvEvent( 8531): [PlaybackTrace][Native][eventLoop] event_id=2 error=0
08-22 16:50:49.509 I/MpvEvent( 8531): [PlaybackTrace][Native][eventLoop] event_id=2 error=0
08-22 16:50:49.509 I/MpvEvent( 8531): [PlaybackTrace][Native][eventLoop] event_id=2 error=0
08-22 16:50:49.509 D/mpv     ( 8531): [ffmpeg] v: Opening https://prod-1.storage.jamendo.com/?trackid=171&format=mp31&from=8CSIkMvwtD6jzKZ%2BPEaUMQ%3D%3D%7Cj5s5oI6ivq8l2vQOXyWixQ%3D%3D
08-22 16:50:49.687 I/MpvEvent( 8531): [PlaybackTrace][Native][eventLoop] event_id=2 error=0
08-22 16:50:49.906 I/MpvEvent( 8531): [PlaybackTrace][Native][eventLoop] event_id=2 error=0
08-22 16:50:49.906 I/MpvEvent( 8531): [PlaybackTrace][Native][mpv-log] prefix=ffmpeg level=error text=tls: mbedtls_ssl_handshake returned -0x6600
08-22 16:50:49.907 D/mpv     ( 8531): [ffmpeg] error: tls: mbedtls_ssl_handshake returned -0x6600
08-22 16:50:49.907 E/MpvEvent( 8531): [PlaybackTrace][Native][dispatch:error] code=-1 message=tls: mbedtls_ssl_handshake returned -0x6600
08-22 16:50:49.907 E/MpvBridgeModule( 8531): [PlaybackTrace][Bridge][listener:error] code=-1 message=tls: mbedtls_ssl_handshake returned -0x6600
08-22 16:50:49.928 I/MpvEvent( 8531): [PlaybackTrace][Native][eventLoop] event_id=2 error=0
08-22 16:50:49.928 I/MpvEvent( 8531): [PlaybackTrace][Native][mpv-log] prefix=stream level=error text=Failed to open https://prod-1.storage.jamendo.com/?trackid=171&format=mp31&from=8CSIkMvwtD6jzKZ%2BPEaUMQ%3D%3D%7Cj5s5oI6ivq8l2vQOXyWixQ%3D%3D.
08-22 16:50:49.928 E/MpvEvent( 8531): [PlaybackTrace][Native][dispatch:error] code=-1 message=Failed to open https://prod-1.storage.jamendo.com/?trackid=171&format=mp31&from=8CSIkMvwtD6jzKZ%2BPEaUMQ%3D%3D%7Cj5s5oI6ivq8l2vQOXyWixQ%3D%3D.
08-22 16:50:49.929 E/MpvBridgeModule( 8531): [PlaybackTrace][Bridge][listener:error] code=-1 message=Failed to open https://prod-1.storage.jamendo.com/?trackid=171&format=mp31&from=8CSIkMvwtD6jzKZ%2BPEaUMQ%3D%3D%7Cj5s5oI6ivq8l2vQOXyWixQ%3D%3D.
08-22 16:50:49.929 I/MpvEvent( 8531): [PlaybackTrace][Native][eventLoop] event_id=2 error=0
08-22 16:50:49.930 I/MpvEvent( 8531): [PlaybackTrace][Native][mpv-log] prefix=cplayer level=v text=Opening failed or was aborted: https://prod-1.storage.jamendo.com/?trackid=171&format=mp31&from=8CSIkMvwtD6jzKZ%2BPEaUMQ%3D%3D%7Cj5s5oI6ivq8l2vQOXyWixQ%3D%3D
08-22 16:50:49.930 D/mpv     ( 8531): [cplayer] v: Opening failed or was aborted: https://prod-1.storage.jamendo.com/?trackid=171&format=mp31&from=8CSIkMvwtD6jzKZ%2BPEaUMQ%3D%3D%7Cj5s5oI6ivq8l2vQOXyWixQ%3D%3D
08-22 16:50:49.930 I/MpvEvent( 8531): [PlaybackTrace][Native][eventLoop] event_id=2 error=0
08-22 16:50:49.930 I/MpvEvent( 8531): [PlaybackTrace][Native][eventLoop] event_id=2 error=0
08-22 16:50:49.951 I/MpvEvent( 8531): [PlaybackTrace][Native][eventLoop] event_id=2 error=0
08-22 16:50:49.951 I/MpvEvent( 8531): [PlaybackTrace][Native][mpv-log] prefix=ytdl_hook level=error text=Subprocess failed: init
08-22 16:50:49.951 E/MpvEvent( 8531): [PlaybackTrace][Native][dispatch:error] code=-1 message=Subprocess failed: init
08-22 16:50:49.951 E/MpvBridgeModule( 8531): [PlaybackTrace][Bridge][listener:error] code=-1 message=Subprocess failed: init
08-22 16:50:49.952 I/MpvEvent( 8531): [PlaybackTrace][Native][eventLoop] event_id=7 error=0
08-22 16:50:49.952 E/MpvEvent( 8531): [PlaybackTrace][Native][eventLoop] MPV_EVENT_END_FILE reason=4 error=-13
08-22 16:50:49.952 I/MpvEvent( 8531): [PlaybackTrace][Native][dispatch:event] name=endFile payload={"reason":4,"error":-13}
08-22 16:50:49.954 I/MpvBridgeModule( 8531): [PlaybackTrace][Bridge][listener:event] name=endFile payload={"reason":4,"error":-13}
08-22 16:50:49.956 I/MpvEvent( 8531): [PlaybackTrace][Native][eventLoop] event_id=11 error=0
08-22 16:50:49.956 I/MpvEvent( 8531): [PlaybackTrace][Native][eventLoop] event_id=2 error=0
08-22 16:50:49.956 I/MpvEvent( 8531): [PlaybackTrace][Native][mpv-log] prefix=cplayer level=v text=Set property: user-data/mpv/ytdl/json-subprocess-result={"killed_by_us":false,"error_string":"init","status":-3,"stderr":"","stdout":""} -> 1
08-22 16:50:49.956 D/mpv     ( 8531): [cplayer] v: Set property: user-data/mpv/ytdl/json-subprocess-result={"killed_by_us":false,"error_string":"init","status":-3,"stderr":"","stdout":""} -> 1
08-22 16:50:49.956 I/MpvEvent( 8531): [PlaybackTrace][Native][eventLoop] event_id=2 error=0
08-22 16:50:49.956 I/MpvEvent( 8531): [PlaybackTrace][Native][eventLoop] event_id=2 error=0
08-22 16:50:49.956 I/MpvEvent( 8531): [PlaybackTrace][Native][eventLoop] event_id=2 error=0
08-22 16:50:49.956 I/MpvEvent( 8531): [PlaybackTrace][Native][eventLoop] event_id=2 error=0
08-22 16:50:49.956 I/MpvEvent( 8531): [PlaybackTrace][Native][eventLoop] event_id=2 error=0
08-22 16:50:49.956 I/MpvEvent( 8531): [PlaybackTrace][Native][mpv-log] prefix=ytdl_hook level=error text=
08-22 16:50:49.956 E/MpvEvent( 8531): [PlaybackTrace][Native][dispatch:error] code=-1 message=
08-22 16:50:49.956 E/MpvBridgeModule( 8531): [PlaybackTrace][Bridge][listener:error] code=-1 message=
08-22 16:50:49.957 I/MpvEvent( 8531): [PlaybackTrace][Native][eventLoop] event_id=2 error=0
08-22 16:50:49.957 I/MpvEvent( 8531): [PlaybackTrace][Native][mpv-log] prefix=ytdl_hook level=error text=youtube-dl failed: not found or not enough permissions
08-22 16:50:49.957 E/MpvEvent( 8531): [PlaybackTrace][Native][dispatch:error] code=-1 message=youtube-dl failed: not found or not enough permissions
08-22 16:50:49.957 E/MpvBridgeModule( 8531): [PlaybackTrace][Bridge][listener:error] code=-1 message=youtube-dl failed: not found or not enough permissions
08-22 16:50:49.958 I/MpvEvent( 8531): [PlaybackTrace][Native][eventLoop] event_id=2 error=0
08-22 16:50:49.958 I/MpvEvent( 8531): [PlaybackTrace][Native][mpv-log] prefix=cplayer level=v text=finished playback, loading failed (reason 4)
08-22 16:50:49.958 D/mpv     ( 8531): [cplayer] v: finished playback, loading failed (reason 4)
08-22 16:50:49.958 I/MpvEvent( 8531): [PlaybackTrace][Native][eventLoop] event_id=2 error=0
08-22 16:50:50.071 I/ReactNativeJS( 8531): '[INFO]', '[PlaybackTrace][JS][loadFile:call]', { requestedPath: 'https://prod-1.storage.jamendo.com/?trackid=171&format=mp31&from=8CSIkMvwtD6jzKZ%2BPEaUMQ%3D%3D%7Cj5s5oI6ivq8l2vQOXyWixQ%3D%3D',
08-22 16:50:50.072 I/MpvBridgeModule( 8531): [PlaybackTrace][Bridge][loadFile] requested=https://prod-1.storage.jamendo.com/?trackid=171&format=mp31&from=8CSIkMvwtD6jzKZ%2BPEaUMQ%3D%3D%7Cj5s5oI6ivq8l2vQOXyWixQ%3D%3D resolved=https://prod-1.storage.jamendo.com/?trackid=171&format=mp31&from=8CSIkMvwtD6jzKZ%2BPEaUMQ%3D%3D%7Cj5s5oI6ivq8l2vQOXyWixQ%3D%3D ptr=131217388029824
08-22 16:50:50.072 I/MpvJNI  ( 8531): [PlaybackTrace][Native][loadFile] begin path=https://prod-1.storage.jamendo.com/?trackid=171&format=mp31&from=8CSIkMvwtD6jzKZ%2BPEaUMQ%3D%3D%7Cj5s5oI6ivq8l2vQOXyWixQ%3D%3D initialized=1
08-22 16:50:50.072 I/MpvJNI  ( 8531): [PlaybackTrace][Native][loadFile] loadfile command accepted result=0
08-22 16:50:50.072 I/MpvBridgeModule( 8531): [PlaybackTrace][Bridge][loadFile] nativeLoadFile returned
08-22 16:50:50.072 I/ReactNativeJS( 8531): '[INFO]', '[PlaybackTrace][JS][loadFile:return]', { resolvedPath: 'https://prod-1.storage.jamendo.com/?trackid=171&format=mp31&from=8CSIkMvwtD6jzKZ%2BPEaUMQ%3D%3D%7Cj5s5oI6ivq8l2vQOXyWixQ%3D%3D' }
08-22 16:50:50.074 I/MpvEvent( 8531): [PlaybackTrace][Native][eventLoop] event_id=6 error=0
08-22 16:50:50.074 I/MpvEvent( 8531): MPV_EVENT_START_FILE
08-22 16:50:50.078 I/MpvEvent( 8531): [PlaybackTrace][Native][eventLoop] event_id=2 error=0
08-22 16:50:50.078 I/MpvEvent( 8531): [PlaybackTrace][Native][eventLoop] event_id=2 error=0
08-22 16:50:50.078 I/MpvEvent( 8531): [PlaybackTrace][Native][eventLoop] event_id=2 error=0
08-22 16:50:50.079 I/MpvEvent( 8531): [PlaybackTrace][Native][eventLoop] event_id=2 error=0
08-22 16:50:50.079 I/MpvEvent( 8531): [PlaybackTrace][Native][eventLoop] event_id=2 error=0
08-22 16:50:50.080 I/MpvEvent( 8531): [PlaybackTrace][Native][eventLoop] event_id=2 error=0
08-22 16:50:50.080 D/mpv     ( 8531): [ffmpeg] v: Opening https://prod-1.storage.jamendo.com/?trackid=171&format=mp31&from=8CSIkMvwtD6jzKZ%2BPEaUMQ%3D%3D%7Cj5s5oI6ivq8l2vQOXyWixQ%3D%3D
08-22 16:50:50.107 I/ReactNativeJS( 8531): '[INFO]', '[PlaybackTrace][JS][loadFile:call]', { requestedPath: 'https://prod-1.storage.jamendo.com/?trackid=171&format=mp31&from=8CSIkMvwtD6jzKZ%2BPEaUMQ%3D%3D%7Cj5s5oI6ivq8l2vQOXyWixQ%3D%3D',
08-22 16:50:50.107 I/MpvBridgeModule( 8531): [PlaybackTrace][Bridge][loadFile] requested=https://prod-1.storage.jamendo.com/?trackid=171&format=mp31&from=8CSIkMvwtD6jzKZ%2BPEaUMQ%3D%3D%7Cj5s5oI6ivq8l2vQOXyWixQ%3D%3D resolved=https://prod-1.storage.jamendo.com/?trackid=171&format=mp31&from=8CSIkMvwtD6jzKZ%2BPEaUMQ%3D%3D%7Cj5s5oI6ivq8l2vQOXyWixQ%3D%3D ptr=131217388029824
08-22 16:50:50.108 I/MpvJNI  ( 8531): [PlaybackTrace][Native][loadFile] begin path=https://prod-1.storage.jamendo.com/?trackid=171&format=mp31&from=8CSIkMvwtD6jzKZ%2BPEaUMQ%3D%3D%7Cj5s5oI6ivq8l2vQOXyWixQ%3D%3D initialized=1
08-22 16:50:50.108 I/MpvJNI  ( 8531): [PlaybackTrace][Native][loadFile] loadfile command accepted result=0
08-22 16:50:50.108 I/MpvBridgeModule( 8531): [PlaybackTrace][Bridge][loadFile] nativeLoadFile returned
08-22 16:50:50.108 I/ReactNativeJS( 8531): '[INFO]', '[PlaybackTrace][JS][loadFile:return]', { resolvedPath: 'https://prod-1.storage.jamendo.com/?trackid=171&format=mp31&from=8CSIkMvwtD6jzKZ%2BPEaUMQ%3D%3D%7Cj5s5oI6ivq8l2vQOXyWixQ%3D%3D' }
08-22 16:50:50.110 I/MpvEvent( 8531): [PlaybackTrace][Native][eventLoop] event_id=2 error=0
08-22 16:50:50.185 I/MpvEvent( 8531): [PlaybackTrace][Native][eventLoop] event_id=2 error=0
08-22 16:50:50.185 I/MpvEvent( 8531): [PlaybackTrace][Native][mpv-log] prefix=cplayer level=v text=Opening failed or was aborted: https://prod-1.storage.jamendo.com/?trackid=171&format=mp31&from=8CSIkMvwtD6jzKZ%2BPEaUMQ%3D%3D%7Cj5s5oI6ivq8l2vQOXyWixQ%3D%3D
08-22 16:50:50.185 D/mpv     ( 8531): [cplayer] v: Opening failed or was aborted: https://prod-1.storage.jamendo.com/?trackid=171&format=mp31&from=8CSIkMvwtD6jzKZ%2BPEaUMQ%3D%3D%7Cj5s5oI6ivq8l2vQOXyWixQ%3D%3D
08-22 16:50:50.186 I/MpvEvent( 8531): [PlaybackTrace][Native][eventLoop] event_id=7 error=0
08-22 16:50:50.186 E/MpvEvent( 8531): [PlaybackTrace][Native][eventLoop] MPV_EVENT_END_FILE reason=2 error=0
08-22 16:50:50.186 I/MpvEvent( 8531): [PlaybackTrace][Native][dispatch:event] name=endFile payload={"reason":2,"error":0}
08-22 16:50:50.186 I/MpvBridgeModule( 8531): [PlaybackTrace][Bridge][listener:event] name=endFile payload={"reason":2,"error":0}
08-22 16:50:50.187 I/MpvEvent( 8531): [PlaybackTrace][Native][eventLoop] event_id=6 error=0
08-22 16:50:50.187 I/MpvEvent( 8531): MPV_EVENT_START_FILE
08-22 16:50:50.188 I/MpvEvent( 8531): [PlaybackTrace][Native][eventLoop] event_id=2 error=0
08-22 16:50:50.189 I/MpvEvent( 8531): [PlaybackTrace][Native][eventLoop] event_id=2 error=0
08-22 16:50:50.189 I/MpvEvent( 8531): [PlaybackTrace][Native][eventLoop] event_id=2 error=0
08-22 16:50:50.189 I/MpvEvent( 8531): [PlaybackTrace][Native][eventLoop] event_id=2 error=0
08-22 16:50:50.189 I/MpvEvent( 8531): [PlaybackTrace][Native][eventLoop] event_id=2 error=0
08-22 16:50:50.189 I/MpvEvent( 8531): [PlaybackTrace][Native][eventLoop] event_id=2 error=0
08-22 16:50:50.190 I/MpvEvent( 8531): [PlaybackTrace][Native][eventLoop] event_id=2 error=0
08-22 16:50:50.190 D/mpv     ( 8531): [ffmpeg] v: Opening https://prod-1.storage.jamendo.com/?trackid=171&format=mp31&from=8CSIkMvwtD6jzKZ%2BPEaUMQ%3D%3D%7Cj5s5oI6ivq8l2vQOXyWixQ%3D%3D
08-22 16:50:50.336 I/MpvEvent( 8531): [PlaybackTrace][Native][eventLoop] event_id=2 error=0
08-22 16:50:50.369 I/MpvEvent( 8531): [PlaybackTrace][Native][eventLoop] event_id=2 error=0
08-22 16:50:50.638 I/ReactNativeJS( 8531): '[INFO]', '[PlaybackTrace][JS][loadFile:call]', { requestedPath: 'https://prod-1.storage.jamendo.com/?trackid=171&format=mp31&from=8CSIkMvwtD6jzKZ%2BPEaUMQ%3D%3D%7Cj5s5oI6ivq8l2vQOXyWixQ%3D%3D',
08-22 16:50:50.639 I/MpvBridgeModule( 8531): [PlaybackTrace][Bridge][loadFile] requested=https://prod-1.storage.jamendo.com/?trackid=171&format=mp31&from=8CSIkMvwtD6jzKZ%2BPEaUMQ%3D%3D%7Cj5s5oI6ivq8l2vQOXyWixQ%3D%3D resolved=https://prod-1.storage.jamendo.com/?trackid=171&format=mp31&from=8CSIkMvwtD6jzKZ%2BPEaUMQ%3D%3D%7Cj5s5oI6ivq8l2vQOXyWixQ%3D%3D ptr=131217388029824
08-22 16:50:50.639 I/MpvJNI  ( 8531): [PlaybackTrace][Native][loadFile] begin path=https://prod-1.storage.jamendo.com/?trackid=171&format=mp31&from=8CSIkMvwtD6jzKZ%2BPEaUMQ%3D%3D%7Cj5s5oI6ivq8l2vQOXyWixQ%3D%3D initialized=1
08-22 16:50:50.639 I/MpvJNI  ( 8531): [PlaybackTrace][Native][loadFile] loadfile command accepted result=0
08-22 16:50:50.639 I/MpvBridgeModule( 8531): [PlaybackTrace][Bridge][loadFile] nativeLoadFile returned
08-22 16:50:50.639 I/ReactNativeJS( 8531): '[INFO]', '[PlaybackTrace][JS][loadFile:return]', { resolvedPath: 'https://prod-1.storage.jamendo.com/?trackid=171&format=mp31&from=8CSIkMvwtD6jzKZ%2BPEaUMQ%3D%3D%7Cj5s5oI6ivq8l2vQOXyWixQ%3D%3D' }
08-22 16:50:50.641 I/MpvEvent( 8531): [PlaybackTrace][Native][eventLoop] event_id=2 error=0
08-22 16:50:50.729 I/MpvEvent( 8531): [PlaybackTrace][Native][eventLoop] event_id=2 error=0
08-22 16:50:50.729 I/MpvEvent( 8531): [PlaybackTrace][Native][mpv-log] prefix=ffmpeg level=error text=tls: mbedtls_ssl_handshake returned -0x7280
08-22 16:50:50.729 D/mpv     ( 8531): [ffmpeg] error: tls: mbedtls_ssl_handshake returned -0x7280
08-22 16:50:50.729 E/MpvEvent( 8531): [PlaybackTrace][Native][dispatch:error] code=-1 message=tls: mbedtls_ssl_handshake returned -0x7280
08-22 16:50:50.729 E/MpvBridgeModule( 8531): [PlaybackTrace][Bridge][listener:error] code=-1 message=tls: mbedtls_ssl_handshake returned -0x7280
08-22 16:50:50.732 I/MpvEvent( 8531): [PlaybackTrace][Native][eventLoop] event_id=7 error=0
08-22 16:50:50.732 E/MpvEvent( 8531): [PlaybackTrace][Native][eventLoop] MPV_EVENT_END_FILE reason=2 error=0
08-22 16:50:50.732 I/MpvEvent( 8531): [PlaybackTrace][Native][dispatch:event] name=endFile payload={"reason":2,"error":0}
08-22 16:50:50.733 I/MpvBridgeModule( 8531): [PlaybackTrace][Bridge][listener:event] name=endFile payload={"reason":2,"error":0}
08-22 16:50:50.734 I/MpvEvent( 8531): [PlaybackTrace][Native][eventLoop] event_id=6 error=0
08-22 16:50:50.734 I/MpvEvent( 8531): MPV_EVENT_START_FILE
08-22 16:50:50.735 I/MpvEvent( 8531): [PlaybackTrace][Native][eventLoop] event_id=2 error=0
08-22 16:50:50.735 I/MpvEvent( 8531): [PlaybackTrace][Native][mpv-log] prefix=cplayer level=v text=Opening failed or was aborted: https://prod-1.storage.jamendo.com/?trackid=171&format=mp31&from=8CSIkMvwtD6jzKZ%2BPEaUMQ%3D%3D%7Cj5s5oI6ivq8l2vQOXyWixQ%3D%3D
08-22 16:50:50.735 D/mpv     ( 8531): [cplayer] v: Opening failed or was aborted: https://prod-1.storage.jamendo.com/?trackid=171&format=mp31&from=8CSIkMvwtD6jzKZ%2BPEaUMQ%3D%3D%7Cj5s5oI6ivq8l2vQOXyWixQ%3D%3D
08-22 16:50:50.735 I/MpvEvent( 8531): [PlaybackTrace][Native][eventLoop] event_id=2 error=0
08-22 16:50:50.735 I/MpvEvent( 8531): [PlaybackTrace][Native][eventLoop] event_id=2 error=0
08-22 16:50:50.735 I/MpvEvent( 8531): [PlaybackTrace][Native][eventLoop] event_id=2 error=0
08-22 16:50:50.735 I/MpvEvent( 8531): [PlaybackTrace][Native][eventLoop] event_id=2 error=0
08-22 16:50:50.735 I/MpvEvent( 8531): [PlaybackTrace][Native][eventLoop] event_id=2 error=0
08-22 16:50:50.735 I/MpvEvent( 8531): [PlaybackTrace][Native][eventLoop] event_id=2 error=0
08-22 16:50:50.735 I/MpvEvent( 8531): [PlaybackTrace][Native][eventLoop] event_id=2 error=0
08-22 16:50:50.735 D/mpv     ( 8531): [ffmpeg] v: Opening https://prod-1.storage.jamendo.com/?trackid=171&format=mp31&from=8CSIkMvwtD6jzKZ%2BPEaUMQ%3D%3D%7Cj5s5oI6ivq8l2vQOXyWixQ%3D%3D
08-22 16:50:50.903 I/MpvEvent( 8531): [PlaybackTrace][Native][eventLoop] event_id=2 error=0
08-22 16:50:51.112 I/MpvEvent( 8531): [PlaybackTrace][Native][eventLoop] event_id=2 error=0
08-22 16:50:51.112 I/MpvEvent( 8531): [PlaybackTrace][Native][mpv-log] prefix=ffmpeg level=error text=tls: mbedtls_ssl_handshake returned -0x6600
08-22 16:50:51.112 D/mpv     ( 8531): [ffmpeg] error: tls: mbedtls_ssl_handshake returned -0x6600
08-22 16:50:51.113 E/MpvEvent( 8531): [PlaybackTrace][Native][dispatch:error] code=-1 message=tls: mbedtls_ssl_handshake returned -0x6600
08-22 16:50:51.113 E/MpvBridgeModule( 8531): [PlaybackTrace][Bridge][listener:error] code=-1 message=tls: mbedtls_ssl_handshake returned -0x6600
08-22 16:50:51.131 I/MpvEvent( 8531): [PlaybackTrace][Native][eventLoop] event_id=2 error=0
08-22 16:50:51.131 I/MpvEvent( 8531): [PlaybackTrace][Native][mpv-log] prefix=stream level=error text=Failed to open https://prod-1.storage.jamendo.com/?trackid=171&format=mp31&from=8CSIkMvwtD6jzKZ%2BPEaUMQ%3D%3D%7Cj5s5oI6ivq8l2vQOXyWixQ%3D%3D.
08-22 16:50:51.131 E/MpvEvent( 8531): [PlaybackTrace][Native][dispatch:error] code=-1 message=Failed to open https://prod-1.storage.jamendo.com/?trackid=171&format=mp31&from=8CSIkMvwtD6jzKZ%2BPEaUMQ%3D%3D%7Cj5s5oI6ivq8l2vQOXyWixQ%3D%3D.
08-22 16:50:51.133 E/MpvBridgeModule( 8531): [PlaybackTrace][Bridge][listener:error] code=-1 message=Failed to open https://prod-1.storage.jamendo.com/?trackid=171&format=mp31&from=8CSIkMvwtD6jzKZ%2BPEaUMQ%3D%3D%7Cj5s5oI6ivq8l2vQOXyWixQ%3D%3D.
08-22 16:50:51.136 I/MpvEvent( 8531): [PlaybackTrace][Native][eventLoop] event_id=2 error=0
08-22 16:50:51.136 I/MpvEvent( 8531): [PlaybackTrace][Native][mpv-log] prefix=cplayer level=v text=Opening failed or was aborted: https://prod-1.storage.jamendo.com/?trackid=171&format=mp31&from=8CSIkMvwtD6jzKZ%2BPEaUMQ%3D%3D%7Cj5s5oI6ivq8l2vQOXyWixQ%3D%3D
08-22 16:50:51.136 D/mpv     ( 8531): [cplayer] v: Opening failed or was aborted: https://prod-1.storage.jamendo.com/?trackid=171&format=mp31&from=8CSIkMvwtD6jzKZ%2BPEaUMQ%3D%3D%7Cj5s5oI6ivq8l2vQOXyWixQ%3D%3D
08-22 16:50:51.136 I/MpvEvent( 8531): [PlaybackTrace][Native][eventLoop] event_id=2 error=0
08-22 16:50:51.136 I/MpvEvent( 8531): [PlaybackTrace][Native][eventLoop] event_id=2 error=0
08-22 16:50:51.173 I/MpvEvent( 8531): [PlaybackTrace][Native][eventLoop] event_id=2 error=0
08-22 16:50:51.173 I/MpvEvent( 8531): [PlaybackTrace][Native][mpv-log] prefix=ytdl_hook level=error text=Subprocess failed: init
08-22 16:50:51.173 E/MpvEvent( 8531): [PlaybackTrace][Native][dispatch:error] code=-1 message=Subprocess failed: init
08-22 16:50:51.173 E/MpvBridgeModule( 8531): [PlaybackTrace][Bridge][listener:error] code=-1 message=Subprocess failed: init
08-22 16:50:51.174 I/MpvEvent( 8531): [PlaybackTrace][Native][eventLoop] event_id=7 error=0
08-22 16:50:51.175 E/MpvEvent( 8531): [PlaybackTrace][Native][eventLoop] MPV_EVENT_END_FILE reason=4 error=-13
08-22 16:50:51.175 I/MpvEvent( 8531): [PlaybackTrace][Native][dispatch:event] name=endFile payload={"reason":4,"error":-13}
08-22 16:50:51.175 I/MpvBridgeModule( 8531): [PlaybackTrace][Bridge][listener:event] name=endFile payload={"reason":4,"error":-13}
08-22 16:50:51.176 I/MpvEvent( 8531): [PlaybackTrace][Native][eventLoop] event_id=11 error=0
08-22 16:50:51.176 I/MpvEvent( 8531): [PlaybackTrace][Native][eventLoop] event_id=2 error=0
08-22 16:50:51.176 I/MpvEvent( 8531): [PlaybackTrace][Native][mpv-log] prefix=cplayer level=v text=Set property: user-data/mpv/ytdl/json-subprocess-result={"killed_by_us":false,"error_string":"init","status":-3,"stderr":"","stdout":""} -> 1
08-22 16:50:51.176 D/mpv     ( 8531): [cplayer] v: Set property: user-data/mpv/ytdl/json-subprocess-result={"killed_by_us":false,"error_string":"init","status":-3,"stderr":"","stdout":""} -> 1
08-22 16:50:51.176 I/MpvEvent( 8531): [PlaybackTrace][Native][eventLoop] event_id=2 error=0
08-22 16:50:51.176 I/MpvEvent( 8531): [PlaybackTrace][Native][eventLoop] event_id=2 error=0
08-22 16:50:51.176 I/MpvEvent( 8531): [PlaybackTrace][Native][eventLoop] event_id=2 error=0
08-22 16:50:51.177 I/MpvEvent( 8531): [PlaybackTrace][Native][eventLoop] event_id=2 error=0
08-22 16:50:51.177 I/MpvEvent( 8531): [PlaybackTrace][Native][eventLoop] event_id=2 error=0
08-22 16:50:51.177 I/MpvEvent( 8531): [PlaybackTrace][Native][mpv-log] prefix=ytdl_hook level=error text=
08-22 16:50:51.177 E/MpvEvent( 8531): [PlaybackTrace][Native][dispatch:error] code=-1 message=
08-22 16:50:51.177 E/MpvBridgeModule( 8531): [PlaybackTrace][Bridge][listener:error] code=-1 message=
08-22 16:50:51.177 I/MpvEvent( 8531): [PlaybackTrace][Native][eventLoop] event_id=2 error=0
08-22 16:50:51.177 I/MpvEvent( 8531): [PlaybackTrace][Native][mpv-log] prefix=ytdl_hook level=error text=youtube-dl failed: not found or not enough permissions
08-22 16:50:51.178 E/MpvEvent( 8531): [PlaybackTrace][Native][dispatch:error] code=-1 message=youtube-dl failed: not found or not enough permissions
08-22 16:50:51.178 E/MpvBridgeModule( 8531): [PlaybackTrace][Bridge][listener:error] code=-1 message=youtube-dl failed: not found or not enough permissions
08-22 16:50:51.178 I/MpvEvent( 8531): [PlaybackTrace][Native][eventLoop] event_id=2 error=0
08-22 16:50:51.178 I/MpvEvent( 8531): [PlaybackTrace][Native][mpv-log] prefix=cplayer level=v text=finished playback, loading failed (reason 4)
08-22 16:50:51.178 D/mpv     ( 8531): [cplayer] v: finished playback, loading failed (reason 4)
08-22 16:50:51.178 I/MpvEvent( 8531): [PlaybackTrace][Native][eventLoop] event_id=2 error=0
08-22 16:50:51.370 I/ReactNativeJS( 8531): '[INFO]', '[PlaybackTrace][JS][loadFile:call]', { requestedPath: 'https://prod-1.storage.jamendo.com/?trackid=171&format=mp31&from=8CSIkMvwtD6jzKZ%2BPEaUMQ%3D%3D%7Cj5s5oI6ivq8l2vQOXyWixQ%3D%3D',
08-22 16:50:51.371 I/MpvBridgeModule( 8531): [PlaybackTrace][Bridge][loadFile] requested=https://prod-1.storage.jamendo.com/?trackid=171&format=mp31&from=8CSIkMvwtD6jzKZ%2BPEaUMQ%3D%3D%7Cj5s5oI6ivq8l2vQOXyWixQ%3D%3D resolved=https://prod-1.storage.jamendo.com/?trackid=171&format=mp31&from=8CSIkMvwtD6jzKZ%2BPEaUMQ%3D%3D%7Cj5s5oI6ivq8l2vQOXyWixQ%3D%3D ptr=131217388029824
08-22 16:50:51.371 I/MpvJNI  ( 8531): [PlaybackTrace][Native][loadFile] begin path=https://prod-1.storage.jamendo.com/?trackid=171&format=mp31&from=8CSIkMvwtD6jzKZ%2BPEaUMQ%3D%3D%7Cj5s5oI6ivq8l2vQOXyWixQ%3D%3D initialized=1
08-22 16:50:51.371 I/MpvJNI  ( 8531): [PlaybackTrace][Native][loadFile] loadfile command accepted result=0
08-22 16:50:51.371 I/ReactNativeJS( 8531): '[INFO]', '[PlaybackTrace][JS][loadFile:return]', { resolvedPath: 'https://prod-1.storage.jamendo.com/?trackid=171&format=mp31&from=8CSIkMvwtD6jzKZ%2BPEaUMQ%3D%3D%7Cj5s5oI6ivq8l2vQOXyWixQ%3D%3D' }
08-22 16:50:51.371 I/MpvBridgeModule( 8531): [PlaybackTrace][Bridge][loadFile] nativeLoadFile returned
08-22 16:50:51.372 I/MpvEvent( 8531): [PlaybackTrace][Native][eventLoop] event_id=6 error=0
08-22 16:50:51.372 I/MpvEvent( 8531): MPV_EVENT_START_FILE
08-22 16:50:51.375 I/MpvEvent( 8531): [PlaybackTrace][Native][eventLoop] event_id=2 error=0
08-22 16:50:51.375 I/MpvEvent( 8531): [PlaybackTrace][Native][eventLoop] event_id=2 error=0
08-22 16:50:51.375 I/MpvEvent( 8531): [PlaybackTrace][Native][eventLoop] event_id=2 error=0
08-22 16:50:51.376 I/MpvEvent( 8531): [PlaybackTrace][Native][eventLoop] event_id=2 error=0
08-22 16:50:51.377 I/MpvEvent( 8531): [PlaybackTrace][Native][eventLoop] event_id=2 error=0
08-22 16:50:51.377 I/MpvEvent( 8531): [PlaybackTrace][Native][eventLoop] event_id=2 error=0
08-22 16:50:51.377 D/mpv     ( 8531): [ffmpeg] v: Opening https://prod-1.storage.jamendo.com/?trackid=171&format=mp31&from=8CSIkMvwtD6jzKZ%2BPEaUMQ%3D%3D%7Cj5s5oI6ivq8l2vQOXyWixQ%3D%3D
08-22 16:50:51.454 I/ReactNativeJS( 8531): '[INFO]', '[PlaybackTrace][JS][loadFile:call]', { requestedPath: 'https://prod-1.storage.jamendo.com/?trackid=171&format=mp31&from=8CSIkMvwtD6jzKZ%2BPEaUMQ%3D%3D%7Cj5s5oI6ivq8l2vQOXyWixQ%3D%3D',
08-22 16:50:51.455 I/ReactNativeJS( 8531): '[INFO]', '[PlaybackTrace][JS][loadFile:return]', { resolvedPath: 'https://prod-1.storage.jamendo.com/?trackid=171&format=mp31&from=8CSIkMvwtD6jzKZ%2BPEaUMQ%3D%3D%7Cj5s5oI6ivq8l2vQOXyWixQ%3D%3D' }
08-22 16:50:51.455 I/MpvBridgeModule( 8531): [PlaybackTrace][Bridge][loadFile] requested=https://prod-1.storage.jamendo.com/?trackid=171&format=mp31&from=8CSIkMvwtD6jzKZ%2BPEaUMQ%3D%3D%7Cj5s5oI6ivq8l2vQOXyWixQ%3D%3D resolved=https://prod-1.storage.jamendo.com/?trackid=171&format=mp31&from=8CSIkMvwtD6jzKZ%2BPEaUMQ%3D%3D%7Cj5s5oI6ivq8l2vQOXyWixQ%3D%3D ptr=131217388029824
08-22 16:50:51.455 I/MpvJNI  ( 8531): [PlaybackTrace][Native][loadFile] begin path=https://prod-1.storage.jamendo.com/?trackid=171&format=mp31&from=8CSIkMvwtD6jzKZ%2BPEaUMQ%3D%3D%7Cj5s5oI6ivq8l2vQOXyWixQ%3D%3D initialized=1
08-22 16:50:51.455 I/MpvJNI  ( 8531): [PlaybackTrace][Native][loadFile] loadfile command accepted result=0
08-22 16:50:51.455 I/MpvBridgeModule( 8531): [PlaybackTrace][Bridge][loadFile] nativeLoadFile returned
08-22 16:50:51.457 I/MpvEvent( 8531): [PlaybackTrace][Native][eventLoop] event_id=2 error=0
08-22 16:50:51.469 I/ReactNativeJS( 8531): '[INFO]', '[PlaybackTrace][JS][loadFile:call]', { requestedPath: 'https://prod-1.storage.jamendo.com/?trackid=171&format=mp31&from=8CSIkMvwtD6jzKZ%2BPEaUMQ%3D%3D%7Cj5s5oI6ivq8l2vQOXyWixQ%3D%3D',
08-22 16:50:51.470 I/MpvBridgeModule( 8531): [PlaybackTrace][Bridge][loadFile] requested=https://prod-1.storage.jamendo.com/?trackid=171&format=mp31&from=8CSIkMvwtD6jzKZ%2BPEaUMQ%3D%3D%7Cj5s5oI6ivq8l2vQOXyWixQ%3D%3D resolved=https://prod-1.storage.jamendo.com/?trackid=171&format=mp31&from=8CSIkMvwtD6jzKZ%2BPEaUMQ%3D%3D%7Cj5s5oI6ivq8l2vQOXyWixQ%3D%3D ptr=131217388029824
08-22 16:50:51.470 I/MpvJNI  ( 8531): [PlaybackTrace][Native][loadFile] begin path=https://prod-1.storage.jamendo.com/?trackid=171&format=mp31&from=8CSIkMvwtD6jzKZ%2BPEaUMQ%3D%3D%7Cj5s5oI6ivq8l2vQOXyWixQ%3D%3D initialized=1
08-22 16:50:51.470 I/MpvJNI  ( 8531): [PlaybackTrace][Native][loadFile] loadfile command accepted result=0
08-22 16:50:51.470 I/MpvBridgeModule( 8531): [PlaybackTrace][Bridge][loadFile] nativeLoadFile returned
08-22 16:50:51.470 I/ReactNativeJS( 8531): '[INFO]', '[PlaybackTrace][JS][loadFile:return]', { resolvedPath: 'https://prod-1.storage.jamendo.com/?trackid=171&format=mp31&from=8CSIkMvwtD6jzKZ%2BPEaUMQ%3D%3D%7Cj5s5oI6ivq8l2vQOXyWixQ%3D%3D' }
08-22 16:50:51.473 I/MpvEvent( 8531): [PlaybackTrace][Native][eventLoop] event_id=2 error=0
08-22 16:50:51.483 I/MpvEvent( 8531): [PlaybackTrace][Native][eventLoop] event_id=2 error=0
08-22 16:50:51.483 I/MpvEvent( 8531): [PlaybackTrace][Native][mpv-log] prefix=cplayer level=v text=Opening failed or was aborted: https://prod-1.storage.jamendo.com/?trackid=171&format=mp31&from=8CSIkMvwtD6jzKZ%2BPEaUMQ%3D%3D%7Cj5s5oI6ivq8l2vQOXyWixQ%3D%3D
08-22 16:50:51.483 D/mpv     ( 8531): [cplayer] v: Opening failed or was aborted: https://prod-1.storage.jamendo.com/?trackid=171&format=mp31&from=8CSIkMvwtD6jzKZ%2BPEaUMQ%3D%3D%7Cj5s5oI6ivq8l2vQOXyWixQ%3D%3D
08-22 16:50:51.484 I/MpvEvent( 8531): [PlaybackTrace][Native][eventLoop] event_id=7 error=0
08-22 16:50:51.484 E/MpvEvent( 8531): [PlaybackTrace][Native][eventLoop] MPV_EVENT_END_FILE reason=2 error=0
08-22 16:50:51.484 I/MpvEvent( 8531): [PlaybackTrace][Native][dispatch:event] name=endFile payload={"reason":2,"error":0}
08-22 16:50:51.486 I/MpvBridgeModule( 8531): [PlaybackTrace][Bridge][listener:event] name=endFile payload={"reason":2,"error":0}
08-22 16:50:51.487 I/MpvEvent( 8531): [PlaybackTrace][Native][eventLoop] event_id=6 error=0
08-22 16:50:51.488 I/MpvEvent( 8531): MPV_EVENT_START_FILE
08-22 16:50:51.489 I/MpvEvent( 8531): [PlaybackTrace][Native][eventLoop] event_id=2 error=0
08-22 16:50:51.489 I/MpvEvent( 8531): [PlaybackTrace][Native][eventLoop] event_id=2 error=0
08-22 16:50:51.489 I/MpvEvent( 8531): [PlaybackTrace][Native][eventLoop] event_id=2 error=0
08-22 16:50:51.489 I/MpvEvent( 8531): [PlaybackTrace][Native][eventLoop] event_id=2 error=0
08-22 16:50:51.489 I/MpvEvent( 8531): [PlaybackTrace][Native][eventLoop] event_id=2 error=0
08-22 16:50:51.489 I/MpvEvent( 8531): [PlaybackTrace][Native][eventLoop] event_id=2 error=0
08-22 16:50:51.489 I/MpvEvent( 8531): [PlaybackTrace][Native][eventLoop] event_id=2 error=0
08-22 16:50:51.489 D/mpv     ( 8531): [ffmpeg] v: Opening https://prod-1.storage.jamendo.com/?trackid=171&format=mp31&from=8CSIkMvwtD6jzKZ%2BPEaUMQ%3D%3D%7Cj5s5oI6ivq8l2vQOXyWixQ%3D%3D
08-22 16:50:51.538 I/ReactNativeJS( 8531): '[INFO]', '[PlaybackTrace][JS][loadFile:call]', { requestedPath: 'https://prod-1.storage.jamendo.com/?trackid=171&format=mp31&from=8CSIkMvwtD6jzKZ%2BPEaUMQ%3D%3D%7Cj5s5oI6ivq8l2vQOXyWixQ%3D%3D',
08-22 16:50:51.538 I/MpvBridgeModule( 8531): [PlaybackTrace][Bridge][loadFile] requested=https://prod-1.storage.jamendo.com/?trackid=171&format=mp31&from=8CSIkMvwtD6jzKZ%2BPEaUMQ%3D%3D%7Cj5s5oI6ivq8l2vQOXyWixQ%3D%3D resolved=https://prod-1.storage.jamendo.com/?trackid=171&format=mp31&from=8CSIkMvwtD6jzKZ%2BPEaUMQ%3D%3D%7Cj5s5oI6ivq8l2vQOXyWixQ%3D%3D ptr=131217388029824
08-22 16:50:51.538 I/MpvJNI  ( 8531): [PlaybackTrace][Native][loadFile] begin path=https://prod-1.storage.jamendo.com/?trackid=171&format=mp31&from=8CSIkMvwtD6jzKZ%2BPEaUMQ%3D%3D%7Cj5s5oI6ivq8l2vQOXyWixQ%3D%3D initialized=1
08-22 16:50:51.538 I/MpvJNI  ( 8531): [PlaybackTrace][Native][loadFile] loadfile command accepted result=0
08-22 16:50:51.538 I/MpvBridgeModule( 8531): [PlaybackTrace][Bridge][loadFile] nativeLoadFile returned
08-22 16:50:51.538 I/ReactNativeJS( 8531): '[INFO]', '[PlaybackTrace][JS][loadFile:return]', { resolvedPath: 'https://prod-1.storage.jamendo.com/?trackid=171&format=mp31&from=8CSIkMvwtD6jzKZ%2BPEaUMQ%3D%3D%7Cj5s5oI6ivq8l2vQOXyWixQ%3D%3D' }
08-22 16:50:51.541 I/MpvEvent( 8531): [PlaybackTrace][Native][eventLoop] event_id=2 error=0
08-22 16:50:51.587 I/ReactNativeJS( 8531): '[INFO]', '[PlaybackTrace][JS][loadFile:call]', { requestedPath: 'https://prod-1.storage.jamendo.com/?trackid=171&format=mp31&from=8CSIkMvwtD6jzKZ%2BPEaUMQ%3D%3D%7Cj5s5oI6ivq8l2vQOXyWixQ%3D%3D',
08-22 16:50:51.588 I/MpvBridgeModule( 8531): [PlaybackTrace][Bridge][loadFile] requested=https://prod-1.storage.jamendo.com/?trackid=171&format=mp31&from=8CSIkMvwtD6jzKZ%2BPEaUMQ%3D%3D%7Cj5s5oI6ivq8l2vQOXyWixQ%3D%3D resolved=https://prod-1.storage.jamendo.com/?trackid=171&format=mp31&from=8CSIkMvwtD6jzKZ%2BPEaUMQ%3D%3D%7Cj5s5oI6ivq8l2vQOXyWixQ%3D%3D ptr=131217388029824
08-22 16:50:51.588 I/MpvJNI  ( 8531): [PlaybackTrace][Native][loadFile] begin path=https://prod-1.storage.jamendo.com/?trackid=171&format=mp31&from=8CSIkMvwtD6jzKZ%2BPEaUMQ%3D%3D%7Cj5s5oI6ivq8l2vQOXyWixQ%3D%3D initialized=1
08-22 16:50:51.588 I/MpvJNI  ( 8531): [PlaybackTrace][Native][loadFile] loadfile command accepted result=0
08-22 16:50:51.588 I/MpvBridgeModule( 8531): [PlaybackTrace][Bridge][loadFile] nativeLoadFile returned
08-22 16:50:51.589 I/ReactNativeJS( 8531): '[INFO]', '[PlaybackTrace][JS][loadFile:return]', { resolvedPath: 'https://prod-1.storage.jamendo.com/?trackid=171&format=mp31&from=8CSIkMvwtD6jzKZ%2BPEaUMQ%3D%3D%7Cj5s5oI6ivq8l2vQOXyWixQ%3D%3D' }
08-22 16:50:51.593 I/ReactNativeJS( 8531): '[INFO]', '[PlaybackTrace][JS][loadFile:call]', { requestedPath: 'https://prod-1.storage.jamendo.com/?trackid=171&format=mp31&from=8CSIkMvwtD6jzKZ%2BPEaUMQ%3D%3D%7Cj5s5oI6ivq8l2vQOXyWixQ%3D%3D',
08-22 16:50:51.593 I/MpvEvent( 8531): [PlaybackTrace][Native][eventLoop] event_id=2 error=0
08-22 16:50:51.593 I/MpvBridgeModule( 8531): [PlaybackTrace][Bridge][loadFile] requested=https://prod-1.storage.jamendo.com/?trackid=171&format=mp31&from=8CSIkMvwtD6jzKZ%2BPEaUMQ%3D%3D%7Cj5s5oI6ivq8l2vQOXyWixQ%3D%3D resolved=https://prod-1.storage.jamendo.com/?trackid=171&format=mp31&from=8CSIkMvwtD6jzKZ%2BPEaUMQ%3D%3D%7Cj5s5oI6ivq8l2vQOXyWixQ%3D%3D ptr=131217388029824
08-22 16:50:51.594 I/MpvJNI  ( 8531): [PlaybackTrace][Native][loadFile] begin path=https://prod-1.storage.jamendo.com/?trackid=171&format=mp31&from=8CSIkMvwtD6jzKZ%2BPEaUMQ%3D%3D%7Cj5s5oI6ivq8l2vQOXyWixQ%3D%3D initialized=1
08-22 16:50:51.594 I/MpvJNI  ( 8531): [PlaybackTrace][Native][loadFile] loadfile command accepted result=0
08-22 16:50:51.594 I/MpvBridgeModule( 8531): [PlaybackTrace][Bridge][loadFile] nativeLoadFile returned
08-22 16:50:51.595 I/ReactNativeJS( 8531): '[INFO]', '[PlaybackTrace][JS][loadFile:return]', { resolvedPath: 'https://prod-1.storage.jamendo.com/?trackid=171&format=mp31&from=8CSIkMvwtD6jzKZ%2BPEaUMQ%3D%3D%7Cj5s5oI6ivq8l2vQOXyWixQ%3D%3D' }
08-22 16:50:51.596 I/MpvEvent( 8531): [PlaybackTrace][Native][eventLoop] event_id=2 error=0
08-22 16:50:51.596 I/MpvEvent( 8531): [PlaybackTrace][Native][mpv-log] prefix=cplayer level=v text=Opening failed or was aborted: https://prod-1.storage.jamendo.com/?trackid=171&format=mp31&from=8CSIkMvwtD6jzKZ%2BPEaUMQ%3D%3D%7Cj5s5oI6ivq8l2vQOXyWixQ%3D%3D
08-22 16:50:51.596 D/mpv     ( 8531): [cplayer] v: Opening failed or was aborted: https://prod-1.storage.jamendo.com/?trackid=171&format=mp31&from=8CSIkMvwtD6jzKZ%2BPEaUMQ%3D%3D%7Cj5s5oI6ivq8l2vQOXyWixQ%3D%3D
08-22 16:50:51.598 I/MpvEvent( 8531): [PlaybackTrace][Native][eventLoop] event_id=7 error=0
08-22 16:50:51.598 E/MpvEvent( 8531): [PlaybackTrace][Native][eventLoop] MPV_EVENT_END_FILE reason=2 error=0
08-22 16:50:51.598 I/MpvEvent( 8531): [PlaybackTrace][Native][dispatch:event] name=endFile payload={"reason":2,"error":0}
08-22 16:50:51.598 I/MpvBridgeModule( 8531): [PlaybackTrace][Bridge][listener:event] name=endFile payload={"reason":2,"error":0}
08-22 16:50:51.599 I/MpvEvent( 8531): [PlaybackTrace][Native][eventLoop] event_id=6 error=0
08-22 16:50:51.599 I/MpvEvent( 8531): MPV_EVENT_START_FILE
08-22 16:50:51.601 I/MpvEvent( 8531): [PlaybackTrace][Native][eventLoop] event_id=2 error=0
08-22 16:50:51.601 I/MpvEvent( 8531): [PlaybackTrace][Native][eventLoop] event_id=2 error=0
08-22 16:50:51.601 I/MpvEvent( 8531): [PlaybackTrace][Native][eventLoop] event_id=2 error=0
08-22 16:50:51.602 I/MpvEvent( 8531): [PlaybackTrace][Native][eventLoop] event_id=2 error=0
08-22 16:50:51.602 I/MpvEvent( 8531): [PlaybackTrace][Native][eventLoop] event_id=2 error=0
08-22 16:50:51.602 I/MpvEvent( 8531): [PlaybackTrace][Native][eventLoop] event_id=2 error=0
08-22 16:50:51.602 I/MpvEvent( 8531): [PlaybackTrace][Native][eventLoop] event_id=2 error=0
08-22 16:50:51.602 D/mpv     ( 8531): [ffmpeg] v: Opening https://prod-1.storage.jamendo.com/?trackid=171&format=mp31&from=8CSIkMvwtD6jzKZ%2BPEaUMQ%3D%3D%7Cj5s5oI6ivq8l2vQOXyWixQ%3D%3D
08-22 16:50:51.603 I/MpvEvent( 8531): [PlaybackTrace][Native][eventLoop] event_id=2 error=0
08-22 16:50:51.654 I/MpvEvent( 8531): [PlaybackTrace][Native][eventLoop] event_id=2 error=0
08-22 16:50:51.737 I/MpvEvent( 8531): [PlaybackTrace][Native][eventLoop] event_id=2 error=0
08-22 16:50:51.753 I/MpvEvent( 8531): [PlaybackTrace][Native][eventLoop] event_id=2 error=0
08-22 16:50:51.819 I/MpvEvent( 8531): [PlaybackTrace][Native][eventLoop] event_id=2 error=0
08-22 16:50:51.870 I/MpvEvent( 8531): [PlaybackTrace][Native][eventLoop] event_id=2 error=0
08-22 16:50:51.887 I/MpvEvent( 8531): [PlaybackTrace][Native][eventLoop] event_id=2 error=0
08-22 16:50:51.988 I/MpvEvent( 8531): [PlaybackTrace][Native][eventLoop] event_id=2 error=0
08-22 16:50:51.989 I/MpvEvent( 8531): [PlaybackTrace][Native][mpv-log] prefix=ffmpeg level=error text=tls: mbedtls_ssl_handshake returned -0x6600
08-22 16:50:51.989 D/mpv     ( 8531): [ffmpeg] error: tls: mbedtls_ssl_handshake returned -0x6600
08-22 16:50:51.989 E/MpvEvent( 8531): [PlaybackTrace][Native][dispatch:error] code=-1 message=tls: mbedtls_ssl_handshake returned -0x6600
08-22 16:50:51.990 E/MpvBridgeModule( 8531): [PlaybackTrace][Bridge][listener:error] code=-1 message=tls: mbedtls_ssl_handshake returned -0x6600
08-22 16:50:52.010 I/MpvEvent( 8531): [PlaybackTrace][Native][eventLoop] event_id=2 error=0
08-22 16:50:52.010 I/MpvEvent( 8531): [PlaybackTrace][Native][mpv-log] prefix=stream level=error text=Failed to open https://prod-1.storage.jamendo.com/?trackid=171&format=mp31&from=8CSIkMvwtD6jzKZ%2BPEaUMQ%3D%3D%7Cj5s5oI6ivq8l2vQOXyWixQ%3D%3D.
08-22 16:50:52.010 E/MpvEvent( 8531): [PlaybackTrace][Native][dispatch:error] code=-1 message=Failed to open https://prod-1.storage.jamendo.com/?trackid=171&format=mp31&from=8CSIkMvwtD6jzKZ%2BPEaUMQ%3D%3D%7Cj5s5oI6ivq8l2vQOXyWixQ%3D%3D.
08-22 16:50:52.011 E/MpvBridgeModule( 8531): [PlaybackTrace][Bridge][listener:error] code=-1 message=Failed to open https://prod-1.storage.jamendo.com/?trackid=171&format=mp31&from=8CSIkMvwtD6jzKZ%2BPEaUMQ%3D%3D%7Cj5s5oI6ivq8l2vQOXyWixQ%3D%3D.
08-22 16:50:52.014 I/MpvEvent( 8531): [PlaybackTrace][Native][eventLoop] event_id=2 error=0
08-22 16:50:52.014 I/MpvEvent( 8531): [PlaybackTrace][Native][mpv-log] prefix=cplayer level=v text=Opening failed or was aborted: https://prod-1.storage.jamendo.com/?trackid=171&format=mp31&from=8CSIkMvwtD6jzKZ%2BPEaUMQ%3D%3D%7Cj5s5oI6ivq8l2vQOXyWixQ%3D%3D
08-22 16:50:52.014 D/mpv     ( 8531): [cplayer] v: Opening failed or was aborted: https://prod-1.storage.jamendo.com/?trackid=171&format=mp31&from=8CSIkMvwtD6jzKZ%2BPEaUMQ%3D%3D%7Cj5s5oI6ivq8l2vQOXyWixQ%3D%3D
08-22 16:50:52.014 I/MpvEvent( 8531): [PlaybackTrace][Native][eventLoop] event_id=2 error=0
08-22 16:50:52.014 I/MpvEvent( 8531): [PlaybackTrace][Native][eventLoop] event_id=2 error=0
08-22 16:50:52.039 I/MpvEvent( 8531): [PlaybackTrace][Native][eventLoop] event_id=2 error=0
08-22 16:50:52.039 I/MpvEvent( 8531): [PlaybackTrace][Native][mpv-log] prefix=ytdl_hook level=error text=Subprocess failed: init
08-22 16:50:52.039 E/MpvEvent( 8531): [PlaybackTrace][Native][dispatch:error] code=-1 message=Subprocess failed: init
08-22 16:50:52.040 E/MpvBridgeModule( 8531): [PlaybackTrace][Bridge][listener:error] code=-1 message=Subprocess failed: init
08-22 16:50:52.040 I/MpvEvent( 8531): [PlaybackTrace][Native][eventLoop] event_id=7 error=0
08-22 16:50:52.041 E/MpvEvent( 8531): [PlaybackTrace][Native][eventLoop] MPV_EVENT_END_FILE reason=4 error=-13
08-22 16:50:52.041 I/MpvEvent( 8531): [PlaybackTrace][Native][dispatch:event] name=endFile payload={"reason":4,"error":-13}
08-22 16:50:52.041 I/MpvBridgeModule( 8531): [PlaybackTrace][Bridge][listener:event] name=endFile payload={"reason":4,"error":-13}
08-22 16:50:52.043 I/MpvEvent( 8531): [PlaybackTrace][Native][eventLoop] event_id=11 error=0
08-22 16:50:52.043 I/MpvEvent( 8531): [PlaybackTrace][Native][eventLoop] event_id=2 error=0
08-22 16:50:52.043 I/MpvEvent( 8531): [PlaybackTrace][Native][mpv-log] prefix=cplayer level=v text=Set property: user-data/mpv/ytdl/json-subprocess-result={"killed_by_us":false,"error_string":"init","status":-3,"stderr":"","stdout":""} -> 1
08-22 16:50:52.043 D/mpv     ( 8531): [cplayer] v: Set property: user-data/mpv/ytdl/json-subprocess-result={"killed_by_us":false,"error_string":"init","status":-3,"stderr":"","stdout":""} -> 1
08-22 16:50:52.043 I/MpvEvent( 8531): [PlaybackTrace][Native][eventLoop] event_id=2 error=0
08-22 16:50:52.043 I/MpvEvent( 8531): [PlaybackTrace][Native][eventLoop] event_id=2 error=0
08-22 16:50:52.043 I/MpvEvent( 8531): [PlaybackTrace][Native][eventLoop] event_id=2 error=0
08-22 16:50:52.044 I/MpvEvent( 8531): [PlaybackTrace][Native][eventLoop] event_id=2 error=0
08-22 16:50:52.044 I/MpvEvent( 8531): [PlaybackTrace][Native][eventLoop] event_id=2 error=0
08-22 16:50:52.044 I/MpvEvent( 8531): [PlaybackTrace][Native][mpv-log] prefix=ytdl_hook level=error text=
08-22 16:50:52.044 E/MpvEvent( 8531): [PlaybackTrace][Native][dispatch:error] code=-1 message=
08-22 16:50:52.045 E/MpvBridgeModule( 8531): [PlaybackTrace][Bridge][listener:error] code=-1 message=
08-22 16:50:52.045 I/MpvEvent( 8531): [PlaybackTrace][Native][eventLoop] event_id=2 error=0
08-22 16:50:52.045 I/MpvEvent( 8531): [PlaybackTrace][Native][mpv-log] prefix=ytdl_hook level=error text=youtube-dl failed: not found or not enough permissions
08-22 16:50:52.045 E/MpvEvent( 8531): [PlaybackTrace][Native][dispatch:error] code=-1 message=youtube-dl failed: not found or not enough permissions
08-22 16:50:52.045 E/MpvBridgeModule( 8531): [PlaybackTrace][Bridge][listener:error] code=-1 message=youtube-dl failed: not found or not enough permissions
08-22 16:50:52.046 I/MpvEvent( 8531): [PlaybackTrace][Native][eventLoop] event_id=2 error=0
08-22 16:50:52.046 I/MpvEvent( 8531): [PlaybackTrace][Native][mpv-log] prefix=cplayer level=v text=finished playback, loading failed (reason 4)
08-22 16:50:52.046 D/mpv     ( 8531): [cplayer] v: finished playback, loading failed (reason 4)
08-22 16:50:52.046 I/MpvEvent( 8531): [PlaybackTrace][Native][eventLoop] event_id=2 error=0
08-22 16:50:52.437 I/ReactNativeJS( 8531): '[INFO]', '[PlaybackTrace][JS][loadFile:call]', { requestedPath: 'https://prod-1.storage.jamendo.com/?trackid=171&format=mp31&from=8CSIkMvwtD6jzKZ%2BPEaUMQ%3D%3D%7Cj5s5oI6ivq8l2vQOXyWixQ%3D%3D',
08-22 16:50:52.438 I/MpvBridgeModule( 8531): [PlaybackTrace][Bridge][loadFile] requested=https://prod-1.storage.jamendo.com/?trackid=171&format=mp31&from=8CSIkMvwtD6jzKZ%2BPEaUMQ%3D%3D%7Cj5s5oI6ivq8l2vQOXyWixQ%3D%3D resolved=https://prod-1.storage.jamendo.com/?trackid=171&format=mp31&from=8CSIkMvwtD6jzKZ%2BPEaUMQ%3D%3D%7Cj5s5oI6ivq8l2vQOXyWixQ%3D%3D ptr=131217388029824
08-22 16:50:52.438 I/MpvJNI  ( 8531): [PlaybackTrace][Native][loadFile] begin path=https://prod-1.storage.jamendo.com/?trackid=171&format=mp31&from=8CSIkMvwtD6jzKZ%2BPEaUMQ%3D%3D%7Cj5s5oI6ivq8l2vQOXyWixQ%3D%3D initialized=1
08-22 16:50:52.438 I/MpvJNI  ( 8531): [PlaybackTrace][Native][loadFile] loadfile command accepted result=0
08-22 16:50:52.438 I/MpvBridgeModule( 8531): [PlaybackTrace][Bridge][loadFile] nativeLoadFile returned
08-22 16:50:52.439 I/ReactNativeJS( 8531): '[INFO]', '[PlaybackTrace][JS][loadFile:return]', { resolvedPath: 'https://prod-1.storage.jamendo.com/?trackid=171&format=mp31&from=8CSIkMvwtD6jzKZ%2BPEaUMQ%3D%3D%7Cj5s5oI6ivq8l2vQOXyWixQ%3D%3D' }
08-22 16:50:52.440 I/MpvEvent( 8531): [PlaybackTrace][Native][eventLoop] event_id=6 error=0
08-22 16:50:52.440 I/MpvEvent( 8531): MPV_EVENT_START_FILE
08-22 16:50:52.442 I/MpvEvent( 8531): [PlaybackTrace][Native][eventLoop] event_id=2 error=0
08-22 16:50:52.442 I/MpvEvent( 8531): [PlaybackTrace][Native][eventLoop] event_id=2 error=0
08-22 16:50:52.442 I/MpvEvent( 8531): [PlaybackTrace][Native][eventLoop] event_id=2 error=0
08-22 16:50:52.442 I/MpvEvent( 8531): [PlaybackTrace][Native][eventLoop] event_id=2 error=0
08-22 16:50:52.443 I/MpvEvent( 8531): [PlaybackTrace][Native][eventLoop] event_id=2 error=0
08-22 16:50:52.443 D/mpv     ( 8531): [ffmpeg] v: Opening https://prod-1.storage.jamendo.com/?trackid=171&format=mp31&from=8CSIkMvwtD6jzKZ%2BPEaUMQ%3D%3D%7Cj5s5oI6ivq8l2vQOXyWixQ%3D%3D
08-22 16:50:52.443 I/MpvEvent( 8531): [PlaybackTrace][Native][eventLoop] event_id=2 error=0
08-22 16:50:52.721 I/MpvEvent( 8531): [PlaybackTrace][Native][eventLoop] event_id=2 error=0
08-22 16:50:52.787 I/ReactNativeJS( 8531): '[INFO]', '[PlaybackTrace][JS][loadFile:call]', { requestedPath: 'https://prod-1.storage.jamendo.com/?trackid=171&format=mp31&from=8CSIkMvwtD6jzKZ%2BPEaUMQ%3D%3D%7Cj5s5oI6ivq8l2vQOXyWixQ%3D%3D',
08-22 16:50:52.789 I/MpvBridgeModule( 8531): [PlaybackTrace][Bridge][loadFile] requested=https://prod-1.storage.jamendo.com/?trackid=171&format=mp31&from=8CSIkMvwtD6jzKZ%2BPEaUMQ%3D%3D%7Cj5s5oI6ivq8l2vQOXyWixQ%3D%3D resolved=https://prod-1.storage.jamendo.com/?trackid=171&format=mp31&from=8CSIkMvwtD6jzKZ%2BPEaUMQ%3D%3D%7Cj5s5oI6ivq8l2vQOXyWixQ%3D%3D ptr=131217388029824
08-22 16:50:52.790 I/MpvJNI  ( 8531): [PlaybackTrace][Native][loadFile] begin path=https://prod-1.storage.jamendo.com/?trackid=171&format=mp31&from=8CSIkMvwtD6jzKZ%2BPEaUMQ%3D%3D%7Cj5s5oI6ivq8l2vQOXyWixQ%3D%3D initialized=1
08-22 16:50:52.790 I/MpvJNI  ( 8531): [PlaybackTrace][Native][loadFile] loadfile command accepted result=0
08-22 16:50:52.790 I/MpvBridgeModule( 8531): [PlaybackTrace][Bridge][loadFile] nativeLoadFile returned
08-22 16:50:52.790 I/ReactNativeJS( 8531): '[INFO]', '[PlaybackTrace][JS][loadFile:return]', { resolvedPath: 'https://prod-1.storage.jamendo.com/?trackid=171&format=mp31&from=8CSIkMvwtD6jzKZ%2BPEaUMQ%3D%3D%7Cj5s5oI6ivq8l2vQOXyWixQ%3D%3D' }
08-22 16:50:52.793 I/MpvEvent( 8531): [PlaybackTrace][Native][eventLoop] event_id=2 error=0
08-22 16:50:52.814 I/MpvEvent( 8531): [PlaybackTrace][Native][eventLoop] event_id=2 error=0
08-22 16:50:52.816 I/MpvEvent( 8531): [PlaybackTrace][Native][mpv-log] prefix=ffmpeg level=error text=tls: mbedtls_ssl_handshake returned -0x7280
08-22 16:50:52.816 D/mpv     ( 8531): [ffmpeg] error: tls: mbedtls_ssl_handshake returned -0x7280
08-22 16:50:52.816 E/MpvEvent( 8531): [PlaybackTrace][Native][dispatch:error] code=-1 message=tls: mbedtls_ssl_handshake returned -0x7280
08-22 16:50:52.817 E/MpvBridgeModule( 8531): [PlaybackTrace][Bridge][listener:error] code=-1 message=tls: mbedtls_ssl_handshake returned -0x7280
08-22 16:50:52.818 I/MpvEvent( 8531): [PlaybackTrace][Native][eventLoop] event_id=7 error=0
08-22 16:50:52.819 E/MpvEvent( 8531): [PlaybackTrace][Native][eventLoop] MPV_EVENT_END_FILE reason=2 error=0
08-22 16:50:52.819 I/MpvEvent( 8531): [PlaybackTrace][Native][dispatch:event] name=endFile payload={"reason":2,"error":0}
08-22 16:50:52.820 I/MpvBridgeModule( 8531): [PlaybackTrace][Bridge][listener:event] name=endFile payload={"reason":2,"error":0}
08-22 16:50:52.820 I/MpvEvent( 8531): [PlaybackTrace][Native][eventLoop] event_id=6 error=0
08-22 16:50:52.820 I/MpvEvent( 8531): MPV_EVENT_START_FILE
08-22 16:50:52.821 I/MpvEvent( 8531): [PlaybackTrace][Native][eventLoop] event_id=2 error=0
08-22 16:50:52.821 I/MpvEvent( 8531): [PlaybackTrace][Native][mpv-log] prefix=cplayer level=v text=Opening failed or was aborted: https://prod-1.storage.jamendo.com/?trackid=171&format=mp31&from=8CSIkMvwtD6jzKZ%2BPEaUMQ%3D%3D%7Cj5s5oI6ivq8l2vQOXyWixQ%3D%3D
08-22 16:50:52.821 D/mpv     ( 8531): [cplayer] v: Opening failed or was aborted: https://prod-1.storage.jamendo.com/?trackid=171&format=mp31&from=8CSIkMvwtD6jzKZ%2BPEaUMQ%3D%3D%7Cj5s5oI6ivq8l2vQOXyWixQ%3D%3D
08-22 16:50:52.821 I/MpvEvent( 8531): [PlaybackTrace][Native][eventLoop] event_id=2 error=0
08-22 16:50:52.821 I/MpvEvent( 8531): [PlaybackTrace][Native][eventLoop] event_id=2 error=0
08-22 16:50:52.821 I/MpvEvent( 8531): [PlaybackTrace][Native][eventLoop] event_id=2 error=0
08-22 16:50:52.821 I/MpvEvent( 8531): [PlaybackTrace][Native][eventLoop] event_id=2 error=0
08-22 16:50:52.821 I/MpvEvent( 8531): [PlaybackTrace][Native][eventLoop] event_id=2 error=0
08-22 16:50:52.821 I/MpvEvent( 8531): [PlaybackTrace][Native][eventLoop] event_id=2 error=0
08-22 16:50:52.821 I/MpvEvent( 8531): [PlaybackTrace][Native][eventLoop] event_id=2 error=0
08-22 16:50:52.821 D/mpv     ( 8531): [ffmpeg] v: Opening https://prod-1.storage.jamendo.com/?trackid=171&format=mp31&from=8CSIkMvwtD6jzKZ%2BPEaUMQ%3D%3D%7Cj5s5oI6ivq8l2vQOXyWixQ%3D%3D
08-22 16:50:52.952 I/ReactNativeJS( 8531): '[INFO]', '[PlaybackTrace][JS][loadFile:call]', { requestedPath: 'https://prod-1.storage.jamendo.com/?trackid=171&format=mp31&from=8CSIkMvwtD6jzKZ%2BPEaUMQ%3D%3D%7Cj5s5oI6ivq8l2vQOXyWixQ%3D%3D',
08-22 16:50:52.952 I/MpvBridgeModule( 8531): [PlaybackTrace][Bridge][loadFile] requested=https://prod-1.storage.jamendo.com/?trackid=171&format=mp31&from=8CSIkMvwtD6jzKZ%2BPEaUMQ%3D%3D%7Cj5s5oI6ivq8l2vQOXyWixQ%3D%3D resolved=https://prod-1.storage.jamendo.com/?trackid=171&format=mp31&from=8CSIkMvwtD6jzKZ%2BPEaUMQ%3D%3D%7Cj5s5oI6ivq8l2vQOXyWixQ%3D%3D ptr=131217388029824
08-22 16:50:52.952 I/MpvJNI  ( 8531): [PlaybackTrace][Native][loadFile] begin path=https://prod-1.storage.jamendo.com/?trackid=171&format=mp31&from=8CSIkMvwtD6jzKZ%2BPEaUMQ%3D%3D%7Cj5s5oI6ivq8l2vQOXyWixQ%3D%3D initialized=1
08-22 16:50:52.953 I/MpvJNI  ( 8531): [PlaybackTrace][Native][loadFile] loadfile command accepted result=0
08-22 16:50:52.953 I/MpvBridgeModule( 8531): [PlaybackTrace][Bridge][loadFile] nativeLoadFile returned
08-22 16:50:52.954 I/ReactNativeJS( 8531): '[INFO]', '[PlaybackTrace][JS][loadFile:return]', { resolvedPath: 'https://prod-1.storage.jamendo.com/?trackid=171&format=mp31&from=8CSIkMvwtD6jzKZ%2BPEaUMQ%3D%3D%7Cj5s5oI6ivq8l2vQOXyWixQ%3D%3D' }
08-22 16:50:52.955 I/MpvEvent( 8531): [PlaybackTrace][Native][eventLoop] event_id=2 error=0
08-22 16:50:53.006 I/MpvEvent( 8531): [PlaybackTrace][Native][eventLoop] event_id=2 error=0
08-22 16:50:53.006 I/MpvEvent( 8531): [PlaybackTrace][Native][mpv-log] prefix=ffmpeg level=error text=tls: mbedtls_ssl_handshake returned -0x7280
08-22 16:50:53.006 D/mpv     ( 8531): [ffmpeg] error: tls: mbedtls_ssl_handshake returned -0x7280
08-22 16:50:53.006 E/MpvEvent( 8531): [PlaybackTrace][Native][dispatch:error] code=-1 message=tls: mbedtls_ssl_handshake returned -0x7280
08-22 16:50:53.006 E/MpvBridgeModule( 8531): [PlaybackTrace][Bridge][listener:error] code=-1 message=tls: mbedtls_ssl_handshake returned -0x7280
08-22 16:50:53.007 I/MpvEvent( 8531): [PlaybackTrace][Native][eventLoop] event_id=7 error=0
08-22 16:50:53.007 E/MpvEvent( 8531): [PlaybackTrace][Native][eventLoop] MPV_EVENT_END_FILE reason=2 error=0
08-22 16:50:53.007 I/MpvEvent( 8531): [PlaybackTrace][Native][dispatch:event] name=endFile payload={"reason":2,"error":0}
08-22 16:50:53.008 I/MpvBridgeModule( 8531): [PlaybackTrace][Bridge][listener:event] name=endFile payload={"reason":2,"error":0}
08-22 16:50:53.008 I/MpvEvent( 8531): [PlaybackTrace][Native][eventLoop] event_id=6 error=0
08-22 16:50:53.009 I/MpvEvent( 8531): MPV_EVENT_START_FILE
08-22 16:50:53.009 I/MpvEvent( 8531): [PlaybackTrace][Native][eventLoop] event_id=2 error=0
08-22 16:50:53.009 I/MpvEvent( 8531): [PlaybackTrace][Native][mpv-log] prefix=cplayer level=v text=Opening failed or was aborted: https://prod-1.storage.jamendo.com/?trackid=171&format=mp31&from=8CSIkMvwtD6jzKZ%2BPEaUMQ%3D%3D%7Cj5s5oI6ivq8l2vQOXyWixQ%3D%3D
08-22 16:50:53.009 D/mpv     ( 8531): [cplayer] v: Opening failed or was aborted: https://prod-1.storage.jamendo.com/?trackid=171&format=mp31&from=8CSIkMvwtD6jzKZ%2BPEaUMQ%3D%3D%7Cj5s5oI6ivq8l2vQOXyWixQ%3D%3D
08-22 16:50:53.009 I/MpvEvent( 8531): [PlaybackTrace][Native][eventLoop] event_id=2 error=0
08-22 16:50:53.009 I/MpvEvent( 8531): [PlaybackTrace][Native][eventLoop] event_id=2 error=0
08-22 16:50:53.009 I/MpvEvent( 8531): [PlaybackTrace][Native][eventLoop] event_id=2 error=0
08-22 16:50:53.010 I/MpvEvent( 8531): [PlaybackTrace][Native][eventLoop] event_id=2 error=0
08-22 16:50:53.010 I/MpvEvent( 8531): [PlaybackTrace][Native][eventLoop] event_id=2 error=0
08-22 16:50:53.010 I/MpvEvent( 8531): [PlaybackTrace][Native][eventLoop] event_id=2 error=0
08-22 16:50:53.010 I/MpvEvent( 8531): [PlaybackTrace][Native][eventLoop] event_id=2 error=0
08-22 16:50:53.010 D/mpv     ( 8531): [ffmpeg] v: Opening https://prod-1.storage.jamendo.com/?trackid=171&format=mp31&from=8CSIkMvwtD6jzKZ%2BPEaUMQ%3D%3D%7Cj5s5oI6ivq8l2vQOXyWixQ%3D%3D
08-22 16:50:53.070 I/MpvEvent( 8531): [PlaybackTrace][Native][eventLoop] event_id=2 error=0
08-22 16:50:53.236 I/MpvEvent( 8531): [PlaybackTrace][Native][eventLoop] event_id=2 error=0
08-22 16:50:53.462 I/MpvEvent( 8531): [PlaybackTrace][Native][eventLoop] event_id=2 error=0
08-22 16:50:53.462 I/MpvEvent( 8531): [PlaybackTrace][Native][mpv-log] prefix=ffmpeg level=error text=tls: mbedtls_ssl_handshake returned -0x6600
08-22 16:50:53.463 D/mpv     ( 8531): [ffmpeg] error: tls: mbedtls_ssl_handshake returned -0x6600
08-22 16:50:53.463 E/MpvEvent( 8531): [PlaybackTrace][Native][dispatch:error] code=-1 message=tls: mbedtls_ssl_handshake returned -0x6600
08-22 16:50:53.463 E/MpvBridgeModule( 8531): [PlaybackTrace][Bridge][listener:error] code=-1 message=tls: mbedtls_ssl_handshake returned -0x6600
08-22 16:50:53.464 I/MpvEvent( 8531): [PlaybackTrace][Native][eventLoop] event_id=2 error=0
08-22 16:50:53.464 I/MpvEvent( 8531): [PlaybackTrace][Native][mpv-log] prefix=stream level=error text=Failed to open https://prod-1.storage.jamendo.com/?trackid=171&format=mp31&from=8CSIkMvwtD6jzKZ%2BPEaUMQ%3D%3D%7Cj5s5oI6ivq8l2vQOXyWixQ%3D%3D.
08-22 16:50:53.464 E/MpvEvent( 8531): [PlaybackTrace][Native][dispatch:error] code=-1 message=Failed to open https://prod-1.storage.jamendo.com/?trackid=171&format=mp31&from=8CSIkMvwtD6jzKZ%2BPEaUMQ%3D%3D%7Cj5s5oI6ivq8l2vQOXyWixQ%3D%3D.
08-22 16:50:53.480 E/MpvBridgeModule( 8531): [PlaybackTrace][Bridge][listener:error] code=-1 message=Failed to open https://prod-1.storage.jamendo.com/?trackid=171&format=mp31&from=8CSIkMvwtD6jzKZ%2BPEaUMQ%3D%3D%7Cj5s5oI6ivq8l2vQOXyWixQ%3D%3D.
08-22 16:50:53.485 I/MpvEvent( 8531): [PlaybackTrace][Native][eventLoop] event_id=2 error=0
08-22 16:50:53.485 I/MpvEvent( 8531): [PlaybackTrace][Native][mpv-log] prefix=cplayer level=v text=Opening failed or was aborted: https://prod-1.storage.jamendo.com/?trackid=171&format=mp31&from=8CSIkMvwtD6jzKZ%2BPEaUMQ%3D%3D%7Cj5s5oI6ivq8l2vQOXyWixQ%3D%3D
08-22 16:50:53.485 D/mpv     ( 8531): [cplayer] v: Opening failed or was aborted: https://prod-1.storage.jamendo.com/?trackid=171&format=mp31&from=8CSIkMvwtD6jzKZ%2BPEaUMQ%3D%3D%7Cj5s5oI6ivq8l2vQOXyWixQ%3D%3D
08-22 16:50:53.486 I/MpvEvent( 8531): [PlaybackTrace][Native][eventLoop] event_id=2 error=0
08-22 16:50:53.486 I/MpvEvent( 8531): [PlaybackTrace][Native][eventLoop] event_id=2 error=0
08-22 16:50:53.508 I/MpvEvent( 8531): [PlaybackTrace][Native][eventLoop] event_id=2 error=0
08-22 16:50:53.508 I/MpvEvent( 8531): [PlaybackTrace][Native][mpv-log] prefix=ytdl_hook level=error text=Subprocess failed: init
08-22 16:50:53.508 E/MpvEvent( 8531): [PlaybackTrace][Native][dispatch:error] code=-1 message=Subprocess failed: init
08-22 16:50:53.508 E/MpvBridgeModule( 8531): [PlaybackTrace][Bridge][listener:error] code=-1 message=Subprocess failed: init
08-22 16:50:53.509 I/MpvEvent( 8531): [PlaybackTrace][Native][eventLoop] event_id=2 error=0
08-22 16:50:53.509 I/MpvEvent( 8531): [PlaybackTrace][Native][mpv-log] prefix=cplayer level=v text=Set property: user-data/mpv/ytdl/json-subprocess-result={"killed_by_us":false,"error_string":"init","status":-3,"stderr":"","stdout":""} -> 1
08-22 16:50:53.509 D/mpv     ( 8531): [cplayer] v: Set property: user-data/mpv/ytdl/json-subprocess-result={"killed_by_us":false,"error_string":"init","status":-3,"stderr":"","stdout":""} -> 1
08-22 16:50:53.510 I/MpvEvent( 8531): [PlaybackTrace][Native][eventLoop] event_id=7 error=0
08-22 16:50:53.510 E/MpvEvent( 8531): [PlaybackTrace][Native][eventLoop] MPV_EVENT_END_FILE reason=4 error=-13
08-22 16:50:53.510 I/MpvEvent( 8531): [PlaybackTrace][Native][dispatch:event] name=endFile payload={"reason":4,"error":-13}
08-22 16:50:53.511 I/MpvBridgeModule( 8531): [PlaybackTrace][Bridge][listener:event] name=endFile payload={"reason":4,"error":-13}
08-22 16:50:53.511 I/MpvEvent( 8531): [PlaybackTrace][Native][eventLoop] event_id=11 error=0
08-22 16:50:53.512 I/MpvEvent( 8531): [PlaybackTrace][Native][eventLoop] event_id=2 error=0
08-22 16:50:53.512 I/MpvEvent( 8531): [PlaybackTrace][Native][eventLoop] event_id=2 error=0
08-22 16:50:53.512 I/MpvEvent( 8531): [PlaybackTrace][Native][eventLoop] event_id=2 error=0
08-22 16:50:53.512 I/MpvEvent( 8531): [PlaybackTrace][Native][eventLoop] event_id=2 error=0
08-22 16:50:53.512 I/MpvEvent( 8531): [PlaybackTrace][Native][eventLoop] event_id=2 error=0
08-22 16:50:53.512 I/MpvEvent( 8531): [PlaybackTrace][Native][mpv-log] prefix=ytdl_hook level=error text=
08-22 16:50:53.512 E/MpvEvent( 8531): [PlaybackTrace][Native][dispatch:error] code=-1 message=
08-22 16:50:53.513 E/MpvBridgeModule( 8531): [PlaybackTrace][Bridge][listener:error] code=-1 message=
08-22 16:50:53.513 I/MpvEvent( 8531): [PlaybackTrace][Native][eventLoop] event_id=2 error=0
08-22 16:50:53.513 I/MpvEvent( 8531): [PlaybackTrace][Native][mpv-log] prefix=ytdl_hook level=error text=youtube-dl failed: not found or not enough permissions
08-22 16:50:53.513 E/MpvEvent( 8531): [PlaybackTrace][Native][dispatch:error] code=-1 message=youtube-dl failed: not found or not enough permissions
08-22 16:50:53.514 E/MpvBridgeModule( 8531): [PlaybackTrace][Bridge][listener:error] code=-1 message=youtube-dl failed: not found or not enough permissions
08-22 16:50:53.514 I/MpvEvent( 8531): [PlaybackTrace][Native][eventLoop] event_id=2 error=0
08-22 16:50:53.514 I/MpvEvent( 8531): [PlaybackTrace][Native][mpv-log] prefix=cplayer level=v text=finished playback, loading failed (reason 4)
08-22 16:50:53.514 D/mpv     ( 8531): [cplayer] v: finished playback, loading failed (reason 4)
08-22 16:50:53.514 I/MpvEvent( 8531): [PlaybackTrace][Native][eventLoop] event_id=2 error=0
08-22 16:50:53.615 I/ReactNativeJS( 8531): '[INFO]', '[PlaybackTrace][JS][loadFile:call]', { requestedPath: 'https://prod-1.storage.jamendo.com/?trackid=171&format=mp31&from=8CSIkMvwtD6jzKZ%2BPEaUMQ%3D%3D%7Cj5s5oI6ivq8l2vQOXyWixQ%3D%3D',
08-22 16:50:53.615 I/MpvBridgeModule( 8531): [PlaybackTrace][Bridge][loadFile] requested=https://prod-1.storage.jamendo.com/?trackid=171&format=mp31&from=8CSIkMvwtD6jzKZ%2BPEaUMQ%3D%3D%7Cj5s5oI6ivq8l2vQOXyWixQ%3D%3D resolved=https://prod-1.storage.jamendo.com/?trackid=171&format=mp31&from=8CSIkMvwtD6jzKZ%2BPEaUMQ%3D%3D%7Cj5s5oI6ivq8l2vQOXyWixQ%3D%3D ptr=131217388029824
08-22 16:50:53.615 I/MpvJNI  ( 8531): [PlaybackTrace][Native][loadFile] begin path=https://prod-1.storage.jamendo.com/?trackid=171&format=mp31&from=8CSIkMvwtD6jzKZ%2BPEaUMQ%3D%3D%7Cj5s5oI6ivq8l2vQOXyWixQ%3D%3D initialized=1
08-22 16:50:53.615 I/MpvJNI  ( 8531): [PlaybackTrace][Native][loadFile] loadfile command accepted result=0
08-22 16:50:53.615 I/MpvBridgeModule( 8531): [PlaybackTrace][Bridge][loadFile] nativeLoadFile returned
08-22 16:50:53.615 I/ReactNativeJS( 8531): '[INFO]', '[PlaybackTrace][JS][loadFile:return]', { resolvedPath: 'https://prod-1.storage.jamendo.com/?trackid=171&format=mp31&from=8CSIkMvwtD6jzKZ%2BPEaUMQ%3D%3D%7Cj5s5oI6ivq8l2vQOXyWixQ%3D%3D' }
08-22 16:50:53.616 I/MpvEvent( 8531): [PlaybackTrace][Native][eventLoop] event_id=6 error=0
08-22 16:50:53.616 I/MpvEvent( 8531): MPV_EVENT_START_FILE
08-22 16:50:53.625 I/MpvEvent( 8531): [PlaybackTrace][Native][eventLoop] event_id=2 error=0
08-22 16:50:53.625 I/MpvEvent( 8531): [PlaybackTrace][Native][eventLoop] event_id=2 error=0
08-22 16:50:53.625 I/MpvEvent( 8531): [PlaybackTrace][Native][eventLoop] event_id=2 error=0
08-22 16:50:53.625 I/MpvEvent( 8531): [PlaybackTrace][Native][eventLoop] event_id=2 error=0
08-22 16:50:53.625 I/MpvEvent( 8531): [PlaybackTrace][Native][eventLoop] event_id=2 error=0
08-22 16:50:53.625 I/MpvEvent( 8531): [PlaybackTrace][Native][eventLoop] event_id=2 error=0
08-22 16:50:53.625 D/mpv     ( 8531): [ffmpeg] v: Opening https://prod-1.storage.jamendo.com/?trackid=171&format=mp31&from=8CSIkMvwtD6jzKZ%2BPEaUMQ%3D%3D%7Cj5s5oI6ivq8l2vQOXyWixQ%3D%3D
08-22 16:50:53.741 I/ReactNativeJS( 8531): '[INFO]', '[PlaybackTrace][JS][loadFile:call]', { requestedPath: 'https://prod-1.storage.jamendo.com/?trackid=171&format=mp31&from=8CSIkMvwtD6jzKZ%2BPEaUMQ%3D%3D%7Cj5s5oI6ivq8l2vQOXyWixQ%3D%3D',
08-22 16:50:53.742 I/MpvBridgeModule( 8531): [PlaybackTrace][Bridge][loadFile] requested=https://prod-1.storage.jamendo.com/?trackid=171&format=mp31&from=8CSIkMvwtD6jzKZ%2BPEaUMQ%3D%3D%7Cj5s5oI6ivq8l2vQOXyWixQ%3D%3D resolved=https://prod-1.storage.jamendo.com/?trackid=171&format=mp31&from=8CSIkMvwtD6jzKZ%2BPEaUMQ%3D%3D%7Cj5s5oI6ivq8l2vQOXyWixQ%3D%3D ptr=131217388029824
08-22 16:50:53.742 I/MpvJNI  ( 8531): [PlaybackTrace][Native][loadFile] begin path=https://prod-1.storage.jamendo.com/?trackid=171&format=mp31&from=8CSIkMvwtD6jzKZ%2BPEaUMQ%3D%3D%7Cj5s5oI6ivq8l2vQOXyWixQ%3D%3D initialized=1
08-22 16:50:53.742 I/MpvJNI  ( 8531): [PlaybackTrace][Native][loadFile] loadfile command accepted result=0
08-22 16:50:53.742 I/ReactNativeJS( 8531): '[INFO]', '[PlaybackTrace][JS][loadFile:return]', { resolvedPath: 'https://prod-1.storage.jamendo.com/?trackid=171&format=mp31&from=8CSIkMvwtD6jzKZ%2BPEaUMQ%3D%3D%7Cj5s5oI6ivq8l2vQOXyWixQ%3D%3D' }
08-22 16:50:53.742 I/MpvBridgeModule( 8531): [PlaybackTrace][Bridge][loadFile] nativeLoadFile returned
08-22 16:50:53.743 I/MpvEvent( 8531): [PlaybackTrace][Native][eventLoop] event_id=2 error=0
08-22 16:50:53.771 I/ReactNativeJS( 8531): '[INFO]', '[PlaybackTrace][JS][loadFile:call]', { requestedPath: 'https://prod-1.storage.jamendo.com/?trackid=171&format=mp31&from=8CSIkMvwtD6jzKZ%2BPEaUMQ%3D%3D%7Cj5s5oI6ivq8l2vQOXyWixQ%3D%3D',
08-22 16:50:53.772 I/MpvBridgeModule( 8531): [PlaybackTrace][Bridge][loadFile] requested=https://prod-1.storage.jamendo.com/?trackid=171&format=mp31&from=8CSIkMvwtD6jzKZ%2BPEaUMQ%3D%3D%7Cj5s5oI6ivq8l2vQOXyWixQ%3D%3D resolved=https://prod-1.storage.jamendo.com/?trackid=171&format=mp31&from=8CSIkMvwtD6jzKZ%2BPEaUMQ%3D%3D%7Cj5s5oI6ivq8l2vQOXyWixQ%3D%3D ptr=131217388029824
08-22 16:50:53.772 I/MpvJNI  ( 8531): [PlaybackTrace][Native][loadFile] begin path=https://prod-1.storage.jamendo.com/?trackid=171&format=mp31&from=8CSIkMvwtD6jzKZ%2BPEaUMQ%3D%3D%7Cj5s5oI6ivq8l2vQOXyWixQ%3D%3D initialized=1
08-22 16:50:53.772 I/MpvJNI  ( 8531): [PlaybackTrace][Native][loadFile] loadfile command accepted result=0
08-22 16:50:53.772 I/ReactNativeJS( 8531): '[INFO]', '[PlaybackTrace][JS][loadFile:return]', { resolvedPath: 'https://prod-1.storage.jamendo.com/?trackid=171&format=mp31&from=8CSIkMvwtD6jzKZ%2BPEaUMQ%3D%3D%7Cj5s5oI6ivq8l2vQOXyWixQ%3D%3D' }
08-22 16:50:53.772 I/MpvBridgeModule( 8531): [PlaybackTrace][Bridge][loadFile] nativeLoadFile returned
08-22 16:50:53.775 I/MpvEvent( 8531): [PlaybackTrace][Native][eventLoop] event_id=2 error=0
08-22 16:50:53.835 I/MpvEvent( 8531): [PlaybackTrace][Native][eventLoop] event_id=2 error=0
08-22 16:50:53.835 I/MpvEvent( 8531): [PlaybackTrace][Native][mpv-log] prefix=cplayer level=v text=Opening failed or was aborted: https://prod-1.storage.jamendo.com/?trackid=171&format=mp31&from=8CSIkMvwtD6jzKZ%2BPEaUMQ%3D%3D%7Cj5s5oI6ivq8l2vQOXyWixQ%3D%3D
08-22 16:50:53.835 D/mpv     ( 8531): [cplayer] v: Opening failed or was aborted: https://prod-1.storage.jamendo.com/?trackid=171&format=mp31&from=8CSIkMvwtD6jzKZ%2BPEaUMQ%3D%3D%7Cj5s5oI6ivq8l2vQOXyWixQ%3D%3D
08-22 16:50:53.836 I/MpvEvent( 8531): [PlaybackTrace][Native][eventLoop] event_id=7 error=0
08-22 16:50:53.836 E/MpvEvent( 8531): [PlaybackTrace][Native][eventLoop] MPV_EVENT_END_FILE reason=2 error=0
08-22 16:50:53.836 I/MpvEvent( 8531): [PlaybackTrace][Native][dispatch:event] name=endFile payload={"reason":2,"error":0}
08-22 16:50:53.836 I/MpvBridgeModule( 8531): [PlaybackTrace][Bridge][listener:event] name=endFile payload={"reason":2,"error":0}
08-22 16:50:53.839 I/MpvEvent( 8531): [PlaybackTrace][Native][eventLoop] event_id=6 error=0
08-22 16:50:53.839 I/MpvEvent( 8531): MPV_EVENT_START_FILE
08-22 16:50:53.840 I/MpvEvent( 8531): [PlaybackTrace][Native][eventLoop] event_id=2 error=0
08-22 16:50:53.840 I/MpvEvent( 8531): [PlaybackTrace][Native][eventLoop] event_id=2 error=0
08-22 16:50:53.840 I/MpvEvent( 8531): [PlaybackTrace][Native][eventLoop] event_id=2 error=0
08-22 16:50:53.840 I/MpvEvent( 8531): [PlaybackTrace][Native][eventLoop] event_id=2 error=0
08-22 16:50:53.840 I/MpvEvent( 8531): [PlaybackTrace][Native][eventLoop] event_id=2 error=0
08-22 16:50:53.840 I/MpvEvent( 8531): [PlaybackTrace][Native][eventLoop] event_id=2 error=0
08-22 16:50:53.840 I/MpvEvent( 8531): [PlaybackTrace][Native][eventLoop] event_id=2 error=0
08-22 16:50:53.840 D/mpv     ( 8531): [ffmpeg] v: Opening https://prod-1.storage.jamendo.com/?trackid=171&format=mp31&from=8CSIkMvwtD6jzKZ%2BPEaUMQ%3D%3D%7Cj5s5oI6ivq8l2vQOXyWixQ%3D%3D
08-22 16:50:53.905 I/MpvEvent( 8531): [PlaybackTrace][Native][eventLoop] event_id=2 error=0
08-22 16:50:54.004 I/MpvEvent( 8531): [PlaybackTrace][Native][eventLoop] event_id=2 error=0
08-22 16:50:54.022 I/MpvEvent( 8531): [PlaybackTrace][Native][eventLoop] event_id=2 error=0
08-22 16:50:54.054 I/MpvEvent( 8531): [PlaybackTrace][Native][eventLoop] event_id=2 error=0
08-22 16:50:54.280 I/MpvEvent( 8531): [PlaybackTrace][Native][eventLoop] event_id=2 error=0
08-22 16:50:54.281 I/MpvEvent( 8531): [PlaybackTrace][Native][mpv-log] prefix=ffmpeg level=error text=tls: mbedtls_ssl_handshake returned -0x6600
08-22 16:50:54.281 D/mpv     ( 8531): [ffmpeg] error: tls: mbedtls_ssl_handshake returned -0x6600
08-22 16:50:54.281 E/MpvEvent( 8531): [PlaybackTrace][Native][dispatch:error] code=-1 message=tls: mbedtls_ssl_handshake returned -0x6600
08-22 16:50:54.282 E/MpvBridgeModule( 8531): [PlaybackTrace][Bridge][listener:error] code=-1 message=tls: mbedtls_ssl_handshake returned -0x6600
08-22 16:50:54.302 I/MpvEvent( 8531): [PlaybackTrace][Native][eventLoop] event_id=2 error=0
08-22 16:50:54.302 I/MpvEvent( 8531): [PlaybackTrace][Native][mpv-log] prefix=stream level=error text=Failed to open https://prod-1.storage.jamendo.com/?trackid=171&format=mp31&from=8CSIkMvwtD6jzKZ%2BPEaUMQ%3D%3D%7Cj5s5oI6ivq8l2vQOXyWixQ%3D%3D.
08-22 16:50:54.303 E/MpvEvent( 8531): [PlaybackTrace][Native][dispatch:error] code=-1 message=Failed to open https://prod-1.storage.jamendo.com/?trackid=171&format=mp31&from=8CSIkMvwtD6jzKZ%2BPEaUMQ%3D%3D%7Cj5s5oI6ivq8l2vQOXyWixQ%3D%3D.
08-22 16:50:54.304 E/MpvBridgeModule( 8531): [PlaybackTrace][Bridge][listener:error] code=-1 message=Failed to open https://prod-1.storage.jamendo.com/?trackid=171&format=mp31&from=8CSIkMvwtD6jzKZ%2BPEaUMQ%3D%3D%7Cj5s5oI6ivq8l2vQOXyWixQ%3D%3D.
08-22 16:50:54.307 I/MpvEvent( 8531): [PlaybackTrace][Native][eventLoop] event_id=2 error=0
08-22 16:50:54.307 I/MpvEvent( 8531): [PlaybackTrace][Native][mpv-log] prefix=cplayer level=v text=Opening failed or was aborted: https://prod-1.storage.jamendo.com/?trackid=171&format=mp31&from=8CSIkMvwtD6jzKZ%2BPEaUMQ%3D%3D%7Cj5s5oI6ivq8l2vQOXyWixQ%3D%3D
08-22 16:50:54.307 D/mpv     ( 8531): [cplayer] v: Opening failed or was aborted: https://prod-1.storage.jamendo.com/?trackid=171&format=mp31&from=8CSIkMvwtD6jzKZ%2BPEaUMQ%3D%3D%7Cj5s5oI6ivq8l2vQOXyWixQ%3D%3D
08-22 16:50:54.307 I/MpvEvent( 8531): [PlaybackTrace][Native][eventLoop] event_id=2 error=0
08-22 16:50:54.307 I/MpvEvent( 8531): [PlaybackTrace][Native][eventLoop] event_id=2 error=0
08-22 16:50:54.314 I/ReactNativeJS( 8531): '[INFO]', '[PlaybackTrace][JS][loadFile:call]', { requestedPath: 'https://prod-1.storage.jamendo.com/?trackid=171&format=mp31&from=8CSIkMvwtD6jzKZ%2BPEaUMQ%3D%3D%7Cj5s5oI6ivq8l2vQOXyWixQ%3D%3D',
08-22 16:50:54.315 I/MpvBridgeModule( 8531): [PlaybackTrace][Bridge][loadFile] requested=https://prod-1.storage.jamendo.com/?trackid=171&format=mp31&from=8CSIkMvwtD6jzKZ%2BPEaUMQ%3D%3D%7Cj5s5oI6ivq8l2vQOXyWixQ%3D%3D resolved=https://prod-1.storage.jamendo.com/?trackid=171&format=mp31&from=8CSIkMvwtD6jzKZ%2BPEaUMQ%3D%3D%7Cj5s5oI6ivq8l2vQOXyWixQ%3D%3D ptr=131217388029824
08-22 16:50:54.316 I/MpvJNI  ( 8531): [PlaybackTrace][Native][loadFile] begin path=https://prod-1.storage.jamendo.com/?trackid=171&format=mp31&from=8CSIkMvwtD6jzKZ%2BPEaUMQ%3D%3D%7Cj5s5oI6ivq8l2vQOXyWixQ%3D%3D initialized=1
08-22 16:50:54.316 I/ReactNativeJS( 8531): '[INFO]', '[PlaybackTrace][JS][loadFile:return]', { resolvedPath: 'https://prod-1.storage.jamendo.com/?trackid=171&format=mp31&from=8CSIkMvwtD6jzKZ%2BPEaUMQ%3D%3D%7Cj5s5oI6ivq8l2vQOXyWixQ%3D%3D' }
08-22 16:50:54.318 I/MpvJNI  ( 8531): [PlaybackTrace][Native][loadFile] loadfile command accepted result=0
08-22 16:50:54.318 I/MpvBridgeModule( 8531): [PlaybackTrace][Bridge][loadFile] nativeLoadFile returned
08-22 16:50:54.318 I/MpvEvent( 8531): [PlaybackTrace][Native][eventLoop] event_id=2 error=0
08-22 16:50:54.326 I/MpvEvent( 8531): [PlaybackTrace][Native][eventLoop] event_id=2 error=0
08-22 16:50:54.326 I/MpvEvent( 8531): [PlaybackTrace][Native][mpv-log] prefix=ytdl_hook level=error text=Subprocess failed: init
08-22 16:50:54.326 E/MpvEvent( 8531): [PlaybackTrace][Native][dispatch:error] code=-1 message=Subprocess failed: init
08-22 16:50:54.326 E/MpvBridgeModule( 8531): [PlaybackTrace][Bridge][listener:error] code=-1 message=Subprocess failed: init
08-22 16:50:54.327 I/MpvEvent( 8531): [PlaybackTrace][Native][eventLoop] event_id=2 error=0
08-22 16:50:54.327 I/MpvEvent( 8531): [PlaybackTrace][Native][mpv-log] prefix=cplayer level=v text=Set property: user-data/mpv/ytdl/json-subprocess-result={"killed_by_us":false,"error_string":"init","status":-3,"stderr":"","stdout":""} -> 1
08-22 16:50:54.327 D/mpv     ( 8531): [cplayer] v: Set property: user-data/mpv/ytdl/json-subprocess-result={"killed_by_us":false,"error_string":"init","status":-3,"stderr":"","stdout":""} -> 1
08-22 16:50:54.327 I/MpvEvent( 8531): [PlaybackTrace][Native][eventLoop] event_id=2 error=0
08-22 16:50:54.327 I/MpvEvent( 8531): [PlaybackTrace][Native][eventLoop] event_id=2 error=0
08-22 16:50:54.327 I/MpvEvent( 8531): [PlaybackTrace][Native][eventLoop] event_id=2 error=0
08-22 16:50:54.327 I/MpvEvent( 8531): [PlaybackTrace][Native][eventLoop] event_id=2 error=0
08-22 16:50:54.327 I/MpvEvent( 8531): [PlaybackTrace][Native][eventLoop] event_id=2 error=0
08-22 16:50:54.327 I/MpvEvent( 8531): [PlaybackTrace][Native][mpv-log] prefix=ytdl_hook level=error text=
08-22 16:50:54.327 E/MpvEvent( 8531): [PlaybackTrace][Native][dispatch:error] code=-1 message=
08-22 16:50:54.328 E/MpvBridgeModule( 8531): [PlaybackTrace][Bridge][listener:error] code=-1 message=
08-22 16:50:54.328 I/MpvEvent( 8531): [PlaybackTrace][Native][eventLoop] event_id=2 error=0
08-22 16:50:54.328 I/MpvEvent( 8531): [PlaybackTrace][Native][mpv-log] prefix=ytdl_hook level=error text=youtube-dl failed: not found or not enough permissions
08-22 16:50:54.328 E/MpvEvent( 8531): [PlaybackTrace][Native][dispatch:error] code=-1 message=youtube-dl failed: not found or not enough permissions
08-22 16:50:54.329 E/MpvBridgeModule( 8531): [PlaybackTrace][Bridge][listener:error] code=-1 message=youtube-dl failed: not found or not enough permissions
08-22 16:50:54.329 I/MpvEvent( 8531): [PlaybackTrace][Native][eventLoop] event_id=7 error=0
08-22 16:50:54.330 E/MpvEvent( 8531): [PlaybackTrace][Native][eventLoop] MPV_EVENT_END_FILE reason=2 error=0
08-22 16:50:54.330 I/MpvEvent( 8531): [PlaybackTrace][Native][dispatch:event] name=endFile payload={"reason":2,"error":0}
08-22 16:50:54.330 I/MpvBridgeModule( 8531): [PlaybackTrace][Bridge][listener:event] name=endFile payload={"reason":2,"error":0}
08-22 16:50:54.331 I/MpvEvent( 8531): [PlaybackTrace][Native][eventLoop] event_id=6 error=0
08-22 16:50:54.331 I/MpvEvent( 8531): MPV_EVENT_START_FILE
08-22 16:50:54.332 I/MpvEvent( 8531): [PlaybackTrace][Native][eventLoop] event_id=2 error=0
08-22 16:50:54.332 I/MpvEvent( 8531): [PlaybackTrace][Native][eventLoop] event_id=2 error=0
08-22 16:50:54.332 I/MpvEvent( 8531): [PlaybackTrace][Native][eventLoop] event_id=2 error=0
08-22 16:50:54.332 I/MpvEvent( 8531): [PlaybackTrace][Native][eventLoop] event_id=2 error=0
08-22 16:50:54.332 I/MpvEvent( 8531): [PlaybackTrace][Native][eventLoop] event_id=2 error=0
08-22 16:50:54.332 I/MpvEvent( 8531): [PlaybackTrace][Native][eventLoop] event_id=2 error=0
08-22 16:50:54.333 I/MpvEvent( 8531): [PlaybackTrace][Native][eventLoop] event_id=2 error=0
08-22 16:50:54.333 D/mpv     ( 8531): [ffmpeg] v: Opening https://prod-1.storage.jamendo.com/?trackid=171&format=mp31&from=8CSIkMvwtD6jzKZ%2BPEaUMQ%3D%3D%7Cj5s5oI6ivq8l2vQOXyWixQ%3D%3D
08-22 16:50:54.422 I/ReactNativeJS( 8531): '[INFO]', '[PlaybackTrace][JS][loadFile:call]', { requestedPath: 'https://prod-1.storage.jamendo.com/?trackid=171&format=mp31&from=8CSIkMvwtD6jzKZ%2BPEaUMQ%3D%3D%7Cj5s5oI6ivq8l2vQOXyWixQ%3D%3D',
08-22 16:50:54.422 I/MpvBridgeModule( 8531): [PlaybackTrace][Bridge][loadFile] requested=https://prod-1.storage.jamendo.com/?trackid=171&format=mp31&from=8CSIkMvwtD6jzKZ%2BPEaUMQ%3D%3D%7Cj5s5oI6ivq8l2vQOXyWixQ%3D%3D resolved=https://prod-1.storage.jamendo.com/?trackid=171&format=mp31&from=8CSIkMvwtD6jzKZ%2BPEaUMQ%3D%3D%7Cj5s5oI6ivq8l2vQOXyWixQ%3D%3D ptr=131217388029824
08-22 16:50:54.422 I/MpvJNI  ( 8531): [PlaybackTrace][Native][loadFile] begin path=https://prod-1.storage.jamendo.com/?trackid=171&format=mp31&from=8CSIkMvwtD6jzKZ%2BPEaUMQ%3D%3D%7Cj5s5oI6ivq8l2vQOXyWixQ%3D%3D initialized=1
08-22 16:50:54.422 I/ReactNativeJS( 8531): '[INFO]', '[PlaybackTrace][JS][loadFile:return]', { resolvedPath: 'https://prod-1.storage.jamendo.com/?trackid=171&format=mp31&from=8CSIkMvwtD6jzKZ%2BPEaUMQ%3D%3D%7Cj5s5oI6ivq8l2vQOXyWixQ%3D%3D' }
08-22 16:50:54.422 I/MpvJNI  ( 8531): [PlaybackTrace][Native][loadFile] loadfile command accepted result=0
08-22 16:50:54.423 I/MpvBridgeModule( 8531): [PlaybackTrace][Bridge][loadFile] nativeLoadFile returned
08-22 16:50:54.425 I/MpvEvent( 8531): [PlaybackTrace][Native][eventLoop] event_id=2 error=0
08-22 16:50:54.442 I/MpvEvent( 8531): [PlaybackTrace][Native][eventLoop] event_id=2 error=0
08-22 16:50:54.442 I/MpvEvent( 8531): [PlaybackTrace][Native][mpv-log] prefix=cplayer level=v text=Opening failed or was aborted: https://prod-1.storage.jamendo.com/?trackid=171&format=mp31&from=8CSIkMvwtD6jzKZ%2BPEaUMQ%3D%3D%7Cj5s5oI6ivq8l2vQOXyWixQ%3D%3D
08-22 16:50:54.443 D/mpv     ( 8531): [cplayer] v: Opening failed or was aborted: https://prod-1.storage.jamendo.com/?trackid=171&format=mp31&from=8CSIkMvwtD6jzKZ%2BPEaUMQ%3D%3D%7Cj5s5oI6ivq8l2vQOXyWixQ%3D%3D
08-22 16:50:54.443 I/MpvEvent( 8531): [PlaybackTrace][Native][eventLoop] event_id=7 error=0
08-22 16:50:54.443 E/MpvEvent( 8531): [PlaybackTrace][Native][eventLoop] MPV_EVENT_END_FILE reason=2 error=0
08-22 16:50:54.443 I/MpvEvent( 8531): [PlaybackTrace][Native][dispatch:event] name=endFile payload={"reason":2,"error":0}
08-22 16:50:54.444 I/MpvBridgeModule( 8531): [PlaybackTrace][Bridge][listener:event] name=endFile payload={"reason":2,"error":0}
08-22 16:50:54.447 I/MpvEvent( 8531): [PlaybackTrace][Native][eventLoop] event_id=2 error=0
08-22 16:50:54.447 I/MpvEvent( 8531): [PlaybackTrace][Native][eventLoop] event_id=2 error=0
08-22 16:50:54.447 I/MpvEvent( 8531): [PlaybackTrace][Native][eventLoop] event_id=6 error=0
08-22 16:50:54.447 I/MpvEvent( 8531): MPV_EVENT_START_FILE
08-22 16:50:54.448 I/MpvEvent( 8531): [PlaybackTrace][Native][eventLoop] event_id=2 error=0
08-22 16:50:54.448 I/MpvEvent( 8531): [PlaybackTrace][Native][eventLoop] event_id=2 error=0
08-22 16:50:54.448 I/MpvEvent( 8531): [PlaybackTrace][Native][eventLoop] event_id=2 error=0
08-22 16:50:54.449 I/MpvEvent( 8531): [PlaybackTrace][Native][eventLoop] event_id=2 error=0
08-22 16:50:54.449 I/MpvEvent( 8531): [PlaybackTrace][Native][eventLoop] event_id=2 error=0
08-22 16:50:54.450 D/mpv     ( 8531): [ffmpeg] v: Opening https://prod-1.storage.jamendo.com/?trackid=171&format=mp31&from=8CSIkMvwtD6jzKZ%2BPEaUMQ%3D%3D%7Cj5s5oI6ivq8l2vQOXyWixQ%3D%3D
08-22 16:50:54.531 I/ReactNativeJS( 8531): '[INFO]', '[PlaybackTrace][JS][loadFile:call]', { requestedPath: 'https://prod-1.storage.jamendo.com/?trackid=171&format=mp31&from=8CSIkMvwtD6jzKZ%2BPEaUMQ%3D%3D%7Cj5s5oI6ivq8l2vQOXyWixQ%3D%3D',
08-22 16:50:54.531 I/ReactNativeJS( 8531): '[INFO]', '[PlaybackTrace][JS][loadFile:return]', { resolvedPath: 'https://prod-1.storage.jamendo.com/?trackid=171&format=mp31&from=8CSIkMvwtD6jzKZ%2BPEaUMQ%3D%3D%7Cj5s5oI6ivq8l2vQOXyWixQ%3D%3D' }
08-22 16:50:54.532 I/MpvBridgeModule( 8531): [PlaybackTrace][Bridge][loadFile] requested=https://prod-1.storage.jamendo.com/?trackid=171&format=mp31&from=8CSIkMvwtD6jzKZ%2BPEaUMQ%3D%3D%7Cj5s5oI6ivq8l2vQOXyWixQ%3D%3D resolved=https://prod-1.storage.jamendo.com/?trackid=171&format=mp31&from=8CSIkMvwtD6jzKZ%2BPEaUMQ%3D%3D%7Cj5s5oI6ivq8l2vQOXyWixQ%3D%3D ptr=131217388029824
08-22 16:50:54.532 I/MpvJNI  ( 8531): [PlaybackTrace][Native][loadFile] begin path=https://prod-1.storage.jamendo.com/?trackid=171&format=mp31&from=8CSIkMvwtD6jzKZ%2BPEaUMQ%3D%3D%7Cj5s5oI6ivq8l2vQOXyWixQ%3D%3D initialized=1
08-22 16:50:54.532 I/MpvJNI  ( 8531): [PlaybackTrace][Native][loadFile] loadfile command accepted result=0
08-22 16:50:54.533 I/MpvBridgeModule( 8531): [PlaybackTrace][Bridge][loadFile] nativeLoadFile returned
08-22 16:50:54.536 I/MpvEvent( 8531): [PlaybackTrace][Native][eventLoop] event_id=2 error=0
08-22 16:50:54.553 I/MpvEvent( 8531): [PlaybackTrace][Native][eventLoop] event_id=2 error=0
08-22 16:50:54.553 I/MpvEvent( 8531): [PlaybackTrace][Native][mpv-log] prefix=cplayer level=v text=Opening failed or was aborted: https://prod-1.storage.jamendo.com/?trackid=171&format=mp31&from=8CSIkMvwtD6jzKZ%2BPEaUMQ%3D%3D%7Cj5s5oI6ivq8l2vQOXyWixQ%3D%3D
08-22 16:50:54.553 D/mpv     ( 8531): [cplayer] v: Opening failed or was aborted: https://prod-1.storage.jamendo.com/?trackid=171&format=mp31&from=8CSIkMvwtD6jzKZ%2BPEaUMQ%3D%3D%7Cj5s5oI6ivq8l2vQOXyWixQ%3D%3D
08-22 16:50:54.555 I/MpvEvent( 8531): [PlaybackTrace][Native][eventLoop] event_id=7 error=0
08-22 16:50:54.555 E/MpvEvent( 8531): [PlaybackTrace][Native][eventLoop] MPV_EVENT_END_FILE reason=2 error=0
08-22 16:50:54.555 I/MpvEvent( 8531): [PlaybackTrace][Native][dispatch:event] name=endFile payload={"reason":2,"error":0}
08-22 16:50:54.556 I/MpvBridgeModule( 8531): [PlaybackTrace][Bridge][listener:event] name=endFile payload={"reason":2,"error":0}
08-22 16:50:54.556 I/MpvEvent( 8531): [PlaybackTrace][Native][eventLoop] event_id=2 error=0
08-22 16:50:54.556 I/MpvEvent( 8531): [PlaybackTrace][Native][eventLoop] event_id=6 error=0
08-22 16:50:54.556 I/MpvEvent( 8531): MPV_EVENT_START_FILE
08-22 16:50:54.557 I/MpvEvent( 8531): [PlaybackTrace][Native][eventLoop] event_id=2 error=0
08-22 16:50:54.558 I/MpvEvent( 8531): [PlaybackTrace][Native][eventLoop] event_id=2 error=0
08-22 16:50:54.558 I/MpvEvent( 8531): [PlaybackTrace][Native][eventLoop] event_id=2 error=0
08-22 16:50:54.558 I/MpvEvent( 8531): [PlaybackTrace][Native][eventLoop] event_id=2 error=0
08-22 16:50:54.559 I/MpvEvent( 8531): [PlaybackTrace][Native][eventLoop] event_id=2 error=0
08-22 16:50:54.559 I/MpvEvent( 8531): [PlaybackTrace][Native][eventLoop] event_id=2 error=0
08-22 16:50:54.559 D/mpv     ( 8531): [ffmpeg] v: Opening https://prod-1.storage.jamendo.com/?trackid=171&format=mp31&from=8CSIkMvwtD6jzKZ%2BPEaUMQ%3D%3D%7Cj5s5oI6ivq8l2vQOXyWixQ%3D%3D
08-22 16:50:54.640 I/MpvEvent( 8531): [PlaybackTrace][Native][eventLoop] event_id=2 error=0
08-22 16:50:54.703 I/MpvEvent( 8531): [PlaybackTrace][Native][eventLoop] event_id=2 error=0
08-22 16:50:54.819 I/MpvEvent( 8531): [PlaybackTrace][Native][eventLoop] event_id=2 error=0
08-22 16:50:54.997 I/MpvEvent( 8531): [PlaybackTrace][Native][eventLoop] event_id=2 error=0
08-22 16:50:54.997 I/MpvEvent( 8531): [PlaybackTrace][Native][mpv-log] prefix=ffmpeg level=error text=tls: mbedtls_ssl_handshake returned -0x6600
08-22 16:50:54.997 D/mpv     ( 8531): [ffmpeg] error: tls: mbedtls_ssl_handshake returned -0x6600
08-22 16:50:54.998 E/MpvEvent( 8531): [PlaybackTrace][Native][dispatch:error] code=-1 message=tls: mbedtls_ssl_handshake returned -0x6600
08-22 16:50:54.999 E/MpvBridgeModule( 8531): [PlaybackTrace][Bridge][listener:error] code=-1 message=tls: mbedtls_ssl_handshake returned -0x6600
08-22 16:50:55.018 I/MpvEvent( 8531): [PlaybackTrace][Native][eventLoop] event_id=2 error=0
08-22 16:50:55.018 I/MpvEvent( 8531): [PlaybackTrace][Native][mpv-log] prefix=stream level=error text=Failed to open https://prod-1.storage.jamendo.com/?trackid=171&format=mp31&from=8CSIkMvwtD6jzKZ%2BPEaUMQ%3D%3D%7Cj5s5oI6ivq8l2vQOXyWixQ%3D%3D.
08-22 16:50:55.018 E/MpvEvent( 8531): [PlaybackTrace][Native][dispatch:error] code=-1 message=Failed to open https://prod-1.storage.jamendo.com/?trackid=171&format=mp31&from=8CSIkMvwtD6jzKZ%2BPEaUMQ%3D%3D%7Cj5s5oI6ivq8l2vQOXyWixQ%3D%3D.
08-22 16:50:55.019 E/MpvBridgeModule( 8531): [PlaybackTrace][Bridge][listener:error] code=-1 message=Failed to open https://prod-1.storage.jamendo.com/?trackid=171&format=mp31&from=8CSIkMvwtD6jzKZ%2BPEaUMQ%3D%3D%7Cj5s5oI6ivq8l2vQOXyWixQ%3D%3D.
08-22 16:50:55.020 I/MpvEvent( 8531): [PlaybackTrace][Native][eventLoop] event_id=2 error=0
08-22 16:50:55.021 I/MpvEvent( 8531): [PlaybackTrace][Native][mpv-log] prefix=cplayer level=v text=Opening failed or was aborted: https://prod-1.storage.jamendo.com/?trackid=171&format=mp31&from=8CSIkMvwtD6jzKZ%2BPEaUMQ%3D%3D%7Cj5s5oI6ivq8l2vQOXyWixQ%3D%3D
08-22 16:50:55.021 D/mpv     ( 8531): [cplayer] v: Opening failed or was aborted: https://prod-1.storage.jamendo.com/?trackid=171&format=mp31&from=8CSIkMvwtD6jzKZ%2BPEaUMQ%3D%3D%7Cj5s5oI6ivq8l2vQOXyWixQ%3D%3D
08-22 16:50:55.021 I/MpvEvent( 8531): [PlaybackTrace][Native][eventLoop] event_id=2 error=0
08-22 16:50:55.021 I/MpvEvent( 8531): [PlaybackTrace][Native][eventLoop] event_id=2 error=0
08-22 16:50:55.043 I/MpvEvent( 8531): [PlaybackTrace][Native][eventLoop] event_id=2 error=0
08-22 16:50:55.043 I/MpvEvent( 8531): [PlaybackTrace][Native][mpv-log] prefix=ytdl_hook level=error text=Subprocess failed: init
08-22 16:50:55.043 E/MpvEvent( 8531): [PlaybackTrace][Native][dispatch:error] code=-1 message=Subprocess failed: init
08-22 16:50:55.044 E/MpvBridgeModule( 8531): [PlaybackTrace][Bridge][listener:error] code=-1 message=Subprocess failed: init
08-22 16:50:55.046 I/MpvEvent( 8531): [PlaybackTrace][Native][eventLoop] event_id=7 error=0
08-22 16:50:55.046 E/MpvEvent( 8531): [PlaybackTrace][Native][eventLoop] MPV_EVENT_END_FILE reason=4 error=-13
08-22 16:50:55.046 I/MpvEvent( 8531): [PlaybackTrace][Native][dispatch:event] name=endFile payload={"reason":4,"error":-13}
08-22 16:50:55.046 I/MpvBridgeModule( 8531): [PlaybackTrace][Bridge][listener:event] name=endFile payload={"reason":4,"error":-13}
08-22 16:50:55.046 I/MpvEvent( 8531): [PlaybackTrace][Native][eventLoop] event_id=11 error=0
08-22 16:50:55.046 I/MpvEvent( 8531): [PlaybackTrace][Native][eventLoop] event_id=2 error=0
08-22 16:50:55.046 I/MpvEvent( 8531): [PlaybackTrace][Native][mpv-log] prefix=cplayer level=v text=Set property: user-data/mpv/ytdl/json-subprocess-result={"killed_by_us":false,"error_string":"init","status":-3,"stderr":"","stdout":""} -> 1
08-22 16:50:55.046 D/mpv     ( 8531): [cplayer] v: Set property: user-data/mpv/ytdl/json-subprocess-result={"killed_by_us":false,"error_string":"init","status":-3,"stderr":"","stdout":""} -> 1
08-22 16:50:55.046 I/MpvEvent( 8531): [PlaybackTrace][Native][eventLoop] event_id=2 error=0
08-22 16:50:55.047 I/MpvEvent( 8531): [PlaybackTrace][Native][eventLoop] event_id=2 error=0
08-22 16:50:55.047 I/MpvEvent( 8531): [PlaybackTrace][Native][eventLoop] event_id=2 error=0
08-22 16:50:55.047 I/MpvEvent( 8531): [PlaybackTrace][Native][eventLoop] event_id=2 error=0
08-22 16:50:55.047 I/MpvEvent( 8531): [PlaybackTrace][Native][eventLoop] event_id=2 error=0
08-22 16:50:55.047 I/MpvEvent( 8531): [PlaybackTrace][Native][mpv-log] prefix=ytdl_hook level=error text=
08-22 16:50:55.047 E/MpvEvent( 8531): [PlaybackTrace][Native][dispatch:error] code=-1 message=
08-22 16:50:55.047 E/MpvBridgeModule( 8531): [PlaybackTrace][Bridge][listener:error] code=-1 message=
08-22 16:50:55.048 I/MpvEvent( 8531): [PlaybackTrace][Native][eventLoop] event_id=2 error=0
08-22 16:50:55.048 I/MpvEvent( 8531): [PlaybackTrace][Native][mpv-log] prefix=ytdl_hook level=error text=youtube-dl failed: not found or not enough permissions
08-22 16:50:55.048 E/MpvEvent( 8531): [PlaybackTrace][Native][dispatch:error] code=-1 message=youtube-dl failed: not found or not enough permissions
08-22 16:50:55.048 E/MpvBridgeModule( 8531): [PlaybackTrace][Bridge][listener:error] code=-1 message=youtube-dl failed: not found or not enough permissions
08-22 16:50:55.048 I/MpvEvent( 8531): [PlaybackTrace][Native][eventLoop] event_id=2 error=0
08-22 16:50:55.048 I/MpvEvent( 8531): [PlaybackTrace][Native][mpv-log] prefix=cplayer level=v text=finished playback, loading failed (reason 4)
08-22 16:50:55.048 D/mpv     ( 8531): [cplayer] v: finished playback, loading failed (reason 4)
08-22 16:50:55.048 I/MpvEvent( 8531): [PlaybackTrace][Native][eventLoop] event_id=2 error=0
08-22 16:50:55.142 I/ReactNativeJS( 8531): '[INFO]', '[PlaybackTrace][JS][loadFile:call]', { requestedPath: 'https://prod-1.storage.jamendo.com/?trackid=171&format=mp31&from=8CSIkMvwtD6jzKZ%2BPEaUMQ%3D%3D%7Cj5s5oI6ivq8l2vQOXyWixQ%3D%3D',
08-22 16:50:55.142 I/ReactNativeJS( 8531): '[INFO]', '[PlaybackTrace][JS][loadFile:return]', { resolvedPath: 'https://prod-1.storage.jamendo.com/?trackid=171&format=mp31&from=8CSIkMvwtD6jzKZ%2BPEaUMQ%3D%3D%7Cj5s5oI6ivq8l2vQOXyWixQ%3D%3D' }
08-22 16:50:55.142 I/MpvBridgeModule( 8531): [PlaybackTrace][Bridge][loadFile] requested=https://prod-1.storage.jamendo.com/?trackid=171&format=mp31&from=8CSIkMvwtD6jzKZ%2BPEaUMQ%3D%3D%7Cj5s5oI6ivq8l2vQOXyWixQ%3D%3D resolved=https://prod-1.storage.jamendo.com/?trackid=171&format=mp31&from=8CSIkMvwtD6jzKZ%2BPEaUMQ%3D%3D%7Cj5s5oI6ivq8l2vQOXyWixQ%3D%3D ptr=131217388029824
08-22 16:50:55.142 I/MpvJNI  ( 8531): [PlaybackTrace][Native][loadFile] begin path=https://prod-1.storage.jamendo.com/?trackid=171&format=mp31&from=8CSIkMvwtD6jzKZ%2BPEaUMQ%3D%3D%7Cj5s5oI6ivq8l2vQOXyWixQ%3D%3D initialized=1
08-22 16:50:55.143 I/MpvJNI  ( 8531): [PlaybackTrace][Native][loadFile] loadfile command accepted result=0
08-22 16:50:55.143 I/MpvBridgeModule( 8531): [PlaybackTrace][Bridge][loadFile] nativeLoadFile returned
08-22 16:50:55.144 I/MpvEvent( 8531): [PlaybackTrace][Native][eventLoop] event_id=6 error=0
08-22 16:50:55.144 I/MpvEvent( 8531): MPV_EVENT_START_FILE
08-22 16:50:55.148 I/MpvEvent( 8531): [PlaybackTrace][Native][eventLoop] event_id=2 error=0
08-22 16:50:55.148 I/MpvEvent( 8531): [PlaybackTrace][Native][eventLoop] event_id=2 error=0
08-22 16:50:55.148 I/MpvEvent( 8531): [PlaybackTrace][Native][eventLoop] event_id=2 error=0
08-22 16:50:55.149 I/MpvEvent( 8531): [PlaybackTrace][Native][eventLoop] event_id=2 error=0
08-22 16:50:55.149 I/MpvEvent( 8531): [PlaybackTrace][Native][eventLoop] event_id=2 error=0
08-22 16:50:55.149 I/MpvEvent( 8531): [PlaybackTrace][Native][eventLoop] event_id=2 error=0
08-22 16:50:55.149 D/mpv     ( 8531): [ffmpeg] v: Opening https://prod-1.storage.jamendo.com/?trackid=171&format=mp31&from=8CSIkMvwtD6jzKZ%2BPEaUMQ%3D%3D%7Cj5s5oI6ivq8l2vQOXyWixQ%3D%3D
08-22 16:50:55.155 I/ReactNativeJS( 8531): '[INFO]', '[PlaybackTrace][JS][loadFile:call]', { requestedPath: 'https://prod-1.storage.jamendo.com/?trackid=171&format=mp31&from=8CSIkMvwtD6jzKZ%2BPEaUMQ%3D%3D%7Cj5s5oI6ivq8l2vQOXyWixQ%3D%3D',
08-22 16:50:55.155 I/ReactNativeJS( 8531): '[INFO]', '[PlaybackTrace][JS][loadFile:return]', { resolvedPath: 'https://prod-1.storage.jamendo.com/?trackid=171&format=mp31&from=8CSIkMvwtD6jzKZ%2BPEaUMQ%3D%3D%7Cj5s5oI6ivq8l2vQOXyWixQ%3D%3D' }
08-22 16:50:55.157 I/MpvBridgeModule( 8531): [PlaybackTrace][Bridge][loadFile] requested=https://prod-1.storage.jamendo.com/?trackid=171&format=mp31&from=8CSIkMvwtD6jzKZ%2BPEaUMQ%3D%3D%7Cj5s5oI6ivq8l2vQOXyWixQ%3D%3D resolved=https://prod-1.storage.jamendo.com/?trackid=171&format=mp31&from=8CSIkMvwtD6jzKZ%2BPEaUMQ%3D%3D%7Cj5s5oI6ivq8l2vQOXyWixQ%3D%3D ptr=131217388029824
08-22 16:50:55.157 I/MpvJNI  ( 8531): [PlaybackTrace][Native][loadFile] begin path=https://prod-1.storage.jamendo.com/?trackid=171&format=mp31&from=8CSIkMvwtD6jzKZ%2BPEaUMQ%3D%3D%7Cj5s5oI6ivq8l2vQOXyWixQ%3D%3D initialized=1
08-22 16:50:55.157 I/MpvJNI  ( 8531): [PlaybackTrace][Native][loadFile] loadfile command accepted result=0
08-22 16:50:55.157 I/MpvBridgeModule( 8531): [PlaybackTrace][Bridge][loadFile] nativeLoadFile returned
08-22 16:50:55.158 I/MpvEvent( 8531): [PlaybackTrace][Native][eventLoop] event_id=2 error=0
08-22 16:50:55.238 I/ReactNativeJS( 8531): '[INFO]', '[PlaybackTrace][JS][loadFile:call]', { requestedPath: 'https://prod-1.storage.jamendo.com/?trackid=171&format=mp31&from=8CSIkMvwtD6jzKZ%2BPEaUMQ%3D%3D%7Cj5s5oI6ivq8l2vQOXyWixQ%3D%3D',
08-22 16:50:55.238 I/MpvBridgeModule( 8531): [PlaybackTrace][Bridge][loadFile] requested=https://prod-1.storage.jamendo.com/?trackid=171&format=mp31&from=8CSIkMvwtD6jzKZ%2BPEaUMQ%3D%3D%7Cj5s5oI6ivq8l2vQOXyWixQ%3D%3D resolved=https://prod-1.storage.jamendo.com/?trackid=171&format=mp31&from=8CSIkMvwtD6jzKZ%2BPEaUMQ%3D%3D%7Cj5s5oI6ivq8l2vQOXyWixQ%3D%3D ptr=131217388029824
08-22 16:50:55.238 I/MpvJNI  ( 8531): [PlaybackTrace][Native][loadFile] begin path=https://prod-1.storage.jamendo.com/?trackid=171&format=mp31&from=8CSIkMvwtD6jzKZ%2BPEaUMQ%3D%3D%7Cj5s5oI6ivq8l2vQOXyWixQ%3D%3D initialized=1
08-22 16:50:55.238 I/MpvJNI  ( 8531): [PlaybackTrace][Native][loadFile] loadfile command accepted result=0
08-22 16:50:55.239 I/MpvBridgeModule( 8531): [PlaybackTrace][Bridge][loadFile] nativeLoadFile returned
08-22 16:50:55.239 I/ReactNativeJS( 8531): '[INFO]', '[PlaybackTrace][JS][loadFile:return]', { resolvedPath: 'https://prod-1.storage.jamendo.com/?trackid=171&format=mp31&from=8CSIkMvwtD6jzKZ%2BPEaUMQ%3D%3D%7Cj5s5oI6ivq8l2vQOXyWixQ%3D%3D' }
08-22 16:50:55.241 I/MpvEvent( 8531): [PlaybackTrace][Native][eventLoop] event_id=2 error=0
08-22 16:50:55.254 I/MpvEvent( 8531): [PlaybackTrace][Native][eventLoop] event_id=2 error=0
08-22 16:50:55.254 I/MpvEvent( 8531): [PlaybackTrace][Native][mpv-log] prefix=cplayer level=v text=Opening failed or was aborted: https://prod-1.storage.jamendo.com/?trackid=171&format=mp31&from=8CSIkMvwtD6jzKZ%2BPEaUMQ%3D%3D%7Cj5s5oI6ivq8l2vQOXyWixQ%3D%3D
08-22 16:50:55.254 D/mpv     ( 8531): [cplayer] v: Opening failed or was aborted: https://prod-1.storage.jamendo.com/?trackid=171&format=mp31&from=8CSIkMvwtD6jzKZ%2BPEaUMQ%3D%3D%7Cj5s5oI6ivq8l2vQOXyWixQ%3D%3D
08-22 16:50:55.255 I/MpvEvent( 8531): [PlaybackTrace][Native][eventLoop] event_id=7 error=0
08-22 16:50:55.255 E/MpvEvent( 8531): [PlaybackTrace][Native][eventLoop] MPV_EVENT_END_FILE reason=2 error=0
08-22 16:50:55.255 I/MpvEvent( 8531): [PlaybackTrace][Native][dispatch:event] name=endFile payload={"reason":2,"error":0}
08-22 16:50:55.255 I/MpvBridgeModule( 8531): [PlaybackTrace][Bridge][listener:event] name=endFile payload={"reason":2,"error":0}
08-22 16:50:55.256 I/MpvEvent( 8531): [PlaybackTrace][Native][eventLoop] event_id=6 error=0
08-22 16:50:55.256 I/MpvEvent( 8531): MPV_EVENT_START_FILE
08-22 16:50:55.257 I/MpvEvent( 8531): [PlaybackTrace][Native][eventLoop] event_id=2 error=0
08-22 16:50:55.257 I/MpvEvent( 8531): [PlaybackTrace][Native][eventLoop] event_id=2 error=0
08-22 16:50:55.257 I/MpvEvent( 8531): [PlaybackTrace][Native][eventLoop] event_id=2 error=0
08-22 16:50:55.257 I/MpvEvent( 8531): [PlaybackTrace][Native][eventLoop] event_id=2 error=0
08-22 16:50:55.257 I/MpvEvent( 8531): [PlaybackTrace][Native][eventLoop] event_id=2 error=0
08-22 16:50:55.257 I/MpvEvent( 8531): [PlaybackTrace][Native][eventLoop] event_id=2 error=0
08-22 16:50:55.257 I/MpvEvent( 8531): [PlaybackTrace][Native][eventLoop] event_id=2 error=0
08-22 16:50:55.257 D/mpv     ( 8531): [ffmpeg] v: Opening https://prod-1.storage.jamendo.com/?trackid=171&format=mp31&from=8CSIkMvwtD6jzKZ%2BPEaUMQ%3D%3D%7Cj5s5oI6ivq8l2vQOXyWixQ%3D%3D
08-22 16:50:55.419 I/MpvEvent( 8531): [PlaybackTrace][Native][eventLoop] event_id=2 error=0
08-22 16:50:55.437 I/MpvEvent( 8531): [PlaybackTrace][Native][eventLoop] event_id=2 error=0
08-22 16:50:55.519 I/MpvEvent( 8531): [PlaybackTrace][Native][eventLoop] event_id=2 error=0
08-22 16:50:55.836 I/ReactNativeJS( 8531): '[INFO]', '[PlaybackTrace][JS][loadFile:call]', { requestedPath: 'https://prod-1.storage.jamendo.com/?trackid=171&format=mp31&from=8CSIkMvwtD6jzKZ%2BPEaUMQ%3D%3D%7Cj5s5oI6ivq8l2vQOXyWixQ%3D%3D',
08-22 16:50:55.837 I/MpvBridgeModule( 8531): [PlaybackTrace][Bridge][loadFile] requested=https://prod-1.storage.jamendo.com/?trackid=171&format=mp31&from=8CSIkMvwtD6jzKZ%2BPEaUMQ%3D%3D%7Cj5s5oI6ivq8l2vQOXyWixQ%3D%3D resolved=https://prod-1.storage.jamendo.com/?trackid=171&format=mp31&from=8CSIkMvwtD6jzKZ%2BPEaUMQ%3D%3D%7Cj5s5oI6ivq8l2vQOXyWixQ%3D%3D ptr=131217388029824
08-22 16:50:55.837 I/MpvJNI  ( 8531): [PlaybackTrace][Native][loadFile] begin path=https://prod-1.storage.jamendo.com/?trackid=171&format=mp31&from=8CSIkMvwtD6jzKZ%2BPEaUMQ%3D%3D%7Cj5s5oI6ivq8l2vQOXyWixQ%3D%3D initialized=1
08-22 16:50:55.838 I/ReactNativeJS( 8531): '[INFO]', '[PlaybackTrace][JS][loadFile:return]', { resolvedPath: 'https://prod-1.storage.jamendo.com/?trackid=171&format=mp31&from=8CSIkMvwtD6jzKZ%2BPEaUMQ%3D%3D%7Cj5s5oI6ivq8l2vQOXyWixQ%3D%3D' }
08-22 16:50:55.838 I/MpvJNI  ( 8531): [PlaybackTrace][Native][loadFile] loadfile command accepted result=0
08-22 16:50:55.839 I/MpvBridgeModule( 8531): [PlaybackTrace][Bridge][loadFile] nativeLoadFile returned
08-22 16:50:55.841 I/MpvEvent( 8531): [PlaybackTrace][Native][eventLoop] event_id=2 error=0
08-22 16:50:55.917 I/MpvEvent( 8531): [PlaybackTrace][Native][eventLoop] event_id=2 error=0
08-22 16:50:55.917 I/MpvEvent( 8531): [PlaybackTrace][Native][mpv-log] prefix=ffmpeg level=error text=tls: mbedtls_ssl_handshake returned -0x7280
08-22 16:50:55.917 D/mpv     ( 8531): [ffmpeg] error: tls: mbedtls_ssl_handshake returned -0x7280
08-22 16:50:55.917 E/MpvEvent( 8531): [PlaybackTrace][Native][dispatch:error] code=-1 message=tls: mbedtls_ssl_handshake returned -0x7280
08-22 16:50:55.917 E/MpvBridgeModule( 8531): [PlaybackTrace][Bridge][listener:error] code=-1 message=tls: mbedtls_ssl_handshake returned -0x7280
08-22 16:50:55.919 I/MpvEvent( 8531): [PlaybackTrace][Native][eventLoop] event_id=7 error=0
08-22 16:50:55.919 E/MpvEvent( 8531): [PlaybackTrace][Native][eventLoop] MPV_EVENT_END_FILE reason=2 error=0
08-22 16:50:55.921 I/MpvEvent( 8531): [PlaybackTrace][Native][dispatch:event] name=endFile payload={"reason":2,"error":0}
08-22 16:50:55.922 I/MpvBridgeModule( 8531): [PlaybackTrace][Bridge][listener:event] name=endFile payload={"reason":2,"error":0}
08-22 16:50:55.923 I/MpvEvent( 8531): [PlaybackTrace][Native][eventLoop] event_id=6 error=0
08-22 16:50:55.923 I/MpvEvent( 8531): MPV_EVENT_START_FILE
08-22 16:50:55.925 I/MpvEvent( 8531): [PlaybackTrace][Native][eventLoop] event_id=2 error=0
08-22 16:50:55.925 I/MpvEvent( 8531): [PlaybackTrace][Native][mpv-log] prefix=cplayer level=v text=Opening failed or was aborted: https://prod-1.storage.jamendo.com/?trackid=171&format=mp31&from=8CSIkMvwtD6jzKZ%2BPEaUMQ%3D%3D%7Cj5s5oI6ivq8l2vQOXyWixQ%3D%3D
08-22 16:50:55.925 D/mpv     ( 8531): [cplayer] v: Opening failed or was aborted: https://prod-1.storage.jamendo.com/?trackid=171&format=mp31&from=8CSIkMvwtD6jzKZ%2BPEaUMQ%3D%3D%7Cj5s5oI6ivq8l2vQOXyWixQ%3D%3D
08-22 16:50:55.925 I/MpvEvent( 8531): [PlaybackTrace][Native][eventLoop] event_id=2 error=0
08-22 16:50:55.925 I/MpvEvent( 8531): [PlaybackTrace][Native][eventLoop] event_id=2 error=0
08-22 16:50:55.925 I/MpvEvent( 8531): [PlaybackTrace][Native][eventLoop] event_id=2 error=0
08-22 16:50:55.925 I/MpvEvent( 8531): [PlaybackTrace][Native][eventLoop] event_id=2 error=0
08-22 16:50:55.925 I/MpvEvent( 8531): [PlaybackTrace][Native][eventLoop] event_id=2 error=0
08-22 16:50:55.926 I/MpvEvent( 8531): [PlaybackTrace][Native][eventLoop] event_id=2 error=0
08-22 16:50:55.926 I/MpvEvent( 8531): [PlaybackTrace][Native][eventLoop] event_id=2 error=0
08-22 16:50:55.926 D/mpv     ( 8531): [ffmpeg] v: Opening https://prod-1.storage.jamendo.com/?trackid=171&format=mp31&from=8CSIkMvwtD6jzKZ%2BPEaUMQ%3D%3D%7Cj5s5oI6ivq8l2vQOXyWixQ%3D%3D
08-22 16:50:55.987 I/ReactNativeJS( 8531): '[INFO]', '[PlaybackTrace][JS][loadFile:call]', { requestedPath: 'https://prod-1.storage.jamendo.com/?trackid=171&format=mp31&from=8CSIkMvwtD6jzKZ%2BPEaUMQ%3D%3D%7Cj5s5oI6ivq8l2vQOXyWixQ%3D%3D',
08-22 16:50:55.987 I/MpvBridgeModule( 8531): [PlaybackTrace][Bridge][loadFile] requested=https://prod-1.storage.jamendo.com/?trackid=171&format=mp31&from=8CSIkMvwtD6jzKZ%2BPEaUMQ%3D%3D%7Cj5s5oI6ivq8l2vQOXyWixQ%3D%3D resolved=https://prod-1.storage.jamendo.com/?trackid=171&format=mp31&from=8CSIkMvwtD6jzKZ%2BPEaUMQ%3D%3D%7Cj5s5oI6ivq8l2vQOXyWixQ%3D%3D ptr=131217388029824
08-22 16:50:55.987 I/ReactNativeJS( 8531): '[INFO]', '[PlaybackTrace][JS][loadFile:return]', { resolvedPath: 'https://prod-1.storage.jamendo.com/?trackid=171&format=mp31&from=8CSIkMvwtD6jzKZ%2BPEaUMQ%3D%3D%7Cj5s5oI6ivq8l2vQOXyWixQ%3D%3D' }
08-22 16:50:55.987 I/MpvJNI  ( 8531): [PlaybackTrace][Native][loadFile] begin path=https://prod-1.storage.jamendo.com/?trackid=171&format=mp31&from=8CSIkMvwtD6jzKZ%2BPEaUMQ%3D%3D%7Cj5s5oI6ivq8l2vQOXyWixQ%3D%3D initialized=1
08-22 16:50:55.987 I/MpvJNI  ( 8531): [PlaybackTrace][Native][loadFile] loadfile command accepted result=0
08-22 16:50:55.987 I/MpvBridgeModule( 8531): [PlaybackTrace][Bridge][loadFile] nativeLoadFile returned
08-22 16:50:55.990 I/MpvEvent( 8531): [PlaybackTrace][Native][eventLoop] event_id=2 error=0
08-22 16:50:56.030 I/MpvEvent( 8531): [PlaybackTrace][Native][eventLoop] event_id=2 error=0
08-22 16:50:56.030 I/MpvEvent( 8531): [PlaybackTrace][Native][mpv-log] prefix=cplayer level=v text=Opening failed or was aborted: https://prod-1.storage.jamendo.com/?trackid=171&format=mp31&from=8CSIkMvwtD6jzKZ%2BPEaUMQ%3D%3D%7Cj5s5oI6ivq8l2vQOXyWixQ%3D%3D
08-22 16:50:56.030 D/mpv     ( 8531): [cplayer] v: Opening failed or was aborted: https://prod-1.storage.jamendo.com/?trackid=171&format=mp31&from=8CSIkMvwtD6jzKZ%2BPEaUMQ%3D%3D%7Cj5s5oI6ivq8l2vQOXyWixQ%3D%3D
08-22 16:50:56.030 I/MpvEvent( 8531): [PlaybackTrace][Native][eventLoop] event_id=7 error=0
08-22 16:50:56.030 E/MpvEvent( 8531): [PlaybackTrace][Native][eventLoop] MPV_EVENT_END_FILE reason=2 error=0
08-22 16:50:56.030 I/MpvEvent( 8531): [PlaybackTrace][Native][dispatch:event] name=endFile payload={"reason":2,"error":0}
08-22 16:50:56.031 I/MpvBridgeModule( 8531): [PlaybackTrace][Bridge][listener:event] name=endFile payload={"reason":2,"error":0}
08-22 16:50:56.033 I/MpvEvent( 8531): [PlaybackTrace][Native][eventLoop] event_id=2 error=0
08-22 16:50:56.033 I/MpvEvent( 8531): [PlaybackTrace][Native][eventLoop] event_id=6 error=0
08-22 16:50:56.033 I/MpvEvent( 8531): MPV_EVENT_START_FILE
08-22 16:50:56.034 I/MpvEvent( 8531): [PlaybackTrace][Native][eventLoop] event_id=2 error=0
08-22 16:50:56.034 I/MpvEvent( 8531): [PlaybackTrace][Native][eventLoop] event_id=2 error=0
08-22 16:50:56.034 I/MpvEvent( 8531): [PlaybackTrace][Native][eventLoop] event_id=2 error=0
08-22 16:50:56.034 I/MpvEvent( 8531): [PlaybackTrace][Native][eventLoop] event_id=2 error=0
08-22 16:50:56.034 I/MpvEvent( 8531): [PlaybackTrace][Native][eventLoop] event_id=2 error=0
08-22 16:50:56.035 I/MpvEvent( 8531): [PlaybackTrace][Native][eventLoop] event_id=2 error=0
08-22 16:50:56.035 D/mpv     ( 8531): [ffmpeg] v: Opening https://prod-1.storage.jamendo.com/?trackid=171&format=mp31&from=8CSIkMvwtD6jzKZ%2BPEaUMQ%3D%3D%7Cj5s5oI6ivq8l2vQOXyWixQ%3D%3D
08-22 16:50:56.037 I/ReactNativeJS( 8531): '[INFO]', '[PlaybackTrace][JS][loadFile:call]', { requestedPath: 'https://prod-1.storage.jamendo.com/?trackid=171&format=mp31&from=8CSIkMvwtD6jzKZ%2BPEaUMQ%3D%3D%7Cj5s5oI6ivq8l2vQOXyWixQ%3D%3D',
08-22 16:50:56.037 I/MpvBridgeModule( 8531): [PlaybackTrace][Bridge][loadFile] requested=https://prod-1.storage.jamendo.com/?trackid=171&format=mp31&from=8CSIkMvwtD6jzKZ%2BPEaUMQ%3D%3D%7Cj5s5oI6ivq8l2vQOXyWixQ%3D%3D resolved=https://prod-1.storage.jamendo.com/?trackid=171&format=mp31&from=8CSIkMvwtD6jzKZ%2BPEaUMQ%3D%3D%7Cj5s5oI6ivq8l2vQOXyWixQ%3D%3D ptr=131217388029824
08-22 16:50:56.037 I/MpvJNI  ( 8531): [PlaybackTrace][Native][loadFile] begin path=https://prod-1.storage.jamendo.com/?trackid=171&format=mp31&from=8CSIkMvwtD6jzKZ%2BPEaUMQ%3D%3D%7Cj5s5oI6ivq8l2vQOXyWixQ%3D%3D initialized=1
08-22 16:50:56.038 I/ReactNativeJS( 8531): '[INFO]', '[PlaybackTrace][JS][loadFile:return]', { resolvedPath: 'https://prod-1.storage.jamendo.com/?trackid=171&format=mp31&from=8CSIkMvwtD6jzKZ%2BPEaUMQ%3D%3D%7Cj5s5oI6ivq8l2vQOXyWixQ%3D%3D' }
08-22 16:50:56.039 I/MpvJNI  ( 8531): [PlaybackTrace][Native][loadFile] loadfile command accepted result=0
08-22 16:50:56.039 I/MpvBridgeModule( 8531): [PlaybackTrace][Bridge][loadFile] nativeLoadFile returned
08-22 16:50:56.040 I/MpvEvent( 8531): [PlaybackTrace][Native][eventLoop] event_id=2 error=0
08-22 16:50:56.041 I/MpvEvent( 8531): [PlaybackTrace][Native][eventLoop] event_id=2 error=0
08-22 16:50:56.041 I/MpvEvent( 8531): [PlaybackTrace][Native][mpv-log] prefix=cplayer level=v text=Opening failed or was aborted: https://prod-1.storage.jamendo.com/?trackid=171&format=mp31&from=8CSIkMvwtD6jzKZ%2BPEaUMQ%3D%3D%7Cj5s5oI6ivq8l2vQOXyWixQ%3D%3D
08-22 16:50:56.041 D/mpv     ( 8531): [cplayer] v: Opening failed or was aborted: https://prod-1.storage.jamendo.com/?trackid=171&format=mp31&from=8CSIkMvwtD6jzKZ%2BPEaUMQ%3D%3D%7Cj5s5oI6ivq8l2vQOXyWixQ%3D%3D
08-22 16:50:56.041 I/MpvEvent( 8531): [PlaybackTrace][Native][eventLoop] event_id=7 error=0
08-22 16:50:56.041 E/MpvEvent( 8531): [PlaybackTrace][Native][eventLoop] MPV_EVENT_END_FILE reason=2 error=0
08-22 16:50:56.041 I/MpvEvent( 8531): [PlaybackTrace][Native][dispatch:event] name=endFile payload={"reason":2,"error":0}
08-22 16:50:56.041 I/MpvBridgeModule( 8531): [PlaybackTrace][Bridge][listener:event] name=endFile payload={"reason":2,"error":0}
08-22 16:50:56.043 I/MpvEvent( 8531): [PlaybackTrace][Native][eventLoop] event_id=6 error=0
08-22 16:50:56.043 I/MpvEvent( 8531): MPV_EVENT_START_FILE
08-22 16:50:56.045 I/MpvEvent( 8531): [PlaybackTrace][Native][eventLoop] event_id=2 error=0
08-22 16:50:56.045 I/MpvEvent( 8531): [PlaybackTrace][Native][eventLoop] event_id=2 error=0
08-22 16:50:56.045 I/MpvEvent( 8531): [PlaybackTrace][Native][eventLoop] event_id=2 error=0
08-22 16:50:56.046 I/MpvEvent( 8531): [PlaybackTrace][Native][eventLoop] event_id=2 error=0
08-22 16:50:56.046 I/MpvEvent( 8531): [PlaybackTrace][Native][eventLoop] event_id=2 error=0
08-22 16:50:56.046 I/MpvEvent( 8531): [PlaybackTrace][Native][eventLoop] event_id=2 error=0
08-22 16:50:56.046 I/MpvEvent( 8531): [PlaybackTrace][Native][eventLoop] event_id=2 error=0
08-22 16:50:56.046 D/mpv     ( 8531): [ffmpeg] v: Opening https://prod-1.storage.jamendo.com/?trackid=171&format=mp31&from=8CSIkMvwtD6jzKZ%2BPEaUMQ%3D%3D%7Cj5s5oI6ivq8l2vQOXyWixQ%3D%3D
08-22 16:50:56.119 I/MpvEvent( 8531): [PlaybackTrace][Native][eventLoop] event_id=2 error=0
08-22 16:50:56.270 I/MpvEvent( 8531): [PlaybackTrace][Native][eventLoop] event_id=2 error=0
08-22 16:50:56.319 I/MpvEvent( 8531): [PlaybackTrace][Native][eventLoop] event_id=2 error=0
08-22 16:50:56.554 I/ReactNativeJS( 8531): '[INFO]', '[PlaybackTrace][JS][loadFile:call]', { requestedPath: 'https://prod-1.storage.jamendo.com/?trackid=171&format=mp31&from=8CSIkMvwtD6jzKZ%2BPEaUMQ%3D%3D%7Cj5s5oI6ivq8l2vQOXyWixQ%3D%3D',
08-22 16:50:56.555 I/MpvBridgeModule( 8531): [PlaybackTrace][Bridge][loadFile] requested=https://prod-1.storage.jamendo.com/?trackid=171&format=mp31&from=8CSIkMvwtD6jzKZ%2BPEaUMQ%3D%3D%7Cj5s5oI6ivq8l2vQOXyWixQ%3D%3D resolved=https://prod-1.storage.jamendo.com/?trackid=171&format=mp31&from=8CSIkMvwtD6jzKZ%2BPEaUMQ%3D%3D%7Cj5s5oI6ivq8l2vQOXyWixQ%3D%3D ptr=131217388029824
08-22 16:50:56.555 I/MpvJNI  ( 8531): [PlaybackTrace][Native][loadFile] begin path=https://prod-1.storage.jamendo.com/?trackid=171&format=mp31&from=8CSIkMvwtD6jzKZ%2BPEaUMQ%3D%3D%7Cj5s5oI6ivq8l2vQOXyWixQ%3D%3D initialized=1
08-22 16:50:56.555 I/MpvJNI  ( 8531): [PlaybackTrace][Native][loadFile] loadfile command accepted result=0
08-22 16:50:56.555 I/MpvBridgeModule( 8531): [PlaybackTrace][Bridge][loadFile] nativeLoadFile returned
08-22 16:50:56.555 I/ReactNativeJS( 8531): '[INFO]', '[PlaybackTrace][JS][loadFile:return]', { resolvedPath: 'https://prod-1.storage.jamendo.com/?trackid=171&format=mp31&from=8CSIkMvwtD6jzKZ%2BPEaUMQ%3D%3D%7Cj5s5oI6ivq8l2vQOXyWixQ%3D%3D' }
08-22 16:50:56.558 I/MpvEvent( 8531): [PlaybackTrace][Native][eventLoop] event_id=2 error=0
08-22 16:50:56.587 I/ReactNativeJS( 8531): '[INFO]', '[PlaybackTrace][JS][loadFile:call]', { requestedPath: 'https://prod-1.storage.jamendo.com/?trackid=171&format=mp31&from=8CSIkMvwtD6jzKZ%2BPEaUMQ%3D%3D%7Cj5s5oI6ivq8l2vQOXyWixQ%3D%3D',
08-22 16:50:56.587 I/MpvBridgeModule( 8531): [PlaybackTrace][Bridge][loadFile] requested=https://prod-1.storage.jamendo.com/?trackid=171&format=mp31&from=8CSIkMvwtD6jzKZ%2BPEaUMQ%3D%3D%7Cj5s5oI6ivq8l2vQOXyWixQ%3D%3D resolved=https://prod-1.storage.jamendo.com/?trackid=171&format=mp31&from=8CSIkMvwtD6jzKZ%2BPEaUMQ%3D%3D%7Cj5s5oI6ivq8l2vQOXyWixQ%3D%3D ptr=131217388029824
08-22 16:50:56.588 I/MpvJNI  ( 8531): [PlaybackTrace][Native][loadFile] begin path=https://prod-1.storage.jamendo.com/?trackid=171&format=mp31&from=8CSIkMvwtD6jzKZ%2BPEaUMQ%3D%3D%7Cj5s5oI6ivq8l2vQOXyWixQ%3D%3D initialized=1
08-22 16:50:56.588 I/MpvJNI  ( 8531): [PlaybackTrace][Native][loadFile] loadfile command accepted result=0
08-22 16:50:56.588 I/MpvBridgeModule( 8531): [PlaybackTrace][Bridge][loadFile] nativeLoadFile returned
08-22 16:50:56.588 I/ReactNativeJS( 8531): '[INFO]', '[PlaybackTrace][JS][loadFile:return]', { resolvedPath: 'https://prod-1.storage.jamendo.com/?trackid=171&format=mp31&from=8CSIkMvwtD6jzKZ%2BPEaUMQ%3D%3D%7Cj5s5oI6ivq8l2vQOXyWixQ%3D%3D' }
08-22 16:50:56.590 I/MpvEvent( 8531): [PlaybackTrace][Native][eventLoop] event_id=2 error=0
08-22 16:50:56.627 I/MpvEvent( 8531): [PlaybackTrace][Native][eventLoop] event_id=2 error=0
08-22 16:50:56.627 I/MpvEvent( 8531): [PlaybackTrace][Native][mpv-log] prefix=ffmpeg level=error text=tls: mbedtls_ssl_handshake returned -0x7280
08-22 16:50:56.627 D/mpv     ( 8531): [ffmpeg] error: tls: mbedtls_ssl_handshake returned -0x7280
08-22 16:50:56.627 E/MpvEvent( 8531): [PlaybackTrace][Native][dispatch:error] code=-1 message=tls: mbedtls_ssl_handshake returned -0x7280
08-22 16:50:56.627 E/MpvBridgeModule( 8531): [PlaybackTrace][Bridge][listener:error] code=-1 message=tls: mbedtls_ssl_handshake returned -0x7280
08-22 16:50:56.629 I/MpvEvent( 8531): [PlaybackTrace][Native][eventLoop] event_id=2 error=0
08-22 16:50:56.629 I/MpvEvent( 8531): [PlaybackTrace][Native][mpv-log] prefix=cplayer level=v text=Opening failed or was aborted: https://prod-1.storage.jamendo.com/?trackid=171&format=mp31&from=8CSIkMvwtD6jzKZ%2BPEaUMQ%3D%3D%7Cj5s5oI6ivq8l2vQOXyWixQ%3D%3D
08-22 16:50:56.629 D/mpv     ( 8531): [cplayer] v: Opening failed or was aborted: https://prod-1.storage.jamendo.com/?trackid=171&format=mp31&from=8CSIkMvwtD6jzKZ%2BPEaUMQ%3D%3D%7Cj5s5oI6ivq8l2vQOXyWixQ%3D%3D
08-22 16:50:56.629 I/MpvEvent( 8531): [PlaybackTrace][Native][eventLoop] event_id=7 error=0
08-22 16:50:56.630 E/MpvEvent( 8531): [PlaybackTrace][Native][eventLoop] MPV_EVENT_END_FILE reason=2 error=0
08-22 16:50:56.630 I/MpvEvent( 8531): [PlaybackTrace][Native][dispatch:event] name=endFile payload={"reason":2,"error":0}
08-22 16:50:56.631 I/MpvBridgeModule( 8531): [PlaybackTrace][Bridge][listener:event] name=endFile payload={"reason":2,"error":0}
08-22 16:50:56.632 I/MpvEvent( 8531): [PlaybackTrace][Native][eventLoop] event_id=6 error=0
08-22 16:50:56.632 I/MpvEvent( 8531): MPV_EVENT_START_FILE
08-22 16:50:56.633 I/MpvEvent( 8531): [PlaybackTrace][Native][eventLoop] event_id=2 error=0
08-22 16:50:56.633 I/MpvEvent( 8531): [PlaybackTrace][Native][eventLoop] event_id=2 error=0
08-22 16:50:56.633 I/MpvEvent( 8531): [PlaybackTrace][Native][eventLoop] event_id=2 error=0
08-22 16:50:56.633 I/MpvEvent( 8531): [PlaybackTrace][Native][eventLoop] event_id=2 error=0
08-22 16:50:56.633 I/MpvEvent( 8531): [PlaybackTrace][Native][eventLoop] event_id=2 error=0
08-22 16:50:56.634 I/MpvEvent( 8531): [PlaybackTrace][Native][eventLoop] event_id=2 error=0
08-22 16:50:56.634 I/MpvEvent( 8531): [PlaybackTrace][Native][eventLoop] event_id=2 error=0
08-22 16:50:56.634 D/mpv     ( 8531): [ffmpeg] v: Opening https://prod-1.storage.jamendo.com/?trackid=171&format=mp31&from=8CSIkMvwtD6jzKZ%2BPEaUMQ%3D%3D%7Cj5s5oI6ivq8l2vQOXyWixQ%3D%3D
08-22 16:50:56.638 I/ReactNativeJS( 8531): '[INFO]', '[PlaybackTrace][JS][loadFile:call]', { requestedPath: 'https://prod-1.storage.jamendo.com/?trackid=171&format=mp31&from=8CSIkMvwtD6jzKZ%2BPEaUMQ%3D%3D%7Cj5s5oI6ivq8l2vQOXyWixQ%3D%3D',
08-22 16:50:56.638 I/ReactNativeJS( 8531): '[INFO]', '[PlaybackTrace][JS][loadFile:return]', { resolvedPath: 'https://prod-1.storage.jamendo.com/?trackid=171&format=mp31&from=8CSIkMvwtD6jzKZ%2BPEaUMQ%3D%3D%7Cj5s5oI6ivq8l2vQOXyWixQ%3D%3D' }
08-22 16:50:56.639 I/MpvBridgeModule( 8531): [PlaybackTrace][Bridge][loadFile] requested=https://prod-1.storage.jamendo.com/?trackid=171&format=mp31&from=8CSIkMvwtD6jzKZ%2BPEaUMQ%3D%3D%7Cj5s5oI6ivq8l2vQOXyWixQ%3D%3D resolved=https://prod-1.storage.jamendo.com/?trackid=171&format=mp31&from=8CSIkMvwtD6jzKZ%2BPEaUMQ%3D%3D%7Cj5s5oI6ivq8l2vQOXyWixQ%3D%3D ptr=131217388029824
08-22 16:50:56.639 I/MpvJNI  ( 8531): [PlaybackTrace][Native][loadFile] begin path=https://prod-1.storage.jamendo.com/?trackid=171&format=mp31&from=8CSIkMvwtD6jzKZ%2BPEaUMQ%3D%3D%7Cj5s5oI6ivq8l2vQOXyWixQ%3D%3D initialized=1
08-22 16:50:56.640 I/MpvJNI  ( 8531): [PlaybackTrace][Native][loadFile] loadfile command accepted result=0
08-22 16:50:56.640 I/MpvBridgeModule( 8531): [PlaybackTrace][Bridge][loadFile] nativeLoadFile returned
08-22 16:50:56.641 I/MpvEvent( 8531): [PlaybackTrace][Native][eventLoop] event_id=2 error=0
08-22 16:50:56.642 I/MpvEvent( 8531): [PlaybackTrace][Native][mpv-log] prefix=cplayer level=v text=Opening failed or was aborted: https://prod-1.storage.jamendo.com/?trackid=171&format=mp31&from=8CSIkMvwtD6jzKZ%2BPEaUMQ%3D%3D%7Cj5s5oI6ivq8l2vQOXyWixQ%3D%3D
08-22 16:50:56.642 D/mpv     ( 8531): [cplayer] v: Opening failed or was aborted: https://prod-1.storage.jamendo.com/?trackid=171&format=mp31&from=8CSIkMvwtD6jzKZ%2BPEaUMQ%3D%3D%7Cj5s5oI6ivq8l2vQOXyWixQ%3D%3D
08-22 16:50:56.642 I/MpvEvent( 8531): [PlaybackTrace][Native][eventLoop] event_id=7 error=0
08-22 16:50:56.642 E/MpvEvent( 8531): [PlaybackTrace][Native][eventLoop] MPV_EVENT_END_FILE reason=2 error=0
08-22 16:50:56.642 I/MpvEvent( 8531): [PlaybackTrace][Native][dispatch:event] name=endFile payload={"reason":2,"error":0}
08-22 16:50:56.642 I/MpvBridgeModule( 8531): [PlaybackTrace][Bridge][listener:event] name=endFile payload={"reason":2,"error":0}
08-22 16:50:56.645 I/MpvEvent( 8531): [PlaybackTrace][Native][eventLoop] event_id=2 error=0
08-22 16:50:56.645 I/MpvEvent( 8531): [PlaybackTrace][Native][eventLoop] event_id=2 error=0
08-22 16:50:56.645 I/MpvEvent( 8531): [PlaybackTrace][Native][eventLoop] event_id=2 error=0
08-22 16:50:56.647 I/MpvEvent( 8531): [PlaybackTrace][Native][eventLoop] event_id=6 error=0
08-22 16:50:56.647 I/MpvEvent( 8531): MPV_EVENT_START_FILE
08-22 16:50:56.649 I/MpvEvent( 8531): [PlaybackTrace][Native][eventLoop] event_id=2 error=0
08-22 16:50:56.649 I/MpvEvent( 8531): [PlaybackTrace][Native][eventLoop] event_id=2 error=0
08-22 16:50:56.649 I/MpvEvent( 8531): [PlaybackTrace][Native][eventLoop] event_id=2 error=0
08-22 16:50:56.649 I/MpvEvent( 8531): [PlaybackTrace][Native][eventLoop] event_id=2 error=0
08-22 16:50:56.649 I/MpvEvent( 8531): [PlaybackTrace][Native][eventLoop] event_id=2 error=0
08-22 16:50:56.649 D/mpv     ( 8531): [ffmpeg] v: Opening https://prod-1.storage.jamendo.com/?trackid=171&format=mp31&from=8CSIkMvwtD6jzKZ%2BPEaUMQ%3D%3D%7Cj5s5oI6ivq8l2vQOXyWixQ%3D%3D
08-22 16:50:56.837 I/MpvEvent( 8531): [PlaybackTrace][Native][eventLoop] event_id=2 error=0
08-22 16:50:56.869 I/MpvEvent( 8531): [PlaybackTrace][Native][eventLoop] event_id=2 error=0
08-22 16:50:56.920 I/MpvEvent( 8531): [PlaybackTrace][Native][eventLoop] event_id=2 error=0
08-22 16:50:57.154 I/ReactNativeJS( 8531): '[INFO]', '[PlaybackTrace][JS][loadFile:call]', { requestedPath: 'https://prod-1.storage.jamendo.com/?trackid=171&format=mp31&from=8CSIkMvwtD6jzKZ%2BPEaUMQ%3D%3D%7Cj5s5oI6ivq8l2vQOXyWixQ%3D%3D',
08-22 16:50:57.155 I/MpvBridgeModule( 8531): [PlaybackTrace][Bridge][loadFile] requested=https://prod-1.storage.jamendo.com/?trackid=171&format=mp31&from=8CSIkMvwtD6jzKZ%2BPEaUMQ%3D%3D%7Cj5s5oI6ivq8l2vQOXyWixQ%3D%3D resolved=https://prod-1.storage.jamendo.com/?trackid=171&format=mp31&from=8CSIkMvwtD6jzKZ%2BPEaUMQ%3D%3D%7Cj5s5oI6ivq8l2vQOXyWixQ%3D%3D ptr=131217388029824
08-22 16:50:57.155 I/MpvJNI  ( 8531): [PlaybackTrace][Native][loadFile] begin path=https://prod-1.storage.jamendo.com/?trackid=171&format=mp31&from=8CSIkMvwtD6jzKZ%2BPEaUMQ%3D%3D%7Cj5s5oI6ivq8l2vQOXyWixQ%3D%3D initialized=1
08-22 16:50:57.155 I/ReactNativeJS( 8531): '[INFO]', '[PlaybackTrace][JS][loadFile:return]', { resolvedPath: 'https://prod-1.storage.jamendo.com/?trackid=171&format=mp31&from=8CSIkMvwtD6jzKZ%2BPEaUMQ%3D%3D%7Cj5s5oI6ivq8l2vQOXyWixQ%3D%3D' }
08-22 16:50:57.155 I/MpvJNI  ( 8531): [PlaybackTrace][Native][loadFile] loadfile command accepted result=0
08-22 16:50:57.155 I/MpvBridgeModule( 8531): [PlaybackTrace][Bridge][loadFile] nativeLoadFile returned
08-22 16:50:57.157 I/MpvEvent( 8531): [PlaybackTrace][Native][eventLoop] event_id=2 error=0
08-22 16:50:57.228 I/MpvEvent( 8531): [PlaybackTrace][Native][eventLoop] event_id=2 error=0
08-22 16:50:57.228 I/MpvEvent( 8531): [PlaybackTrace][Native][mpv-log] prefix=ffmpeg level=error text=tls: mbedtls_ssl_handshake returned -0x7280
08-22 16:50:57.228 D/mpv     ( 8531): [ffmpeg] error: tls: mbedtls_ssl_handshake returned -0x7280
08-22 16:50:57.228 E/MpvEvent( 8531): [PlaybackTrace][Native][dispatch:error] code=-1 message=tls: mbedtls_ssl_handshake returned -0x7280
08-22 16:50:57.229 E/MpvBridgeModule( 8531): [PlaybackTrace][Bridge][listener:error] code=-1 message=tls: mbedtls_ssl_handshake returned -0x7280
08-22 16:50:57.230 I/MpvEvent( 8531): [PlaybackTrace][Native][eventLoop] event_id=7 error=0
08-22 16:50:57.231 E/MpvEvent( 8531): [PlaybackTrace][Native][eventLoop] MPV_EVENT_END_FILE reason=2 error=0
08-22 16:50:57.231 I/MpvEvent( 8531): [PlaybackTrace][Native][dispatch:event] name=endFile payload={"reason":2,"error":0}
08-22 16:50:57.232 I/MpvBridgeModule( 8531): [PlaybackTrace][Bridge][listener:event] name=endFile payload={"reason":2,"error":0}
08-22 16:50:57.233 I/MpvEvent( 8531): [PlaybackTrace][Native][eventLoop] event_id=6 error=0
08-22 16:50:57.234 I/MpvEvent( 8531): MPV_EVENT_START_FILE
08-22 16:50:57.235 I/MpvEvent( 8531): [PlaybackTrace][Native][eventLoop] event_id=2 error=0
08-22 16:50:57.235 I/MpvEvent( 8531): [PlaybackTrace][Native][mpv-log] prefix=cplayer level=v text=Opening failed or was aborted: https://prod-1.storage.jamendo.com/?trackid=171&format=mp31&from=8CSIkMvwtD6jzKZ%2BPEaUMQ%3D%3D%7Cj5s5oI6ivq8l2vQOXyWixQ%3D%3D
08-22 16:50:57.235 D/mpv     ( 8531): [cplayer] v: Opening failed or was aborted: https://prod-1.storage.jamendo.com/?trackid=171&format=mp31&from=8CSIkMvwtD6jzKZ%2BPEaUMQ%3D%3D%7Cj5s5oI6ivq8l2vQOXyWixQ%3D%3D
08-22 16:50:57.235 I/MpvEvent( 8531): [PlaybackTrace][Native][eventLoop] event_id=2 error=0
08-22 16:50:57.235 I/MpvEvent( 8531): [PlaybackTrace][Native][eventLoop] event_id=2 error=0
08-22 16:50:57.235 I/MpvEvent( 8531): [PlaybackTrace][Native][eventLoop] event_id=2 error=0
08-22 16:50:57.235 I/MpvEvent( 8531): [PlaybackTrace][Native][eventLoop] event_id=2 error=0
08-22 16:50:57.235 I/MpvEvent( 8531): [PlaybackTrace][Native][eventLoop] event_id=2 error=0
08-22 16:50:57.236 I/MpvEvent( 8531): [PlaybackTrace][Native][eventLoop] event_id=2 error=0
08-22 16:50:57.236 I/MpvEvent( 8531): [PlaybackTrace][Native][eventLoop] event_id=2 error=0
08-22 16:50:57.236 D/mpv     ( 8531): [ffmpeg] v: Opening https://prod-1.storage.jamendo.com/?trackid=171&format=mp31&from=8CSIkMvwtD6jzKZ%2BPEaUMQ%3D%3D%7Cj5s5oI6ivq8l2vQOXyWixQ%3D%3D
08-22 16:50:57.333 I/ReactNativeJS( 8531): '[INFO]', '[PlaybackTrace][JS][loadFile:call]', { requestedPath: 'https://prod-1.storage.jamendo.com/?trackid=171&format=mp31&from=8CSIkMvwtD6jzKZ%2BPEaUMQ%3D%3D%7Cj5s5oI6ivq8l2vQOXyWixQ%3D%3D',
08-22 16:50:57.334 I/ReactNativeJS( 8531): '[INFO]', '[PlaybackTrace][JS][loadFile:return]', { resolvedPath: 'https://prod-1.storage.jamendo.com/?trackid=171&format=mp31&from=8CSIkMvwtD6jzKZ%2BPEaUMQ%3D%3D%7Cj5s5oI6ivq8l2vQOXyWixQ%3D%3D' }
08-22 16:50:57.337 I/MpvBridgeModule( 8531): [PlaybackTrace][Bridge][loadFile] requested=https://prod-1.storage.jamendo.com/?trackid=171&format=mp31&from=8CSIkMvwtD6jzKZ%2BPEaUMQ%3D%3D%7Cj5s5oI6ivq8l2vQOXyWixQ%3D%3D resolved=https://prod-1.storage.jamendo.com/?trackid=171&format=mp31&from=8CSIkMvwtD6jzKZ%2BPEaUMQ%3D%3D%7Cj5s5oI6ivq8l2vQOXyWixQ%3D%3D ptr=131217388029824
08-22 16:50:57.339 I/MpvJNI  ( 8531): [PlaybackTrace][Native][loadFile] begin path=https://prod-1.storage.jamendo.com/?trackid=171&format=mp31&from=8CSIkMvwtD6jzKZ%2BPEaUMQ%3D%3D%7Cj5s5oI6ivq8l2vQOXyWixQ%3D%3D initialized=1
08-22 16:50:57.339 I/MpvJNI  ( 8531): [PlaybackTrace][Native][loadFile] loadfile command accepted result=0
08-22 16:50:57.339 I/MpvBridgeModule( 8531): [PlaybackTrace][Bridge][loadFile] nativeLoadFile returned
08-22 16:50:57.340 I/MpvEvent( 8531): [PlaybackTrace][Native][eventLoop] event_id=2 error=0
08-22 16:50:57.345 I/MpvEvent( 8531): [PlaybackTrace][Native][eventLoop] event_id=2 error=0
08-22 16:50:57.345 I/MpvEvent( 8531): [PlaybackTrace][Native][mpv-log] prefix=cplayer level=v text=Opening failed or was aborted: https://prod-1.storage.jamendo.com/?trackid=171&format=mp31&from=8CSIkMvwtD6jzKZ%2BPEaUMQ%3D%3D%7Cj5s5oI6ivq8l2vQOXyWixQ%3D%3D
08-22 16:50:57.345 D/mpv     ( 8531): [cplayer] v: Opening failed or was aborted: https://prod-1.storage.jamendo.com/?trackid=171&format=mp31&from=8CSIkMvwtD6jzKZ%2BPEaUMQ%3D%3D%7Cj5s5oI6ivq8l2vQOXyWixQ%3D%3D
08-22 16:50:57.346 I/MpvEvent( 8531): [PlaybackTrace][Native][eventLoop] event_id=7 error=0
08-22 16:50:57.346 E/MpvEvent( 8531): [PlaybackTrace][Native][eventLoop] MPV_EVENT_END_FILE reason=2 error=0
08-22 16:50:57.346 I/MpvEvent( 8531): [PlaybackTrace][Native][dispatch:event] name=endFile payload={"reason":2,"error":0}
08-22 16:50:57.347 I/MpvBridgeModule( 8531): [PlaybackTrace][Bridge][listener:event] name=endFile payload={"reason":2,"error":0}
08-22 16:50:57.349 I/MpvEvent( 8531): [PlaybackTrace][Native][eventLoop] event_id=6 error=0
08-22 16:50:57.349 I/MpvEvent( 8531): MPV_EVENT_START_FILE
08-22 16:50:57.355 I/MpvEvent( 8531): [PlaybackTrace][Native][eventLoop] event_id=2 error=0
08-22 16:50:57.355 I/MpvEvent( 8531): [PlaybackTrace][Native][eventLoop] event_id=2 error=0
08-22 16:50:57.355 I/MpvEvent( 8531): [PlaybackTrace][Native][eventLoop] event_id=2 error=0
08-22 16:50:57.355 I/MpvEvent( 8531): [PlaybackTrace][Native][eventLoop] event_id=2 error=0
08-22 16:50:57.355 I/MpvEvent( 8531): [PlaybackTrace][Native][eventLoop] event_id=2 error=0
08-22 16:50:57.355 I/MpvEvent( 8531): [PlaybackTrace][Native][eventLoop] event_id=2 error=0
08-22 16:50:57.355 I/MpvEvent( 8531): [PlaybackTrace][Native][eventLoop] event_id=2 error=0
08-22 16:50:57.355 D/mpv     ( 8531): [ffmpeg] v: Opening https://prod-1.storage.jamendo.com/?trackid=171&format=mp31&from=8CSIkMvwtD6jzKZ%2BPEaUMQ%3D%3D%7Cj5s5oI6ivq8l2vQOXyWixQ%3D%3D
08-22 16:50:57.437 I/MpvEvent( 8531): [PlaybackTrace][Native][eventLoop] event_id=2 error=0
08-22 16:50:57.454 I/ReactNativeJS( 8531): '[INFO]', '[PlaybackTrace][JS][loadFile:call]', { requestedPath: 'https://prod-1.storage.jamendo.com/?trackid=171&format=mp31&from=8CSIkMvwtD6jzKZ%2BPEaUMQ%3D%3D%7Cj5s5oI6ivq8l2vQOXyWixQ%3D%3D',
08-22 16:50:57.455 I/MpvBridgeModule( 8531): [PlaybackTrace][Bridge][loadFile] requested=https://prod-1.storage.jamendo.com/?trackid=171&format=mp31&from=8CSIkMvwtD6jzKZ%2BPEaUMQ%3D%3D%7Cj5s5oI6ivq8l2vQOXyWixQ%3D%3D resolved=https://prod-1.storage.jamendo.com/?trackid=171&format=mp31&from=8CSIkMvwtD6jzKZ%2BPEaUMQ%3D%3D%7Cj5s5oI6ivq8l2vQOXyWixQ%3D%3D ptr=131217388029824
08-22 16:50:57.455 I/MpvJNI  ( 8531): [PlaybackTrace][Native][loadFile] begin path=https://prod-1.storage.jamendo.com/?trackid=171&format=mp31&from=8CSIkMvwtD6jzKZ%2BPEaUMQ%3D%3D%7Cj5s5oI6ivq8l2vQOXyWixQ%3D%3D initialized=1
08-22 16:50:57.455 I/MpvJNI  ( 8531): [PlaybackTrace][Native][loadFile] loadfile command accepted result=0
08-22 16:50:57.455 I/MpvBridgeModule( 8531): [PlaybackTrace][Bridge][loadFile] nativeLoadFile returned
08-22 16:50:57.455 I/ReactNativeJS( 8531): '[INFO]', '[PlaybackTrace][JS][loadFile:return]', { resolvedPath: 'https://prod-1.storage.jamendo.com/?trackid=171&format=mp31&from=8CSIkMvwtD6jzKZ%2BPEaUMQ%3D%3D%7Cj5s5oI6ivq8l2vQOXyWixQ%3D%3D' }
08-22 16:50:57.457 I/MpvEvent( 8531): [PlaybackTrace][Native][eventLoop] event_id=2 error=0
08-22 16:50:57.460 I/MpvEvent( 8531): [PlaybackTrace][Native][eventLoop] event_id=2 error=0
08-22 16:50:57.460 I/MpvEvent( 8531): [PlaybackTrace][Native][mpv-log] prefix=cplayer level=v text=Opening failed or was aborted: https://prod-1.storage.jamendo.com/?trackid=171&format=mp31&from=8CSIkMvwtD6jzKZ%2BPEaUMQ%3D%3D%7Cj5s5oI6ivq8l2vQOXyWixQ%3D%3D
08-22 16:50:57.460 D/mpv     ( 8531): [cplayer] v: Opening failed or was aborted: https://prod-1.storage.jamendo.com/?trackid=171&format=mp31&from=8CSIkMvwtD6jzKZ%2BPEaUMQ%3D%3D%7Cj5s5oI6ivq8l2vQOXyWixQ%3D%3D
08-22 16:50:57.461 I/MpvEvent( 8531): [PlaybackTrace][Native][eventLoop] event_id=7 error=0
08-22 16:50:57.461 E/MpvEvent( 8531): [PlaybackTrace][Native][eventLoop] MPV_EVENT_END_FILE reason=2 error=0
08-22 16:50:57.461 I/MpvEvent( 8531): [PlaybackTrace][Native][dispatch:event] name=endFile payload={"reason":2,"error":0}
08-22 16:50:57.462 I/MpvBridgeModule( 8531): [PlaybackTrace][Bridge][listener:event] name=endFile payload={"reason":2,"error":0}
08-22 16:50:57.463 I/MpvEvent( 8531): [PlaybackTrace][Native][eventLoop] event_id=6 error=0
08-22 16:50:57.463 I/MpvEvent( 8531): MPV_EVENT_START_FILE
08-22 16:50:57.465 I/MpvEvent( 8531): [PlaybackTrace][Native][eventLoop] event_id=2 error=0
08-22 16:50:57.465 I/MpvEvent( 8531): [PlaybackTrace][Native][eventLoop] event_id=2 error=0
08-22 16:50:57.465 I/MpvEvent( 8531): [PlaybackTrace][Native][eventLoop] event_id=2 error=0
08-22 16:50:57.465 I/MpvEvent( 8531): [PlaybackTrace][Native][eventLoop] event_id=2 error=0
08-22 16:50:57.466 I/MpvEvent( 8531): [PlaybackTrace][Native][eventLoop] event_id=2 error=0
08-22 16:50:57.466 I/MpvEvent( 8531): [PlaybackTrace][Native][eventLoop] event_id=2 error=0
08-22 16:50:57.466 I/MpvEvent( 8531): [PlaybackTrace][Native][eventLoop] event_id=2 error=0
08-22 16:50:57.466 D/mpv     ( 8531): [ffmpeg] v: Opening https://prod-1.storage.jamendo.com/?trackid=171&format=mp31&from=8CSIkMvwtD6jzKZ%2BPEaUMQ%3D%3D%7Cj5s5oI6ivq8l2vQOXyWixQ%3D%3D
08-22 16:50:57.620 I/MpvEvent( 8531): [PlaybackTrace][Native][eventLoop] event_id=2 error=0
08-22 16:50:57.736 I/MpvEvent( 8531): [PlaybackTrace][Native][eventLoop] event_id=2 error=0
08-22 16:50:58.053 I/ReactNativeJS( 8531): '[INFO]', '[PlaybackTrace][JS][loadFile:call]', { requestedPath: 'https://prod-1.storage.jamendo.com/?trackid=171&format=mp31&from=8CSIkMvwtD6jzKZ%2BPEaUMQ%3D%3D%7Cj5s5oI6ivq8l2vQOXyWixQ%3D%3D',
08-22 16:50:58.054 I/MpvBridgeModule( 8531): [PlaybackTrace][Bridge][loadFile] requested=https://prod-1.storage.jamendo.com/?trackid=171&format=mp31&from=8CSIkMvwtD6jzKZ%2BPEaUMQ%3D%3D%7Cj5s5oI6ivq8l2vQOXyWixQ%3D%3D resolved=https://prod-1.storage.jamendo.com/?trackid=171&format=mp31&from=8CSIkMvwtD6jzKZ%2BPEaUMQ%3D%3D%7Cj5s5oI6ivq8l2vQOXyWixQ%3D%3D ptr=131217388029824
08-22 16:50:58.054 I/MpvJNI  ( 8531): [PlaybackTrace][Native][loadFile] begin path=https://prod-1.storage.jamendo.com/?trackid=171&format=mp31&from=8CSIkMvwtD6jzKZ%2BPEaUMQ%3D%3D%7Cj5s5oI6ivq8l2vQOXyWixQ%3D%3D initialized=1
08-22 16:50:58.054 I/ReactNativeJS( 8531): '[INFO]', '[PlaybackTrace][JS][loadFile:return]', { resolvedPath: 'https://prod-1.storage.jamendo.com/?trackid=171&format=mp31&from=8CSIkMvwtD6jzKZ%2BPEaUMQ%3D%3D%7Cj5s5oI6ivq8l2vQOXyWixQ%3D%3D' }
08-22 16:50:58.054 I/MpvJNI  ( 8531): [PlaybackTrace][Native][loadFile] loadfile command accepted result=0
08-22 16:50:58.055 I/MpvBridgeModule( 8531): [PlaybackTrace][Bridge][loadFile] nativeLoadFile returned
08-22 16:50:58.056 I/MpvEvent( 8531): [PlaybackTrace][Native][eventLoop] event_id=2 error=0
08-22 16:50:58.114 I/MpvEvent( 8531): [PlaybackTrace][Native][eventLoop] event_id=2 error=0
08-22 16:50:58.114 I/MpvEvent( 8531): [PlaybackTrace][Native][mpv-log] prefix=ffmpeg level=error text=tls: mbedtls_ssl_handshake returned -0x7280
08-22 16:50:58.114 D/mpv     ( 8531): [ffmpeg] error: tls: mbedtls_ssl_handshake returned -0x7280
08-22 16:50:58.114 E/MpvEvent( 8531): [PlaybackTrace][Native][dispatch:error] code=-1 message=tls: mbedtls_ssl_handshake returned -0x7280
08-22 16:50:58.115 E/MpvBridgeModule( 8531): [PlaybackTrace][Bridge][listener:error] code=-1 message=tls: mbedtls_ssl_handshake returned -0x7280
08-22 16:50:58.117 I/MpvEvent( 8531): [PlaybackTrace][Native][eventLoop] event_id=7 error=0
08-22 16:50:58.117 E/MpvEvent( 8531): [PlaybackTrace][Native][eventLoop] MPV_EVENT_END_FILE reason=2 error=0
08-22 16:50:58.118 I/MpvEvent( 8531): [PlaybackTrace][Native][dispatch:event] name=endFile payload={"reason":2,"error":0}
08-22 16:50:58.118 I/MpvBridgeModule( 8531): [PlaybackTrace][Bridge][listener:event] name=endFile payload={"reason":2,"error":0}
08-22 16:50:58.119 I/MpvEvent( 8531): [PlaybackTrace][Native][eventLoop] event_id=6 error=0
08-22 16:50:58.120 I/MpvEvent( 8531): MPV_EVENT_START_FILE
08-22 16:50:58.121 I/MpvEvent( 8531): [PlaybackTrace][Native][eventLoop] event_id=2 error=0
08-22 16:50:58.121 I/MpvEvent( 8531): [PlaybackTrace][Native][mpv-log] prefix=cplayer level=v text=Opening failed or was aborted: https://prod-1.storage.jamendo.com/?trackid=171&format=mp31&from=8CSIkMvwtD6jzKZ%2BPEaUMQ%3D%3D%7Cj5s5oI6ivq8l2vQOXyWixQ%3D%3D
08-22 16:50:58.121 D/mpv     ( 8531): [cplayer] v: Opening failed or was aborted: https://prod-1.storage.jamendo.com/?trackid=171&format=mp31&from=8CSIkMvwtD6jzKZ%2BPEaUMQ%3D%3D%7Cj5s5oI6ivq8l2vQOXyWixQ%3D%3D
08-22 16:50:58.121 I/MpvEvent( 8531): [PlaybackTrace][Native][eventLoop] event_id=2 error=0
08-22 16:50:58.121 I/MpvEvent( 8531): [PlaybackTrace][Native][eventLoop] event_id=2 error=0
08-22 16:50:58.121 I/MpvEvent( 8531): [PlaybackTrace][Native][eventLoop] event_id=2 error=0
08-22 16:50:58.121 I/MpvEvent( 8531): [PlaybackTrace][Native][eventLoop] event_id=2 error=0
08-22 16:50:58.121 I/MpvEvent( 8531): [PlaybackTrace][Native][eventLoop] event_id=2 error=0
08-22 16:50:58.121 I/MpvEvent( 8531): [PlaybackTrace][Native][eventLoop] event_id=2 error=0
08-22 16:50:58.121 I/MpvEvent( 8531): [PlaybackTrace][Native][eventLoop] event_id=2 error=0
08-22 16:50:58.121 D/mpv     ( 8531): [ffmpeg] v: Opening https://prod-1.storage.jamendo.com/?trackid=171&format=mp31&from=8CSIkMvwtD6jzKZ%2BPEaUMQ%3D%3D%7Cj5s5oI6ivq8l2vQOXyWixQ%3D%3D
08-22 16:50:58.154 I/ReactNativeJS( 8531): '[INFO]', '[PlaybackTrace][JS][loadFile:call]', { requestedPath: 'https://prod-1.storage.jamendo.com/?trackid=171&format=mp31&from=8CSIkMvwtD6jzKZ%2BPEaUMQ%3D%3D%7Cj5s5oI6ivq8l2vQOXyWixQ%3D%3D',
08-22 16:50:58.154 I/MpvBridgeModule( 8531): [PlaybackTrace][Bridge][loadFile] requested=https://prod-1.storage.jamendo.com/?trackid=171&format=mp31&from=8CSIkMvwtD6jzKZ%2BPEaUMQ%3D%3D%7Cj5s5oI6ivq8l2vQOXyWixQ%3D%3D resolved=https://prod-1.storage.jamendo.com/?trackid=171&format=mp31&from=8CSIkMvwtD6jzKZ%2BPEaUMQ%3D%3D%7Cj5s5oI6ivq8l2vQOXyWixQ%3D%3D ptr=131217388029824
08-22 16:50:58.154 I/MpvJNI  ( 8531): [PlaybackTrace][Native][loadFile] begin path=https://prod-1.storage.jamendo.com/?trackid=171&format=mp31&from=8CSIkMvwtD6jzKZ%2BPEaUMQ%3D%3D%7Cj5s5oI6ivq8l2vQOXyWixQ%3D%3D initialized=1
08-22 16:50:58.154 I/MpvJNI  ( 8531): [PlaybackTrace][Native][loadFile] loadfile command accepted result=0
08-22 16:50:58.154 I/MpvBridgeModule( 8531): [PlaybackTrace][Bridge][loadFile] nativeLoadFile returned
08-22 16:50:58.154 I/ReactNativeJS( 8531): '[INFO]', '[PlaybackTrace][JS][loadFile:return]', { resolvedPath: 'https://prod-1.storage.jamendo.com/?trackid=171&format=mp31&from=8CSIkMvwtD6jzKZ%2BPEaUMQ%3D%3D%7Cj5s5oI6ivq8l2vQOXyWixQ%3D%3D' }
08-22 16:50:58.157 I/MpvEvent( 8531): [PlaybackTrace][Native][eventLoop] event_id=2 error=0
08-22 16:50:58.226 I/MpvEvent( 8531): [PlaybackTrace][Native][eventLoop] event_id=7 error=0
08-22 16:50:58.226 E/MpvEvent( 8531): [PlaybackTrace][Native][eventLoop] MPV_EVENT_END_FILE reason=2 error=0
08-22 16:50:58.226 I/MpvEvent( 8531): [PlaybackTrace][Native][dispatch:event] name=endFile payload={"reason":2,"error":0}
08-22 16:50:58.227 I/MpvBridgeModule( 8531): [PlaybackTrace][Bridge][listener:event] name=endFile payload={"reason":2,"error":0}
08-22 16:50:58.228 I/MpvEvent( 8531): [PlaybackTrace][Native][eventLoop] event_id=6 error=0
08-22 16:50:58.228 I/MpvEvent( 8531): MPV_EVENT_START_FILE
08-22 16:50:58.230 I/MpvEvent( 8531): [PlaybackTrace][Native][eventLoop] event_id=2 error=0
08-22 16:50:58.230 I/MpvEvent( 8531): [PlaybackTrace][Native][mpv-log] prefix=cplayer level=v text=Opening failed or was aborted: https://prod-1.storage.jamendo.com/?trackid=171&format=mp31&from=8CSIkMvwtD6jzKZ%2BPEaUMQ%3D%3D%7Cj5s5oI6ivq8l2vQOXyWixQ%3D%3D
08-22 16:50:58.230 D/mpv     ( 8531): [cplayer] v: Opening failed or was aborted: https://prod-1.storage.jamendo.com/?trackid=171&format=mp31&from=8CSIkMvwtD6jzKZ%2BPEaUMQ%3D%3D%7Cj5s5oI6ivq8l2vQOXyWixQ%3D%3D
08-22 16:50:58.230 I/MpvEvent( 8531): [PlaybackTrace][Native][eventLoop] event_id=2 error=0
08-22 16:50:58.230 I/MpvEvent( 8531): [PlaybackTrace][Native][eventLoop] event_id=2 error=0
08-22 16:50:58.230 I/MpvEvent( 8531): [PlaybackTrace][Native][eventLoop] event_id=2 error=0
08-22 16:50:58.230 I/MpvEvent( 8531): [PlaybackTrace][Native][eventLoop] event_id=2 error=0
08-22 16:50:58.230 I/MpvEvent( 8531): [PlaybackTrace][Native][eventLoop] event_id=2 error=0
08-22 16:50:58.230 I/MpvEvent( 8531): [PlaybackTrace][Native][eventLoop] event_id=2 error=0
08-22 16:50:58.230 I/MpvEvent( 8531): [PlaybackTrace][Native][eventLoop] event_id=2 error=0
08-22 16:50:58.230 D/mpv     ( 8531): [ffmpeg] v: Opening https://prod-1.storage.jamendo.com/?trackid=171&format=mp31&from=8CSIkMvwtD6jzKZ%2BPEaUMQ%3D%3D%7Cj5s5oI6ivq8l2vQOXyWixQ%3D%3D
08-22 16:50:58.340 I/MpvEvent( 8531): [PlaybackTrace][Native][eventLoop] event_id=2 error=0
08-22 16:50:58.442 I/MpvEvent( 8531): [PlaybackTrace][Native][eventLoop] event_id=2 error=0
08-22 16:50:58.954 I/ReactNativeJS( 8531): '[INFO]', '[PlaybackTrace][JS][loadFile:call]', { requestedPath: 'https://prod-1.storage.jamendo.com/?trackid=171&format=mp31&from=8CSIkMvwtD6jzKZ%2BPEaUMQ%3D%3D%7Cj5s5oI6ivq8l2vQOXyWixQ%3D%3D',
08-22 16:50:58.955 I/MpvBridgeModule( 8531): [PlaybackTrace][Bridge][loadFile] requested=https://prod-1.storage.jamendo.com/?trackid=171&format=mp31&from=8CSIkMvwtD6jzKZ%2BPEaUMQ%3D%3D%7Cj5s5oI6ivq8l2vQOXyWixQ%3D%3D resolved=https://prod-1.storage.jamendo.com/?trackid=171&format=mp31&from=8CSIkMvwtD6jzKZ%2BPEaUMQ%3D%3D%7Cj5s5oI6ivq8l2vQOXyWixQ%3D%3D ptr=131217388029824
08-22 16:50:58.955 I/ReactNativeJS( 8531): '[INFO]', '[PlaybackTrace][JS][loadFile:return]', { resolvedPath: 'https://prod-1.storage.jamendo.com/?trackid=171&format=mp31&from=8CSIkMvwtD6jzKZ%2BPEaUMQ%3D%3D%7Cj5s5oI6ivq8l2vQOXyWixQ%3D%3D' }
08-22 16:50:58.955 I/MpvJNI  ( 8531): [PlaybackTrace][Native][loadFile] begin path=https://prod-1.storage.jamendo.com/?trackid=171&format=mp31&from=8CSIkMvwtD6jzKZ%2BPEaUMQ%3D%3D%7Cj5s5oI6ivq8l2vQOXyWixQ%3D%3D initialized=1
08-22 16:50:58.955 I/MpvJNI  ( 8531): [PlaybackTrace][Native][loadFile] loadfile command accepted result=0
08-22 16:50:58.955 I/MpvBridgeModule( 8531): [PlaybackTrace][Bridge][loadFile] nativeLoadFile returned
08-22 16:50:58.957 I/MpvEvent( 8531): [PlaybackTrace][Native][eventLoop] event_id=2 error=0
08-22 16:50:59.010 I/MpvEvent( 8531): [PlaybackTrace][Native][eventLoop] event_id=2 error=0
08-22 16:50:59.010 I/MpvEvent( 8531): [PlaybackTrace][Native][mpv-log] prefix=ffmpeg level=error text=tls: mbedtls_ssl_handshake returned -0x7280
08-22 16:50:59.010 D/mpv     ( 8531): [ffmpeg] error: tls: mbedtls_ssl_handshake returned -0x7280
08-22 16:50:59.010 E/MpvEvent( 8531): [PlaybackTrace][Native][dispatch:error] code=-1 message=tls: mbedtls_ssl_handshake returned -0x7280
08-22 16:50:59.011 E/MpvBridgeModule( 8531): [PlaybackTrace][Bridge][listener:error] code=-1 message=tls: mbedtls_ssl_handshake returned -0x7280
08-22 16:50:59.012 I/MpvEvent( 8531): [PlaybackTrace][Native][eventLoop] event_id=7 error=0
08-22 16:50:59.013 E/MpvEvent( 8531): [PlaybackTrace][Native][eventLoop] MPV_EVENT_END_FILE reason=2 error=0
08-22 16:50:59.013 I/MpvEvent( 8531): [PlaybackTrace][Native][dispatch:event] name=endFile payload={"reason":2,"error":0}
08-22 16:50:59.013 I/MpvBridgeModule( 8531): [PlaybackTrace][Bridge][listener:event] name=endFile payload={"reason":2,"error":0}
08-22 16:50:59.014 I/MpvEvent( 8531): [PlaybackTrace][Native][eventLoop] event_id=6 error=0
08-22 16:50:59.014 I/MpvEvent( 8531): MPV_EVENT_START_FILE
08-22 16:50:59.014 I/MpvEvent( 8531): [PlaybackTrace][Native][eventLoop] event_id=2 error=0
08-22 16:50:59.014 I/MpvEvent( 8531): [PlaybackTrace][Native][mpv-log] prefix=cplayer level=v text=Opening failed or was aborted: https://prod-1.storage.jamendo.com/?trackid=171&format=mp31&from=8CSIkMvwtD6jzKZ%2BPEaUMQ%3D%3D%7Cj5s5oI6ivq8l2vQOXyWixQ%3D%3D
08-22 16:50:59.014 D/mpv     ( 8531): [cplayer] v: Opening failed or was aborted: https://prod-1.storage.jamendo.com/?trackid=171&format=mp31&from=8CSIkMvwtD6jzKZ%2BPEaUMQ%3D%3D%7Cj5s5oI6ivq8l2vQOXyWixQ%3D%3D
08-22 16:50:59.014 I/MpvEvent( 8531): [PlaybackTrace][Native][eventLoop] event_id=2 error=0
08-22 16:50:59.014 I/MpvEvent( 8531): [PlaybackTrace][Native][eventLoop] event_id=2 error=0
08-22 16:50:59.015 I/MpvEvent( 8531): [PlaybackTrace][Native][eventLoop] event_id=2 error=0
08-22 16:50:59.015 I/MpvEvent( 8531): [PlaybackTrace][Native][eventLoop] event_id=2 error=0
08-22 16:50:59.015 I/MpvEvent( 8531): [PlaybackTrace][Native][eventLoop] event_id=2 error=0
08-22 16:50:59.015 I/MpvEvent( 8531): [PlaybackTrace][Native][eventLoop] event_id=2 error=0
08-22 16:50:59.015 I/MpvEvent( 8531): [PlaybackTrace][Native][eventLoop] event_id=2 error=0
08-22 16:50:59.015 D/mpv     ( 8531): [ffmpeg] v: Opening https://prod-1.storage.jamendo.com/?trackid=171&format=mp31&from=8CSIkMvwtD6jzKZ%2BPEaUMQ%3D%3D%7Cj5s5oI6ivq8l2vQOXyWixQ%3D%3D
08-22 16:50:59.237 I/MpvEvent( 8531): [PlaybackTrace][Native][eventLoop] event_id=2 error=0
08-22 16:50:59.487 I/ReactNativeJS( 8531): '[INFO]', '[PlaybackTrace][JS][loadFile:call]', { requestedPath: 'https://prod-1.storage.jamendo.com/?trackid=171&format=mp31&from=8CSIkMvwtD6jzKZ%2BPEaUMQ%3D%3D%7Cj5s5oI6ivq8l2vQOXyWixQ%3D%3D',
08-22 16:50:59.488 I/ReactNativeJS( 8531): '[INFO]', '[PlaybackTrace][JS][loadFile:return]', { resolvedPath: 'https://prod-1.storage.jamendo.com/?trackid=171&format=mp31&from=8CSIkMvwtD6jzKZ%2BPEaUMQ%3D%3D%7Cj5s5oI6ivq8l2vQOXyWixQ%3D%3D' }
08-22 16:50:59.488 I/MpvBridgeModule( 8531): [PlaybackTrace][Bridge][loadFile] requested=https://prod-1.storage.jamendo.com/?trackid=171&format=mp31&from=8CSIkMvwtD6jzKZ%2BPEaUMQ%3D%3D%7Cj5s5oI6ivq8l2vQOXyWixQ%3D%3D resolved=https://prod-1.storage.jamendo.com/?trackid=171&format=mp31&from=8CSIkMvwtD6jzKZ%2BPEaUMQ%3D%3D%7Cj5s5oI6ivq8l2vQOXyWixQ%3D%3D ptr=131217388029824
08-22 16:50:59.488 I/MpvJNI  ( 8531): [PlaybackTrace][Native][loadFile] begin path=https://prod-1.storage.jamendo.com/?trackid=171&format=mp31&from=8CSIkMvwtD6jzKZ%2BPEaUMQ%3D%3D%7Cj5s5oI6ivq8l2vQOXyWixQ%3D%3D initialized=1
08-22 16:50:59.488 I/MpvJNI  ( 8531): [PlaybackTrace][Native][loadFile] loadfile command accepted result=0
08-22 16:50:59.488 I/MpvBridgeModule( 8531): [PlaybackTrace][Bridge][loadFile] nativeLoadFile returned
08-22 16:50:59.491 I/MpvEvent( 8531): [PlaybackTrace][Native][eventLoop] event_id=2 error=0
08-22 16:50:59.521 I/MpvEvent( 8531): [PlaybackTrace][Native][eventLoop] event_id=2 error=0
08-22 16:50:59.521 I/MpvEvent( 8531): [PlaybackTrace][Native][mpv-log] prefix=cplayer level=v text=Opening failed or was aborted: https://prod-1.storage.jamendo.com/?trackid=171&format=mp31&from=8CSIkMvwtD6jzKZ%2BPEaUMQ%3D%3D%7Cj5s5oI6ivq8l2vQOXyWixQ%3D%3D
08-22 16:50:59.521 D/mpv     ( 8531): [cplayer] v: Opening failed or was aborted: https://prod-1.storage.jamendo.com/?trackid=171&format=mp31&from=8CSIkMvwtD6jzKZ%2BPEaUMQ%3D%3D%7Cj5s5oI6ivq8l2vQOXyWixQ%3D%3D
08-22 16:50:59.523 I/MpvEvent( 8531): [PlaybackTrace][Native][eventLoop] event_id=7 error=0
08-22 16:50:59.523 E/MpvEvent( 8531): [PlaybackTrace][Native][eventLoop] MPV_EVENT_END_FILE reason=2 error=0
08-22 16:50:59.523 I/MpvEvent( 8531): [PlaybackTrace][Native][dispatch:event] name=endFile payload={"reason":2,"error":0}
08-22 16:50:59.524 I/MpvBridgeModule( 8531): [PlaybackTrace][Bridge][listener:event] name=endFile payload={"reason":2,"error":0}
08-22 16:50:59.524 I/MpvEvent( 8531): [PlaybackTrace][Native][eventLoop] event_id=2 error=0
08-22 16:50:59.524 I/MpvEvent( 8531): [PlaybackTrace][Native][eventLoop] event_id=2 error=0
08-22 16:50:59.525 I/MpvEvent( 8531): [PlaybackTrace][Native][eventLoop] event_id=6 error=0
08-22 16:50:59.525 I/MpvEvent( 8531): MPV_EVENT_START_FILE
08-22 16:50:59.527 I/MpvEvent( 8531): [PlaybackTrace][Native][eventLoop] event_id=2 error=0
08-22 16:50:59.527 I/MpvEvent( 8531): [PlaybackTrace][Native][eventLoop] event_id=2 error=0
08-22 16:50:59.527 I/MpvEvent( 8531): [PlaybackTrace][Native][eventLoop] event_id=2 error=0
08-22 16:50:59.527 I/MpvEvent( 8531): [PlaybackTrace][Native][eventLoop] event_id=2 error=0
08-22 16:50:59.527 I/MpvEvent( 8531): [PlaybackTrace][Native][eventLoop] event_id=2 error=0
08-22 16:50:59.527 D/mpv     ( 8531): [ffmpeg] v: Opening https://prod-1.storage.jamendo.com/?trackid=171&format=mp31&from=8CSIkMvwtD6jzKZ%2BPEaUMQ%3D%3D%7Cj5s5oI6ivq8l2vQOXyWixQ%3D%3D
08-22 16:50:59.637 I/ReactNativeJS( 8531): '[INFO]', '[PlaybackTrace][JS][loadFile:call]', { requestedPath: 'https://prod-1.storage.jamendo.com/?trackid=171&format=mp31&from=8CSIkMvwtD6jzKZ%2BPEaUMQ%3D%3D%7Cj5s5oI6ivq8l2vQOXyWixQ%3D%3D',
08-22 16:50:59.638 I/ReactNativeJS( 8531): '[INFO]', '[PlaybackTrace][JS][loadFile:return]', { resolvedPath: 'https://prod-1.storage.jamendo.com/?trackid=171&format=mp31&from=8CSIkMvwtD6jzKZ%2BPEaUMQ%3D%3D%7Cj5s5oI6ivq8l2vQOXyWixQ%3D%3D' }
08-22 16:50:59.638 I/MpvBridgeModule( 8531): [PlaybackTrace][Bridge][loadFile] requested=https://prod-1.storage.jamendo.com/?trackid=171&format=mp31&from=8CSIkMvwtD6jzKZ%2BPEaUMQ%3D%3D%7Cj5s5oI6ivq8l2vQOXyWixQ%3D%3D resolved=https://prod-1.storage.jamendo.com/?trackid=171&format=mp31&from=8CSIkMvwtD6jzKZ%2BPEaUMQ%3D%3D%7Cj5s5oI6ivq8l2vQOXyWixQ%3D%3D ptr=131217388029824
08-22 16:50:59.638 I/MpvJNI  ( 8531): [PlaybackTrace][Native][loadFile] begin path=https://prod-1.storage.jamendo.com/?trackid=171&format=mp31&from=8CSIkMvwtD6jzKZ%2BPEaUMQ%3D%3D%7Cj5s5oI6ivq8l2vQOXyWixQ%3D%3D initialized=1
08-22 16:50:59.638 I/MpvJNI  ( 8531): [PlaybackTrace][Native][loadFile] loadfile command accepted result=0
08-22 16:50:59.638 I/MpvBridgeModule( 8531): [PlaybackTrace][Bridge][loadFile] nativeLoadFile returned
08-22 16:50:59.640 I/MpvEvent( 8531): [PlaybackTrace][Native][eventLoop] event_id=2 error=0
08-22 16:50:59.653 I/ReactNativeJS( 8531): '[INFO]', '[PlaybackTrace][JS][loadFile:call]', { requestedPath: 'https://prod-1.storage.jamendo.com/?trackid=171&format=mp31&from=8CSIkMvwtD6jzKZ%2BPEaUMQ%3D%3D%7Cj5s5oI6ivq8l2vQOXyWixQ%3D%3D',
08-22 16:50:59.654 I/MpvBridgeModule( 8531): [PlaybackTrace][Bridge][loadFile] requested=https://prod-1.storage.jamendo.com/?trackid=171&format=mp31&from=8CSIkMvwtD6jzKZ%2BPEaUMQ%3D%3D%7Cj5s5oI6ivq8l2vQOXyWixQ%3D%3D resolved=https://prod-1.storage.jamendo.com/?trackid=171&format=mp31&from=8CSIkMvwtD6jzKZ%2BPEaUMQ%3D%3D%7Cj5s5oI6ivq8l2vQOXyWixQ%3D%3D ptr=131217388029824
08-22 16:50:59.654 I/MpvJNI  ( 8531): [PlaybackTrace][Native][loadFile] begin path=https://prod-1.storage.jamendo.com/?trackid=171&format=mp31&from=8CSIkMvwtD6jzKZ%2BPEaUMQ%3D%3D%7Cj5s5oI6ivq8l2vQOXyWixQ%3D%3D initialized=1
08-22 16:50:59.654 I/ReactNativeJS( 8531): '[INFO]', '[PlaybackTrace][JS][loadFile:return]', { resolvedPath: 'https://prod-1.storage.jamendo.com/?trackid=171&format=mp31&from=8CSIkMvwtD6jzKZ%2BPEaUMQ%3D%3D%7Cj5s5oI6ivq8l2vQOXyWixQ%3D%3D' }
08-22 16:50:59.654 I/MpvJNI  ( 8531): [PlaybackTrace][Native][loadFile] loadfile command accepted result=0
08-22 16:50:59.654 I/MpvBridgeModule( 8531): [PlaybackTrace][Bridge][loadFile] nativeLoadFile returned
08-22 16:50:59.655 I/MpvEvent( 8531): [PlaybackTrace][Native][eventLoop] event_id=2 error=0
08-22 16:50:59.734 I/MpvEvent( 8531): [PlaybackTrace][Native][eventLoop] event_id=2 error=0
08-22 16:50:59.734 I/MpvEvent( 8531): [PlaybackTrace][Native][mpv-log] prefix=cplayer level=v text=Opening failed or was aborted: https://prod-1.storage.jamendo.com/?trackid=171&format=mp31&from=8CSIkMvwtD6jzKZ%2BPEaUMQ%3D%3D%7Cj5s5oI6ivq8l2vQOXyWixQ%3D%3D
08-22 16:50:59.734 D/mpv     ( 8531): [cplayer] v: Opening failed or was aborted: https://prod-1.storage.jamendo.com/?trackid=171&format=mp31&from=8CSIkMvwtD6jzKZ%2BPEaUMQ%3D%3D%7Cj5s5oI6ivq8l2vQOXyWixQ%3D%3D
08-22 16:50:59.735 I/MpvEvent( 8531): [PlaybackTrace][Native][eventLoop] event_id=7 error=0
08-22 16:50:59.736 E/MpvEvent( 8531): [PlaybackTrace][Native][eventLoop] MPV_EVENT_END_FILE reason=2 error=0
08-22 16:50:59.736 I/MpvEvent( 8531): [PlaybackTrace][Native][dispatch:event] name=endFile payload={"reason":2,"error":0}
08-22 16:50:59.736 I/MpvBridgeModule( 8531): [PlaybackTrace][Bridge][listener:event] name=endFile payload={"reason":2,"error":0}
08-22 16:50:59.739 I/MpvEvent( 8531): [PlaybackTrace][Native][eventLoop] event_id=6 error=0
08-22 16:50:59.739 I/MpvEvent( 8531): MPV_EVENT_START_FILE
08-22 16:50:59.739 I/MpvEvent( 8531): [PlaybackTrace][Native][eventLoop] event_id=2 error=0
08-22 16:50:59.739 I/MpvEvent( 8531): [PlaybackTrace][Native][eventLoop] event_id=2 error=0
08-22 16:50:59.740 I/MpvEvent( 8531): [PlaybackTrace][Native][eventLoop] event_id=2 error=0
08-22 16:50:59.740 I/MpvEvent( 8531): [PlaybackTrace][Native][eventLoop] event_id=2 error=0
08-22 16:50:59.740 I/MpvEvent( 8531): [PlaybackTrace][Native][eventLoop] event_id=2 error=0
08-22 16:50:59.740 I/MpvEvent( 8531): [PlaybackTrace][Native][eventLoop] event_id=2 error=0
08-22 16:50:59.740 I/MpvEvent( 8531): [PlaybackTrace][Native][eventLoop] event_id=2 error=0
08-22 16:50:59.740 D/mpv     ( 8531): [ffmpeg] v: Opening https://prod-1.storage.jamendo.com/?trackid=171&format=mp31&from=8CSIkMvwtD6jzKZ%2BPEaUMQ%3D%3D%7Cj5s5oI6ivq8l2vQOXyWixQ%3D%3D
08-22 16:50:59.769 I/MpvEvent( 8531): [PlaybackTrace][Native][eventLoop] event_id=2 error=0
08-22 16:50:59.922 I/MpvEvent( 8531): [PlaybackTrace][Native][eventLoop] event_id=2 error=0
08-22 16:50:59.938 I/MpvEvent( 8531): [PlaybackTrace][Native][eventLoop] event_id=2 error=0
08-22 16:51:00.245 I/MpvEvent( 8531): [PlaybackTrace][Native][eventLoop] event_id=2 error=0
08-22 16:51:00.245 I/MpvEvent( 8531): [PlaybackTrace][Native][mpv-log] prefix=ffmpeg level=error text=tls: mbedtls_ssl_handshake returned -0x6600
08-22 16:51:00.245 D/mpv     ( 8531): [ffmpeg] error: tls: mbedtls_ssl_handshake returned -0x6600
08-22 16:51:00.245 E/MpvEvent( 8531): [PlaybackTrace][Native][dispatch:error] code=-1 message=tls: mbedtls_ssl_handshake returned -0x6600
08-22 16:51:00.246 E/MpvBridgeModule( 8531): [PlaybackTrace][Bridge][listener:error] code=-1 message=tls: mbedtls_ssl_handshake returned -0x6600
08-22 16:51:00.263 I/MpvEvent( 8531): [PlaybackTrace][Native][eventLoop] event_id=2 error=0
08-22 16:51:00.263 I/MpvEvent( 8531): [PlaybackTrace][Native][mpv-log] prefix=stream level=error text=Failed to open https://prod-1.storage.jamendo.com/?trackid=171&format=mp31&from=8CSIkMvwtD6jzKZ%2BPEaUMQ%3D%3D%7Cj5s5oI6ivq8l2vQOXyWixQ%3D%3D.
08-22 16:51:00.263 E/MpvEvent( 8531): [PlaybackTrace][Native][dispatch:error] code=-1 message=Failed to open https://prod-1.storage.jamendo.com/?trackid=171&format=mp31&from=8CSIkMvwtD6jzKZ%2BPEaUMQ%3D%3D%7Cj5s5oI6ivq8l2vQOXyWixQ%3D%3D.
08-22 16:51:00.265 E/MpvBridgeModule( 8531): [PlaybackTrace][Bridge][listener:error] code=-1 message=Failed to open https://prod-1.storage.jamendo.com/?trackid=171&format=mp31&from=8CSIkMvwtD6jzKZ%2BPEaUMQ%3D%3D%7Cj5s5oI6ivq8l2vQOXyWixQ%3D%3D.
08-22 16:51:00.270 I/MpvEvent( 8531): [PlaybackTrace][Native][eventLoop] event_id=2 error=0
08-22 16:51:00.270 I/MpvEvent( 8531): [PlaybackTrace][Native][mpv-log] prefix=cplayer level=v text=Opening failed or was aborted: https://prod-1.storage.jamendo.com/?trackid=171&format=mp31&from=8CSIkMvwtD6jzKZ%2BPEaUMQ%3D%3D%7Cj5s5oI6ivq8l2vQOXyWixQ%3D%3D
08-22 16:51:00.270 D/mpv     ( 8531): [cplayer] v: Opening failed or was aborted: https://prod-1.storage.jamendo.com/?trackid=171&format=mp31&from=8CSIkMvwtD6jzKZ%2BPEaUMQ%3D%3D%7Cj5s5oI6ivq8l2vQOXyWixQ%3D%3D
08-22 16:51:00.271 I/MpvEvent( 8531): [PlaybackTrace][Native][eventLoop] event_id=2 error=0
08-22 16:51:00.271 I/MpvEvent( 8531): [PlaybackTrace][Native][eventLoop] event_id=2 error=0
08-22 16:51:00.291 I/MpvEvent( 8531): [PlaybackTrace][Native][eventLoop] event_id=2 error=0
08-22 16:51:00.291 I/MpvEvent( 8531): [PlaybackTrace][Native][mpv-log] prefix=ytdl_hook level=error text=Subprocess failed: init
08-22 16:51:00.292 E/MpvEvent( 8531): [PlaybackTrace][Native][dispatch:error] code=-1 message=Subprocess failed: init
08-22 16:51:00.292 E/MpvBridgeModule( 8531): [PlaybackTrace][Bridge][listener:error] code=-1 message=Subprocess failed: init
08-22 16:51:00.294 I/MpvEvent( 8531): [PlaybackTrace][Native][eventLoop] event_id=7 error=0
08-22 16:51:00.294 E/MpvEvent( 8531): [PlaybackTrace][Native][eventLoop] MPV_EVENT_END_FILE reason=4 error=-13
08-22 16:51:00.294 I/MpvEvent( 8531): [PlaybackTrace][Native][dispatch:event] name=endFile payload={"reason":4,"error":-13}
08-22 16:51:00.294 I/MpvBridgeModule( 8531): [PlaybackTrace][Bridge][listener:event] name=endFile payload={"reason":4,"error":-13}
08-22 16:51:00.295 I/MpvEvent( 8531): [PlaybackTrace][Native][eventLoop] event_id=11 error=0
08-22 16:51:00.295 I/MpvEvent( 8531): [PlaybackTrace][Native][eventLoop] event_id=2 error=0
08-22 16:51:00.295 I/MpvEvent( 8531): [PlaybackTrace][Native][mpv-log] prefix=cplayer level=v text=Set property: user-data/mpv/ytdl/json-subprocess-result={"killed_by_us":false,"error_string":"init","status":-3,"stderr":"","stdout":""} -> 1
08-22 16:51:00.295 D/mpv     ( 8531): [cplayer] v: Set property: user-data/mpv/ytdl/json-subprocess-result={"killed_by_us":false,"error_string":"init","status":-3,"stderr":"","stdout":""} -> 1
08-22 16:51:00.295 I/MpvEvent( 8531): [PlaybackTrace][Native][eventLoop] event_id=2 error=0
08-22 16:51:00.295 I/MpvEvent( 8531): [PlaybackTrace][Native][eventLoop] event_id=2 error=0
08-22 16:51:00.295 I/MpvEvent( 8531): [PlaybackTrace][Native][eventLoop] event_id=2 error=0
08-22 16:51:00.295 I/MpvEvent( 8531): [PlaybackTrace][Native][eventLoop] event_id=2 error=0
08-22 16:51:00.296 I/MpvEvent( 8531): [PlaybackTrace][Native][eventLoop] event_id=2 error=0
08-22 16:51:00.296 I/MpvEvent( 8531): [PlaybackTrace][Native][mpv-log] prefix=ytdl_hook level=error text=
08-22 16:51:00.296 E/MpvEvent( 8531): [PlaybackTrace][Native][dispatch:error] code=-1 message=
08-22 16:51:00.296 E/MpvBridgeModule( 8531): [PlaybackTrace][Bridge][listener:error] code=-1 message=
08-22 16:51:00.297 I/MpvEvent( 8531): [PlaybackTrace][Native][eventLoop] event_id=2 error=0
08-22 16:51:00.297 I/MpvEvent( 8531): [PlaybackTrace][Native][mpv-log] prefix=ytdl_hook level=error text=youtube-dl failed: not found or not enough permissions
08-22 16:51:00.297 E/MpvEvent( 8531): [PlaybackTrace][Native][dispatch:error] code=-1 message=youtube-dl failed: not found or not enough permissions
08-22 16:51:00.297 E/MpvBridgeModule( 8531): [PlaybackTrace][Bridge][listener:error] code=-1 message=youtube-dl failed: not found or not enough permissions
08-22 16:51:00.298 I/MpvEvent( 8531): [PlaybackTrace][Native][eventLoop] event_id=2 error=0
08-22 16:51:00.298 I/MpvEvent( 8531): [PlaybackTrace][Native][mpv-log] prefix=cplayer level=v text=finished playback, loading failed (reason 4)
08-22 16:51:00.298 D/mpv     ( 8531): [cplayer] v: finished playback, loading failed (reason 4)
08-22 16:51:00.298 I/MpvEvent( 8531): [PlaybackTrace][Native][eventLoop] event_id=2 error=0
08-22 16:51:00.455 I/ReactNativeJS( 8531): '[INFO]', '[PlaybackTrace][JS][loadFile:call]', { requestedPath: 'https://prod-1.storage.jamendo.com/?trackid=171&format=mp31&from=8CSIkMvwtD6jzKZ%2BPEaUMQ%3D%3D%7Cj5s5oI6ivq8l2vQOXyWixQ%3D%3D',
08-22 16:51:00.455 I/MpvBridgeModule( 8531): [PlaybackTrace][Bridge][loadFile] requested=https://prod-1.storage.jamendo.com/?trackid=171&format=mp31&from=8CSIkMvwtD6jzKZ%2BPEaUMQ%3D%3D%7Cj5s5oI6ivq8l2vQOXyWixQ%3D%3D resolved=https://prod-1.storage.jamendo.com/?trackid=171&format=mp31&from=8CSIkMvwtD6jzKZ%2BPEaUMQ%3D%3D%7Cj5s5oI6ivq8l2vQOXyWixQ%3D%3D ptr=131217388029824
08-22 16:51:00.456 I/MpvJNI  ( 8531): [PlaybackTrace][Native][loadFile] begin path=https://prod-1.storage.jamendo.com/?trackid=171&format=mp31&from=8CSIkMvwtD6jzKZ%2BPEaUMQ%3D%3D%7Cj5s5oI6ivq8l2vQOXyWixQ%3D%3D initialized=1
08-22 16:51:00.456 I/ReactNativeJS( 8531): '[INFO]', '[PlaybackTrace][JS][loadFile:return]', { resolvedPath: 'https://prod-1.storage.jamendo.com/?trackid=171&format=mp31&from=8CSIkMvwtD6jzKZ%2BPEaUMQ%3D%3D%7Cj5s5oI6ivq8l2vQOXyWixQ%3D%3D' }
08-22 16:51:00.456 I/MpvJNI  ( 8531): [PlaybackTrace][Native][loadFile] loadfile command accepted result=0
08-22 16:51:00.456 I/MpvBridgeModule( 8531): [PlaybackTrace][Bridge][loadFile] nativeLoadFile returned
08-22 16:51:00.457 I/MpvEvent( 8531): [PlaybackTrace][Native][eventLoop] event_id=6 error=0
08-22 16:51:00.457 I/MpvEvent( 8531): MPV_EVENT_START_FILE
08-22 16:51:00.460 I/MpvEvent( 8531): [PlaybackTrace][Native][eventLoop] event_id=2 error=0
08-22 16:51:00.460 I/MpvEvent( 8531): [PlaybackTrace][Native][eventLoop] event_id=2 error=0
08-22 16:51:00.461 I/MpvEvent( 8531): [PlaybackTrace][Native][eventLoop] event_id=2 error=0
08-22 16:51:00.462 I/MpvEvent( 8531): [PlaybackTrace][Native][eventLoop] event_id=2 error=0
08-22 16:51:00.463 I/MpvEvent( 8531): [PlaybackTrace][Native][eventLoop] event_id=2 error=0
08-22 16:51:00.463 D/mpv     ( 8531): [ffmpeg] v: Opening https://prod-1.storage.jamendo.com/?trackid=171&format=mp31&from=8CSIkMvwtD6jzKZ%2BPEaUMQ%3D%3D%7Cj5s5oI6ivq8l2vQOXyWixQ%3D%3D
08-22 16:51:00.463 I/MpvEvent( 8531): [PlaybackTrace][Native][eventLoop] event_id=2 error=0
08-22 16:51:00.738 I/MpvEvent( 8531): [PlaybackTrace][Native][eventLoop] event_id=2 error=0
08-22 16:51:00.950 I/MpvEvent( 8531): [PlaybackTrace][Native][eventLoop] event_id=2 error=0
08-22 16:51:00.951 I/MpvEvent( 8531): [PlaybackTrace][Native][mpv-log] prefix=ffmpeg level=error text=tls: mbedtls_ssl_handshake returned -0x6600
08-22 16:51:00.951 D/mpv     ( 8531): [ffmpeg] error: tls: mbedtls_ssl_handshake returned -0x6600
08-22 16:51:00.951 E/MpvEvent( 8531): [PlaybackTrace][Native][dispatch:error] code=-1 message=tls: mbedtls_ssl_handshake returned -0x6600
08-22 16:51:00.951 E/MpvBridgeModule( 8531): [PlaybackTrace][Bridge][listener:error] code=-1 message=tls: mbedtls_ssl_handshake returned -0x6600
08-22 16:51:00.952 I/MpvEvent( 8531): [PlaybackTrace][Native][eventLoop] event_id=2 error=0
08-22 16:51:00.952 I/MpvEvent( 8531): [PlaybackTrace][Native][mpv-log] prefix=stream level=error text=Failed to open https://prod-1.storage.jamendo.com/?trackid=171&format=mp31&from=8CSIkMvwtD6jzKZ%2BPEaUMQ%3D%3D%7Cj5s5oI6ivq8l2vQOXyWixQ%3D%3D.
08-22 16:51:00.952 E/MpvEvent( 8531): [PlaybackTrace][Native][dispatch:error] code=-1 message=Failed to open https://prod-1.storage.jamendo.com/?trackid=171&format=mp31&from=8CSIkMvwtD6jzKZ%2BPEaUMQ%3D%3D%7Cj5s5oI6ivq8l2vQOXyWixQ%3D%3D.
08-22 16:51:00.964 E/MpvBridgeModule( 8531): [PlaybackTrace][Bridge][listener:error] code=-1 message=Failed to open https://prod-1.storage.jamendo.com/?trackid=171&format=mp31&from=8CSIkMvwtD6jzKZ%2BPEaUMQ%3D%3D%7Cj5s5oI6ivq8l2vQOXyWixQ%3D%3D.
08-22 16:51:00.965 I/MpvEvent( 8531): [PlaybackTrace][Native][eventLoop] event_id=2 error=0
08-22 16:51:00.965 I/MpvEvent( 8531): [PlaybackTrace][Native][mpv-log] prefix=cplayer level=v text=Opening failed or was aborted: https://prod-1.storage.jamendo.com/?trackid=171&format=mp31&from=8CSIkMvwtD6jzKZ%2BPEaUMQ%3D%3D%7Cj5s5oI6ivq8l2vQOXyWixQ%3D%3D
08-22 16:51:00.965 D/mpv     ( 8531): [cplayer] v: Opening failed or was aborted: https://prod-1.storage.jamendo.com/?trackid=171&format=mp31&from=8CSIkMvwtD6jzKZ%2BPEaUMQ%3D%3D%7Cj5s5oI6ivq8l2vQOXyWixQ%3D%3D
08-22 16:51:00.965 I/MpvEvent( 8531): [PlaybackTrace][Native][eventLoop] event_id=2 error=0
08-22 16:51:00.966 I/MpvEvent( 8531): [PlaybackTrace][Native][eventLoop] event_id=2 error=0
08-22 16:51:01.004 I/MpvEvent( 8531): [PlaybackTrace][Native][eventLoop] event_id=2 error=0
08-22 16:51:01.004 I/MpvEvent( 8531): [PlaybackTrace][Native][mpv-log] prefix=ytdl_hook level=error text=Subprocess failed: init
08-22 16:51:01.004 E/MpvEvent( 8531): [PlaybackTrace][Native][dispatch:error] code=-1 message=Subprocess failed: init
08-22 16:51:01.005 E/MpvBridgeModule( 8531): [PlaybackTrace][Bridge][listener:error] code=-1 message=Subprocess failed: init
08-22 16:51:01.006 I/MpvEvent( 8531): [PlaybackTrace][Native][eventLoop] event_id=7 error=0
08-22 16:51:01.006 E/MpvEvent( 8531): [PlaybackTrace][Native][eventLoop] MPV_EVENT_END_FILE reason=4 error=-13
08-22 16:51:01.006 I/MpvEvent( 8531): [PlaybackTrace][Native][dispatch:event] name=endFile payload={"reason":4,"error":-13}
08-22 16:51:01.006 I/MpvBridgeModule( 8531): [PlaybackTrace][Bridge][listener:event] name=endFile payload={"reason":4,"error":-13}
08-22 16:51:01.007 I/MpvEvent( 8531): [PlaybackTrace][Native][eventLoop] event_id=11 error=0
08-22 16:51:01.008 I/MpvEvent( 8531): [PlaybackTrace][Native][eventLoop] event_id=2 error=0
08-22 16:51:01.008 I/MpvEvent( 8531): [PlaybackTrace][Native][mpv-log] prefix=cplayer level=v text=Set property: user-data/mpv/ytdl/json-subprocess-result={"killed_by_us":false,"error_string":"init","status":-3,"stderr":"","stdout":""} -> 1
08-22 16:51:01.008 D/mpv     ( 8531): [cplayer] v: Set property: user-data/mpv/ytdl/json-subprocess-result={"killed_by_us":false,"error_string":"init","status":-3,"stderr":"","stdout":""} -> 1
08-22 16:51:01.008 I/MpvEvent( 8531): [PlaybackTrace][Native][eventLoop] event_id=2 error=0
08-22 16:51:01.008 I/MpvEvent( 8531): [PlaybackTrace][Native][eventLoop] event_id=2 error=0
08-22 16:51:01.008 I/MpvEvent( 8531): [PlaybackTrace][Native][eventLoop] event_id=2 error=0
08-22 16:51:01.008 I/MpvEvent( 8531): [PlaybackTrace][Native][eventLoop] event_id=2 error=0
08-22 16:51:01.008 I/MpvEvent( 8531): [PlaybackTrace][Native][eventLoop] event_id=2 error=0
08-22 16:51:01.008 I/MpvEvent( 8531): [PlaybackTrace][Native][mpv-log] prefix=ytdl_hook level=error text=
08-22 16:51:01.008 E/MpvEvent( 8531): [PlaybackTrace][Native][dispatch:error] code=-1 message=
08-22 16:51:01.009 E/MpvBridgeModule( 8531): [PlaybackTrace][Bridge][listener:error] code=-1 message=
08-22 16:51:01.009 I/MpvEvent( 8531): [PlaybackTrace][Native][eventLoop] event_id=2 error=0
08-22 16:51:01.009 I/MpvEvent( 8531): [PlaybackTrace][Native][mpv-log] prefix=ytdl_hook level=error text=youtube-dl failed: not found or not enough permissions
08-22 16:51:01.009 E/MpvEvent( 8531): [PlaybackTrace][Native][dispatch:error] code=-1 message=youtube-dl failed: not found or not enough permissions
08-22 16:51:01.009 E/MpvBridgeModule( 8531): [PlaybackTrace][Bridge][listener:error] code=-1 message=youtube-dl failed: not found or not enough permissions
08-22 16:51:01.010 I/MpvEvent( 8531): [PlaybackTrace][Native][eventLoop] event_id=2 error=0
08-22 16:51:01.010 I/MpvEvent( 8531): [PlaybackTrace][Native][mpv-log] prefix=cplayer level=v text=finished playback, loading failed (reason 4)
08-22 16:51:01.010 D/mpv     ( 8531): [cplayer] v: finished playback, loading failed (reason 4)
08-22 16:51:01.010 I/MpvEvent( 8531): [PlaybackTrace][Native][eventLoop] event_id=2 error=0
08-22 16:51:01.109 I/ReactNativeJS( 8531): '[INFO]', '[PlaybackTrace][JS][loadFile:call]', { requestedPath: 'https://prod-1.storage.jamendo.com/?trackid=171&format=mp31&from=8CSIkMvwtD6jzKZ%2BPEaUMQ%3D%3D%7Cj5s5oI6ivq8l2vQOXyWixQ%3D%3D',
08-22 16:51:01.110 I/MpvBridgeModule( 8531): [PlaybackTrace][Bridge][loadFile] requested=https://prod-1.storage.jamendo.com/?trackid=171&format=mp31&from=8CSIkMvwtD6jzKZ%2BPEaUMQ%3D%3D%7Cj5s5oI6ivq8l2vQOXyWixQ%3D%3D resolved=https://prod-1.storage.jamendo.com/?trackid=171&format=mp31&from=8CSIkMvwtD6jzKZ%2BPEaUMQ%3D%3D%7Cj5s5oI6ivq8l2vQOXyWixQ%3D%3D ptr=131217388029824
08-22 16:51:01.110 I/MpvJNI  ( 8531): [PlaybackTrace][Native][loadFile] begin path=https://prod-1.storage.jamendo.com/?trackid=171&format=mp31&from=8CSIkMvwtD6jzKZ%2BPEaUMQ%3D%3D%7Cj5s5oI6ivq8l2vQOXyWixQ%3D%3D initialized=1
08-22 16:51:01.110 I/MpvJNI  ( 8531): [PlaybackTrace][Native][loadFile] loadfile command accepted result=0
08-22 16:51:01.110 I/ReactNativeJS( 8531): '[INFO]', '[PlaybackTrace][JS][loadFile:return]', { resolvedPath: 'https://prod-1.storage.jamendo.com/?trackid=171&format=mp31&from=8CSIkMvwtD6jzKZ%2BPEaUMQ%3D%3D%7Cj5s5oI6ivq8l2vQOXyWixQ%3D%3D' }
08-22 16:51:01.110 I/MpvBridgeModule( 8531): [PlaybackTrace][Bridge][loadFile] nativeLoadFile returned
08-22 16:51:01.110 I/MpvEvent( 8531): [PlaybackTrace][Native][eventLoop] event_id=6 error=0
08-22 16:51:01.110 I/MpvEvent( 8531): MPV_EVENT_START_FILE
08-22 16:51:01.111 I/MpvEvent( 8531): [PlaybackTrace][Native][eventLoop] event_id=2 error=0
08-22 16:51:01.113 I/MpvEvent( 8531): [PlaybackTrace][Native][eventLoop] event_id=2 error=0
08-22 16:51:01.113 I/MpvEvent( 8531): [PlaybackTrace][Native][eventLoop] event_id=2 error=0
08-22 16:51:01.113 I/MpvEvent( 8531): [PlaybackTrace][Native][eventLoop] event_id=2 error=0
08-22 16:51:01.114 I/MpvEvent( 8531): [PlaybackTrace][Native][eventLoop] event_id=2 error=0
08-22 16:51:01.115 I/MpvEvent( 8531): [PlaybackTrace][Native][eventLoop] event_id=2 error=0
08-22 16:51:01.115 D/mpv     ( 8531): [ffmpeg] v: Opening https://prod-1.storage.jamendo.com/?trackid=171&format=mp31&from=8CSIkMvwtD6jzKZ%2BPEaUMQ%3D%3D%7Cj5s5oI6ivq8l2vQOXyWixQ%3D%3D
08-22 16:51:01.389 I/MpvEvent( 8531): [PlaybackTrace][Native][eventLoop] event_id=2 error=0
08-22 16:51:01.678 I/MpvEvent( 8531): [PlaybackTrace][Native][eventLoop] event_id=2 error=0
08-22 16:51:01.678 I/MpvEvent( 8531): [PlaybackTrace][Native][mpv-log] prefix=ffmpeg level=error text=tls: mbedtls_ssl_handshake returned -0x6600
08-22 16:51:01.678 D/mpv     ( 8531): [ffmpeg] error: tls: mbedtls_ssl_handshake returned -0x6600
08-22 16:51:01.678 E/MpvEvent( 8531): [PlaybackTrace][Native][dispatch:error] code=-1 message=tls: mbedtls_ssl_handshake returned -0x6600
08-22 16:51:01.679 E/MpvBridgeModule( 8531): [PlaybackTrace][Bridge][listener:error] code=-1 message=tls: mbedtls_ssl_handshake returned -0x6600
08-22 16:51:01.679 I/MpvEvent( 8531): [PlaybackTrace][Native][eventLoop] event_id=2 error=0
08-22 16:51:01.679 I/MpvEvent( 8531): [PlaybackTrace][Native][mpv-log] prefix=stream level=error text=Failed to open https://prod-1.storage.jamendo.com/?trackid=171&format=mp31&from=8CSIkMvwtD6jzKZ%2BPEaUMQ%3D%3D%7Cj5s5oI6ivq8l2vQOXyWixQ%3D%3D.
08-22 16:51:01.679 E/MpvEvent( 8531): [PlaybackTrace][Native][dispatch:error] code=-1 message=Failed to open https://prod-1.storage.jamendo.com/?trackid=171&format=mp31&from=8CSIkMvwtD6jzKZ%2BPEaUMQ%3D%3D%7Cj5s5oI6ivq8l2vQOXyWixQ%3D%3D.
08-22 16:51:01.680 E/MpvBridgeModule( 8531): [PlaybackTrace][Bridge][listener:error] code=-1 message=Failed to open https://prod-1.storage.jamendo.com/?trackid=171&format=mp31&from=8CSIkMvwtD6jzKZ%2BPEaUMQ%3D%3D%7Cj5s5oI6ivq8l2vQOXyWixQ%3D%3D.
08-22 16:51:01.700 I/MpvEvent( 8531): [PlaybackTrace][Native][eventLoop] event_id=2 error=0
08-22 16:51:01.700 I/MpvEvent( 8531): [PlaybackTrace][Native][mpv-log] prefix=cplayer level=v text=Opening failed or was aborted: https://prod-1.storage.jamendo.com/?trackid=171&format=mp31&from=8CSIkMvwtD6jzKZ%2BPEaUMQ%3D%3D%7Cj5s5oI6ivq8l2vQOXyWixQ%3D%3D
08-22 16:51:01.701 D/mpv     ( 8531): [cplayer] v: Opening failed or was aborted: https://prod-1.storage.jamendo.com/?trackid=171&format=mp31&from=8CSIkMvwtD6jzKZ%2BPEaUMQ%3D%3D%7Cj5s5oI6ivq8l2vQOXyWixQ%3D%3D
08-22 16:51:01.701 I/MpvEvent( 8531): [PlaybackTrace][Native][eventLoop] event_id=2 error=0
08-22 16:51:01.701 I/MpvEvent( 8531): [PlaybackTrace][Native][eventLoop] event_id=2 error=0
08-22 16:51:01.722 I/MpvEvent( 8531): [PlaybackTrace][Native][eventLoop] event_id=2 error=0
08-22 16:51:01.722 I/MpvEvent( 8531): [PlaybackTrace][Native][mpv-log] prefix=ytdl_hook level=error text=Subprocess failed: init
08-22 16:51:01.722 E/MpvEvent( 8531): [PlaybackTrace][Native][dispatch:error] code=-1 message=Subprocess failed: init
08-22 16:51:01.723 E/MpvBridgeModule( 8531): [PlaybackTrace][Bridge][listener:error] code=-1 message=Subprocess failed: init
08-22 16:51:01.724 I/MpvEvent( 8531): [PlaybackTrace][Native][eventLoop] event_id=7 error=0
08-22 16:51:01.724 E/MpvEvent( 8531): [PlaybackTrace][Native][eventLoop] MPV_EVENT_END_FILE reason=4 error=-13
08-22 16:51:01.724 I/MpvEvent( 8531): [PlaybackTrace][Native][dispatch:event] name=endFile payload={"reason":4,"error":-13}
08-22 16:51:01.725 I/MpvBridgeModule( 8531): [PlaybackTrace][Bridge][listener:event] name=endFile payload={"reason":4,"error":-13}
08-22 16:51:01.727 I/MpvEvent( 8531): [PlaybackTrace][Native][eventLoop] event_id=11 error=0
08-22 16:51:01.727 I/MpvEvent( 8531): [PlaybackTrace][Native][eventLoop] event_id=2 error=0
08-22 16:51:01.727 I/MpvEvent( 8531): [PlaybackTrace][Native][mpv-log] prefix=cplayer level=v text=Set property: user-data/mpv/ytdl/json-subprocess-result={"killed_by_us":false,"error_string":"init","status":-3,"stderr":"","stdout":""} -> 1
08-22 16:51:01.727 D/mpv     ( 8531): [cplayer] v: Set property: user-data/mpv/ytdl/json-subprocess-result={"killed_by_us":false,"error_string":"init","status":-3,"stderr":"","stdout":""} -> 1
08-22 16:51:01.727 I/MpvEvent( 8531): [PlaybackTrace][Native][eventLoop] event_id=2 error=0
08-22 16:51:01.727 I/MpvEvent( 8531): [PlaybackTrace][Native][eventLoop] event_id=2 error=0
08-22 16:51:01.727 I/MpvEvent( 8531): [PlaybackTrace][Native][eventLoop] event_id=2 error=0
08-22 16:51:01.727 I/MpvEvent( 8531): [PlaybackTrace][Native][eventLoop] event_id=2 error=0
08-22 16:51:01.727 I/MpvEvent( 8531): [PlaybackTrace][Native][eventLoop] event_id=2 error=0
08-22 16:51:01.727 I/MpvEvent( 8531): [PlaybackTrace][Native][mpv-log] prefix=ytdl_hook level=error text=
08-22 16:51:01.727 E/MpvEvent( 8531): [PlaybackTrace][Native][dispatch:error] code=-1 message=
08-22 16:51:01.727 E/MpvBridgeModule( 8531): [PlaybackTrace][Bridge][listener:error] code=-1 message=
08-22 16:51:01.727 I/MpvEvent( 8531): [PlaybackTrace][Native][eventLoop] event_id=2 error=0
08-22 16:51:01.727 I/MpvEvent( 8531): [PlaybackTrace][Native][mpv-log] prefix=ytdl_hook level=error text=youtube-dl failed: not found or not enough permissions
08-22 16:51:01.727 E/MpvEvent( 8531): [PlaybackTrace][Native][dispatch:error] code=-1 message=youtube-dl failed: not found or not enough permissions
08-22 16:51:01.728 E/MpvBridgeModule( 8531): [PlaybackTrace][Bridge][listener:error] code=-1 message=youtube-dl failed: not found or not enough permissions
08-22 16:51:01.728 I/MpvEvent( 8531): [PlaybackTrace][Native][eventLoop] event_id=2 error=0
08-22 16:51:01.728 I/MpvEvent( 8531): [PlaybackTrace][Native][mpv-log] prefix=cplayer level=v text=finished playback, loading failed (reason 4)
08-22 16:51:01.728 D/mpv     ( 8531): [cplayer] v: finished playback, loading failed (reason 4)
08-22 16:51:01.728 I/MpvEvent( 8531): [PlaybackTrace][Native][eventLoop] event_id=2 error=0
08-22 16:51:01.905 I/ReactNativeJS( 8531): '[INFO]', '[PlaybackTrace][JS][loadFile:call]', { requestedPath: 'https://prod-1.storage.jamendo.com/?trackid=171&format=mp31&from=8CSIkMvwtD6jzKZ%2BPEaUMQ%3D%3D%7Cj5s5oI6ivq8l2vQOXyWixQ%3D%3D',
08-22 16:51:01.905 I/MpvBridgeModule( 8531): [PlaybackTrace][Bridge][loadFile] requested=https://prod-1.storage.jamendo.com/?trackid=171&format=mp31&from=8CSIkMvwtD6jzKZ%2BPEaUMQ%3D%3D%7Cj5s5oI6ivq8l2vQOXyWixQ%3D%3D resolved=https://prod-1.storage.jamendo.com/?trackid=171&format=mp31&from=8CSIkMvwtD6jzKZ%2BPEaUMQ%3D%3D%7Cj5s5oI6ivq8l2vQOXyWixQ%3D%3D ptr=131217388029824
08-22 16:51:01.906 I/MpvJNI  ( 8531): [PlaybackTrace][Native][loadFile] begin path=https://prod-1.storage.jamendo.com/?trackid=171&format=mp31&from=8CSIkMvwtD6jzKZ%2BPEaUMQ%3D%3D%7Cj5s5oI6ivq8l2vQOXyWixQ%3D%3D initialized=1
08-22 16:51:01.906 I/MpvJNI  ( 8531): [PlaybackTrace][Native][loadFile] loadfile command accepted result=0
08-22 16:51:01.906 I/MpvBridgeModule( 8531): [PlaybackTrace][Bridge][loadFile] nativeLoadFile returned
08-22 16:51:01.906 I/ReactNativeJS( 8531): '[INFO]', '[PlaybackTrace][JS][loadFile:return]', { resolvedPath: 'https://prod-1.storage.jamendo.com/?trackid=171&format=mp31&from=8CSIkMvwtD6jzKZ%2BPEaUMQ%3D%3D%7Cj5s5oI6ivq8l2vQOXyWixQ%3D%3D' }
08-22 16:51:01.907 I/MpvEvent( 8531): [PlaybackTrace][Native][eventLoop] event_id=6 error=0
08-22 16:51:01.907 I/MpvEvent( 8531): MPV_EVENT_START_FILE
08-22 16:51:01.908 I/MpvEvent( 8531): [PlaybackTrace][Native][eventLoop] event_id=2 error=0
08-22 16:51:01.908 I/MpvEvent( 8531): [PlaybackTrace][Native][eventLoop] event_id=2 error=0
08-22 16:51:01.908 I/MpvEvent( 8531): [PlaybackTrace][Native][eventLoop] event_id=2 error=0
08-22 16:51:01.909 I/MpvEvent( 8531): [PlaybackTrace][Native][eventLoop] event_id=2 error=0
08-22 16:51:01.910 I/MpvEvent( 8531): [PlaybackTrace][Native][eventLoop] event_id=2 error=0
08-22 16:51:01.910 D/mpv     ( 8531): [ffmpeg] v: Opening https://prod-1.storage.jamendo.com/?trackid=171&format=mp31&from=8CSIkMvwtD6jzKZ%2BPEaUMQ%3D%3D%7Cj5s5oI6ivq8l2vQOXyWixQ%3D%3D
08-22 16:51:01.910 I/MpvEvent( 8531): [PlaybackTrace][Native][eventLoop] event_id=2 error=0
08-22 16:51:02.039 I/ReactNativeJS( 8531): '[INFO]', '[PlaybackTrace][JS][loadFile:call]', { requestedPath: 'https://prod-1.storage.jamendo.com/?trackid=171&format=mp31&from=8CSIkMvwtD6jzKZ%2BPEaUMQ%3D%3D%7Cj5s5oI6ivq8l2vQOXyWixQ%3D%3D',
08-22 16:51:02.039 I/MpvBridgeModule( 8531): [PlaybackTrace][Bridge][loadFile] requested=https://prod-1.storage.jamendo.com/?trackid=171&format=mp31&from=8CSIkMvwtD6jzKZ%2BPEaUMQ%3D%3D%7Cj5s5oI6ivq8l2vQOXyWixQ%3D%3D resolved=https://prod-1.storage.jamendo.com/?trackid=171&format=mp31&from=8CSIkMvwtD6jzKZ%2BPEaUMQ%3D%3D%7Cj5s5oI6ivq8l2vQOXyWixQ%3D%3D ptr=131217388029824
08-22 16:51:02.039 I/MpvJNI  ( 8531): [PlaybackTrace][Native][loadFile] begin path=https://prod-1.storage.jamendo.com/?trackid=171&format=mp31&from=8CSIkMvwtD6jzKZ%2BPEaUMQ%3D%3D%7Cj5s5oI6ivq8l2vQOXyWixQ%3D%3D initialized=1
08-22 16:51:02.040 I/ReactNativeJS( 8531): '[INFO]', '[PlaybackTrace][JS][loadFile:return]', { resolvedPath: 'https://prod-1.storage.jamendo.com/?trackid=171&format=mp31&from=8CSIkMvwtD6jzKZ%2BPEaUMQ%3D%3D%7Cj5s5oI6ivq8l2vQOXyWixQ%3D%3D' }
08-22 16:51:02.040 I/MpvJNI  ( 8531): [PlaybackTrace][Native][loadFile] loadfile command accepted result=0
08-22 16:51:02.040 I/MpvBridgeModule( 8531): [PlaybackTrace][Bridge][loadFile] nativeLoadFile returned
08-22 16:51:02.042 I/MpvEvent( 8531): [PlaybackTrace][Native][eventLoop] event_id=2 error=0
08-22 16:51:02.101 I/MpvEvent( 8531): [PlaybackTrace][Native][eventLoop] event_id=2 error=0
08-22 16:51:02.101 I/MpvEvent( 8531): [PlaybackTrace][Native][mpv-log] prefix=ffmpeg level=error text=tls: mbedtls_ssl_handshake returned -0x7280
08-22 16:51:02.101 D/mpv     ( 8531): [ffmpeg] error: tls: mbedtls_ssl_handshake returned -0x7280
08-22 16:51:02.101 E/MpvEvent( 8531): [PlaybackTrace][Native][dispatch:error] code=-1 message=tls: mbedtls_ssl_handshake returned -0x7280
08-22 16:51:02.102 E/MpvBridgeModule( 8531): [PlaybackTrace][Bridge][listener:error] code=-1 message=tls: mbedtls_ssl_handshake returned -0x7280
08-22 16:51:02.103 I/MpvEvent( 8531): [PlaybackTrace][Native][eventLoop] event_id=7 error=0
08-22 16:51:02.103 E/MpvEvent( 8531): [PlaybackTrace][Native][eventLoop] MPV_EVENT_END_FILE reason=2 error=0
08-22 16:51:02.103 I/MpvEvent( 8531): [PlaybackTrace][Native][dispatch:event] name=endFile payload={"reason":2,"error":0}
08-22 16:51:02.103 I/MpvBridgeModule( 8531): [PlaybackTrace][Bridge][listener:event] name=endFile payload={"reason":2,"error":0}
08-22 16:51:02.104 I/MpvEvent( 8531): [PlaybackTrace][Native][eventLoop] event_id=6 error=0
08-22 16:51:02.104 I/MpvEvent( 8531): MPV_EVENT_START_FILE
08-22 16:51:02.106 I/MpvEvent( 8531): [PlaybackTrace][Native][eventLoop] event_id=2 error=0
08-22 16:51:02.106 I/MpvEvent( 8531): [PlaybackTrace][Native][mpv-log] prefix=cplayer level=v text=Opening failed or was aborted: https://prod-1.storage.jamendo.com/?trackid=171&format=mp31&from=8CSIkMvwtD6jzKZ%2BPEaUMQ%3D%3D%7Cj5s5oI6ivq8l2vQOXyWixQ%3D%3D
08-22 16:51:02.106 D/mpv     ( 8531): [cplayer] v: Opening failed or was aborted: https://prod-1.storage.jamendo.com/?trackid=171&format=mp31&from=8CSIkMvwtD6jzKZ%2BPEaUMQ%3D%3D%7Cj5s5oI6ivq8l2vQOXyWixQ%3D%3D
08-22 16:51:02.106 I/MpvEvent( 8531): [PlaybackTrace][Native][eventLoop] event_id=2 error=0
08-22 16:51:02.106 I/MpvEvent( 8531): [PlaybackTrace][Native][eventLoop] event_id=2 error=0
08-22 16:51:02.106 I/MpvEvent( 8531): [PlaybackTrace][Native][eventLoop] event_id=2 error=0
08-22 16:51:02.106 I/MpvEvent( 8531): [PlaybackTrace][Native][eventLoop] event_id=2 error=0
08-22 16:51:02.106 I/MpvEvent( 8531): [PlaybackTrace][Native][eventLoop] event_id=2 error=0
08-22 16:51:02.106 I/MpvEvent( 8531): [PlaybackTrace][Native][eventLoop] event_id=2 error=0
08-22 16:51:02.107 I/MpvEvent( 8531): [PlaybackTrace][Native][eventLoop] event_id=2 error=0
08-22 16:51:02.107 D/mpv     ( 8531): [ffmpeg] v: Opening https://prod-1.storage.jamendo.com/?trackid=171&format=mp31&from=8CSIkMvwtD6jzKZ%2BPEaUMQ%3D%3D%7Cj5s5oI6ivq8l2vQOXyWixQ%3D%3D
08-22 16:51:02.185 I/MpvEvent( 8531): [PlaybackTrace][Native][eventLoop] event_id=2 error=0
08-22 16:51:02.321 I/MpvEvent( 8531): [PlaybackTrace][Native][eventLoop] event_id=2 error=0
08-22 16:51:02.504 I/ReactNativeJS( 8531): '[INFO]', '[PlaybackTrace][JS][loadFile:call]', { requestedPath: 'https://prod-1.storage.jamendo.com/?trackid=171&format=mp31&from=8CSIkMvwtD6jzKZ%2BPEaUMQ%3D%3D%7Cj5s5oI6ivq8l2vQOXyWixQ%3D%3D',
08-22 16:51:02.505 I/MpvBridgeModule( 8531): [PlaybackTrace][Bridge][loadFile] requested=https://prod-1.storage.jamendo.com/?trackid=171&format=mp31&from=8CSIkMvwtD6jzKZ%2BPEaUMQ%3D%3D%7Cj5s5oI6ivq8l2vQOXyWixQ%3D%3D resolved=https://prod-1.storage.jamendo.com/?trackid=171&format=mp31&from=8CSIkMvwtD6jzKZ%2BPEaUMQ%3D%3D%7Cj5s5oI6ivq8l2vQOXyWixQ%3D%3D ptr=131217388029824
08-22 16:51:02.505 I/MpvJNI  ( 8531): [PlaybackTrace][Native][loadFile] begin path=https://prod-1.storage.jamendo.com/?trackid=171&format=mp31&from=8CSIkMvwtD6jzKZ%2BPEaUMQ%3D%3D%7Cj5s5oI6ivq8l2vQOXyWixQ%3D%3D initialized=1
08-22 16:51:02.505 I/ReactNativeJS( 8531): '[INFO]', '[PlaybackTrace][JS][loadFile:return]', { resolvedPath: 'https://prod-1.storage.jamendo.com/?trackid=171&format=mp31&from=8CSIkMvwtD6jzKZ%2BPEaUMQ%3D%3D%7Cj5s5oI6ivq8l2vQOXyWixQ%3D%3D' }
08-22 16:51:02.505 I/MpvJNI  ( 8531): [PlaybackTrace][Native][loadFile] loadfile command accepted result=0
08-22 16:51:02.505 I/MpvBridgeModule( 8531): [PlaybackTrace][Bridge][loadFile] nativeLoadFile returned
08-22 16:51:02.507 I/MpvEvent( 8531): [PlaybackTrace][Native][eventLoop] event_id=2 error=0
08-22 16:51:02.513 I/MpvEvent( 8531): [PlaybackTrace][Native][eventLoop] event_id=2 error=0
08-22 16:51:02.513 I/MpvEvent( 8531): [PlaybackTrace][Native][mpv-log] prefix=ffmpeg level=error text=tls: mbedtls_ssl_handshake returned -0x7280
08-22 16:51:02.513 D/mpv     ( 8531): [ffmpeg] error: tls: mbedtls_ssl_handshake returned -0x7280
08-22 16:51:02.513 E/MpvEvent( 8531): [PlaybackTrace][Native][dispatch:error] code=-1 message=tls: mbedtls_ssl_handshake returned -0x7280
08-22 16:51:02.513 E/MpvBridgeModule( 8531): [PlaybackTrace][Bridge][listener:error] code=-1 message=tls: mbedtls_ssl_handshake returned -0x7280
08-22 16:51:02.515 I/MpvEvent( 8531): [PlaybackTrace][Native][eventLoop] event_id=7 error=0
08-22 16:51:02.515 E/MpvEvent( 8531): [PlaybackTrace][Native][eventLoop] MPV_EVENT_END_FILE reason=2 error=0
08-22 16:51:02.515 I/MpvEvent( 8531): [PlaybackTrace][Native][dispatch:event] name=endFile payload={"reason":2,"error":0}
08-22 16:51:02.515 I/MpvBridgeModule( 8531): [PlaybackTrace][Bridge][listener:event] name=endFile payload={"reason":2,"error":0}
08-22 16:51:02.516 I/MpvEvent( 8531): [PlaybackTrace][Native][eventLoop] event_id=6 error=0
08-22 16:51:02.516 I/MpvEvent( 8531): MPV_EVENT_START_FILE
08-22 16:51:02.517 I/MpvEvent( 8531): [PlaybackTrace][Native][eventLoop] event_id=2 error=0
08-22 16:51:02.517 I/MpvEvent( 8531): [PlaybackTrace][Native][mpv-log] prefix=cplayer level=v text=Opening failed or was aborted: https://prod-1.storage.jamendo.com/?trackid=171&format=mp31&from=8CSIkMvwtD6jzKZ%2BPEaUMQ%3D%3D%7Cj5s5oI6ivq8l2vQOXyWixQ%3D%3D
08-22 16:51:02.517 D/mpv     ( 8531): [cplayer] v: Opening failed or was aborted: https://prod-1.storage.jamendo.com/?trackid=171&format=mp31&from=8CSIkMvwtD6jzKZ%2BPEaUMQ%3D%3D%7Cj5s5oI6ivq8l2vQOXyWixQ%3D%3D
08-22 16:51:02.517 I/MpvEvent( 8531): [PlaybackTrace][Native][eventLoop] event_id=2 error=0
08-22 16:51:02.517 I/MpvEvent( 8531): [PlaybackTrace][Native][eventLoop] event_id=2 error=0
08-22 16:51:02.517 I/MpvEvent( 8531): [PlaybackTrace][Native][eventLoop] event_id=2 error=0
08-22 16:51:02.517 I/MpvEvent( 8531): [PlaybackTrace][Native][eventLoop] event_id=2 error=0
08-22 16:51:02.517 I/MpvEvent( 8531): [PlaybackTrace][Native][eventLoop] event_id=2 error=0
08-22 16:51:02.517 I/MpvEvent( 8531): [PlaybackTrace][Native][eventLoop] event_id=2 error=0
08-22 16:51:02.518 I/MpvEvent( 8531): [PlaybackTrace][Native][eventLoop] event_id=2 error=0
08-22 16:51:02.518 D/mpv     ( 8531): [ffmpeg] v: Opening https://prod-1.storage.jamendo.com/?trackid=171&format=mp31&from=8CSIkMvwtD6jzKZ%2BPEaUMQ%3D%3D%7Cj5s5oI6ivq8l2vQOXyWixQ%3D%3D
08-22 16:51:02.652 I/ReactNativeJS( 8531): '[INFO]', '[PlaybackTrace][JS][loadFile:call]', { requestedPath: 'https://prod-1.storage.jamendo.com/?trackid=171&format=mp31&from=8CSIkMvwtD6jzKZ%2BPEaUMQ%3D%3D%7Cj5s5oI6ivq8l2vQOXyWixQ%3D%3D',
08-22 16:51:02.653 I/MpvBridgeModule( 8531): [PlaybackTrace][Bridge][loadFile] requested=https://prod-1.storage.jamendo.com/?trackid=171&format=mp31&from=8CSIkMvwtD6jzKZ%2BPEaUMQ%3D%3D%7Cj5s5oI6ivq8l2vQOXyWixQ%3D%3D resolved=https://prod-1.storage.jamendo.com/?trackid=171&format=mp31&from=8CSIkMvwtD6jzKZ%2BPEaUMQ%3D%3D%7Cj5s5oI6ivq8l2vQOXyWixQ%3D%3D ptr=131217388029824
08-22 16:51:02.654 I/MpvJNI  ( 8531): [PlaybackTrace][Native][loadFile] begin path=https://prod-1.storage.jamendo.com/?trackid=171&format=mp31&from=8CSIkMvwtD6jzKZ%2BPEaUMQ%3D%3D%7Cj5s5oI6ivq8l2vQOXyWixQ%3D%3D initialized=1
08-22 16:51:02.654 I/MpvJNI  ( 8531): [PlaybackTrace][Native][loadFile] loadfile command accepted result=0
08-22 16:51:02.654 I/ReactNativeJS( 8531): '[INFO]', '[PlaybackTrace][JS][loadFile:return]', { resolvedPath: 'https://prod-1.storage.jamendo.com/?trackid=171&format=mp31&from=8CSIkMvwtD6jzKZ%2BPEaUMQ%3D%3D%7Cj5s5oI6ivq8l2vQOXyWixQ%3D%3D' }
08-22 16:51:02.654 I/MpvBridgeModule( 8531): [PlaybackTrace][Bridge][loadFile] nativeLoadFile returned
08-22 16:51:02.655 I/MpvEvent( 8531): [PlaybackTrace][Native][eventLoop] event_id=2 error=0
08-22 16:51:02.727 I/MpvEvent( 8531): [PlaybackTrace][Native][eventLoop] event_id=2 error=0
08-22 16:51:02.727 I/MpvEvent( 8531): [PlaybackTrace][Native][mpv-log] prefix=cplayer level=v text=Opening failed or was aborted: https://prod-1.storage.jamendo.com/?trackid=171&format=mp31&from=8CSIkMvwtD6jzKZ%2BPEaUMQ%3D%3D%7Cj5s5oI6ivq8l2vQOXyWixQ%3D%3D
08-22 16:51:02.727 D/mpv     ( 8531): [cplayer] v: Opening failed or was aborted: https://prod-1.storage.jamendo.com/?trackid=171&format=mp31&from=8CSIkMvwtD6jzKZ%2BPEaUMQ%3D%3D%7Cj5s5oI6ivq8l2vQOXyWixQ%3D%3D
08-22 16:51:02.728 I/MpvEvent( 8531): [PlaybackTrace][Native][eventLoop] event_id=7 error=0
08-22 16:51:02.728 E/MpvEvent( 8531): [PlaybackTrace][Native][eventLoop] MPV_EVENT_END_FILE reason=2 error=0
08-22 16:51:02.728 I/MpvEvent( 8531): [PlaybackTrace][Native][dispatch:event] name=endFile payload={"reason":2,"error":0}
08-22 16:51:02.729 I/MpvBridgeModule( 8531): [PlaybackTrace][Bridge][listener:event] name=endFile payload={"reason":2,"error":0}
08-22 16:51:02.730 I/MpvEvent( 8531): [PlaybackTrace][Native][eventLoop] event_id=6 error=0
08-22 16:51:02.730 I/MpvEvent( 8531): MPV_EVENT_START_FILE
08-22 16:51:02.732 I/MpvEvent( 8531): [PlaybackTrace][Native][eventLoop] event_id=2 error=0
08-22 16:51:02.732 I/MpvEvent( 8531): [PlaybackTrace][Native][eventLoop] event_id=2 error=0
08-22 16:51:02.732 I/MpvEvent( 8531): [PlaybackTrace][Native][eventLoop] event_id=2 error=0
08-22 16:51:02.733 I/MpvEvent( 8531): [PlaybackTrace][Native][eventLoop] event_id=2 error=0
08-22 16:51:02.733 I/MpvEvent( 8531): [PlaybackTrace][Native][eventLoop] event_id=2 error=0
08-22 16:51:02.733 I/MpvEvent( 8531): [PlaybackTrace][Native][eventLoop] event_id=2 error=0
08-22 16:51:02.733 I/MpvEvent( 8531): [PlaybackTrace][Native][eventLoop] event_id=2 error=0
08-22 16:51:02.733 D/mpv     ( 8531): [ffmpeg] v: Opening https://prod-1.storage.jamendo.com/?trackid=171&format=mp31&from=8CSIkMvwtD6jzKZ%2BPEaUMQ%3D%3D%7Cj5s5oI6ivq8l2vQOXyWixQ%3D%3D
08-22 16:51:02.786 I/MpvEvent( 8531): [PlaybackTrace][Native][eventLoop] event_id=2 error=0
08-22 16:51:02.937 I/MpvEvent( 8531): [PlaybackTrace][Native][eventLoop] event_id=2 error=0
08-22 16:51:03.121 I/MpvEvent( 8531): [PlaybackTrace][Native][eventLoop] event_id=2 error=0
08-22 16:51:03.121 I/MpvEvent( 8531): [PlaybackTrace][Native][mpv-log] prefix=ffmpeg level=error text=tls: mbedtls_ssl_handshake returned -0x6600
08-22 16:51:03.121 D/mpv     ( 8531): [ffmpeg] error: tls: mbedtls_ssl_handshake returned -0x6600
08-22 16:51:03.121 E/MpvEvent( 8531): [PlaybackTrace][Native][dispatch:error] code=-1 message=tls: mbedtls_ssl_handshake returned -0x6600
08-22 16:51:03.122 E/MpvBridgeModule( 8531): [PlaybackTrace][Bridge][listener:error] code=-1 message=tls: mbedtls_ssl_handshake returned -0x6600
08-22 16:51:03.143 I/MpvEvent( 8531): [PlaybackTrace][Native][eventLoop] event_id=2 error=0
08-22 16:51:03.143 I/MpvEvent( 8531): [PlaybackTrace][Native][mpv-log] prefix=stream level=error text=Failed to open https://prod-1.storage.jamendo.com/?trackid=171&format=mp31&from=8CSIkMvwtD6jzKZ%2BPEaUMQ%3D%3D%7Cj5s5oI6ivq8l2vQOXyWixQ%3D%3D.
08-22 16:51:03.143 E/MpvEvent( 8531): [PlaybackTrace][Native][dispatch:error] code=-1 message=Failed to open https://prod-1.storage.jamendo.com/?trackid=171&format=mp31&from=8CSIkMvwtD6jzKZ%2BPEaUMQ%3D%3D%7Cj5s5oI6ivq8l2vQOXyWixQ%3D%3D.
08-22 16:51:03.144 E/MpvBridgeModule( 8531): [PlaybackTrace][Bridge][listener:error] code=-1 message=Failed to open https://prod-1.storage.jamendo.com/?trackid=171&format=mp31&from=8CSIkMvwtD6jzKZ%2BPEaUMQ%3D%3D%7Cj5s5oI6ivq8l2vQOXyWixQ%3D%3D.
08-22 16:51:03.145 I/MpvEvent( 8531): [PlaybackTrace][Native][eventLoop] event_id=2 error=0
08-22 16:51:03.145 I/MpvEvent( 8531): [PlaybackTrace][Native][mpv-log] prefix=cplayer level=v text=Opening failed or was aborted: https://prod-1.storage.jamendo.com/?trackid=171&format=mp31&from=8CSIkMvwtD6jzKZ%2BPEaUMQ%3D%3D%7Cj5s5oI6ivq8l2vQOXyWixQ%3D%3D
08-22 16:51:03.145 D/mpv     ( 8531): [cplayer] v: Opening failed or was aborted: https://prod-1.storage.jamendo.com/?trackid=171&format=mp31&from=8CSIkMvwtD6jzKZ%2BPEaUMQ%3D%3D%7Cj5s5oI6ivq8l2vQOXyWixQ%3D%3D
08-22 16:51:03.145 I/MpvEvent( 8531): [PlaybackTrace][Native][eventLoop] event_id=2 error=0
08-22 16:51:03.146 I/MpvEvent( 8531): [PlaybackTrace][Native][eventLoop] event_id=2 error=0
08-22 16:51:03.162 I/MpvEvent( 8531): [PlaybackTrace][Native][eventLoop] event_id=2 error=0
08-22 16:51:03.162 I/MpvEvent( 8531): [PlaybackTrace][Native][mpv-log] prefix=ytdl_hook level=error text=Subprocess failed: init
08-22 16:51:03.162 E/MpvEvent( 8531): [PlaybackTrace][Native][dispatch:error] code=-1 message=Subprocess failed: init
08-22 16:51:03.163 E/MpvBridgeModule( 8531): [PlaybackTrace][Bridge][listener:error] code=-1 message=Subprocess failed: init
08-22 16:51:03.164 I/MpvEvent( 8531): [PlaybackTrace][Native][eventLoop] event_id=7 error=0
08-22 16:51:03.164 E/MpvEvent( 8531): [PlaybackTrace][Native][eventLoop] MPV_EVENT_END_FILE reason=4 error=-13
08-22 16:51:03.164 I/MpvEvent( 8531): [PlaybackTrace][Native][dispatch:event] name=endFile payload={"reason":4,"error":-13}
08-22 16:51:03.164 I/MpvBridgeModule( 8531): [PlaybackTrace][Bridge][listener:event] name=endFile payload={"reason":4,"error":-13}
08-22 16:51:03.165 I/MpvEvent( 8531): [PlaybackTrace][Native][eventLoop] event_id=11 error=0
08-22 16:51:03.165 I/MpvEvent( 8531): [PlaybackTrace][Native][eventLoop] event_id=2 error=0
08-22 16:51:03.165 I/MpvEvent( 8531): [PlaybackTrace][Native][mpv-log] prefix=cplayer level=v text=Set property: user-data/mpv/ytdl/json-subprocess-result={"killed_by_us":false,"error_string":"init","status":-3,"stderr":"","stdout":""} -> 1
08-22 16:51:03.165 D/mpv     ( 8531): [cplayer] v: Set property: user-data/mpv/ytdl/json-subprocess-result={"killed_by_us":false,"error_string":"init","status":-3,"stderr":"","stdout":""} -> 1
08-22 16:51:03.165 I/MpvEvent( 8531): [PlaybackTrace][Native][eventLoop] event_id=2 error=0
08-22 16:51:03.165 I/MpvEvent( 8531): [PlaybackTrace][Native][eventLoop] event_id=2 error=0
08-22 16:51:03.165 I/MpvEvent( 8531): [PlaybackTrace][Native][eventLoop] event_id=2 error=0
08-22 16:51:03.165 I/MpvEvent( 8531): [PlaybackTrace][Native][eventLoop] event_id=2 error=0
08-22 16:51:03.165 I/MpvEvent( 8531): [PlaybackTrace][Native][eventLoop] event_id=2 error=0
08-22 16:51:03.165 I/MpvEvent( 8531): [PlaybackTrace][Native][mpv-log] prefix=ytdl_hook level=error text=
08-22 16:51:03.165 E/MpvEvent( 8531): [PlaybackTrace][Native][dispatch:error] code=-1 message=
08-22 16:51:03.165 E/MpvBridgeModule( 8531): [PlaybackTrace][Bridge][listener:error] code=-1 message=
08-22 16:51:03.166 I/MpvEvent( 8531): [PlaybackTrace][Native][eventLoop] event_id=2 error=0
08-22 16:51:03.166 I/MpvEvent( 8531): [PlaybackTrace][Native][mpv-log] prefix=ytdl_hook level=error text=youtube-dl failed: not found or not enough permissions
08-22 16:51:03.166 E/MpvEvent( 8531): [PlaybackTrace][Native][dispatch:error] code=-1 message=youtube-dl failed: not found or not enough permissions
08-22 16:51:03.166 E/MpvBridgeModule( 8531): [PlaybackTrace][Bridge][listener:error] code=-1 message=youtube-dl failed: not found or not enough permissions
08-22 16:51:03.166 I/MpvEvent( 8531): [PlaybackTrace][Native][eventLoop] event_id=2 error=0
08-22 16:51:03.167 I/MpvEvent( 8531): [PlaybackTrace][Native][mpv-log] prefix=cplayer level=v text=finished playback, loading failed (reason 4)
08-22 16:51:03.167 D/mpv     ( 8531): [cplayer] v: finished playback, loading failed (reason 4)
08-22 16:51:03.167 I/MpvEvent( 8531): [PlaybackTrace][Native][eventLoop] event_id=2 error=0
08-22 16:51:03.246 I/ReactNativeJS( 8531): '[INFO]', '[PlaybackTrace][JS][loadFile:call]', { requestedPath: 'https://prod-1.storage.jamendo.com/?trackid=171&format=mp31&from=8CSIkMvwtD6jzKZ%2BPEaUMQ%3D%3D%7Cj5s5oI6ivq8l2vQOXyWixQ%3D%3D',
08-22 16:51:03.246 I/MpvBridgeModule( 8531): [PlaybackTrace][Bridge][loadFile] requested=https://prod-1.storage.jamendo.com/?trackid=171&format=mp31&from=8CSIkMvwtD6jzKZ%2BPEaUMQ%3D%3D%7Cj5s5oI6ivq8l2vQOXyWixQ%3D%3D resolved=https://prod-1.storage.jamendo.com/?trackid=171&format=mp31&from=8CSIkMvwtD6jzKZ%2BPEaUMQ%3D%3D%7Cj5s5oI6ivq8l2vQOXyWixQ%3D%3D ptr=131217388029824
08-22 16:51:03.247 I/MpvJNI  ( 8531): [PlaybackTrace][Native][loadFile] begin path=https://prod-1.storage.jamendo.com/?trackid=171&format=mp31&from=8CSIkMvwtD6jzKZ%2BPEaUMQ%3D%3D%7Cj5s5oI6ivq8l2vQOXyWixQ%3D%3D initialized=1
08-22 16:51:03.247 I/ReactNativeJS( 8531): '[INFO]', '[PlaybackTrace][JS][loadFile:return]', { resolvedPath: 'https://prod-1.storage.jamendo.com/?trackid=171&format=mp31&from=8CSIkMvwtD6jzKZ%2BPEaUMQ%3D%3D%7Cj5s5oI6ivq8l2vQOXyWixQ%3D%3D' }
08-22 16:51:03.247 I/MpvJNI  ( 8531): [PlaybackTrace][Native][loadFile] loadfile command accepted result=0
08-22 16:51:03.247 I/MpvBridgeModule( 8531): [PlaybackTrace][Bridge][loadFile] nativeLoadFile returned
08-22 16:51:03.247 I/MpvEvent( 8531): [PlaybackTrace][Native][eventLoop] event_id=6 error=0
08-22 16:51:03.247 I/MpvEvent( 8531): MPV_EVENT_START_FILE
08-22 16:51:03.248 I/MpvEvent( 8531): [PlaybackTrace][Native][eventLoop] event_id=2 error=0
08-22 16:51:03.248 I/MpvEvent( 8531): [PlaybackTrace][Native][eventLoop] event_id=2 error=0
08-22 16:51:03.249 I/MpvEvent( 8531): [PlaybackTrace][Native][eventLoop] event_id=2 error=0
08-22 16:51:03.249 I/MpvEvent( 8531): [PlaybackTrace][Native][eventLoop] event_id=2 error=0
08-22 16:51:03.249 I/MpvEvent( 8531): [PlaybackTrace][Native][eventLoop] event_id=2 error=0
08-22 16:51:03.249 D/mpv     ( 8531): [ffmpeg] v: Opening https://prod-1.storage.jamendo.com/?trackid=171&format=mp31&from=8CSIkMvwtD6jzKZ%2BPEaUMQ%3D%3D%7Cj5s5oI6ivq8l2vQOXyWixQ%3D%3D
08-22 16:51:03.261 I/ReactNativeJS( 8531): '[INFO]', '[PlaybackTrace][JS][loadFile:call]', { requestedPath: 'https://prod-1.storage.jamendo.com/?trackid=171&format=mp31&from=8CSIkMvwtD6jzKZ%2BPEaUMQ%3D%3D%7Cj5s5oI6ivq8l2vQOXyWixQ%3D%3D',
08-22 16:51:03.261 I/MpvEvent( 8531): [PlaybackTrace][Native][eventLoop] event_id=2 error=0
08-22 16:51:03.261 I/ReactNativeJS( 8531): '[INFO]', '[PlaybackTrace][JS][loadFile:return]', { resolvedPath: 'https://prod-1.storage.jamendo.com/?trackid=171&format=mp31&from=8CSIkMvwtD6jzKZ%2BPEaUMQ%3D%3D%7Cj5s5oI6ivq8l2vQOXyWixQ%3D%3D' }
08-22 16:51:03.261 I/MpvBridgeModule( 8531): [PlaybackTrace][Bridge][loadFile] requested=https://prod-1.storage.jamendo.com/?trackid=171&format=mp31&from=8CSIkMvwtD6jzKZ%2BPEaUMQ%3D%3D%7Cj5s5oI6ivq8l2vQOXyWixQ%3D%3D resolved=https://prod-1.storage.jamendo.com/?trackid=171&format=mp31&from=8CSIkMvwtD6jzKZ%2BPEaUMQ%3D%3D%7Cj5s5oI6ivq8l2vQOXyWixQ%3D%3D ptr=131217388029824
08-22 16:51:03.261 I/MpvJNI  ( 8531): [PlaybackTrace][Native][loadFile] begin path=https://prod-1.storage.jamendo.com/?trackid=171&format=mp31&from=8CSIkMvwtD6jzKZ%2BPEaUMQ%3D%3D%7Cj5s5oI6ivq8l2vQOXyWixQ%3D%3D initialized=1
08-22 16:51:03.261 I/MpvJNI  ( 8531): [PlaybackTrace][Native][loadFile] loadfile command accepted result=0
08-22 16:51:03.261 I/MpvBridgeModule( 8531): [PlaybackTrace][Bridge][loadFile] nativeLoadFile returned
08-22 16:51:03.263 I/MpvEvent( 8531): [PlaybackTrace][Native][eventLoop] event_id=2 error=0
08-22 16:51:03.357 I/MpvEvent( 8531): [PlaybackTrace][Native][eventLoop] event_id=2 error=0
08-22 16:51:03.357 I/MpvEvent( 8531): [PlaybackTrace][Native][mpv-log] prefix=cplayer level=v text=Opening failed or was aborted: https://prod-1.storage.jamendo.com/?trackid=171&format=mp31&from=8CSIkMvwtD6jzKZ%2BPEaUMQ%3D%3D%7Cj5s5oI6ivq8l2vQOXyWixQ%3D%3D
08-22 16:51:03.357 D/mpv     ( 8531): [cplayer] v: Opening failed or was aborted: https://prod-1.storage.jamendo.com/?trackid=171&format=mp31&from=8CSIkMvwtD6jzKZ%2BPEaUMQ%3D%3D%7Cj5s5oI6ivq8l2vQOXyWixQ%3D%3D
08-22 16:51:03.357 I/MpvEvent( 8531): [PlaybackTrace][Native][eventLoop] event_id=7 error=0
08-22 16:51:03.357 E/MpvEvent( 8531): [PlaybackTrace][Native][eventLoop] MPV_EVENT_END_FILE reason=2 error=0
08-22 16:51:03.357 I/MpvEvent( 8531): [PlaybackTrace][Native][dispatch:event] name=endFile payload={"reason":2,"error":0}
08-22 16:51:03.357 I/MpvBridgeModule( 8531): [PlaybackTrace][Bridge][listener:event] name=endFile payload={"reason":2,"error":0}
08-22 16:51:03.358 I/MpvEvent( 8531): [PlaybackTrace][Native][eventLoop] event_id=2 error=0
08-22 16:51:03.359 I/MpvEvent( 8531): [PlaybackTrace][Native][eventLoop] event_id=2 error=0
08-22 16:51:03.359 I/MpvEvent( 8531): [PlaybackTrace][Native][eventLoop] event_id=6 error=0
08-22 16:51:03.359 I/MpvEvent( 8531): MPV_EVENT_START_FILE
08-22 16:51:03.360 I/MpvEvent( 8531): [PlaybackTrace][Native][eventLoop] event_id=2 error=0
08-22 16:51:03.360 I/MpvEvent( 8531): [PlaybackTrace][Native][eventLoop] event_id=2 error=0
08-22 16:51:03.360 I/MpvEvent( 8531): [PlaybackTrace][Native][eventLoop] event_id=2 error=0
08-22 16:51:03.360 I/MpvEvent( 8531): [PlaybackTrace][Native][eventLoop] event_id=2 error=0
08-22 16:51:03.361 I/MpvEvent( 8531): [PlaybackTrace][Native][eventLoop] event_id=2 error=0
08-22 16:51:03.361 D/mpv     ( 8531): [ffmpeg] v: Opening https://prod-1.storage.jamendo.com/?trackid=171&format=mp31&from=8CSIkMvwtD6jzKZ%2BPEaUMQ%3D%3D%7Cj5s5oI6ivq8l2vQOXyWixQ%3D%3D
08-22 16:51:03.403 I/ReactNativeJS( 8531): '[INFO]', '[PlaybackTrace][JS][loadFile:call]', { requestedPath: 'https://prod-1.storage.jamendo.com/?trackid=171&format=mp31&from=8CSIkMvwtD6jzKZ%2BPEaUMQ%3D%3D%7Cj5s5oI6ivq8l2vQOXyWixQ%3D%3D',
08-22 16:51:03.404 I/MpvBridgeModule( 8531): [PlaybackTrace][Bridge][loadFile] requested=https://prod-1.storage.jamendo.com/?trackid=171&format=mp31&from=8CSIkMvwtD6jzKZ%2BPEaUMQ%3D%3D%7Cj5s5oI6ivq8l2vQOXyWixQ%3D%3D resolved=https://prod-1.storage.jamendo.com/?trackid=171&format=mp31&from=8CSIkMvwtD6jzKZ%2BPEaUMQ%3D%3D%7Cj5s5oI6ivq8l2vQOXyWixQ%3D%3D ptr=131217388029824
08-22 16:51:03.404 I/MpvJNI  ( 8531): [PlaybackTrace][Native][loadFile] begin path=https://prod-1.storage.jamendo.com/?trackid=171&format=mp31&from=8CSIkMvwtD6jzKZ%2BPEaUMQ%3D%3D%7Cj5s5oI6ivq8l2vQOXyWixQ%3D%3D initialized=1
08-22 16:51:03.405 I/MpvJNI  ( 8531): [PlaybackTrace][Native][loadFile] loadfile command accepted result=0
08-22 16:51:03.405 I/ReactNativeJS( 8531): '[INFO]', '[PlaybackTrace][JS][loadFile:return]', { resolvedPath: 'https://prod-1.storage.jamendo.com/?trackid=171&format=mp31&from=8CSIkMvwtD6jzKZ%2BPEaUMQ%3D%3D%7Cj5s5oI6ivq8l2vQOXyWixQ%3D%3D' }
08-22 16:51:03.405 I/MpvBridgeModule( 8531): [PlaybackTrace][Bridge][loadFile] nativeLoadFile returned
08-22 16:51:03.408 I/MpvEvent( 8531): [PlaybackTrace][Native][eventLoop] event_id=2 error=0
08-22 16:51:03.465 I/MpvEvent( 8531): [PlaybackTrace][Native][eventLoop] event_id=2 error=0
08-22 16:51:03.465 I/MpvEvent( 8531): [PlaybackTrace][Native][mpv-log] prefix=cplayer level=v text=Opening failed or was aborted: https://prod-1.storage.jamendo.com/?trackid=171&format=mp31&from=8CSIkMvwtD6jzKZ%2BPEaUMQ%3D%3D%7Cj5s5oI6ivq8l2vQOXyWixQ%3D%3D
08-22 16:51:03.465 D/mpv     ( 8531): [cplayer] v: Opening failed or was aborted: https://prod-1.storage.jamendo.com/?trackid=171&format=mp31&from=8CSIkMvwtD6jzKZ%2BPEaUMQ%3D%3D%7Cj5s5oI6ivq8l2vQOXyWixQ%3D%3D
08-22 16:51:03.465 I/MpvEvent( 8531): [PlaybackTrace][Native][eventLoop] event_id=7 error=0
08-22 16:51:03.465 E/MpvEvent( 8531): [PlaybackTrace][Native][eventLoop] MPV_EVENT_END_FILE reason=2 error=0
08-22 16:51:03.465 I/MpvEvent( 8531): [PlaybackTrace][Native][dispatch:event] name=endFile payload={"reason":2,"error":0}
08-22 16:51:03.466 I/MpvBridgeModule( 8531): [PlaybackTrace][Bridge][listener:event] name=endFile payload={"reason":2,"error":0}
08-22 16:51:03.467 I/MpvEvent( 8531): [PlaybackTrace][Native][eventLoop] event_id=2 error=0
08-22 16:51:03.467 I/MpvEvent( 8531): [PlaybackTrace][Native][eventLoop] event_id=2 error=0
08-22 16:51:03.468 I/MpvEvent( 8531): [PlaybackTrace][Native][eventLoop] event_id=6 error=0
08-22 16:51:03.468 I/MpvEvent( 8531): MPV_EVENT_START_FILE
08-22 16:51:03.470 I/MpvEvent( 8531): [PlaybackTrace][Native][eventLoop] event_id=2 error=0
08-22 16:51:03.470 I/MpvEvent( 8531): [PlaybackTrace][Native][eventLoop] event_id=2 error=0
08-22 16:51:03.470 I/MpvEvent( 8531): [PlaybackTrace][Native][eventLoop] event_id=2 error=0
08-22 16:51:03.470 I/MpvEvent( 8531): [PlaybackTrace][Native][eventLoop] event_id=2 error=0
08-22 16:51:03.470 I/MpvEvent( 8531): [PlaybackTrace][Native][eventLoop] event_id=2 error=0
08-22 16:51:03.470 D/mpv     ( 8531): [ffmpeg] v: Opening https://prod-1.storage.jamendo.com/?trackid=171&format=mp31&from=8CSIkMvwtD6jzKZ%2BPEaUMQ%3D%3D%7Cj5s5oI6ivq8l2vQOXyWixQ%3D%3D
08-22 16:51:03.519 I/MpvEvent( 8531): [PlaybackTrace][Native][eventLoop] event_id=2 error=0
08-22 16:51:03.536 I/MpvEvent( 8531): [PlaybackTrace][Native][eventLoop] event_id=2 error=0
08-22 16:51:03.687 I/MpvEvent( 8531): [PlaybackTrace][Native][eventLoop] event_id=2 error=0
08-22 16:51:04.136 I/ReactNativeJS( 8531): '[INFO]', '[PlaybackTrace][JS][loadFile:call]', { requestedPath: 'https://prod-1.storage.jamendo.com/?trackid=171&format=mp31&from=8CSIkMvwtD6jzKZ%2BPEaUMQ%3D%3D%7Cj5s5oI6ivq8l2vQOXyWixQ%3D%3D',
08-22 16:51:04.136 I/MpvBridgeModule( 8531): [PlaybackTrace][Bridge][loadFile] requested=https://prod-1.storage.jamendo.com/?trackid=171&format=mp31&from=8CSIkMvwtD6jzKZ%2BPEaUMQ%3D%3D%7Cj5s5oI6ivq8l2vQOXyWixQ%3D%3D resolved=https://prod-1.storage.jamendo.com/?trackid=171&format=mp31&from=8CSIkMvwtD6jzKZ%2BPEaUMQ%3D%3D%7Cj5s5oI6ivq8l2vQOXyWixQ%3D%3D ptr=131217388029824
08-22 16:51:04.136 I/MpvJNI  ( 8531): [PlaybackTrace][Native][loadFile] begin path=https://prod-1.storage.jamendo.com/?trackid=171&format=mp31&from=8CSIkMvwtD6jzKZ%2BPEaUMQ%3D%3D%7Cj5s5oI6ivq8l2vQOXyWixQ%3D%3D initialized=1
08-22 16:51:04.136 I/ReactNativeJS( 8531): '[INFO]', '[PlaybackTrace][JS][loadFile:return]', { resolvedPath: 'https://prod-1.storage.jamendo.com/?trackid=171&format=mp31&from=8CSIkMvwtD6jzKZ%2BPEaUMQ%3D%3D%7Cj5s5oI6ivq8l2vQOXyWixQ%3D%3D' }
08-22 16:51:04.136 I/MpvJNI  ( 8531): [PlaybackTrace][Native][loadFile] loadfile command accepted result=0
08-22 16:51:04.137 I/MpvBridgeModule( 8531): [PlaybackTrace][Bridge][loadFile] nativeLoadFile returned
08-22 16:51:04.139 I/MpvEvent( 8531): [PlaybackTrace][Native][eventLoop] event_id=2 error=0
08-22 16:51:04.143 I/MpvEvent( 8531): [PlaybackTrace][Native][eventLoop] event_id=2 error=0
08-22 16:51:04.143 I/MpvEvent( 8531): [PlaybackTrace][Native][mpv-log] prefix=ffmpeg level=error text=tls: mbedtls_ssl_handshake returned -0x7280
08-22 16:51:04.143 D/mpv     ( 8531): [ffmpeg] error: tls: mbedtls_ssl_handshake returned -0x7280
08-22 16:51:04.143 E/MpvEvent( 8531): [PlaybackTrace][Native][dispatch:error] code=-1 message=tls: mbedtls_ssl_handshake returned -0x7280
08-22 16:51:04.144 E/MpvBridgeModule( 8531): [PlaybackTrace][Bridge][listener:error] code=-1 message=tls: mbedtls_ssl_handshake returned -0x7280
08-22 16:51:04.145 I/MpvEvent( 8531): [PlaybackTrace][Native][eventLoop] event_id=7 error=0
08-22 16:51:04.145 E/MpvEvent( 8531): [PlaybackTrace][Native][eventLoop] MPV_EVENT_END_FILE reason=2 error=0
08-22 16:51:04.145 I/MpvEvent( 8531): [PlaybackTrace][Native][dispatch:event] name=endFile payload={"reason":2,"error":0}
08-22 16:51:04.145 I/MpvBridgeModule( 8531): [PlaybackTrace][Bridge][listener:event] name=endFile payload={"reason":2,"error":0}
08-22 16:51:04.146 I/MpvEvent( 8531): [PlaybackTrace][Native][eventLoop] event_id=6 error=0
08-22 16:51:04.146 I/MpvEvent( 8531): MPV_EVENT_START_FILE
08-22 16:51:04.147 I/MpvEvent( 8531): [PlaybackTrace][Native][eventLoop] event_id=2 error=0
08-22 16:51:04.147 I/MpvEvent( 8531): [PlaybackTrace][Native][mpv-log] prefix=cplayer level=v text=Opening failed or was aborted: https://prod-1.storage.jamendo.com/?trackid=171&format=mp31&from=8CSIkMvwtD6jzKZ%2BPEaUMQ%3D%3D%7Cj5s5oI6ivq8l2vQOXyWixQ%3D%3D
08-22 16:51:04.147 D/mpv     ( 8531): [cplayer] v: Opening failed or was aborted: https://prod-1.storage.jamendo.com/?trackid=171&format=mp31&from=8CSIkMvwtD6jzKZ%2BPEaUMQ%3D%3D%7Cj5s5oI6ivq8l2vQOXyWixQ%3D%3D
08-22 16:51:04.147 I/MpvEvent( 8531): [PlaybackTrace][Native][eventLoop] event_id=2 error=0
08-22 16:51:04.147 I/MpvEvent( 8531): [PlaybackTrace][Native][eventLoop] event_id=2 error=0
08-22 16:51:04.147 I/MpvEvent( 8531): [PlaybackTrace][Native][eventLoop] event_id=2 error=0
08-22 16:51:04.147 I/MpvEvent( 8531): [PlaybackTrace][Native][eventLoop] event_id=2 error=0
08-22 16:51:04.147 I/MpvEvent( 8531): [PlaybackTrace][Native][eventLoop] event_id=2 error=0
08-22 16:51:04.147 I/MpvEvent( 8531): [PlaybackTrace][Native][eventLoop] event_id=2 error=0
08-22 16:51:04.147 I/MpvEvent( 8531): [PlaybackTrace][Native][eventLoop] event_id=2 error=0
08-22 16:51:04.147 D/mpv     ( 8531): [ffmpeg] v: Opening https://prod-1.storage.jamendo.com/?trackid=171&format=mp31&from=8CSIkMvwtD6jzKZ%2BPEaUMQ%3D%3D%7Cj5s5oI6ivq8l2vQOXyWixQ%3D%3D
08-22 16:51:04.422 I/MpvEvent( 8531): [PlaybackTrace][Native][eventLoop] event_id=2 error=0
08-22 16:51:04.672 I/ReactNativeJS( 8531): '[INFO]', '[PlaybackTrace][JS][loadFile:call]', { requestedPath: 'https://prod-1.storage.jamendo.com/?trackid=171&format=mp31&from=8CSIkMvwtD6jzKZ%2BPEaUMQ%3D%3D%7Cj5s5oI6ivq8l2vQOXyWixQ%3D%3D',
08-22 16:51:04.673 I/MpvBridgeModule( 8531): [PlaybackTrace][Bridge][loadFile] requested=https://prod-1.storage.jamendo.com/?trackid=171&format=mp31&from=8CSIkMvwtD6jzKZ%2BPEaUMQ%3D%3D%7Cj5s5oI6ivq8l2vQOXyWixQ%3D%3D resolved=https://prod-1.storage.jamendo.com/?trackid=171&format=mp31&from=8CSIkMvwtD6jzKZ%2BPEaUMQ%3D%3D%7Cj5s5oI6ivq8l2vQOXyWixQ%3D%3D ptr=131217388029824
08-22 16:51:04.673 I/MpvJNI  ( 8531): [PlaybackTrace][Native][loadFile] begin path=https://prod-1.storage.jamendo.com/?trackid=171&format=mp31&from=8CSIkMvwtD6jzKZ%2BPEaUMQ%3D%3D%7Cj5s5oI6ivq8l2vQOXyWixQ%3D%3D initialized=1
08-22 16:51:04.673 I/MpvJNI  ( 8531): [PlaybackTrace][Native][loadFile] loadfile command accepted result=0
08-22 16:51:04.673 I/MpvBridgeModule( 8531): [PlaybackTrace][Bridge][loadFile] nativeLoadFile returned
08-22 16:51:04.673 I/ReactNativeJS( 8531): '[INFO]', '[PlaybackTrace][JS][loadFile:return]', { resolvedPath: 'https://prod-1.storage.jamendo.com/?trackid=171&format=mp31&from=8CSIkMvwtD6jzKZ%2BPEaUMQ%3D%3D%7Cj5s5oI6ivq8l2vQOXyWixQ%3D%3D' }
08-22 16:51:04.676 I/MpvEvent( 8531): [PlaybackTrace][Native][eventLoop] event_id=2 error=0
08-22 16:51:04.737 I/ReactNativeJS( 8531): '[INFO]', '[PlaybackTrace][JS][loadFile:call]', { requestedPath: 'https://prod-1.storage.jamendo.com/?trackid=171&format=mp31&from=8CSIkMvwtD6jzKZ%2BPEaUMQ%3D%3D%7Cj5s5oI6ivq8l2vQOXyWixQ%3D%3D',
08-22 16:51:04.737 I/MpvBridgeModule( 8531): [PlaybackTrace][Bridge][loadFile] requested=https://prod-1.storage.jamendo.com/?trackid=171&format=mp31&from=8CSIkMvwtD6jzKZ%2BPEaUMQ%3D%3D%7Cj5s5oI6ivq8l2vQOXyWixQ%3D%3D resolved=https://prod-1.storage.jamendo.com/?trackid=171&format=mp31&from=8CSIkMvwtD6jzKZ%2BPEaUMQ%3D%3D%7Cj5s5oI6ivq8l2vQOXyWixQ%3D%3D ptr=131217388029824
08-22 16:51:04.737 I/MpvJNI  ( 8531): [PlaybackTrace][Native][loadFile] begin path=https://prod-1.storage.jamendo.com/?trackid=171&format=mp31&from=8CSIkMvwtD6jzKZ%2BPEaUMQ%3D%3D%7Cj5s5oI6ivq8l2vQOXyWixQ%3D%3D initialized=1
08-22 16:51:04.738 I/MpvJNI  ( 8531): [PlaybackTrace][Native][loadFile] loadfile command accepted result=0
08-22 16:51:04.738 I/MpvBridgeModule( 8531): [PlaybackTrace][Bridge][loadFile] nativeLoadFile returned
08-22 16:51:04.738 I/ReactNativeJS( 8531): '[INFO]', '[PlaybackTrace][JS][loadFile:return]', { resolvedPath: 'https://prod-1.storage.jamendo.com/?trackid=171&format=mp31&from=8CSIkMvwtD6jzKZ%2BPEaUMQ%3D%3D%7Cj5s5oI6ivq8l2vQOXyWixQ%3D%3D' }
08-22 16:51:04.740 I/MpvEvent( 8531): [PlaybackTrace][Native][eventLoop] event_id=2 error=0
08-22 16:51:04.759 I/MpvEvent( 8531): [PlaybackTrace][Native][eventLoop] event_id=2 error=0
08-22 16:51:04.759 I/MpvEvent( 8531): [PlaybackTrace][Native][mpv-log] prefix=ffmpeg level=error text=tls: mbedtls_ssl_handshake returned -0x7280
08-22 16:51:04.759 D/mpv     ( 8531): [ffmpeg] error: tls: mbedtls_ssl_handshake returned -0x7280
08-22 16:51:04.759 E/MpvEvent( 8531): [PlaybackTrace][Native][dispatch:error] code=-1 message=tls: mbedtls_ssl_handshake returned -0x7280
08-22 16:51:04.760 E/MpvBridgeModule( 8531): [PlaybackTrace][Bridge][listener:error] code=-1 message=tls: mbedtls_ssl_handshake returned -0x7280
08-22 16:51:04.760 I/MpvEvent( 8531): [PlaybackTrace][Native][eventLoop] event_id=7 error=0
08-22 16:51:04.760 E/MpvEvent( 8531): [PlaybackTrace][Native][eventLoop] MPV_EVENT_END_FILE reason=2 error=0
08-22 16:51:04.761 I/MpvEvent( 8531): [PlaybackTrace][Native][dispatch:event] name=endFile payload={"reason":2,"error":0}
08-22 16:51:04.761 I/MpvBridgeModule( 8531): [PlaybackTrace][Bridge][listener:event] name=endFile payload={"reason":2,"error":0}
08-22 16:51:04.762 I/MpvEvent( 8531): [PlaybackTrace][Native][eventLoop] event_id=6 error=0
08-22 16:51:04.762 I/MpvEvent( 8531): MPV_EVENT_START_FILE
08-22 16:51:04.764 I/MpvEvent( 8531): [PlaybackTrace][Native][eventLoop] event_id=2 error=0
08-22 16:51:04.764 I/MpvEvent( 8531): [PlaybackTrace][Native][mpv-log] prefix=cplayer level=v text=Opening failed or was aborted: https://prod-1.storage.jamendo.com/?trackid=171&format=mp31&from=8CSIkMvwtD6jzKZ%2BPEaUMQ%3D%3D%7Cj5s5oI6ivq8l2vQOXyWixQ%3D%3D
08-22 16:51:04.764 D/mpv     ( 8531): [cplayer] v: Opening failed or was aborted: https://prod-1.storage.jamendo.com/?trackid=171&format=mp31&from=8CSIkMvwtD6jzKZ%2BPEaUMQ%3D%3D%7Cj5s5oI6ivq8l2vQOXyWixQ%3D%3D
08-22 16:51:04.764 I/MpvEvent( 8531): [PlaybackTrace][Native][eventLoop] event_id=2 error=0
08-22 16:51:04.764 I/MpvEvent( 8531): [PlaybackTrace][Native][eventLoop] event_id=2 error=0
08-22 16:51:04.764 I/MpvEvent( 8531): [PlaybackTrace][Native][eventLoop] event_id=2 error=0
08-22 16:51:04.764 I/MpvEvent( 8531): [PlaybackTrace][Native][eventLoop] event_id=2 error=0
08-22 16:51:04.765 I/MpvEvent( 8531): [PlaybackTrace][Native][eventLoop] event_id=2 error=0
08-22 16:51:04.765 I/MpvEvent( 8531): [PlaybackTrace][Native][eventLoop] event_id=2 error=0
08-22 16:51:04.765 I/MpvEvent( 8531): [PlaybackTrace][Native][eventLoop] event_id=2 error=0
08-22 16:51:04.765 D/mpv     ( 8531): [ffmpeg] v: Opening https://prod-1.storage.jamendo.com/?trackid=171&format=mp31&from=8CSIkMvwtD6jzKZ%2BPEaUMQ%3D%3D%7Cj5s5oI6ivq8l2vQOXyWixQ%3D%3D
08-22 16:51:04.953 I/MpvEvent( 8531): [PlaybackTrace][Native][eventLoop] event_id=2 error=0
08-22 16:51:05.020 I/MpvEvent( 8531): [PlaybackTrace][Native][eventLoop] event_id=2 error=0
08-22 16:51:05.136 I/ReactNativeJS( 8531): '[INFO]', '[PlaybackTrace][JS][loadFile:call]', { requestedPath: 'https://prod-1.storage.jamendo.com/?trackid=171&format=mp31&from=8CSIkMvwtD6jzKZ%2BPEaUMQ%3D%3D%7Cj5s5oI6ivq8l2vQOXyWixQ%3D%3D',
08-22 16:51:05.137 I/MpvBridgeModule( 8531): [PlaybackTrace][Bridge][loadFile] requested=https://prod-1.storage.jamendo.com/?trackid=171&format=mp31&from=8CSIkMvwtD6jzKZ%2BPEaUMQ%3D%3D%7Cj5s5oI6ivq8l2vQOXyWixQ%3D%3D resolved=https://prod-1.storage.jamendo.com/?trackid=171&format=mp31&from=8CSIkMvwtD6jzKZ%2BPEaUMQ%3D%3D%7Cj5s5oI6ivq8l2vQOXyWixQ%3D%3D ptr=131217388029824
08-22 16:51:05.137 I/MpvJNI  ( 8531): [PlaybackTrace][Native][loadFile] begin path=https://prod-1.storage.jamendo.com/?trackid=171&format=mp31&from=8CSIkMvwtD6jzKZ%2BPEaUMQ%3D%3D%7Cj5s5oI6ivq8l2vQOXyWixQ%3D%3D initialized=1
08-22 16:51:05.137 I/MpvJNI  ( 8531): [PlaybackTrace][Native][loadFile] loadfile command accepted result=0
08-22 16:51:05.137 I/MpvBridgeModule( 8531): [PlaybackTrace][Bridge][loadFile] nativeLoadFile returned
08-22 16:51:05.137 I/ReactNativeJS( 8531): '[INFO]', '[PlaybackTrace][JS][loadFile:return]', { resolvedPath: 'https://prod-1.storage.jamendo.com/?trackid=171&format=mp31&from=8CSIkMvwtD6jzKZ%2BPEaUMQ%3D%3D%7Cj5s5oI6ivq8l2vQOXyWixQ%3D%3D' }
08-22 16:51:05.139 I/MpvEvent( 8531): [PlaybackTrace][Native][eventLoop] event_id=2 error=0
08-22 16:51:05.164 I/MpvEvent( 8531): [PlaybackTrace][Native][eventLoop] event_id=2 error=0
08-22 16:51:05.164 I/MpvEvent( 8531): [PlaybackTrace][Native][mpv-log] prefix=ffmpeg level=error text=tls: mbedtls_ssl_handshake returned -0x7280
08-22 16:51:05.164 D/mpv     ( 8531): [ffmpeg] error: tls: mbedtls_ssl_handshake returned -0x7280
08-22 16:51:05.164 E/MpvEvent( 8531): [PlaybackTrace][Native][dispatch:error] code=-1 message=tls: mbedtls_ssl_handshake returned -0x7280
08-22 16:51:05.165 E/MpvBridgeModule( 8531): [PlaybackTrace][Bridge][listener:error] code=-1 message=tls: mbedtls_ssl_handshake returned -0x7280
08-22 16:51:05.167 I/MpvEvent( 8531): [PlaybackTrace][Native][eventLoop] event_id=7 error=0
08-22 16:51:05.167 E/MpvEvent( 8531): [PlaybackTrace][Native][eventLoop] MPV_EVENT_END_FILE reason=2 error=0
08-22 16:51:05.167 I/MpvEvent( 8531): [PlaybackTrace][Native][dispatch:event] name=endFile payload={"reason":2,"error":0}
08-22 16:51:05.168 I/MpvBridgeModule( 8531): [PlaybackTrace][Bridge][listener:event] name=endFile payload={"reason":2,"error":0}
08-22 16:51:05.169 I/MpvEvent( 8531): [PlaybackTrace][Native][eventLoop] event_id=6 error=0
08-22 16:51:05.169 I/MpvEvent( 8531): MPV_EVENT_START_FILE
08-22 16:51:05.170 I/MpvEvent( 8531): [PlaybackTrace][Native][eventLoop] event_id=2 error=0
08-22 16:51:05.170 I/MpvEvent( 8531): [PlaybackTrace][Native][mpv-log] prefix=cplayer level=v text=Opening failed or was aborted: https://prod-1.storage.jamendo.com/?trackid=171&format=mp31&from=8CSIkMvwtD6jzKZ%2BPEaUMQ%3D%3D%7Cj5s5oI6ivq8l2vQOXyWixQ%3D%3D
08-22 16:51:05.170 D/mpv     ( 8531): [cplayer] v: Opening failed or was aborted: https://prod-1.storage.jamendo.com/?trackid=171&format=mp31&from=8CSIkMvwtD6jzKZ%2BPEaUMQ%3D%3D%7Cj5s5oI6ivq8l2vQOXyWixQ%3D%3D
08-22 16:51:05.170 I/MpvEvent( 8531): [PlaybackTrace][Native][eventLoop] event_id=2 error=0
08-22 16:51:05.170 I/MpvEvent( 8531): [PlaybackTrace][Native][eventLoop] event_id=2 error=0
08-22 16:51:05.170 I/MpvEvent( 8531): [PlaybackTrace][Native][eventLoop] event_id=2 error=0
08-22 16:51:05.170 I/MpvEvent( 8531): [PlaybackTrace][Native][eventLoop] event_id=2 error=0
08-22 16:51:05.170 I/MpvEvent( 8531): [PlaybackTrace][Native][eventLoop] event_id=2 error=0
08-22 16:51:05.170 I/MpvEvent( 8531): [PlaybackTrace][Native][eventLoop] event_id=2 error=0
08-22 16:51:05.170 I/MpvEvent( 8531): [PlaybackTrace][Native][eventLoop] event_id=2 error=0
08-22 16:51:05.171 D/mpv     ( 8531): [ffmpeg] v: Opening https://prod-1.storage.jamendo.com/?trackid=171&format=mp31&from=8CSIkMvwtD6jzKZ%2BPEaUMQ%3D%3D%7Cj5s5oI6ivq8l2vQOXyWixQ%3D%3D
08-22 16:51:05.420 I/MpvEvent( 8531): [PlaybackTrace][Native][eventLoop] event_id=2 error=0
08-22 16:51:05.682 I/ReactNativeJS( 8531): '[INFO]', '[PlaybackTrace][JS][loadFile:call]', { requestedPath: 'https://prod-1.storage.jamendo.com/?trackid=171&format=mp31&from=8CSIkMvwtD6jzKZ%2BPEaUMQ%3D%3D%7Cj5s5oI6ivq8l2vQOXyWixQ%3D%3D',
08-22 16:51:05.684 I/MpvBridgeModule( 8531): [PlaybackTrace][Bridge][loadFile] requested=https://prod-1.storage.jamendo.com/?trackid=171&format=mp31&from=8CSIkMvwtD6jzKZ%2BPEaUMQ%3D%3D%7Cj5s5oI6ivq8l2vQOXyWixQ%3D%3D resolved=https://prod-1.storage.jamendo.com/?trackid=171&format=mp31&from=8CSIkMvwtD6jzKZ%2BPEaUMQ%3D%3D%7Cj5s5oI6ivq8l2vQOXyWixQ%3D%3D ptr=131217388029824
08-22 16:51:05.684 I/MpvJNI  ( 8531): [PlaybackTrace][Native][loadFile] begin path=https://prod-1.storage.jamendo.com/?trackid=171&format=mp31&from=8CSIkMvwtD6jzKZ%2BPEaUMQ%3D%3D%7Cj5s5oI6ivq8l2vQOXyWixQ%3D%3D initialized=1
08-22 16:51:05.684 I/MpvJNI  ( 8531): [PlaybackTrace][Native][loadFile] loadfile command accepted result=0
08-22 16:51:05.684 I/MpvBridgeModule( 8531): [PlaybackTrace][Bridge][loadFile] nativeLoadFile returned
08-22 16:51:05.689 I/ReactNativeJS( 8531): '[INFO]', '[PlaybackTrace][JS][loadFile:return]', { resolvedPath: 'https://prod-1.storage.jamendo.com/?trackid=171&format=mp31&from=8CSIkMvwtD6jzKZ%2BPEaUMQ%3D%3D%7Cj5s5oI6ivq8l2vQOXyWixQ%3D%3D' }
08-22 16:51:05.696 I/MpvEvent( 8531): [PlaybackTrace][Native][eventLoop] event_id=2 error=0
08-22 16:51:05.781 I/MpvEvent( 8531): [PlaybackTrace][Native][eventLoop] event_id=2 error=0
08-22 16:51:05.781 I/MpvEvent( 8531): [PlaybackTrace][Native][mpv-log] prefix=ffmpeg level=error text=tls: mbedtls_ssl_handshake returned -0x7280
08-22 16:51:05.781 D/mpv     ( 8531): [ffmpeg] error: tls: mbedtls_ssl_handshake returned -0x7280
08-22 16:51:05.782 E/MpvEvent( 8531): [PlaybackTrace][Native][dispatch:error] code=-1 message=tls: mbedtls_ssl_handshake returned -0x7280
08-22 16:51:05.784 E/MpvBridgeModule( 8531): [PlaybackTrace][Bridge][listener:error] code=-1 message=tls: mbedtls_ssl_handshake returned -0x7280
08-22 16:51:05.786 I/MpvEvent( 8531): [PlaybackTrace][Native][eventLoop] event_id=7 error=0
08-22 16:51:05.786 E/MpvEvent( 8531): [PlaybackTrace][Native][eventLoop] MPV_EVENT_END_FILE reason=2 error=0
08-22 16:51:05.786 I/MpvEvent( 8531): [PlaybackTrace][Native][dispatch:event] name=endFile payload={"reason":2,"error":0}
08-22 16:51:05.786 I/MpvBridgeModule( 8531): [PlaybackTrace][Bridge][listener:event] name=endFile payload={"reason":2,"error":0}
08-22 16:51:05.787 I/MpvEvent( 8531): [PlaybackTrace][Native][eventLoop] event_id=6 error=0
08-22 16:51:05.787 I/MpvEvent( 8531): MPV_EVENT_START_FILE
08-22 16:51:05.789 I/MpvEvent( 8531): [PlaybackTrace][Native][eventLoop] event_id=2 error=0
08-22 16:51:05.789 I/MpvEvent( 8531): [PlaybackTrace][Native][mpv-log] prefix=cplayer level=v text=Opening failed or was aborted: https://prod-1.storage.jamendo.com/?trackid=171&format=mp31&from=8CSIkMvwtD6jzKZ%2BPEaUMQ%3D%3D%7Cj5s5oI6ivq8l2vQOXyWixQ%3D%3D
08-22 16:51:05.789 D/mpv     ( 8531): [cplayer] v: Opening failed or was aborted: https://prod-1.storage.jamendo.com/?trackid=171&format=mp31&from=8CSIkMvwtD6jzKZ%2BPEaUMQ%3D%3D%7Cj5s5oI6ivq8l2vQOXyWixQ%3D%3D
08-22 16:51:05.790 I/MpvEvent( 8531): [PlaybackTrace][Native][eventLoop] event_id=2 error=0
08-22 16:51:05.790 I/MpvEvent( 8531): [PlaybackTrace][Native][eventLoop] event_id=2 error=0
08-22 16:51:05.790 I/MpvEvent( 8531): [PlaybackTrace][Native][eventLoop] event_id=2 error=0
08-22 16:51:05.790 I/MpvEvent( 8531): [PlaybackTrace][Native][eventLoop] event_id=2 error=0
08-22 16:51:05.790 I/MpvEvent( 8531): [PlaybackTrace][Native][eventLoop] event_id=2 error=0
08-22 16:51:05.790 I/MpvEvent( 8531): [PlaybackTrace][Native][eventLoop] event_id=2 error=0
08-22 16:51:05.791 I/MpvEvent( 8531): [PlaybackTrace][Native][eventLoop] event_id=2 error=0
08-22 16:51:05.791 D/mpv     ( 8531): [ffmpeg] v: Opening https://prod-1.storage.jamendo.com/?trackid=171&format=mp31&from=8CSIkMvwtD6jzKZ%2BPEaUMQ%3D%3D%7Cj5s5oI6ivq8l2vQOXyWixQ%3D%3D
08-22 16:51:05.969 I/MpvEvent( 8531): [PlaybackTrace][Native][eventLoop] event_id=2 error=0
08-22 16:51:06.202 I/MpvEvent( 8531): [PlaybackTrace][Native][eventLoop] event_id=2 error=0
08-22 16:51:06.202 I/MpvEvent( 8531): [PlaybackTrace][Native][mpv-log] prefix=ffmpeg level=error text=tls: mbedtls_ssl_handshake returned -0x6600
08-22 16:51:06.202 D/mpv     ( 8531): [ffmpeg] error: tls: mbedtls_ssl_handshake returned -0x6600
08-22 16:51:06.203 E/MpvEvent( 8531): [PlaybackTrace][Native][dispatch:error] code=-1 message=tls: mbedtls_ssl_handshake returned -0x6600
08-22 16:51:06.216 E/MpvBridgeModule( 8531): [PlaybackTrace][Bridge][listener:error] code=-1 message=tls: mbedtls_ssl_handshake returned -0x6600
08-22 16:51:06.223 I/MpvEvent( 8531): [PlaybackTrace][Native][eventLoop] event_id=2 error=0
08-22 16:51:06.223 I/MpvEvent( 8531): [PlaybackTrace][Native][mpv-log] prefix=stream level=error text=Failed to open https://prod-1.storage.jamendo.com/?trackid=171&format=mp31&from=8CSIkMvwtD6jzKZ%2BPEaUMQ%3D%3D%7Cj5s5oI6ivq8l2vQOXyWixQ%3D%3D.
08-22 16:51:06.223 E/MpvEvent( 8531): [PlaybackTrace][Native][dispatch:error] code=-1 message=Failed to open https://prod-1.storage.jamendo.com/?trackid=171&format=mp31&from=8CSIkMvwtD6jzKZ%2BPEaUMQ%3D%3D%7Cj5s5oI6ivq8l2vQOXyWixQ%3D%3D.
08-22 16:51:06.224 E/MpvBridgeModule( 8531): [PlaybackTrace][Bridge][listener:error] code=-1 message=Failed to open https://prod-1.storage.jamendo.com/?trackid=171&format=mp31&from=8CSIkMvwtD6jzKZ%2BPEaUMQ%3D%3D%7Cj5s5oI6ivq8l2vQOXyWixQ%3D%3D.
08-22 16:51:06.226 I/MpvEvent( 8531): [PlaybackTrace][Native][eventLoop] event_id=2 error=0
08-22 16:51:06.227 I/MpvEvent( 8531): [PlaybackTrace][Native][mpv-log] prefix=cplayer level=v text=Opening failed or was aborted: https://prod-1.storage.jamendo.com/?trackid=171&format=mp31&from=8CSIkMvwtD6jzKZ%2BPEaUMQ%3D%3D%7Cj5s5oI6ivq8l2vQOXyWixQ%3D%3D
08-22 16:51:06.227 D/mpv     ( 8531): [cplayer] v: Opening failed or was aborted: https://prod-1.storage.jamendo.com/?trackid=171&format=mp31&from=8CSIkMvwtD6jzKZ%2BPEaUMQ%3D%3D%7Cj5s5oI6ivq8l2vQOXyWixQ%3D%3D
08-22 16:51:06.227 I/MpvEvent( 8531): [PlaybackTrace][Native][eventLoop] event_id=2 error=0
08-22 16:51:06.228 I/MpvEvent( 8531): [PlaybackTrace][Native][eventLoop] event_id=2 error=0
08-22 16:51:06.249 I/MpvEvent( 8531): [PlaybackTrace][Native][eventLoop] event_id=2 error=0
08-22 16:51:06.249 I/MpvEvent( 8531): [PlaybackTrace][Native][mpv-log] prefix=ytdl_hook level=error text=Subprocess failed: init
08-22 16:51:06.249 E/MpvEvent( 8531): [PlaybackTrace][Native][dispatch:error] code=-1 message=Subprocess failed: init
08-22 16:51:06.249 E/MpvBridgeModule( 8531): [PlaybackTrace][Bridge][listener:error] code=-1 message=Subprocess failed: init
08-22 16:51:06.250 I/MpvEvent( 8531): [PlaybackTrace][Native][eventLoop] event_id=7 error=0
08-22 16:51:06.250 E/MpvEvent( 8531): [PlaybackTrace][Native][eventLoop] MPV_EVENT_END_FILE reason=4 error=-13
08-22 16:51:06.250 I/MpvEvent( 8531): [PlaybackTrace][Native][dispatch:event] name=endFile payload={"reason":4,"error":-13}
08-22 16:51:06.250 I/MpvBridgeModule( 8531): [PlaybackTrace][Bridge][listener:event] name=endFile payload={"reason":4,"error":-13}
08-22 16:51:06.252 I/MpvEvent( 8531): [PlaybackTrace][Native][eventLoop] event_id=11 error=0
08-22 16:51:06.252 I/MpvEvent( 8531): [PlaybackTrace][Native][eventLoop] event_id=2 error=0
08-22 16:51:06.252 I/MpvEvent( 8531): [PlaybackTrace][Native][mpv-log] prefix=cplayer level=v text=Set property: user-data/mpv/ytdl/json-subprocess-result={"killed_by_us":false,"error_string":"init","status":-3,"stderr":"","stdout":""} -> 1
08-22 16:51:06.252 D/mpv     ( 8531): [cplayer] v: Set property: user-data/mpv/ytdl/json-subprocess-result={"killed_by_us":false,"error_string":"init","status":-3,"stderr":"","stdout":""} -> 1
08-22 16:51:06.252 I/MpvEvent( 8531): [PlaybackTrace][Native][eventLoop] event_id=2 error=0
08-22 16:51:06.252 I/MpvEvent( 8531): [PlaybackTrace][Native][eventLoop] event_id=2 error=0
08-22 16:51:06.253 I/MpvEvent( 8531): [PlaybackTrace][Native][eventLoop] event_id=2 error=0
08-22 16:51:06.253 I/MpvEvent( 8531): [PlaybackTrace][Native][eventLoop] event_id=2 error=0
08-22 16:51:06.253 I/MpvEvent( 8531): [PlaybackTrace][Native][eventLoop] event_id=2 error=0
08-22 16:51:06.253 I/MpvEvent( 8531): [PlaybackTrace][Native][mpv-log] prefix=ytdl_hook level=error text=
08-22 16:51:06.253 E/MpvEvent( 8531): [PlaybackTrace][Native][dispatch:error] code=-1 message=
08-22 16:51:06.253 E/MpvBridgeModule( 8531): [PlaybackTrace][Bridge][listener:error] code=-1 message=
08-22 16:51:06.254 I/MpvEvent( 8531): [PlaybackTrace][Native][eventLoop] event_id=2 error=0
08-22 16:51:06.254 I/MpvEvent( 8531): [PlaybackTrace][Native][mpv-log] prefix=ytdl_hook level=error text=youtube-dl failed: not found or not enough permissions
08-22 16:51:06.254 E/MpvEvent( 8531): [PlaybackTrace][Native][dispatch:error] code=-1 message=youtube-dl failed: not found or not enough permissions
08-22 16:51:06.254 E/MpvBridgeModule( 8531): [PlaybackTrace][Bridge][listener:error] code=-1 message=youtube-dl failed: not found or not enough permissions
08-22 16:51:06.254 I/MpvEvent( 8531): [PlaybackTrace][Native][eventLoop] event_id=2 error=0
08-22 16:51:06.254 I/MpvEvent( 8531): [PlaybackTrace][Native][mpv-log] prefix=cplayer level=v text=finished playback, loading failed (reason 4)
08-22 16:51:06.254 D/mpv     ( 8531): [cplayer] v: finished playback, loading failed (reason 4)
08-22 16:51:06.254 I/MpvEvent( 8531): [PlaybackTrace][Native][eventLoop] event_id=2 error=0
08-22 16:51:06.342 I/ReactNativeJS( 8531): '[INFO]', '[PlaybackTrace][JS][loadFile:call]', { requestedPath: 'https://prod-1.storage.jamendo.com/?trackid=171&format=mp31&from=8CSIkMvwtD6jzKZ%2BPEaUMQ%3D%3D%7Cj5s5oI6ivq8l2vQOXyWixQ%3D%3D',
08-22 16:51:06.342 I/ReactNativeJS( 8531): '[INFO]', '[PlaybackTrace][JS][loadFile:return]', { resolvedPath: 'https://prod-1.storage.jamendo.com/?trackid=171&format=mp31&from=8CSIkMvwtD6jzKZ%2BPEaUMQ%3D%3D%7Cj5s5oI6ivq8l2vQOXyWixQ%3D%3D' }
08-22 16:51:06.343 I/MpvBridgeModule( 8531): [PlaybackTrace][Bridge][loadFile] requested=https://prod-1.storage.jamendo.com/?trackid=171&format=mp31&from=8CSIkMvwtD6jzKZ%2BPEaUMQ%3D%3D%7Cj5s5oI6ivq8l2vQOXyWixQ%3D%3D resolved=https://prod-1.storage.jamendo.com/?trackid=171&format=mp31&from=8CSIkMvwtD6jzKZ%2BPEaUMQ%3D%3D%7Cj5s5oI6ivq8l2vQOXyWixQ%3D%3D ptr=131217388029824
08-22 16:51:06.343 I/MpvJNI  ( 8531): [PlaybackTrace][Native][loadFile] begin path=https://prod-1.storage.jamendo.com/?trackid=171&format=mp31&from=8CSIkMvwtD6jzKZ%2BPEaUMQ%3D%3D%7Cj5s5oI6ivq8l2vQOXyWixQ%3D%3D initialized=1
08-22 16:51:06.343 I/MpvJNI  ( 8531): [PlaybackTrace][Native][loadFile] loadfile command accepted result=0
08-22 16:51:06.343 I/MpvBridgeModule( 8531): [PlaybackTrace][Bridge][loadFile] nativeLoadFile returned
08-22 16:51:06.343 I/MpvEvent( 8531): [PlaybackTrace][Native][eventLoop] event_id=6 error=0
08-22 16:51:06.344 I/MpvEvent( 8531): MPV_EVENT_START_FILE
08-22 16:51:06.346 I/MpvEvent( 8531): [PlaybackTrace][Native][eventLoop] event_id=2 error=0
08-22 16:51:06.347 I/MpvEvent( 8531): [PlaybackTrace][Native][eventLoop] event_id=2 error=0
08-22 16:51:06.347 I/MpvEvent( 8531): [PlaybackTrace][Native][eventLoop] event_id=2 error=0
08-22 16:51:06.347 I/MpvEvent( 8531): [PlaybackTrace][Native][eventLoop] event_id=2 error=0
08-22 16:51:06.349 I/MpvEvent( 8531): [PlaybackTrace][Native][eventLoop] event_id=2 error=0
08-22 16:51:06.349 I/MpvEvent( 8531): [PlaybackTrace][Native][eventLoop] event_id=2 error=0
08-22 16:51:06.349 D/mpv     ( 8531): [ffmpeg] v: Opening https://prod-1.storage.jamendo.com/?trackid=171&format=mp31&from=8CSIkMvwtD6jzKZ%2BPEaUMQ%3D%3D%7Cj5s5oI6ivq8l2vQOXyWixQ%3D%3D
08-22 16:51:06.349 I/ReactNativeJS( 8531): '[INFO]', '[PlaybackTrace][JS][loadFile:call]', { requestedPath: 'https://prod-1.storage.jamendo.com/?trackid=171&format=mp31&from=8CSIkMvwtD6jzKZ%2BPEaUMQ%3D%3D%7Cj5s5oI6ivq8l2vQOXyWixQ%3D%3D',
08-22 16:51:06.350 I/MpvBridgeModule( 8531): [PlaybackTrace][Bridge][loadFile] requested=https://prod-1.storage.jamendo.com/?trackid=171&format=mp31&from=8CSIkMvwtD6jzKZ%2BPEaUMQ%3D%3D%7Cj5s5oI6ivq8l2vQOXyWixQ%3D%3D resolved=https://prod-1.storage.jamendo.com/?trackid=171&format=mp31&from=8CSIkMvwtD6jzKZ%2BPEaUMQ%3D%3D%7Cj5s5oI6ivq8l2vQOXyWixQ%3D%3D ptr=131217388029824
08-22 16:51:06.350 I/MpvJNI  ( 8531): [PlaybackTrace][Native][loadFile] begin path=https://prod-1.storage.jamendo.com/?trackid=171&format=mp31&from=8CSIkMvwtD6jzKZ%2BPEaUMQ%3D%3D%7Cj5s5oI6ivq8l2vQOXyWixQ%3D%3D initialized=1
08-22 16:51:06.350 I/MpvJNI  ( 8531): [PlaybackTrace][Native][loadFile] loadfile command accepted result=0
08-22 16:51:06.350 I/MpvBridgeModule( 8531): [PlaybackTrace][Bridge][loadFile] nativeLoadFile returned
08-22 16:51:06.350 I/ReactNativeJS( 8531): '[INFO]', '[PlaybackTrace][JS][loadFile:return]', { resolvedPath: 'https://prod-1.storage.jamendo.com/?trackid=171&format=mp31&from=8CSIkMvwtD6jzKZ%2BPEaUMQ%3D%3D%7Cj5s5oI6ivq8l2vQOXyWixQ%3D%3D' }
08-22 16:51:06.352 I/MpvEvent( 8531): [PlaybackTrace][Native][eventLoop] event_id=2 error=0
08-22 16:51:06.356 I/MpvEvent( 8531): [PlaybackTrace][Native][eventLoop] event_id=2 error=0
08-22 16:51:06.356 I/MpvEvent( 8531): [PlaybackTrace][Native][mpv-log] prefix=cplayer level=v text=Opening failed or was aborted: https://prod-1.storage.jamendo.com/?trackid=171&format=mp31&from=8CSIkMvwtD6jzKZ%2BPEaUMQ%3D%3D%7Cj5s5oI6ivq8l2vQOXyWixQ%3D%3D
08-22 16:51:06.356 D/mpv     ( 8531): [cplayer] v: Opening failed or was aborted: https://prod-1.storage.jamendo.com/?trackid=171&format=mp31&from=8CSIkMvwtD6jzKZ%2BPEaUMQ%3D%3D%7Cj5s5oI6ivq8l2vQOXyWixQ%3D%3D
08-22 16:51:06.360 I/MpvEvent( 8531): [PlaybackTrace][Native][eventLoop] event_id=7 error=0
08-22 16:51:06.360 E/MpvEvent( 8531): [PlaybackTrace][Native][eventLoop] MPV_EVENT_END_FILE reason=2 error=0
08-22 16:51:06.360 I/MpvEvent( 8531): [PlaybackTrace][Native][dispatch:event] name=endFile payload={"reason":2,"error":0}
08-22 16:51:06.362 I/MpvBridgeModule( 8531): [PlaybackTrace][Bridge][listener:event] name=endFile payload={"reason":2,"error":0}
08-22 16:51:06.363 I/MpvEvent( 8531): [PlaybackTrace][Native][eventLoop] event_id=6 error=0
08-22 16:51:06.364 I/MpvEvent( 8531): MPV_EVENT_START_FILE
08-22 16:51:06.365 I/MpvEvent( 8531): [PlaybackTrace][Native][eventLoop] event_id=2 error=0
08-22 16:51:06.365 I/MpvEvent( 8531): [PlaybackTrace][Native][eventLoop] event_id=2 error=0
08-22 16:51:06.365 I/MpvEvent( 8531): [PlaybackTrace][Native][eventLoop] event_id=2 error=0
08-22 16:51:06.365 I/MpvEvent( 8531): [PlaybackTrace][Native][eventLoop] event_id=2 error=0
08-22 16:51:06.365 I/MpvEvent( 8531): [PlaybackTrace][Native][eventLoop] event_id=2 error=0
08-22 16:51:06.365 I/MpvEvent( 8531): [PlaybackTrace][Native][eventLoop] event_id=2 error=0
08-22 16:51:06.365 I/MpvEvent( 8531): [PlaybackTrace][Native][eventLoop] event_id=2 error=0
08-22 16:51:06.365 D/mpv     ( 8531): [ffmpeg] v: Opening https://prod-1.storage.jamendo.com/?trackid=171&format=mp31&from=8CSIkMvwtD6jzKZ%2BPEaUMQ%3D%3D%7Cj5s5oI6ivq8l2vQOXyWixQ%3D%3D
08-22 16:51:06.403 I/ReactNativeJS( 8531): '[INFO]', '[PlaybackTrace][JS][loadFile:call]', { requestedPath: 'https://prod-1.storage.jamendo.com/?trackid=171&format=mp31&from=8CSIkMvwtD6jzKZ%2BPEaUMQ%3D%3D%7Cj5s5oI6ivq8l2vQOXyWixQ%3D%3D',
08-22 16:51:06.404 I/MpvBridgeModule( 8531): [PlaybackTrace][Bridge][loadFile] requested=https://prod-1.storage.jamendo.com/?trackid=171&format=mp31&from=8CSIkMvwtD6jzKZ%2BPEaUMQ%3D%3D%7Cj5s5oI6ivq8l2vQOXyWixQ%3D%3D resolved=https://prod-1.storage.jamendo.com/?trackid=171&format=mp31&from=8CSIkMvwtD6jzKZ%2BPEaUMQ%3D%3D%7Cj5s5oI6ivq8l2vQOXyWixQ%3D%3D ptr=131217388029824
08-22 16:51:06.404 I/MpvJNI  ( 8531): [PlaybackTrace][Native][loadFile] begin path=https://prod-1.storage.jamendo.com/?trackid=171&format=mp31&from=8CSIkMvwtD6jzKZ%2BPEaUMQ%3D%3D%7Cj5s5oI6ivq8l2vQOXyWixQ%3D%3D initialized=1
08-22 16:51:06.404 I/ReactNativeJS( 8531): '[INFO]', '[PlaybackTrace][JS][loadFile:return]', { resolvedPath: 'https://prod-1.storage.jamendo.com/?trackid=171&format=mp31&from=8CSIkMvwtD6jzKZ%2BPEaUMQ%3D%3D%7Cj5s5oI6ivq8l2vQOXyWixQ%3D%3D' }
08-22 16:51:06.404 I/MpvJNI  ( 8531): [PlaybackTrace][Native][loadFile] loadfile command accepted result=0
08-22 16:51:06.404 I/MpvBridgeModule( 8531): [PlaybackTrace][Bridge][loadFile] nativeLoadFile returned
08-22 16:51:06.406 I/MpvEvent( 8531): [PlaybackTrace][Native][eventLoop] event_id=2 error=0
08-22 16:51:06.471 I/MpvEvent( 8531): [PlaybackTrace][Native][eventLoop] event_id=2 error=0
08-22 16:51:06.471 I/MpvEvent( 8531): [PlaybackTrace][Native][mpv-log] prefix=cplayer level=v text=Opening failed or was aborted: https://prod-1.storage.jamendo.com/?trackid=171&format=mp31&from=8CSIkMvwtD6jzKZ%2BPEaUMQ%3D%3D%7Cj5s5oI6ivq8l2vQOXyWixQ%3D%3D
08-22 16:51:06.471 D/mpv     ( 8531): [cplayer] v: Opening failed or was aborted: https://prod-1.storage.jamendo.com/?trackid=171&format=mp31&from=8CSIkMvwtD6jzKZ%2BPEaUMQ%3D%3D%7Cj5s5oI6ivq8l2vQOXyWixQ%3D%3D
08-22 16:51:06.471 I/MpvEvent( 8531): [PlaybackTrace][Native][eventLoop] event_id=7 error=0
08-22 16:51:06.471 E/MpvEvent( 8531): [PlaybackTrace][Native][eventLoop] MPV_EVENT_END_FILE reason=2 error=0
08-22 16:51:06.471 I/MpvEvent( 8531): [PlaybackTrace][Native][dispatch:event] name=endFile payload={"reason":2,"error":0}
08-22 16:51:06.472 I/MpvBridgeModule( 8531): [PlaybackTrace][Bridge][listener:event] name=endFile payload={"reason":2,"error":0}
08-22 16:51:06.472 I/MpvEvent( 8531): [PlaybackTrace][Native][eventLoop] event_id=2 error=0
08-22 16:51:06.473 I/MpvEvent( 8531): [PlaybackTrace][Native][eventLoop] event_id=2 error=0
08-22 16:51:06.473 I/MpvEvent( 8531): [PlaybackTrace][Native][eventLoop] event_id=6 error=0
08-22 16:51:06.474 I/MpvEvent( 8531): MPV_EVENT_START_FILE
08-22 16:51:06.476 I/MpvEvent( 8531): [PlaybackTrace][Native][eventLoop] event_id=2 error=0
08-22 16:51:06.477 I/MpvEvent( 8531): [PlaybackTrace][Native][eventLoop] event_id=2 error=0
08-22 16:51:06.477 I/MpvEvent( 8531): [PlaybackTrace][Native][eventLoop] event_id=2 error=0
08-22 16:51:06.478 I/MpvEvent( 8531): [PlaybackTrace][Native][eventLoop] event_id=2 error=0
08-22 16:51:06.478 I/MpvEvent( 8531): [PlaybackTrace][Native][eventLoop] event_id=2 error=0
08-22 16:51:06.478 D/mpv     ( 8531): [ffmpeg] v: Opening https://prod-1.storage.jamendo.com/?trackid=171&format=mp31&from=8CSIkMvwtD6jzKZ%2BPEaUMQ%3D%3D%7Cj5s5oI6ivq8l2vQOXyWixQ%3D%3D
08-22 16:51:06.620 I/MpvEvent( 8531): [PlaybackTrace][Native][eventLoop] event_id=2 error=0
08-22 16:51:06.637 I/MpvEvent( 8531): [PlaybackTrace][Native][eventLoop] event_id=2 error=0
08-22 16:51:06.686 I/MpvEvent( 8531): [PlaybackTrace][Native][eventLoop] event_id=2 error=0
08-22 16:51:06.920 I/MpvEvent( 8531): [PlaybackTrace][Native][eventLoop] event_id=2 error=0
08-22 16:51:06.921 I/MpvEvent( 8531): [PlaybackTrace][Native][mpv-log] prefix=ffmpeg level=error text=tls: mbedtls_ssl_handshake returned -0x6600
08-22 16:51:06.921 D/mpv     ( 8531): [ffmpeg] error: tls: mbedtls_ssl_handshake returned -0x6600
08-22 16:51:06.921 E/MpvEvent( 8531): [PlaybackTrace][Native][dispatch:error] code=-1 message=tls: mbedtls_ssl_handshake returned -0x6600
08-22 16:51:06.922 E/MpvBridgeModule( 8531): [PlaybackTrace][Bridge][listener:error] code=-1 message=tls: mbedtls_ssl_handshake returned -0x6600
08-22 16:51:06.942 I/MpvEvent( 8531): [PlaybackTrace][Native][eventLoop] event_id=2 error=0
08-22 16:51:06.942 I/MpvEvent( 8531): [PlaybackTrace][Native][mpv-log] prefix=stream level=error text=Failed to open https://prod-1.storage.jamendo.com/?trackid=171&format=mp31&from=8CSIkMvwtD6jzKZ%2BPEaUMQ%3D%3D%7Cj5s5oI6ivq8l2vQOXyWixQ%3D%3D.
08-22 16:51:06.942 E/MpvEvent( 8531): [PlaybackTrace][Native][dispatch:error] code=-1 message=Failed to open https://prod-1.storage.jamendo.com/?trackid=171&format=mp31&from=8CSIkMvwtD6jzKZ%2BPEaUMQ%3D%3D%7Cj5s5oI6ivq8l2vQOXyWixQ%3D%3D.
08-22 16:51:06.943 E/MpvBridgeModule( 8531): [PlaybackTrace][Bridge][listener:error] code=-1 message=Failed to open https://prod-1.storage.jamendo.com/?trackid=171&format=mp31&from=8CSIkMvwtD6jzKZ%2BPEaUMQ%3D%3D%7Cj5s5oI6ivq8l2vQOXyWixQ%3D%3D.
08-22 16:51:06.945 I/MpvEvent( 8531): [PlaybackTrace][Native][eventLoop] event_id=2 error=0
08-22 16:51:06.945 I/MpvEvent( 8531): [PlaybackTrace][Native][mpv-log] prefix=cplayer level=v text=Opening failed or was aborted: https://prod-1.storage.jamendo.com/?trackid=171&format=mp31&from=8CSIkMvwtD6jzKZ%2BPEaUMQ%3D%3D%7Cj5s5oI6ivq8l2vQOXyWixQ%3D%3D
08-22 16:51:06.945 D/mpv     ( 8531): [cplayer] v: Opening failed or was aborted: https://prod-1.storage.jamendo.com/?trackid=171&format=mp31&from=8CSIkMvwtD6jzKZ%2BPEaUMQ%3D%3D%7Cj5s5oI6ivq8l2vQOXyWixQ%3D%3D
08-22 16:51:06.945 I/MpvEvent( 8531): [PlaybackTrace][Native][eventLoop] event_id=2 error=0
08-22 16:51:06.946 I/MpvEvent( 8531): [PlaybackTrace][Native][eventLoop] event_id=2 error=0
08-22 16:51:06.969 I/MpvEvent( 8531): [PlaybackTrace][Native][eventLoop] event_id=2 error=0
08-22 16:51:06.969 I/MpvEvent( 8531): [PlaybackTrace][Native][mpv-log] prefix=ytdl_hook level=error text=Subprocess failed: init
08-22 16:51:06.969 E/MpvEvent( 8531): [PlaybackTrace][Native][dispatch:error] code=-1 message=Subprocess failed: init
08-22 16:51:06.970 E/MpvBridgeModule( 8531): [PlaybackTrace][Bridge][listener:error] code=-1 message=Subprocess failed: init
08-22 16:51:06.971 I/MpvEvent( 8531): [PlaybackTrace][Native][eventLoop] event_id=7 error=0
08-22 16:51:06.971 E/MpvEvent( 8531): [PlaybackTrace][Native][eventLoop] MPV_EVENT_END_FILE reason=4 error=-13
08-22 16:51:06.971 I/MpvEvent( 8531): [PlaybackTrace][Native][dispatch:event] name=endFile payload={"reason":4,"error":-13}
08-22 16:51:06.971 I/MpvBridgeModule( 8531): [PlaybackTrace][Bridge][listener:event] name=endFile payload={"reason":4,"error":-13}
08-22 16:51:06.972 I/MpvEvent( 8531): [PlaybackTrace][Native][eventLoop] event_id=2 error=0
08-22 16:51:06.972 I/MpvEvent( 8531): [PlaybackTrace][Native][mpv-log] prefix=cplayer level=v text=Set property: user-data/mpv/ytdl/json-subprocess-result={"killed_by_us":false,"error_string":"init","status":-3,"stderr":"","stdout":""} -> 1
08-22 16:51:06.972 D/mpv     ( 8531): [cplayer] v: Set property: user-data/mpv/ytdl/json-subprocess-result={"killed_by_us":false,"error_string":"init","status":-3,"stderr":"","stdout":""} -> 1
08-22 16:51:06.972 I/MpvEvent( 8531): [PlaybackTrace][Native][eventLoop] event_id=2 error=0
08-22 16:51:06.972 I/MpvEvent( 8531): [PlaybackTrace][Native][eventLoop] event_id=2 error=0
08-22 16:51:06.972 I/MpvEvent( 8531): [PlaybackTrace][Native][eventLoop] event_id=2 error=0
08-22 16:51:06.973 I/MpvEvent( 8531): [PlaybackTrace][Native][eventLoop] event_id=2 error=0
08-22 16:51:06.973 I/MpvEvent( 8531): [PlaybackTrace][Native][eventLoop] event_id=2 error=0
08-22 16:51:06.973 I/MpvEvent( 8531): [PlaybackTrace][Native][mpv-log] prefix=ytdl_hook level=error text=
08-22 16:51:06.973 E/MpvEvent( 8531): [PlaybackTrace][Native][dispatch:error] code=-1 message=
08-22 16:51:06.973 E/MpvBridgeModule( 8531): [PlaybackTrace][Bridge][listener:error] code=-1 message=
08-22 16:51:06.974 I/MpvEvent( 8531): [PlaybackTrace][Native][eventLoop] event_id=11 error=0
08-22 16:51:06.974 I/MpvEvent( 8531): [PlaybackTrace][Native][eventLoop] event_id=2 error=0
08-22 16:51:06.974 I/MpvEvent( 8531): [PlaybackTrace][Native][mpv-log] prefix=ytdl_hook level=error text=youtube-dl failed: not found or not enough permissions
08-22 16:51:06.974 E/MpvEvent( 8531): [PlaybackTrace][Native][dispatch:error] code=-1 message=youtube-dl failed: not found or not enough permissions
08-22 16:51:06.974 E/MpvBridgeModule( 8531): [PlaybackTrace][Bridge][listener:error] code=-1 message=youtube-dl failed: not found or not enough permissions
08-22 16:51:06.975 I/MpvEvent( 8531): [PlaybackTrace][Native][eventLoop] event_id=2 error=0
08-22 16:51:06.975 I/MpvEvent( 8531): [PlaybackTrace][Native][mpv-log] prefix=cplayer level=v text=finished playback, loading failed (reason 4)
08-22 16:51:06.975 D/mpv     ( 8531): [cplayer] v: finished playback, loading failed (reason 4)
08-22 16:51:06.975 I/MpvEvent( 8531): [PlaybackTrace][Native][eventLoop] event_id=2 error=0
08-22 16:51:07.136 I/ReactNativeJS( 8531): '[INFO]', '[PlaybackTrace][JS][loadFile:call]', { requestedPath: 'https://prod-1.storage.jamendo.com/?trackid=171&format=mp31&from=8CSIkMvwtD6jzKZ%2BPEaUMQ%3D%3D%7Cj5s5oI6ivq8l2vQOXyWixQ%3D%3D',
08-22 16:51:07.136 I/MpvBridgeModule( 8531): [PlaybackTrace][Bridge][loadFile] requested=https://prod-1.storage.jamendo.com/?trackid=171&format=mp31&from=8CSIkMvwtD6jzKZ%2BPEaUMQ%3D%3D%7Cj5s5oI6ivq8l2vQOXyWixQ%3D%3D resolved=https://prod-1.storage.jamendo.com/?trackid=171&format=mp31&from=8CSIkMvwtD6jzKZ%2BPEaUMQ%3D%3D%7Cj5s5oI6ivq8l2vQOXyWixQ%3D%3D ptr=131217388029824
08-22 16:51:07.136 I/MpvJNI  ( 8531): [PlaybackTrace][Native][loadFile] begin path=https://prod-1.storage.jamendo.com/?trackid=171&format=mp31&from=8CSIkMvwtD6jzKZ%2BPEaUMQ%3D%3D%7Cj5s5oI6ivq8l2vQOXyWixQ%3D%3D initialized=1
08-22 16:51:07.137 I/MpvJNI  ( 8531): [PlaybackTrace][Native][loadFile] loadfile command accepted result=0
08-22 16:51:07.137 I/MpvBridgeModule( 8531): [PlaybackTrace][Bridge][loadFile] nativeLoadFile returned
08-22 16:51:07.137 I/ReactNativeJS( 8531): '[INFO]', '[PlaybackTrace][JS][loadFile:return]', { resolvedPath: 'https://prod-1.storage.jamendo.com/?trackid=171&format=mp31&from=8CSIkMvwtD6jzKZ%2BPEaUMQ%3D%3D%7Cj5s5oI6ivq8l2vQOXyWixQ%3D%3D' }
08-22 16:51:07.137 I/MpvEvent( 8531): [PlaybackTrace][Native][eventLoop] event_id=6 error=0
08-22 16:51:07.137 I/MpvEvent( 8531): MPV_EVENT_START_FILE
08-22 16:51:07.139 I/MpvEvent( 8531): [PlaybackTrace][Native][eventLoop] event_id=2 error=0
08-22 16:51:07.140 I/MpvEvent( 8531): [PlaybackTrace][Native][eventLoop] event_id=2 error=0
08-22 16:51:07.141 I/MpvEvent( 8531): [PlaybackTrace][Native][eventLoop] event_id=2 error=0
08-22 16:51:07.141 I/MpvEvent( 8531): [PlaybackTrace][Native][eventLoop] event_id=2 error=0
08-22 16:51:07.142 I/MpvEvent( 8531): [PlaybackTrace][Native][eventLoop] event_id=2 error=0
08-22 16:51:07.142 I/MpvEvent( 8531): [PlaybackTrace][Native][eventLoop] event_id=2 error=0
08-22 16:51:07.142 D/mpv     ( 8531): [ffmpeg] v: Opening https://prod-1.storage.jamendo.com/?trackid=171&format=mp31&from=8CSIkMvwtD6jzKZ%2BPEaUMQ%3D%3D%7Cj5s5oI6ivq8l2vQOXyWixQ%3D%3D
08-22 16:51:07.420 I/MpvEvent( 8531): [PlaybackTrace][Native][eventLoop] event_id=2 error=0
08-22 16:51:07.662 I/MpvEvent( 8531): [PlaybackTrace][Native][eventLoop] event_id=2 error=0
08-22 16:51:07.662 I/MpvEvent( 8531): [PlaybackTrace][Native][mpv-log] prefix=ffmpeg level=error text=tls: mbedtls_ssl_handshake returned -0x6600
08-22 16:51:07.662 D/mpv     ( 8531): [ffmpeg] error: tls: mbedtls_ssl_handshake returned -0x6600
08-22 16:51:07.662 E/MpvEvent( 8531): [PlaybackTrace][Native][dispatch:error] code=-1 message=tls: mbedtls_ssl_handshake returned -0x6600
08-22 16:51:07.663 E/MpvBridgeModule( 8531): [PlaybackTrace][Bridge][listener:error] code=-1 message=tls: mbedtls_ssl_handshake returned -0x6600
08-22 16:51:07.664 I/MpvEvent( 8531): [PlaybackTrace][Native][eventLoop] event_id=2 error=0
08-22 16:51:07.664 I/MpvEvent( 8531): [PlaybackTrace][Native][mpv-log] prefix=stream level=error text=Failed to open https://prod-1.storage.jamendo.com/?trackid=171&format=mp31&from=8CSIkMvwtD6jzKZ%2BPEaUMQ%3D%3D%7Cj5s5oI6ivq8l2vQOXyWixQ%3D%3D.
08-22 16:51:07.664 E/MpvEvent( 8531): [PlaybackTrace][Native][dispatch:error] code=-1 message=Failed to open https://prod-1.storage.jamendo.com/?trackid=171&format=mp31&from=8CSIkMvwtD6jzKZ%2BPEaUMQ%3D%3D%7Cj5s5oI6ivq8l2vQOXyWixQ%3D%3D.
08-22 16:51:07.664 E/MpvBridgeModule( 8531): [PlaybackTrace][Bridge][listener:error] code=-1 message=Failed to open https://prod-1.storage.jamendo.com/?trackid=171&format=mp31&from=8CSIkMvwtD6jzKZ%2BPEaUMQ%3D%3D%7Cj5s5oI6ivq8l2vQOXyWixQ%3D%3D.
08-22 16:51:07.686 I/MpvEvent( 8531): [PlaybackTrace][Native][eventLoop] event_id=2 error=0
08-22 16:51:07.686 I/MpvEvent( 8531): [PlaybackTrace][Native][mpv-log] prefix=cplayer level=v text=Opening failed or was aborted: https://prod-1.storage.jamendo.com/?trackid=171&format=mp31&from=8CSIkMvwtD6jzKZ%2BPEaUMQ%3D%3D%7Cj5s5oI6ivq8l2vQOXyWixQ%3D%3D
08-22 16:51:07.686 D/mpv     ( 8531): [cplayer] v: Opening failed or was aborted: https://prod-1.storage.jamendo.com/?trackid=171&format=mp31&from=8CSIkMvwtD6jzKZ%2BPEaUMQ%3D%3D%7Cj5s5oI6ivq8l2vQOXyWixQ%3D%3D
08-22 16:51:07.686 I/MpvEvent( 8531): [PlaybackTrace][Native][eventLoop] event_id=2 error=0
08-22 16:51:07.686 I/MpvEvent( 8531): [PlaybackTrace][Native][eventLoop] event_id=2 error=0
08-22 16:51:07.709 I/MpvEvent( 8531): [PlaybackTrace][Native][eventLoop] event_id=2 error=0
08-22 16:51:07.709 I/MpvEvent( 8531): [PlaybackTrace][Native][mpv-log] prefix=ytdl_hook level=error text=Subprocess failed: init
08-22 16:51:07.709 E/MpvEvent( 8531): [PlaybackTrace][Native][dispatch:error] code=-1 message=Subprocess failed: init
08-22 16:51:07.709 E/MpvBridgeModule( 8531): [PlaybackTrace][Bridge][listener:error] code=-1 message=Subprocess failed: init
08-22 16:51:07.710 I/MpvEvent( 8531): [PlaybackTrace][Native][eventLoop] event_id=7 error=0
08-22 16:51:07.710 E/MpvEvent( 8531): [PlaybackTrace][Native][eventLoop] MPV_EVENT_END_FILE reason=4 error=-13
08-22 16:51:07.711 I/MpvEvent( 8531): [PlaybackTrace][Native][dispatch:event] name=endFile payload={"reason":4,"error":-13}
08-22 16:51:07.712 I/MpvBridgeModule( 8531): [PlaybackTrace][Bridge][listener:event] name=endFile payload={"reason":4,"error":-13}
08-22 16:51:07.713 I/MpvEvent( 8531): [PlaybackTrace][Native][eventLoop] event_id=11 error=0
08-22 16:51:07.713 I/MpvEvent( 8531): [PlaybackTrace][Native][eventLoop] event_id=2 error=0
08-22 16:51:07.713 I/MpvEvent( 8531): [PlaybackTrace][Native][mpv-log] prefix=cplayer level=v text=Set property: user-data/mpv/ytdl/json-subprocess-result={"killed_by_us":false,"error_string":"init","status":-3,"stderr":"","stdout":""} -> 1
08-22 16:51:07.713 D/mpv     ( 8531): [cplayer] v: Set property: user-data/mpv/ytdl/json-subprocess-result={"killed_by_us":false,"error_string":"init","status":-3,"stderr":"","stdout":""} -> 1
08-22 16:51:07.714 I/MpvEvent( 8531): [PlaybackTrace][Native][eventLoop] event_id=2 error=0
08-22 16:51:07.714 I/MpvEvent( 8531): [PlaybackTrace][Native][eventLoop] event_id=2 error=0
08-22 16:51:07.714 I/MpvEvent( 8531): [PlaybackTrace][Native][eventLoop] event_id=2 error=0
08-22 16:51:07.714 I/MpvEvent( 8531): [PlaybackTrace][Native][eventLoop] event_id=2 error=0
08-22 16:51:07.714 I/MpvEvent( 8531): [PlaybackTrace][Native][eventLoop] event_id=2 error=0
08-22 16:51:07.714 I/MpvEvent( 8531): [PlaybackTrace][Native][mpv-log] prefix=ytdl_hook level=error text=
08-22 16:51:07.714 E/MpvEvent( 8531): [PlaybackTrace][Native][dispatch:error] code=-1 message=
08-22 16:51:07.714 E/MpvBridgeModule( 8531): [PlaybackTrace][Bridge][listener:error] code=-1 message=
08-22 16:51:07.716 I/MpvEvent( 8531): [PlaybackTrace][Native][eventLoop] event_id=2 error=0
08-22 16:51:07.716 I/MpvEvent( 8531): [PlaybackTrace][Native][mpv-log] prefix=ytdl_hook level=error text=youtube-dl failed: not found or not enough permissions
08-22 16:51:07.716 E/MpvEvent( 8531): [PlaybackTrace][Native][dispatch:error] code=-1 message=youtube-dl failed: not found or not enough permissions
08-22 16:51:07.717 E/MpvBridgeModule( 8531): [PlaybackTrace][Bridge][listener:error] code=-1 message=youtube-dl failed: not found or not enough permissions
08-22 16:51:07.717 I/MpvEvent( 8531): [PlaybackTrace][Native][eventLoop] event_id=2 error=0
08-22 16:51:07.717 I/MpvEvent( 8531): [PlaybackTrace][Native][mpv-log] prefix=cplayer level=v text=finished playback, loading failed (reason 4)
08-22 16:51:07.717 D/mpv     ( 8531): [cplayer] v: finished playback, loading failed (reason 4)
08-22 16:51:07.717 I/MpvEvent( 8531): [PlaybackTrace][Native][eventLoop] event_id=2 error=0
08-22 16:51:07.798 I/ReactNativeJS( 8531): '[INFO]', '[PlaybackTrace][JS][loadFile:call]', { requestedPath: 'https://prod-1.storage.jamendo.com/?trackid=171&format=mp31&from=8CSIkMvwtD6jzKZ%2BPEaUMQ%3D%3D%7Cj5s5oI6ivq8l2vQOXyWixQ%3D%3D',
08-22 16:51:07.799 I/MpvBridgeModule( 8531): [PlaybackTrace][Bridge][loadFile] requested=https://prod-1.storage.jamendo.com/?trackid=171&format=mp31&from=8CSIkMvwtD6jzKZ%2BPEaUMQ%3D%3D%7Cj5s5oI6ivq8l2vQOXyWixQ%3D%3D resolved=https://prod-1.storage.jamendo.com/?trackid=171&format=mp31&from=8CSIkMvwtD6jzKZ%2BPEaUMQ%3D%3D%7Cj5s5oI6ivq8l2vQOXyWixQ%3D%3D ptr=131217388029824
08-22 16:51:07.799 I/MpvJNI  ( 8531): [PlaybackTrace][Native][loadFile] begin path=https://prod-1.storage.jamendo.com/?trackid=171&format=mp31&from=8CSIkMvwtD6jzKZ%2BPEaUMQ%3D%3D%7Cj5s5oI6ivq8l2vQOXyWixQ%3D%3D initialized=1
08-22 16:51:07.799 I/MpvJNI  ( 8531): [PlaybackTrace][Native][loadFile] loadfile command accepted result=0
08-22 16:51:07.799 I/MpvBridgeModule( 8531): [PlaybackTrace][Bridge][loadFile] nativeLoadFile returned
08-22 16:51:07.799 I/ReactNativeJS( 8531): '[INFO]', '[PlaybackTrace][JS][loadFile:return]', { resolvedPath: 'https://prod-1.storage.jamendo.com/?trackid=171&format=mp31&from=8CSIkMvwtD6jzKZ%2BPEaUMQ%3D%3D%7Cj5s5oI6ivq8l2vQOXyWixQ%3D%3D' }
08-22 16:51:07.801 I/MpvEvent( 8531): [PlaybackTrace][Native][eventLoop] event_id=6 error=0
08-22 16:51:07.801 I/MpvEvent( 8531): MPV_EVENT_START_FILE
08-22 16:51:07.803 I/ReactNativeJS( 8531): '[INFO]', '[PlaybackTrace][JS][loadFile:call]', { requestedPath: 'https://prod-1.storage.jamendo.com/?trackid=171&format=mp31&from=8CSIkMvwtD6jzKZ%2BPEaUMQ%3D%3D%7Cj5s5oI6ivq8l2vQOXyWixQ%3D%3D',
08-22 16:51:07.804 I/ReactNativeJS( 8531): '[INFO]', '[PlaybackTrace][JS][loadFile:return]', { resolvedPath: 'https://prod-1.storage.jamendo.com/?trackid=171&format=mp31&from=8CSIkMvwtD6jzKZ%2BPEaUMQ%3D%3D%7Cj5s5oI6ivq8l2vQOXyWixQ%3D%3D' }
08-22 16:51:07.805 I/MpvEvent( 8531): [PlaybackTrace][Native][eventLoop] event_id=2 error=0
08-22 16:51:07.805 I/MpvEvent( 8531): [PlaybackTrace][Native][eventLoop] event_id=2 error=0
08-22 16:51:07.806 I/MpvBridgeModule( 8531): [PlaybackTrace][Bridge][loadFile] requested=https://prod-1.storage.jamendo.com/?trackid=171&format=mp31&from=8CSIkMvwtD6jzKZ%2BPEaUMQ%3D%3D%7Cj5s5oI6ivq8l2vQOXyWixQ%3D%3D resolved=https://prod-1.storage.jamendo.com/?trackid=171&format=mp31&from=8CSIkMvwtD6jzKZ%2BPEaUMQ%3D%3D%7Cj5s5oI6ivq8l2vQOXyWixQ%3D%3D ptr=131217388029824
08-22 16:51:07.806 I/MpvJNI  ( 8531): [PlaybackTrace][Native][loadFile] begin path=https://prod-1.storage.jamendo.com/?trackid=171&format=mp31&from=8CSIkMvwtD6jzKZ%2BPEaUMQ%3D%3D%7Cj5s5oI6ivq8l2vQOXyWixQ%3D%3D initialized=1
08-22 16:51:07.806 I/MpvJNI  ( 8531): [PlaybackTrace][Native][loadFile] loadfile command accepted result=0
08-22 16:51:07.806 I/MpvBridgeModule( 8531): [PlaybackTrace][Bridge][loadFile] nativeLoadFile returned
08-22 16:51:07.806 I/ReactNativeJS( 8531): '[INFO]', '[PlaybackTrace][JS][loadFile:call]', { requestedPath: 'https://prod-1.storage.jamendo.com/?trackid=171&format=mp31&from=8CSIkMvwtD6jzKZ%2BPEaUMQ%3D%3D%7Cj5s5oI6ivq8l2vQOXyWixQ%3D%3D',
08-22 16:51:07.807 I/MpvBridgeModule( 8531): [PlaybackTrace][Bridge][loadFile] requested=https://prod-1.storage.jamendo.com/?trackid=171&format=mp31&from=8CSIkMvwtD6jzKZ%2BPEaUMQ%3D%3D%7Cj5s5oI6ivq8l2vQOXyWixQ%3D%3D resolved=https://prod-1.storage.jamendo.com/?trackid=171&format=mp31&from=8CSIkMvwtD6jzKZ%2BPEaUMQ%3D%3D%7Cj5s5oI6ivq8l2vQOXyWixQ%3D%3D ptr=131217388029824
08-22 16:51:07.807 I/ReactNativeJS( 8531): '[INFO]', '[PlaybackTrace][JS][loadFile:return]', { resolvedPath: 'https://prod-1.storage.jamendo.com/?trackid=171&format=mp31&from=8CSIkMvwtD6jzKZ%2BPEaUMQ%3D%3D%7Cj5s5oI6ivq8l2vQOXyWixQ%3D%3D' }
08-22 16:51:07.807 I/MpvJNI  ( 8531): [PlaybackTrace][Native][loadFile] begin path=https://prod-1.storage.jamendo.com/?trackid=171&format=mp31&from=8CSIkMvwtD6jzKZ%2BPEaUMQ%3D%3D%7Cj5s5oI6ivq8l2vQOXyWixQ%3D%3D initialized=1
08-22 16:51:07.807 I/MpvJNI  ( 8531): [PlaybackTrace][Native][loadFile] loadfile command accepted result=0
08-22 16:51:07.807 I/MpvBridgeModule( 8531): [PlaybackTrace][Bridge][loadFile] nativeLoadFile returned
08-22 16:51:07.807 I/MpvEvent( 8531): [PlaybackTrace][Native][eventLoop] event_id=2 error=0
08-22 16:51:07.808 I/MpvEvent( 8531): [PlaybackTrace][Native][eventLoop] event_id=2 error=0
08-22 16:51:07.808 I/MpvEvent( 8531): [PlaybackTrace][Native][eventLoop] event_id=2 error=0
08-22 16:51:07.808 I/MpvEvent( 8531): [PlaybackTrace][Native][eventLoop] event_id=2 error=0
08-22 16:51:07.808 D/mpv     ( 8531): [ffmpeg] v: Opening https://prod-1.storage.jamendo.com/?trackid=171&format=mp31&from=8CSIkMvwtD6jzKZ%2BPEaUMQ%3D%3D%7Cj5s5oI6ivq8l2vQOXyWixQ%3D%3D
08-22 16:51:07.808 I/MpvEvent( 8531): [PlaybackTrace][Native][eventLoop] event_id=2 error=0
08-22 16:51:07.810 I/ReactNativeJS( 8531): '[INFO]', '[PlaybackTrace][JS][loadFile:call]', { requestedPath: 'https://prod-1.storage.jamendo.com/?trackid=171&format=mp31&from=8CSIkMvwtD6jzKZ%2BPEaUMQ%3D%3D%7Cj5s5oI6ivq8l2vQOXyWixQ%3D%3D',
08-22 16:51:07.810 I/ReactNativeJS( 8531): '[INFO]', '[PlaybackTrace][JS][loadFile:return]', { resolvedPath: 'https://prod-1.storage.jamendo.com/?trackid=171&format=mp31&from=8CSIkMvwtD6jzKZ%2BPEaUMQ%3D%3D%7Cj5s5oI6ivq8l2vQOXyWixQ%3D%3D' }
08-22 16:51:07.811 I/MpvEvent( 8531): [PlaybackTrace][Native][eventLoop] event_id=2 error=0
08-22 16:51:07.811 I/MpvBridgeModule( 8531): [PlaybackTrace][Bridge][loadFile] requested=https://prod-1.storage.jamendo.com/?trackid=171&format=mp31&from=8CSIkMvwtD6jzKZ%2BPEaUMQ%3D%3D%7Cj5s5oI6ivq8l2vQOXyWixQ%3D%3D resolved=https://prod-1.storage.jamendo.com/?trackid=171&format=mp31&from=8CSIkMvwtD6jzKZ%2BPEaUMQ%3D%3D%7Cj5s5oI6ivq8l2vQOXyWixQ%3D%3D ptr=131217388029824
08-22 16:51:07.811 I/MpvJNI  ( 8531): [PlaybackTrace][Native][loadFile] begin path=https://prod-1.storage.jamendo.com/?trackid=171&format=mp31&from=8CSIkMvwtD6jzKZ%2BPEaUMQ%3D%3D%7Cj5s5oI6ivq8l2vQOXyWixQ%3D%3D initialized=1
08-22 16:51:07.811 I/MpvJNI  ( 8531): [PlaybackTrace][Native][loadFile] loadfile command accepted result=0
08-22 16:51:07.811 I/MpvBridgeModule( 8531): [PlaybackTrace][Bridge][loadFile] nativeLoadFile returned
08-22 16:51:07.811 I/MpvEvent( 8531): [PlaybackTrace][Native][eventLoop] event_id=2 error=0
08-22 16:51:07.821 I/MpvEvent( 8531): [PlaybackTrace][Native][eventLoop] event_id=2 error=0
08-22 16:51:07.821 I/MpvEvent( 8531): [PlaybackTrace][Native][mpv-log] prefix=cplayer level=v text=Opening failed or was aborted: https://prod-1.storage.jamendo.com/?trackid=171&format=mp31&from=8CSIkMvwtD6jzKZ%2BPEaUMQ%3D%3D%7Cj5s5oI6ivq8l2vQOXyWixQ%3D%3D
08-22 16:51:07.821 D/mpv     ( 8531): [cplayer] v: Opening failed or was aborted: https://prod-1.storage.jamendo.com/?trackid=171&format=mp31&from=8CSIkMvwtD6jzKZ%2BPEaUMQ%3D%3D%7Cj5s5oI6ivq8l2vQOXyWixQ%3D%3D
08-22 16:51:07.825 I/MpvEvent( 8531): [PlaybackTrace][Native][eventLoop] event_id=7 error=0
08-22 16:51:07.825 E/MpvEvent( 8531): [PlaybackTrace][Native][eventLoop] MPV_EVENT_END_FILE reason=2 error=0
08-22 16:51:07.825 I/MpvEvent( 8531): [PlaybackTrace][Native][dispatch:event] name=endFile payload={"reason":2,"error":0}
08-22 16:51:07.825 I/MpvBridgeModule( 8531): [PlaybackTrace][Bridge][listener:event] name=endFile payload={"reason":2,"error":0}
08-22 16:51:07.826 I/MpvEvent( 8531): [PlaybackTrace][Native][eventLoop] event_id=2 error=0
08-22 16:51:07.826 I/MpvEvent( 8531): [PlaybackTrace][Native][eventLoop] event_id=2 error=0
08-22 16:51:07.827 I/MpvEvent( 8531): [PlaybackTrace][Native][eventLoop] event_id=6 error=0
08-22 16:51:07.827 I/MpvEvent( 8531): MPV_EVENT_START_FILE
08-22 16:51:07.829 I/MpvEvent( 8531): [PlaybackTrace][Native][eventLoop] event_id=2 error=0
08-22 16:51:07.830 I/MpvEvent( 8531): [PlaybackTrace][Native][eventLoop] event_id=2 error=0
08-22 16:51:07.830 I/MpvEvent( 8531): [PlaybackTrace][Native][eventLoop] event_id=2 error=0
08-22 16:51:07.831 I/MpvEvent( 8531): [PlaybackTrace][Native][eventLoop] event_id=2 error=0
08-22 16:51:07.832 I/MpvEvent( 8531): [PlaybackTrace][Native][eventLoop] event_id=2 error=0
08-22 16:51:07.832 D/mpv     ( 8531): [ffmpeg] v: Opening https://prod-1.storage.jamendo.com/?trackid=171&format=mp31&from=8CSIkMvwtD6jzKZ%2BPEaUMQ%3D%3D%7Cj5s5oI6ivq8l2vQOXyWixQ%3D%3D
08-22 16:51:08.086 I/MpvEvent( 8531): [PlaybackTrace][Native][eventLoop] event_id=2 error=0
08-22 16:51:08.086 I/MpvEvent( 8531): [PlaybackTrace][Native][eventLoop] event_id=2 error=0
08-22 16:51:08.088 I/MpvEvent( 8531): [PlaybackTrace][Native][eventLoop] event_id=2 error=0
08-22 16:51:08.088 I/MpvEvent( 8531): [PlaybackTrace][Native][eventLoop] event_id=2 error=0
08-22 16:51:08.346 I/MpvEvent( 8531): [PlaybackTrace][Native][eventLoop] event_id=2 error=0
08-22 16:51:08.346 I/MpvEvent( 8531): [PlaybackTrace][Native][mpv-log] prefix=ffmpeg level=error text=tls: mbedtls_ssl_handshake returned -0x6600
08-22 16:51:08.346 D/mpv     ( 8531): [ffmpeg] error: tls: mbedtls_ssl_handshake returned -0x6600
08-22 16:51:08.347 E/MpvEvent( 8531): [PlaybackTrace][Native][dispatch:error] code=-1 message=tls: mbedtls_ssl_handshake returned -0x6600
08-22 16:51:08.347 E/MpvBridgeModule( 8531): [PlaybackTrace][Bridge][listener:error] code=-1 message=tls: mbedtls_ssl_handshake returned -0x6600
08-22 16:51:08.366 I/MpvEvent( 8531): [PlaybackTrace][Native][eventLoop] event_id=2 error=0
08-22 16:51:08.366 I/MpvEvent( 8531): [PlaybackTrace][Native][mpv-log] prefix=stream level=error text=Failed to open https://prod-1.storage.jamendo.com/?trackid=171&format=mp31&from=8CSIkMvwtD6jzKZ%2BPEaUMQ%3D%3D%7Cj5s5oI6ivq8l2vQOXyWixQ%3D%3D.
08-22 16:51:08.366 E/MpvEvent( 8531): [PlaybackTrace][Native][dispatch:error] code=-1 message=Failed to open https://prod-1.storage.jamendo.com/?trackid=171&format=mp31&from=8CSIkMvwtD6jzKZ%2BPEaUMQ%3D%3D%7Cj5s5oI6ivq8l2vQOXyWixQ%3D%3D.
08-22 16:51:08.367 E/MpvBridgeModule( 8531): [PlaybackTrace][Bridge][listener:error] code=-1 message=Failed to open https://prod-1.storage.jamendo.com/?trackid=171&format=mp31&from=8CSIkMvwtD6jzKZ%2BPEaUMQ%3D%3D%7Cj5s5oI6ivq8l2vQOXyWixQ%3D%3D.
08-22 16:51:08.372 I/MpvEvent( 8531): [PlaybackTrace][Native][eventLoop] event_id=2 error=0
08-22 16:51:08.372 I/MpvEvent( 8531): [PlaybackTrace][Native][mpv-log] prefix=cplayer level=v text=Opening failed or was aborted: https://prod-1.storage.jamendo.com/?trackid=171&format=mp31&from=8CSIkMvwtD6jzKZ%2BPEaUMQ%3D%3D%7Cj5s5oI6ivq8l2vQOXyWixQ%3D%3D
08-22 16:51:08.372 D/mpv     ( 8531): [cplayer] v: Opening failed or was aborted: https://prod-1.storage.jamendo.com/?trackid=171&format=mp31&from=8CSIkMvwtD6jzKZ%2BPEaUMQ%3D%3D%7Cj5s5oI6ivq8l2vQOXyWixQ%3D%3D
08-22 16:51:08.372 I/MpvEvent( 8531): [PlaybackTrace][Native][eventLoop] event_id=2 error=0
08-22 16:51:08.374 I/MpvEvent( 8531): [PlaybackTrace][Native][eventLoop] event_id=2 error=0
08-22 16:51:08.394 I/MpvEvent( 8531): [PlaybackTrace][Native][eventLoop] event_id=2 error=0
08-22 16:51:08.394 I/MpvEvent( 8531): [PlaybackTrace][Native][mpv-log] prefix=ytdl_hook level=error text=Subprocess failed: init
08-22 16:51:08.394 E/MpvEvent( 8531): [PlaybackTrace][Native][dispatch:error] code=-1 message=Subprocess failed: init
08-22 16:51:08.395 E/MpvBridgeModule( 8531): [PlaybackTrace][Bridge][listener:error] code=-1 message=Subprocess failed: init
08-22 16:51:08.396 I/MpvEvent( 8531): [PlaybackTrace][Native][eventLoop] event_id=7 error=0
08-22 16:51:08.396 E/MpvEvent( 8531): [PlaybackTrace][Native][eventLoop] MPV_EVENT_END_FILE reason=4 error=-13
08-22 16:51:08.397 I/MpvEvent( 8531): [PlaybackTrace][Native][dispatch:event] name=endFile payload={"reason":4,"error":-13}
08-22 16:51:08.397 I/MpvBridgeModule( 8531): [PlaybackTrace][Bridge][listener:event] name=endFile payload={"reason":4,"error":-13}
08-22 16:51:08.398 I/MpvEvent( 8531): [PlaybackTrace][Native][eventLoop] event_id=11 error=0
08-22 16:51:08.399 I/MpvEvent( 8531): [PlaybackTrace][Native][eventLoop] event_id=2 error=0
08-22 16:51:08.399 I/MpvEvent( 8531): [PlaybackTrace][Native][mpv-log] prefix=cplayer level=v text=Set property: user-data/mpv/ytdl/json-subprocess-result={"killed_by_us":false,"error_string":"init","status":-3,"stderr":"","stdout":""} -> 1
08-22 16:51:08.399 D/mpv     ( 8531): [cplayer] v: Set property: user-data/mpv/ytdl/json-subprocess-result={"killed_by_us":false,"error_string":"init","status":-3,"stderr":"","stdout":""} -> 1
08-22 16:51:08.399 I/MpvEvent( 8531): [PlaybackTrace][Native][eventLoop] event_id=2 error=0
08-22 16:51:08.399 I/MpvEvent( 8531): [PlaybackTrace][Native][eventLoop] event_id=2 error=0
08-22 16:51:08.399 I/MpvEvent( 8531): [PlaybackTrace][Native][eventLoop] event_id=2 error=0
08-22 16:51:08.399 I/MpvEvent( 8531): [PlaybackTrace][Native][eventLoop] event_id=2 error=0
08-22 16:51:08.399 I/MpvEvent( 8531): [PlaybackTrace][Native][eventLoop] event_id=2 error=0
08-22 16:51:08.399 I/MpvEvent( 8531): [PlaybackTrace][Native][mpv-log] prefix=ytdl_hook level=error text=
08-22 16:51:08.399 E/MpvEvent( 8531): [PlaybackTrace][Native][dispatch:error] code=-1 message=
08-22 16:51:08.400 E/MpvBridgeModule( 8531): [PlaybackTrace][Bridge][listener:error] code=-1 message=
08-22 16:51:08.401 I/MpvEvent( 8531): [PlaybackTrace][Native][eventLoop] event_id=2 error=0
08-22 16:51:08.401 I/MpvEvent( 8531): [PlaybackTrace][Native][mpv-log] prefix=ytdl_hook level=error text=youtube-dl failed: not found or not enough permissions
08-22 16:51:08.401 E/MpvEvent( 8531): [PlaybackTrace][Native][dispatch:error] code=-1 message=youtube-dl failed: not found or not enough permissions
08-22 16:51:08.402 E/MpvBridgeModule( 8531): [PlaybackTrace][Bridge][listener:error] code=-1 message=youtube-dl failed: not found or not enough permissions
08-22 16:51:08.402 I/MpvEvent( 8531): [PlaybackTrace][Native][eventLoop] event_id=2 error=0
08-22 16:51:08.403 I/MpvEvent( 8531): [PlaybackTrace][Native][mpv-log] prefix=cplayer level=v text=finished playback, loading failed (reason 4)
08-22 16:51:08.403 D/mpv     ( 8531): [cplayer] v: finished playback, loading failed (reason 4)
08-22 16:51:08.403 I/MpvEvent( 8531): [PlaybackTrace][Native][eventLoop] event_id=2 error=0
08-22 16:51:08.576 I/ReactNativeJS( 8531): '[INFO]', '[PlaybackTrace][JS][loadFile:call]', { requestedPath: 'https://prod-1.storage.jamendo.com/?trackid=171&format=mp31&from=8CSIkMvwtD6jzKZ%2BPEaUMQ%3D%3D%7Cj5s5oI6ivq8l2vQOXyWixQ%3D%3D',
08-22 16:51:08.576 I/ReactNativeJS( 8531): '[INFO]', '[PlaybackTrace][JS][loadFile:return]', { resolvedPath: 'https://prod-1.storage.jamendo.com/?trackid=171&format=mp31&from=8CSIkMvwtD6jzKZ%2BPEaUMQ%3D%3D%7Cj5s5oI6ivq8l2vQOXyWixQ%3D%3D' }
08-22 16:51:08.577 I/MpvBridgeModule( 8531): [PlaybackTrace][Bridge][loadFile] requested=https://prod-1.storage.jamendo.com/?trackid=171&format=mp31&from=8CSIkMvwtD6jzKZ%2BPEaUMQ%3D%3D%7Cj5s5oI6ivq8l2vQOXyWixQ%3D%3D resolved=https://prod-1.storage.jamendo.com/?trackid=171&format=mp31&from=8CSIkMvwtD6jzKZ%2BPEaUMQ%3D%3D%7Cj5s5oI6ivq8l2vQOXyWixQ%3D%3D ptr=131217388029824
08-22 16:51:08.578 I/MpvJNI  ( 8531): [PlaybackTrace][Native][loadFile] begin path=https://prod-1.storage.jamendo.com/?trackid=171&format=mp31&from=8CSIkMvwtD6jzKZ%2BPEaUMQ%3D%3D%7Cj5s5oI6ivq8l2vQOXyWixQ%3D%3D initialized=1
08-22 16:51:08.578 I/MpvJNI  ( 8531): [PlaybackTrace][Native][loadFile] loadfile command accepted result=0
08-22 16:51:08.578 I/MpvBridgeModule( 8531): [PlaybackTrace][Bridge][loadFile] nativeLoadFile returned
08-22 16:51:08.579 I/MpvEvent( 8531): [PlaybackTrace][Native][eventLoop] event_id=6 error=0
08-22 16:51:08.579 I/MpvEvent( 8531): MPV_EVENT_START_FILE
08-22 16:51:08.583 I/MpvEvent( 8531): [PlaybackTrace][Native][eventLoop] event_id=2 error=0
08-22 16:51:08.584 I/MpvEvent( 8531): [PlaybackTrace][Native][eventLoop] event_id=2 error=0
08-22 16:51:08.584 I/MpvEvent( 8531): [PlaybackTrace][Native][eventLoop] event_id=2 error=0
08-22 16:51:08.584 I/MpvEvent( 8531): [PlaybackTrace][Native][eventLoop] event_id=2 error=0
08-22 16:51:08.586 I/MpvEvent( 8531): [PlaybackTrace][Native][eventLoop] event_id=2 error=0
08-22 16:51:08.586 D/mpv     ( 8531): [ffmpeg] v: Opening https://prod-1.storage.jamendo.com/?trackid=171&format=mp31&from=8CSIkMvwtD6jzKZ%2BPEaUMQ%3D%3D%7Cj5s5oI6ivq8l2vQOXyWixQ%3D%3D
08-22 16:51:08.586 I/MpvEvent( 8531): [PlaybackTrace][Native][eventLoop] event_id=2 error=0
08-22 16:51:08.596 I/ReactNativeJS( 8531): '[INFO]', '[PlaybackTrace][JS][loadFile:call]', { requestedPath: 'https://prod-1.storage.jamendo.com/?trackid=171&format=mp31&from=8CSIkMvwtD6jzKZ%2BPEaUMQ%3D%3D%7Cj5s5oI6ivq8l2vQOXyWixQ%3D%3D',
08-22 16:51:08.597 I/MpvBridgeModule( 8531): [PlaybackTrace][Bridge][loadFile] requested=https://prod-1.storage.jamendo.com/?trackid=171&format=mp31&from=8CSIkMvwtD6jzKZ%2BPEaUMQ%3D%3D%7Cj5s5oI6ivq8l2vQOXyWixQ%3D%3D resolved=https://prod-1.storage.jamendo.com/?trackid=171&format=mp31&from=8CSIkMvwtD6jzKZ%2BPEaUMQ%3D%3D%7Cj5s5oI6ivq8l2vQOXyWixQ%3D%3D ptr=131217388029824
08-22 16:51:08.597 I/MpvJNI  ( 8531): [PlaybackTrace][Native][loadFile] begin path=https://prod-1.storage.jamendo.com/?trackid=171&format=mp31&from=8CSIkMvwtD6jzKZ%2BPEaUMQ%3D%3D%7Cj5s5oI6ivq8l2vQOXyWixQ%3D%3D initialized=1
08-22 16:51:08.597 I/MpvJNI  ( 8531): [PlaybackTrace][Native][loadFile] loadfile command accepted result=0
08-22 16:51:08.597 I/MpvBridgeModule( 8531): [PlaybackTrace][Bridge][loadFile] nativeLoadFile returned
08-22 16:51:08.597 I/ReactNativeJS( 8531): '[INFO]', '[PlaybackTrace][JS][loadFile:return]', { resolvedPath: 'https://prod-1.storage.jamendo.com/?trackid=171&format=mp31&from=8CSIkMvwtD6jzKZ%2BPEaUMQ%3D%3D%7Cj5s5oI6ivq8l2vQOXyWixQ%3D%3D' }
08-22 16:51:08.599 I/MpvEvent( 8531): [PlaybackTrace][Native][eventLoop] event_id=2 error=0
08-22 16:51:08.690 I/MpvEvent( 8531): [PlaybackTrace][Native][eventLoop] event_id=2 error=0
08-22 16:51:08.690 I/MpvEvent( 8531): [PlaybackTrace][Native][mpv-log] prefix=cplayer level=v text=Opening failed or was aborted: https://prod-1.storage.jamendo.com/?trackid=171&format=mp31&from=8CSIkMvwtD6jzKZ%2BPEaUMQ%3D%3D%7Cj5s5oI6ivq8l2vQOXyWixQ%3D%3D
08-22 16:51:08.690 D/mpv     ( 8531): [cplayer] v: Opening failed or was aborted: https://prod-1.storage.jamendo.com/?trackid=171&format=mp31&from=8CSIkMvwtD6jzKZ%2BPEaUMQ%3D%3D%7Cj5s5oI6ivq8l2vQOXyWixQ%3D%3D
08-22 16:51:08.690 I/MpvEvent( 8531): [PlaybackTrace][Native][eventLoop] event_id=7 error=0
08-22 16:51:08.690 E/MpvEvent( 8531): [PlaybackTrace][Native][eventLoop] MPV_EVENT_END_FILE reason=2 error=0
08-22 16:51:08.690 I/MpvEvent( 8531): [PlaybackTrace][Native][dispatch:event] name=endFile payload={"reason":2,"error":0}
08-22 16:51:08.690 I/MpvBridgeModule( 8531): [PlaybackTrace][Bridge][listener:event] name=endFile payload={"reason":2,"error":0}
08-22 16:51:08.692 I/MpvEvent( 8531): [PlaybackTrace][Native][eventLoop] event_id=2 error=0
08-22 16:51:08.692 I/MpvEvent( 8531): [PlaybackTrace][Native][eventLoop] event_id=2 error=0
08-22 16:51:08.693 I/MpvEvent( 8531): [PlaybackTrace][Native][eventLoop] event_id=6 error=0
08-22 16:51:08.693 I/MpvEvent( 8531): MPV_EVENT_START_FILE
08-22 16:51:08.694 I/MpvEvent( 8531): [PlaybackTrace][Native][eventLoop] event_id=2 error=0
08-22 16:51:08.695 I/MpvEvent( 8531): [PlaybackTrace][Native][eventLoop] event_id=2 error=0
08-22 16:51:08.695 I/MpvEvent( 8531): [PlaybackTrace][Native][eventLoop] event_id=2 error=0
08-22 16:51:08.696 I/MpvEvent( 8531): [PlaybackTrace][Native][eventLoop] event_id=2 error=0
08-22 16:51:08.696 I/MpvEvent( 8531): [PlaybackTrace][Native][eventLoop] event_id=2 error=0
08-22 16:51:08.697 D/mpv     ( 8531): [ffmpeg] v: Opening https://prod-1.storage.jamendo.com/?trackid=171&format=mp31&from=8CSIkMvwtD6jzKZ%2BPEaUMQ%3D%3D%7Cj5s5oI6ivq8l2vQOXyWixQ%3D%3D
08-22 16:51:08.878 I/MpvEvent( 8531): [PlaybackTrace][Native][eventLoop] event_id=2 error=0
08-22 16:51:08.878 I/MpvEvent( 8531): [PlaybackTrace][Native][eventLoop] event_id=2 error=0
08-22 16:51:09.078 I/MpvEvent( 8531): [PlaybackTrace][Native][eventLoop] event_id=2 error=0
08-22 16:51:09.078 I/MpvEvent( 8531): [PlaybackTrace][Native][mpv-log] prefix=ffmpeg level=error text=tls: mbedtls_ssl_handshake returned -0x6600
08-22 16:51:09.079 D/mpv     ( 8531): [ffmpeg] error: tls: mbedtls_ssl_handshake returned -0x6600
08-22 16:51:09.079 E/MpvEvent( 8531): [PlaybackTrace][Native][dispatch:error] code=-1 message=tls: mbedtls_ssl_handshake returned -0x6600
08-22 16:51:09.094 E/MpvBridgeModule( 8531): [PlaybackTrace][Bridge][listener:error] code=-1 message=tls: mbedtls_ssl_handshake returned -0x6600
08-22 16:51:09.102 I/MpvEvent( 8531): [PlaybackTrace][Native][eventLoop] event_id=2 error=0
08-22 16:51:09.102 I/MpvEvent( 8531): [PlaybackTrace][Native][mpv-log] prefix=stream level=error text=Failed to open https://prod-1.storage.jamendo.com/?trackid=171&format=mp31&from=8CSIkMvwtD6jzKZ%2BPEaUMQ%3D%3D%7Cj5s5oI6ivq8l2vQOXyWixQ%3D%3D.
08-22 16:51:09.102 E/MpvEvent( 8531): [PlaybackTrace][Native][dispatch:error] code=-1 message=Failed to open https://prod-1.storage.jamendo.com/?trackid=171&format=mp31&from=8CSIkMvwtD6jzKZ%2BPEaUMQ%3D%3D%7Cj5s5oI6ivq8l2vQOXyWixQ%3D%3D.
08-22 16:51:09.103 E/MpvBridgeModule( 8531): [PlaybackTrace][Bridge][listener:error] code=-1 message=Failed to open https://prod-1.storage.jamendo.com/?trackid=171&format=mp31&from=8CSIkMvwtD6jzKZ%2BPEaUMQ%3D%3D%7Cj5s5oI6ivq8l2vQOXyWixQ%3D%3D.
08-22 16:51:09.103 I/MpvEvent( 8531): [PlaybackTrace][Native][eventLoop] event_id=2 error=0
08-22 16:51:09.104 I/MpvEvent( 8531): [PlaybackTrace][Native][mpv-log] prefix=cplayer level=v text=Opening failed or was aborted: https://prod-1.storage.jamendo.com/?trackid=171&format=mp31&from=8CSIkMvwtD6jzKZ%2BPEaUMQ%3D%3D%7Cj5s5oI6ivq8l2vQOXyWixQ%3D%3D
08-22 16:51:09.104 D/mpv     ( 8531): [cplayer] v: Opening failed or was aborted: https://prod-1.storage.jamendo.com/?trackid=171&format=mp31&from=8CSIkMvwtD6jzKZ%2BPEaUMQ%3D%3D%7Cj5s5oI6ivq8l2vQOXyWixQ%3D%3D
08-22 16:51:09.104 I/MpvEvent( 8531): [PlaybackTrace][Native][eventLoop] event_id=2 error=0
08-22 16:51:09.104 I/MpvEvent( 8531): [PlaybackTrace][Native][eventLoop] event_id=2 error=0
08-22 16:51:09.125 I/MpvEvent( 8531): [PlaybackTrace][Native][eventLoop] event_id=2 error=0
08-22 16:51:09.125 I/MpvEvent( 8531): [PlaybackTrace][Native][mpv-log] prefix=ytdl_hook level=error text=Subprocess failed: init
08-22 16:51:09.125 E/MpvEvent( 8531): [PlaybackTrace][Native][dispatch:error] code=-1 message=Subprocess failed: init
08-22 16:51:09.125 E/MpvBridgeModule( 8531): [PlaybackTrace][Bridge][listener:error] code=-1 message=Subprocess failed: init
08-22 16:51:09.126 I/MpvEvent( 8531): [PlaybackTrace][Native][eventLoop] event_id=7 error=0
08-22 16:51:09.127 E/MpvEvent( 8531): [PlaybackTrace][Native][eventLoop] MPV_EVENT_END_FILE reason=4 error=-13
08-22 16:51:09.127 I/MpvEvent( 8531): [PlaybackTrace][Native][dispatch:event] name=endFile payload={"reason":4,"error":-13}
08-22 16:51:09.127 I/MpvBridgeModule( 8531): [PlaybackTrace][Bridge][listener:event] name=endFile payload={"reason":4,"error":-13}
08-22 16:51:09.128 I/MpvEvent( 8531): [PlaybackTrace][Native][eventLoop] event_id=2 error=0
08-22 16:51:09.128 I/MpvEvent( 8531): [PlaybackTrace][Native][mpv-log] prefix=cplayer level=v text=Set property: user-data/mpv/ytdl/json-subprocess-result={"killed_by_us":false,"error_string":"init","status":-3,"stderr":"","stdout":""} -> 1
08-22 16:51:09.128 D/mpv     ( 8531): [cplayer] v: Set property: user-data/mpv/ytdl/json-subprocess-result={"killed_by_us":false,"error_string":"init","status":-3,"stderr":"","stdout":""} -> 1
08-22 16:51:09.128 I/MpvEvent( 8531): [PlaybackTrace][Native][eventLoop] event_id=2 error=0
08-22 16:51:09.128 I/MpvEvent( 8531): [PlaybackTrace][Native][eventLoop] event_id=2 error=0
08-22 16:51:09.128 I/MpvEvent( 8531): [PlaybackTrace][Native][eventLoop] event_id=11 error=0
08-22 16:51:09.128 I/MpvEvent( 8531): [PlaybackTrace][Native][eventLoop] event_id=2 error=0
08-22 16:51:09.128 I/MpvEvent( 8531): [PlaybackTrace][Native][eventLoop] event_id=2 error=0
08-22 16:51:09.128 I/MpvEvent( 8531): [PlaybackTrace][Native][eventLoop] event_id=2 error=0
08-22 16:51:09.128 I/MpvEvent( 8531): [PlaybackTrace][Native][mpv-log] prefix=ytdl_hook level=error text=
08-22 16:51:09.128 E/MpvEvent( 8531): [PlaybackTrace][Native][dispatch:error] code=-1 message=
08-22 16:51:09.128 E/MpvBridgeModule( 8531): [PlaybackTrace][Bridge][listener:error] code=-1 message=
08-22 16:51:09.129 I/MpvEvent( 8531): [PlaybackTrace][Native][eventLoop] event_id=2 error=0
08-22 16:51:09.129 I/MpvEvent( 8531): [PlaybackTrace][Native][mpv-log] prefix=ytdl_hook level=error text=youtube-dl failed: not found or not enough permissions
08-22 16:51:09.129 E/MpvEvent( 8531): [PlaybackTrace][Native][dispatch:error] code=-1 message=youtube-dl failed: not found or not enough permissions
08-22 16:51:09.129 E/MpvBridgeModule( 8531): [PlaybackTrace][Bridge][listener:error] code=-1 message=youtube-dl failed: not found or not enough permissions
08-22 16:51:09.130 I/MpvEvent( 8531): [PlaybackTrace][Native][eventLoop] event_id=2 error=0
08-22 16:51:09.130 I/MpvEvent( 8531): [PlaybackTrace][Native][mpv-log] prefix=cplayer level=v text=finished playback, loading failed (reason 4)
08-22 16:51:09.130 D/mpv     ( 8531): [cplayer] v: finished playback, loading failed (reason 4)
08-22 16:51:09.130 I/MpvEvent( 8531): [PlaybackTrace][Native][eventLoop] event_id=2 error=0
08-22 16:51:09.254 I/ReactNativeJS( 8531): '[INFO]', '[PlaybackTrace][JS][loadFile:call]', { requestedPath: 'https://prod-1.storage.jamendo.com/?trackid=171&format=mp31&from=8CSIkMvwtD6jzKZ%2BPEaUMQ%3D%3D%7Cj5s5oI6ivq8l2vQOXyWixQ%3D%3D',
08-22 16:51:09.255 I/MpvBridgeModule( 8531): [PlaybackTrace][Bridge][loadFile] requested=https://prod-1.storage.jamendo.com/?trackid=171&format=mp31&from=8CSIkMvwtD6jzKZ%2BPEaUMQ%3D%3D%7Cj5s5oI6ivq8l2vQOXyWixQ%3D%3D resolved=https://prod-1.storage.jamendo.com/?trackid=171&format=mp31&from=8CSIkMvwtD6jzKZ%2BPEaUMQ%3D%3D%7Cj5s5oI6ivq8l2vQOXyWixQ%3D%3D ptr=131217388029824
08-22 16:51:09.255 I/ReactNativeJS( 8531): '[INFO]', '[PlaybackTrace][JS][loadFile:return]', { resolvedPath: 'https://prod-1.storage.jamendo.com/?trackid=171&format=mp31&from=8CSIkMvwtD6jzKZ%2BPEaUMQ%3D%3D%7Cj5s5oI6ivq8l2vQOXyWixQ%3D%3D' }
08-22 16:51:09.257 I/MpvJNI  ( 8531): [PlaybackTrace][Native][loadFile] begin path=https://prod-1.storage.jamendo.com/?trackid=171&format=mp31&from=8CSIkMvwtD6jzKZ%2BPEaUMQ%3D%3D%7Cj5s5oI6ivq8l2vQOXyWixQ%3D%3D initialized=1
08-22 16:51:09.257 I/MpvJNI  ( 8531): [PlaybackTrace][Native][loadFile] loadfile command accepted result=0
08-22 16:51:09.257 I/MpvBridgeModule( 8531): [PlaybackTrace][Bridge][loadFile] nativeLoadFile returned
08-22 16:51:09.257 I/MpvEvent( 8531): [PlaybackTrace][Native][eventLoop] event_id=6 error=0
08-22 16:51:09.257 I/MpvEvent( 8531): MPV_EVENT_START_FILE
08-22 16:51:09.259 I/MpvEvent( 8531): [PlaybackTrace][Native][eventLoop] event_id=2 error=0
08-22 16:51:09.262 I/MpvEvent( 8531): [PlaybackTrace][Native][eventLoop] event_id=2 error=0
08-22 16:51:09.262 I/MpvEvent( 8531): [PlaybackTrace][Native][eventLoop] event_id=2 error=0
08-22 16:51:09.262 I/MpvEvent( 8531): [PlaybackTrace][Native][eventLoop] event_id=2 error=0
08-22 16:51:09.263 I/MpvEvent( 8531): [PlaybackTrace][Native][eventLoop] event_id=2 error=0
08-22 16:51:09.263 I/MpvEvent( 8531): [PlaybackTrace][Native][eventLoop] event_id=2 error=0
08-22 16:51:09.263 D/mpv     ( 8531): [ffmpeg] v: Opening https://prod-1.storage.jamendo.com/?trackid=171&format=mp31&from=8CSIkMvwtD6jzKZ%2BPEaUMQ%3D%3D%7Cj5s5oI6ivq8l2vQOXyWixQ%3D%3D
08-22 16:51:09.271 I/ReactNativeJS( 8531): '[INFO]', '[PlaybackTrace][JS][loadFile:call]', { requestedPath: 'https://prod-1.storage.jamendo.com/?trackid=171&format=mp31&from=8CSIkMvwtD6jzKZ%2BPEaUMQ%3D%3D%7Cj5s5oI6ivq8l2vQOXyWixQ%3D%3D',
08-22 16:51:09.271 I/MpvBridgeModule( 8531): [PlaybackTrace][Bridge][loadFile] requested=https://prod-1.storage.jamendo.com/?trackid=171&format=mp31&from=8CSIkMvwtD6jzKZ%2BPEaUMQ%3D%3D%7Cj5s5oI6ivq8l2vQOXyWixQ%3D%3D resolved=https://prod-1.storage.jamendo.com/?trackid=171&format=mp31&from=8CSIkMvwtD6jzKZ%2BPEaUMQ%3D%3D%7Cj5s5oI6ivq8l2vQOXyWixQ%3D%3D ptr=131217388029824
08-22 16:51:09.271 I/ReactNativeJS( 8531): '[INFO]', '[PlaybackTrace][JS][loadFile:return]', { resolvedPath: 'https://prod-1.storage.jamendo.com/?trackid=171&format=mp31&from=8CSIkMvwtD6jzKZ%2BPEaUMQ%3D%3D%7Cj5s5oI6ivq8l2vQOXyWixQ%3D%3D' }
08-22 16:51:09.271 I/MpvJNI  ( 8531): [PlaybackTrace][Native][loadFile] begin path=https://prod-1.storage.jamendo.com/?trackid=171&format=mp31&from=8CSIkMvwtD6jzKZ%2BPEaUMQ%3D%3D%7Cj5s5oI6ivq8l2vQOXyWixQ%3D%3D initialized=1
08-22 16:51:09.272 I/MpvJNI  ( 8531): [PlaybackTrace][Native][loadFile] loadfile command accepted result=0
08-22 16:51:09.272 I/MpvBridgeModule( 8531): [PlaybackTrace][Bridge][loadFile] nativeLoadFile returned
08-22 16:51:09.274 I/MpvEvent( 8531): [PlaybackTrace][Native][eventLoop] event_id=2 error=0
08-22 16:51:09.320 I/ReactNativeJS( 8531): '[INFO]', '[PlaybackTrace][JS][loadFile:call]', { requestedPath: 'https://prod-1.storage.jamendo.com/?trackid=171&format=mp31&from=8CSIkMvwtD6jzKZ%2BPEaUMQ%3D%3D%7Cj5s5oI6ivq8l2vQOXyWixQ%3D%3D',
08-22 16:51:09.320 I/ReactNativeJS( 8531): '[INFO]', '[PlaybackTrace][JS][loadFile:return]', { resolvedPath: 'https://prod-1.storage.jamendo.com/?trackid=171&format=mp31&from=8CSIkMvwtD6jzKZ%2BPEaUMQ%3D%3D%7Cj5s5oI6ivq8l2vQOXyWixQ%3D%3D' }
08-22 16:51:09.320 I/MpvBridgeModule( 8531): [PlaybackTrace][Bridge][loadFile] requested=https://prod-1.storage.jamendo.com/?trackid=171&format=mp31&from=8CSIkMvwtD6jzKZ%2BPEaUMQ%3D%3D%7Cj5s5oI6ivq8l2vQOXyWixQ%3D%3D resolved=https://prod-1.storage.jamendo.com/?trackid=171&format=mp31&from=8CSIkMvwtD6jzKZ%2BPEaUMQ%3D%3D%7Cj5s5oI6ivq8l2vQOXyWixQ%3D%3D ptr=131217388029824
08-22 16:51:09.321 I/MpvJNI  ( 8531): [PlaybackTrace][Native][loadFile] begin path=https://prod-1.storage.jamendo.com/?trackid=171&format=mp31&from=8CSIkMvwtD6jzKZ%2BPEaUMQ%3D%3D%7Cj5s5oI6ivq8l2vQOXyWixQ%3D%3D initialized=1
08-22 16:51:09.321 I/MpvJNI  ( 8531): [PlaybackTrace][Native][loadFile] loadfile command accepted result=0
08-22 16:51:09.321 I/MpvBridgeModule( 8531): [PlaybackTrace][Bridge][loadFile] nativeLoadFile returned
08-22 16:51:09.323 I/MpvEvent( 8531): [PlaybackTrace][Native][eventLoop] event_id=2 error=0
08-22 16:51:09.369 I/MpvEvent( 8531): [PlaybackTrace][Native][eventLoop] event_id=2 error=0
08-22 16:51:09.369 I/MpvEvent( 8531): [PlaybackTrace][Native][mpv-log] prefix=cplayer level=v text=Opening failed or was aborted: https://prod-1.storage.jamendo.com/?trackid=171&format=mp31&from=8CSIkMvwtD6jzKZ%2BPEaUMQ%3D%3D%7Cj5s5oI6ivq8l2vQOXyWixQ%3D%3D
08-22 16:51:09.369 D/mpv     ( 8531): [cplayer] v: Opening failed or was aborted: https://prod-1.storage.jamendo.com/?trackid=171&format=mp31&from=8CSIkMvwtD6jzKZ%2BPEaUMQ%3D%3D%7Cj5s5oI6ivq8l2vQOXyWixQ%3D%3D
08-22 16:51:09.370 I/MpvEvent( 8531): [PlaybackTrace][Native][eventLoop] event_id=7 error=0
08-22 16:51:09.370 E/MpvEvent( 8531): [PlaybackTrace][Native][eventLoop] MPV_EVENT_END_FILE reason=2 error=0
08-22 16:51:09.370 I/MpvEvent( 8531): [PlaybackTrace][Native][dispatch:event] name=endFile payload={"reason":2,"error":0}
08-22 16:51:09.371 I/MpvBridgeModule( 8531): [PlaybackTrace][Bridge][listener:event] name=endFile payload={"reason":2,"error":0}
08-22 16:51:09.372 I/MpvEvent( 8531): [PlaybackTrace][Native][eventLoop] event_id=6 error=0
08-22 16:51:09.372 I/MpvEvent( 8531): MPV_EVENT_START_FILE
08-22 16:51:09.373 I/MpvEvent( 8531): [PlaybackTrace][Native][eventLoop] event_id=2 error=0
08-22 16:51:09.373 I/MpvEvent( 8531): [PlaybackTrace][Native][eventLoop] event_id=2 error=0
08-22 16:51:09.374 I/MpvEvent( 8531): [PlaybackTrace][Native][eventLoop] event_id=2 error=0
08-22 16:51:09.374 I/MpvEvent( 8531): [PlaybackTrace][Native][eventLoop] event_id=2 error=0
08-22 16:51:09.374 I/MpvEvent( 8531): [PlaybackTrace][Native][eventLoop] event_id=2 error=0
08-22 16:51:09.375 I/MpvEvent( 8531): [PlaybackTrace][Native][eventLoop] event_id=2 error=0
08-22 16:51:09.375 I/MpvEvent( 8531): [PlaybackTrace][Native][eventLoop] event_id=2 error=0
08-22 16:51:09.375 D/mpv     ( 8531): [ffmpeg] v: Opening https://prod-1.storage.jamendo.com/?trackid=171&format=mp31&from=8CSIkMvwtD6jzKZ%2BPEaUMQ%3D%3D%7Cj5s5oI6ivq8l2vQOXyWixQ%3D%3D
08-22 16:51:09.539 I/MpvEvent( 8531): [PlaybackTrace][Native][eventLoop] event_id=2 error=0
08-22 16:51:09.554 I/MpvEvent( 8531): [PlaybackTrace][Native][eventLoop] event_id=2 error=0
08-22 16:51:09.604 I/MpvEvent( 8531): [PlaybackTrace][Native][eventLoop] event_id=2 error=0
08-22 16:51:09.902 I/ReactNativeJS( 8531): '[INFO]', '[PlaybackTrace][JS][loadFile:call]', { requestedPath: 'https://prod-1.storage.jamendo.com/?trackid=171&format=mp31&from=8CSIkMvwtD6jzKZ%2BPEaUMQ%3D%3D%7Cj5s5oI6ivq8l2vQOXyWixQ%3D%3D',
08-22 16:51:09.902 I/MpvBridgeModule( 8531): [PlaybackTrace][Bridge][loadFile] requested=https://prod-1.storage.jamendo.com/?trackid=171&format=mp31&from=8CSIkMvwtD6jzKZ%2BPEaUMQ%3D%3D%7Cj5s5oI6ivq8l2vQOXyWixQ%3D%3D resolved=https://prod-1.storage.jamendo.com/?trackid=171&format=mp31&from=8CSIkMvwtD6jzKZ%2BPEaUMQ%3D%3D%7Cj5s5oI6ivq8l2vQOXyWixQ%3D%3D ptr=131217388029824
08-22 16:51:09.902 I/MpvJNI  ( 8531): [PlaybackTrace][Native][loadFile] begin path=https://prod-1.storage.jamendo.com/?trackid=171&format=mp31&from=8CSIkMvwtD6jzKZ%2BPEaUMQ%3D%3D%7Cj5s5oI6ivq8l2vQOXyWixQ%3D%3D initialized=1
08-22 16:51:09.902 I/MpvJNI  ( 8531): [PlaybackTrace][Native][loadFile] loadfile command accepted result=0
08-22 16:51:09.903 I/ReactNativeJS( 8531): '[INFO]', '[PlaybackTrace][JS][loadFile:return]', { resolvedPath: 'https://prod-1.storage.jamendo.com/?trackid=171&format=mp31&from=8CSIkMvwtD6jzKZ%2BPEaUMQ%3D%3D%7Cj5s5oI6ivq8l2vQOXyWixQ%3D%3D' }
08-22 16:51:09.903 I/MpvBridgeModule( 8531): [PlaybackTrace][Bridge][loadFile] nativeLoadFile returned
08-22 16:51:09.907 I/MpvEvent( 8531): [PlaybackTrace][Native][eventLoop] event_id=2 error=0
08-22 16:51:09.970 I/ReactNativeJS( 8531): '[INFO]', '[PlaybackTrace][JS][loadFile:call]', { requestedPath: 'https://prod-1.storage.jamendo.com/?trackid=171&format=mp31&from=8CSIkMvwtD6jzKZ%2BPEaUMQ%3D%3D%7Cj5s5oI6ivq8l2vQOXyWixQ%3D%3D',
08-22 16:51:09.970 I/MpvBridgeModule( 8531): [PlaybackTrace][Bridge][loadFile] requested=https://prod-1.storage.jamendo.com/?trackid=171&format=mp31&from=8CSIkMvwtD6jzKZ%2BPEaUMQ%3D%3D%7Cj5s5oI6ivq8l2vQOXyWixQ%3D%3D resolved=https://prod-1.storage.jamendo.com/?trackid=171&format=mp31&from=8CSIkMvwtD6jzKZ%2BPEaUMQ%3D%3D%7Cj5s5oI6ivq8l2vQOXyWixQ%3D%3D ptr=131217388029824
08-22 16:51:09.971 I/MpvJNI  ( 8531): [PlaybackTrace][Native][loadFile] begin path=https://prod-1.storage.jamendo.com/?trackid=171&format=mp31&from=8CSIkMvwtD6jzKZ%2BPEaUMQ%3D%3D%7Cj5s5oI6ivq8l2vQOXyWixQ%3D%3D initialized=1
08-22 16:51:09.971 I/ReactNativeJS( 8531): '[INFO]', '[PlaybackTrace][JS][loadFile:return]', { resolvedPath: 'https://prod-1.storage.jamendo.com/?trackid=171&format=mp31&from=8CSIkMvwtD6jzKZ%2BPEaUMQ%3D%3D%7Cj5s5oI6ivq8l2vQOXyWixQ%3D%3D' }
08-22 16:51:09.971 I/MpvJNI  ( 8531): [PlaybackTrace][Native][loadFile] loadfile command accepted result=0
08-22 16:51:09.971 I/MpvBridgeModule( 8531): [PlaybackTrace][Bridge][loadFile] nativeLoadFile returned
08-22 16:51:09.973 I/MpvEvent( 8531): [PlaybackTrace][Native][eventLoop] event_id=2 error=0
08-22 16:51:09.991 I/MpvEvent( 8531): [PlaybackTrace][Native][eventLoop] event_id=2 error=0
08-22 16:51:09.991 I/MpvEvent( 8531): [PlaybackTrace][Native][mpv-log] prefix=ffmpeg level=error text=tls: mbedtls_ssl_handshake returned -0x7280
08-22 16:51:09.991 D/mpv     ( 8531): [ffmpeg] error: tls: mbedtls_ssl_handshake returned -0x7280
08-22 16:51:09.991 E/MpvEvent( 8531): [PlaybackTrace][Native][dispatch:error] code=-1 message=tls: mbedtls_ssl_handshake returned -0x7280
08-22 16:51:09.993 E/MpvBridgeModule( 8531): [PlaybackTrace][Bridge][listener:error] code=-1 message=tls: mbedtls_ssl_handshake returned -0x7280
08-22 16:51:09.996 I/MpvEvent( 8531): [PlaybackTrace][Native][eventLoop] event_id=7 error=0
08-22 16:51:09.996 E/MpvEvent( 8531): [PlaybackTrace][Native][eventLoop] MPV_EVENT_END_FILE reason=2 error=0
08-22 16:51:09.996 I/MpvEvent( 8531): [PlaybackTrace][Native][dispatch:event] name=endFile payload={"reason":2,"error":0}
08-22 16:51:09.996 I/MpvBridgeModule( 8531): [PlaybackTrace][Bridge][listener:event] name=endFile payload={"reason":2,"error":0}
08-22 16:51:09.997 I/MpvEvent( 8531): [PlaybackTrace][Native][eventLoop] event_id=6 error=0
08-22 16:51:09.998 I/MpvEvent( 8531): MPV_EVENT_START_FILE
08-22 16:51:09.999 I/MpvEvent( 8531): [PlaybackTrace][Native][eventLoop] event_id=2 error=0
08-22 16:51:09.999 I/MpvEvent( 8531): [PlaybackTrace][Native][mpv-log] prefix=cplayer level=v text=Opening failed or was aborted: https://prod-1.storage.jamendo.com/?trackid=171&format=mp31&from=8CSIkMvwtD6jzKZ%2BPEaUMQ%3D%3D%7Cj5s5oI6ivq8l2vQOXyWixQ%3D%3D
08-22 16:51:09.999 D/mpv     ( 8531): [cplayer] v: Opening failed or was aborted: https://prod-1.storage.jamendo.com/?trackid=171&format=mp31&from=8CSIkMvwtD6jzKZ%2BPEaUMQ%3D%3D%7Cj5s5oI6ivq8l2vQOXyWixQ%3D%3D
08-22 16:51:09.999 I/MpvEvent( 8531): [PlaybackTrace][Native][eventLoop] event_id=2 error=0
08-22 16:51:09.999 I/MpvEvent( 8531): [PlaybackTrace][Native][eventLoop] event_id=2 error=0
08-22 16:51:09.999 I/MpvEvent( 8531): [PlaybackTrace][Native][eventLoop] event_id=2 error=0
08-22 16:51:09.999 I/MpvEvent( 8531): [PlaybackTrace][Native][eventLoop] event_id=2 error=0
08-22 16:51:09.999 I/MpvEvent( 8531): [PlaybackTrace][Native][eventLoop] event_id=2 error=0
08-22 16:51:09.999 I/MpvEvent( 8531): [PlaybackTrace][Native][eventLoop] event_id=2 error=0
08-22 16:51:09.999 I/MpvEvent( 8531): [PlaybackTrace][Native][eventLoop] event_id=2 error=0
08-22 16:51:09.999 D/mpv     ( 8531): [ffmpeg] v: Opening https://prod-1.storage.jamendo.com/?trackid=171&format=mp31&from=8CSIkMvwtD6jzKZ%2BPEaUMQ%3D%3D%7Cj5s5oI6ivq8l2vQOXyWixQ%3D%3D
08-22 16:51:10.086 I/ReactNativeJS( 8531): '[INFO]', '[PlaybackTrace][JS][loadFile:call]', { requestedPath: 'https://prod-1.storage.jamendo.com/?trackid=171&format=mp31&from=8CSIkMvwtD6jzKZ%2BPEaUMQ%3D%3D%7Cj5s5oI6ivq8l2vQOXyWixQ%3D%3D',
08-22 16:51:10.086 I/MpvBridgeModule( 8531): [PlaybackTrace][Bridge][loadFile] requested=https://prod-1.storage.jamendo.com/?trackid=171&format=mp31&from=8CSIkMvwtD6jzKZ%2BPEaUMQ%3D%3D%7Cj5s5oI6ivq8l2vQOXyWixQ%3D%3D resolved=https://prod-1.storage.jamendo.com/?trackid=171&format=mp31&from=8CSIkMvwtD6jzKZ%2BPEaUMQ%3D%3D%7Cj5s5oI6ivq8l2vQOXyWixQ%3D%3D ptr=131217388029824
08-22 16:51:10.086 I/MpvJNI  ( 8531): [PlaybackTrace][Native][loadFile] begin path=https://prod-1.storage.jamendo.com/?trackid=171&format=mp31&from=8CSIkMvwtD6jzKZ%2BPEaUMQ%3D%3D%7Cj5s5oI6ivq8l2vQOXyWixQ%3D%3D initialized=1
08-22 16:51:10.086 I/MpvJNI  ( 8531): [PlaybackTrace][Native][loadFile] loadfile command accepted result=0
08-22 16:51:10.086 I/MpvBridgeModule( 8531): [PlaybackTrace][Bridge][loadFile] nativeLoadFile returned
08-22 16:51:10.086 I/ReactNativeJS( 8531): '[INFO]', '[PlaybackTrace][JS][loadFile:return]', { resolvedPath: 'https://prod-1.storage.jamendo.com/?trackid=171&format=mp31&from=8CSIkMvwtD6jzKZ%2BPEaUMQ%3D%3D%7Cj5s5oI6ivq8l2vQOXyWixQ%3D%3D' }
08-22 16:51:10.088 I/MpvEvent( 8531): [PlaybackTrace][Native][eventLoop] event_id=2 error=0
08-22 16:51:10.103 I/MpvEvent( 8531): [PlaybackTrace][Native][eventLoop] event_id=2 error=0
08-22 16:51:10.103 I/MpvEvent( 8531): [PlaybackTrace][Native][mpv-log] prefix=cplayer level=v text=Opening failed or was aborted: https://prod-1.storage.jamendo.com/?trackid=171&format=mp31&from=8CSIkMvwtD6jzKZ%2BPEaUMQ%3D%3D%7Cj5s5oI6ivq8l2vQOXyWixQ%3D%3D
08-22 16:51:10.103 D/mpv     ( 8531): [cplayer] v: Opening failed or was aborted: https://prod-1.storage.jamendo.com/?trackid=171&format=mp31&from=8CSIkMvwtD6jzKZ%2BPEaUMQ%3D%3D%7Cj5s5oI6ivq8l2vQOXyWixQ%3D%3D
08-22 16:51:10.104 I/MpvEvent( 8531): [PlaybackTrace][Native][eventLoop] event_id=7 error=0
08-22 16:51:10.104 E/MpvEvent( 8531): [PlaybackTrace][Native][eventLoop] MPV_EVENT_END_FILE reason=2 error=0
08-22 16:51:10.104 I/MpvEvent( 8531): [PlaybackTrace][Native][dispatch:event] name=endFile payload={"reason":2,"error":0}
08-22 16:51:10.104 I/MpvBridgeModule( 8531): [PlaybackTrace][Bridge][listener:event] name=endFile payload={"reason":2,"error":0}
08-22 16:51:10.106 I/MpvEvent( 8531): [PlaybackTrace][Native][eventLoop] event_id=6 error=0
08-22 16:51:10.106 I/MpvEvent( 8531): MPV_EVENT_START_FILE
08-22 16:51:10.107 I/MpvEvent( 8531): [PlaybackTrace][Native][eventLoop] event_id=2 error=0
08-22 16:51:10.107 I/MpvEvent( 8531): [PlaybackTrace][Native][eventLoop] event_id=2 error=0
08-22 16:51:10.107 I/MpvEvent( 8531): [PlaybackTrace][Native][eventLoop] event_id=2 error=0
08-22 16:51:10.107 I/MpvEvent( 8531): [PlaybackTrace][Native][eventLoop] event_id=2 error=0
08-22 16:51:10.107 I/MpvEvent( 8531): [PlaybackTrace][Native][eventLoop] event_id=2 error=0
08-22 16:51:10.107 I/MpvEvent( 8531): [PlaybackTrace][Native][eventLoop] event_id=2 error=0
08-22 16:51:10.107 I/MpvEvent( 8531): [PlaybackTrace][Native][eventLoop] event_id=2 error=0
08-22 16:51:10.107 D/mpv     ( 8531): [ffmpeg] v: Opening https://prod-1.storage.jamendo.com/?trackid=171&format=mp31&from=8CSIkMvwtD6jzKZ%2BPEaUMQ%3D%3D%7Cj5s5oI6ivq8l2vQOXyWixQ%3D%3D
08-22 16:51:10.187 I/MpvEvent( 8531): [PlaybackTrace][Native][eventLoop] event_id=2 error=0
08-22 16:51:10.254 I/MpvEvent( 8531): [PlaybackTrace][Native][eventLoop] event_id=2 error=0
08-22 16:51:10.369 I/MpvEvent( 8531): [PlaybackTrace][Native][eventLoop] event_id=2 error=0
08-22 16:51:10.638 I/ReactNativeJS( 8531): '[INFO]', '[PlaybackTrace][JS][loadFile:call]', { requestedPath: 'https://prod-1.storage.jamendo.com/?trackid=171&format=mp31&from=8CSIkMvwtD6jzKZ%2BPEaUMQ%3D%3D%7Cj5s5oI6ivq8l2vQOXyWixQ%3D%3D',
08-22 16:51:10.638 I/MpvBridgeModule( 8531): [PlaybackTrace][Bridge][loadFile] requested=https://prod-1.storage.jamendo.com/?trackid=171&format=mp31&from=8CSIkMvwtD6jzKZ%2BPEaUMQ%3D%3D%7Cj5s5oI6ivq8l2vQOXyWixQ%3D%3D resolved=https://prod-1.storage.jamendo.com/?trackid=171&format=mp31&from=8CSIkMvwtD6jzKZ%2BPEaUMQ%3D%3D%7Cj5s5oI6ivq8l2vQOXyWixQ%3D%3D ptr=131217388029824
08-22 16:51:10.638 I/MpvJNI  ( 8531): [PlaybackTrace][Native][loadFile] begin path=https://prod-1.storage.jamendo.com/?trackid=171&format=mp31&from=8CSIkMvwtD6jzKZ%2BPEaUMQ%3D%3D%7Cj5s5oI6ivq8l2vQOXyWixQ%3D%3D initialized=1
08-22 16:51:10.639 I/MpvJNI  ( 8531): [PlaybackTrace][Native][loadFile] loadfile command accepted result=0
08-22 16:51:10.639 I/MpvBridgeModule( 8531): [PlaybackTrace][Bridge][loadFile] nativeLoadFile returned
08-22 16:51:10.639 I/ReactNativeJS( 8531): '[INFO]', '[PlaybackTrace][JS][loadFile:return]', { resolvedPath: 'https://prod-1.storage.jamendo.com/?trackid=171&format=mp31&from=8CSIkMvwtD6jzKZ%2BPEaUMQ%3D%3D%7Cj5s5oI6ivq8l2vQOXyWixQ%3D%3D' }
08-22 16:51:10.642 I/MpvEvent( 8531): [PlaybackTrace][Native][eventLoop] event_id=2 error=0
08-22 16:51:10.653 I/ReactNativeJS( 8531): '[INFO]', '[PlaybackTrace][JS][loadFile:call]', { requestedPath: 'https://prod-1.storage.jamendo.com/?trackid=171&format=mp31&from=8CSIkMvwtD6jzKZ%2BPEaUMQ%3D%3D%7Cj5s5oI6ivq8l2vQOXyWixQ%3D%3D',
08-22 16:51:10.654 I/ReactNativeJS( 8531): '[INFO]', '[PlaybackTrace][JS][loadFile:return]', { resolvedPath: 'https://prod-1.storage.jamendo.com/?trackid=171&format=mp31&from=8CSIkMvwtD6jzKZ%2BPEaUMQ%3D%3D%7Cj5s5oI6ivq8l2vQOXyWixQ%3D%3D' }
08-22 16:51:10.654 I/MpvBridgeModule( 8531): [PlaybackTrace][Bridge][loadFile] requested=https://prod-1.storage.jamendo.com/?trackid=171&format=mp31&from=8CSIkMvwtD6jzKZ%2BPEaUMQ%3D%3D%7Cj5s5oI6ivq8l2vQOXyWixQ%3D%3D resolved=https://prod-1.storage.jamendo.com/?trackid=171&format=mp31&from=8CSIkMvwtD6jzKZ%2BPEaUMQ%3D%3D%7Cj5s5oI6ivq8l2vQOXyWixQ%3D%3D ptr=131217388029824
08-22 16:51:10.654 I/MpvJNI  ( 8531): [PlaybackTrace][Native][loadFile] begin path=https://prod-1.storage.jamendo.com/?trackid=171&format=mp31&from=8CSIkMvwtD6jzKZ%2BPEaUMQ%3D%3D%7Cj5s5oI6ivq8l2vQOXyWixQ%3D%3D initialized=1
08-22 16:51:10.654 I/MpvJNI  ( 8531): [PlaybackTrace][Native][loadFile] loadfile command accepted result=0
08-22 16:51:10.654 I/MpvBridgeModule( 8531): [PlaybackTrace][Bridge][loadFile] nativeLoadFile returned
08-22 16:51:10.657 I/MpvEvent( 8531): [PlaybackTrace][Native][eventLoop] event_id=2 error=0
08-22 16:51:10.696 I/MpvEvent( 8531): [PlaybackTrace][Native][eventLoop] event_id=2 error=0
08-22 16:51:10.697 I/MpvEvent( 8531): [PlaybackTrace][Native][mpv-log] prefix=ffmpeg level=error text=tls: mbedtls_ssl_handshake returned -0x7280
08-22 16:51:10.697 D/mpv     ( 8531): [ffmpeg] error: tls: mbedtls_ssl_handshake returned -0x7280
08-22 16:51:10.697 E/MpvEvent( 8531): [PlaybackTrace][Native][dispatch:error] code=-1 message=tls: mbedtls_ssl_handshake returned -0x7280
08-22 16:51:10.699 E/MpvBridgeModule( 8531): [PlaybackTrace][Bridge][listener:error] code=-1 message=tls: mbedtls_ssl_handshake returned -0x7280
08-22 16:51:10.700 I/MpvEvent( 8531): [PlaybackTrace][Native][eventLoop] event_id=7 error=0
08-22 16:51:10.700 E/MpvEvent( 8531): [PlaybackTrace][Native][eventLoop] MPV_EVENT_END_FILE reason=2 error=0
08-22 16:51:10.700 I/MpvEvent( 8531): [PlaybackTrace][Native][dispatch:event] name=endFile payload={"reason":2,"error":0}
08-22 16:51:10.700 I/MpvBridgeModule( 8531): [PlaybackTrace][Bridge][listener:event] name=endFile payload={"reason":2,"error":0}
08-22 16:51:10.701 I/MpvEvent( 8531): [PlaybackTrace][Native][eventLoop] event_id=6 error=0
08-22 16:51:10.701 I/MpvEvent( 8531): MPV_EVENT_START_FILE
08-22 16:51:10.702 I/MpvEvent( 8531): [PlaybackTrace][Native][eventLoop] event_id=2 error=0
08-22 16:51:10.702 I/MpvEvent( 8531): [PlaybackTrace][Native][mpv-log] prefix=cplayer level=v text=Opening failed or was aborted: https://prod-1.storage.jamendo.com/?trackid=171&format=mp31&from=8CSIkMvwtD6jzKZ%2BPEaUMQ%3D%3D%7Cj5s5oI6ivq8l2vQOXyWixQ%3D%3D
08-22 16:51:10.702 D/mpv     ( 8531): [cplayer] v: Opening failed or was aborted: https://prod-1.storage.jamendo.com/?trackid=171&format=mp31&from=8CSIkMvwtD6jzKZ%2BPEaUMQ%3D%3D%7Cj5s5oI6ivq8l2vQOXyWixQ%3D%3D
08-22 16:51:10.702 I/MpvEvent( 8531): [PlaybackTrace][Native][eventLoop] event_id=2 error=0
08-22 16:51:10.702 I/MpvEvent( 8531): [PlaybackTrace][Native][eventLoop] event_id=2 error=0
08-22 16:51:10.702 I/MpvEvent( 8531): [PlaybackTrace][Native][eventLoop] event_id=2 error=0
08-22 16:51:10.703 I/MpvEvent( 8531): [PlaybackTrace][Native][eventLoop] event_id=2 error=0
08-22 16:51:10.703 I/MpvEvent( 8531): [PlaybackTrace][Native][eventLoop] event_id=2 error=0
08-22 16:51:10.703 I/MpvEvent( 8531): [PlaybackTrace][Native][eventLoop] event_id=2 error=0
08-22 16:51:10.703 I/MpvEvent( 8531): [PlaybackTrace][Native][eventLoop] event_id=2 error=0
08-22 16:51:10.703 D/mpv     ( 8531): [ffmpeg] v: Opening https://prod-1.storage.jamendo.com/?trackid=171&format=mp31&from=8CSIkMvwtD6jzKZ%2BPEaUMQ%3D%3D%7Cj5s5oI6ivq8l2vQOXyWixQ%3D%3D
08-22 16:51:10.821 I/ReactNativeJS( 8531): '[INFO]', '[PlaybackTrace][JS][loadFile:call]', { requestedPath: 'https://prod-1.storage.jamendo.com/?trackid=171&format=mp31&from=8CSIkMvwtD6jzKZ%2BPEaUMQ%3D%3D%7Cj5s5oI6ivq8l2vQOXyWixQ%3D%3D',
08-22 16:51:10.821 I/MpvBridgeModule( 8531): [PlaybackTrace][Bridge][loadFile] requested=https://prod-1.storage.jamendo.com/?trackid=171&format=mp31&from=8CSIkMvwtD6jzKZ%2BPEaUMQ%3D%3D%7Cj5s5oI6ivq8l2vQOXyWixQ%3D%3D resolved=https://prod-1.storage.jamendo.com/?trackid=171&format=mp31&from=8CSIkMvwtD6jzKZ%2BPEaUMQ%3D%3D%7Cj5s5oI6ivq8l2vQOXyWixQ%3D%3D ptr=131217388029824
08-22 16:51:10.821 I/MpvJNI  ( 8531): [PlaybackTrace][Native][loadFile] begin path=https://prod-1.storage.jamendo.com/?trackid=171&format=mp31&from=8CSIkMvwtD6jzKZ%2BPEaUMQ%3D%3D%7Cj5s5oI6ivq8l2vQOXyWixQ%3D%3D initialized=1
08-22 16:51:10.821 I/MpvJNI  ( 8531): [PlaybackTrace][Native][loadFile] loadfile command accepted result=0
08-22 16:51:10.821 I/MpvBridgeModule( 8531): [PlaybackTrace][Bridge][loadFile] nativeLoadFile returned
08-22 16:51:10.822 I/ReactNativeJS( 8531): '[INFO]', '[PlaybackTrace][JS][loadFile:return]', { resolvedPath: 'https://prod-1.storage.jamendo.com/?trackid=171&format=mp31&from=8CSIkMvwtD6jzKZ%2BPEaUMQ%3D%3D%7Cj5s5oI6ivq8l2vQOXyWixQ%3D%3D' }
08-22 16:51:10.823 I/MpvEvent( 8531): [PlaybackTrace][Native][eventLoop] event_id=2 error=0
08-22 16:51:10.910 I/MpvEvent( 8531): [PlaybackTrace][Native][eventLoop] event_id=2 error=0
08-22 16:51:10.910 I/MpvEvent( 8531): [PlaybackTrace][Native][mpv-log] prefix=cplayer level=v text=Opening failed or was aborted: https://prod-1.storage.jamendo.com/?trackid=171&format=mp31&from=8CSIkMvwtD6jzKZ%2BPEaUMQ%3D%3D%7Cj5s5oI6ivq8l2vQOXyWixQ%3D%3D
08-22 16:51:10.910 D/mpv     ( 8531): [cplayer] v: Opening failed or was aborted: https://prod-1.storage.jamendo.com/?trackid=171&format=mp31&from=8CSIkMvwtD6jzKZ%2BPEaUMQ%3D%3D%7Cj5s5oI6ivq8l2vQOXyWixQ%3D%3D
08-22 16:51:10.910 I/MpvEvent( 8531): [PlaybackTrace][Native][eventLoop] event_id=7 error=0
08-22 16:51:10.910 E/MpvEvent( 8531): [PlaybackTrace][Native][eventLoop] MPV_EVENT_END_FILE reason=2 error=0
08-22 16:51:10.910 I/MpvEvent( 8531): [PlaybackTrace][Native][dispatch:event] name=endFile payload={"reason":2,"error":0}
08-22 16:51:10.911 I/MpvBridgeModule( 8531): [PlaybackTrace][Bridge][listener:event] name=endFile payload={"reason":2,"error":0}
08-22 16:51:10.912 I/MpvEvent( 8531): [PlaybackTrace][Native][eventLoop] event_id=6 error=0
08-22 16:51:10.912 I/MpvEvent( 8531): MPV_EVENT_START_FILE
08-22 16:51:10.913 I/MpvEvent( 8531): [PlaybackTrace][Native][eventLoop] event_id=2 error=0
08-22 16:51:10.914 I/MpvEvent( 8531): [PlaybackTrace][Native][eventLoop] event_id=2 error=0
08-22 16:51:10.914 I/MpvEvent( 8531): [PlaybackTrace][Native][eventLoop] event_id=2 error=0
08-22 16:51:10.914 I/MpvEvent( 8531): [PlaybackTrace][Native][eventLoop] event_id=2 error=0
08-22 16:51:10.914 I/MpvEvent( 8531): [PlaybackTrace][Native][eventLoop] event_id=2 error=0
08-22 16:51:10.914 I/MpvEvent( 8531): [PlaybackTrace][Native][eventLoop] event_id=2 error=0
08-22 16:51:10.914 I/MpvEvent( 8531): [PlaybackTrace][Native][eventLoop] event_id=2 error=0
08-22 16:51:10.914 D/mpv     ( 8531): [ffmpeg] v: Opening https://prod-1.storage.jamendo.com/?trackid=171&format=mp31&from=8CSIkMvwtD6jzKZ%2BPEaUMQ%3D%3D%7Cj5s5oI6ivq8l2vQOXyWixQ%3D%3D
08-22 16:51:10.922 I/MpvEvent( 8531): [PlaybackTrace][Native][eventLoop] event_id=2 error=0
08-22 16:51:10.935 I/MpvEvent( 8531): [PlaybackTrace][Native][eventLoop] event_id=2 error=0
08-22 16:51:11.103 I/MpvEvent( 8531): [PlaybackTrace][Native][eventLoop] event_id=2 error=0
08-22 16:51:11.202 I/ReactNativeJS( 8531): '[INFO]', '[PlaybackTrace][JS][loadFile:call]', { requestedPath: 'https://prod-1.storage.jamendo.com/?trackid=171&format=mp31&from=8CSIkMvwtD6jzKZ%2BPEaUMQ%3D%3D%7Cj5s5oI6ivq8l2vQOXyWixQ%3D%3D',
08-22 16:51:11.203 I/MpvBridgeModule( 8531): [PlaybackTrace][Bridge][loadFile] requested=https://prod-1.storage.jamendo.com/?trackid=171&format=mp31&from=8CSIkMvwtD6jzKZ%2BPEaUMQ%3D%3D%7Cj5s5oI6ivq8l2vQOXyWixQ%3D%3D resolved=https://prod-1.storage.jamendo.com/?trackid=171&format=mp31&from=8CSIkMvwtD6jzKZ%2BPEaUMQ%3D%3D%7Cj5s5oI6ivq8l2vQOXyWixQ%3D%3D ptr=131217388029824
08-22 16:51:11.203 I/MpvJNI  ( 8531): [PlaybackTrace][Native][loadFile] begin path=https://prod-1.storage.jamendo.com/?trackid=171&format=mp31&from=8CSIkMvwtD6jzKZ%2BPEaUMQ%3D%3D%7Cj5s5oI6ivq8l2vQOXyWixQ%3D%3D initialized=1
08-22 16:51:11.203 I/MpvJNI  ( 8531): [PlaybackTrace][Native][loadFile] loadfile command accepted result=0
08-22 16:51:11.203 I/MpvBridgeModule( 8531): [PlaybackTrace][Bridge][loadFile] nativeLoadFile returned
08-22 16:51:11.203 I/ReactNativeJS( 8531): '[INFO]', '[PlaybackTrace][JS][loadFile:return]', { resolvedPath: 'https://prod-1.storage.jamendo.com/?trackid=171&format=mp31&from=8CSIkMvwtD6jzKZ%2BPEaUMQ%3D%3D%7Cj5s5oI6ivq8l2vQOXyWixQ%3D%3D' }
08-22 16:51:11.206 I/MpvEvent( 8531): [PlaybackTrace][Native][eventLoop] event_id=2 error=0
08-22 16:51:11.221 I/MpvEvent( 8531): [PlaybackTrace][Native][eventLoop] event_id=2 error=0
08-22 16:51:11.221 I/MpvEvent( 8531): [PlaybackTrace][Native][mpv-log] prefix=cplayer level=v text=Opening failed or was aborted: https://prod-1.storage.jamendo.com/?trackid=171&format=mp31&from=8CSIkMvwtD6jzKZ%2BPEaUMQ%3D%3D%7Cj5s5oI6ivq8l2vQOXyWixQ%3D%3D
08-22 16:51:11.221 D/mpv     ( 8531): [cplayer] v: Opening failed or was aborted: https://prod-1.storage.jamendo.com/?trackid=171&format=mp31&from=8CSIkMvwtD6jzKZ%2BPEaUMQ%3D%3D%7Cj5s5oI6ivq8l2vQOXyWixQ%3D%3D
08-22 16:51:11.221 I/MpvEvent( 8531): [PlaybackTrace][Native][eventLoop] event_id=7 error=0
08-22 16:51:11.222 E/MpvEvent( 8531): [PlaybackTrace][Native][eventLoop] MPV_EVENT_END_FILE reason=2 error=0
08-22 16:51:11.222 I/MpvEvent( 8531): [PlaybackTrace][Native][dispatch:event] name=endFile payload={"reason":2,"error":0}
08-22 16:51:11.223 I/MpvBridgeModule( 8531): [PlaybackTrace][Bridge][listener:event] name=endFile payload={"reason":2,"error":0}
08-22 16:51:11.224 I/MpvEvent( 8531): [PlaybackTrace][Native][eventLoop] event_id=6 error=0
08-22 16:51:11.224 I/MpvEvent( 8531): MPV_EVENT_START_FILE
08-22 16:51:11.225 I/MpvEvent( 8531): [PlaybackTrace][Native][eventLoop] event_id=2 error=0
08-22 16:51:11.225 I/MpvEvent( 8531): [PlaybackTrace][Native][eventLoop] event_id=2 error=0
08-22 16:51:11.225 I/MpvEvent( 8531): [PlaybackTrace][Native][eventLoop] event_id=2 error=0
08-22 16:51:11.225 I/MpvEvent( 8531): [PlaybackTrace][Native][eventLoop] event_id=2 error=0
08-22 16:51:11.225 I/MpvEvent( 8531): [PlaybackTrace][Native][eventLoop] event_id=2 error=0
08-22 16:51:11.226 I/MpvEvent( 8531): [PlaybackTrace][Native][eventLoop] event_id=2 error=0
08-22 16:51:11.226 I/MpvEvent( 8531): [PlaybackTrace][Native][eventLoop] event_id=2 error=0
08-22 16:51:11.226 D/mpv     ( 8531): [ffmpeg] v: Opening https://prod-1.storage.jamendo.com/?trackid=171&format=mp31&from=8CSIkMvwtD6jzKZ%2BPEaUMQ%3D%3D%7Cj5s5oI6ivq8l2vQOXyWixQ%3D%3D
08-22 16:51:11.488 I/MpvEvent( 8531): [PlaybackTrace][Native][eventLoop] event_id=2 error=0
08-22 16:51:11.505 I/ReactNativeJS( 8531): '[INFO]', '[PlaybackTrace][JS][loadFile:call]', { requestedPath: 'https://prod-1.storage.jamendo.com/?trackid=171&format=mp31&from=8CSIkMvwtD6jzKZ%2BPEaUMQ%3D%3D%7Cj5s5oI6ivq8l2vQOXyWixQ%3D%3D',
08-22 16:51:11.505 I/MpvBridgeModule( 8531): [PlaybackTrace][Bridge][loadFile] requested=https://prod-1.storage.jamendo.com/?trackid=171&format=mp31&from=8CSIkMvwtD6jzKZ%2BPEaUMQ%3D%3D%7Cj5s5oI6ivq8l2vQOXyWixQ%3D%3D resolved=https://prod-1.storage.jamendo.com/?trackid=171&format=mp31&from=8CSIkMvwtD6jzKZ%2BPEaUMQ%3D%3D%7Cj5s5oI6ivq8l2vQOXyWixQ%3D%3D ptr=131217388029824
08-22 16:51:11.505 I/MpvJNI  ( 8531): [PlaybackTrace][Native][loadFile] begin path=https://prod-1.storage.jamendo.com/?trackid=171&format=mp31&from=8CSIkMvwtD6jzKZ%2BPEaUMQ%3D%3D%7Cj5s5oI6ivq8l2vQOXyWixQ%3D%3D initialized=1
08-22 16:51:11.505 I/MpvJNI  ( 8531): [PlaybackTrace][Native][loadFile] loadfile command accepted result=0
08-22 16:51:11.505 I/MpvBridgeModule( 8531): [PlaybackTrace][Bridge][loadFile] nativeLoadFile returned
08-22 16:51:11.506 I/ReactNativeJS( 8531): '[INFO]', '[PlaybackTrace][JS][loadFile:return]', { resolvedPath: 'https://prod-1.storage.jamendo.com/?trackid=171&format=mp31&from=8CSIkMvwtD6jzKZ%2BPEaUMQ%3D%3D%7Cj5s5oI6ivq8l2vQOXyWixQ%3D%3D' }
08-22 16:51:11.508 I/MpvEvent( 8531): [PlaybackTrace][Native][eventLoop] event_id=2 error=0
08-22 16:51:11.602 I/MpvEvent( 8531): [PlaybackTrace][Native][eventLoop] event_id=2 error=0
08-22 16:51:11.603 I/MpvEvent( 8531): [PlaybackTrace][Native][mpv-log] prefix=ffmpeg level=error text=tls: mbedtls_ssl_handshake returned -0x7280
08-22 16:51:11.603 D/mpv     ( 8531): [ffmpeg] error: tls: mbedtls_ssl_handshake returned -0x7280
08-22 16:51:11.603 E/MpvEvent( 8531): [PlaybackTrace][Native][dispatch:error] code=-1 message=tls: mbedtls_ssl_handshake returned -0x7280
08-22 16:51:11.603 E/MpvBridgeModule( 8531): [PlaybackTrace][Bridge][listener:error] code=-1 message=tls: mbedtls_ssl_handshake returned -0x7280
08-22 16:51:11.604 I/MpvEvent( 8531): [PlaybackTrace][Native][eventLoop] event_id=7 error=0
08-22 16:51:11.604 E/MpvEvent( 8531): [PlaybackTrace][Native][eventLoop] MPV_EVENT_END_FILE reason=2 error=0
08-22 16:51:11.604 I/MpvEvent( 8531): [PlaybackTrace][Native][dispatch:event] name=endFile payload={"reason":2,"error":0}
08-22 16:51:11.604 I/MpvBridgeModule( 8531): [PlaybackTrace][Bridge][listener:event] name=endFile payload={"reason":2,"error":0}
08-22 16:51:11.606 I/MpvEvent( 8531): [PlaybackTrace][Native][eventLoop] event_id=6 error=0
08-22 16:51:11.607 I/MpvEvent( 8531): MPV_EVENT_START_FILE
08-22 16:51:11.607 I/MpvEvent( 8531): [PlaybackTrace][Native][eventLoop] event_id=2 error=0
08-22 16:51:11.607 I/MpvEvent( 8531): [PlaybackTrace][Native][mpv-log] prefix=cplayer level=v text=Opening failed or was aborted: https://prod-1.storage.jamendo.com/?trackid=171&format=mp31&from=8CSIkMvwtD6jzKZ%2BPEaUMQ%3D%3D%7Cj5s5oI6ivq8l2vQOXyWixQ%3D%3D
08-22 16:51:11.607 D/mpv     ( 8531): [cplayer] v: Opening failed or was aborted: https://prod-1.storage.jamendo.com/?trackid=171&format=mp31&from=8CSIkMvwtD6jzKZ%2BPEaUMQ%3D%3D%7Cj5s5oI6ivq8l2vQOXyWixQ%3D%3D
08-22 16:51:11.607 I/MpvEvent( 8531): [PlaybackTrace][Native][eventLoop] event_id=2 error=0
08-22 16:51:11.607 I/MpvEvent( 8531): [PlaybackTrace][Native][eventLoop] event_id=2 error=0
08-22 16:51:11.608 I/MpvEvent( 8531): [PlaybackTrace][Native][eventLoop] event_id=2 error=0
08-22 16:51:11.608 I/MpvEvent( 8531): [PlaybackTrace][Native][eventLoop] event_id=2 error=0
08-22 16:51:11.608 I/MpvEvent( 8531): [PlaybackTrace][Native][eventLoop] event_id=2 error=0
08-22 16:51:11.608 I/MpvEvent( 8531): [PlaybackTrace][Native][eventLoop] event_id=2 error=0
08-22 16:51:11.608 I/MpvEvent( 8531): [PlaybackTrace][Native][eventLoop] event_id=2 error=0
08-22 16:51:11.608 D/mpv     ( 8531): [ffmpeg] v: Opening https://prod-1.storage.jamendo.com/?trackid=171&format=mp31&from=8CSIkMvwtD6jzKZ%2BPEaUMQ%3D%3D%7Cj5s5oI6ivq8l2vQOXyWixQ%3D%3D
08-22 16:51:11.788 I/MpvEvent( 8531): [PlaybackTrace][Native][eventLoop] event_id=2 error=0
08-22 16:51:12.056 I/MpvEvent( 8531): [PlaybackTrace][Native][eventLoop] event_id=2 error=0
08-22 16:51:12.056 I/MpvEvent( 8531): [PlaybackTrace][Native][mpv-log] prefix=ffmpeg level=error text=tls: mbedtls_ssl_handshake returned -0x6600
08-22 16:51:12.056 D/mpv     ( 8531): [ffmpeg] error: tls: mbedtls_ssl_handshake returned -0x6600
08-22 16:51:12.056 E/MpvEvent( 8531): [PlaybackTrace][Native][dispatch:error] code=-1 message=tls: mbedtls_ssl_handshake returned -0x6600
08-22 16:51:12.057 E/MpvBridgeModule( 8531): [PlaybackTrace][Bridge][listener:error] code=-1 message=tls: mbedtls_ssl_handshake returned -0x6600
08-22 16:51:12.058 I/MpvEvent( 8531): [PlaybackTrace][Native][eventLoop] event_id=2 error=0
08-22 16:51:12.058 I/MpvEvent( 8531): [PlaybackTrace][Native][mpv-log] prefix=stream level=error text=Failed to open https://prod-1.storage.jamendo.com/?trackid=171&format=mp31&from=8CSIkMvwtD6jzKZ%2BPEaUMQ%3D%3D%7Cj5s5oI6ivq8l2vQOXyWixQ%3D%3D.
08-22 16:51:12.058 E/MpvEvent( 8531): [PlaybackTrace][Native][dispatch:error] code=-1 message=Failed to open https://prod-1.storage.jamendo.com/?trackid=171&format=mp31&from=8CSIkMvwtD6jzKZ%2BPEaUMQ%3D%3D%7Cj5s5oI6ivq8l2vQOXyWixQ%3D%3D.
08-22 16:51:12.059 E/MpvBridgeModule( 8531): [PlaybackTrace][Bridge][listener:error] code=-1 message=Failed to open https://prod-1.storage.jamendo.com/?trackid=171&format=mp31&from=8CSIkMvwtD6jzKZ%2BPEaUMQ%3D%3D%7Cj5s5oI6ivq8l2vQOXyWixQ%3D%3D.
08-22 16:51:12.059 I/MpvEvent( 8531): [PlaybackTrace][Native][eventLoop] event_id=2 error=0
08-22 16:51:12.059 I/MpvEvent( 8531): [PlaybackTrace][Native][mpv-log] prefix=cplayer level=v text=Opening failed or was aborted: https://prod-1.storage.jamendo.com/?trackid=171&format=mp31&from=8CSIkMvwtD6jzKZ%2BPEaUMQ%3D%3D%7Cj5s5oI6ivq8l2vQOXyWixQ%3D%3D
08-22 16:51:12.059 D/mpv     ( 8531): [cplayer] v: Opening failed or was aborted: https://prod-1.storage.jamendo.com/?trackid=171&format=mp31&from=8CSIkMvwtD6jzKZ%2BPEaUMQ%3D%3D%7Cj5s5oI6ivq8l2vQOXyWixQ%3D%3D
08-22 16:51:12.059 I/MpvEvent( 8531): [PlaybackTrace][Native][eventLoop] event_id=2 error=0
08-22 16:51:12.059 I/MpvEvent( 8531): [PlaybackTrace][Native][eventLoop] event_id=2 error=0
08-22 16:51:12.120 I/MpvEvent( 8531): [PlaybackTrace][Native][eventLoop] event_id=2 error=0
08-22 16:51:12.120 I/MpvEvent( 8531): [PlaybackTrace][Native][mpv-log] prefix=ytdl_hook level=error text=Subprocess failed: init
08-22 16:51:12.120 E/MpvEvent( 8531): [PlaybackTrace][Native][dispatch:error] code=-1 message=Subprocess failed: init
08-22 16:51:12.121 E/MpvBridgeModule( 8531): [PlaybackTrace][Bridge][listener:error] code=-1 message=Subprocess failed: init
08-22 16:51:12.122 I/MpvEvent( 8531): [PlaybackTrace][Native][eventLoop] event_id=7 error=0
08-22 16:51:12.122 E/MpvEvent( 8531): [PlaybackTrace][Native][eventLoop] MPV_EVENT_END_FILE reason=4 error=-13
08-22 16:51:12.122 I/MpvEvent( 8531): [PlaybackTrace][Native][dispatch:event] name=endFile payload={"reason":4,"error":-13}
08-22 16:51:12.122 I/MpvBridgeModule( 8531): [PlaybackTrace][Bridge][listener:event] name=endFile payload={"reason":4,"error":-13}
08-22 16:51:12.124 I/MpvEvent( 8531): [PlaybackTrace][Native][eventLoop] event_id=11 error=0
08-22 16:51:12.124 I/MpvEvent( 8531): [PlaybackTrace][Native][eventLoop] event_id=2 error=0
08-22 16:51:12.124 I/MpvEvent( 8531): [PlaybackTrace][Native][mpv-log] prefix=cplayer level=v text=Set property: user-data/mpv/ytdl/json-subprocess-result={"killed_by_us":false,"error_string":"init","status":-3,"stderr":"","stdout":""} -> 1
08-22 16:51:12.124 D/mpv     ( 8531): [cplayer] v: Set property: user-data/mpv/ytdl/json-subprocess-result={"killed_by_us":false,"error_string":"init","status":-3,"stderr":"","stdout":""} -> 1
08-22 16:51:12.124 I/MpvEvent( 8531): [PlaybackTrace][Native][eventLoop] event_id=2 error=0
08-22 16:51:12.124 I/MpvEvent( 8531): [PlaybackTrace][Native][eventLoop] event_id=2 error=0
08-22 16:51:12.124 I/MpvEvent( 8531): [PlaybackTrace][Native][eventLoop] event_id=2 error=0
08-22 16:51:12.124 I/MpvEvent( 8531): [PlaybackTrace][Native][eventLoop] event_id=2 error=0
08-22 16:51:12.124 I/MpvEvent( 8531): [PlaybackTrace][Native][eventLoop] event_id=2 error=0
08-22 16:51:12.124 I/MpvEvent( 8531): [PlaybackTrace][Native][mpv-log] prefix=ytdl_hook level=error text=
08-22 16:51:12.124 E/MpvEvent( 8531): [PlaybackTrace][Native][dispatch:error] code=-1 message=
08-22 16:51:12.124 E/MpvBridgeModule( 8531): [PlaybackTrace][Bridge][listener:error] code=-1 message=
08-22 16:51:12.125 I/MpvEvent( 8531): [PlaybackTrace][Native][eventLoop] event_id=2 error=0
08-22 16:51:12.125 I/MpvEvent( 8531): [PlaybackTrace][Native][mpv-log] prefix=ytdl_hook level=error text=youtube-dl failed: not found or not enough permissions
08-22 16:51:12.125 E/MpvEvent( 8531): [PlaybackTrace][Native][dispatch:error] code=-1 message=youtube-dl failed: not found or not enough permissions
08-22 16:51:12.125 E/MpvBridgeModule( 8531): [PlaybackTrace][Bridge][listener:error] code=-1 message=youtube-dl failed: not found or not enough permissions
08-22 16:51:12.125 I/MpvEvent( 8531): [PlaybackTrace][Native][eventLoop] event_id=2 error=0
08-22 16:51:12.126 I/MpvEvent( 8531): [PlaybackTrace][Native][mpv-log] prefix=cplayer level=v text=finished playback, loading failed (reason 4)
08-22 16:51:12.126 D/mpv     ( 8531): [cplayer] v: finished playback, loading failed (reason 4)
08-22 16:51:12.126 I/MpvEvent( 8531): [PlaybackTrace][Native][eventLoop] event_id=2 error=0
08-22 16:51:12.213 I/ReactNativeJS( 8531): '[INFO]', '[PlaybackTrace][JS][loadFile:call]', { requestedPath: 'https://prod-1.storage.jamendo.com/?trackid=171&format=mp31&from=8CSIkMvwtD6jzKZ%2BPEaUMQ%3D%3D%7Cj5s5oI6ivq8l2vQOXyWixQ%3D%3D',
08-22 16:51:12.214 I/MpvBridgeModule( 8531): [PlaybackTrace][Bridge][loadFile] requested=https://prod-1.storage.jamendo.com/?trackid=171&format=mp31&from=8CSIkMvwtD6jzKZ%2BPEaUMQ%3D%3D%7Cj5s5oI6ivq8l2vQOXyWixQ%3D%3D resolved=https://prod-1.storage.jamendo.com/?trackid=171&format=mp31&from=8CSIkMvwtD6jzKZ%2BPEaUMQ%3D%3D%7Cj5s5oI6ivq8l2vQOXyWixQ%3D%3D ptr=131217388029824
08-22 16:51:12.214 I/MpvJNI  ( 8531): [PlaybackTrace][Native][loadFile] begin path=https://prod-1.storage.jamendo.com/?trackid=171&format=mp31&from=8CSIkMvwtD6jzKZ%2BPEaUMQ%3D%3D%7Cj5s5oI6ivq8l2vQOXyWixQ%3D%3D initialized=1
08-22 16:51:12.214 I/MpvJNI  ( 8531): [PlaybackTrace][Native][loadFile] loadfile command accepted result=0
08-22 16:51:12.214 I/MpvBridgeModule( 8531): [PlaybackTrace][Bridge][loadFile] nativeLoadFile returned
08-22 16:51:12.214 I/ReactNativeJS( 8531): '[INFO]', '[PlaybackTrace][JS][loadFile:return]', { resolvedPath: 'https://prod-1.storage.jamendo.com/?trackid=171&format=mp31&from=8CSIkMvwtD6jzKZ%2BPEaUMQ%3D%3D%7Cj5s5oI6ivq8l2vQOXyWixQ%3D%3D' }
08-22 16:51:12.216 I/MpvEvent( 8531): [PlaybackTrace][Native][eventLoop] event_id=6 error=0
08-22 16:51:12.216 I/MpvEvent( 8531): MPV_EVENT_START_FILE
08-22 16:51:12.218 I/MpvEvent( 8531): [PlaybackTrace][Native][eventLoop] event_id=2 error=0
08-22 16:51:12.218 I/MpvEvent( 8531): [PlaybackTrace][Native][eventLoop] event_id=2 error=0
08-22 16:51:12.218 I/MpvEvent( 8531): [PlaybackTrace][Native][eventLoop] event_id=2 error=0
08-22 16:51:12.218 I/MpvEvent( 8531): [PlaybackTrace][Native][eventLoop] event_id=2 error=0
08-22 16:51:12.218 I/MpvEvent( 8531): [PlaybackTrace][Native][eventLoop] event_id=2 error=0
08-22 16:51:12.218 D/mpv     ( 8531): [ffmpeg] v: Opening https://prod-1.storage.jamendo.com/?trackid=171&format=mp31&from=8CSIkMvwtD6jzKZ%2BPEaUMQ%3D%3D%7Cj5s5oI6ivq8l2vQOXyWixQ%3D%3D
08-22 16:51:12.218 I/MpvEvent( 8531): [PlaybackTrace][Native][eventLoop] event_id=2 error=0
08-22 16:51:12.287 I/ReactNativeJS( 8531): '[INFO]', '[PlaybackTrace][JS][loadFile:call]', { requestedPath: 'https://prod-1.storage.jamendo.com/?trackid=171&format=mp31&from=8CSIkMvwtD6jzKZ%2BPEaUMQ%3D%3D%7Cj5s5oI6ivq8l2vQOXyWixQ%3D%3D',
08-22 16:51:12.288 I/MpvBridgeModule( 8531): [PlaybackTrace][Bridge][loadFile] requested=https://prod-1.storage.jamendo.com/?trackid=171&format=mp31&from=8CSIkMvwtD6jzKZ%2BPEaUMQ%3D%3D%7Cj5s5oI6ivq8l2vQOXyWixQ%3D%3D resolved=https://prod-1.storage.jamendo.com/?trackid=171&format=mp31&from=8CSIkMvwtD6jzKZ%2BPEaUMQ%3D%3D%7Cj5s5oI6ivq8l2vQOXyWixQ%3D%3D ptr=131217388029824
08-22 16:51:12.288 I/MpvJNI  ( 8531): [PlaybackTrace][Native][loadFile] begin path=https://prod-1.storage.jamendo.com/?trackid=171&format=mp31&from=8CSIkMvwtD6jzKZ%2BPEaUMQ%3D%3D%7Cj5s5oI6ivq8l2vQOXyWixQ%3D%3D initialized=1
08-22 16:51:12.288 I/MpvJNI  ( 8531): [PlaybackTrace][Native][loadFile] loadfile command accepted result=0
08-22 16:51:12.288 I/MpvBridgeModule( 8531): [PlaybackTrace][Bridge][loadFile] nativeLoadFile returned
08-22 16:51:12.289 I/ReactNativeJS( 8531): '[INFO]', '[PlaybackTrace][JS][loadFile:return]', { resolvedPath: 'https://prod-1.storage.jamendo.com/?trackid=171&format=mp31&from=8CSIkMvwtD6jzKZ%2BPEaUMQ%3D%3D%7Cj5s5oI6ivq8l2vQOXyWixQ%3D%3D' }
08-22 16:51:12.291 I/MpvEvent( 8531): [PlaybackTrace][Native][eventLoop] event_id=2 error=0
08-22 16:51:12.324 I/MpvEvent( 8531): [PlaybackTrace][Native][eventLoop] event_id=2 error=0
08-22 16:51:12.324 I/MpvEvent( 8531): [PlaybackTrace][Native][mpv-log] prefix=cplayer level=v text=Opening failed or was aborted: https://prod-1.storage.jamendo.com/?trackid=171&format=mp31&from=8CSIkMvwtD6jzKZ%2BPEaUMQ%3D%3D%7Cj5s5oI6ivq8l2vQOXyWixQ%3D%3D
08-22 16:51:12.324 D/mpv     ( 8531): [cplayer] v: Opening failed or was aborted: https://prod-1.storage.jamendo.com/?trackid=171&format=mp31&from=8CSIkMvwtD6jzKZ%2BPEaUMQ%3D%3D%7Cj5s5oI6ivq8l2vQOXyWixQ%3D%3D
08-22 16:51:12.324 I/MpvEvent( 8531): [PlaybackTrace][Native][eventLoop] event_id=7 error=0
08-22 16:51:12.324 E/MpvEvent( 8531): [PlaybackTrace][Native][eventLoop] MPV_EVENT_END_FILE reason=2 error=0
08-22 16:51:12.324 I/MpvEvent( 8531): [PlaybackTrace][Native][dispatch:event] name=endFile payload={"reason":2,"error":0}
08-22 16:51:12.325 I/MpvBridgeModule( 8531): [PlaybackTrace][Bridge][listener:event] name=endFile payload={"reason":2,"error":0}
08-22 16:51:12.326 I/MpvEvent( 8531): [PlaybackTrace][Native][eventLoop] event_id=6 error=0
08-22 16:51:12.326 I/MpvEvent( 8531): MPV_EVENT_START_FILE
08-22 16:51:12.328 I/MpvEvent( 8531): [PlaybackTrace][Native][eventLoop] event_id=2 error=0
08-22 16:51:12.328 I/MpvEvent( 8531): [PlaybackTrace][Native][eventLoop] event_id=2 error=0
08-22 16:51:12.328 I/MpvEvent( 8531): [PlaybackTrace][Native][eventLoop] event_id=2 error=0
08-22 16:51:12.328 I/MpvEvent( 8531): [PlaybackTrace][Native][eventLoop] event_id=2 error=0
08-22 16:51:12.328 I/MpvEvent( 8531): [PlaybackTrace][Native][eventLoop] event_id=2 error=0
08-22 16:51:12.328 I/MpvEvent( 8531): [PlaybackTrace][Native][eventLoop] event_id=2 error=0
08-22 16:51:12.328 I/MpvEvent( 8531): [PlaybackTrace][Native][eventLoop] event_id=2 error=0
08-22 16:51:12.328 D/mpv     ( 8531): [ffmpeg] v: Opening https://prod-1.storage.jamendo.com/?trackid=171&format=mp31&from=8CSIkMvwtD6jzKZ%2BPEaUMQ%3D%3D%7Cj5s5oI6ivq8l2vQOXyWixQ%3D%3D
08-22 16:51:12.503 I/MpvEvent( 8531): [PlaybackTrace][Native][eventLoop] event_id=2 error=0
08-22 16:51:12.575 I/MpvEvent( 8531): [PlaybackTrace][Native][eventLoop] event_id=2 error=0
08-22 16:51:12.970 I/ReactNativeJS( 8531): '[INFO]', '[PlaybackTrace][JS][loadFile:call]', { requestedPath: 'https://prod-1.storage.jamendo.com/?trackid=171&format=mp31&from=8CSIkMvwtD6jzKZ%2BPEaUMQ%3D%3D%7Cj5s5oI6ivq8l2vQOXyWixQ%3D%3D',
08-22 16:51:12.970 I/MpvBridgeModule( 8531): [PlaybackTrace][Bridge][loadFile] requested=https://prod-1.storage.jamendo.com/?trackid=171&format=mp31&from=8CSIkMvwtD6jzKZ%2BPEaUMQ%3D%3D%7Cj5s5oI6ivq8l2vQOXyWixQ%3D%3D resolved=https://prod-1.storage.jamendo.com/?trackid=171&format=mp31&from=8CSIkMvwtD6jzKZ%2BPEaUMQ%3D%3D%7Cj5s5oI6ivq8l2vQOXyWixQ%3D%3D ptr=131217388029824
08-22 16:51:12.970 I/MpvJNI  ( 8531): [PlaybackTrace][Native][loadFile] begin path=https://prod-1.storage.jamendo.com/?trackid=171&format=mp31&from=8CSIkMvwtD6jzKZ%2BPEaUMQ%3D%3D%7Cj5s5oI6ivq8l2vQOXyWixQ%3D%3D initialized=1
08-22 16:51:12.970 I/MpvJNI  ( 8531): [PlaybackTrace][Native][loadFile] loadfile command accepted result=0
08-22 16:51:12.970 I/MpvBridgeModule( 8531): [PlaybackTrace][Bridge][loadFile] nativeLoadFile returned
08-22 16:51:12.970 I/ReactNativeJS( 8531): '[INFO]', '[PlaybackTrace][JS][loadFile:return]', { resolvedPath: 'https://prod-1.storage.jamendo.com/?trackid=171&format=mp31&from=8CSIkMvwtD6jzKZ%2BPEaUMQ%3D%3D%7Cj5s5oI6ivq8l2vQOXyWixQ%3D%3D' }
08-22 16:51:12.972 I/MpvEvent( 8531): [PlaybackTrace][Native][eventLoop] event_id=2 error=0
08-22 16:51:13.002 I/MpvEvent( 8531): [PlaybackTrace][Native][eventLoop] event_id=2 error=0
08-22 16:51:13.002 I/MpvEvent( 8531): [PlaybackTrace][Native][mpv-log] prefix=ffmpeg level=error text=tls: mbedtls_ssl_handshake returned -0x7280
08-22 16:51:13.002 D/mpv     ( 8531): [ffmpeg] error: tls: mbedtls_ssl_handshake returned -0x7280
08-22 16:51:13.002 E/MpvEvent( 8531): [PlaybackTrace][Native][dispatch:error] code=-1 message=tls: mbedtls_ssl_handshake returned -0x7280
08-22 16:51:13.003 E/MpvBridgeModule( 8531): [PlaybackTrace][Bridge][listener:error] code=-1 message=tls: mbedtls_ssl_handshake returned -0x7280
08-22 16:51:13.005 I/MpvEvent( 8531): [PlaybackTrace][Native][eventLoop] event_id=7 error=0
08-22 16:51:13.005 E/MpvEvent( 8531): [PlaybackTrace][Native][eventLoop] MPV_EVENT_END_FILE reason=2 error=0
08-22 16:51:13.005 I/MpvEvent( 8531): [PlaybackTrace][Native][dispatch:event] name=endFile payload={"reason":2,"error":0}
08-22 16:51:13.006 I/MpvBridgeModule( 8531): [PlaybackTrace][Bridge][listener:event] name=endFile payload={"reason":2,"error":0}
08-22 16:51:13.007 I/MpvEvent( 8531): [PlaybackTrace][Native][eventLoop] event_id=6 error=0
08-22 16:51:13.007 I/MpvEvent( 8531): MPV_EVENT_START_FILE
08-22 16:51:13.008 I/MpvEvent( 8531): [PlaybackTrace][Native][eventLoop] event_id=2 error=0
08-22 16:51:13.008 I/MpvEvent( 8531): [PlaybackTrace][Native][mpv-log] prefix=cplayer level=v text=Opening failed or was aborted: https://prod-1.storage.jamendo.com/?trackid=171&format=mp31&from=8CSIkMvwtD6jzKZ%2BPEaUMQ%3D%3D%7Cj5s5oI6ivq8l2vQOXyWixQ%3D%3D
08-22 16:51:13.008 D/mpv     ( 8531): [cplayer] v: Opening failed or was aborted: https://prod-1.storage.jamendo.com/?trackid=171&format=mp31&from=8CSIkMvwtD6jzKZ%2BPEaUMQ%3D%3D%7Cj5s5oI6ivq8l2vQOXyWixQ%3D%3D
08-22 16:51:13.008 I/MpvEvent( 8531): [PlaybackTrace][Native][eventLoop] event_id=2 error=0
08-22 16:51:13.009 I/MpvEvent( 8531): [PlaybackTrace][Native][eventLoop] event_id=2 error=0
08-22 16:51:13.009 I/MpvEvent( 8531): [PlaybackTrace][Native][eventLoop] event_id=2 error=0
08-22 16:51:13.009 I/MpvEvent( 8531): [PlaybackTrace][Native][eventLoop] event_id=2 error=0
08-22 16:51:13.009 I/MpvEvent( 8531): [PlaybackTrace][Native][eventLoop] event_id=2 error=0
08-22 16:51:13.009 I/MpvEvent( 8531): [PlaybackTrace][Native][eventLoop] event_id=2 error=0
08-22 16:51:13.009 I/MpvEvent( 8531): [PlaybackTrace][Native][eventLoop] event_id=2 error=0
08-22 16:51:13.009 D/mpv     ( 8531): [ffmpeg] v: Opening https://prod-1.storage.jamendo.com/?trackid=171&format=mp31&from=8CSIkMvwtD6jzKZ%2BPEaUMQ%3D%3D%7Cj5s5oI6ivq8l2vQOXyWixQ%3D%3D
08-22 16:51:13.019 I/ReactNativeJS( 8531): '[INFO]', '[PlaybackTrace][JS][loadFile:call]', { requestedPath: 'https://prod-1.storage.jamendo.com/?trackid=171&format=mp31&from=8CSIkMvwtD6jzKZ%2BPEaUMQ%3D%3D%7Cj5s5oI6ivq8l2vQOXyWixQ%3D%3D',
08-22 16:51:13.019 I/ReactNativeJS( 8531): '[INFO]', '[PlaybackTrace][JS][loadFile:return]', { resolvedPath: 'https://prod-1.storage.jamendo.com/?trackid=171&format=mp31&from=8CSIkMvwtD6jzKZ%2BPEaUMQ%3D%3D%7Cj5s5oI6ivq8l2vQOXyWixQ%3D%3D' }
08-22 16:51:13.020 I/MpvBridgeModule( 8531): [PlaybackTrace][Bridge][loadFile] requested=https://prod-1.storage.jamendo.com/?trackid=171&format=mp31&from=8CSIkMvwtD6jzKZ%2BPEaUMQ%3D%3D%7Cj5s5oI6ivq8l2vQOXyWixQ%3D%3D resolved=https://prod-1.storage.jamendo.com/?trackid=171&format=mp31&from=8CSIkMvwtD6jzKZ%2BPEaUMQ%3D%3D%7Cj5s5oI6ivq8l2vQOXyWixQ%3D%3D ptr=131217388029824
08-22 16:51:13.020 I/MpvJNI  ( 8531): [PlaybackTrace][Native][loadFile] begin path=https://prod-1.storage.jamendo.com/?trackid=171&format=mp31&from=8CSIkMvwtD6jzKZ%2BPEaUMQ%3D%3D%7Cj5s5oI6ivq8l2vQOXyWixQ%3D%3D initialized=1
08-22 16:51:13.020 I/MpvJNI  ( 8531): [PlaybackTrace][Native][loadFile] loadfile command accepted result=0
08-22 16:51:13.021 I/MpvBridgeModule( 8531): [PlaybackTrace][Bridge][loadFile] nativeLoadFile returned
08-22 16:51:13.022 I/MpvEvent( 8531): [PlaybackTrace][Native][eventLoop] event_id=2 error=0
08-22 16:51:13.112 I/MpvEvent( 8531): [PlaybackTrace][Native][eventLoop] event_id=7 error=0
08-22 16:51:13.112 E/MpvEvent( 8531): [PlaybackTrace][Native][eventLoop] MPV_EVENT_END_FILE reason=2 error=0
08-22 16:51:13.112 I/MpvEvent( 8531): [PlaybackTrace][Native][dispatch:event] name=endFile payload={"reason":2,"error":0}
08-22 16:51:13.113 I/MpvBridgeModule( 8531): [PlaybackTrace][Bridge][listener:event] name=endFile payload={"reason":2,"error":0}
08-22 16:51:13.114 I/MpvEvent( 8531): [PlaybackTrace][Native][eventLoop] event_id=2 error=0
08-22 16:51:13.114 I/MpvEvent( 8531): [PlaybackTrace][Native][mpv-log] prefix=cplayer level=v text=Opening failed or was aborted: https://prod-1.storage.jamendo.com/?trackid=171&format=mp31&from=8CSIkMvwtD6jzKZ%2BPEaUMQ%3D%3D%7Cj5s5oI6ivq8l2vQOXyWixQ%3D%3D
08-22 16:51:13.114 D/mpv     ( 8531): [cplayer] v: Opening failed or was aborted: https://prod-1.storage.jamendo.com/?trackid=171&format=mp31&from=8CSIkMvwtD6jzKZ%2BPEaUMQ%3D%3D%7Cj5s5oI6ivq8l2vQOXyWixQ%3D%3D
08-22 16:51:13.114 I/MpvEvent( 8531): [PlaybackTrace][Native][eventLoop] event_id=2 error=0
08-22 16:51:13.114 I/MpvEvent( 8531): [PlaybackTrace][Native][eventLoop] event_id=2 error=0
08-22 16:51:13.114 I/MpvEvent( 8531): [PlaybackTrace][Native][eventLoop] event_id=6 error=0
08-22 16:51:13.114 I/MpvEvent( 8531): MPV_EVENT_START_FILE
08-22 16:51:13.116 I/MpvEvent( 8531): [PlaybackTrace][Native][eventLoop] event_id=2 error=0
08-22 16:51:13.116 I/MpvEvent( 8531): [PlaybackTrace][Native][eventLoop] event_id=2 error=0
08-22 16:51:13.116 I/MpvEvent( 8531): [PlaybackTrace][Native][eventLoop] event_id=2 error=0
08-22 16:51:13.117 I/MpvEvent( 8531): [PlaybackTrace][Native][eventLoop] event_id=2 error=0
08-22 16:51:13.117 I/MpvEvent( 8531): [PlaybackTrace][Native][eventLoop] event_id=2 error=0
08-22 16:51:13.117 D/mpv     ( 8531): [ffmpeg] v: Opening https://prod-1.storage.jamendo.com/?trackid=171&format=mp31&from=8CSIkMvwtD6jzKZ%2BPEaUMQ%3D%3D%7Cj5s5oI6ivq8l2vQOXyWixQ%3D%3D
08-22 16:51:13.253 I/MpvEvent( 8531): [PlaybackTrace][Native][eventLoop] event_id=2 error=0
08-22 16:51:13.304 I/MpvEvent( 8531): [PlaybackTrace][Native][eventLoop] event_id=2 error=0
08-22 16:51:13.587 I/ReactNativeJS( 8531): '[INFO]', '[PlaybackTrace][JS][loadFile:call]', { requestedPath: 'https://prod-1.storage.jamendo.com/?trackid=171&format=mp31&from=8CSIkMvwtD6jzKZ%2BPEaUMQ%3D%3D%7Cj5s5oI6ivq8l2vQOXyWixQ%3D%3D',
08-22 16:51:13.587 I/ReactNativeJS( 8531): '[INFO]', '[PlaybackTrace][JS][loadFile:return]', { resolvedPath: 'https://prod-1.storage.jamendo.com/?trackid=171&format=mp31&from=8CSIkMvwtD6jzKZ%2BPEaUMQ%3D%3D%7Cj5s5oI6ivq8l2vQOXyWixQ%3D%3D' }
08-22 16:51:13.589 I/MpvBridgeModule( 8531): [PlaybackTrace][Bridge][loadFile] requested=https://prod-1.storage.jamendo.com/?trackid=171&format=mp31&from=8CSIkMvwtD6jzKZ%2BPEaUMQ%3D%3D%7Cj5s5oI6ivq8l2vQOXyWixQ%3D%3D resolved=https://prod-1.storage.jamendo.com/?trackid=171&format=mp31&from=8CSIkMvwtD6jzKZ%2BPEaUMQ%3D%3D%7Cj5s5oI6ivq8l2vQOXyWixQ%3D%3D ptr=131217388029824
08-22 16:51:13.589 I/MpvJNI  ( 8531): [PlaybackTrace][Native][loadFile] begin path=https://prod-1.storage.jamendo.com/?trackid=171&format=mp31&from=8CSIkMvwtD6jzKZ%2BPEaUMQ%3D%3D%7Cj5s5oI6ivq8l2vQOXyWixQ%3D%3D initialized=1
08-22 16:51:13.589 I/MpvJNI  ( 8531): [PlaybackTrace][Native][loadFile] loadfile command accepted result=0
08-22 16:51:13.589 I/MpvBridgeModule( 8531): [PlaybackTrace][Bridge][loadFile] nativeLoadFile returned
08-22 16:51:13.590 I/MpvEvent( 8531): [PlaybackTrace][Native][eventLoop] event_id=2 error=0
08-22 16:51:13.599 I/MpvEvent( 8531): [PlaybackTrace][Native][eventLoop] event_id=2 error=0
08-22 16:51:13.599 I/MpvEvent( 8531): [PlaybackTrace][Native][mpv-log] prefix=ffmpeg level=error text=tls: mbedtls_ssl_handshake returned -0x7280
08-22 16:51:13.599 D/mpv     ( 8531): [ffmpeg] error: tls: mbedtls_ssl_handshake returned -0x7280
08-22 16:51:13.599 E/MpvEvent( 8531): [PlaybackTrace][Native][dispatch:error] code=-1 message=tls: mbedtls_ssl_handshake returned -0x7280
08-22 16:51:13.601 E/MpvBridgeModule( 8531): [PlaybackTrace][Bridge][listener:error] code=-1 message=tls: mbedtls_ssl_handshake returned -0x7280
08-22 16:51:13.605 I/MpvEvent( 8531): [PlaybackTrace][Native][eventLoop] event_id=7 error=0
08-22 16:51:13.605 E/MpvEvent( 8531): [PlaybackTrace][Native][eventLoop] MPV_EVENT_END_FILE reason=2 error=0
08-22 16:51:13.605 I/MpvEvent( 8531): [PlaybackTrace][Native][dispatch:event] name=endFile payload={"reason":2,"error":0}
08-22 16:51:13.606 I/MpvBridgeModule( 8531): [PlaybackTrace][Bridge][listener:event] name=endFile payload={"reason":2,"error":0}
08-22 16:51:13.607 I/MpvEvent( 8531): [PlaybackTrace][Native][eventLoop] event_id=6 error=0
08-22 16:51:13.607 I/MpvEvent( 8531): MPV_EVENT_START_FILE
08-22 16:51:13.608 I/MpvEvent( 8531): [PlaybackTrace][Native][eventLoop] event_id=2 error=0
08-22 16:51:13.608 I/MpvEvent( 8531): [PlaybackTrace][Native][mpv-log] prefix=cplayer level=v text=Opening failed or was aborted: https://prod-1.storage.jamendo.com/?trackid=171&format=mp31&from=8CSIkMvwtD6jzKZ%2BPEaUMQ%3D%3D%7Cj5s5oI6ivq8l2vQOXyWixQ%3D%3D
08-22 16:51:13.608 D/mpv     ( 8531): [cplayer] v: Opening failed or was aborted: https://prod-1.storage.jamendo.com/?trackid=171&format=mp31&from=8CSIkMvwtD6jzKZ%2BPEaUMQ%3D%3D%7Cj5s5oI6ivq8l2vQOXyWixQ%3D%3D
08-22 16:51:13.608 I/MpvEvent( 8531): [PlaybackTrace][Native][eventLoop] event_id=2 error=0
08-22 16:51:13.608 I/MpvEvent( 8531): [PlaybackTrace][Native][eventLoop] event_id=2 error=0
08-22 16:51:13.608 I/MpvEvent( 8531): [PlaybackTrace][Native][eventLoop] event_id=2 error=0
08-22 16:51:13.610 I/MpvEvent( 8531): [PlaybackTrace][Native][eventLoop] event_id=2 error=0
08-22 16:51:13.610 I/MpvEvent( 8531): [PlaybackTrace][Native][eventLoop] event_id=2 error=0
08-22 16:51:13.610 I/MpvEvent( 8531): [PlaybackTrace][Native][eventLoop] event_id=2 error=0
08-22 16:51:13.610 I/MpvEvent( 8531): [PlaybackTrace][Native][eventLoop] event_id=2 error=0
08-22 16:51:13.610 D/mpv     ( 8531): [ffmpeg] v: Opening https://prod-1.storage.jamendo.com/?trackid=171&format=mp31&from=8CSIkMvwtD6jzKZ%2BPEaUMQ%3D%3D%7Cj5s5oI6ivq8l2vQOXyWixQ%3D%3D
08-22 16:51:13.653 I/ReactNativeJS( 8531): '[INFO]', '[PlaybackTrace][JS][loadFile:call]', { requestedPath: 'https://prod-1.storage.jamendo.com/?trackid=171&format=mp31&from=8CSIkMvwtD6jzKZ%2BPEaUMQ%3D%3D%7Cj5s5oI6ivq8l2vQOXyWixQ%3D%3D',
08-22 16:51:13.654 I/MpvBridgeModule( 8531): [PlaybackTrace][Bridge][loadFile] requested=https://prod-1.storage.jamendo.com/?trackid=171&format=mp31&from=8CSIkMvwtD6jzKZ%2BPEaUMQ%3D%3D%7Cj5s5oI6ivq8l2vQOXyWixQ%3D%3D resolved=https://prod-1.storage.jamendo.com/?trackid=171&format=mp31&from=8CSIkMvwtD6jzKZ%2BPEaUMQ%3D%3D%7Cj5s5oI6ivq8l2vQOXyWixQ%3D%3D ptr=131217388029824
08-22 16:51:13.654 I/ReactNativeJS( 8531): '[INFO]', '[PlaybackTrace][JS][loadFile:return]', { resolvedPath: 'https://prod-1.storage.jamendo.com/?trackid=171&format=mp31&from=8CSIkMvwtD6jzKZ%2BPEaUMQ%3D%3D%7Cj5s5oI6ivq8l2vQOXyWixQ%3D%3D' }
08-22 16:51:13.654 I/MpvJNI  ( 8531): [PlaybackTrace][Native][loadFile] begin path=https://prod-1.storage.jamendo.com/?trackid=171&format=mp31&from=8CSIkMvwtD6jzKZ%2BPEaUMQ%3D%3D%7Cj5s5oI6ivq8l2vQOXyWixQ%3D%3D initialized=1
08-22 16:51:13.655 I/MpvJNI  ( 8531): [PlaybackTrace][Native][loadFile] loadfile command accepted result=0
08-22 16:51:13.655 I/MpvBridgeModule( 8531): [PlaybackTrace][Bridge][loadFile] nativeLoadFile returned
08-22 16:51:13.657 I/MpvEvent( 8531): [PlaybackTrace][Native][eventLoop] event_id=2 error=0
08-22 16:51:13.686 I/ReactNativeJS( 8531): '[INFO]', '[PlaybackTrace][JS][loadFile:call]', { requestedPath: 'https://prod-1.storage.jamendo.com/?trackid=171&format=mp31&from=8CSIkMvwtD6jzKZ%2BPEaUMQ%3D%3D%7Cj5s5oI6ivq8l2vQOXyWixQ%3D%3D',
08-22 16:51:13.686 I/MpvBridgeModule( 8531): [PlaybackTrace][Bridge][loadFile] requested=https://prod-1.storage.jamendo.com/?trackid=171&format=mp31&from=8CSIkMvwtD6jzKZ%2BPEaUMQ%3D%3D%7Cj5s5oI6ivq8l2vQOXyWixQ%3D%3D resolved=https://prod-1.storage.jamendo.com/?trackid=171&format=mp31&from=8CSIkMvwtD6jzKZ%2BPEaUMQ%3D%3D%7Cj5s5oI6ivq8l2vQOXyWixQ%3D%3D ptr=131217388029824
08-22 16:51:13.686 I/ReactNativeJS( 8531): '[INFO]', '[PlaybackTrace][JS][loadFile:return]', { resolvedPath: 'https://prod-1.storage.jamendo.com/?trackid=171&format=mp31&from=8CSIkMvwtD6jzKZ%2BPEaUMQ%3D%3D%7Cj5s5oI6ivq8l2vQOXyWixQ%3D%3D' }
08-22 16:51:13.686 I/MpvJNI  ( 8531): [PlaybackTrace][Native][loadFile] begin path=https://prod-1.storage.jamendo.com/?trackid=171&format=mp31&from=8CSIkMvwtD6jzKZ%2BPEaUMQ%3D%3D%7Cj5s5oI6ivq8l2vQOXyWixQ%3D%3D initialized=1
08-22 16:51:13.687 I/MpvJNI  ( 8531): [PlaybackTrace][Native][loadFile] loadfile command accepted result=0
08-22 16:51:13.687 I/MpvBridgeModule( 8531): [PlaybackTrace][Bridge][loadFile] nativeLoadFile returned
08-22 16:51:13.689 I/MpvEvent( 8531): [PlaybackTrace][Native][eventLoop] event_id=2 error=0
08-22 16:51:13.713 I/MpvEvent( 8531): [PlaybackTrace][Native][eventLoop] event_id=7 error=0
08-22 16:51:13.714 E/MpvEvent( 8531): [PlaybackTrace][Native][eventLoop] MPV_EVENT_END_FILE reason=2 error=0
08-22 16:51:13.714 I/MpvEvent( 8531): [PlaybackTrace][Native][dispatch:event] name=endFile payload={"reason":2,"error":0}
08-22 16:51:13.715 I/MpvBridgeModule( 8531): [PlaybackTrace][Bridge][listener:event] name=endFile payload={"reason":2,"error":0}
08-22 16:51:13.716 I/MpvEvent( 8531): [PlaybackTrace][Native][eventLoop] event_id=6 error=0
08-22 16:51:13.716 I/MpvEvent( 8531): MPV_EVENT_START_FILE
08-22 16:51:13.717 I/MpvEvent( 8531): [PlaybackTrace][Native][eventLoop] event_id=2 error=0
08-22 16:51:13.717 I/MpvEvent( 8531): [PlaybackTrace][Native][mpv-log] prefix=cplayer level=v text=Opening failed or was aborted: https://prod-1.storage.jamendo.com/?trackid=171&format=mp31&from=8CSIkMvwtD6jzKZ%2BPEaUMQ%3D%3D%7Cj5s5oI6ivq8l2vQOXyWixQ%3D%3D
08-22 16:51:13.717 D/mpv     ( 8531): [cplayer] v: Opening failed or was aborted: https://prod-1.storage.jamendo.com/?trackid=171&format=mp31&from=8CSIkMvwtD6jzKZ%2BPEaUMQ%3D%3D%7Cj5s5oI6ivq8l2vQOXyWixQ%3D%3D
08-22 16:51:13.717 I/MpvEvent( 8531): [PlaybackTrace][Native][eventLoop] event_id=2 error=0
08-22 16:51:13.717 I/MpvEvent( 8531): [PlaybackTrace][Native][eventLoop] event_id=2 error=0
08-22 16:51:13.717 I/MpvEvent( 8531): [PlaybackTrace][Native][eventLoop] event_id=2 error=0
08-22 16:51:13.717 I/MpvEvent( 8531): [PlaybackTrace][Native][eventLoop] event_id=2 error=0
08-22 16:51:13.717 I/MpvEvent( 8531): [PlaybackTrace][Native][eventLoop] event_id=2 error=0
08-22 16:51:13.717 I/MpvEvent( 8531): [PlaybackTrace][Native][eventLoop] event_id=2 error=0
08-22 16:51:13.718 I/MpvEvent( 8531): [PlaybackTrace][Native][eventLoop] event_id=2 error=0
08-22 16:51:13.718 D/mpv     ( 8531): [ffmpeg] v: Opening https://prod-1.storage.jamendo.com/?trackid=171&format=mp31&from=8CSIkMvwtD6jzKZ%2BPEaUMQ%3D%3D%7Cj5s5oI6ivq8l2vQOXyWixQ%3D%3D
08-22 16:51:13.819 I/ReactNativeJS( 8531): '[INFO]', '[PlaybackTrace][JS][loadFile:call]', { requestedPath: 'https://prod-1.storage.jamendo.com/?trackid=171&format=mp31&from=8CSIkMvwtD6jzKZ%2BPEaUMQ%3D%3D%7Cj5s5oI6ivq8l2vQOXyWixQ%3D%3D',
08-22 16:51:13.819 I/MpvBridgeModule( 8531): [PlaybackTrace][Bridge][loadFile] requested=https://prod-1.storage.jamendo.com/?trackid=171&format=mp31&from=8CSIkMvwtD6jzKZ%2BPEaUMQ%3D%3D%7Cj5s5oI6ivq8l2vQOXyWixQ%3D%3D resolved=https://prod-1.storage.jamendo.com/?trackid=171&format=mp31&from=8CSIkMvwtD6jzKZ%2BPEaUMQ%3D%3D%7Cj5s5oI6ivq8l2vQOXyWixQ%3D%3D ptr=131217388029824
08-22 16:51:13.819 I/MpvJNI  ( 8531): [PlaybackTrace][Native][loadFile] begin path=https://prod-1.storage.jamendo.com/?trackid=171&format=mp31&from=8CSIkMvwtD6jzKZ%2BPEaUMQ%3D%3D%7Cj5s5oI6ivq8l2vQOXyWixQ%3D%3D initialized=1
08-22 16:51:13.819 I/MpvJNI  ( 8531): [PlaybackTrace][Native][loadFile] loadfile command accepted result=0
08-22 16:51:13.819 I/ReactNativeJS( 8531): '[INFO]', '[PlaybackTrace][JS][loadFile:return]', { resolvedPath: 'https://prod-1.storage.jamendo.com/?trackid=171&format=mp31&from=8CSIkMvwtD6jzKZ%2BPEaUMQ%3D%3D%7Cj5s5oI6ivq8l2vQOXyWixQ%3D%3D' }
08-22 16:51:13.819 I/MpvBridgeModule( 8531): [PlaybackTrace][Bridge][loadFile] nativeLoadFile returned
08-22 16:51:13.821 I/MpvEvent( 8531): [PlaybackTrace][Native][eventLoop] event_id=2 error=0
08-22 16:51:13.821 I/MpvEvent( 8531): [PlaybackTrace][Native][mpv-log] prefix=cplayer level=v text=Opening failed or was aborted: https://prod-1.storage.jamendo.com/?trackid=171&format=mp31&from=8CSIkMvwtD6jzKZ%2BPEaUMQ%3D%3D%7Cj5s5oI6ivq8l2vQOXyWixQ%3D%3D
08-22 16:51:13.821 D/mpv     ( 8531): [cplayer] v: Opening failed or was aborted: https://prod-1.storage.jamendo.com/?trackid=171&format=mp31&from=8CSIkMvwtD6jzKZ%2BPEaUMQ%3D%3D%7Cj5s5oI6ivq8l2vQOXyWixQ%3D%3D
08-22 16:51:13.823 I/MpvEvent( 8531): [PlaybackTrace][Native][eventLoop] event_id=7 error=0
08-22 16:51:13.823 E/MpvEvent( 8531): [PlaybackTrace][Native][eventLoop] MPV_EVENT_END_FILE reason=2 error=0
08-22 16:51:13.823 I/MpvEvent( 8531): [PlaybackTrace][Native][dispatch:event] name=endFile payload={"reason":2,"error":0}
08-22 16:51:13.823 I/MpvBridgeModule( 8531): [PlaybackTrace][Bridge][listener:event] name=endFile payload={"reason":2,"error":0}
08-22 16:51:13.824 I/MpvEvent( 8531): [PlaybackTrace][Native][eventLoop] event_id=2 error=0
08-22 16:51:13.824 I/MpvEvent( 8531): [PlaybackTrace][Native][eventLoop] event_id=2 error=0
08-22 16:51:13.824 I/MpvEvent( 8531): [PlaybackTrace][Native][eventLoop] event_id=2 error=0
08-22 16:51:13.824 I/MpvEvent( 8531): [PlaybackTrace][Native][eventLoop] event_id=6 error=0
08-22 16:51:13.824 I/MpvEvent( 8531): MPV_EVENT_START_FILE
08-22 16:51:13.826 I/MpvEvent( 8531): [PlaybackTrace][Native][eventLoop] event_id=2 error=0
08-22 16:51:13.826 I/MpvEvent( 8531): [PlaybackTrace][Native][eventLoop] event_id=2 error=0
08-22 16:51:13.826 I/MpvEvent( 8531): [PlaybackTrace][Native][eventLoop] event_id=2 error=0
08-22 16:51:13.826 I/MpvEvent( 8531): [PlaybackTrace][Native][eventLoop] event_id=2 error=0
08-22 16:51:13.826 I/MpvEvent( 8531): [PlaybackTrace][Native][eventLoop] event_id=2 error=0
08-22 16:51:13.826 D/mpv     ( 8531): [ffmpeg] v: Opening https://prod-1.storage.jamendo.com/?trackid=171&format=mp31&from=8CSIkMvwtD6jzKZ%2BPEaUMQ%3D%3D%7Cj5s5oI6ivq8l2vQOXyWixQ%3D%3D
08-22 16:51:13.870 I/MpvEvent( 8531): [PlaybackTrace][Native][eventLoop] event_id=2 error=0
08-22 16:51:13.936 I/MpvEvent( 8531): [PlaybackTrace][Native][eventLoop] event_id=2 error=0
08-22 16:51:13.971 I/MpvEvent( 8531): [PlaybackTrace][Native][eventLoop] event_id=2 error=0
08-22 16:51:14.104 I/MpvEvent( 8531): [PlaybackTrace][Native][eventLoop] event_id=2 error=0
08-22 16:51:14.322 I/MpvEvent( 8531): [PlaybackTrace][Native][eventLoop] event_id=2 error=0
08-22 16:51:14.322 I/MpvEvent( 8531): [PlaybackTrace][Native][mpv-log] prefix=ffmpeg level=error text=tls: mbedtls_ssl_handshake returned -0x6600
08-22 16:51:14.322 D/mpv     ( 8531): [ffmpeg] error: tls: mbedtls_ssl_handshake returned -0x6600
08-22 16:51:14.322 E/MpvEvent( 8531): [PlaybackTrace][Native][dispatch:error] code=-1 message=tls: mbedtls_ssl_handshake returned -0x6600
08-22 16:51:14.323 E/MpvBridgeModule( 8531): [PlaybackTrace][Bridge][listener:error] code=-1 message=tls: mbedtls_ssl_handshake returned -0x6600
08-22 16:51:14.340 I/MpvEvent( 8531): [PlaybackTrace][Native][eventLoop] event_id=2 error=0
08-22 16:51:14.340 I/MpvEvent( 8531): [PlaybackTrace][Native][mpv-log] prefix=stream level=error text=Failed to open https://prod-1.storage.jamendo.com/?trackid=171&format=mp31&from=8CSIkMvwtD6jzKZ%2BPEaUMQ%3D%3D%7Cj5s5oI6ivq8l2vQOXyWixQ%3D%3D.
08-22 16:51:14.340 E/MpvEvent( 8531): [PlaybackTrace][Native][dispatch:error] code=-1 message=Failed to open https://prod-1.storage.jamendo.com/?trackid=171&format=mp31&from=8CSIkMvwtD6jzKZ%2BPEaUMQ%3D%3D%7Cj5s5oI6ivq8l2vQOXyWixQ%3D%3D.
08-22 16:51:14.341 E/MpvBridgeModule( 8531): [PlaybackTrace][Bridge][listener:error] code=-1 message=Failed to open https://prod-1.storage.jamendo.com/?trackid=171&format=mp31&from=8CSIkMvwtD6jzKZ%2BPEaUMQ%3D%3D%7Cj5s5oI6ivq8l2vQOXyWixQ%3D%3D.
08-22 16:51:14.343 I/MpvEvent( 8531): [PlaybackTrace][Native][eventLoop] event_id=2 error=0
08-22 16:51:14.343 I/MpvEvent( 8531): [PlaybackTrace][Native][mpv-log] prefix=cplayer level=v text=Opening failed or was aborted: https://prod-1.storage.jamendo.com/?trackid=171&format=mp31&from=8CSIkMvwtD6jzKZ%2BPEaUMQ%3D%3D%7Cj5s5oI6ivq8l2vQOXyWixQ%3D%3D
08-22 16:51:14.343 D/mpv     ( 8531): [cplayer] v: Opening failed or was aborted: https://prod-1.storage.jamendo.com/?trackid=171&format=mp31&from=8CSIkMvwtD6jzKZ%2BPEaUMQ%3D%3D%7Cj5s5oI6ivq8l2vQOXyWixQ%3D%3D
08-22 16:51:14.344 I/MpvEvent( 8531): [PlaybackTrace][Native][eventLoop] event_id=2 error=0
08-22 16:51:14.344 I/MpvEvent( 8531): [PlaybackTrace][Native][eventLoop] event_id=2 error=0
08-22 16:51:14.365 I/MpvEvent( 8531): [PlaybackTrace][Native][eventLoop] event_id=2 error=0
08-22 16:51:14.365 I/MpvEvent( 8531): [PlaybackTrace][Native][mpv-log] prefix=ytdl_hook level=error text=Subprocess failed: init
08-22 16:51:14.365 E/MpvEvent( 8531): [PlaybackTrace][Native][dispatch:error] code=-1 message=Subprocess failed: init
08-22 16:51:14.365 E/MpvBridgeModule( 8531): [PlaybackTrace][Bridge][listener:error] code=-1 message=Subprocess failed: init
08-22 16:51:14.366 I/MpvEvent( 8531): [PlaybackTrace][Native][eventLoop] event_id=7 error=0
08-22 16:51:14.366 E/MpvEvent( 8531): [PlaybackTrace][Native][eventLoop] MPV_EVENT_END_FILE reason=4 error=-13
08-22 16:51:14.366 I/MpvEvent( 8531): [PlaybackTrace][Native][dispatch:event] name=endFile payload={"reason":4,"error":-13}
08-22 16:51:14.366 I/MpvBridgeModule( 8531): [PlaybackTrace][Bridge][listener:event] name=endFile payload={"reason":4,"error":-13}
08-22 16:51:14.367 I/MpvEvent( 8531): [PlaybackTrace][Native][eventLoop] event_id=2 error=0
08-22 16:51:14.367 I/MpvEvent( 8531): [PlaybackTrace][Native][mpv-log] prefix=cplayer level=v text=Set property: user-data/mpv/ytdl/json-subprocess-result={"killed_by_us":false,"error_string":"init","status":-3,"stderr":"","stdout":""} -> 1
08-22 16:51:14.367 D/mpv     ( 8531): [cplayer] v: Set property: user-data/mpv/ytdl/json-subprocess-result={"killed_by_us":false,"error_string":"init","status":-3,"stderr":"","stdout":""} -> 1
08-22 16:51:14.367 I/MpvEvent( 8531): [PlaybackTrace][Native][eventLoop] event_id=2 error=0
08-22 16:51:14.367 I/MpvEvent( 8531): [PlaybackTrace][Native][eventLoop] event_id=2 error=0
08-22 16:51:14.367 I/MpvEvent( 8531): [PlaybackTrace][Native][eventLoop] event_id=2 error=0
08-22 16:51:14.367 I/MpvEvent( 8531): [PlaybackTrace][Native][eventLoop] event_id=2 error=0
08-22 16:51:14.367 I/MpvEvent( 8531): [PlaybackTrace][Native][eventLoop] event_id=2 error=0
08-22 16:51:14.367 I/MpvEvent( 8531): [PlaybackTrace][Native][mpv-log] prefix=ytdl_hook level=error text=
08-22 16:51:14.367 E/MpvEvent( 8531): [PlaybackTrace][Native][dispatch:error] code=-1 message=
08-22 16:51:14.367 E/MpvBridgeModule( 8531): [PlaybackTrace][Bridge][listener:error] code=-1 message=
08-22 16:51:14.368 I/MpvEvent( 8531): [PlaybackTrace][Native][eventLoop] event_id=11 error=0
08-22 16:51:14.368 I/MpvEvent( 8531): [PlaybackTrace][Native][eventLoop] event_id=2 error=0
08-22 16:51:14.368 I/MpvEvent( 8531): [PlaybackTrace][Native][mpv-log] prefix=ytdl_hook level=error text=youtube-dl failed: not found or not enough permissions
08-22 16:51:14.368 E/MpvEvent( 8531): [PlaybackTrace][Native][dispatch:error] code=-1 message=youtube-dl failed: not found or not enough permissions
08-22 16:51:14.369 E/MpvBridgeModule( 8531): [PlaybackTrace][Bridge][listener:error] code=-1 message=youtube-dl failed: not found or not enough permissions
08-22 16:51:14.369 I/MpvEvent( 8531): [PlaybackTrace][Native][eventLoop] event_id=2 error=0
08-22 16:51:14.369 I/MpvEvent( 8531): [PlaybackTrace][Native][mpv-log] prefix=cplayer level=v text=finished playback, loading failed (reason 4)
08-22 16:51:14.369 D/mpv     ( 8531): [cplayer] v: finished playback, loading failed (reason 4)
08-22 16:51:14.369 I/MpvEvent( 8531): [PlaybackTrace][Native][eventLoop] event_id=2 error=0
08-22 16:51:14.541 I/ReactNativeJS( 8531): '[INFO]', '[PlaybackTrace][JS][loadFile:call]', { requestedPath: 'https://prod-1.storage.jamendo.com/?trackid=171&format=mp31&from=8CSIkMvwtD6jzKZ%2BPEaUMQ%3D%3D%7Cj5s5oI6ivq8l2vQOXyWixQ%3D%3D',
08-22 16:51:14.541 I/ReactNativeJS( 8531): '[INFO]', '[PlaybackTrace][JS][loadFile:return]', { resolvedPath: 'https://prod-1.storage.jamendo.com/?trackid=171&format=mp31&from=8CSIkMvwtD6jzKZ%2BPEaUMQ%3D%3D%7Cj5s5oI6ivq8l2vQOXyWixQ%3D%3D' }
08-22 16:51:14.542 I/MpvBridgeModule( 8531): [PlaybackTrace][Bridge][loadFile] requested=https://prod-1.storage.jamendo.com/?trackid=171&format=mp31&from=8CSIkMvwtD6jzKZ%2BPEaUMQ%3D%3D%7Cj5s5oI6ivq8l2vQOXyWixQ%3D%3D resolved=https://prod-1.storage.jamendo.com/?trackid=171&format=mp31&from=8CSIkMvwtD6jzKZ%2BPEaUMQ%3D%3D%7Cj5s5oI6ivq8l2vQOXyWixQ%3D%3D ptr=131217388029824
08-22 16:51:14.542 I/MpvJNI  ( 8531): [PlaybackTrace][Native][loadFile] begin path=https://prod-1.storage.jamendo.com/?trackid=171&format=mp31&from=8CSIkMvwtD6jzKZ%2BPEaUMQ%3D%3D%7Cj5s5oI6ivq8l2vQOXyWixQ%3D%3D initialized=1
08-22 16:51:14.542 I/MpvJNI  ( 8531): [PlaybackTrace][Native][loadFile] loadfile command accepted result=0
08-22 16:51:14.542 I/MpvBridgeModule( 8531): [PlaybackTrace][Bridge][loadFile] nativeLoadFile returned
08-22 16:51:14.542 I/MpvEvent( 8531): [PlaybackTrace][Native][eventLoop] event_id=2 error=0
08-22 16:51:14.544 I/MpvEvent( 8531): [PlaybackTrace][Native][eventLoop] event_id=6 error=0
08-22 16:51:14.544 I/MpvEvent( 8531): MPV_EVENT_START_FILE
08-22 16:51:14.545 I/MpvEvent( 8531): [PlaybackTrace][Native][eventLoop] event_id=2 error=0
08-22 16:51:14.545 I/MpvEvent( 8531): [PlaybackTrace][Native][eventLoop] event_id=2 error=0
08-22 16:51:14.548 I/MpvEvent( 8531): [PlaybackTrace][Native][eventLoop] event_id=2 error=0
08-22 16:51:14.548 I/MpvEvent( 8531): [PlaybackTrace][Native][eventLoop] event_id=2 error=0
08-22 16:51:14.548 I/MpvEvent( 8531): [PlaybackTrace][Native][eventLoop] event_id=2 error=0
08-22 16:51:14.548 D/mpv     ( 8531): [ffmpeg] v: Opening https://prod-1.storage.jamendo.com/?trackid=171&format=mp31&from=8CSIkMvwtD6jzKZ%2BPEaUMQ%3D%3D%7Cj5s5oI6ivq8l2vQOXyWixQ%3D%3D
08-22 16:51:14.820 I/MpvEvent( 8531): [PlaybackTrace][Native][eventLoop] event_id=2 error=0
08-22 16:51:15.047 I/MpvEvent( 8531): [PlaybackTrace][Native][eventLoop] event_id=2 error=0
08-22 16:51:15.047 I/MpvEvent( 8531): [PlaybackTrace][Native][mpv-log] prefix=ffmpeg level=error text=tls: mbedtls_ssl_handshake returned -0x6600
08-22 16:51:15.048 D/mpv     ( 8531): [ffmpeg] error: tls: mbedtls_ssl_handshake returned -0x6600
08-22 16:51:15.048 E/MpvEvent( 8531): [PlaybackTrace][Native][dispatch:error] code=-1 message=tls: mbedtls_ssl_handshake returned -0x6600
08-22 16:51:15.073 E/MpvBridgeModule( 8531): [PlaybackTrace][Bridge][listener:error] code=-1 message=tls: mbedtls_ssl_handshake returned -0x6600
08-22 16:51:15.083 I/MpvEvent( 8531): [PlaybackTrace][Native][eventLoop] event_id=2 error=0
08-22 16:51:15.083 I/MpvEvent( 8531): [PlaybackTrace][Native][mpv-log] prefix=stream level=error text=Failed to open https://prod-1.storage.jamendo.com/?trackid=171&format=mp31&from=8CSIkMvwtD6jzKZ%2BPEaUMQ%3D%3D%7Cj5s5oI6ivq8l2vQOXyWixQ%3D%3D.
08-22 16:51:15.083 E/MpvEvent( 8531): [PlaybackTrace][Native][dispatch:error] code=-1 message=Failed to open https://prod-1.storage.jamendo.com/?trackid=171&format=mp31&from=8CSIkMvwtD6jzKZ%2BPEaUMQ%3D%3D%7Cj5s5oI6ivq8l2vQOXyWixQ%3D%3D.
08-22 16:51:15.085 E/MpvBridgeModule( 8531): [PlaybackTrace][Bridge][listener:error] code=-1 message=Failed to open https://prod-1.storage.jamendo.com/?trackid=171&format=mp31&from=8CSIkMvwtD6jzKZ%2BPEaUMQ%3D%3D%7Cj5s5oI6ivq8l2vQOXyWixQ%3D%3D.
08-22 16:51:15.086 I/MpvEvent( 8531): [PlaybackTrace][Native][eventLoop] event_id=2 error=0
08-22 16:51:15.086 I/MpvEvent( 8531): [PlaybackTrace][Native][mpv-log] prefix=cplayer level=v text=Opening failed or was aborted: https://prod-1.storage.jamendo.com/?trackid=171&format=mp31&from=8CSIkMvwtD6jzKZ%2BPEaUMQ%3D%3D%7Cj5s5oI6ivq8l2vQOXyWixQ%3D%3D
08-22 16:51:15.086 D/mpv     ( 8531): [cplayer] v: Opening failed or was aborted: https://prod-1.storage.jamendo.com/?trackid=171&format=mp31&from=8CSIkMvwtD6jzKZ%2BPEaUMQ%3D%3D%7Cj5s5oI6ivq8l2vQOXyWixQ%3D%3D
08-22 16:51:15.086 I/MpvEvent( 8531): [PlaybackTrace][Native][eventLoop] event_id=2 error=0
08-22 16:51:15.087 I/MpvEvent( 8531): [PlaybackTrace][Native][eventLoop] event_id=2 error=0
08-22 16:51:15.091 I/ReactNativeJS( 8531): '[INFO]', '[PlaybackTrace][JS][loadFile:call]', { requestedPath: 'https://prod-1.storage.jamendo.com/?trackid=171&format=mp31&from=8CSIkMvwtD6jzKZ%2BPEaUMQ%3D%3D%7Cj5s5oI6ivq8l2vQOXyWixQ%3D%3D',
08-22 16:51:15.091 I/MpvBridgeModule( 8531): [PlaybackTrace][Bridge][loadFile] requested=https://prod-1.storage.jamendo.com/?trackid=171&format=mp31&from=8CSIkMvwtD6jzKZ%2BPEaUMQ%3D%3D%7Cj5s5oI6ivq8l2vQOXyWixQ%3D%3D resolved=https://prod-1.storage.jamendo.com/?trackid=171&format=mp31&from=8CSIkMvwtD6jzKZ%2BPEaUMQ%3D%3D%7Cj5s5oI6ivq8l2vQOXyWixQ%3D%3D ptr=131217388029824
08-22 16:51:15.091 I/MpvJNI  ( 8531): [PlaybackTrace][Native][loadFile] begin path=https://prod-1.storage.jamendo.com/?trackid=171&format=mp31&from=8CSIkMvwtD6jzKZ%2BPEaUMQ%3D%3D%7Cj5s5oI6ivq8l2vQOXyWixQ%3D%3D initialized=1
08-22 16:51:15.091 I/ReactNativeJS( 8531): '[INFO]', '[PlaybackTrace][JS][loadFile:return]', { resolvedPath: 'https://prod-1.storage.jamendo.com/?trackid=171&format=mp31&from=8CSIkMvwtD6jzKZ%2BPEaUMQ%3D%3D%7Cj5s5oI6ivq8l2vQOXyWixQ%3D%3D' }
08-22 16:51:15.097 I/MpvJNI  ( 8531): [PlaybackTrace][Native][loadFile] loadfile command accepted result=0
08-22 16:51:15.097 I/MpvBridgeModule( 8531): [PlaybackTrace][Bridge][loadFile] nativeLoadFile returned
08-22 16:51:15.099 I/MpvEvent( 8531): [PlaybackTrace][Native][eventLoop] event_id=2 error=0
08-22 16:51:15.111 I/MpvEvent( 8531): [PlaybackTrace][Native][eventLoop] event_id=2 error=0
08-22 16:51:15.111 I/MpvEvent( 8531): [PlaybackTrace][Native][mpv-log] prefix=ytdl_hook level=error text=Subprocess failed: init
08-22 16:51:15.111 E/MpvEvent( 8531): [PlaybackTrace][Native][dispatch:error] code=-1 message=Subprocess failed: init
08-22 16:51:15.111 E/MpvBridgeModule( 8531): [PlaybackTrace][Bridge][listener:error] code=-1 message=Subprocess failed: init
08-22 16:51:15.113 I/MpvEvent( 8531): [PlaybackTrace][Native][eventLoop] event_id=7 error=0
08-22 16:51:15.114 E/MpvEvent( 8531): [PlaybackTrace][Native][eventLoop] MPV_EVENT_END_FILE reason=2 error=0
08-22 16:51:15.114 I/MpvEvent( 8531): [PlaybackTrace][Native][dispatch:event] name=endFile payload={"reason":2,"error":0}
08-22 16:51:15.114 I/MpvBridgeModule( 8531): [PlaybackTrace][Bridge][listener:event] name=endFile payload={"reason":2,"error":0}
08-22 16:51:15.115 I/MpvEvent( 8531): [PlaybackTrace][Native][eventLoop] event_id=6 error=0
08-22 16:51:15.115 I/MpvEvent( 8531): MPV_EVENT_START_FILE
08-22 16:51:15.115 I/MpvEvent( 8531): [PlaybackTrace][Native][eventLoop] event_id=2 error=0
08-22 16:51:15.116 I/MpvEvent( 8531): [PlaybackTrace][Native][mpv-log] prefix=cplayer level=v text=Set property: user-data/mpv/ytdl/json-subprocess-result={"killed_by_us":false,"error_string":"init","status":-3,"stderr":"","stdout":""} -> 1
08-22 16:51:15.116 D/mpv     ( 8531): [cplayer] v: Set property: user-data/mpv/ytdl/json-subprocess-result={"killed_by_us":false,"error_string":"init","status":-3,"stderr":"","stdout":""} -> 1
08-22 16:51:15.116 I/MpvEvent( 8531): [PlaybackTrace][Native][eventLoop] event_id=2 error=0
08-22 16:51:15.116 I/MpvEvent( 8531): [PlaybackTrace][Native][eventLoop] event_id=2 error=0
08-22 16:51:15.116 I/MpvEvent( 8531): [PlaybackTrace][Native][eventLoop] event_id=2 error=0
08-22 16:51:15.116 I/MpvEvent( 8531): [PlaybackTrace][Native][eventLoop] event_id=2 error=0
08-22 16:51:15.116 I/MpvEvent( 8531): [PlaybackTrace][Native][eventLoop] event_id=2 error=0
08-22 16:51:15.116 I/MpvEvent( 8531): [PlaybackTrace][Native][mpv-log] prefix=ytdl_hook level=error text=
08-22 16:51:15.116 E/MpvEvent( 8531): [PlaybackTrace][Native][dispatch:error] code=-1 message=
08-22 16:51:15.116 E/MpvBridgeModule( 8531): [PlaybackTrace][Bridge][listener:error] code=-1 message=
08-22 16:51:15.117 I/MpvEvent( 8531): [PlaybackTrace][Native][eventLoop] event_id=2 error=0
08-22 16:51:15.117 I/MpvEvent( 8531): [PlaybackTrace][Native][mpv-log] prefix=ytdl_hook level=error text=youtube-dl failed: not found or not enough permissions
08-22 16:51:15.117 E/MpvEvent( 8531): [PlaybackTrace][Native][dispatch:error] code=-1 message=youtube-dl failed: not found or not enough permissions
08-22 16:51:15.117 E/MpvBridgeModule( 8531): [PlaybackTrace][Bridge][listener:error] code=-1 message=youtube-dl failed: not found or not enough permissions
08-22 16:51:15.118 I/MpvEvent( 8531): [PlaybackTrace][Native][eventLoop] event_id=2 error=0
08-22 16:51:15.118 I/MpvEvent( 8531): [PlaybackTrace][Native][eventLoop] event_id=2 error=0
08-22 16:51:15.118 I/MpvEvent( 8531): [PlaybackTrace][Native][eventLoop] event_id=2 error=0
08-22 16:51:15.118 I/MpvEvent( 8531): [PlaybackTrace][Native][eventLoop] event_id=2 error=0
08-22 16:51:15.118 I/MpvEvent( 8531): [PlaybackTrace][Native][eventLoop] event_id=2 error=0
08-22 16:51:15.118 I/MpvEvent( 8531): [PlaybackTrace][Native][eventLoop] event_id=2 error=0
08-22 16:51:15.118 I/MpvEvent( 8531): [PlaybackTrace][Native][eventLoop] event_id=2 error=0
08-22 16:51:15.118 D/mpv     ( 8531): [ffmpeg] v: Opening https://prod-1.storage.jamendo.com/?trackid=171&format=mp31&from=8CSIkMvwtD6jzKZ%2BPEaUMQ%3D%3D%7Cj5s5oI6ivq8l2vQOXyWixQ%3D%3D
08-22 16:51:15.220 I/ReactNativeJS( 8531): '[INFO]', '[PlaybackTrace][JS][loadFile:call]', { requestedPath: 'https://prod-1.storage.jamendo.com/?trackid=171&format=mp31&from=8CSIkMvwtD6jzKZ%2BPEaUMQ%3D%3D%7Cj5s5oI6ivq8l2vQOXyWixQ%3D%3D',
08-22 16:51:15.220 I/ReactNativeJS( 8531): '[INFO]', '[PlaybackTrace][JS][loadFile:return]', { resolvedPath: 'https://prod-1.storage.jamendo.com/?trackid=171&format=mp31&from=8CSIkMvwtD6jzKZ%2BPEaUMQ%3D%3D%7Cj5s5oI6ivq8l2vQOXyWixQ%3D%3D' }
08-22 16:51:15.220 I/MpvBridgeModule( 8531): [PlaybackTrace][Bridge][loadFile] requested=https://prod-1.storage.jamendo.com/?trackid=171&format=mp31&from=8CSIkMvwtD6jzKZ%2BPEaUMQ%3D%3D%7Cj5s5oI6ivq8l2vQOXyWixQ%3D%3D resolved=https://prod-1.storage.jamendo.com/?trackid=171&format=mp31&from=8CSIkMvwtD6jzKZ%2BPEaUMQ%3D%3D%7Cj5s5oI6ivq8l2vQOXyWixQ%3D%3D ptr=131217388029824
08-22 16:51:15.220 I/MpvJNI  ( 8531): [PlaybackTrace][Native][loadFile] begin path=https://prod-1.storage.jamendo.com/?trackid=171&format=mp31&from=8CSIkMvwtD6jzKZ%2BPEaUMQ%3D%3D%7Cj5s5oI6ivq8l2vQOXyWixQ%3D%3D initialized=1
08-22 16:51:15.221 I/MpvJNI  ( 8531): [PlaybackTrace][Native][loadFile] loadfile command accepted result=0
08-22 16:51:15.221 I/MpvBridgeModule( 8531): [PlaybackTrace][Bridge][loadFile] nativeLoadFile returned
08-22 16:51:15.224 I/MpvEvent( 8531): [PlaybackTrace][Native][eventLoop] event_id=2 error=0
08-22 16:51:15.325 I/MpvEvent( 8531): [PlaybackTrace][Native][eventLoop] event_id=2 error=0
08-22 16:51:15.325 I/MpvEvent( 8531): [PlaybackTrace][Native][mpv-log] prefix=cplayer level=v text=Opening failed or was aborted: https://prod-1.storage.jamendo.com/?trackid=171&format=mp31&from=8CSIkMvwtD6jzKZ%2BPEaUMQ%3D%3D%7Cj5s5oI6ivq8l2vQOXyWixQ%3D%3D
08-22 16:51:15.325 D/mpv     ( 8531): [cplayer] v: Opening failed or was aborted: https://prod-1.storage.jamendo.com/?trackid=171&format=mp31&from=8CSIkMvwtD6jzKZ%2BPEaUMQ%3D%3D%7Cj5s5oI6ivq8l2vQOXyWixQ%3D%3D
08-22 16:51:15.325 I/MpvEvent( 8531): [PlaybackTrace][Native][eventLoop] event_id=7 error=0
08-22 16:51:15.325 E/MpvEvent( 8531): [PlaybackTrace][Native][eventLoop] MPV_EVENT_END_FILE reason=2 error=0
08-22 16:51:15.326 I/MpvEvent( 8531): [PlaybackTrace][Native][dispatch:event] name=endFile payload={"reason":2,"error":0}
08-22 16:51:15.326 I/MpvBridgeModule( 8531): [PlaybackTrace][Bridge][listener:event] name=endFile payload={"reason":2,"error":0}
08-22 16:51:15.328 I/MpvEvent( 8531): [PlaybackTrace][Native][eventLoop] event_id=6 error=0
08-22 16:51:15.328 I/MpvEvent( 8531): MPV_EVENT_START_FILE
08-22 16:51:15.329 I/MpvEvent( 8531): [PlaybackTrace][Native][eventLoop] event_id=2 error=0
08-22 16:51:15.329 I/MpvEvent( 8531): [PlaybackTrace][Native][eventLoop] event_id=2 error=0
08-22 16:51:15.330 I/MpvEvent( 8531): [PlaybackTrace][Native][eventLoop] event_id=2 error=0
08-22 16:51:15.330 I/MpvEvent( 8531): [PlaybackTrace][Native][eventLoop] event_id=2 error=0
08-22 16:51:15.330 I/MpvEvent( 8531): [PlaybackTrace][Native][eventLoop] event_id=2 error=0
08-22 16:51:15.330 I/MpvEvent( 8531): [PlaybackTrace][Native][eventLoop] event_id=2 error=0
08-22 16:51:15.330 I/MpvEvent( 8531): [PlaybackTrace][Native][eventLoop] event_id=2 error=0
08-22 16:51:15.330 D/mpv     ( 8531): [ffmpeg] v: Opening https://prod-1.storage.jamendo.com/?trackid=171&format=mp31&from=8CSIkMvwtD6jzKZ%2BPEaUMQ%3D%3D%7Cj5s5oI6ivq8l2vQOXyWixQ%3D%3D
08-22 16:51:15.369 I/MpvEvent( 8531): [PlaybackTrace][Native][eventLoop] event_id=2 error=0
08-22 16:51:15.503 I/MpvEvent( 8531): [PlaybackTrace][Native][eventLoop] event_id=2 error=0
08-22 16:51:15.853 I/ReactNativeJS( 8531): '[INFO]', '[PlaybackTrace][JS][loadFile:call]', { requestedPath: 'https://prod-1.storage.jamendo.com/?trackid=171&format=mp31&from=8CSIkMvwtD6jzKZ%2BPEaUMQ%3D%3D%7Cj5s5oI6ivq8l2vQOXyWixQ%3D%3D',
08-22 16:51:15.853 I/MpvBridgeModule( 8531): [PlaybackTrace][Bridge][loadFile] requested=https://prod-1.storage.jamendo.com/?trackid=171&format=mp31&from=8CSIkMvwtD6jzKZ%2BPEaUMQ%3D%3D%7Cj5s5oI6ivq8l2vQOXyWixQ%3D%3D resolved=https://prod-1.storage.jamendo.com/?trackid=171&format=mp31&from=8CSIkMvwtD6jzKZ%2BPEaUMQ%3D%3D%7Cj5s5oI6ivq8l2vQOXyWixQ%3D%3D ptr=131217388029824
08-22 16:51:15.853 I/ReactNativeJS( 8531): '[INFO]', '[PlaybackTrace][JS][loadFile:return]', { resolvedPath: 'https://prod-1.storage.jamendo.com/?trackid=171&format=mp31&from=8CSIkMvwtD6jzKZ%2BPEaUMQ%3D%3D%7Cj5s5oI6ivq8l2vQOXyWixQ%3D%3D' }
08-22 16:51:15.853 I/MpvJNI  ( 8531): [PlaybackTrace][Native][loadFile] begin path=https://prod-1.storage.jamendo.com/?trackid=171&format=mp31&from=8CSIkMvwtD6jzKZ%2BPEaUMQ%3D%3D%7Cj5s5oI6ivq8l2vQOXyWixQ%3D%3D initialized=1
08-22 16:51:15.853 I/MpvJNI  ( 8531): [PlaybackTrace][Native][loadFile] loadfile command accepted result=0
08-22 16:51:15.854 I/MpvBridgeModule( 8531): [PlaybackTrace][Bridge][loadFile] nativeLoadFile returned
08-22 16:51:15.855 I/MpvEvent( 8531): [PlaybackTrace][Native][eventLoop] event_id=2 error=0
08-22 16:51:15.874 I/MpvEvent( 8531): [PlaybackTrace][Native][eventLoop] event_id=7 error=0
08-22 16:51:15.875 E/MpvEvent( 8531): [PlaybackTrace][Native][eventLoop] MPV_EVENT_END_FILE reason=2 error=0
08-22 16:51:15.875 I/MpvEvent( 8531): [PlaybackTrace][Native][dispatch:event] name=endFile payload={"reason":2,"error":0}
08-22 16:51:15.875 I/MpvBridgeModule( 8531): [PlaybackTrace][Bridge][listener:event] name=endFile payload={"reason":2,"error":0}
08-22 16:51:15.875 I/MpvEvent( 8531): [PlaybackTrace][Native][eventLoop] event_id=2 error=0
08-22 16:51:15.875 I/MpvEvent( 8531): [PlaybackTrace][Native][mpv-log] prefix=cplayer level=v text=Opening failed or was aborted: https://prod-1.storage.jamendo.com/?trackid=171&format=mp31&from=8CSIkMvwtD6jzKZ%2BPEaUMQ%3D%3D%7Cj5s5oI6ivq8l2vQOXyWixQ%3D%3D
08-22 16:51:15.875 D/mpv     ( 8531): [cplayer] v: Opening failed or was aborted: https://prod-1.storage.jamendo.com/?trackid=171&format=mp31&from=8CSIkMvwtD6jzKZ%2BPEaUMQ%3D%3D%7Cj5s5oI6ivq8l2vQOXyWixQ%3D%3D
08-22 16:51:15.876 I/MpvEvent( 8531): [PlaybackTrace][Native][eventLoop] event_id=2 error=0
08-22 16:51:15.876 I/MpvEvent( 8531): [PlaybackTrace][Native][eventLoop] event_id=2 error=0
08-22 16:51:15.876 I/MpvEvent( 8531): [PlaybackTrace][Native][eventLoop] event_id=6 error=0
08-22 16:51:15.876 I/MpvEvent( 8531): MPV_EVENT_START_FILE
08-22 16:51:15.878 I/MpvEvent( 8531): [PlaybackTrace][Native][eventLoop] event_id=2 error=0
08-22 16:51:15.879 I/MpvEvent( 8531): [PlaybackTrace][Native][eventLoop] event_id=2 error=0
08-22 16:51:15.879 I/MpvEvent( 8531): [PlaybackTrace][Native][eventLoop] event_id=2 error=0
08-22 16:51:15.879 I/MpvEvent( 8531): [PlaybackTrace][Native][eventLoop] event_id=2 error=0
08-22 16:51:15.879 I/MpvEvent( 8531): [PlaybackTrace][Native][eventLoop] event_id=2 error=0
08-22 16:51:15.879 D/mpv     ( 8531): [ffmpeg] v: Opening https://prod-1.storage.jamendo.com/?trackid=171&format=mp31&from=8CSIkMvwtD6jzKZ%2BPEaUMQ%3D%3D%7Cj5s5oI6ivq8l2vQOXyWixQ%3D%3D
08-22 16:51:16.022 I/ReactNativeJS( 8531): '[INFO]', '[PlaybackTrace][JS][loadFile:call]', { requestedPath: 'https://prod-1.storage.jamendo.com/?trackid=171&format=mp31&from=8CSIkMvwtD6jzKZ%2BPEaUMQ%3D%3D%7Cj5s5oI6ivq8l2vQOXyWixQ%3D%3D',
08-22 16:51:16.022 I/ReactNativeJS( 8531): '[INFO]', '[PlaybackTrace][JS][loadFile:return]', { resolvedPath: 'https://prod-1.storage.jamendo.com/?trackid=171&format=mp31&from=8CSIkMvwtD6jzKZ%2BPEaUMQ%3D%3D%7Cj5s5oI6ivq8l2vQOXyWixQ%3D%3D' }
08-22 16:51:16.022 I/MpvBridgeModule( 8531): [PlaybackTrace][Bridge][loadFile] requested=https://prod-1.storage.jamendo.com/?trackid=171&format=mp31&from=8CSIkMvwtD6jzKZ%2BPEaUMQ%3D%3D%7Cj5s5oI6ivq8l2vQOXyWixQ%3D%3D resolved=https://prod-1.storage.jamendo.com/?trackid=171&format=mp31&from=8CSIkMvwtD6jzKZ%2BPEaUMQ%3D%3D%7Cj5s5oI6ivq8l2vQOXyWixQ%3D%3D ptr=131217388029824
08-22 16:51:16.023 I/MpvJNI  ( 8531): [PlaybackTrace][Native][loadFile] begin path=https://prod-1.storage.jamendo.com/?trackid=171&format=mp31&from=8CSIkMvwtD6jzKZ%2BPEaUMQ%3D%3D%7Cj5s5oI6ivq8l2vQOXyWixQ%3D%3D initialized=1
08-22 16:51:16.023 I/MpvJNI  ( 8531): [PlaybackTrace][Native][loadFile] loadfile command accepted result=0
08-22 16:51:16.023 I/MpvBridgeModule( 8531): [PlaybackTrace][Bridge][loadFile] nativeLoadFile returned
08-22 16:51:16.024 I/MpvEvent( 8531): [PlaybackTrace][Native][eventLoop] event_id=2 error=0
08-22 16:51:16.087 I/MpvEvent( 8531): [PlaybackTrace][Native][eventLoop] event_id=2 error=0
08-22 16:51:16.087 I/MpvEvent( 8531): [PlaybackTrace][Native][mpv-log] prefix=cplayer level=v text=Opening failed or was aborted: https://prod-1.storage.jamendo.com/?trackid=171&format=mp31&from=8CSIkMvwtD6jzKZ%2BPEaUMQ%3D%3D%7Cj5s5oI6ivq8l2vQOXyWixQ%3D%3D
08-22 16:51:16.087 D/mpv     ( 8531): [cplayer] v: Opening failed or was aborted: https://prod-1.storage.jamendo.com/?trackid=171&format=mp31&from=8CSIkMvwtD6jzKZ%2BPEaUMQ%3D%3D%7Cj5s5oI6ivq8l2vQOXyWixQ%3D%3D
08-22 16:51:16.088 I/MpvEvent( 8531): [PlaybackTrace][Native][eventLoop] event_id=7 error=0
08-22 16:51:16.089 E/MpvEvent( 8531): [PlaybackTrace][Native][eventLoop] MPV_EVENT_END_FILE reason=2 error=0
08-22 16:51:16.089 I/MpvEvent( 8531): [PlaybackTrace][Native][dispatch:event] name=endFile payload={"reason":2,"error":0}
08-22 16:51:16.090 I/MpvBridgeModule( 8531): [PlaybackTrace][Bridge][listener:event] name=endFile payload={"reason":2,"error":0}
08-22 16:51:16.091 I/MpvEvent( 8531): [PlaybackTrace][Native][eventLoop] event_id=6 error=0
08-22 16:51:16.091 I/MpvEvent( 8531): MPV_EVENT_START_FILE
08-22 16:51:16.092 I/MpvEvent( 8531): [PlaybackTrace][Native][eventLoop] event_id=2 error=0
08-22 16:51:16.092 I/MpvEvent( 8531): [PlaybackTrace][Native][eventLoop] event_id=2 error=0
08-22 16:51:16.092 I/MpvEvent( 8531): [PlaybackTrace][Native][eventLoop] event_id=2 error=0
08-22 16:51:16.092 I/MpvEvent( 8531): [PlaybackTrace][Native][eventLoop] event_id=2 error=0
08-22 16:51:16.092 I/MpvEvent( 8531): [PlaybackTrace][Native][eventLoop] event_id=2 error=0
08-22 16:51:16.092 I/MpvEvent( 8531): [PlaybackTrace][Native][eventLoop] event_id=2 error=0
08-22 16:51:16.092 I/MpvEvent( 8531): [PlaybackTrace][Native][eventLoop] event_id=2 error=0
08-22 16:51:16.092 D/mpv     ( 8531): [ffmpeg] v: Opening https://prod-1.storage.jamendo.com/?trackid=171&format=mp31&from=8CSIkMvwtD6jzKZ%2BPEaUMQ%3D%3D%7Cj5s5oI6ivq8l2vQOXyWixQ%3D%3D
08-22 16:51:16.121 I/MpvEvent( 8531): [PlaybackTrace][Native][eventLoop] event_id=2 error=0
08-22 16:51:16.286 I/MpvEvent( 8531): [PlaybackTrace][Native][eventLoop] event_id=2 error=0
08-22 16:51:16.603 I/ReactNativeJS( 8531): '[INFO]', '[PlaybackTrace][JS][loadFile:call]', { requestedPath: 'https://prod-1.storage.jamendo.com/?trackid=171&format=mp31&from=8CSIkMvwtD6jzKZ%2BPEaUMQ%3D%3D%7Cj5s5oI6ivq8l2vQOXyWixQ%3D%3D',
08-22 16:51:16.604 I/ReactNativeJS( 8531): '[INFO]', '[PlaybackTrace][JS][loadFile:return]', { resolvedPath: 'https://prod-1.storage.jamendo.com/?trackid=171&format=mp31&from=8CSIkMvwtD6jzKZ%2BPEaUMQ%3D%3D%7Cj5s5oI6ivq8l2vQOXyWixQ%3D%3D' }
08-22 16:51:16.604 I/MpvBridgeModule( 8531): [PlaybackTrace][Bridge][loadFile] requested=https://prod-1.storage.jamendo.com/?trackid=171&format=mp31&from=8CSIkMvwtD6jzKZ%2BPEaUMQ%3D%3D%7Cj5s5oI6ivq8l2vQOXyWixQ%3D%3D resolved=https://prod-1.storage.jamendo.com/?trackid=171&format=mp31&from=8CSIkMvwtD6jzKZ%2BPEaUMQ%3D%3D%7Cj5s5oI6ivq8l2vQOXyWixQ%3D%3D ptr=131217388029824
08-22 16:51:16.604 I/MpvJNI  ( 8531): [PlaybackTrace][Native][loadFile] begin path=https://prod-1.storage.jamendo.com/?trackid=171&format=mp31&from=8CSIkMvwtD6jzKZ%2BPEaUMQ%3D%3D%7Cj5s5oI6ivq8l2vQOXyWixQ%3D%3D initialized=1
08-22 16:51:16.605 I/MpvJNI  ( 8531): [PlaybackTrace][Native][loadFile] loadfile command accepted result=0
08-22 16:51:16.605 I/MpvBridgeModule( 8531): [PlaybackTrace][Bridge][loadFile] nativeLoadFile returned
08-22 16:51:16.606 I/MpvEvent( 8531): [PlaybackTrace][Native][eventLoop] event_id=2 error=0
08-22 16:51:16.638 I/ReactNativeJS( 8531): '[INFO]', '[PlaybackTrace][JS][loadFile:call]', { requestedPath: 'https://prod-1.storage.jamendo.com/?trackid=171&format=mp31&from=8CSIkMvwtD6jzKZ%2BPEaUMQ%3D%3D%7Cj5s5oI6ivq8l2vQOXyWixQ%3D%3D',
08-22 16:51:16.639 I/MpvBridgeModule( 8531): [PlaybackTrace][Bridge][loadFile] requested=https://prod-1.storage.jamendo.com/?trackid=171&format=mp31&from=8CSIkMvwtD6jzKZ%2BPEaUMQ%3D%3D%7Cj5s5oI6ivq8l2vQOXyWixQ%3D%3D resolved=https://prod-1.storage.jamendo.com/?trackid=171&format=mp31&from=8CSIkMvwtD6jzKZ%2BPEaUMQ%3D%3D%7Cj5s5oI6ivq8l2vQOXyWixQ%3D%3D ptr=131217388029824
08-22 16:51:16.639 I/MpvJNI  ( 8531): [PlaybackTrace][Native][loadFile] begin path=https://prod-1.storage.jamendo.com/?trackid=171&format=mp31&from=8CSIkMvwtD6jzKZ%2BPEaUMQ%3D%3D%7Cj5s5oI6ivq8l2vQOXyWixQ%3D%3D initialized=1
08-22 16:51:16.639 I/MpvJNI  ( 8531): [PlaybackTrace][Native][loadFile] loadfile command accepted result=0
08-22 16:51:16.639 I/MpvBridgeModule( 8531): [PlaybackTrace][Bridge][loadFile] nativeLoadFile returned
08-22 16:51:16.639 I/ReactNativeJS( 8531): '[INFO]', '[PlaybackTrace][JS][loadFile:return]', { resolvedPath: 'https://prod-1.storage.jamendo.com/?trackid=171&format=mp31&from=8CSIkMvwtD6jzKZ%2BPEaUMQ%3D%3D%7Cj5s5oI6ivq8l2vQOXyWixQ%3D%3D' }
08-22 16:51:16.643 I/MpvEvent( 8531): [PlaybackTrace][Native][eventLoop] event_id=2 error=0
08-22 16:51:16.686 I/MpvEvent( 8531): [PlaybackTrace][Native][eventLoop] event_id=2 error=0
08-22 16:51:16.687 I/MpvEvent( 8531): [PlaybackTrace][Native][mpv-log] prefix=ffmpeg level=error text=tls: mbedtls_ssl_handshake returned -0x7280
08-22 16:51:16.687 D/mpv     ( 8531): [ffmpeg] error: tls: mbedtls_ssl_handshake returned -0x7280
08-22 16:51:16.687 E/MpvEvent( 8531): [PlaybackTrace][Native][dispatch:error] code=-1 message=tls: mbedtls_ssl_handshake returned -0x7280
08-22 16:51:16.687 E/MpvBridgeModule( 8531): [PlaybackTrace][Bridge][listener:error] code=-1 message=tls: mbedtls_ssl_handshake returned -0x7280
08-22 16:51:16.689 I/MpvEvent( 8531): [PlaybackTrace][Native][eventLoop] event_id=7 error=0
08-22 16:51:16.689 E/MpvEvent( 8531): [PlaybackTrace][Native][eventLoop] MPV_EVENT_END_FILE reason=2 error=0
08-22 16:51:16.689 I/MpvEvent( 8531): [PlaybackTrace][Native][dispatch:event] name=endFile payload={"reason":2,"error":0}
08-22 16:51:16.689 I/MpvBridgeModule( 8531): [PlaybackTrace][Bridge][listener:event] name=endFile payload={"reason":2,"error":0}
08-22 16:51:16.691 I/MpvEvent( 8531): [PlaybackTrace][Native][eventLoop] event_id=6 error=0
08-22 16:51:16.691 I/MpvEvent( 8531): MPV_EVENT_START_FILE
08-22 16:51:16.691 I/MpvEvent( 8531): [PlaybackTrace][Native][eventLoop] event_id=2 error=0
08-22 16:51:16.691 I/MpvEvent( 8531): [PlaybackTrace][Native][mpv-log] prefix=cplayer level=v text=Opening failed or was aborted: https://prod-1.storage.jamendo.com/?trackid=171&format=mp31&from=8CSIkMvwtD6jzKZ%2BPEaUMQ%3D%3D%7Cj5s5oI6ivq8l2vQOXyWixQ%3D%3D
08-22 16:51:16.691 D/mpv     ( 8531): [cplayer] v: Opening failed or was aborted: https://prod-1.storage.jamendo.com/?trackid=171&format=mp31&from=8CSIkMvwtD6jzKZ%2BPEaUMQ%3D%3D%7Cj5s5oI6ivq8l2vQOXyWixQ%3D%3D
08-22 16:51:16.691 I/MpvEvent( 8531): [PlaybackTrace][Native][eventLoop] event_id=2 error=0
08-22 16:51:16.692 I/MpvEvent( 8531): [PlaybackTrace][Native][eventLoop] event_id=2 error=0
08-22 16:51:16.692 I/MpvEvent( 8531): [PlaybackTrace][Native][eventLoop] event_id=2 error=0
08-22 16:51:16.692 I/MpvEvent( 8531): [PlaybackTrace][Native][eventLoop] event_id=2 error=0
08-22 16:51:16.692 I/MpvEvent( 8531): [PlaybackTrace][Native][eventLoop] event_id=2 error=0
08-22 16:51:16.692 I/MpvEvent( 8531): [PlaybackTrace][Native][eventLoop] event_id=2 error=0
08-22 16:51:16.692 I/MpvEvent( 8531): [PlaybackTrace][Native][eventLoop] event_id=2 error=0
08-22 16:51:16.692 D/mpv     ( 8531): [ffmpeg] v: Opening https://prod-1.storage.jamendo.com/?trackid=171&format=mp31&from=8CSIkMvwtD6jzKZ%2BPEaUMQ%3D%3D%7Cj5s5oI6ivq8l2vQOXyWixQ%3D%3D
08-22 16:51:16.722 I/ReactNativeJS( 8531): '[INFO]', '[PlaybackTrace][JS][loadFile:call]', { requestedPath: 'https://prod-1.storage.jamendo.com/?trackid=171&format=mp31&from=8CSIkMvwtD6jzKZ%2BPEaUMQ%3D%3D%7Cj5s5oI6ivq8l2vQOXyWixQ%3D%3D',
08-22 16:51:16.723 I/MpvBridgeModule( 8531): [PlaybackTrace][Bridge][loadFile] requested=https://prod-1.storage.jamendo.com/?trackid=171&format=mp31&from=8CSIkMvwtD6jzKZ%2BPEaUMQ%3D%3D%7Cj5s5oI6ivq8l2vQOXyWixQ%3D%3D resolved=https://prod-1.storage.jamendo.com/?trackid=171&format=mp31&from=8CSIkMvwtD6jzKZ%2BPEaUMQ%3D%3D%7Cj5s5oI6ivq8l2vQOXyWixQ%3D%3D ptr=131217388029824
08-22 16:51:16.723 I/MpvJNI  ( 8531): [PlaybackTrace][Native][loadFile] begin path=https://prod-1.storage.jamendo.com/?trackid=171&format=mp31&from=8CSIkMvwtD6jzKZ%2BPEaUMQ%3D%3D%7Cj5s5oI6ivq8l2vQOXyWixQ%3D%3D initialized=1
08-22 16:51:16.723 I/MpvJNI  ( 8531): [PlaybackTrace][Native][loadFile] loadfile command accepted result=0
08-22 16:51:16.723 I/MpvBridgeModule( 8531): [PlaybackTrace][Bridge][loadFile] nativeLoadFile returned
08-22 16:51:16.723 I/ReactNativeJS( 8531): '[INFO]', '[PlaybackTrace][JS][loadFile:return]', { resolvedPath: 'https://prod-1.storage.jamendo.com/?trackid=171&format=mp31&from=8CSIkMvwtD6jzKZ%2BPEaUMQ%3D%3D%7Cj5s5oI6ivq8l2vQOXyWixQ%3D%3D' }
08-22 16:51:16.726 I/MpvEvent( 8531): [PlaybackTrace][Native][eventLoop] event_id=2 error=0
08-22 16:51:16.796 I/MpvEvent( 8531): [PlaybackTrace][Native][eventLoop] event_id=2 error=0
08-22 16:51:16.796 I/MpvEvent( 8531): [PlaybackTrace][Native][mpv-log] prefix=cplayer level=v text=Opening failed or was aborted: https://prod-1.storage.jamendo.com/?trackid=171&format=mp31&from=8CSIkMvwtD6jzKZ%2BPEaUMQ%3D%3D%7Cj5s5oI6ivq8l2vQOXyWixQ%3D%3D
08-22 16:51:16.796 D/mpv     ( 8531): [cplayer] v: Opening failed or was aborted: https://prod-1.storage.jamendo.com/?trackid=171&format=mp31&from=8CSIkMvwtD6jzKZ%2BPEaUMQ%3D%3D%7Cj5s5oI6ivq8l2vQOXyWixQ%3D%3D
08-22 16:51:16.796 I/MpvEvent( 8531): [PlaybackTrace][Native][eventLoop] event_id=7 error=0
08-22 16:51:16.796 E/MpvEvent( 8531): [PlaybackTrace][Native][eventLoop] MPV_EVENT_END_FILE reason=2 error=0
08-22 16:51:16.796 I/MpvEvent( 8531): [PlaybackTrace][Native][dispatch:event] name=endFile payload={"reason":2,"error":0}
08-22 16:51:16.797 I/MpvBridgeModule( 8531): [PlaybackTrace][Bridge][listener:event] name=endFile payload={"reason":2,"error":0}
08-22 16:51:16.797 I/MpvEvent( 8531): [PlaybackTrace][Native][eventLoop] event_id=6 error=0
08-22 16:51:16.797 I/MpvEvent( 8531): MPV_EVENT_START_FILE
08-22 16:51:16.798 I/MpvEvent( 8531): [PlaybackTrace][Native][eventLoop] event_id=2 error=0
08-22 16:51:16.799 I/MpvEvent( 8531): [PlaybackTrace][Native][eventLoop] event_id=2 error=0
08-22 16:51:16.799 I/MpvEvent( 8531): [PlaybackTrace][Native][eventLoop] event_id=2 error=0
08-22 16:51:16.799 I/MpvEvent( 8531): [PlaybackTrace][Native][eventLoop] event_id=2 error=0
08-22 16:51:16.799 I/MpvEvent( 8531): [PlaybackTrace][Native][eventLoop] event_id=2 error=0
08-22 16:51:16.799 I/MpvEvent( 8531): [PlaybackTrace][Native][eventLoop] event_id=2 error=0
08-22 16:51:16.799 I/MpvEvent( 8531): [PlaybackTrace][Native][eventLoop] event_id=2 error=0
08-22 16:51:16.799 D/mpv     ( 8531): [ffmpeg] v: Opening https://prod-1.storage.jamendo.com/?trackid=171&format=mp31&from=8CSIkMvwtD6jzKZ%2BPEaUMQ%3D%3D%7Cj5s5oI6ivq8l2vQOXyWixQ%3D%3D
08-22 16:51:16.870 I/MpvEvent( 8531): [PlaybackTrace][Native][eventLoop] event_id=2 error=0
08-22 16:51:16.903 I/MpvEvent( 8531): [PlaybackTrace][Native][eventLoop] event_id=2 error=0
08-22 16:51:16.987 I/MpvEvent( 8531): [PlaybackTrace][Native][eventLoop] event_id=2 error=0
08-22 16:51:17.299 I/MpvEvent( 8531): [PlaybackTrace][Native][eventLoop] event_id=2 error=0
08-22 16:51:17.299 I/MpvEvent( 8531): [PlaybackTrace][Native][mpv-log] prefix=ffmpeg level=error text=tls: mbedtls_ssl_handshake returned -0x6600
08-22 16:51:17.299 D/mpv     ( 8531): [ffmpeg] error: tls: mbedtls_ssl_handshake returned -0x6600
08-22 16:51:17.299 E/MpvEvent( 8531): [PlaybackTrace][Native][dispatch:error] code=-1 message=tls: mbedtls_ssl_handshake returned -0x6600
08-22 16:51:17.300 E/MpvBridgeModule( 8531): [PlaybackTrace][Bridge][listener:error] code=-1 message=tls: mbedtls_ssl_handshake returned -0x6600
08-22 16:51:17.319 I/MpvEvent( 8531): [PlaybackTrace][Native][eventLoop] event_id=2 error=0
08-22 16:51:17.319 I/MpvEvent( 8531): [PlaybackTrace][Native][mpv-log] prefix=stream level=error text=Failed to open https://prod-1.storage.jamendo.com/?trackid=171&format=mp31&from=8CSIkMvwtD6jzKZ%2BPEaUMQ%3D%3D%7Cj5s5oI6ivq8l2vQOXyWixQ%3D%3D.
08-22 16:51:17.319 E/MpvEvent( 8531): [PlaybackTrace][Native][dispatch:error] code=-1 message=Failed to open https://prod-1.storage.jamendo.com/?trackid=171&format=mp31&from=8CSIkMvwtD6jzKZ%2BPEaUMQ%3D%3D%7Cj5s5oI6ivq8l2vQOXyWixQ%3D%3D.
08-22 16:51:17.320 E/MpvBridgeModule( 8531): [PlaybackTrace][Bridge][listener:error] code=-1 message=Failed to open https://prod-1.storage.jamendo.com/?trackid=171&format=mp31&from=8CSIkMvwtD6jzKZ%2BPEaUMQ%3D%3D%7Cj5s5oI6ivq8l2vQOXyWixQ%3D%3D.
08-22 16:51:17.322 I/MpvEvent( 8531): [PlaybackTrace][Native][eventLoop] event_id=2 error=0
08-22 16:51:17.323 I/MpvEvent( 8531): [PlaybackTrace][Native][mpv-log] prefix=cplayer level=v text=Opening failed or was aborted: https://prod-1.storage.jamendo.com/?trackid=171&format=mp31&from=8CSIkMvwtD6jzKZ%2BPEaUMQ%3D%3D%7Cj5s5oI6ivq8l2vQOXyWixQ%3D%3D
08-22 16:51:17.323 D/mpv     ( 8531): [cplayer] v: Opening failed or was aborted: https://prod-1.storage.jamendo.com/?trackid=171&format=mp31&from=8CSIkMvwtD6jzKZ%2BPEaUMQ%3D%3D%7Cj5s5oI6ivq8l2vQOXyWixQ%3D%3D
08-22 16:51:17.323 I/MpvEvent( 8531): [PlaybackTrace][Native][eventLoop] event_id=2 error=0
08-22 16:51:17.323 I/MpvEvent( 8531): [PlaybackTrace][Native][eventLoop] event_id=2 error=0
08-22 16:51:17.346 I/MpvEvent( 8531): [PlaybackTrace][Native][eventLoop] event_id=2 error=0
08-22 16:51:17.346 I/MpvEvent( 8531): [PlaybackTrace][Native][mpv-log] prefix=ytdl_hook level=error text=Subprocess failed: init
08-22 16:51:17.346 E/MpvEvent( 8531): [PlaybackTrace][Native][dispatch:error] code=-1 message=Subprocess failed: init
08-22 16:51:17.346 E/MpvBridgeModule( 8531): [PlaybackTrace][Bridge][listener:error] code=-1 message=Subprocess failed: init
08-22 16:51:17.348 I/MpvEvent( 8531): [PlaybackTrace][Native][eventLoop] event_id=7 error=0
08-22 16:51:17.348 E/MpvEvent( 8531): [PlaybackTrace][Native][eventLoop] MPV_EVENT_END_FILE reason=4 error=-13
08-22 16:51:17.348 I/MpvEvent( 8531): [PlaybackTrace][Native][dispatch:event] name=endFile payload={"reason":4,"error":-13}
08-22 16:51:17.348 I/MpvBridgeModule( 8531): [PlaybackTrace][Bridge][listener:event] name=endFile payload={"reason":4,"error":-13}
08-22 16:51:17.349 I/MpvEvent( 8531): [PlaybackTrace][Native][eventLoop] event_id=11 error=0
08-22 16:51:17.349 I/MpvEvent( 8531): [PlaybackTrace][Native][eventLoop] event_id=2 error=0
08-22 16:51:17.349 I/MpvEvent( 8531): [PlaybackTrace][Native][mpv-log] prefix=cplayer level=v text=Set property: user-data/mpv/ytdl/json-subprocess-result={"killed_by_us":false,"error_string":"init","status":-3,"stderr":"","stdout":""} -> 1
08-22 16:51:17.349 D/mpv     ( 8531): [cplayer] v: Set property: user-data/mpv/ytdl/json-subprocess-result={"killed_by_us":false,"error_string":"init","status":-3,"stderr":"","stdout":""} -> 1
08-22 16:51:17.349 I/MpvEvent( 8531): [PlaybackTrace][Native][eventLoop] event_id=2 error=0
08-22 16:51:17.350 I/MpvEvent( 8531): [PlaybackTrace][Native][eventLoop] event_id=2 error=0
08-22 16:51:17.350 I/MpvEvent( 8531): [PlaybackTrace][Native][eventLoop] event_id=2 error=0
08-22 16:51:17.350 I/MpvEvent( 8531): [PlaybackTrace][Native][eventLoop] event_id=2 error=0
08-22 16:51:17.350 I/MpvEvent( 8531): [PlaybackTrace][Native][eventLoop] event_id=2 error=0
08-22 16:51:17.350 I/MpvEvent( 8531): [PlaybackTrace][Native][mpv-log] prefix=ytdl_hook level=error text=
08-22 16:51:17.350 E/MpvEvent( 8531): [PlaybackTrace][Native][dispatch:error] code=-1 message=
08-22 16:51:17.350 E/MpvBridgeModule( 8531): [PlaybackTrace][Bridge][listener:error] code=-1 message=
08-22 16:51:17.351 I/MpvEvent( 8531): [PlaybackTrace][Native][eventLoop] event_id=2 error=0
08-22 16:51:17.351 I/MpvEvent( 8531): [PlaybackTrace][Native][mpv-log] prefix=ytdl_hook level=error text=youtube-dl failed: not found or not enough permissions
08-22 16:51:17.351 E/MpvEvent( 8531): [PlaybackTrace][Native][dispatch:error] code=-1 message=youtube-dl failed: not found or not enough permissions
08-22 16:51:17.351 E/MpvBridgeModule( 8531): [PlaybackTrace][Bridge][listener:error] code=-1 message=youtube-dl failed: not found or not enough permissions
08-22 16:51:17.352 I/MpvEvent( 8531): [PlaybackTrace][Native][eventLoop] event_id=2 error=0
08-22 16:51:17.352 I/MpvEvent( 8531): [PlaybackTrace][Native][mpv-log] prefix=cplayer level=v text=finished playback, loading failed (reason 4)
08-22 16:51:17.352 D/mpv     ( 8531): [cplayer] v: finished playback, loading failed (reason 4)
08-22 16:51:17.352 I/MpvEvent( 8531): [PlaybackTrace][Native][eventLoop] event_id=2 error=0
08-22 16:51:17.456 I/ReactNativeJS( 8531): '[INFO]', '[PlaybackTrace][JS][loadFile:call]', { requestedPath: 'https://prod-1.storage.jamendo.com/?trackid=171&format=mp31&from=8CSIkMvwtD6jzKZ%2BPEaUMQ%3D%3D%7Cj5s5oI6ivq8l2vQOXyWixQ%3D%3D',
08-22 16:51:17.457 I/ReactNativeJS( 8531): '[INFO]', '[PlaybackTrace][JS][loadFile:return]', { resolvedPath: 'https://prod-1.storage.jamendo.com/?trackid=171&format=mp31&from=8CSIkMvwtD6jzKZ%2BPEaUMQ%3D%3D%7Cj5s5oI6ivq8l2vQOXyWixQ%3D%3D' }
08-22 16:51:17.457 I/MpvBridgeModule( 8531): [PlaybackTrace][Bridge][loadFile] requested=https://prod-1.storage.jamendo.com/?trackid=171&format=mp31&from=8CSIkMvwtD6jzKZ%2BPEaUMQ%3D%3D%7Cj5s5oI6ivq8l2vQOXyWixQ%3D%3D resolved=https://prod-1.storage.jamendo.com/?trackid=171&format=mp31&from=8CSIkMvwtD6jzKZ%2BPEaUMQ%3D%3D%7Cj5s5oI6ivq8l2vQOXyWixQ%3D%3D ptr=131217388029824
08-22 16:51:17.458 I/MpvJNI  ( 8531): [PlaybackTrace][Native][loadFile] begin path=https://prod-1.storage.jamendo.com/?trackid=171&format=mp31&from=8CSIkMvwtD6jzKZ%2BPEaUMQ%3D%3D%7Cj5s5oI6ivq8l2vQOXyWixQ%3D%3D initialized=1
08-22 16:51:17.459 I/MpvJNI  ( 8531): [PlaybackTrace][Native][loadFile] loadfile command accepted result=0
08-22 16:51:17.459 I/MpvBridgeModule( 8531): [PlaybackTrace][Bridge][loadFile] nativeLoadFile returned
08-22 16:51:17.461 I/MpvEvent( 8531): [PlaybackTrace][Native][eventLoop] event_id=6 error=0
08-22 16:51:17.461 I/MpvEvent( 8531): MPV_EVENT_START_FILE
08-22 16:51:17.464 I/MpvEvent( 8531): [PlaybackTrace][Native][eventLoop] event_id=2 error=0
08-22 16:51:17.464 I/MpvEvent( 8531): [PlaybackTrace][Native][eventLoop] event_id=2 error=0
08-22 16:51:17.464 I/MpvEvent( 8531): [PlaybackTrace][Native][eventLoop] event_id=2 error=0
08-22 16:51:17.465 I/MpvEvent( 8531): [PlaybackTrace][Native][eventLoop] event_id=2 error=0
08-22 16:51:17.465 I/MpvEvent( 8531): [PlaybackTrace][Native][eventLoop] event_id=2 error=0
08-22 16:51:17.465 I/MpvEvent( 8531): [PlaybackTrace][Native][eventLoop] event_id=2 error=0
08-22 16:51:17.465 D/mpv     ( 8531): [ffmpeg] v: Opening https://prod-1.storage.jamendo.com/?trackid=171&format=mp31&from=8CSIkMvwtD6jzKZ%2BPEaUMQ%3D%3D%7Cj5s5oI6ivq8l2vQOXyWixQ%3D%3D
08-22 16:51:17.720 I/MpvEvent( 8531): [PlaybackTrace][Native][eventLoop] event_id=2 error=0
08-22 16:51:18.024 I/MpvEvent( 8531): [PlaybackTrace][Native][eventLoop] event_id=2 error=0
08-22 16:51:18.025 I/MpvEvent( 8531): [PlaybackTrace][Native][mpv-log] prefix=ffmpeg level=error text=tls: mbedtls_ssl_handshake returned -0x6600
08-22 16:51:18.025 D/mpv     ( 8531): [ffmpeg] error: tls: mbedtls_ssl_handshake returned -0x6600
08-22 16:51:18.025 E/MpvEvent( 8531): [PlaybackTrace][Native][dispatch:error] code=-1 message=tls: mbedtls_ssl_handshake returned -0x6600
08-22 16:51:18.041 E/MpvBridgeModule( 8531): [PlaybackTrace][Bridge][listener:error] code=-1 message=tls: mbedtls_ssl_handshake returned -0x6600
08-22 16:51:18.047 I/MpvEvent( 8531): [PlaybackTrace][Native][eventLoop] event_id=2 error=0
08-22 16:51:18.048 I/MpvEvent( 8531): [PlaybackTrace][Native][mpv-log] prefix=stream level=error text=Failed to open https://prod-1.storage.jamendo.com/?trackid=171&format=mp31&from=8CSIkMvwtD6jzKZ%2BPEaUMQ%3D%3D%7Cj5s5oI6ivq8l2vQOXyWixQ%3D%3D.
08-22 16:51:18.048 E/MpvEvent( 8531): [PlaybackTrace][Native][dispatch:error] code=-1 message=Failed to open https://prod-1.storage.jamendo.com/?trackid=171&format=mp31&from=8CSIkMvwtD6jzKZ%2BPEaUMQ%3D%3D%7Cj5s5oI6ivq8l2vQOXyWixQ%3D%3D.
08-22 16:51:18.049 E/MpvBridgeModule( 8531): [PlaybackTrace][Bridge][listener:error] code=-1 message=Failed to open https://prod-1.storage.jamendo.com/?trackid=171&format=mp31&from=8CSIkMvwtD6jzKZ%2BPEaUMQ%3D%3D%7Cj5s5oI6ivq8l2vQOXyWixQ%3D%3D.
08-22 16:51:18.050 I/MpvEvent( 8531): [PlaybackTrace][Native][eventLoop] event_id=2 error=0
08-22 16:51:18.050 I/MpvEvent( 8531): [PlaybackTrace][Native][mpv-log] prefix=cplayer level=v text=Opening failed or was aborted: https://prod-1.storage.jamendo.com/?trackid=171&format=mp31&from=8CSIkMvwtD6jzKZ%2BPEaUMQ%3D%3D%7Cj5s5oI6ivq8l2vQOXyWixQ%3D%3D
08-22 16:51:18.050 D/mpv     ( 8531): [cplayer] v: Opening failed or was aborted: https://prod-1.storage.jamendo.com/?trackid=171&format=mp31&from=8CSIkMvwtD6jzKZ%2BPEaUMQ%3D%3D%7Cj5s5oI6ivq8l2vQOXyWixQ%3D%3D
08-22 16:51:18.051 I/MpvEvent( 8531): [PlaybackTrace][Native][eventLoop] event_id=2 error=0
08-22 16:51:18.051 I/MpvEvent( 8531): [PlaybackTrace][Native][eventLoop] event_id=2 error=0
08-22 16:51:18.074 I/MpvEvent( 8531): [PlaybackTrace][Native][eventLoop] event_id=2 error=0
08-22 16:51:18.074 I/MpvEvent( 8531): [PlaybackTrace][Native][mpv-log] prefix=ytdl_hook level=error text=Subprocess failed: init
08-22 16:51:18.074 E/MpvEvent( 8531): [PlaybackTrace][Native][dispatch:error] code=-1 message=Subprocess failed: init
08-22 16:51:18.074 E/MpvBridgeModule( 8531): [PlaybackTrace][Bridge][listener:error] code=-1 message=Subprocess failed: init
08-22 16:51:18.075 I/MpvEvent( 8531): [PlaybackTrace][Native][eventLoop] event_id=7 error=0
08-22 16:51:18.076 E/MpvEvent( 8531): [PlaybackTrace][Native][eventLoop] MPV_EVENT_END_FILE reason=4 error=-13
08-22 16:51:18.076 I/MpvEvent( 8531): [PlaybackTrace][Native][dispatch:event] name=endFile payload={"reason":4,"error":-13}
08-22 16:51:18.076 I/MpvBridgeModule( 8531): [PlaybackTrace][Bridge][listener:event] name=endFile payload={"reason":4,"error":-13}
08-22 16:51:18.077 I/MpvEvent( 8531): [PlaybackTrace][Native][eventLoop] event_id=11 error=0
08-22 16:51:18.077 I/MpvEvent( 8531): [PlaybackTrace][Native][eventLoop] event_id=2 error=0
08-22 16:51:18.078 I/MpvEvent( 8531): [PlaybackTrace][Native][mpv-log] prefix=cplayer level=v text=Set property: user-data/mpv/ytdl/json-subprocess-result={"killed_by_us":false,"error_string":"init","status":-3,"stderr":"","stdout":""} -> 1
08-22 16:51:18.078 D/mpv     ( 8531): [cplayer] v: Set property: user-data/mpv/ytdl/json-subprocess-result={"killed_by_us":false,"error_string":"init","status":-3,"stderr":"","stdout":""} -> 1
08-22 16:51:18.078 I/MpvEvent( 8531): [PlaybackTrace][Native][eventLoop] event_id=2 error=0
08-22 16:51:18.078 I/MpvEvent( 8531): [PlaybackTrace][Native][eventLoop] event_id=2 error=0
08-22 16:51:18.078 I/MpvEvent( 8531): [PlaybackTrace][Native][eventLoop] event_id=2 error=0
08-22 16:51:18.078 I/MpvEvent( 8531): [PlaybackTrace][Native][eventLoop] event_id=2 error=0
08-22 16:51:18.078 I/MpvEvent( 8531): [PlaybackTrace][Native][eventLoop] event_id=2 error=0
08-22 16:51:18.078 I/MpvEvent( 8531): [PlaybackTrace][Native][mpv-log] prefix=ytdl_hook level=error text=
08-22 16:51:18.078 E/MpvEvent( 8531): [PlaybackTrace][Native][dispatch:error] code=-1 message=
08-22 16:51:18.079 E/MpvBridgeModule( 8531): [PlaybackTrace][Bridge][listener:error] code=-1 message=
08-22 16:51:18.080 I/MpvEvent( 8531): [PlaybackTrace][Native][eventLoop] event_id=2 error=0
08-22 16:51:18.080 I/MpvEvent( 8531): [PlaybackTrace][Native][mpv-log] prefix=ytdl_hook level=error text=youtube-dl failed: not found or not enough permissions
08-22 16:51:18.081 E/MpvEvent( 8531): [PlaybackTrace][Native][dispatch:error] code=-1 message=youtube-dl failed: not found or not enough permissions
08-22 16:51:18.081 E/MpvBridgeModule( 8531): [PlaybackTrace][Bridge][listener:error] code=-1 message=youtube-dl failed: not found or not enough permissions
08-22 16:51:18.082 I/MpvEvent( 8531): [PlaybackTrace][Native][eventLoop] event_id=2 error=0
08-22 16:51:18.082 I/MpvEvent( 8531): [PlaybackTrace][Native][mpv-log] prefix=cplayer level=v text=finished playback, loading failed (reason 4)
08-22 16:51:18.082 D/mpv     ( 8531): [cplayer] v: finished playback, loading failed (reason 4)
08-22 16:51:18.082 I/MpvEvent( 8531): [PlaybackTrace][Native][eventLoop] event_id=2 error=0
08-22 16:51:18.160 I/ReactNativeJS( 8531): '[INFO]', '[PlaybackTrace][JS][loadFile:call]', { requestedPath: 'https://prod-1.storage.jamendo.com/?trackid=171&format=mp31&from=8CSIkMvwtD6jzKZ%2BPEaUMQ%3D%3D%7Cj5s5oI6ivq8l2vQOXyWixQ%3D%3D',
08-22 16:51:18.160 I/MpvBridgeModule( 8531): [PlaybackTrace][Bridge][loadFile] requested=https://prod-1.storage.jamendo.com/?trackid=171&format=mp31&from=8CSIkMvwtD6jzKZ%2BPEaUMQ%3D%3D%7Cj5s5oI6ivq8l2vQOXyWixQ%3D%3D resolved=https://prod-1.storage.jamendo.com/?trackid=171&format=mp31&from=8CSIkMvwtD6jzKZ%2BPEaUMQ%3D%3D%7Cj5s5oI6ivq8l2vQOXyWixQ%3D%3D ptr=131217388029824
08-22 16:51:18.161 I/MpvJNI  ( 8531): [PlaybackTrace][Native][loadFile] begin path=https://prod-1.storage.jamendo.com/?trackid=171&format=mp31&from=8CSIkMvwtD6jzKZ%2BPEaUMQ%3D%3D%7Cj5s5oI6ivq8l2vQOXyWixQ%3D%3D initialized=1
08-22 16:51:18.161 I/MpvJNI  ( 8531): [PlaybackTrace][Native][loadFile] loadfile command accepted result=0
08-22 16:51:18.161 I/MpvBridgeModule( 8531): [PlaybackTrace][Bridge][loadFile] nativeLoadFile returned
08-22 16:51:18.161 I/ReactNativeJS( 8531): '[INFO]', '[PlaybackTrace][JS][loadFile:return]', { resolvedPath: 'https://prod-1.storage.jamendo.com/?trackid=171&format=mp31&from=8CSIkMvwtD6jzKZ%2BPEaUMQ%3D%3D%7Cj5s5oI6ivq8l2vQOXyWixQ%3D%3D' }
08-22 16:51:18.162 I/MpvEvent( 8531): [PlaybackTrace][Native][eventLoop] event_id=6 error=0
08-22 16:51:18.163 I/MpvEvent( 8531): MPV_EVENT_START_FILE
08-22 16:51:18.168 I/ReactNativeJS( 8531): '[INFO]', '[PlaybackTrace][JS][loadFile:call]', { requestedPath: 'https://prod-1.storage.jamendo.com/?trackid=171&format=mp31&from=8CSIkMvwtD6jzKZ%2BPEaUMQ%3D%3D%7Cj5s5oI6ivq8l2vQOXyWixQ%3D%3D',
08-22 16:51:18.168 I/MpvBridgeModule( 8531): [PlaybackTrace][Bridge][loadFile] requested=https://prod-1.storage.jamendo.com/?trackid=171&format=mp31&from=8CSIkMvwtD6jzKZ%2BPEaUMQ%3D%3D%7Cj5s5oI6ivq8l2vQOXyWixQ%3D%3D resolved=https://prod-1.storage.jamendo.com/?trackid=171&format=mp31&from=8CSIkMvwtD6jzKZ%2BPEaUMQ%3D%3D%7Cj5s5oI6ivq8l2vQOXyWixQ%3D%3D ptr=131217388029824
08-22 16:51:18.168 I/MpvJNI  ( 8531): [PlaybackTrace][Native][loadFile] begin path=https://prod-1.storage.jamendo.com/?trackid=171&format=mp31&from=8CSIkMvwtD6jzKZ%2BPEaUMQ%3D%3D%7Cj5s5oI6ivq8l2vQOXyWixQ%3D%3D initialized=1
08-22 16:51:18.169 I/ReactNativeJS( 8531): '[INFO]', '[PlaybackTrace][JS][loadFile:return]', { resolvedPath: 'https://prod-1.storage.jamendo.com/?trackid=171&format=mp31&from=8CSIkMvwtD6jzKZ%2BPEaUMQ%3D%3D%7Cj5s5oI6ivq8l2vQOXyWixQ%3D%3D' }
08-22 16:51:18.169 I/MpvJNI  ( 8531): [PlaybackTrace][Native][loadFile] loadfile command accepted result=0
08-22 16:51:18.169 I/MpvBridgeModule( 8531): [PlaybackTrace][Bridge][loadFile] nativeLoadFile returned
08-22 16:51:18.169 I/MpvEvent( 8531): [PlaybackTrace][Native][eventLoop] event_id=2 error=0
08-22 16:51:18.169 I/MpvEvent( 8531): [PlaybackTrace][Native][eventLoop] event_id=2 error=0
08-22 16:51:18.169 I/MpvEvent( 8531): [PlaybackTrace][Native][eventLoop] event_id=2 error=0
08-22 16:51:18.169 I/MpvEvent( 8531): [PlaybackTrace][Native][eventLoop] event_id=2 error=0
08-22 16:51:18.169 I/MpvEvent( 8531): [PlaybackTrace][Native][eventLoop] event_id=2 error=0
08-22 16:51:18.169 I/MpvEvent( 8531): [PlaybackTrace][Native][eventLoop] event_id=2 error=0
08-22 16:51:18.169 D/mpv     ( 8531): [ffmpeg] v: Opening https://prod-1.storage.jamendo.com/?trackid=171&format=mp31&from=8CSIkMvwtD6jzKZ%2BPEaUMQ%3D%3D%7Cj5s5oI6ivq8l2vQOXyWixQ%3D%3D
08-22 16:51:18.172 I/MpvEvent( 8531): [PlaybackTrace][Native][eventLoop] event_id=2 error=0
08-22 16:51:18.172 I/MpvEvent( 8531): [PlaybackTrace][Native][mpv-log] prefix=cplayer level=v text=Opening failed or was aborted: https://prod-1.storage.jamendo.com/?trackid=171&format=mp31&from=8CSIkMvwtD6jzKZ%2BPEaUMQ%3D%3D%7Cj5s5oI6ivq8l2vQOXyWixQ%3D%3D
08-22 16:51:18.172 D/mpv     ( 8531): [cplayer] v: Opening failed or was aborted: https://prod-1.storage.jamendo.com/?trackid=171&format=mp31&from=8CSIkMvwtD6jzKZ%2BPEaUMQ%3D%3D%7Cj5s5oI6ivq8l2vQOXyWixQ%3D%3D
08-22 16:51:18.173 I/MpvEvent( 8531): [PlaybackTrace][Native][eventLoop] event_id=7 error=0
08-22 16:51:18.173 E/MpvEvent( 8531): [PlaybackTrace][Native][eventLoop] MPV_EVENT_END_FILE reason=2 error=0
08-22 16:51:18.173 I/MpvEvent( 8531): [PlaybackTrace][Native][dispatch:event] name=endFile payload={"reason":2,"error":0}
08-22 16:51:18.173 I/MpvBridgeModule( 8531): [PlaybackTrace][Bridge][listener:event] name=endFile payload={"reason":2,"error":0}
08-22 16:51:18.178 I/MpvEvent( 8531): [PlaybackTrace][Native][eventLoop] event_id=6 error=0
08-22 16:51:18.178 I/MpvEvent( 8531): MPV_EVENT_START_FILE
08-22 16:51:18.181 I/MpvEvent( 8531): [PlaybackTrace][Native][eventLoop] event_id=2 error=0
08-22 16:51:18.181 I/MpvEvent( 8531): [PlaybackTrace][Native][eventLoop] event_id=2 error=0
08-22 16:51:18.181 I/MpvEvent( 8531): [PlaybackTrace][Native][eventLoop] event_id=2 error=0
08-22 16:51:18.182 I/MpvEvent( 8531): [PlaybackTrace][Native][eventLoop] event_id=2 error=0
08-22 16:51:18.182 I/MpvEvent( 8531): [PlaybackTrace][Native][eventLoop] event_id=2 error=0
08-22 16:51:18.182 I/MpvEvent( 8531): [PlaybackTrace][Native][eventLoop] event_id=2 error=0
08-22 16:51:18.182 I/MpvEvent( 8531): [PlaybackTrace][Native][eventLoop] event_id=2 error=0
08-22 16:51:18.182 I/MpvEvent( 8531): [PlaybackTrace][Native][eventLoop] event_id=2 error=0
08-22 16:51:18.182 D/mpv     ( 8531): [ffmpeg] v: Opening https://prod-1.storage.jamendo.com/?trackid=171&format=mp31&from=8CSIkMvwtD6jzKZ%2BPEaUMQ%3D%3D%7Cj5s5oI6ivq8l2vQOXyWixQ%3D%3D
08-22 16:51:18.437 I/MpvEvent( 8531): [PlaybackTrace][Native][eventLoop] event_id=2 error=0
08-22 16:51:18.453 I/MpvEvent( 8531): [PlaybackTrace][Native][eventLoop] event_id=2 error=0
08-22 16:51:18.639 I/MpvEvent( 8531): [PlaybackTrace][Native][eventLoop] event_id=2 error=0
08-22 16:51:18.639 I/MpvEvent( 8531): [PlaybackTrace][Native][mpv-log] prefix=ffmpeg level=error text=tls: mbedtls_ssl_handshake returned -0x6600
08-22 16:51:18.640 D/mpv     ( 8531): [ffmpeg] error: tls: mbedtls_ssl_handshake returned -0x6600
08-22 16:51:18.640 E/MpvEvent( 8531): [PlaybackTrace][Native][dispatch:error] code=-1 message=tls: mbedtls_ssl_handshake returned -0x6600
08-22 16:51:18.640 E/MpvBridgeModule( 8531): [PlaybackTrace][Bridge][listener:error] code=-1 message=tls: mbedtls_ssl_handshake returned -0x6600
08-22 16:51:18.642 I/MpvEvent( 8531): [PlaybackTrace][Native][eventLoop] event_id=2 error=0
08-22 16:51:18.642 I/MpvEvent( 8531): [PlaybackTrace][Native][mpv-log] prefix=stream level=error text=Failed to open https://prod-1.storage.jamendo.com/?trackid=171&format=mp31&from=8CSIkMvwtD6jzKZ%2BPEaUMQ%3D%3D%7Cj5s5oI6ivq8l2vQOXyWixQ%3D%3D.
08-22 16:51:18.642 E/MpvEvent( 8531): [PlaybackTrace][Native][dispatch:error] code=-1 message=Failed to open https://prod-1.storage.jamendo.com/?trackid=171&format=mp31&from=8CSIkMvwtD6jzKZ%2BPEaUMQ%3D%3D%7Cj5s5oI6ivq8l2vQOXyWixQ%3D%3D.
08-22 16:51:18.661 E/MpvBridgeModule( 8531): [PlaybackTrace][Bridge][listener:error] code=-1 message=Failed to open https://prod-1.storage.jamendo.com/?trackid=171&format=mp31&from=8CSIkMvwtD6jzKZ%2BPEaUMQ%3D%3D%7Cj5s5oI6ivq8l2vQOXyWixQ%3D%3D.
08-22 16:51:18.667 I/MpvEvent( 8531): [PlaybackTrace][Native][eventLoop] event_id=2 error=0
08-22 16:51:18.667 I/MpvEvent( 8531): [PlaybackTrace][Native][mpv-log] prefix=cplayer level=v text=Opening failed or was aborted: https://prod-1.storage.jamendo.com/?trackid=171&format=mp31&from=8CSIkMvwtD6jzKZ%2BPEaUMQ%3D%3D%7Cj5s5oI6ivq8l2vQOXyWixQ%3D%3D
08-22 16:51:18.667 D/mpv     ( 8531): [cplayer] v: Opening failed or was aborted: https://prod-1.storage.jamendo.com/?trackid=171&format=mp31&from=8CSIkMvwtD6jzKZ%2BPEaUMQ%3D%3D%7Cj5s5oI6ivq8l2vQOXyWixQ%3D%3D
08-22 16:51:18.667 I/MpvEvent( 8531): [PlaybackTrace][Native][eventLoop] event_id=2 error=0
08-22 16:51:18.667 I/MpvEvent( 8531): [PlaybackTrace][Native][eventLoop] event_id=2 error=0
08-22 16:51:18.697 I/MpvEvent( 8531): [PlaybackTrace][Native][eventLoop] event_id=2 error=0
08-22 16:51:18.697 I/MpvEvent( 8531): [PlaybackTrace][Native][mpv-log] prefix=ytdl_hook level=error text=Subprocess failed: init
08-22 16:51:18.697 E/MpvEvent( 8531): [PlaybackTrace][Native][dispatch:error] code=-1 message=Subprocess failed: init
08-22 16:51:18.697 E/MpvBridgeModule( 8531): [PlaybackTrace][Bridge][listener:error] code=-1 message=Subprocess failed: init
08-22 16:51:18.698 I/MpvEvent( 8531): [PlaybackTrace][Native][eventLoop] event_id=7 error=0
08-22 16:51:18.698 E/MpvEvent( 8531): [PlaybackTrace][Native][eventLoop] MPV_EVENT_END_FILE reason=4 error=-13
08-22 16:51:18.698 I/MpvEvent( 8531): [PlaybackTrace][Native][dispatch:event] name=endFile payload={"reason":4,"error":-13}
08-22 16:51:18.699 I/MpvBridgeModule( 8531): [PlaybackTrace][Bridge][listener:event] name=endFile payload={"reason":4,"error":-13}
08-22 16:51:18.700 I/MpvEvent( 8531): [PlaybackTrace][Native][eventLoop] event_id=11 error=0
08-22 16:51:18.700 I/MpvEvent( 8531): [PlaybackTrace][Native][eventLoop] event_id=2 error=0
08-22 16:51:18.700 I/MpvEvent( 8531): [PlaybackTrace][Native][mpv-log] prefix=cplayer level=v text=Set property: user-data/mpv/ytdl/json-subprocess-result={"killed_by_us":false,"error_string":"init","status":-3,"stderr":"","stdout":""} -> 1
08-22 16:51:18.700 D/mpv     ( 8531): [cplayer] v: Set property: user-data/mpv/ytdl/json-subprocess-result={"killed_by_us":false,"error_string":"init","status":-3,"stderr":"","stdout":""} -> 1
08-22 16:51:18.700 I/MpvEvent( 8531): [PlaybackTrace][Native][eventLoop] event_id=2 error=0
08-22 16:51:18.700 I/MpvEvent( 8531): [PlaybackTrace][Native][eventLoop] event_id=2 error=0
08-22 16:51:18.700 I/MpvEvent( 8531): [PlaybackTrace][Native][eventLoop] event_id=2 error=0
08-22 16:51:18.700 I/MpvEvent( 8531): [PlaybackTrace][Native][eventLoop] event_id=2 error=0
08-22 16:51:18.700 I/MpvEvent( 8531): [PlaybackTrace][Native][eventLoop] event_id=2 error=0
08-22 16:51:18.700 I/MpvEvent( 8531): [PlaybackTrace][Native][mpv-log] prefix=ytdl_hook level=error text=
08-22 16:51:18.700 E/MpvEvent( 8531): [PlaybackTrace][Native][dispatch:error] code=-1 message=
08-22 16:51:18.700 E/MpvBridgeModule( 8531): [PlaybackTrace][Bridge][listener:error] code=-1 message=
08-22 16:51:18.701 I/MpvEvent( 8531): [PlaybackTrace][Native][eventLoop] event_id=2 error=0
08-22 16:51:18.701 I/MpvEvent( 8531): [PlaybackTrace][Native][mpv-log] prefix=ytdl_hook level=error text=youtube-dl failed: not found or not enough permissions
08-22 16:51:18.701 E/MpvEvent( 8531): [PlaybackTrace][Native][dispatch:error] code=-1 message=youtube-dl failed: not found or not enough permissions
08-22 16:51:18.702 E/MpvBridgeModule( 8531): [PlaybackTrace][Bridge][listener:error] code=-1 message=youtube-dl failed: not found or not enough permissions
08-22 16:51:18.703 I/MpvEvent( 8531): [PlaybackTrace][Native][eventLoop] event_id=2 error=0
08-22 16:51:18.703 I/MpvEvent( 8531): [PlaybackTrace][Native][mpv-log] prefix=cplayer level=v text=finished playback, loading failed (reason 4)
08-22 16:51:18.703 D/mpv     ( 8531): [cplayer] v: finished playback, loading failed (reason 4)
08-22 16:51:18.703 I/MpvEvent( 8531): [PlaybackTrace][Native][eventLoop] event_id=2 error=0
08-22 16:51:19.037 I/ReactNativeJS( 8531): '[INFO]', '[PlaybackTrace][JS][loadFile:call]', { requestedPath: 'https://prod-1.storage.jamendo.com/?trackid=171&format=mp31&from=8CSIkMvwtD6jzKZ%2BPEaUMQ%3D%3D%7Cj5s5oI6ivq8l2vQOXyWixQ%3D%3D',
08-22 16:51:19.038 I/ReactNativeJS( 8531): '[INFO]', '[PlaybackTrace][JS][loadFile:return]', { resolvedPath: 'https://prod-1.storage.jamendo.com/?trackid=171&format=mp31&from=8CSIkMvwtD6jzKZ%2BPEaUMQ%3D%3D%7Cj5s5oI6ivq8l2vQOXyWixQ%3D%3D' }
08-22 16:51:19.038 I/MpvBridgeModule( 8531): [PlaybackTrace][Bridge][loadFile] requested=https://prod-1.storage.jamendo.com/?trackid=171&format=mp31&from=8CSIkMvwtD6jzKZ%2BPEaUMQ%3D%3D%7Cj5s5oI6ivq8l2vQOXyWixQ%3D%3D resolved=https://prod-1.storage.jamendo.com/?trackid=171&format=mp31&from=8CSIkMvwtD6jzKZ%2BPEaUMQ%3D%3D%7Cj5s5oI6ivq8l2vQOXyWixQ%3D%3D ptr=131217388029824
08-22 16:51:19.039 I/MpvJNI  ( 8531): [PlaybackTrace][Native][loadFile] begin path=https://prod-1.storage.jamendo.com/?trackid=171&format=mp31&from=8CSIkMvwtD6jzKZ%2BPEaUMQ%3D%3D%7Cj5s5oI6ivq8l2vQOXyWixQ%3D%3D initialized=1
08-22 16:51:19.039 I/MpvJNI  ( 8531): [PlaybackTrace][Native][loadFile] loadfile command accepted result=0
08-22 16:51:19.040 I/MpvBridgeModule( 8531): [PlaybackTrace][Bridge][loadFile] nativeLoadFile returned
08-22 16:51:19.040 I/MpvEvent( 8531): [PlaybackTrace][Native][eventLoop] event_id=6 error=0
08-22 16:51:19.041 I/MpvEvent( 8531): MPV_EVENT_START_FILE
08-22 16:51:19.045 I/MpvEvent( 8531): [PlaybackTrace][Native][eventLoop] event_id=2 error=0
08-22 16:51:19.046 I/MpvEvent( 8531): [PlaybackTrace][Native][eventLoop] event_id=2 error=0
08-22 16:51:19.046 I/MpvEvent( 8531): [PlaybackTrace][Native][eventLoop] event_id=2 error=0
08-22 16:51:19.046 I/MpvEvent( 8531): [PlaybackTrace][Native][eventLoop] event_id=2 error=0
08-22 16:51:19.046 I/MpvEvent( 8531): [PlaybackTrace][Native][eventLoop] event_id=2 error=0
08-22 16:51:19.046 D/mpv     ( 8531): [ffmpeg] v: Opening https://prod-1.storage.jamendo.com/?trackid=171&format=mp31&from=8CSIkMvwtD6jzKZ%2BPEaUMQ%3D%3D%7Cj5s5oI6ivq8l2vQOXyWixQ%3D%3D
08-22 16:51:19.046 I/MpvEvent( 8531): [PlaybackTrace][Native][eventLoop] event_id=2 error=0
08-22 16:51:19.320 I/MpvEvent( 8531): [PlaybackTrace][Native][eventLoop] event_id=2 error=0
08-22 16:51:19.587 I/ReactNativeJS( 8531): '[INFO]', '[PlaybackTrace][JS][loadFile:call]', { requestedPath: 'https://prod-1.storage.jamendo.com/?trackid=171&format=mp31&from=8CSIkMvwtD6jzKZ%2BPEaUMQ%3D%3D%7Cj5s5oI6ivq8l2vQOXyWixQ%3D%3D',
08-22 16:51:19.588 I/ReactNativeJS( 8531): '[INFO]', '[PlaybackTrace][JS][loadFile:return]', { resolvedPath: 'https://prod-1.storage.jamendo.com/?trackid=171&format=mp31&from=8CSIkMvwtD6jzKZ%2BPEaUMQ%3D%3D%7Cj5s5oI6ivq8l2vQOXyWixQ%3D%3D' }
08-22 16:51:19.588 I/MpvBridgeModule( 8531): [PlaybackTrace][Bridge][loadFile] requested=https://prod-1.storage.jamendo.com/?trackid=171&format=mp31&from=8CSIkMvwtD6jzKZ%2BPEaUMQ%3D%3D%7Cj5s5oI6ivq8l2vQOXyWixQ%3D%3D resolved=https://prod-1.storage.jamendo.com/?trackid=171&format=mp31&from=8CSIkMvwtD6jzKZ%2BPEaUMQ%3D%3D%7Cj5s5oI6ivq8l2vQOXyWixQ%3D%3D ptr=131217388029824
08-22 16:51:19.588 I/MpvJNI  ( 8531): [PlaybackTrace][Native][loadFile] begin path=https://prod-1.storage.jamendo.com/?trackid=171&format=mp31&from=8CSIkMvwtD6jzKZ%2BPEaUMQ%3D%3D%7Cj5s5oI6ivq8l2vQOXyWixQ%3D%3D initialized=1
08-22 16:51:19.588 I/MpvJNI  ( 8531): [PlaybackTrace][Native][loadFile] loadfile command accepted result=0
08-22 16:51:19.588 I/MpvBridgeModule( 8531): [PlaybackTrace][Bridge][loadFile] nativeLoadFile returned
08-22 16:51:19.590 I/MpvEvent( 8531): [PlaybackTrace][Native][eventLoop] event_id=2 error=0
08-22 16:51:19.638 I/ReactNativeJS( 8531): '[INFO]', '[PlaybackTrace][JS][loadFile:call]', { requestedPath: 'https://prod-1.storage.jamendo.com/?trackid=171&format=mp31&from=8CSIkMvwtD6jzKZ%2BPEaUMQ%3D%3D%7Cj5s5oI6ivq8l2vQOXyWixQ%3D%3D',
08-22 16:51:19.639 I/MpvEvent( 8531): [PlaybackTrace][Native][eventLoop] event_id=2 error=0
08-22 16:51:19.640 I/MpvEvent( 8531): [PlaybackTrace][Native][mpv-log] prefix=ffmpeg level=error text=tls: mbedtls_ssl_handshake returned -0x7280
08-22 16:51:19.640 D/mpv     ( 8531): [ffmpeg] error: tls: mbedtls_ssl_handshake returned -0x7280
08-22 16:51:19.640 E/MpvEvent( 8531): [PlaybackTrace][Native][dispatch:error] code=-1 message=tls: mbedtls_ssl_handshake returned -0x7280
08-22 16:51:19.640 I/ReactNativeJS( 8531): '[INFO]', '[PlaybackTrace][JS][loadFile:return]', { resolvedPath: 'https://prod-1.storage.jamendo.com/?trackid=171&format=mp31&from=8CSIkMvwtD6jzKZ%2BPEaUMQ%3D%3D%7Cj5s5oI6ivq8l2vQOXyWixQ%3D%3D' }
08-22 16:51:19.640 E/MpvBridgeModule( 8531): [PlaybackTrace][Bridge][listener:error] code=-1 message=tls: mbedtls_ssl_handshake returned -0x7280
08-22 16:51:19.641 I/MpvBridgeModule( 8531): [PlaybackTrace][Bridge][loadFile] requested=https://prod-1.storage.jamendo.com/?trackid=171&format=mp31&from=8CSIkMvwtD6jzKZ%2BPEaUMQ%3D%3D%7Cj5s5oI6ivq8l2vQOXyWixQ%3D%3D resolved=https://prod-1.storage.jamendo.com/?trackid=171&format=mp31&from=8CSIkMvwtD6jzKZ%2BPEaUMQ%3D%3D%7Cj5s5oI6ivq8l2vQOXyWixQ%3D%3D ptr=131217388029824
08-22 16:51:19.641 I/MpvJNI  ( 8531): [PlaybackTrace][Native][loadFile] begin path=https://prod-1.storage.jamendo.com/?trackid=171&format=mp31&from=8CSIkMvwtD6jzKZ%2BPEaUMQ%3D%3D%7Cj5s5oI6ivq8l2vQOXyWixQ%3D%3D initialized=1
08-22 16:51:19.641 I/MpvEvent( 8531): [PlaybackTrace][Native][eventLoop] event_id=7 error=0
08-22 16:51:19.641 E/MpvEvent( 8531): [PlaybackTrace][Native][eventLoop] MPV_EVENT_END_FILE reason=2 error=0
08-22 16:51:19.641 I/MpvEvent( 8531): [PlaybackTrace][Native][dispatch:event] name=endFile payload={"reason":2,"error":0}
08-22 16:51:19.642 I/MpvBridgeModule( 8531): [PlaybackTrace][Bridge][listener:event] name=endFile payload={"reason":2,"error":0}
08-22 16:51:19.643 I/MpvEvent( 8531): [PlaybackTrace][Native][eventLoop] event_id=2 error=0
08-22 16:51:19.644 I/MpvEvent( 8531): [PlaybackTrace][Native][mpv-log] prefix=cplayer level=v text=Opening failed or was aborted: https://prod-1.storage.jamendo.com/?trackid=171&format=mp31&from=8CSIkMvwtD6jzKZ%2BPEaUMQ%3D%3D%7Cj5s5oI6ivq8l2vQOXyWixQ%3D%3D
08-22 16:51:19.644 D/mpv     ( 8531): [cplayer] v: Opening failed or was aborted: https://prod-1.storage.jamendo.com/?trackid=171&format=mp31&from=8CSIkMvwtD6jzKZ%2BPEaUMQ%3D%3D%7Cj5s5oI6ivq8l2vQOXyWixQ%3D%3D
08-22 16:51:19.644 I/MpvEvent( 8531): [PlaybackTrace][Native][eventLoop] event_id=2 error=0
08-22 16:51:19.644 I/MpvEvent( 8531): [PlaybackTrace][Native][eventLoop] event_id=2 error=0
08-22 16:51:19.644 I/MpvJNI  ( 8531): [PlaybackTrace][Native][loadFile] loadfile command accepted result=0
08-22 16:51:19.644 I/MpvBridgeModule( 8531): [PlaybackTrace][Bridge][loadFile] nativeLoadFile returned
08-22 16:51:19.645 I/MpvEvent( 8531): [PlaybackTrace][Native][eventLoop] event_id=6 error=0
08-22 16:51:19.645 I/MpvEvent( 8531): MPV_EVENT_START_FILE
08-22 16:51:19.649 I/MpvEvent( 8531): [PlaybackTrace][Native][eventLoop] event_id=2 error=0
08-22 16:51:19.650 I/MpvEvent( 8531): [PlaybackTrace][Native][eventLoop] event_id=2 error=0
08-22 16:51:19.650 I/MpvEvent( 8531): [PlaybackTrace][Native][eventLoop] event_id=2 error=0
08-22 16:51:19.651 I/MpvEvent( 8531): [PlaybackTrace][Native][eventLoop] event_id=2 error=0
08-22 16:51:19.653 I/MpvEvent( 8531): [PlaybackTrace][Native][eventLoop] event_id=2 error=0
08-22 16:51:19.653 I/MpvEvent( 8531): [PlaybackTrace][Native][eventLoop] event_id=2 error=0
08-22 16:51:19.653 D/mpv     ( 8531): [ffmpeg] v: Opening https://prod-1.storage.jamendo.com/?trackid=171&format=mp31&from=8CSIkMvwtD6jzKZ%2BPEaUMQ%3D%3D%7Cj5s5oI6ivq8l2vQOXyWixQ%3D%3D
08-22 16:51:19.722 I/ReactNativeJS( 8531): '[INFO]', '[PlaybackTrace][JS][loadFile:call]', { requestedPath: 'https://prod-1.storage.jamendo.com/?trackid=171&format=mp31&from=8CSIkMvwtD6jzKZ%2BPEaUMQ%3D%3D%7Cj5s5oI6ivq8l2vQOXyWixQ%3D%3D',
08-22 16:51:19.722 I/MpvBridgeModule( 8531): [PlaybackTrace][Bridge][loadFile] requested=https://prod-1.storage.jamendo.com/?trackid=171&format=mp31&from=8CSIkMvwtD6jzKZ%2BPEaUMQ%3D%3D%7Cj5s5oI6ivq8l2vQOXyWixQ%3D%3D resolved=https://prod-1.storage.jamendo.com/?trackid=171&format=mp31&from=8CSIkMvwtD6jzKZ%2BPEaUMQ%3D%3D%7Cj5s5oI6ivq8l2vQOXyWixQ%3D%3D ptr=131217388029824
08-22 16:51:19.722 I/MpvJNI  ( 8531): [PlaybackTrace][Native][loadFile] begin path=https://prod-1.storage.jamendo.com/?trackid=171&format=mp31&from=8CSIkMvwtD6jzKZ%2BPEaUMQ%3D%3D%7Cj5s5oI6ivq8l2vQOXyWixQ%3D%3D initialized=1
08-22 16:51:19.722 I/MpvJNI  ( 8531): [PlaybackTrace][Native][loadFile] loadfile command accepted result=0
08-22 16:51:19.722 I/MpvBridgeModule( 8531): [PlaybackTrace][Bridge][loadFile] nativeLoadFile returned
08-22 16:51:19.722 I/ReactNativeJS( 8531): '[INFO]', '[PlaybackTrace][JS][loadFile:return]', { resolvedPath: 'https://prod-1.storage.jamendo.com/?trackid=171&format=mp31&from=8CSIkMvwtD6jzKZ%2BPEaUMQ%3D%3D%7Cj5s5oI6ivq8l2vQOXyWixQ%3D%3D' }
08-22 16:51:19.725 I/MpvEvent( 8531): [PlaybackTrace][Native][eventLoop] event_id=2 error=0
08-22 16:51:19.759 I/MpvEvent( 8531): [PlaybackTrace][Native][eventLoop] event_id=2 error=0
08-22 16:51:19.759 I/MpvEvent( 8531): [PlaybackTrace][Native][mpv-log] prefix=cplayer level=v text=Opening failed or was aborted: https://prod-1.storage.jamendo.com/?trackid=171&format=mp31&from=8CSIkMvwtD6jzKZ%2BPEaUMQ%3D%3D%7Cj5s5oI6ivq8l2vQOXyWixQ%3D%3D
08-22 16:51:19.759 D/mpv     ( 8531): [cplayer] v: Opening failed or was aborted: https://prod-1.storage.jamendo.com/?trackid=171&format=mp31&from=8CSIkMvwtD6jzKZ%2BPEaUMQ%3D%3D%7Cj5s5oI6ivq8l2vQOXyWixQ%3D%3D
08-22 16:51:19.759 I/MpvEvent( 8531): [PlaybackTrace][Native][eventLoop] event_id=7 error=0
08-22 16:51:19.759 E/MpvEvent( 8531): [PlaybackTrace][Native][eventLoop] MPV_EVENT_END_FILE reason=2 error=0
08-22 16:51:19.759 I/MpvEvent( 8531): [PlaybackTrace][Native][dispatch:event] name=endFile payload={"reason":2,"error":0}
08-22 16:51:19.760 I/MpvBridgeModule( 8531): [PlaybackTrace][Bridge][listener:event] name=endFile payload={"reason":2,"error":0}
08-22 16:51:19.761 I/MpvEvent( 8531): [PlaybackTrace][Native][eventLoop] event_id=2 error=0
08-22 16:51:19.761 I/MpvEvent( 8531): [PlaybackTrace][Native][eventLoop] event_id=2 error=0
08-22 16:51:19.761 I/MpvEvent( 8531): [PlaybackTrace][Native][eventLoop] event_id=6 error=0
08-22 16:51:19.761 I/MpvEvent( 8531): MPV_EVENT_START_FILE
08-22 16:51:19.763 I/MpvEvent( 8531): [PlaybackTrace][Native][eventLoop] event_id=2 error=0
08-22 16:51:19.763 I/MpvEvent( 8531): [PlaybackTrace][Native][eventLoop] event_id=2 error=0
08-22 16:51:19.763 I/MpvEvent( 8531): [PlaybackTrace][Native][eventLoop] event_id=2 error=0
08-22 16:51:19.764 I/MpvEvent( 8531): [PlaybackTrace][Native][eventLoop] event_id=2 error=0
08-22 16:51:19.764 I/MpvEvent( 8531): [PlaybackTrace][Native][eventLoop] event_id=2 error=0
08-22 16:51:19.764 D/mpv     ( 8531): [ffmpeg] v: Opening https://prod-1.storage.jamendo.com/?trackid=171&format=mp31&from=8CSIkMvwtD6jzKZ%2BPEaUMQ%3D%3D%7Cj5s5oI6ivq8l2vQOXyWixQ%3D%3D
08-22 16:51:19.870 I/MpvEvent( 8531): [PlaybackTrace][Native][eventLoop] event_id=2 error=0
08-22 16:51:19.920 I/MpvEvent( 8531): [PlaybackTrace][Native][eventLoop] event_id=2 error=0
08-22 16:51:20.056 I/MpvEvent( 8531): [PlaybackTrace][Native][eventLoop] event_id=2 error=0
08-22 16:51:20.180 I/MpvEvent( 8531): [PlaybackTrace][Native][eventLoop] event_id=2 error=0
08-22 16:51:20.180 I/MpvEvent( 8531): [PlaybackTrace][Native][mpv-log] prefix=ffmpeg level=error text=tls: mbedtls_ssl_handshake returned -0x6600
08-22 16:51:20.180 D/mpv     ( 8531): [ffmpeg] error: tls: mbedtls_ssl_handshake returned -0x6600
08-22 16:51:20.180 E/MpvEvent( 8531): [PlaybackTrace][Native][dispatch:error] code=-1 message=tls: mbedtls_ssl_handshake returned -0x6600
08-22 16:51:20.181 E/MpvBridgeModule( 8531): [PlaybackTrace][Bridge][listener:error] code=-1 message=tls: mbedtls_ssl_handshake returned -0x6600
08-22 16:51:20.202 I/MpvEvent( 8531): [PlaybackTrace][Native][eventLoop] event_id=2 error=0
08-22 16:51:20.202 I/MpvEvent( 8531): [PlaybackTrace][Native][mpv-log] prefix=stream level=error text=Failed to open https://prod-1.storage.jamendo.com/?trackid=171&format=mp31&from=8CSIkMvwtD6jzKZ%2BPEaUMQ%3D%3D%7Cj5s5oI6ivq8l2vQOXyWixQ%3D%3D.
08-22 16:51:20.202 E/MpvEvent( 8531): [PlaybackTrace][Native][dispatch:error] code=-1 message=Failed to open https://prod-1.storage.jamendo.com/?trackid=171&format=mp31&from=8CSIkMvwtD6jzKZ%2BPEaUMQ%3D%3D%7Cj5s5oI6ivq8l2vQOXyWixQ%3D%3D.
08-22 16:51:20.203 E/MpvBridgeModule( 8531): [PlaybackTrace][Bridge][listener:error] code=-1 message=Failed to open https://prod-1.storage.jamendo.com/?trackid=171&format=mp31&from=8CSIkMvwtD6jzKZ%2BPEaUMQ%3D%3D%7Cj5s5oI6ivq8l2vQOXyWixQ%3D%3D.
08-22 16:51:20.207 I/MpvEvent( 8531): [PlaybackTrace][Native][eventLoop] event_id=2 error=0
08-22 16:51:20.207 I/MpvEvent( 8531): [PlaybackTrace][Native][mpv-log] prefix=cplayer level=v text=Opening failed or was aborted: https://prod-1.storage.jamendo.com/?trackid=171&format=mp31&from=8CSIkMvwtD6jzKZ%2BPEaUMQ%3D%3D%7Cj5s5oI6ivq8l2vQOXyWixQ%3D%3D
08-22 16:51:20.207 D/mpv     ( 8531): [cplayer] v: Opening failed or was aborted: https://prod-1.storage.jamendo.com/?trackid=171&format=mp31&from=8CSIkMvwtD6jzKZ%2BPEaUMQ%3D%3D%7Cj5s5oI6ivq8l2vQOXyWixQ%3D%3D
08-22 16:51:20.207 I/MpvEvent( 8531): [PlaybackTrace][Native][eventLoop] event_id=2 error=0
08-22 16:51:20.207 I/MpvEvent( 8531): [PlaybackTrace][Native][eventLoop] event_id=2 error=0
08-22 16:51:20.212 I/ReactNativeJS( 8531): '[INFO]', '[PlaybackTrace][JS][loadFile:call]', { requestedPath: 'https://prod-1.storage.jamendo.com/?trackid=171&format=mp31&from=8CSIkMvwtD6jzKZ%2BPEaUMQ%3D%3D%7Cj5s5oI6ivq8l2vQOXyWixQ%3D%3D',
08-22 16:51:20.212 I/MpvBridgeModule( 8531): [PlaybackTrace][Bridge][loadFile] requested=https://prod-1.storage.jamendo.com/?trackid=171&format=mp31&from=8CSIkMvwtD6jzKZ%2BPEaUMQ%3D%3D%7Cj5s5oI6ivq8l2vQOXyWixQ%3D%3D resolved=https://prod-1.storage.jamendo.com/?trackid=171&format=mp31&from=8CSIkMvwtD6jzKZ%2BPEaUMQ%3D%3D%7Cj5s5oI6ivq8l2vQOXyWixQ%3D%3D ptr=131217388029824
08-22 16:51:20.212 I/MpvJNI  ( 8531): [PlaybackTrace][Native][loadFile] begin path=https://prod-1.storage.jamendo.com/?trackid=171&format=mp31&from=8CSIkMvwtD6jzKZ%2BPEaUMQ%3D%3D%7Cj5s5oI6ivq8l2vQOXyWixQ%3D%3D initialized=1
08-22 16:51:20.212 I/ReactNativeJS( 8531): '[INFO]', '[PlaybackTrace][JS][loadFile:return]', { resolvedPath: 'https://prod-1.storage.jamendo.com/?trackid=171&format=mp31&from=8CSIkMvwtD6jzKZ%2BPEaUMQ%3D%3D%7Cj5s5oI6ivq8l2vQOXyWixQ%3D%3D' }
08-22 16:51:20.214 I/MpvJNI  ( 8531): [PlaybackTrace][Native][loadFile] loadfile command accepted result=0
08-22 16:51:20.214 I/MpvBridgeModule( 8531): [PlaybackTrace][Bridge][loadFile] nativeLoadFile returned
08-22 16:51:20.220 I/MpvEvent( 8531): [PlaybackTrace][Native][eventLoop] event_id=2 error=0
08-22 16:51:20.234 I/MpvEvent( 8531): [PlaybackTrace][Native][eventLoop] event_id=2 error=0
08-22 16:51:20.234 I/MpvEvent( 8531): [PlaybackTrace][Native][mpv-log] prefix=ytdl_hook level=error text=Subprocess failed: init
08-22 16:51:20.234 E/MpvEvent( 8531): [PlaybackTrace][Native][dispatch:error] code=-1 message=Subprocess failed: init
08-22 16:51:20.236 E/MpvBridgeModule( 8531): [PlaybackTrace][Bridge][listener:error] code=-1 message=Subprocess failed: init
08-22 16:51:20.237 I/MpvEvent( 8531): [PlaybackTrace][Native][eventLoop] event_id=7 error=0
08-22 16:51:20.237 E/MpvEvent( 8531): [PlaybackTrace][Native][eventLoop] MPV_EVENT_END_FILE reason=2 error=0
08-22 16:51:20.237 I/MpvEvent( 8531): [PlaybackTrace][Native][dispatch:event] name=endFile payload={"reason":2,"error":0}
08-22 16:51:20.238 I/MpvBridgeModule( 8531): [PlaybackTrace][Bridge][listener:event] name=endFile payload={"reason":2,"error":0}
08-22 16:51:20.239 I/MpvEvent( 8531): [PlaybackTrace][Native][eventLoop] event_id=6 error=0
08-22 16:51:20.239 I/MpvEvent( 8531): MPV_EVENT_START_FILE
08-22 16:51:20.240 I/MpvEvent( 8531): [PlaybackTrace][Native][eventLoop] event_id=2 error=0
08-22 16:51:20.241 I/MpvEvent( 8531): [PlaybackTrace][Native][mpv-log] prefix=cplayer level=v text=Set property: user-data/mpv/ytdl/json-subprocess-result={"killed_by_us":false,"error_string":"init","status":-3,"stderr":"","stdout":""} -> 1
08-22 16:51:20.241 D/mpv     ( 8531): [cplayer] v: Set property: user-data/mpv/ytdl/json-subprocess-result={"killed_by_us":false,"error_string":"init","status":-3,"stderr":"","stdout":""} -> 1
08-22 16:51:20.241 I/MpvEvent( 8531): [PlaybackTrace][Native][eventLoop] event_id=2 error=0
08-22 16:51:20.241 I/MpvEvent( 8531): [PlaybackTrace][Native][eventLoop] event_id=2 error=0
08-22 16:51:20.241 I/MpvEvent( 8531): [PlaybackTrace][Native][eventLoop] event_id=2 error=0
08-22 16:51:20.241 I/MpvEvent( 8531): [PlaybackTrace][Native][eventLoop] event_id=2 error=0
08-22 16:51:20.241 I/MpvEvent( 8531): [PlaybackTrace][Native][eventLoop] event_id=2 error=0
08-22 16:51:20.241 I/MpvEvent( 8531): [PlaybackTrace][Native][mpv-log] prefix=ytdl_hook level=error text=
08-22 16:51:20.241 E/MpvEvent( 8531): [PlaybackTrace][Native][dispatch:error] code=-1 message=
08-22 16:51:20.242 E/MpvBridgeModule( 8531): [PlaybackTrace][Bridge][listener:error] code=-1 message=
08-22 16:51:20.243 I/MpvEvent( 8531): [PlaybackTrace][Native][eventLoop] event_id=2 error=0
08-22 16:51:20.243 I/MpvEvent( 8531): [PlaybackTrace][Native][mpv-log] prefix=ytdl_hook level=error text=youtube-dl failed: not found or not enough permissions
08-22 16:51:20.243 E/MpvEvent( 8531): [PlaybackTrace][Native][dispatch:error] code=-1 message=youtube-dl failed: not found or not enough permissions
08-22 16:51:20.243 E/MpvBridgeModule( 8531): [PlaybackTrace][Bridge][listener:error] code=-1 message=youtube-dl failed: not found or not enough permissions
08-22 16:51:20.244 I/MpvEvent( 8531): [PlaybackTrace][Native][eventLoop] event_id=2 error=0
08-22 16:51:20.244 I/MpvEvent( 8531): [PlaybackTrace][Native][eventLoop] event_id=2 error=0
08-22 16:51:20.244 I/MpvEvent( 8531): [PlaybackTrace][Native][eventLoop] event_id=2 error=0
08-22 16:51:20.244 I/MpvEvent( 8531): [PlaybackTrace][Native][eventLoop] event_id=2 error=0
08-22 16:51:20.244 I/MpvEvent( 8531): [PlaybackTrace][Native][eventLoop] event_id=2 error=0
08-22 16:51:20.244 I/MpvEvent( 8531): [PlaybackTrace][Native][eventLoop] event_id=2 error=0
08-22 16:51:20.244 I/MpvEvent( 8531): [PlaybackTrace][Native][eventLoop] event_id=2 error=0
08-22 16:51:20.244 D/mpv     ( 8531): [ffmpeg] v: Opening https://prod-1.storage.jamendo.com/?trackid=171&format=mp31&from=8CSIkMvwtD6jzKZ%2BPEaUMQ%3D%3D%7Cj5s5oI6ivq8l2vQOXyWixQ%3D%3D
08-22 16:51:20.339 I/ReactNativeJS( 8531): '[INFO]', '[PlaybackTrace][JS][loadFile:call]', { requestedPath: 'https://prod-1.storage.jamendo.com/?trackid=171&format=mp31&from=8CSIkMvwtD6jzKZ%2BPEaUMQ%3D%3D%7Cj5s5oI6ivq8l2vQOXyWixQ%3D%3D',
08-22 16:51:20.339 I/MpvBridgeModule( 8531): [PlaybackTrace][Bridge][loadFile] requested=https://prod-1.storage.jamendo.com/?trackid=171&format=mp31&from=8CSIkMvwtD6jzKZ%2BPEaUMQ%3D%3D%7Cj5s5oI6ivq8l2vQOXyWixQ%3D%3D resolved=https://prod-1.storage.jamendo.com/?trackid=171&format=mp31&from=8CSIkMvwtD6jzKZ%2BPEaUMQ%3D%3D%7Cj5s5oI6ivq8l2vQOXyWixQ%3D%3D ptr=131217388029824
08-22 16:51:20.339 I/MpvJNI  ( 8531): [PlaybackTrace][Native][loadFile] begin path=https://prod-1.storage.jamendo.com/?trackid=171&format=mp31&from=8CSIkMvwtD6jzKZ%2BPEaUMQ%3D%3D%7Cj5s5oI6ivq8l2vQOXyWixQ%3D%3D initialized=1
08-22 16:51:20.339 I/ReactNativeJS( 8531): '[INFO]', '[PlaybackTrace][JS][loadFile:return]', { resolvedPath: 'https://prod-1.storage.jamendo.com/?trackid=171&format=mp31&from=8CSIkMvwtD6jzKZ%2BPEaUMQ%3D%3D%7Cj5s5oI6ivq8l2vQOXyWixQ%3D%3D' }
08-22 16:51:20.339 I/MpvJNI  ( 8531): [PlaybackTrace][Native][loadFile] loadfile command accepted result=0
08-22 16:51:20.340 I/MpvBridgeModule( 8531): [PlaybackTrace][Bridge][loadFile] nativeLoadFile returned
08-22 16:51:20.343 I/MpvEvent( 8531): [PlaybackTrace][Native][eventLoop] event_id=2 error=0
08-22 16:51:20.345 I/MpvEvent( 8531): [PlaybackTrace][Native][eventLoop] event_id=2 error=0
08-22 16:51:20.345 I/MpvEvent( 8531): [PlaybackTrace][Native][mpv-log] prefix=cplayer level=v text=Opening failed or was aborted: https://prod-1.storage.jamendo.com/?trackid=171&format=mp31&from=8CSIkMvwtD6jzKZ%2BPEaUMQ%3D%3D%7Cj5s5oI6ivq8l2vQOXyWixQ%3D%3D
08-22 16:51:20.345 D/mpv     ( 8531): [cplayer] v: Opening failed or was aborted: https://prod-1.storage.jamendo.com/?trackid=171&format=mp31&from=8CSIkMvwtD6jzKZ%2BPEaUMQ%3D%3D%7Cj5s5oI6ivq8l2vQOXyWixQ%3D%3D
08-22 16:51:20.346 I/MpvEvent( 8531): [PlaybackTrace][Native][eventLoop] event_id=7 error=0
08-22 16:51:20.346 E/MpvEvent( 8531): [PlaybackTrace][Native][eventLoop] MPV_EVENT_END_FILE reason=2 error=0
08-22 16:51:20.346 I/MpvEvent( 8531): [PlaybackTrace][Native][dispatch:event] name=endFile payload={"reason":2,"error":0}
08-22 16:51:20.346 I/MpvBridgeModule( 8531): [PlaybackTrace][Bridge][listener:event] name=endFile payload={"reason":2,"error":0}
08-22 16:51:20.347 I/MpvEvent( 8531): [PlaybackTrace][Native][eventLoop] event_id=2 error=0
08-22 16:51:20.347 I/MpvEvent( 8531): [PlaybackTrace][Native][eventLoop] event_id=2 error=0
08-22 16:51:20.348 I/MpvEvent( 8531): [PlaybackTrace][Native][eventLoop] event_id=6 error=0
08-22 16:51:20.348 I/MpvEvent( 8531): MPV_EVENT_START_FILE
08-22 16:51:20.351 I/MpvEvent( 8531): [PlaybackTrace][Native][eventLoop] event_id=2 error=0
08-22 16:51:20.351 I/MpvEvent( 8531): [PlaybackTrace][Native][eventLoop] event_id=2 error=0
08-22 16:51:20.351 I/MpvEvent( 8531): [PlaybackTrace][Native][eventLoop] event_id=2 error=0
08-22 16:51:20.351 I/MpvEvent( 8531): [PlaybackTrace][Native][eventLoop] event_id=2 error=0
08-22 16:51:20.351 I/MpvEvent( 8531): [PlaybackTrace][Native][eventLoop] event_id=2 error=0
08-22 16:51:20.351 D/mpv     ( 8531): [ffmpeg] v: Opening https://prod-1.storage.jamendo.com/?trackid=171&format=mp31&from=8CSIkMvwtD6jzKZ%2BPEaUMQ%3D%3D%7Cj5s5oI6ivq8l2vQOXyWixQ%3D%3D
08-22 16:51:20.470 I/ReactNativeJS( 8531): '[INFO]', '[PlaybackTrace][JS][loadFile:call]', { requestedPath: 'https://prod-1.storage.jamendo.com/?trackid=171&format=mp31&from=8CSIkMvwtD6jzKZ%2BPEaUMQ%3D%3D%7Cj5s5oI6ivq8l2vQOXyWixQ%3D%3D',
08-22 16:51:20.472 I/MpvBridgeModule( 8531): [PlaybackTrace][Bridge][loadFile] requested=https://prod-1.storage.jamendo.com/?trackid=171&format=mp31&from=8CSIkMvwtD6jzKZ%2BPEaUMQ%3D%3D%7Cj5s5oI6ivq8l2vQOXyWixQ%3D%3D resolved=https://prod-1.storage.jamendo.com/?trackid=171&format=mp31&from=8CSIkMvwtD6jzKZ%2BPEaUMQ%3D%3D%7Cj5s5oI6ivq8l2vQOXyWixQ%3D%3D ptr=131217388029824
08-22 16:51:20.472 I/MpvJNI  ( 8531): [PlaybackTrace][Native][loadFile] begin path=https://prod-1.storage.jamendo.com/?trackid=171&format=mp31&from=8CSIkMvwtD6jzKZ%2BPEaUMQ%3D%3D%7Cj5s5oI6ivq8l2vQOXyWixQ%3D%3D initialized=1
08-22 16:51:20.472 I/MpvJNI  ( 8531): [PlaybackTrace][Native][loadFile] loadfile command accepted result=0
08-22 16:51:20.472 I/MpvBridgeModule( 8531): [PlaybackTrace][Bridge][loadFile] nativeLoadFile returned
08-22 16:51:20.472 I/ReactNativeJS( 8531): '[INFO]', '[PlaybackTrace][JS][loadFile:return]', { resolvedPath: 'https://prod-1.storage.jamendo.com/?trackid=171&format=mp31&from=8CSIkMvwtD6jzKZ%2BPEaUMQ%3D%3D%7Cj5s5oI6ivq8l2vQOXyWixQ%3D%3D' }
08-22 16:51:20.474 I/MpvEvent( 8531): [PlaybackTrace][Native][eventLoop] event_id=2 error=0
08-22 16:51:20.488 I/ReactNativeJS( 8531): '[INFO]', '[PlaybackTrace][JS][loadFile:call]', { requestedPath: 'https://prod-1.storage.jamendo.com/?trackid=171&format=mp31&from=8CSIkMvwtD6jzKZ%2BPEaUMQ%3D%3D%7Cj5s5oI6ivq8l2vQOXyWixQ%3D%3D',
08-22 16:51:20.488 I/MpvBridgeModule( 8531): [PlaybackTrace][Bridge][loadFile] requested=https://prod-1.storage.jamendo.com/?trackid=171&format=mp31&from=8CSIkMvwtD6jzKZ%2BPEaUMQ%3D%3D%7Cj5s5oI6ivq8l2vQOXyWixQ%3D%3D resolved=https://prod-1.storage.jamendo.com/?trackid=171&format=mp31&from=8CSIkMvwtD6jzKZ%2BPEaUMQ%3D%3D%7Cj5s5oI6ivq8l2vQOXyWixQ%3D%3D ptr=131217388029824
08-22 16:51:20.488 I/MpvJNI  ( 8531): [PlaybackTrace][Native][loadFile] begin path=https://prod-1.storage.jamendo.com/?trackid=171&format=mp31&from=8CSIkMvwtD6jzKZ%2BPEaUMQ%3D%3D%7Cj5s5oI6ivq8l2vQOXyWixQ%3D%3D initialized=1
08-22 16:51:20.488 I/MpvJNI  ( 8531): [PlaybackTrace][Native][loadFile] loadfile command accepted result=0
08-22 16:51:20.488 I/MpvBridgeModule( 8531): [PlaybackTrace][Bridge][loadFile] nativeLoadFile returned
08-22 16:51:20.489 I/ReactNativeJS( 8531): '[INFO]', '[PlaybackTrace][JS][loadFile:return]', { resolvedPath: 'https://prod-1.storage.jamendo.com/?trackid=171&format=mp31&from=8CSIkMvwtD6jzKZ%2BPEaUMQ%3D%3D%7Cj5s5oI6ivq8l2vQOXyWixQ%3D%3D' }
08-22 16:51:20.490 I/MpvEvent( 8531): [PlaybackTrace][Native][eventLoop] event_id=2 error=0
08-22 16:51:20.504 I/MpvEvent( 8531): [PlaybackTrace][Native][eventLoop] event_id=2 error=0
08-22 16:51:20.561 I/MpvEvent( 8531): [PlaybackTrace][Native][eventLoop] event_id=2 error=0
08-22 16:51:20.561 I/MpvEvent( 8531): [PlaybackTrace][Native][mpv-log] prefix=cplayer level=v text=Opening failed or was aborted: https://prod-1.storage.jamendo.com/?trackid=171&format=mp31&from=8CSIkMvwtD6jzKZ%2BPEaUMQ%3D%3D%7Cj5s5oI6ivq8l2vQOXyWixQ%3D%3D
08-22 16:51:20.561 D/mpv     ( 8531): [cplayer] v: Opening failed or was aborted: https://prod-1.storage.jamendo.com/?trackid=171&format=mp31&from=8CSIkMvwtD6jzKZ%2BPEaUMQ%3D%3D%7Cj5s5oI6ivq8l2vQOXyWixQ%3D%3D
08-22 16:51:20.561 I/MpvEvent( 8531): [PlaybackTrace][Native][eventLoop] event_id=7 error=0
08-22 16:51:20.561 E/MpvEvent( 8531): [PlaybackTrace][Native][eventLoop] MPV_EVENT_END_FILE reason=2 error=0
08-22 16:51:20.561 I/MpvEvent( 8531): [PlaybackTrace][Native][dispatch:event] name=endFile payload={"reason":2,"error":0}
08-22 16:51:20.562 I/MpvBridgeModule( 8531): [PlaybackTrace][Bridge][listener:event] name=endFile payload={"reason":2,"error":0}
08-22 16:51:20.564 I/MpvEvent( 8531): [PlaybackTrace][Native][eventLoop] event_id=6 error=0
08-22 16:51:20.564 I/MpvEvent( 8531): MPV_EVENT_START_FILE
08-22 16:51:20.565 I/MpvEvent( 8531): [PlaybackTrace][Native][eventLoop] event_id=2 error=0
08-22 16:51:20.565 I/MpvEvent( 8531): [PlaybackTrace][Native][eventLoop] event_id=2 error=0
08-22 16:51:20.566 I/MpvEvent( 8531): [PlaybackTrace][Native][eventLoop] event_id=2 error=0
08-22 16:51:20.566 I/MpvEvent( 8531): [PlaybackTrace][Native][eventLoop] event_id=2 error=0
08-22 16:51:20.566 I/MpvEvent( 8531): [PlaybackTrace][Native][eventLoop] event_id=2 error=0
08-22 16:51:20.566 I/MpvEvent( 8531): [PlaybackTrace][Native][eventLoop] event_id=2 error=0
08-22 16:51:20.566 I/MpvEvent( 8531): [PlaybackTrace][Native][eventLoop] event_id=2 error=0
08-22 16:51:20.567 D/mpv     ( 8531): [ffmpeg] v: Opening https://prod-1.storage.jamendo.com/?trackid=171&format=mp31&from=8CSIkMvwtD6jzKZ%2BPEaUMQ%3D%3D%7Cj5s5oI6ivq8l2vQOXyWixQ%3D%3D
08-22 16:51:20.621 I/MpvEvent( 8531): [PlaybackTrace][Native][eventLoop] event_id=2 error=0
08-22 16:51:20.754 I/MpvEvent( 8531): [PlaybackTrace][Native][eventLoop] event_id=2 error=0
08-22 16:51:20.771 I/MpvEvent( 8531): [PlaybackTrace][Native][eventLoop] event_id=2 error=0
08-22 16:51:21.044 I/MpvEvent( 8531): [PlaybackTrace][Native][eventLoop] event_id=2 error=0
08-22 16:51:21.044 I/MpvEvent( 8531): [PlaybackTrace][Native][mpv-log] prefix=ffmpeg level=error text=tls: mbedtls_ssl_handshake returned -0x6600
08-22 16:51:21.044 D/mpv     ( 8531): [ffmpeg] error: tls: mbedtls_ssl_handshake returned -0x6600
08-22 16:51:21.044 E/MpvEvent( 8531): [PlaybackTrace][Native][dispatch:error] code=-1 message=tls: mbedtls_ssl_handshake returned -0x6600
08-22 16:51:21.045 E/MpvBridgeModule( 8531): [PlaybackTrace][Bridge][listener:error] code=-1 message=tls: mbedtls_ssl_handshake returned -0x6600
08-22 16:51:21.046 I/MpvEvent( 8531): [PlaybackTrace][Native][eventLoop] event_id=2 error=0
08-22 16:51:21.046 I/MpvEvent( 8531): [PlaybackTrace][Native][mpv-log] prefix=stream level=error text=Failed to open https://prod-1.storage.jamendo.com/?trackid=171&format=mp31&from=8CSIkMvwtD6jzKZ%2BPEaUMQ%3D%3D%7Cj5s5oI6ivq8l2vQOXyWixQ%3D%3D.
08-22 16:51:21.046 E/MpvEvent( 8531): [PlaybackTrace][Native][dispatch:error] code=-1 message=Failed to open https://prod-1.storage.jamendo.com/?trackid=171&format=mp31&from=8CSIkMvwtD6jzKZ%2BPEaUMQ%3D%3D%7Cj5s5oI6ivq8l2vQOXyWixQ%3D%3D.
08-22 16:51:21.046 E/MpvBridgeModule( 8531): [PlaybackTrace][Bridge][listener:error] code=-1 message=Failed to open https://prod-1.storage.jamendo.com/?trackid=171&format=mp31&from=8CSIkMvwtD6jzKZ%2BPEaUMQ%3D%3D%7Cj5s5oI6ivq8l2vQOXyWixQ%3D%3D.
08-22 16:51:21.066 I/MpvEvent( 8531): [PlaybackTrace][Native][eventLoop] event_id=2 error=0
08-22 16:51:21.066 I/MpvEvent( 8531): [PlaybackTrace][Native][mpv-log] prefix=cplayer level=v text=Opening failed or was aborted: https://prod-1.storage.jamendo.com/?trackid=171&format=mp31&from=8CSIkMvwtD6jzKZ%2BPEaUMQ%3D%3D%7Cj5s5oI6ivq8l2vQOXyWixQ%3D%3D
08-22 16:51:21.066 D/mpv     ( 8531): [cplayer] v: Opening failed or was aborted: https://prod-1.storage.jamendo.com/?trackid=171&format=mp31&from=8CSIkMvwtD6jzKZ%2BPEaUMQ%3D%3D%7Cj5s5oI6ivq8l2vQOXyWixQ%3D%3D
08-22 16:51:21.066 I/MpvEvent( 8531): [PlaybackTrace][Native][eventLoop] event_id=2 error=0
08-22 16:51:21.066 I/MpvEvent( 8531): [PlaybackTrace][Native][eventLoop] event_id=2 error=0
08-22 16:51:21.093 I/MpvEvent( 8531): [PlaybackTrace][Native][eventLoop] event_id=2 error=0
08-22 16:51:21.093 I/MpvEvent( 8531): [PlaybackTrace][Native][mpv-log] prefix=ytdl_hook level=error text=Subprocess failed: init
08-22 16:51:21.093 E/MpvEvent( 8531): [PlaybackTrace][Native][dispatch:error] code=-1 message=Subprocess failed: init
08-22 16:51:21.094 E/MpvBridgeModule( 8531): [PlaybackTrace][Bridge][listener:error] code=-1 message=Subprocess failed: init
08-22 16:51:21.095 I/MpvEvent( 8531): [PlaybackTrace][Native][eventLoop] event_id=7 error=0
08-22 16:51:21.095 E/MpvEvent( 8531): [PlaybackTrace][Native][eventLoop] MPV_EVENT_END_FILE reason=4 error=-13
08-22 16:51:21.095 I/MpvEvent( 8531): [PlaybackTrace][Native][dispatch:event] name=endFile payload={"reason":4,"error":-13}
08-22 16:51:21.095 I/MpvBridgeModule( 8531): [PlaybackTrace][Bridge][listener:event] name=endFile payload={"reason":4,"error":-13}
08-22 16:51:21.096 I/MpvEvent( 8531): [PlaybackTrace][Native][eventLoop] event_id=11 error=0
08-22 16:51:21.096 I/MpvEvent( 8531): [PlaybackTrace][Native][eventLoop] event_id=2 error=0
08-22 16:51:21.096 I/MpvEvent( 8531): [PlaybackTrace][Native][mpv-log] prefix=cplayer level=v text=Set property: user-data/mpv/ytdl/json-subprocess-result={"killed_by_us":false,"error_string":"init","status":-3,"stderr":"","stdout":""} -> 1
08-22 16:51:21.096 D/mpv     ( 8531): [cplayer] v: Set property: user-data/mpv/ytdl/json-subprocess-result={"killed_by_us":false,"error_string":"init","status":-3,"stderr":"","stdout":""} -> 1
08-22 16:51:21.096 I/MpvEvent( 8531): [PlaybackTrace][Native][eventLoop] event_id=2 error=0
08-22 16:51:21.096 I/MpvEvent( 8531): [PlaybackTrace][Native][eventLoop] event_id=2 error=0
08-22 16:51:21.096 I/MpvEvent( 8531): [PlaybackTrace][Native][eventLoop] event_id=2 error=0
08-22 16:51:21.097 I/MpvEvent( 8531): [PlaybackTrace][Native][eventLoop] event_id=2 error=0
08-22 16:51:21.097 I/MpvEvent( 8531): [PlaybackTrace][Native][eventLoop] event_id=2 error=0
08-22 16:51:21.097 I/MpvEvent( 8531): [PlaybackTrace][Native][mpv-log] prefix=ytdl_hook level=error text=
08-22 16:51:21.097 E/MpvEvent( 8531): [PlaybackTrace][Native][dispatch:error] code=-1 message=
08-22 16:51:21.097 E/MpvBridgeModule( 8531): [PlaybackTrace][Bridge][listener:error] code=-1 message=
08-22 16:51:21.098 I/MpvEvent( 8531): [PlaybackTrace][Native][eventLoop] event_id=2 error=0
08-22 16:51:21.098 I/MpvEvent( 8531): [PlaybackTrace][Native][mpv-log] prefix=ytdl_hook level=error text=youtube-dl failed: not found or not enough permissions
08-22 16:51:21.098 E/MpvEvent( 8531): [PlaybackTrace][Native][dispatch:error] code=-1 message=youtube-dl failed: not found or not enough permissions
08-22 16:51:21.099 E/MpvBridgeModule( 8531): [PlaybackTrace][Bridge][listener:error] code=-1 message=youtube-dl failed: not found or not enough permissions
08-22 16:51:21.100 I/MpvEvent( 8531): [PlaybackTrace][Native][eventLoop] event_id=2 error=0
08-22 16:51:21.100 I/MpvEvent( 8531): [PlaybackTrace][Native][mpv-log] prefix=cplayer level=v text=finished playback, loading failed (reason 4)
08-22 16:51:21.100 D/mpv     ( 8531): [cplayer] v: finished playback, loading failed (reason 4)
08-22 16:51:21.100 I/MpvEvent( 8531): [PlaybackTrace][Native][eventLoop] event_id=2 error=0
08-22 16:51:21.219 I/ReactNativeJS( 8531): '[INFO]', '[PlaybackTrace][JS][loadFile:call]', { requestedPath: 'https://prod-1.storage.jamendo.com/?trackid=171&format=mp31&from=8CSIkMvwtD6jzKZ%2BPEaUMQ%3D%3D%7Cj5s5oI6ivq8l2vQOXyWixQ%3D%3D',
08-22 16:51:21.221 I/ReactNativeJS( 8531): '[INFO]', '[PlaybackTrace][JS][loadFile:return]', { resolvedPath: 'https://prod-1.storage.jamendo.com/?trackid=171&format=mp31&from=8CSIkMvwtD6jzKZ%2BPEaUMQ%3D%3D%7Cj5s5oI6ivq8l2vQOXyWixQ%3D%3D' }
08-22 16:51:21.221 I/MpvBridgeModule( 8531): [PlaybackTrace][Bridge][loadFile] requested=https://prod-1.storage.jamendo.com/?trackid=171&format=mp31&from=8CSIkMvwtD6jzKZ%2BPEaUMQ%3D%3D%7Cj5s5oI6ivq8l2vQOXyWixQ%3D%3D resolved=https://prod-1.storage.jamendo.com/?trackid=171&format=mp31&from=8CSIkMvwtD6jzKZ%2BPEaUMQ%3D%3D%7Cj5s5oI6ivq8l2vQOXyWixQ%3D%3D ptr=131217388029824
08-22 16:51:21.221 I/MpvJNI  ( 8531): [PlaybackTrace][Native][loadFile] begin path=https://prod-1.storage.jamendo.com/?trackid=171&format=mp31&from=8CSIkMvwtD6jzKZ%2BPEaUMQ%3D%3D%7Cj5s5oI6ivq8l2vQOXyWixQ%3D%3D initialized=1
08-22 16:51:21.222 I/MpvEvent( 8531): [PlaybackTrace][Native][eventLoop] event_id=6 error=0
08-22 16:51:21.222 I/MpvEvent( 8531): MPV_EVENT_START_FILE
08-22 16:51:21.223 I/MpvEvent( 8531): [PlaybackTrace][Native][eventLoop] event_id=2 error=0
08-22 16:51:21.224 I/MpvEvent( 8531): [PlaybackTrace][Native][eventLoop] event_id=2 error=0
08-22 16:51:21.224 I/MpvEvent( 8531): [PlaybackTrace][Native][eventLoop] event_id=2 error=0
08-22 16:51:21.224 I/MpvEvent( 8531): [PlaybackTrace][Native][eventLoop] event_id=2 error=0
08-22 16:51:21.225 I/MpvEvent( 8531): [PlaybackTrace][Native][eventLoop] event_id=2 error=0
08-22 16:51:21.225 D/mpv     ( 8531): [ffmpeg] v: Opening https://prod-1.storage.jamendo.com/?trackid=171&format=mp31&from=8CSIkMvwtD6jzKZ%2BPEaUMQ%3D%3D%7Cj5s5oI6ivq8l2vQOXyWixQ%3D%3D
08-22 16:51:21.225 I/ReactNativeJS( 8531): '[INFO]', '[PlaybackTrace][JS][loadFile:call]', { requestedPath: 'https://prod-1.storage.jamendo.com/?trackid=171&format=mp31&from=8CSIkMvwtD6jzKZ%2BPEaUMQ%3D%3D%7Cj5s5oI6ivq8l2vQOXyWixQ%3D%3D',
08-22 16:51:21.226 I/ReactNativeJS( 8531): '[INFO]', '[PlaybackTrace][JS][loadFile:return]', { resolvedPath: 'https://prod-1.storage.jamendo.com/?trackid=171&format=mp31&from=8CSIkMvwtD6jzKZ%2BPEaUMQ%3D%3D%7Cj5s5oI6ivq8l2vQOXyWixQ%3D%3D' }
08-22 16:51:21.226 I/MpvJNI  ( 8531): [PlaybackTrace][Native][loadFile] loadfile command accepted result=0
08-22 16:51:21.228 I/MpvBridgeModule( 8531): [PlaybackTrace][Bridge][loadFile] nativeLoadFile returned
08-22 16:51:21.231 I/MpvEvent( 8531): [PlaybackTrace][Native][eventLoop] event_id=2 error=0
08-22 16:51:21.232 I/MpvBridgeModule( 8531): [PlaybackTrace][Bridge][loadFile] requested=https://prod-1.storage.jamendo.com/?trackid=171&format=mp31&from=8CSIkMvwtD6jzKZ%2BPEaUMQ%3D%3D%7Cj5s5oI6ivq8l2vQOXyWixQ%3D%3D resolved=https://prod-1.storage.jamendo.com/?trackid=171&format=mp31&from=8CSIkMvwtD6jzKZ%2BPEaUMQ%3D%3D%7Cj5s5oI6ivq8l2vQOXyWixQ%3D%3D ptr=131217388029824
08-22 16:51:21.232 I/MpvJNI  ( 8531): [PlaybackTrace][Native][loadFile] begin path=https://prod-1.storage.jamendo.com/?trackid=171&format=mp31&from=8CSIkMvwtD6jzKZ%2BPEaUMQ%3D%3D%7Cj5s5oI6ivq8l2vQOXyWixQ%3D%3D initialized=1
08-22 16:51:21.232 I/MpvJNI  ( 8531): [PlaybackTrace][Native][loadFile] loadfile command accepted result=0
08-22 16:51:21.233 I/MpvBridgeModule( 8531): [PlaybackTrace][Bridge][loadFile] nativeLoadFile returned
08-22 16:51:21.236 I/MpvEvent( 8531): [PlaybackTrace][Native][eventLoop] event_id=2 error=0
08-22 16:51:21.329 I/MpvEvent( 8531): [PlaybackTrace][Native][eventLoop] event_id=7 error=0
08-22 16:51:21.330 E/MpvEvent( 8531): [PlaybackTrace][Native][eventLoop] MPV_EVENT_END_FILE reason=2 error=0
08-22 16:51:21.330 I/MpvEvent( 8531): [PlaybackTrace][Native][dispatch:event] name=endFile payload={"reason":2,"error":0}
08-22 16:51:21.330 I/MpvBridgeModule( 8531): [PlaybackTrace][Bridge][listener:event] name=endFile payload={"reason":2,"error":0}
08-22 16:51:21.331 I/MpvEvent( 8531): [PlaybackTrace][Native][eventLoop] event_id=2 error=0
08-22 16:51:21.331 I/MpvEvent( 8531): [PlaybackTrace][Native][mpv-log] prefix=cplayer level=v text=Opening failed or was aborted: https://prod-1.storage.jamendo.com/?trackid=171&format=mp31&from=8CSIkMvwtD6jzKZ%2BPEaUMQ%3D%3D%7Cj5s5oI6ivq8l2vQOXyWixQ%3D%3D
08-22 16:51:21.331 D/mpv     ( 8531): [cplayer] v: Opening failed or was aborted: https://prod-1.storage.jamendo.com/?trackid=171&format=mp31&from=8CSIkMvwtD6jzKZ%2BPEaUMQ%3D%3D%7Cj5s5oI6ivq8l2vQOXyWixQ%3D%3D
08-22 16:51:21.331 I/MpvEvent( 8531): [PlaybackTrace][Native][eventLoop] event_id=2 error=0
08-22 16:51:21.331 I/MpvEvent( 8531): [PlaybackTrace][Native][eventLoop] event_id=2 error=0
08-22 16:51:21.332 I/MpvEvent( 8531): [PlaybackTrace][Native][eventLoop] event_id=6 error=0
08-22 16:51:21.332 I/MpvEvent( 8531): MPV_EVENT_START_FILE
08-22 16:51:21.334 I/MpvEvent( 8531): [PlaybackTrace][Native][eventLoop] event_id=2 error=0
08-22 16:51:21.336 I/MpvEvent( 8531): [PlaybackTrace][Native][eventLoop] event_id=2 error=0
08-22 16:51:21.336 I/MpvEvent( 8531): [PlaybackTrace][Native][eventLoop] event_id=2 error=0
08-22 16:51:21.336 I/MpvEvent( 8531): [PlaybackTrace][Native][eventLoop] event_id=2 error=0
08-22 16:51:21.336 I/MpvEvent( 8531): [PlaybackTrace][Native][eventLoop] event_id=2 error=0
08-22 16:51:21.336 D/mpv     ( 8531): [ffmpeg] v: Opening https://prod-1.storage.jamendo.com/?trackid=171&format=mp31&from=8CSIkMvwtD6jzKZ%2BPEaUMQ%3D%3D%7Cj5s5oI6ivq8l2vQOXyWixQ%3D%3D
08-22 16:51:21.504 I/MpvEvent( 8531): [PlaybackTrace][Native][eventLoop] event_id=2 error=0
08-22 16:51:21.505 I/MpvEvent( 8531): [PlaybackTrace][Native][eventLoop] event_id=2 error=0
08-22 16:51:21.705 I/ReactNativeJS( 8531): '[INFO]', '[PlaybackTrace][JS][loadFile:call]', { requestedPath: 'https://prod-1.storage.jamendo.com/?trackid=171&format=mp31&from=8CSIkMvwtD6jzKZ%2BPEaUMQ%3D%3D%7Cj5s5oI6ivq8l2vQOXyWixQ%3D%3D',
08-22 16:51:21.705 I/MpvBridgeModule( 8531): [PlaybackTrace][Bridge][loadFile] requested=https://prod-1.storage.jamendo.com/?trackid=171&format=mp31&from=8CSIkMvwtD6jzKZ%2BPEaUMQ%3D%3D%7Cj5s5oI6ivq8l2vQOXyWixQ%3D%3D resolved=https://prod-1.storage.jamendo.com/?trackid=171&format=mp31&from=8CSIkMvwtD6jzKZ%2BPEaUMQ%3D%3D%7Cj5s5oI6ivq8l2vQOXyWixQ%3D%3D ptr=131217388029824
08-22 16:51:21.705 I/MpvJNI  ( 8531): [PlaybackTrace][Native][loadFile] begin path=https://prod-1.storage.jamendo.com/?trackid=171&format=mp31&from=8CSIkMvwtD6jzKZ%2BPEaUMQ%3D%3D%7Cj5s5oI6ivq8l2vQOXyWixQ%3D%3D initialized=1
08-22 16:51:21.705 I/MpvJNI  ( 8531): [PlaybackTrace][Native][loadFile] loadfile command accepted result=0
08-22 16:51:21.705 I/MpvBridgeModule( 8531): [PlaybackTrace][Bridge][loadFile] nativeLoadFile returned
08-22 16:51:21.706 I/ReactNativeJS( 8531): '[INFO]', '[PlaybackTrace][JS][loadFile:return]', { resolvedPath: 'https://prod-1.storage.jamendo.com/?trackid=171&format=mp31&from=8CSIkMvwtD6jzKZ%2BPEaUMQ%3D%3D%7Cj5s5oI6ivq8l2vQOXyWixQ%3D%3D' }
08-22 16:51:21.708 I/MpvEvent( 8531): [PlaybackTrace][Native][eventLoop] event_id=2 error=0
08-22 16:51:21.754 I/MpvEvent( 8531): [PlaybackTrace][Native][eventLoop] event_id=2 error=0
08-22 16:51:21.755 I/MpvEvent( 8531): [PlaybackTrace][Native][mpv-log] prefix=ffmpeg level=error text=tls: mbedtls_ssl_handshake returned -0x7280
08-22 16:51:21.755 D/mpv     ( 8531): [ffmpeg] error: tls: mbedtls_ssl_handshake returned -0x7280
08-22 16:51:21.755 E/MpvEvent( 8531): [PlaybackTrace][Native][dispatch:error] code=-1 message=tls: mbedtls_ssl_handshake returned -0x7280
08-22 16:51:21.756 E/MpvBridgeModule( 8531): [PlaybackTrace][Bridge][listener:error] code=-1 message=tls: mbedtls_ssl_handshake returned -0x7280
08-22 16:51:21.757 I/MpvEvent( 8531): [PlaybackTrace][Native][eventLoop] event_id=7 error=0
08-22 16:51:21.757 E/MpvEvent( 8531): [PlaybackTrace][Native][eventLoop] MPV_EVENT_END_FILE reason=2 error=0
08-22 16:51:21.757 I/MpvEvent( 8531): [PlaybackTrace][Native][dispatch:event] name=endFile payload={"reason":2,"error":0}
08-22 16:51:21.757 I/MpvBridgeModule( 8531): [PlaybackTrace][Bridge][listener:event] name=endFile payload={"reason":2,"error":0}
08-22 16:51:21.758 I/MpvEvent( 8531): [PlaybackTrace][Native][eventLoop] event_id=6 error=0
08-22 16:51:21.758 I/MpvEvent( 8531): MPV_EVENT_START_FILE
08-22 16:51:21.759 I/MpvEvent( 8531): [PlaybackTrace][Native][eventLoop] event_id=2 error=0
08-22 16:51:21.759 I/MpvEvent( 8531): [PlaybackTrace][Native][mpv-log] prefix=cplayer level=v text=Opening failed or was aborted: https://prod-1.storage.jamendo.com/?trackid=171&format=mp31&from=8CSIkMvwtD6jzKZ%2BPEaUMQ%3D%3D%7Cj5s5oI6ivq8l2vQOXyWixQ%3D%3D
08-22 16:51:21.759 D/mpv     ( 8531): [cplayer] v: Opening failed or was aborted: https://prod-1.storage.jamendo.com/?trackid=171&format=mp31&from=8CSIkMvwtD6jzKZ%2BPEaUMQ%3D%3D%7Cj5s5oI6ivq8l2vQOXyWixQ%3D%3D
08-22 16:51:21.759 I/MpvEvent( 8531): [PlaybackTrace][Native][eventLoop] event_id=2 error=0
08-22 16:51:21.759 I/MpvEvent( 8531): [PlaybackTrace][Native][eventLoop] event_id=2 error=0
08-22 16:51:21.759 I/MpvEvent( 8531): [PlaybackTrace][Native][eventLoop] event_id=2 error=0
08-22 16:51:21.760 I/MpvEvent( 8531): [PlaybackTrace][Native][eventLoop] event_id=2 error=0
08-22 16:51:21.760 I/MpvEvent( 8531): [PlaybackTrace][Native][eventLoop] event_id=2 error=0
08-22 16:51:21.760 I/MpvEvent( 8531): [PlaybackTrace][Native][eventLoop] event_id=2 error=0
08-22 16:51:21.760 I/MpvEvent( 8531): [PlaybackTrace][Native][eventLoop] event_id=2 error=0
08-22 16:51:21.760 D/mpv     ( 8531): [ffmpeg] v: Opening https://prod-1.storage.jamendo.com/?trackid=171&format=mp31&from=8CSIkMvwtD6jzKZ%2BPEaUMQ%3D%3D%7Cj5s5oI6ivq8l2vQOXyWixQ%3D%3D
08-22 16:51:21.856 I/ReactNativeJS( 8531): '[INFO]', '[PlaybackTrace][JS][loadFile:call]', { requestedPath: 'https://prod-1.storage.jamendo.com/?trackid=171&format=mp31&from=8CSIkMvwtD6jzKZ%2BPEaUMQ%3D%3D%7Cj5s5oI6ivq8l2vQOXyWixQ%3D%3D',
08-22 16:51:21.856 I/MpvBridgeModule( 8531): [PlaybackTrace][Bridge][loadFile] requested=https://prod-1.storage.jamendo.com/?trackid=171&format=mp31&from=8CSIkMvwtD6jzKZ%2BPEaUMQ%3D%3D%7Cj5s5oI6ivq8l2vQOXyWixQ%3D%3D resolved=https://prod-1.storage.jamendo.com/?trackid=171&format=mp31&from=8CSIkMvwtD6jzKZ%2BPEaUMQ%3D%3D%7Cj5s5oI6ivq8l2vQOXyWixQ%3D%3D ptr=131217388029824
08-22 16:51:21.856 I/MpvJNI  ( 8531): [PlaybackTrace][Native][loadFile] begin path=https://prod-1.storage.jamendo.com/?trackid=171&format=mp31&from=8CSIkMvwtD6jzKZ%2BPEaUMQ%3D%3D%7Cj5s5oI6ivq8l2vQOXyWixQ%3D%3D initialized=1
08-22 16:51:21.856 I/MpvJNI  ( 8531): [PlaybackTrace][Native][loadFile] loadfile command accepted result=0
08-22 16:51:21.856 I/MpvBridgeModule( 8531): [PlaybackTrace][Bridge][loadFile] nativeLoadFile returned
08-22 16:51:21.857 I/ReactNativeJS( 8531): '[INFO]', '[PlaybackTrace][JS][loadFile:return]', { resolvedPath: 'https://prod-1.storage.jamendo.com/?trackid=171&format=mp31&from=8CSIkMvwtD6jzKZ%2BPEaUMQ%3D%3D%7Cj5s5oI6ivq8l2vQOXyWixQ%3D%3D' }
08-22 16:51:21.860 I/MpvEvent( 8531): [PlaybackTrace][Native][eventLoop] event_id=2 error=0
08-22 16:51:21.862 I/MpvEvent( 8531): [PlaybackTrace][Native][eventLoop] event_id=2 error=0
08-22 16:51:21.862 I/MpvEvent( 8531): [PlaybackTrace][Native][mpv-log] prefix=cplayer level=v text=Opening failed or was aborted: https://prod-1.storage.jamendo.com/?trackid=171&format=mp31&from=8CSIkMvwtD6jzKZ%2BPEaUMQ%3D%3D%7Cj5s5oI6ivq8l2vQOXyWixQ%3D%3D
08-22 16:51:21.862 D/mpv     ( 8531): [cplayer] v: Opening failed or was aborted: https://prod-1.storage.jamendo.com/?trackid=171&format=mp31&from=8CSIkMvwtD6jzKZ%2BPEaUMQ%3D%3D%7Cj5s5oI6ivq8l2vQOXyWixQ%3D%3D
08-22 16:51:21.862 I/MpvEvent( 8531): [PlaybackTrace][Native][eventLoop] event_id=7 error=0
08-22 16:51:21.863 E/MpvEvent( 8531): [PlaybackTrace][Native][eventLoop] MPV_EVENT_END_FILE reason=2 error=0
08-22 16:51:21.863 I/MpvEvent( 8531): [PlaybackTrace][Native][dispatch:event] name=endFile payload={"reason":2,"error":0}
08-22 16:51:21.863 I/MpvBridgeModule( 8531): [PlaybackTrace][Bridge][listener:event] name=endFile payload={"reason":2,"error":0}
08-22 16:51:21.864 I/MpvEvent( 8531): [PlaybackTrace][Native][eventLoop] event_id=6 error=0
08-22 16:51:21.864 I/MpvEvent( 8531): MPV_EVENT_START_FILE
08-22 16:51:21.866 I/MpvEvent( 8531): [PlaybackTrace][Native][eventLoop] event_id=2 error=0
08-22 16:51:21.866 I/MpvEvent( 8531): [PlaybackTrace][Native][eventLoop] event_id=2 error=0
08-22 16:51:21.867 I/MpvEvent( 8531): [PlaybackTrace][Native][eventLoop] event_id=2 error=0
08-22 16:51:21.867 I/MpvEvent( 8531): [PlaybackTrace][Native][eventLoop] event_id=2 error=0
08-22 16:51:21.867 I/MpvEvent( 8531): [PlaybackTrace][Native][eventLoop] event_id=2 error=0
08-22 16:51:21.867 I/MpvEvent( 8531): [PlaybackTrace][Native][eventLoop] event_id=2 error=0
08-22 16:51:21.867 I/MpvEvent( 8531): [PlaybackTrace][Native][eventLoop] event_id=2 error=0
08-22 16:51:21.867 D/mpv     ( 8531): [ffmpeg] v: Opening https://prod-1.storage.jamendo.com/?trackid=171&format=mp31&from=8CSIkMvwtD6jzKZ%2BPEaUMQ%3D%3D%7Cj5s5oI6ivq8l2vQOXyWixQ%3D%3D
08-22 16:51:21.989 I/MpvEvent( 8531): [PlaybackTrace][Native][eventLoop] event_id=2 error=0
08-22 16:51:22.137 I/MpvEvent( 8531): [PlaybackTrace][Native][eventLoop] event_id=2 error=0
08-22 16:51:22.338 I/MpvEvent( 8531): [PlaybackTrace][Native][eventLoop] event_id=2 error=0
08-22 16:51:22.338 I/MpvEvent( 8531): [PlaybackTrace][Native][mpv-log] prefix=ffmpeg level=error text=tls: mbedtls_ssl_handshake returned -0x6600
08-22 16:51:22.338 D/mpv     ( 8531): [ffmpeg] error: tls: mbedtls_ssl_handshake returned -0x6600
08-22 16:51:22.338 E/MpvEvent( 8531): [PlaybackTrace][Native][dispatch:error] code=-1 message=tls: mbedtls_ssl_handshake returned -0x6600
08-22 16:51:22.339 E/MpvBridgeModule( 8531): [PlaybackTrace][Bridge][listener:error] code=-1 message=tls: mbedtls_ssl_handshake returned -0x6600
08-22 16:51:22.360 I/MpvEvent( 8531): [PlaybackTrace][Native][eventLoop] event_id=2 error=0
08-22 16:51:22.360 I/MpvEvent( 8531): [PlaybackTrace][Native][mpv-log] prefix=stream level=error text=Failed to open https://prod-1.storage.jamendo.com/?trackid=171&format=mp31&from=8CSIkMvwtD6jzKZ%2BPEaUMQ%3D%3D%7Cj5s5oI6ivq8l2vQOXyWixQ%3D%3D.
08-22 16:51:22.360 E/MpvEvent( 8531): [PlaybackTrace][Native][dispatch:error] code=-1 message=Failed to open https://prod-1.storage.jamendo.com/?trackid=171&format=mp31&from=8CSIkMvwtD6jzKZ%2BPEaUMQ%3D%3D%7Cj5s5oI6ivq8l2vQOXyWixQ%3D%3D.
08-22 16:51:22.361 E/MpvBridgeModule( 8531): [PlaybackTrace][Bridge][listener:error] code=-1 message=Failed to open https://prod-1.storage.jamendo.com/?trackid=171&format=mp31&from=8CSIkMvwtD6jzKZ%2BPEaUMQ%3D%3D%7Cj5s5oI6ivq8l2vQOXyWixQ%3D%3D.
08-22 16:51:22.363 I/MpvEvent( 8531): [PlaybackTrace][Native][eventLoop] event_id=2 error=0
08-22 16:51:22.363 I/MpvEvent( 8531): [PlaybackTrace][Native][mpv-log] prefix=cplayer level=v text=Opening failed or was aborted: https://prod-1.storage.jamendo.com/?trackid=171&format=mp31&from=8CSIkMvwtD6jzKZ%2BPEaUMQ%3D%3D%7Cj5s5oI6ivq8l2vQOXyWixQ%3D%3D
08-22 16:51:22.363 D/mpv     ( 8531): [cplayer] v: Opening failed or was aborted: https://prod-1.storage.jamendo.com/?trackid=171&format=mp31&from=8CSIkMvwtD6jzKZ%2BPEaUMQ%3D%3D%7Cj5s5oI6ivq8l2vQOXyWixQ%3D%3D
08-22 16:51:22.363 I/MpvEvent( 8531): [PlaybackTrace][Native][eventLoop] event_id=2 error=0
08-22 16:51:22.363 I/MpvEvent( 8531): [PlaybackTrace][Native][eventLoop] event_id=2 error=0
08-22 16:51:22.383 I/MpvEvent( 8531): [PlaybackTrace][Native][eventLoop] event_id=2 error=0
08-22 16:51:22.383 I/MpvEvent( 8531): [PlaybackTrace][Native][mpv-log] prefix=ytdl_hook level=error text=Subprocess failed: init
08-22 16:51:22.383 E/MpvEvent( 8531): [PlaybackTrace][Native][dispatch:error] code=-1 message=Subprocess failed: init
08-22 16:51:22.383 E/MpvBridgeModule( 8531): [PlaybackTrace][Bridge][listener:error] code=-1 message=Subprocess failed: init
08-22 16:51:22.384 I/MpvEvent( 8531): [PlaybackTrace][Native][eventLoop] event_id=7 error=0
08-22 16:51:22.384 E/MpvEvent( 8531): [PlaybackTrace][Native][eventLoop] MPV_EVENT_END_FILE reason=4 error=-13
08-22 16:51:22.384 I/MpvEvent( 8531): [PlaybackTrace][Native][dispatch:event] name=endFile payload={"reason":4,"error":-13}
08-22 16:51:22.385 I/MpvBridgeModule( 8531): [PlaybackTrace][Bridge][listener:event] name=endFile payload={"reason":4,"error":-13}
08-22 16:51:22.385 I/MpvEvent( 8531): [PlaybackTrace][Native][eventLoop] event_id=11 error=0
08-22 16:51:22.385 I/MpvEvent( 8531): [PlaybackTrace][Native][eventLoop] event_id=2 error=0
08-22 16:51:22.385 I/MpvEvent( 8531): [PlaybackTrace][Native][mpv-log] prefix=cplayer level=v text=Set property: user-data/mpv/ytdl/json-subprocess-result={"killed_by_us":false,"error_string":"init","status":-3,"stderr":"","stdout":""} -> 1
08-22 16:51:22.385 D/mpv     ( 8531): [cplayer] v: Set property: user-data/mpv/ytdl/json-subprocess-result={"killed_by_us":false,"error_string":"init","status":-3,"stderr":"","stdout":""} -> 1
08-22 16:51:22.385 I/MpvEvent( 8531): [PlaybackTrace][Native][eventLoop] event_id=2 error=0
08-22 16:51:22.386 I/MpvEvent( 8531): [PlaybackTrace][Native][eventLoop] event_id=2 error=0
08-22 16:51:22.386 I/MpvEvent( 8531): [PlaybackTrace][Native][eventLoop] event_id=2 error=0
08-22 16:51:22.386 I/MpvEvent( 8531): [PlaybackTrace][Native][eventLoop] event_id=2 error=0
08-22 16:51:22.386 I/MpvEvent( 8531): [PlaybackTrace][Native][eventLoop] event_id=2 error=0
08-22 16:51:22.386 I/MpvEvent( 8531): [PlaybackTrace][Native][mpv-log] prefix=ytdl_hook level=error text=
08-22 16:51:22.386 E/MpvEvent( 8531): [PlaybackTrace][Native][dispatch:error] code=-1 message=
08-22 16:51:22.386 E/MpvBridgeModule( 8531): [PlaybackTrace][Bridge][listener:error] code=-1 message=
08-22 16:51:22.387 I/MpvEvent( 8531): [PlaybackTrace][Native][eventLoop] event_id=2 error=0
08-22 16:51:22.387 I/MpvEvent( 8531): [PlaybackTrace][Native][mpv-log] prefix=ytdl_hook level=error text=youtube-dl failed: not found or not enough permissions
08-22 16:51:22.387 E/MpvEvent( 8531): [PlaybackTrace][Native][dispatch:error] code=-1 message=youtube-dl failed: not found or not enough permissions
08-22 16:51:22.388 E/MpvBridgeModule( 8531): [PlaybackTrace][Bridge][listener:error] code=-1 message=youtube-dl failed: not found or not enough permissions
08-22 16:51:22.389 I/MpvEvent( 8531): [PlaybackTrace][Native][eventLoop] event_id=2 error=0
08-22 16:51:22.389 I/MpvEvent( 8531): [PlaybackTrace][Native][mpv-log] prefix=cplayer level=v text=finished playback, loading failed (reason 4)
08-22 16:51:22.389 D/mpv     ( 8531): [cplayer] v: finished playback, loading failed (reason 4)
08-22 16:51:22.389 I/MpvEvent( 8531): [PlaybackTrace][Native][eventLoop] event_id=2 error=0
08-22 16:51:22.603 I/ReactNativeJS( 8531): '[INFO]', '[PlaybackTrace][JS][loadFile:call]', { requestedPath: 'https://prod-1.storage.jamendo.com/?trackid=171&format=mp31&from=8CSIkMvwtD6jzKZ%2BPEaUMQ%3D%3D%7Cj5s5oI6ivq8l2vQOXyWixQ%3D%3D',
08-22 16:51:22.603 I/ReactNativeJS( 8531): '[INFO]', '[PlaybackTrace][JS][loadFile:return]', { resolvedPath: 'https://prod-1.storage.jamendo.com/?trackid=171&format=mp31&from=8CSIkMvwtD6jzKZ%2BPEaUMQ%3D%3D%7Cj5s5oI6ivq8l2vQOXyWixQ%3D%3D' }
08-22 16:51:22.604 I/MpvBridgeModule( 8531): [PlaybackTrace][Bridge][loadFile] requested=https://prod-1.storage.jamendo.com/?trackid=171&format=mp31&from=8CSIkMvwtD6jzKZ%2BPEaUMQ%3D%3D%7Cj5s5oI6ivq8l2vQOXyWixQ%3D%3D resolved=https://prod-1.storage.jamendo.com/?trackid=171&format=mp31&from=8CSIkMvwtD6jzKZ%2BPEaUMQ%3D%3D%7Cj5s5oI6ivq8l2vQOXyWixQ%3D%3D ptr=131217388029824
08-22 16:51:22.604 I/MpvJNI  ( 8531): [PlaybackTrace][Native][loadFile] begin path=https://prod-1.storage.jamendo.com/?trackid=171&format=mp31&from=8CSIkMvwtD6jzKZ%2BPEaUMQ%3D%3D%7Cj5s5oI6ivq8l2vQOXyWixQ%3D%3D initialized=1
08-22 16:51:22.604 I/MpvEvent( 8531): [PlaybackTrace][Native][eventLoop] event_id=6 error=0
08-22 16:51:22.604 I/MpvEvent( 8531): MPV_EVENT_START_FILE
08-22 16:51:22.605 I/MpvJNI  ( 8531): [PlaybackTrace][Native][loadFile] loadfile command accepted result=0
08-22 16:51:22.606 I/MpvBridgeModule( 8531): [PlaybackTrace][Bridge][loadFile] nativeLoadFile returned
08-22 16:51:22.607 I/MpvEvent( 8531): [PlaybackTrace][Native][eventLoop] event_id=2 error=0
08-22 16:51:22.607 I/MpvEvent( 8531): [PlaybackTrace][Native][eventLoop] event_id=2 error=0
08-22 16:51:22.607 I/MpvEvent( 8531): [PlaybackTrace][Native][eventLoop] event_id=2 error=0
08-22 16:51:22.607 I/MpvEvent( 8531): [PlaybackTrace][Native][eventLoop] event_id=2 error=0
08-22 16:51:22.607 I/MpvEvent( 8531): [PlaybackTrace][Native][eventLoop] event_id=2 error=0
08-22 16:51:22.607 I/MpvEvent( 8531): [PlaybackTrace][Native][eventLoop] event_id=2 error=0
08-22 16:51:22.607 D/mpv     ( 8531): [ffmpeg] v: Opening https://prod-1.storage.jamendo.com/?trackid=171&format=mp31&from=8CSIkMvwtD6jzKZ%2BPEaUMQ%3D%3D%7Cj5s5oI6ivq8l2vQOXyWixQ%3D%3D
08-22 16:51:22.671 I/ReactNativeJS( 8531): '[INFO]', '[PlaybackTrace][JS][loadFile:call]', { requestedPath: 'https://prod-1.storage.jamendo.com/?trackid=171&format=mp31&from=8CSIkMvwtD6jzKZ%2BPEaUMQ%3D%3D%7Cj5s5oI6ivq8l2vQOXyWixQ%3D%3D',
08-22 16:51:22.671 I/MpvBridgeModule( 8531): [PlaybackTrace][Bridge][loadFile] requested=https://prod-1.storage.jamendo.com/?trackid=171&format=mp31&from=8CSIkMvwtD6jzKZ%2BPEaUMQ%3D%3D%7Cj5s5oI6ivq8l2vQOXyWixQ%3D%3D resolved=https://prod-1.storage.jamendo.com/?trackid=171&format=mp31&from=8CSIkMvwtD6jzKZ%2BPEaUMQ%3D%3D%7Cj5s5oI6ivq8l2vQOXyWixQ%3D%3D ptr=131217388029824
08-22 16:51:22.671 I/MpvJNI  ( 8531): [PlaybackTrace][Native][loadFile] begin path=https://prod-1.storage.jamendo.com/?trackid=171&format=mp31&from=8CSIkMvwtD6jzKZ%2BPEaUMQ%3D%3D%7Cj5s5oI6ivq8l2vQOXyWixQ%3D%3D initialized=1
08-22 16:51:22.671 I/ReactNativeJS( 8531): '[INFO]', '[PlaybackTrace][JS][loadFile:return]', { resolvedPath: 'https://prod-1.storage.jamendo.com/?trackid=171&format=mp31&from=8CSIkMvwtD6jzKZ%2BPEaUMQ%3D%3D%7Cj5s5oI6ivq8l2vQOXyWixQ%3D%3D' }
08-22 16:51:22.671 I/MpvJNI  ( 8531): [PlaybackTrace][Native][loadFile] loadfile command accepted result=0
08-22 16:51:22.672 I/MpvBridgeModule( 8531): [PlaybackTrace][Bridge][loadFile] nativeLoadFile returned
08-22 16:51:22.674 I/MpvEvent( 8531): [PlaybackTrace][Native][eventLoop] event_id=2 error=0
08-22 16:51:22.715 I/MpvEvent( 8531): [PlaybackTrace][Native][eventLoop] event_id=7 error=0
08-22 16:51:22.715 E/MpvEvent( 8531): [PlaybackTrace][Native][eventLoop] MPV_EVENT_END_FILE reason=2 error=0
08-22 16:51:22.715 I/MpvEvent( 8531): [PlaybackTrace][Native][dispatch:event] name=endFile payload={"reason":2,"error":0}
08-22 16:51:22.717 I/MpvBridgeModule( 8531): [PlaybackTrace][Bridge][listener:event] name=endFile payload={"reason":2,"error":0}
08-22 16:51:22.719 I/MpvEvent( 8531): [PlaybackTrace][Native][eventLoop] event_id=6 error=0
08-22 16:51:22.719 I/MpvEvent( 8531): MPV_EVENT_START_FILE
08-22 16:51:22.720 I/MpvEvent( 8531): [PlaybackTrace][Native][eventLoop] event_id=2 error=0
08-22 16:51:22.720 I/MpvEvent( 8531): [PlaybackTrace][Native][mpv-log] prefix=cplayer level=v text=Opening failed or was aborted: https://prod-1.storage.jamendo.com/?trackid=171&format=mp31&from=8CSIkMvwtD6jzKZ%2BPEaUMQ%3D%3D%7Cj5s5oI6ivq8l2vQOXyWixQ%3D%3D
08-22 16:51:22.720 D/mpv     ( 8531): [cplayer] v: Opening failed or was aborted: https://prod-1.storage.jamendo.com/?trackid=171&format=mp31&from=8CSIkMvwtD6jzKZ%2BPEaUMQ%3D%3D%7Cj5s5oI6ivq8l2vQOXyWixQ%3D%3D
08-22 16:51:22.720 I/MpvEvent( 8531): [PlaybackTrace][Native][eventLoop] event_id=2 error=0
08-22 16:51:22.721 I/MpvEvent( 8531): [PlaybackTrace][Native][eventLoop] event_id=2 error=0
08-22 16:51:22.721 I/MpvEvent( 8531): [PlaybackTrace][Native][eventLoop] event_id=2 error=0
08-22 16:51:22.721 I/MpvEvent( 8531): [PlaybackTrace][Native][eventLoop] event_id=2 error=0
08-22 16:51:22.721 I/MpvEvent( 8531): [PlaybackTrace][Native][eventLoop] event_id=2 error=0
08-22 16:51:22.721 I/MpvEvent( 8531): [PlaybackTrace][Native][eventLoop] event_id=2 error=0
08-22 16:51:22.722 I/MpvEvent( 8531): [PlaybackTrace][Native][eventLoop] event_id=2 error=0
08-22 16:51:22.722 D/mpv     ( 8531): [ffmpeg] v: Opening https://prod-1.storage.jamendo.com/?trackid=171&format=mp31&from=8CSIkMvwtD6jzKZ%2BPEaUMQ%3D%3D%7Cj5s5oI6ivq8l2vQOXyWixQ%3D%3D
08-22 16:51:22.888 I/MpvEvent( 8531): [PlaybackTrace][Native][eventLoop] event_id=2 error=0
08-22 16:51:22.959 I/MpvEvent( 8531): [PlaybackTrace][Native][eventLoop] event_id=2 error=0
08-22 16:51:23.161 I/MpvEvent( 8531): [PlaybackTrace][Native][eventLoop] event_id=2 error=0
08-22 16:51:23.161 I/MpvEvent( 8531): [PlaybackTrace][Native][mpv-log] prefix=ffmpeg level=error text=tls: mbedtls_ssl_handshake returned -0x6600
08-22 16:51:23.161 D/mpv     ( 8531): [ffmpeg] error: tls: mbedtls_ssl_handshake returned -0x6600
08-22 16:51:23.162 E/MpvEvent( 8531): [PlaybackTrace][Native][dispatch:error] code=-1 message=tls: mbedtls_ssl_handshake returned -0x6600
08-22 16:51:23.162 E/MpvBridgeModule( 8531): [PlaybackTrace][Bridge][listener:error] code=-1 message=tls: mbedtls_ssl_handshake returned -0x6600
08-22 16:51:23.182 I/MpvEvent( 8531): [PlaybackTrace][Native][eventLoop] event_id=2 error=0
08-22 16:51:23.183 I/MpvEvent( 8531): [PlaybackTrace][Native][mpv-log] prefix=stream level=error text=Failed to open https://prod-1.storage.jamendo.com/?trackid=171&format=mp31&from=8CSIkMvwtD6jzKZ%2BPEaUMQ%3D%3D%7Cj5s5oI6ivq8l2vQOXyWixQ%3D%3D.
08-22 16:51:23.183 E/MpvEvent( 8531): [PlaybackTrace][Native][dispatch:error] code=-1 message=Failed to open https://prod-1.storage.jamendo.com/?trackid=171&format=mp31&from=8CSIkMvwtD6jzKZ%2BPEaUMQ%3D%3D%7Cj5s5oI6ivq8l2vQOXyWixQ%3D%3D.
08-22 16:51:23.185 E/MpvBridgeModule( 8531): [PlaybackTrace][Bridge][listener:error] code=-1 message=Failed to open https://prod-1.storage.jamendo.com/?trackid=171&format=mp31&from=8CSIkMvwtD6jzKZ%2BPEaUMQ%3D%3D%7Cj5s5oI6ivq8l2vQOXyWixQ%3D%3D.
08-22 16:51:23.189 I/MpvEvent( 8531): [PlaybackTrace][Native][eventLoop] event_id=2 error=0
08-22 16:51:23.189 I/MpvEvent( 8531): [PlaybackTrace][Native][mpv-log] prefix=cplayer level=v text=Opening failed or was aborted: https://prod-1.storage.jamendo.com/?trackid=171&format=mp31&from=8CSIkMvwtD6jzKZ%2BPEaUMQ%3D%3D%7Cj5s5oI6ivq8l2vQOXyWixQ%3D%3D
08-22 16:51:23.189 D/mpv     ( 8531): [cplayer] v: Opening failed or was aborted: https://prod-1.storage.jamendo.com/?trackid=171&format=mp31&from=8CSIkMvwtD6jzKZ%2BPEaUMQ%3D%3D%7Cj5s5oI6ivq8l2vQOXyWixQ%3D%3D
08-22 16:51:23.189 I/MpvEvent( 8531): [PlaybackTrace][Native][eventLoop] event_id=2 error=0
08-22 16:51:23.190 I/MpvEvent( 8531): [PlaybackTrace][Native][eventLoop] event_id=2 error=0
08-22 16:51:23.211 I/MpvEvent( 8531): [PlaybackTrace][Native][eventLoop] event_id=2 error=0
08-22 16:51:23.211 I/MpvEvent( 8531): [PlaybackTrace][Native][mpv-log] prefix=ytdl_hook level=error text=Subprocess failed: init
08-22 16:51:23.211 E/MpvEvent( 8531): [PlaybackTrace][Native][dispatch:error] code=-1 message=Subprocess failed: init
08-22 16:51:23.211 E/MpvBridgeModule( 8531): [PlaybackTrace][Bridge][listener:error] code=-1 message=Subprocess failed: init
08-22 16:51:23.211 I/MpvEvent( 8531): [PlaybackTrace][Native][eventLoop] event_id=2 error=0
08-22 16:51:23.211 I/MpvEvent( 8531): [PlaybackTrace][Native][mpv-log] prefix=cplayer level=v text=Set property: user-data/mpv/ytdl/json-subprocess-result={"killed_by_us":false,"error_string":"init","status":-3,"stderr":"","stdout":""} -> 1
08-22 16:51:23.211 D/mpv     ( 8531): [cplayer] v: Set property: user-data/mpv/ytdl/json-subprocess-result={"killed_by_us":false,"error_string":"init","status":-3,"stderr":"","stdout":""} -> 1
08-22 16:51:23.211 I/MpvEvent( 8531): [PlaybackTrace][Native][eventLoop] event_id=2 error=0
08-22 16:51:23.211 I/MpvEvent( 8531): [PlaybackTrace][Native][eventLoop] event_id=2 error=0
08-22 16:51:23.212 I/MpvEvent( 8531): [PlaybackTrace][Native][eventLoop] event_id=2 error=0
08-22 16:51:23.212 I/MpvEvent( 8531): [PlaybackTrace][Native][eventLoop] event_id=2 error=0
08-22 16:51:23.212 I/MpvEvent( 8531): [PlaybackTrace][Native][eventLoop] event_id=2 error=0
08-22 16:51:23.212 I/MpvEvent( 8531): [PlaybackTrace][Native][mpv-log] prefix=ytdl_hook level=error text=
08-22 16:51:23.212 E/MpvEvent( 8531): [PlaybackTrace][Native][dispatch:error] code=-1 message=
08-22 16:51:23.212 E/MpvBridgeModule( 8531): [PlaybackTrace][Bridge][listener:error] code=-1 message=
08-22 16:51:23.213 I/MpvEvent( 8531): [PlaybackTrace][Native][eventLoop] event_id=2 error=0
08-22 16:51:23.214 I/MpvEvent( 8531): [PlaybackTrace][Native][mpv-log] prefix=ytdl_hook level=error text=youtube-dl failed: not found or not enough permissions
08-22 16:51:23.214 E/MpvEvent( 8531): [PlaybackTrace][Native][dispatch:error] code=-1 message=youtube-dl failed: not found or not enough permissions
08-22 16:51:23.214 E/MpvBridgeModule( 8531): [PlaybackTrace][Bridge][listener:error] code=-1 message=youtube-dl failed: not found or not enough permissions
08-22 16:51:23.215 I/MpvEvent( 8531): [PlaybackTrace][Native][eventLoop] event_id=7 error=0
08-22 16:51:23.215 E/MpvEvent( 8531): [PlaybackTrace][Native][eventLoop] MPV_EVENT_END_FILE reason=4 error=-13
08-22 16:51:23.215 I/MpvEvent( 8531): [PlaybackTrace][Native][dispatch:event] name=endFile payload={"reason":4,"error":-13}
08-22 16:51:23.216 I/MpvBridgeModule( 8531): [PlaybackTrace][Bridge][listener:event] name=endFile payload={"reason":4,"error":-13}
08-22 16:51:23.217 I/MpvEvent( 8531): [PlaybackTrace][Native][eventLoop] event_id=11 error=0
08-22 16:51:23.217 I/MpvEvent( 8531): [PlaybackTrace][Native][eventLoop] event_id=2 error=0
08-22 16:51:23.217 I/MpvEvent( 8531): [PlaybackTrace][Native][mpv-log] prefix=cplayer level=v text=finished playback, loading failed (reason 4)
08-22 16:51:23.217 D/mpv     ( 8531): [cplayer] v: finished playback, loading failed (reason 4)
08-22 16:51:23.217 I/MpvEvent( 8531): [PlaybackTrace][Native][eventLoop] event_id=2 error=0
08-22 16:51:23.306 I/ReactNativeJS( 8531): '[INFO]', '[PlaybackTrace][JS][loadFile:call]', { requestedPath: 'https://prod-1.storage.jamendo.com/?trackid=171&format=mp31&from=8CSIkMvwtD6jzKZ%2BPEaUMQ%3D%3D%7Cj5s5oI6ivq8l2vQOXyWixQ%3D%3D',
08-22 16:51:23.307 I/MpvBridgeModule( 8531): [PlaybackTrace][Bridge][loadFile] requested=https://prod-1.storage.jamendo.com/?trackid=171&format=mp31&from=8CSIkMvwtD6jzKZ%2BPEaUMQ%3D%3D%7Cj5s5oI6ivq8l2vQOXyWixQ%3D%3D resolved=https://prod-1.storage.jamendo.com/?trackid=171&format=mp31&from=8CSIkMvwtD6jzKZ%2BPEaUMQ%3D%3D%7Cj5s5oI6ivq8l2vQOXyWixQ%3D%3D ptr=131217388029824
08-22 16:51:23.307 I/MpvJNI  ( 8531): [PlaybackTrace][Native][loadFile] begin path=https://prod-1.storage.jamendo.com/?trackid=171&format=mp31&from=8CSIkMvwtD6jzKZ%2BPEaUMQ%3D%3D%7Cj5s5oI6ivq8l2vQOXyWixQ%3D%3D initialized=1
08-22 16:51:23.308 I/ReactNativeJS( 8531): '[INFO]', '[PlaybackTrace][JS][loadFile:return]', { resolvedPath: 'https://prod-1.storage.jamendo.com/?trackid=171&format=mp31&from=8CSIkMvwtD6jzKZ%2BPEaUMQ%3D%3D%7Cj5s5oI6ivq8l2vQOXyWixQ%3D%3D' }
08-22 16:51:23.308 I/MpvJNI  ( 8531): [PlaybackTrace][Native][loadFile] loadfile command accepted result=0
08-22 16:51:23.308 I/MpvBridgeModule( 8531): [PlaybackTrace][Bridge][loadFile] nativeLoadFile returned
08-22 16:51:23.308 I/MpvEvent( 8531): [PlaybackTrace][Native][eventLoop] event_id=6 error=0
08-22 16:51:23.308 I/MpvEvent( 8531): MPV_EVENT_START_FILE
08-22 16:51:23.312 I/MpvEvent( 8531): [PlaybackTrace][Native][eventLoop] event_id=2 error=0
08-22 16:51:23.312 I/MpvEvent( 8531): [PlaybackTrace][Native][eventLoop] event_id=2 error=0
08-22 16:51:23.313 I/MpvEvent( 8531): [PlaybackTrace][Native][eventLoop] event_id=2 error=0
08-22 16:51:23.313 I/MpvEvent( 8531): [PlaybackTrace][Native][eventLoop] event_id=2 error=0
08-22 16:51:23.313 I/MpvEvent( 8531): [PlaybackTrace][Native][eventLoop] event_id=2 error=0
08-22 16:51:23.313 I/MpvEvent( 8531): [PlaybackTrace][Native][eventLoop] event_id=2 error=0
08-22 16:51:23.314 D/mpv     ( 8531): [ffmpeg] v: Opening https://prod-1.storage.jamendo.com/?trackid=171&format=mp31&from=8CSIkMvwtD6jzKZ%2BPEaUMQ%3D%3D%7Cj5s5oI6ivq8l2vQOXyWixQ%3D%3D
08-22 16:51:23.357 I/ReactNativeJS( 8531): '[INFO]', '[PlaybackTrace][JS][loadFile:call]', { requestedPath: 'https://prod-1.storage.jamendo.com/?trackid=171&format=mp31&from=8CSIkMvwtD6jzKZ%2BPEaUMQ%3D%3D%7Cj5s5oI6ivq8l2vQOXyWixQ%3D%3D',
08-22 16:51:23.358 I/MpvBridgeModule( 8531): [PlaybackTrace][Bridge][loadFile] requested=https://prod-1.storage.jamendo.com/?trackid=171&format=mp31&from=8CSIkMvwtD6jzKZ%2BPEaUMQ%3D%3D%7Cj5s5oI6ivq8l2vQOXyWixQ%3D%3D resolved=https://prod-1.storage.jamendo.com/?trackid=171&format=mp31&from=8CSIkMvwtD6jzKZ%2BPEaUMQ%3D%3D%7Cj5s5oI6ivq8l2vQOXyWixQ%3D%3D ptr=131217388029824
08-22 16:51:23.358 I/MpvJNI  ( 8531): [PlaybackTrace][Native][loadFile] begin path=https://prod-1.storage.jamendo.com/?trackid=171&format=mp31&from=8CSIkMvwtD6jzKZ%2BPEaUMQ%3D%3D%7Cj5s5oI6ivq8l2vQOXyWixQ%3D%3D initialized=1
08-22 16:51:23.358 I/ReactNativeJS( 8531): '[INFO]', '[PlaybackTrace][JS][loadFile:return]', { resolvedPath: 'https://prod-1.storage.jamendo.com/?trackid=171&format=mp31&from=8CSIkMvwtD6jzKZ%2BPEaUMQ%3D%3D%7Cj5s5oI6ivq8l2vQOXyWixQ%3D%3D' }
08-22 16:51:23.358 I/MpvJNI  ( 8531): [PlaybackTrace][Native][loadFile] loadfile command accepted result=0
08-22 16:51:23.359 I/MpvBridgeModule( 8531): [PlaybackTrace][Bridge][loadFile] nativeLoadFile returned
08-22 16:51:23.360 I/MpvEvent( 8531): [PlaybackTrace][Native][eventLoop] event_id=2 error=0
08-22 16:51:23.361 I/ReactNativeJS( 8531): '[INFO]', '[PlaybackTrace][JS][loadFile:call]', { requestedPath: 'https://prod-1.storage.jamendo.com/?trackid=171&format=mp31&from=8CSIkMvwtD6jzKZ%2BPEaUMQ%3D%3D%7Cj5s5oI6ivq8l2vQOXyWixQ%3D%3D',
08-22 16:51:23.361 I/MpvBridgeModule( 8531): [PlaybackTrace][Bridge][loadFile] requested=https://prod-1.storage.jamendo.com/?trackid=171&format=mp31&from=8CSIkMvwtD6jzKZ%2BPEaUMQ%3D%3D%7Cj5s5oI6ivq8l2vQOXyWixQ%3D%3D resolved=https://prod-1.storage.jamendo.com/?trackid=171&format=mp31&from=8CSIkMvwtD6jzKZ%2BPEaUMQ%3D%3D%7Cj5s5oI6ivq8l2vQOXyWixQ%3D%3D ptr=131217388029824
08-22 16:51:23.361 I/MpvJNI  ( 8531): [PlaybackTrace][Native][loadFile] begin path=https://prod-1.storage.jamendo.com/?trackid=171&format=mp31&from=8CSIkMvwtD6jzKZ%2BPEaUMQ%3D%3D%7Cj5s5oI6ivq8l2vQOXyWixQ%3D%3D initialized=1
08-22 16:51:23.361 I/MpvJNI  ( 8531): [PlaybackTrace][Native][loadFile] loadfile command accepted result=0
08-22 16:51:23.361 I/ReactNativeJS( 8531): '[INFO]', '[PlaybackTrace][JS][loadFile:return]', { resolvedPath: 'https://prod-1.storage.jamendo.com/?trackid=171&format=mp31&from=8CSIkMvwtD6jzKZ%2BPEaUMQ%3D%3D%7Cj5s5oI6ivq8l2vQOXyWixQ%3D%3D' }
08-22 16:51:23.362 I/MpvBridgeModule( 8531): [PlaybackTrace][Bridge][loadFile] nativeLoadFile returned
08-22 16:51:23.364 I/MpvEvent( 8531): [PlaybackTrace][Native][eventLoop] event_id=2 error=0
08-22 16:51:23.417 I/MpvEvent( 8531): [PlaybackTrace][Native][eventLoop] event_id=2 error=0
08-22 16:51:23.417 I/MpvEvent( 8531): [PlaybackTrace][Native][mpv-log] prefix=cplayer level=v text=Opening failed or was aborted: https://prod-1.storage.jamendo.com/?trackid=171&format=mp31&from=8CSIkMvwtD6jzKZ%2BPEaUMQ%3D%3D%7Cj5s5oI6ivq8l2vQOXyWixQ%3D%3D
08-22 16:51:23.418 D/mpv     ( 8531): [cplayer] v: Opening failed or was aborted: https://prod-1.storage.jamendo.com/?trackid=171&format=mp31&from=8CSIkMvwtD6jzKZ%2BPEaUMQ%3D%3D%7Cj5s5oI6ivq8l2vQOXyWixQ%3D%3D
08-22 16:51:23.418 I/MpvEvent( 8531): [PlaybackTrace][Native][eventLoop] event_id=7 error=0
08-22 16:51:23.418 E/MpvEvent( 8531): [PlaybackTrace][Native][eventLoop] MPV_EVENT_END_FILE reason=2 error=0
08-22 16:51:23.418 I/MpvEvent( 8531): [PlaybackTrace][Native][dispatch:event] name=endFile payload={"reason":2,"error":0}
08-22 16:51:23.418 I/MpvBridgeModule( 8531): [PlaybackTrace][Bridge][listener:event] name=endFile payload={"reason":2,"error":0}
08-22 16:51:23.420 I/MpvEvent( 8531): [PlaybackTrace][Native][eventLoop] event_id=6 error=0
08-22 16:51:23.420 I/MpvEvent( 8531): MPV_EVENT_START_FILE
08-22 16:51:23.422 I/MpvEvent( 8531): [PlaybackTrace][Native][eventLoop] event_id=2 error=0
08-22 16:51:23.422 I/MpvEvent( 8531): [PlaybackTrace][Native][eventLoop] event_id=2 error=0
08-22 16:51:23.423 I/MpvEvent( 8531): [PlaybackTrace][Native][eventLoop] event_id=2 error=0
08-22 16:51:23.423 I/MpvEvent( 8531): [PlaybackTrace][Native][eventLoop] event_id=2 error=0
08-22 16:51:23.423 I/MpvEvent( 8531): [PlaybackTrace][Native][eventLoop] event_id=2 error=0
08-22 16:51:23.423 I/MpvEvent( 8531): [PlaybackTrace][Native][eventLoop] event_id=2 error=0
08-22 16:51:23.423 I/MpvEvent( 8531): [PlaybackTrace][Native][eventLoop] event_id=2 error=0
08-22 16:51:23.423 D/mpv     ( 8531): [ffmpeg] v: Opening https://prod-1.storage.jamendo.com/?trackid=171&format=mp31&from=8CSIkMvwtD6jzKZ%2BPEaUMQ%3D%3D%7Cj5s5oI6ivq8l2vQOXyWixQ%3D%3D
08-22 16:51:23.472 I/ReactNativeJS( 8531): '[INFO]', '[PlaybackTrace][JS][loadFile:call]', { requestedPath: 'https://prod-1.storage.jamendo.com/?trackid=171&format=mp31&from=8CSIkMvwtD6jzKZ%2BPEaUMQ%3D%3D%7Cj5s5oI6ivq8l2vQOXyWixQ%3D%3D',
08-22 16:51:23.473 I/MpvBridgeModule( 8531): [PlaybackTrace][Bridge][loadFile] requested=https://prod-1.storage.jamendo.com/?trackid=171&format=mp31&from=8CSIkMvwtD6jzKZ%2BPEaUMQ%3D%3D%7Cj5s5oI6ivq8l2vQOXyWixQ%3D%3D resolved=https://prod-1.storage.jamendo.com/?trackid=171&format=mp31&from=8CSIkMvwtD6jzKZ%2BPEaUMQ%3D%3D%7Cj5s5oI6ivq8l2vQOXyWixQ%3D%3D ptr=131217388029824
08-22 16:51:23.474 I/ReactNativeJS( 8531): '[INFO]', '[PlaybackTrace][JS][loadFile:return]', { resolvedPath: 'https://prod-1.storage.jamendo.com/?trackid=171&format=mp31&from=8CSIkMvwtD6jzKZ%2BPEaUMQ%3D%3D%7Cj5s5oI6ivq8l2vQOXyWixQ%3D%3D' }
08-22 16:51:23.474 I/MpvJNI  ( 8531): [PlaybackTrace][Native][loadFile] begin path=https://prod-1.storage.jamendo.com/?trackid=171&format=mp31&from=8CSIkMvwtD6jzKZ%2BPEaUMQ%3D%3D%7Cj5s5oI6ivq8l2vQOXyWixQ%3D%3D initialized=1
08-22 16:51:23.474 I/MpvJNI  ( 8531): [PlaybackTrace][Native][loadFile] loadfile command accepted result=0
08-22 16:51:23.474 I/MpvBridgeModule( 8531): [PlaybackTrace][Bridge][loadFile] nativeLoadFile returned
08-22 16:51:23.476 I/MpvEvent( 8531): [PlaybackTrace][Native][eventLoop] event_id=2 error=0
08-22 16:51:23.528 I/MpvEvent( 8531): [PlaybackTrace][Native][eventLoop] event_id=2 error=0
08-22 16:51:23.528 I/MpvEvent( 8531): [PlaybackTrace][Native][mpv-log] prefix=cplayer level=v text=Opening failed or was aborted: https://prod-1.storage.jamendo.com/?trackid=171&format=mp31&from=8CSIkMvwtD6jzKZ%2BPEaUMQ%3D%3D%7Cj5s5oI6ivq8l2vQOXyWixQ%3D%3D
08-22 16:51:23.528 D/mpv     ( 8531): [cplayer] v: Opening failed or was aborted: https://prod-1.storage.jamendo.com/?trackid=171&format=mp31&from=8CSIkMvwtD6jzKZ%2BPEaUMQ%3D%3D%7Cj5s5oI6ivq8l2vQOXyWixQ%3D%3D
08-22 16:51:23.528 I/MpvEvent( 8531): [PlaybackTrace][Native][eventLoop] event_id=7 error=0
08-22 16:51:23.528 E/MpvEvent( 8531): [PlaybackTrace][Native][eventLoop] MPV_EVENT_END_FILE reason=2 error=0
08-22 16:51:23.528 I/MpvEvent( 8531): [PlaybackTrace][Native][dispatch:event] name=endFile payload={"reason":2,"error":0}
08-22 16:51:23.529 I/MpvBridgeModule( 8531): [PlaybackTrace][Bridge][listener:event] name=endFile payload={"reason":2,"error":0}
08-22 16:51:23.531 I/MpvEvent( 8531): [PlaybackTrace][Native][eventLoop] event_id=6 error=0
08-22 16:51:23.531 I/MpvEvent( 8531): MPV_EVENT_START_FILE
08-22 16:51:23.532 I/MpvEvent( 8531): [PlaybackTrace][Native][eventLoop] event_id=2 error=0
08-22 16:51:23.532 I/MpvEvent( 8531): [PlaybackTrace][Native][eventLoop] event_id=2 error=0
08-22 16:51:23.532 I/MpvEvent( 8531): [PlaybackTrace][Native][eventLoop] event_id=2 error=0
08-22 16:51:23.532 I/MpvEvent( 8531): [PlaybackTrace][Native][eventLoop] event_id=2 error=0
08-22 16:51:23.532 I/MpvEvent( 8531): [PlaybackTrace][Native][eventLoop] event_id=2 error=0
08-22 16:51:23.533 I/MpvEvent( 8531): [PlaybackTrace][Native][eventLoop] event_id=2 error=0
08-22 16:51:23.533 I/MpvEvent( 8531): [PlaybackTrace][Native][eventLoop] event_id=2 error=0
08-22 16:51:23.533 D/mpv     ( 8531): [ffmpeg] v: Opening https://prod-1.storage.jamendo.com/?trackid=171&format=mp31&from=8CSIkMvwtD6jzKZ%2BPEaUMQ%3D%3D%7Cj5s5oI6ivq8l2vQOXyWixQ%3D%3D
08-22 16:51:23.586 I/MpvEvent( 8531): [PlaybackTrace][Native][eventLoop] event_id=2 error=0
08-22 16:51:23.638 I/MpvEvent( 8531): [PlaybackTrace][Native][eventLoop] event_id=2 error=0
08-22 16:51:23.639 I/MpvEvent( 8531): [PlaybackTrace][Native][eventLoop] event_id=2 error=0
08-22 16:51:23.756 I/MpvEvent( 8531): [PlaybackTrace][Native][eventLoop] event_id=2 error=0
08-22 16:51:24.021 I/ReactNativeJS( 8531): '[INFO]', '[PlaybackTrace][JS][loadFile:call]', { requestedPath: 'https://prod-1.storage.jamendo.com/?trackid=171&format=mp31&from=8CSIkMvwtD6jzKZ%2BPEaUMQ%3D%3D%7Cj5s5oI6ivq8l2vQOXyWixQ%3D%3D',
08-22 16:51:24.021 I/MpvBridgeModule( 8531): [PlaybackTrace][Bridge][loadFile] requested=https://prod-1.storage.jamendo.com/?trackid=171&format=mp31&from=8CSIkMvwtD6jzKZ%2BPEaUMQ%3D%3D%7Cj5s5oI6ivq8l2vQOXyWixQ%3D%3D resolved=https://prod-1.storage.jamendo.com/?trackid=171&format=mp31&from=8CSIkMvwtD6jzKZ%2BPEaUMQ%3D%3D%7Cj5s5oI6ivq8l2vQOXyWixQ%3D%3D ptr=131217388029824
08-22 16:51:24.021 I/MpvJNI  ( 8531): [PlaybackTrace][Native][loadFile] begin path=https://prod-1.storage.jamendo.com/?trackid=171&format=mp31&from=8CSIkMvwtD6jzKZ%2BPEaUMQ%3D%3D%7Cj5s5oI6ivq8l2vQOXyWixQ%3D%3D initialized=1
08-22 16:51:24.021 I/MpvJNI  ( 8531): [PlaybackTrace][Native][loadFile] loadfile command accepted result=0
08-22 16:51:24.022 I/MpvBridgeModule( 8531): [PlaybackTrace][Bridge][loadFile] nativeLoadFile returned
08-22 16:51:24.023 I/ReactNativeJS( 8531): '[INFO]', '[PlaybackTrace][JS][loadFile:return]', { resolvedPath: 'https://prod-1.storage.jamendo.com/?trackid=171&format=mp31&from=8CSIkMvwtD6jzKZ%2BPEaUMQ%3D%3D%7Cj5s5oI6ivq8l2vQOXyWixQ%3D%3D' }
08-22 16:51:24.027 I/MpvEvent( 8531): [PlaybackTrace][Native][eventLoop] event_id=2 error=0
08-22 16:51:24.071 I/MpvEvent( 8531): [PlaybackTrace][Native][eventLoop] event_id=2 error=0
08-22 16:51:24.071 I/MpvEvent( 8531): [PlaybackTrace][Native][mpv-log] prefix=ffmpeg level=error text=tls: mbedtls_ssl_handshake returned -0x7280
08-22 16:51:24.071 D/mpv     ( 8531): [ffmpeg] error: tls: mbedtls_ssl_handshake returned -0x7280
08-22 16:51:24.071 E/MpvEvent( 8531): [PlaybackTrace][Native][dispatch:error] code=-1 message=tls: mbedtls_ssl_handshake returned -0x7280
08-22 16:51:24.071 E/MpvBridgeModule( 8531): [PlaybackTrace][Bridge][listener:error] code=-1 message=tls: mbedtls_ssl_handshake returned -0x7280
08-22 16:51:24.073 I/MpvEvent( 8531): [PlaybackTrace][Native][eventLoop] event_id=7 error=0
08-22 16:51:24.074 E/MpvEvent( 8531): [PlaybackTrace][Native][eventLoop] MPV_EVENT_END_FILE reason=2 error=0
08-22 16:51:24.074 I/MpvEvent( 8531): [PlaybackTrace][Native][dispatch:event] name=endFile payload={"reason":2,"error":0}
08-22 16:51:24.075 I/MpvBridgeModule( 8531): [PlaybackTrace][Bridge][listener:event] name=endFile payload={"reason":2,"error":0}
08-22 16:51:24.076 I/MpvEvent( 8531): [PlaybackTrace][Native][eventLoop] event_id=6 error=0
08-22 16:51:24.076 I/MpvEvent( 8531): MPV_EVENT_START_FILE
08-22 16:51:24.078 I/MpvEvent( 8531): [PlaybackTrace][Native][eventLoop] event_id=2 error=0
08-22 16:51:24.078 I/MpvEvent( 8531): [PlaybackTrace][Native][mpv-log] prefix=cplayer level=v text=Opening failed or was aborted: https://prod-1.storage.jamendo.com/?trackid=171&format=mp31&from=8CSIkMvwtD6jzKZ%2BPEaUMQ%3D%3D%7Cj5s5oI6ivq8l2vQOXyWixQ%3D%3D
08-22 16:51:24.078 D/mpv     ( 8531): [cplayer] v: Opening failed or was aborted: https://prod-1.storage.jamendo.com/?trackid=171&format=mp31&from=8CSIkMvwtD6jzKZ%2BPEaUMQ%3D%3D%7Cj5s5oI6ivq8l2vQOXyWixQ%3D%3D
08-22 16:51:24.078 I/MpvEvent( 8531): [PlaybackTrace][Native][eventLoop] event_id=2 error=0
08-22 16:51:24.078 I/MpvEvent( 8531): [PlaybackTrace][Native][eventLoop] event_id=2 error=0
08-22 16:51:24.078 I/MpvEvent( 8531): [PlaybackTrace][Native][eventLoop] event_id=2 error=0
08-22 16:51:24.078 I/MpvEvent( 8531): [PlaybackTrace][Native][eventLoop] event_id=2 error=0
08-22 16:51:24.078 I/MpvEvent( 8531): [PlaybackTrace][Native][eventLoop] event_id=2 error=0
08-22 16:51:24.078 I/MpvEvent( 8531): [PlaybackTrace][Native][eventLoop] event_id=2 error=0
08-22 16:51:24.079 I/MpvEvent( 8531): [PlaybackTrace][Native][eventLoop] event_id=2 error=0
08-22 16:51:24.079 D/mpv     ( 8531): [ffmpeg] v: Opening https://prod-1.storage.jamendo.com/?trackid=171&format=mp31&from=8CSIkMvwtD6jzKZ%2BPEaUMQ%3D%3D%7Cj5s5oI6ivq8l2vQOXyWixQ%3D%3D
08-22 16:51:24.189 I/ReactNativeJS( 8531): '[INFO]', '[PlaybackTrace][JS][loadFile:call]', { requestedPath: 'https://prod-1.storage.jamendo.com/?trackid=171&format=mp31&from=8CSIkMvwtD6jzKZ%2BPEaUMQ%3D%3D%7Cj5s5oI6ivq8l2vQOXyWixQ%3D%3D',
08-22 16:51:24.191 I/MpvBridgeModule( 8531): [PlaybackTrace][Bridge][loadFile] requested=https://prod-1.storage.jamendo.com/?trackid=171&format=mp31&from=8CSIkMvwtD6jzKZ%2BPEaUMQ%3D%3D%7Cj5s5oI6ivq8l2vQOXyWixQ%3D%3D resolved=https://prod-1.storage.jamendo.com/?trackid=171&format=mp31&from=8CSIkMvwtD6jzKZ%2BPEaUMQ%3D%3D%7Cj5s5oI6ivq8l2vQOXyWixQ%3D%3D ptr=131217388029824
08-22 16:51:24.191 I/MpvJNI  ( 8531): [PlaybackTrace][Native][loadFile] begin path=https://prod-1.storage.jamendo.com/?trackid=171&format=mp31&from=8CSIkMvwtD6jzKZ%2BPEaUMQ%3D%3D%7Cj5s5oI6ivq8l2vQOXyWixQ%3D%3D initialized=1
08-22 16:51:24.191 I/MpvJNI  ( 8531): [PlaybackTrace][Native][loadFile] loadfile command accepted result=0
08-22 16:51:24.191 I/MpvBridgeModule( 8531): [PlaybackTrace][Bridge][loadFile] nativeLoadFile returned
08-22 16:51:24.191 I/ReactNativeJS( 8531): '[INFO]', '[PlaybackTrace][JS][loadFile:return]', { resolvedPath: 'https://prod-1.storage.jamendo.com/?trackid=171&format=mp31&from=8CSIkMvwtD6jzKZ%2BPEaUMQ%3D%3D%7Cj5s5oI6ivq8l2vQOXyWixQ%3D%3D' }
08-22 16:51:24.194 I/MpvEvent( 8531): [PlaybackTrace][Native][eventLoop] event_id=2 error=0
08-22 16:51:24.254 I/ReactNativeJS( 8531): '[INFO]', '[PlaybackTrace][JS][loadFile:call]', { requestedPath: 'https://prod-1.storage.jamendo.com/?trackid=171&format=mp31&from=8CSIkMvwtD6jzKZ%2BPEaUMQ%3D%3D%7Cj5s5oI6ivq8l2vQOXyWixQ%3D%3D',
08-22 16:51:24.254 I/MpvBridgeModule( 8531): [PlaybackTrace][Bridge][loadFile] requested=https://prod-1.storage.jamendo.com/?trackid=171&format=mp31&from=8CSIkMvwtD6jzKZ%2BPEaUMQ%3D%3D%7Cj5s5oI6ivq8l2vQOXyWixQ%3D%3D resolved=https://prod-1.storage.jamendo.com/?trackid=171&format=mp31&from=8CSIkMvwtD6jzKZ%2BPEaUMQ%3D%3D%7Cj5s5oI6ivq8l2vQOXyWixQ%3D%3D ptr=131217388029824
08-22 16:51:24.254 I/ReactNativeJS( 8531): '[INFO]', '[PlaybackTrace][JS][loadFile:return]', { resolvedPath: 'https://prod-1.storage.jamendo.com/?trackid=171&format=mp31&from=8CSIkMvwtD6jzKZ%2BPEaUMQ%3D%3D%7Cj5s5oI6ivq8l2vQOXyWixQ%3D%3D' }
08-22 16:51:24.254 I/MpvJNI  ( 8531): [PlaybackTrace][Native][loadFile] begin path=https://prod-1.storage.jamendo.com/?trackid=171&format=mp31&from=8CSIkMvwtD6jzKZ%2BPEaUMQ%3D%3D%7Cj5s5oI6ivq8l2vQOXyWixQ%3D%3D initialized=1
08-22 16:51:24.254 I/MpvJNI  ( 8531): [PlaybackTrace][Native][loadFile] loadfile command accepted result=0
08-22 16:51:24.255 I/MpvBridgeModule( 8531): [PlaybackTrace][Bridge][loadFile] nativeLoadFile returned
08-22 16:51:24.256 I/MpvEvent( 8531): [PlaybackTrace][Native][eventLoop] event_id=2 error=0
08-22 16:51:24.290 I/MpvEvent( 8531): [PlaybackTrace][Native][eventLoop] event_id=7 error=0
08-22 16:51:24.290 E/MpvEvent( 8531): [PlaybackTrace][Native][eventLoop] MPV_EVENT_END_FILE reason=2 error=0
08-22 16:51:24.290 I/MpvEvent( 8531): [PlaybackTrace][Native][dispatch:event] name=endFile payload={"reason":2,"error":0}
08-22 16:51:24.290 I/MpvBridgeModule( 8531): [PlaybackTrace][Bridge][listener:event] name=endFile payload={"reason":2,"error":0}
08-22 16:51:24.292 I/MpvEvent( 8531): [PlaybackTrace][Native][eventLoop] event_id=6 error=0
08-22 16:51:24.292 I/MpvEvent( 8531): MPV_EVENT_START_FILE
08-22 16:51:24.294 I/MpvEvent( 8531): [PlaybackTrace][Native][eventLoop] event_id=2 error=0
08-22 16:51:24.294 I/MpvEvent( 8531): [PlaybackTrace][Native][mpv-log] prefix=cplayer level=v text=Opening failed or was aborted: https://prod-1.storage.jamendo.com/?trackid=171&format=mp31&from=8CSIkMvwtD6jzKZ%2BPEaUMQ%3D%3D%7Cj5s5oI6ivq8l2vQOXyWixQ%3D%3D
08-22 16:51:24.294 D/mpv     ( 8531): [cplayer] v: Opening failed or was aborted: https://prod-1.storage.jamendo.com/?trackid=171&format=mp31&from=8CSIkMvwtD6jzKZ%2BPEaUMQ%3D%3D%7Cj5s5oI6ivq8l2vQOXyWixQ%3D%3D
08-22 16:51:24.294 I/MpvEvent( 8531): [PlaybackTrace][Native][eventLoop] event_id=2 error=0
08-22 16:51:24.294 I/MpvEvent( 8531): [PlaybackTrace][Native][eventLoop] event_id=2 error=0
08-22 16:51:24.294 I/MpvEvent( 8531): [PlaybackTrace][Native][eventLoop] event_id=2 error=0
08-22 16:51:24.294 I/MpvEvent( 8531): [PlaybackTrace][Native][eventLoop] event_id=2 error=0
08-22 16:51:24.294 I/MpvEvent( 8531): [PlaybackTrace][Native][eventLoop] event_id=2 error=0
08-22 16:51:24.294 I/MpvEvent( 8531): [PlaybackTrace][Native][eventLoop] event_id=2 error=0
08-22 16:51:24.294 I/MpvEvent( 8531): [PlaybackTrace][Native][eventLoop] event_id=2 error=0
08-22 16:51:24.294 D/mpv     ( 8531): [ffmpeg] v: Opening https://prod-1.storage.jamendo.com/?trackid=171&format=mp31&from=8CSIkMvwtD6jzKZ%2BPEaUMQ%3D%3D%7Cj5s5oI6ivq8l2vQOXyWixQ%3D%3D
08-22 16:51:24.302 I/MpvEvent( 8531): [PlaybackTrace][Native][eventLoop] event_id=2 error=0
08-22 16:51:24.470 I/MpvEvent( 8531): [PlaybackTrace][Native][eventLoop] event_id=2 error=0
08-22 16:51:24.537 I/MpvEvent( 8531): [PlaybackTrace][Native][eventLoop] event_id=2 error=0
08-22 16:51:24.720 I/ReactNativeJS( 8531): '[INFO]', '[PlaybackTrace][JS][loadFile:call]', { requestedPath: 'https://prod-1.storage.jamendo.com/?trackid=171&format=mp31&from=8CSIkMvwtD6jzKZ%2BPEaUMQ%3D%3D%7Cj5s5oI6ivq8l2vQOXyWixQ%3D%3D',
08-22 16:51:24.721 I/MpvBridgeModule( 8531): [PlaybackTrace][Bridge][loadFile] requested=https://prod-1.storage.jamendo.com/?trackid=171&format=mp31&from=8CSIkMvwtD6jzKZ%2BPEaUMQ%3D%3D%7Cj5s5oI6ivq8l2vQOXyWixQ%3D%3D resolved=https://prod-1.storage.jamendo.com/?trackid=171&format=mp31&from=8CSIkMvwtD6jzKZ%2BPEaUMQ%3D%3D%7Cj5s5oI6ivq8l2vQOXyWixQ%3D%3D ptr=131217388029824
08-22 16:51:24.721 I/MpvJNI  ( 8531): [PlaybackTrace][Native][loadFile] begin path=https://prod-1.storage.jamendo.com/?trackid=171&format=mp31&from=8CSIkMvwtD6jzKZ%2BPEaUMQ%3D%3D%7Cj5s5oI6ivq8l2vQOXyWixQ%3D%3D initialized=1
08-22 16:51:24.721 I/MpvJNI  ( 8531): [PlaybackTrace][Native][loadFile] loadfile command accepted result=0
08-22 16:51:24.721 I/MpvBridgeModule( 8531): [PlaybackTrace][Bridge][loadFile] nativeLoadFile returned
08-22 16:51:24.722 I/ReactNativeJS( 8531): '[INFO]', '[PlaybackTrace][JS][loadFile:return]', { resolvedPath: 'https://prod-1.storage.jamendo.com/?trackid=171&format=mp31&from=8CSIkMvwtD6jzKZ%2BPEaUMQ%3D%3D%7Cj5s5oI6ivq8l2vQOXyWixQ%3D%3D' }
08-22 16:51:24.725 I/MpvEvent( 8531): [PlaybackTrace][Native][eventLoop] event_id=2 error=0
08-22 16:51:24.798 I/MpvEvent( 8531): [PlaybackTrace][Native][eventLoop] event_id=2 error=0
08-22 16:51:24.798 I/MpvEvent( 8531): [PlaybackTrace][Native][mpv-log] prefix=cplayer level=v text=Opening failed or was aborted: https://prod-1.storage.jamendo.com/?trackid=171&format=mp31&from=8CSIkMvwtD6jzKZ%2BPEaUMQ%3D%3D%7Cj5s5oI6ivq8l2vQOXyWixQ%3D%3D
08-22 16:51:24.798 D/mpv     ( 8531): [cplayer] v: Opening failed or was aborted: https://prod-1.storage.jamendo.com/?trackid=171&format=mp31&from=8CSIkMvwtD6jzKZ%2BPEaUMQ%3D%3D%7Cj5s5oI6ivq8l2vQOXyWixQ%3D%3D
08-22 16:51:24.799 I/MpvEvent( 8531): [PlaybackTrace][Native][eventLoop] event_id=7 error=0
08-22 16:51:24.799 E/MpvEvent( 8531): [PlaybackTrace][Native][eventLoop] MPV_EVENT_END_FILE reason=2 error=0
08-22 16:51:24.799 I/MpvEvent( 8531): [PlaybackTrace][Native][dispatch:event] name=endFile payload={"reason":2,"error":0}
08-22 16:51:24.799 I/MpvBridgeModule( 8531): [PlaybackTrace][Bridge][listener:event] name=endFile payload={"reason":2,"error":0}
08-22 16:51:24.800 I/MpvEvent( 8531): [PlaybackTrace][Native][eventLoop] event_id=2 error=0
08-22 16:51:24.800 I/MpvEvent( 8531): [PlaybackTrace][Native][eventLoop] event_id=6 error=0
08-22 16:51:24.800 I/MpvEvent( 8531): MPV_EVENT_START_FILE
08-22 16:51:24.803 I/MpvEvent( 8531): [PlaybackTrace][Native][eventLoop] event_id=2 error=0
08-22 16:51:24.803 I/MpvEvent( 8531): [PlaybackTrace][Native][eventLoop] event_id=2 error=0
08-22 16:51:24.803 I/MpvEvent( 8531): [PlaybackTrace][Native][eventLoop] event_id=2 error=0
08-22 16:51:24.803 I/MpvEvent( 8531): [PlaybackTrace][Native][eventLoop] event_id=2 error=0
08-22 16:51:24.803 I/MpvEvent( 8531): [PlaybackTrace][Native][eventLoop] event_id=2 error=0
08-22 16:51:24.803 I/MpvEvent( 8531): [PlaybackTrace][Native][eventLoop] event_id=2 error=0
08-22 16:51:24.803 D/mpv     ( 8531): [ffmpeg] v: Opening https://prod-1.storage.jamendo.com/?trackid=171&format=mp31&from=8CSIkMvwtD6jzKZ%2BPEaUMQ%3D%3D%7Cj5s5oI6ivq8l2vQOXyWixQ%3D%3D
08-22 16:51:24.837 I/ReactNativeJS( 8531): '[INFO]', '[PlaybackTrace][JS][loadFile:call]', { requestedPath: 'https://prod-1.storage.jamendo.com/?trackid=171&format=mp31&from=8CSIkMvwtD6jzKZ%2BPEaUMQ%3D%3D%7Cj5s5oI6ivq8l2vQOXyWixQ%3D%3D',
08-22 16:51:24.838 I/MpvBridgeModule( 8531): [PlaybackTrace][Bridge][loadFile] requested=https://prod-1.storage.jamendo.com/?trackid=171&format=mp31&from=8CSIkMvwtD6jzKZ%2BPEaUMQ%3D%3D%7Cj5s5oI6ivq8l2vQOXyWixQ%3D%3D resolved=https://prod-1.storage.jamendo.com/?trackid=171&format=mp31&from=8CSIkMvwtD6jzKZ%2BPEaUMQ%3D%3D%7Cj5s5oI6ivq8l2vQOXyWixQ%3D%3D ptr=131217388029824
08-22 16:51:24.838 I/MpvJNI  ( 8531): [PlaybackTrace][Native][loadFile] begin path=https://prod-1.storage.jamendo.com/?trackid=171&format=mp31&from=8CSIkMvwtD6jzKZ%2BPEaUMQ%3D%3D%7Cj5s5oI6ivq8l2vQOXyWixQ%3D%3D initialized=1
08-22 16:51:24.838 I/ReactNativeJS( 8531): '[INFO]', '[PlaybackTrace][JS][loadFile:return]', { resolvedPath: 'https://prod-1.storage.jamendo.com/?trackid=171&format=mp31&from=8CSIkMvwtD6jzKZ%2BPEaUMQ%3D%3D%7Cj5s5oI6ivq8l2vQOXyWixQ%3D%3D' }
08-22 16:51:24.838 I/MpvJNI  ( 8531): [PlaybackTrace][Native][loadFile] loadfile command accepted result=0
08-22 16:51:24.838 I/MpvBridgeModule( 8531): [PlaybackTrace][Bridge][loadFile] nativeLoadFile returned
08-22 16:51:24.839 I/MpvEvent( 8531): [PlaybackTrace][Native][eventLoop] event_id=2 error=0
08-22 16:51:24.906 I/MpvEvent( 8531): [PlaybackTrace][Native][eventLoop] event_id=2 error=0
08-22 16:51:24.906 I/MpvEvent( 8531): [PlaybackTrace][Native][mpv-log] prefix=cplayer level=v text=Opening failed or was aborted: https://prod-1.storage.jamendo.com/?trackid=171&format=mp31&from=8CSIkMvwtD6jzKZ%2BPEaUMQ%3D%3D%7Cj5s5oI6ivq8l2vQOXyWixQ%3D%3D
08-22 16:51:24.906 D/mpv     ( 8531): [cplayer] v: Opening failed or was aborted: https://prod-1.storage.jamendo.com/?trackid=171&format=mp31&from=8CSIkMvwtD6jzKZ%2BPEaUMQ%3D%3D%7Cj5s5oI6ivq8l2vQOXyWixQ%3D%3D
08-22 16:51:24.906 I/MpvEvent( 8531): [PlaybackTrace][Native][eventLoop] event_id=7 error=0
08-22 16:51:24.906 E/MpvEvent( 8531): [PlaybackTrace][Native][eventLoop] MPV_EVENT_END_FILE reason=2 error=0
08-22 16:51:24.906 I/MpvEvent( 8531): [PlaybackTrace][Native][dispatch:event] name=endFile payload={"reason":2,"error":0}
08-22 16:51:24.907 I/MpvBridgeModule( 8531): [PlaybackTrace][Bridge][listener:event] name=endFile payload={"reason":2,"error":0}
08-22 16:51:24.909 I/MpvEvent( 8531): [PlaybackTrace][Native][eventLoop] event_id=6 error=0
08-22 16:51:24.909 I/MpvEvent( 8531): MPV_EVENT_START_FILE
08-22 16:51:24.910 I/MpvEvent( 8531): [PlaybackTrace][Native][eventLoop] event_id=2 error=0
08-22 16:51:24.911 I/MpvEvent( 8531): [PlaybackTrace][Native][eventLoop] event_id=2 error=0
08-22 16:51:24.911 I/MpvEvent( 8531): [PlaybackTrace][Native][eventLoop] event_id=2 error=0
08-22 16:51:24.911 I/MpvEvent( 8531): [PlaybackTrace][Native][eventLoop] event_id=2 error=0
08-22 16:51:24.911 I/MpvEvent( 8531): [PlaybackTrace][Native][eventLoop] event_id=2 error=0
08-22 16:51:24.911 I/MpvEvent( 8531): [PlaybackTrace][Native][eventLoop] event_id=2 error=0
08-22 16:51:24.911 I/MpvEvent( 8531): [PlaybackTrace][Native][eventLoop] event_id=2 error=0
08-22 16:51:24.911 D/mpv     ( 8531): [ffmpeg] v: Opening https://prod-1.storage.jamendo.com/?trackid=171&format=mp31&from=8CSIkMvwtD6jzKZ%2BPEaUMQ%3D%3D%7Cj5s5oI6ivq8l2vQOXyWixQ%3D%3D
08-22 16:51:25.003 I/MpvEvent( 8531): [PlaybackTrace][Native][eventLoop] event_id=2 error=0
08-22 16:51:25.119 I/MpvEvent( 8531): [PlaybackTrace][Native][eventLoop] event_id=2 error=0
08-22 16:51:25.318 I/MpvEvent( 8531): [PlaybackTrace][Native][eventLoop] event_id=2 error=0
08-22 16:51:25.319 I/MpvEvent( 8531): [PlaybackTrace][Native][mpv-log] prefix=ffmpeg level=error text=tls: mbedtls_ssl_handshake returned -0x6600
08-22 16:51:25.319 D/mpv     ( 8531): [ffmpeg] error: tls: mbedtls_ssl_handshake returned -0x6600
08-22 16:51:25.319 E/MpvEvent( 8531): [PlaybackTrace][Native][dispatch:error] code=-1 message=tls: mbedtls_ssl_handshake returned -0x6600
08-22 16:51:25.319 E/MpvBridgeModule( 8531): [PlaybackTrace][Bridge][listener:error] code=-1 message=tls: mbedtls_ssl_handshake returned -0x6600
08-22 16:51:25.339 I/MpvEvent( 8531): [PlaybackTrace][Native][eventLoop] event_id=2 error=0
08-22 16:51:25.339 I/MpvEvent( 8531): [PlaybackTrace][Native][mpv-log] prefix=stream level=error text=Failed to open https://prod-1.storage.jamendo.com/?trackid=171&format=mp31&from=8CSIkMvwtD6jzKZ%2BPEaUMQ%3D%3D%7Cj5s5oI6ivq8l2vQOXyWixQ%3D%3D.
08-22 16:51:25.339 E/MpvEvent( 8531): [PlaybackTrace][Native][dispatch:error] code=-1 message=Failed to open https://prod-1.storage.jamendo.com/?trackid=171&format=mp31&from=8CSIkMvwtD6jzKZ%2BPEaUMQ%3D%3D%7Cj5s5oI6ivq8l2vQOXyWixQ%3D%3D.
08-22 16:51:25.342 E/MpvBridgeModule( 8531): [PlaybackTrace][Bridge][listener:error] code=-1 message=Failed to open https://prod-1.storage.jamendo.com/?trackid=171&format=mp31&from=8CSIkMvwtD6jzKZ%2BPEaUMQ%3D%3D%7Cj5s5oI6ivq8l2vQOXyWixQ%3D%3D.
08-22 16:51:25.344 I/MpvEvent( 8531): [PlaybackTrace][Native][eventLoop] event_id=2 error=0
08-22 16:51:25.344 I/MpvEvent( 8531): [PlaybackTrace][Native][mpv-log] prefix=cplayer level=v text=Opening failed or was aborted: https://prod-1.storage.jamendo.com/?trackid=171&format=mp31&from=8CSIkMvwtD6jzKZ%2BPEaUMQ%3D%3D%7Cj5s5oI6ivq8l2vQOXyWixQ%3D%3D
08-22 16:51:25.344 D/mpv     ( 8531): [cplayer] v: Opening failed or was aborted: https://prod-1.storage.jamendo.com/?trackid=171&format=mp31&from=8CSIkMvwtD6jzKZ%2BPEaUMQ%3D%3D%7Cj5s5oI6ivq8l2vQOXyWixQ%3D%3D
08-22 16:51:25.345 I/MpvEvent( 8531): [PlaybackTrace][Native][eventLoop] event_id=2 error=0
08-22 16:51:25.345 I/MpvEvent( 8531): [PlaybackTrace][Native][eventLoop] event_id=2 error=0
08-22 16:51:25.364 I/MpvEvent( 8531): [PlaybackTrace][Native][eventLoop] event_id=2 error=0
08-22 16:51:25.364 I/MpvEvent( 8531): [PlaybackTrace][Native][mpv-log] prefix=ytdl_hook level=error text=Subprocess failed: init
08-22 16:51:25.364 E/MpvEvent( 8531): [PlaybackTrace][Native][dispatch:error] code=-1 message=Subprocess failed: init
08-22 16:51:25.364 E/MpvBridgeModule( 8531): [PlaybackTrace][Bridge][listener:error] code=-1 message=Subprocess failed: init
08-22 16:51:25.366 I/MpvEvent( 8531): [PlaybackTrace][Native][eventLoop] event_id=7 error=0
08-22 16:51:25.366 E/MpvEvent( 8531): [PlaybackTrace][Native][eventLoop] MPV_EVENT_END_FILE reason=4 error=-13
08-22 16:51:25.366 I/MpvEvent( 8531): [PlaybackTrace][Native][dispatch:event] name=endFile payload={"reason":4,"error":-13}
08-22 16:51:25.366 I/MpvBridgeModule( 8531): [PlaybackTrace][Bridge][listener:event] name=endFile payload={"reason":4,"error":-13}
08-22 16:51:25.367 I/MpvEvent( 8531): [PlaybackTrace][Native][eventLoop] event_id=11 error=0
08-22 16:51:25.367 I/MpvEvent( 8531): [PlaybackTrace][Native][eventLoop] event_id=2 error=0
08-22 16:51:25.367 I/MpvEvent( 8531): [PlaybackTrace][Native][mpv-log] prefix=cplayer level=v text=Set property: user-data/mpv/ytdl/json-subprocess-result={"killed_by_us":false,"error_string":"init","status":-3,"stderr":"","stdout":""} -> 1
08-22 16:51:25.367 D/mpv     ( 8531): [cplayer] v: Set property: user-data/mpv/ytdl/json-subprocess-result={"killed_by_us":false,"error_string":"init","status":-3,"stderr":"","stdout":""} -> 1
08-22 16:51:25.367 I/MpvEvent( 8531): [PlaybackTrace][Native][eventLoop] event_id=2 error=0
08-22 16:51:25.367 I/MpvEvent( 8531): [PlaybackTrace][Native][eventLoop] event_id=2 error=0
08-22 16:51:25.367 I/MpvEvent( 8531): [PlaybackTrace][Native][eventLoop] event_id=2 error=0
08-22 16:51:25.367 I/MpvEvent( 8531): [PlaybackTrace][Native][eventLoop] event_id=2 error=0
08-22 16:51:25.368 I/MpvEvent( 8531): [PlaybackTrace][Native][eventLoop] event_id=2 error=0
08-22 16:51:25.368 I/MpvEvent( 8531): [PlaybackTrace][Native][mpv-log] prefix=ytdl_hook level=error text=
08-22 16:51:25.368 E/MpvEvent( 8531): [PlaybackTrace][Native][dispatch:error] code=-1 message=
08-22 16:51:25.368 E/MpvBridgeModule( 8531): [PlaybackTrace][Bridge][listener:error] code=-1 message=
08-22 16:51:25.368 I/MpvEvent( 8531): [PlaybackTrace][Native][eventLoop] event_id=2 error=0
08-22 16:51:25.368 I/MpvEvent( 8531): [PlaybackTrace][Native][mpv-log] prefix=ytdl_hook level=error text=youtube-dl failed: not found or not enough permissions
08-22 16:51:25.368 E/MpvEvent( 8531): [PlaybackTrace][Native][dispatch:error] code=-1 message=youtube-dl failed: not found or not enough permissions
08-22 16:51:25.368 E/MpvBridgeModule( 8531): [PlaybackTrace][Bridge][listener:error] code=-1 message=youtube-dl failed: not found or not enough permissions
08-22 16:51:25.369 I/MpvEvent( 8531): [PlaybackTrace][Native][eventLoop] event_id=2 error=0
08-22 16:51:25.369 I/MpvEvent( 8531): [PlaybackTrace][Native][mpv-log] prefix=cplayer level=v text=finished playback, loading failed (reason 4)
08-22 16:51:25.369 D/mpv     ( 8531): [cplayer] v: finished playback, loading failed (reason 4)
08-22 16:51:25.369 I/MpvEvent( 8531): [PlaybackTrace][Native][eventLoop] event_id=2 error=0
08-22 16:51:25.469 I/ReactNativeJS( 8531): '[INFO]', '[PlaybackTrace][JS][loadFile:call]', { requestedPath: 'https://prod-1.storage.jamendo.com/?trackid=171&format=mp31&from=8CSIkMvwtD6jzKZ%2BPEaUMQ%3D%3D%7Cj5s5oI6ivq8l2vQOXyWixQ%3D%3D',
08-22 16:51:25.469 I/ReactNativeJS( 8531): '[INFO]', '[PlaybackTrace][JS][loadFile:return]', { resolvedPath: 'https://prod-1.storage.jamendo.com/?trackid=171&format=mp31&from=8CSIkMvwtD6jzKZ%2BPEaUMQ%3D%3D%7Cj5s5oI6ivq8l2vQOXyWixQ%3D%3D' }
08-22 16:51:25.471 I/MpvBridgeModule( 8531): [PlaybackTrace][Bridge][loadFile] requested=https://prod-1.storage.jamendo.com/?trackid=171&format=mp31&from=8CSIkMvwtD6jzKZ%2BPEaUMQ%3D%3D%7Cj5s5oI6ivq8l2vQOXyWixQ%3D%3D resolved=https://prod-1.storage.jamendo.com/?trackid=171&format=mp31&from=8CSIkMvwtD6jzKZ%2BPEaUMQ%3D%3D%7Cj5s5oI6ivq8l2vQOXyWixQ%3D%3D ptr=131217388029824
08-22 16:51:25.471 I/MpvJNI  ( 8531): [PlaybackTrace][Native][loadFile] begin path=https://prod-1.storage.jamendo.com/?trackid=171&format=mp31&from=8CSIkMvwtD6jzKZ%2BPEaUMQ%3D%3D%7Cj5s5oI6ivq8l2vQOXyWixQ%3D%3D initialized=1
08-22 16:51:25.471 I/MpvJNI  ( 8531): [PlaybackTrace][Native][loadFile] loadfile command accepted result=0
08-22 16:51:25.471 I/MpvEvent( 8531): [PlaybackTrace][Native][eventLoop] event_id=6 error=0
08-22 16:51:25.471 I/MpvEvent( 8531): MPV_EVENT_START_FILE
08-22 16:51:25.471 I/MpvBridgeModule( 8531): [PlaybackTrace][Bridge][loadFile] nativeLoadFile returned
08-22 16:51:25.474 I/MpvEvent( 8531): [PlaybackTrace][Native][eventLoop] event_id=2 error=0
08-22 16:51:25.474 I/MpvEvent( 8531): [PlaybackTrace][Native][eventLoop] event_id=2 error=0
08-22 16:51:25.474 I/MpvEvent( 8531): [PlaybackTrace][Native][eventLoop] event_id=2 error=0
08-22 16:51:25.477 I/MpvEvent( 8531): [PlaybackTrace][Native][eventLoop] event_id=2 error=0
08-22 16:51:25.481 I/MpvEvent( 8531): [PlaybackTrace][Native][eventLoop] event_id=2 error=0
08-22 16:51:25.481 D/mpv     ( 8531): [ffmpeg] v: Opening https://prod-1.storage.jamendo.com/?trackid=171&format=mp31&from=8CSIkMvwtD6jzKZ%2BPEaUMQ%3D%3D%7Cj5s5oI6ivq8l2vQOXyWixQ%3D%3D
08-22 16:51:25.481 I/MpvEvent( 8531): [PlaybackTrace][Native][eventLoop] event_id=2 error=0
08-22 16:51:25.521 I/ReactNativeJS( 8531): '[INFO]', '[PlaybackTrace][JS][loadFile:call]', { requestedPath: 'https://prod-1.storage.jamendo.com/?trackid=171&format=mp31&from=8CSIkMvwtD6jzKZ%2BPEaUMQ%3D%3D%7Cj5s5oI6ivq8l2vQOXyWixQ%3D%3D',
08-22 16:51:25.521 I/MpvBridgeModule( 8531): [PlaybackTrace][Bridge][loadFile] requested=https://prod-1.storage.jamendo.com/?trackid=171&format=mp31&from=8CSIkMvwtD6jzKZ%2BPEaUMQ%3D%3D%7Cj5s5oI6ivq8l2vQOXyWixQ%3D%3D resolved=https://prod-1.storage.jamendo.com/?trackid=171&format=mp31&from=8CSIkMvwtD6jzKZ%2BPEaUMQ%3D%3D%7Cj5s5oI6ivq8l2vQOXyWixQ%3D%3D ptr=131217388029824
08-22 16:51:25.521 I/MpvJNI  ( 8531): [PlaybackTrace][Native][loadFile] begin path=https://prod-1.storage.jamendo.com/?trackid=171&format=mp31&from=8CSIkMvwtD6jzKZ%2BPEaUMQ%3D%3D%7Cj5s5oI6ivq8l2vQOXyWixQ%3D%3D initialized=1
08-22 16:51:25.521 I/ReactNativeJS( 8531): '[INFO]', '[PlaybackTrace][JS][loadFile:return]', { resolvedPath: 'https://prod-1.storage.jamendo.com/?trackid=171&format=mp31&from=8CSIkMvwtD6jzKZ%2BPEaUMQ%3D%3D%7Cj5s5oI6ivq8l2vQOXyWixQ%3D%3D' }
08-22 16:51:25.522 I/MpvJNI  ( 8531): [PlaybackTrace][Native][loadFile] loadfile command accepted result=0
08-22 16:51:25.522 I/MpvBridgeModule( 8531): [PlaybackTrace][Bridge][loadFile] nativeLoadFile returned
08-22 16:51:25.523 I/MpvEvent( 8531): [PlaybackTrace][Native][eventLoop] event_id=2 error=0
08-22 16:51:25.588 I/MpvEvent( 8531): [PlaybackTrace][Native][eventLoop] event_id=2 error=0
08-22 16:51:25.589 I/MpvEvent( 8531): [PlaybackTrace][Native][mpv-log] prefix=cplayer level=v text=Opening failed or was aborted: https://prod-1.storage.jamendo.com/?trackid=171&format=mp31&from=8CSIkMvwtD6jzKZ%2BPEaUMQ%3D%3D%7Cj5s5oI6ivq8l2vQOXyWixQ%3D%3D
08-22 16:51:25.589 D/mpv     ( 8531): [cplayer] v: Opening failed or was aborted: https://prod-1.storage.jamendo.com/?trackid=171&format=mp31&from=8CSIkMvwtD6jzKZ%2BPEaUMQ%3D%3D%7Cj5s5oI6ivq8l2vQOXyWixQ%3D%3D
08-22 16:51:25.589 I/MpvEvent( 8531): [PlaybackTrace][Native][eventLoop] event_id=7 error=0
08-22 16:51:25.590 E/MpvEvent( 8531): [PlaybackTrace][Native][eventLoop] MPV_EVENT_END_FILE reason=2 error=0
08-22 16:51:25.590 I/MpvEvent( 8531): [PlaybackTrace][Native][dispatch:event] name=endFile payload={"reason":2,"error":0}
08-22 16:51:25.591 I/MpvBridgeModule( 8531): [PlaybackTrace][Bridge][listener:event] name=endFile payload={"reason":2,"error":0}
08-22 16:51:25.594 I/MpvEvent( 8531): [PlaybackTrace][Native][eventLoop] event_id=2 error=0
08-22 16:51:25.594 I/MpvEvent( 8531): [PlaybackTrace][Native][eventLoop] event_id=6 error=0
08-22 16:51:25.594 I/MpvEvent( 8531): MPV_EVENT_START_FILE
08-22 16:51:25.596 I/MpvEvent( 8531): [PlaybackTrace][Native][eventLoop] event_id=2 error=0
08-22 16:51:25.596 I/MpvEvent( 8531): [PlaybackTrace][Native][eventLoop] event_id=2 error=0
08-22 16:51:25.596 I/MpvEvent( 8531): [PlaybackTrace][Native][eventLoop] event_id=2 error=0
08-22 16:51:25.596 I/MpvEvent( 8531): [PlaybackTrace][Native][eventLoop] event_id=2 error=0
08-22 16:51:25.597 I/MpvEvent( 8531): [PlaybackTrace][Native][eventLoop] event_id=2 error=0
08-22 16:51:25.597 I/MpvEvent( 8531): [PlaybackTrace][Native][eventLoop] event_id=2 error=0
08-22 16:51:25.597 D/mpv     ( 8531): [ffmpeg] v: Opening https://prod-1.storage.jamendo.com/?trackid=171&format=mp31&from=8CSIkMvwtD6jzKZ%2BPEaUMQ%3D%3D%7Cj5s5oI6ivq8l2vQOXyWixQ%3D%3D
08-22 16:51:25.757 I/MpvEvent( 8531): [PlaybackTrace][Native][eventLoop] event_id=2 error=0
08-22 16:51:25.811 I/MpvEvent( 8531): [PlaybackTrace][Native][eventLoop] event_id=2 error=0
08-22 16:51:26.046 I/MpvEvent( 8531): [PlaybackTrace][Native][eventLoop] event_id=2 error=0
08-22 16:51:26.046 I/MpvEvent( 8531): [PlaybackTrace][Native][mpv-log] prefix=ffmpeg level=error text=tls: mbedtls_ssl_handshake returned -0x6600
08-22 16:51:26.046 D/mpv     ( 8531): [ffmpeg] error: tls: mbedtls_ssl_handshake returned -0x6600
08-22 16:51:26.046 E/MpvEvent( 8531): [PlaybackTrace][Native][dispatch:error] code=-1 message=tls: mbedtls_ssl_handshake returned -0x6600
08-22 16:51:26.047 E/MpvBridgeModule( 8531): [PlaybackTrace][Bridge][listener:error] code=-1 message=tls: mbedtls_ssl_handshake returned -0x6600
08-22 16:51:26.068 I/MpvEvent( 8531): [PlaybackTrace][Native][eventLoop] event_id=2 error=0
08-22 16:51:26.068 I/MpvEvent( 8531): [PlaybackTrace][Native][mpv-log] prefix=stream level=error text=Failed to open https://prod-1.storage.jamendo.com/?trackid=171&format=mp31&from=8CSIkMvwtD6jzKZ%2BPEaUMQ%3D%3D%7Cj5s5oI6ivq8l2vQOXyWixQ%3D%3D.
08-22 16:51:26.068 E/MpvEvent( 8531): [PlaybackTrace][Native][dispatch:error] code=-1 message=Failed to open https://prod-1.storage.jamendo.com/?trackid=171&format=mp31&from=8CSIkMvwtD6jzKZ%2BPEaUMQ%3D%3D%7Cj5s5oI6ivq8l2vQOXyWixQ%3D%3D.
08-22 16:51:26.071 E/MpvBridgeModule( 8531): [PlaybackTrace][Bridge][listener:error] code=-1 message=Failed to open https://prod-1.storage.jamendo.com/?trackid=171&format=mp31&from=8CSIkMvwtD6jzKZ%2BPEaUMQ%3D%3D%7Cj5s5oI6ivq8l2vQOXyWixQ%3D%3D.
08-22 16:51:26.072 I/MpvEvent( 8531): [PlaybackTrace][Native][eventLoop] event_id=2 error=0
08-22 16:51:26.072 I/MpvEvent( 8531): [PlaybackTrace][Native][mpv-log] prefix=cplayer level=v text=Opening failed or was aborted: https://prod-1.storage.jamendo.com/?trackid=171&format=mp31&from=8CSIkMvwtD6jzKZ%2BPEaUMQ%3D%3D%7Cj5s5oI6ivq8l2vQOXyWixQ%3D%3D
08-22 16:51:26.072 D/mpv     ( 8531): [cplayer] v: Opening failed or was aborted: https://prod-1.storage.jamendo.com/?trackid=171&format=mp31&from=8CSIkMvwtD6jzKZ%2BPEaUMQ%3D%3D%7Cj5s5oI6ivq8l2vQOXyWixQ%3D%3D
08-22 16:51:26.072 I/MpvEvent( 8531): [PlaybackTrace][Native][eventLoop] event_id=2 error=0
08-22 16:51:26.072 I/MpvEvent( 8531): [PlaybackTrace][Native][eventLoop] event_id=2 error=0
08-22 16:51:26.102 I/MpvEvent( 8531): [PlaybackTrace][Native][eventLoop] event_id=2 error=0
08-22 16:51:26.102 I/MpvEvent( 8531): [PlaybackTrace][Native][mpv-log] prefix=ytdl_hook level=error text=Subprocess failed: init
08-22 16:51:26.102 E/MpvEvent( 8531): [PlaybackTrace][Native][dispatch:error] code=-1 message=Subprocess failed: init
08-22 16:51:26.104 E/MpvBridgeModule( 8531): [PlaybackTrace][Bridge][listener:error] code=-1 message=Subprocess failed: init
08-22 16:51:26.105 I/MpvEvent( 8531): [PlaybackTrace][Native][eventLoop] event_id=7 error=0
08-22 16:51:26.105 E/MpvEvent( 8531): [PlaybackTrace][Native][eventLoop] MPV_EVENT_END_FILE reason=4 error=-13
08-22 16:51:26.105 I/MpvEvent( 8531): [PlaybackTrace][Native][dispatch:event] name=endFile payload={"reason":4,"error":-13}
08-22 16:51:26.105 I/MpvBridgeModule( 8531): [PlaybackTrace][Bridge][listener:event] name=endFile payload={"reason":4,"error":-13}
08-22 16:51:26.106 I/MpvEvent( 8531): [PlaybackTrace][Native][eventLoop] event_id=11 error=0
08-22 16:51:26.106 I/MpvEvent( 8531): [PlaybackTrace][Native][eventLoop] event_id=2 error=0
08-22 16:51:26.106 I/MpvEvent( 8531): [PlaybackTrace][Native][mpv-log] prefix=cplayer level=v text=Set property: user-data/mpv/ytdl/json-subprocess-result={"killed_by_us":false,"error_string":"init","status":-3,"stderr":"","stdout":""} -> 1
08-22 16:51:26.106 D/mpv     ( 8531): [cplayer] v: Set property: user-data/mpv/ytdl/json-subprocess-result={"killed_by_us":false,"error_string":"init","status":-3,"stderr":"","stdout":""} -> 1
08-22 16:51:26.106 I/MpvEvent( 8531): [PlaybackTrace][Native][eventLoop] event_id=2 error=0
08-22 16:51:26.107 I/MpvEvent( 8531): [PlaybackTrace][Native][eventLoop] event_id=2 error=0
08-22 16:51:26.107 I/MpvEvent( 8531): [PlaybackTrace][Native][eventLoop] event_id=2 error=0
08-22 16:51:26.107 I/MpvEvent( 8531): [PlaybackTrace][Native][eventLoop] event_id=2 error=0
08-22 16:51:26.107 I/MpvEvent( 8531): [PlaybackTrace][Native][eventLoop] event_id=2 error=0
08-22 16:51:26.107 I/MpvEvent( 8531): [PlaybackTrace][Native][mpv-log] prefix=ytdl_hook level=error text=
08-22 16:51:26.107 E/MpvEvent( 8531): [PlaybackTrace][Native][dispatch:error] code=-1 message=
08-22 16:51:26.107 E/MpvBridgeModule( 8531): [PlaybackTrace][Bridge][listener:error] code=-1 message=
08-22 16:51:26.108 I/MpvEvent( 8531): [PlaybackTrace][Native][eventLoop] event_id=2 error=0
08-22 16:51:26.108 I/MpvEvent( 8531): [PlaybackTrace][Native][mpv-log] prefix=ytdl_hook level=error text=youtube-dl failed: not found or not enough permissions
08-22 16:51:26.108 E/MpvEvent( 8531): [PlaybackTrace][Native][dispatch:error] code=-1 message=youtube-dl failed: not found or not enough permissions
08-22 16:51:26.109 E/MpvBridgeModule( 8531): [PlaybackTrace][Bridge][listener:error] code=-1 message=youtube-dl failed: not found or not enough permissions
08-22 16:51:26.110 I/MpvEvent( 8531): [PlaybackTrace][Native][eventLoop] event_id=2 error=0
08-22 16:51:26.110 I/MpvEvent( 8531): [PlaybackTrace][Native][mpv-log] prefix=cplayer level=v text=finished playback, loading failed (reason 4)
08-22 16:51:26.110 D/mpv     ( 8531): [cplayer] v: finished playback, loading failed (reason 4)
08-22 16:51:26.110 I/MpvEvent( 8531): [PlaybackTrace][Native][eventLoop] event_id=2 error=0
08-22 16:51:26.238 I/ReactNativeJS( 8531): '[INFO]', '[PlaybackTrace][JS][loadFile:call]', { requestedPath: 'https://prod-1.storage.jamendo.com/?trackid=171&format=mp31&from=8CSIkMvwtD6jzKZ%2BPEaUMQ%3D%3D%7Cj5s5oI6ivq8l2vQOXyWixQ%3D%3D',
08-22 16:51:26.239 I/MpvBridgeModule( 8531): [PlaybackTrace][Bridge][loadFile] requested=https://prod-1.storage.jamendo.com/?trackid=171&format=mp31&from=8CSIkMvwtD6jzKZ%2BPEaUMQ%3D%3D%7Cj5s5oI6ivq8l2vQOXyWixQ%3D%3D resolved=https://prod-1.storage.jamendo.com/?trackid=171&format=mp31&from=8CSIkMvwtD6jzKZ%2BPEaUMQ%3D%3D%7Cj5s5oI6ivq8l2vQOXyWixQ%3D%3D ptr=131217388029824
08-22 16:51:26.239 I/MpvJNI  ( 8531): [PlaybackTrace][Native][loadFile] begin path=https://prod-1.storage.jamendo.com/?trackid=171&format=mp31&from=8CSIkMvwtD6jzKZ%2BPEaUMQ%3D%3D%7Cj5s5oI6ivq8l2vQOXyWixQ%3D%3D initialized=1
08-22 16:51:26.239 I/MpvJNI  ( 8531): [PlaybackTrace][Native][loadFile] loadfile command accepted result=0
08-22 16:51:26.239 I/MpvBridgeModule( 8531): [PlaybackTrace][Bridge][loadFile] nativeLoadFile returned
08-22 16:51:26.239 I/ReactNativeJS( 8531): '[INFO]', '[PlaybackTrace][JS][loadFile:return]', { resolvedPath: 'https://prod-1.storage.jamendo.com/?trackid=171&format=mp31&from=8CSIkMvwtD6jzKZ%2BPEaUMQ%3D%3D%7Cj5s5oI6ivq8l2vQOXyWixQ%3D%3D' }
08-22 16:51:26.239 I/MpvEvent( 8531): [PlaybackTrace][Native][eventLoop] event_id=6 error=0
08-22 16:51:26.240 I/MpvEvent( 8531): MPV_EVENT_START_FILE
08-22 16:51:26.243 I/MpvEvent( 8531): [PlaybackTrace][Native][eventLoop] event_id=2 error=0
08-22 16:51:26.247 I/MpvEvent( 8531): [PlaybackTrace][Native][eventLoop] event_id=2 error=0
08-22 16:51:26.247 I/MpvEvent( 8531): [PlaybackTrace][Native][eventLoop] event_id=2 error=0
08-22 16:51:26.248 I/MpvEvent( 8531): [PlaybackTrace][Native][eventLoop] event_id=2 error=0
08-22 16:51:26.248 I/MpvEvent( 8531): [PlaybackTrace][Native][eventLoop] event_id=2 error=0
08-22 16:51:26.248 I/MpvEvent( 8531): [PlaybackTrace][Native][eventLoop] event_id=2 error=0
08-22 16:51:26.248 D/mpv     ( 8531): [ffmpeg] v: Opening https://prod-1.storage.jamendo.com/?trackid=171&format=mp31&from=8CSIkMvwtD6jzKZ%2BPEaUMQ%3D%3D%7Cj5s5oI6ivq8l2vQOXyWixQ%3D%3D
08-22 16:51:26.336 I/ReactNativeJS( 8531): '[INFO]', '[PlaybackTrace][JS][loadFile:call]', { requestedPath: 'https://prod-1.storage.jamendo.com/?trackid=171&format=mp31&from=8CSIkMvwtD6jzKZ%2BPEaUMQ%3D%3D%7Cj5s5oI6ivq8l2vQOXyWixQ%3D%3D',
08-22 16:51:26.336 I/MpvBridgeModule( 8531): [PlaybackTrace][Bridge][loadFile] requested=https://prod-1.storage.jamendo.com/?trackid=171&format=mp31&from=8CSIkMvwtD6jzKZ%2BPEaUMQ%3D%3D%7Cj5s5oI6ivq8l2vQOXyWixQ%3D%3D resolved=https://prod-1.storage.jamendo.com/?trackid=171&format=mp31&from=8CSIkMvwtD6jzKZ%2BPEaUMQ%3D%3D%7Cj5s5oI6ivq8l2vQOXyWixQ%3D%3D ptr=131217388029824
08-22 16:51:26.337 I/MpvJNI  ( 8531): [PlaybackTrace][Native][loadFile] begin path=https://prod-1.storage.jamendo.com/?trackid=171&format=mp31&from=8CSIkMvwtD6jzKZ%2BPEaUMQ%3D%3D%7Cj5s5oI6ivq8l2vQOXyWixQ%3D%3D initialized=1
08-22 16:51:26.337 I/ReactNativeJS( 8531): '[INFO]', '[PlaybackTrace][JS][loadFile:return]', { resolvedPath: 'https://prod-1.storage.jamendo.com/?trackid=171&format=mp31&from=8CSIkMvwtD6jzKZ%2BPEaUMQ%3D%3D%7Cj5s5oI6ivq8l2vQOXyWixQ%3D%3D' }
08-22 16:51:26.337 I/MpvJNI  ( 8531): [PlaybackTrace][Native][loadFile] loadfile command accepted result=0
08-22 16:51:26.337 I/MpvBridgeModule( 8531): [PlaybackTrace][Bridge][loadFile] nativeLoadFile returned
08-22 16:51:26.339 I/MpvEvent( 8531): [PlaybackTrace][Native][eventLoop] event_id=2 error=0
08-22 16:51:26.354 I/ReactNativeJS( 8531): '[INFO]', '[PlaybackTrace][JS][loadFile:call]', { requestedPath: 'https://prod-1.storage.jamendo.com/?trackid=171&format=mp31&from=8CSIkMvwtD6jzKZ%2BPEaUMQ%3D%3D%7Cj5s5oI6ivq8l2vQOXyWixQ%3D%3D',
08-22 16:51:26.355 I/MpvBridgeModule( 8531): [PlaybackTrace][Bridge][loadFile] requested=https://prod-1.storage.jamendo.com/?trackid=171&format=mp31&from=8CSIkMvwtD6jzKZ%2BPEaUMQ%3D%3D%7Cj5s5oI6ivq8l2vQOXyWixQ%3D%3D resolved=https://prod-1.storage.jamendo.com/?trackid=171&format=mp31&from=8CSIkMvwtD6jzKZ%2BPEaUMQ%3D%3D%7Cj5s5oI6ivq8l2vQOXyWixQ%3D%3D ptr=131217388029824
08-22 16:51:26.355 I/ReactNativeJS( 8531): '[INFO]', '[PlaybackTrace][JS][loadFile:return]', { resolvedPath: 'https://prod-1.storage.jamendo.com/?trackid=171&format=mp31&from=8CSIkMvwtD6jzKZ%2BPEaUMQ%3D%3D%7Cj5s5oI6ivq8l2vQOXyWixQ%3D%3D' }
08-22 16:51:26.356 I/MpvJNI  ( 8531): [PlaybackTrace][Native][loadFile] begin path=https://prod-1.storage.jamendo.com/?trackid=171&format=mp31&from=8CSIkMvwtD6jzKZ%2BPEaUMQ%3D%3D%7Cj5s5oI6ivq8l2vQOXyWixQ%3D%3D initialized=1
08-22 16:51:26.356 I/MpvEvent( 8531): [PlaybackTrace][Native][eventLoop] event_id=7 error=0
08-22 16:51:26.356 E/MpvEvent( 8531): [PlaybackTrace][Native][eventLoop] MPV_EVENT_END_FILE reason=2 error=0
08-22 16:51:26.356 I/MpvEvent( 8531): [PlaybackTrace][Native][dispatch:event] name=endFile payload={"reason":2,"error":0}
08-22 16:51:26.357 I/MpvBridgeModule( 8531): [PlaybackTrace][Bridge][listener:event] name=endFile payload={"reason":2,"error":0}
08-22 16:51:26.358 I/MpvEvent( 8531): [PlaybackTrace][Native][eventLoop] event_id=2 error=0
08-22 16:51:26.358 I/MpvEvent( 8531): [PlaybackTrace][Native][mpv-log] prefix=cplayer level=v text=Opening failed or was aborted: https://prod-1.storage.jamendo.com/?trackid=171&format=mp31&from=8CSIkMvwtD6jzKZ%2BPEaUMQ%3D%3D%7Cj5s5oI6ivq8l2vQOXyWixQ%3D%3D
08-22 16:51:26.358 D/mpv     ( 8531): [cplayer] v: Opening failed or was aborted: https://prod-1.storage.jamendo.com/?trackid=171&format=mp31&from=8CSIkMvwtD6jzKZ%2BPEaUMQ%3D%3D%7Cj5s5oI6ivq8l2vQOXyWixQ%3D%3D
08-22 16:51:26.358 I/MpvEvent( 8531): [PlaybackTrace][Native][eventLoop] event_id=6 error=0
08-22 16:51:26.358 I/MpvEvent( 8531): MPV_EVENT_START_FILE
08-22 16:51:26.359 I/MpvJNI  ( 8531): [PlaybackTrace][Native][loadFile] loadfile command accepted result=0
08-22 16:51:26.359 I/MpvBridgeModule( 8531): [PlaybackTrace][Bridge][loadFile] nativeLoadFile returned
08-22 16:51:26.361 I/MpvEvent( 8531): [PlaybackTrace][Native][eventLoop] event_id=2 error=0
08-22 16:51:26.361 I/MpvEvent( 8531): [PlaybackTrace][Native][eventLoop] event_id=2 error=0
08-22 16:51:26.361 I/MpvEvent( 8531): [PlaybackTrace][Native][eventLoop] event_id=2 error=0
08-22 16:51:26.362 I/MpvEvent( 8531): [PlaybackTrace][Native][eventLoop] event_id=2 error=0
08-22 16:51:26.362 I/MpvEvent( 8531): [PlaybackTrace][Native][eventLoop] event_id=2 error=0
08-22 16:51:26.362 I/MpvEvent( 8531): [PlaybackTrace][Native][eventLoop] event_id=2 error=0
08-22 16:51:26.362 I/MpvEvent( 8531): [PlaybackTrace][Native][eventLoop] event_id=2 error=0
08-22 16:51:26.362 D/mpv     ( 8531): [ffmpeg] v: Opening https://prod-1.storage.jamendo.com/?trackid=171&format=mp31&from=8CSIkMvwtD6jzKZ%2BPEaUMQ%3D%3D%7Cj5s5oI6ivq8l2vQOXyWixQ%3D%3D
08-22 16:51:26.362 I/MpvEvent( 8531): [PlaybackTrace][Native][eventLoop] event_id=2 error=0
08-22 16:51:26.519 I/MpvEvent( 8531): [PlaybackTrace][Native][eventLoop] event_id=2 error=0
08-22 16:51:26.619 I/MpvEvent( 8531): [PlaybackTrace][Native][eventLoop] event_id=2 error=0
08-22 16:51:26.636 I/MpvEvent( 8531): [PlaybackTrace][Native][eventLoop] event_id=2 error=0
08-22 16:51:26.870 I/ReactNativeJS( 8531): '[INFO]', '[PlaybackTrace][JS][loadFile:call]', { requestedPath: 'https://prod-1.storage.jamendo.com/?trackid=171&format=mp31&from=8CSIkMvwtD6jzKZ%2BPEaUMQ%3D%3D%7Cj5s5oI6ivq8l2vQOXyWixQ%3D%3D',
08-22 16:51:26.871 I/MpvBridgeModule( 8531): [PlaybackTrace][Bridge][loadFile] requested=https://prod-1.storage.jamendo.com/?trackid=171&format=mp31&from=8CSIkMvwtD6jzKZ%2BPEaUMQ%3D%3D%7Cj5s5oI6ivq8l2vQOXyWixQ%3D%3D resolved=https://prod-1.storage.jamendo.com/?trackid=171&format=mp31&from=8CSIkMvwtD6jzKZ%2BPEaUMQ%3D%3D%7Cj5s5oI6ivq8l2vQOXyWixQ%3D%3D ptr=131217388029824
08-22 16:51:26.871 I/MpvJNI  ( 8531): [PlaybackTrace][Native][loadFile] begin path=https://prod-1.storage.jamendo.com/?trackid=171&format=mp31&from=8CSIkMvwtD6jzKZ%2BPEaUMQ%3D%3D%7Cj5s5oI6ivq8l2vQOXyWixQ%3D%3D initialized=1
08-22 16:51:26.871 I/ReactNativeJS( 8531): '[INFO]', '[PlaybackTrace][JS][loadFile:return]', { resolvedPath: 'https://prod-1.storage.jamendo.com/?trackid=171&format=mp31&from=8CSIkMvwtD6jzKZ%2BPEaUMQ%3D%3D%7Cj5s5oI6ivq8l2vQOXyWixQ%3D%3D' }
08-22 16:51:26.871 I/MpvJNI  ( 8531): [PlaybackTrace][Native][loadFile] loadfile command accepted result=0
08-22 16:51:26.872 I/MpvBridgeModule( 8531): [PlaybackTrace][Bridge][loadFile] nativeLoadFile returned
08-22 16:51:26.874 I/MpvEvent( 8531): [PlaybackTrace][Native][eventLoop] event_id=2 error=0
08-22 16:51:26.883 I/MpvEvent( 8531): [PlaybackTrace][Native][eventLoop] event_id=2 error=0
08-22 16:51:26.884 I/MpvEvent( 8531): [PlaybackTrace][Native][mpv-log] prefix=ffmpeg level=error text=tls: mbedtls_ssl_handshake returned -0x7280
08-22 16:51:26.884 D/mpv     ( 8531): [ffmpeg] error: tls: mbedtls_ssl_handshake returned -0x7280
08-22 16:51:26.884 E/MpvEvent( 8531): [PlaybackTrace][Native][dispatch:error] code=-1 message=tls: mbedtls_ssl_handshake returned -0x7280
08-22 16:51:26.885 E/MpvBridgeModule( 8531): [PlaybackTrace][Bridge][listener:error] code=-1 message=tls: mbedtls_ssl_handshake returned -0x7280
08-22 16:51:26.886 I/MpvEvent( 8531): [PlaybackTrace][Native][eventLoop] event_id=7 error=0
08-22 16:51:26.886 E/MpvEvent( 8531): [PlaybackTrace][Native][eventLoop] MPV_EVENT_END_FILE reason=2 error=0
08-22 16:51:26.886 I/MpvEvent( 8531): [PlaybackTrace][Native][dispatch:event] name=endFile payload={"reason":2,"error":0}
08-22 16:51:26.887 I/MpvBridgeModule( 8531): [PlaybackTrace][Bridge][listener:event] name=endFile payload={"reason":2,"error":0}
08-22 16:51:26.889 I/MpvEvent( 8531): [PlaybackTrace][Native][eventLoop] event_id=6 error=0
08-22 16:51:26.889 I/MpvEvent( 8531): MPV_EVENT_START_FILE
08-22 16:51:26.890 I/MpvEvent( 8531): [PlaybackTrace][Native][eventLoop] event_id=2 error=0
08-22 16:51:26.890 I/MpvEvent( 8531): [PlaybackTrace][Native][mpv-log] prefix=cplayer level=v text=Opening failed or was aborted: https://prod-1.storage.jamendo.com/?trackid=171&format=mp31&from=8CSIkMvwtD6jzKZ%2BPEaUMQ%3D%3D%7Cj5s5oI6ivq8l2vQOXyWixQ%3D%3D
08-22 16:51:26.890 D/mpv     ( 8531): [cplayer] v: Opening failed or was aborted: https://prod-1.storage.jamendo.com/?trackid=171&format=mp31&from=8CSIkMvwtD6jzKZ%2BPEaUMQ%3D%3D%7Cj5s5oI6ivq8l2vQOXyWixQ%3D%3D
08-22 16:51:26.890 I/MpvEvent( 8531): [PlaybackTrace][Native][eventLoop] event_id=2 error=0
08-22 16:51:26.890 I/MpvEvent( 8531): [PlaybackTrace][Native][eventLoop] event_id=2 error=0
08-22 16:51:26.890 I/MpvEvent( 8531): [PlaybackTrace][Native][eventLoop] event_id=2 error=0
08-22 16:51:26.891 I/MpvEvent( 8531): [PlaybackTrace][Native][eventLoop] event_id=2 error=0
08-22 16:51:26.891 I/MpvEvent( 8531): [PlaybackTrace][Native][eventLoop] event_id=2 error=0
08-22 16:51:26.891 I/MpvEvent( 8531): [PlaybackTrace][Native][eventLoop] event_id=2 error=0
08-22 16:51:26.891 I/MpvEvent( 8531): [PlaybackTrace][Native][eventLoop] event_id=2 error=0
08-22 16:51:26.891 D/mpv     ( 8531): [ffmpeg] v: Opening https://prod-1.storage.jamendo.com/?trackid=171&format=mp31&from=8CSIkMvwtD6jzKZ%2BPEaUMQ%3D%3D%7Cj5s5oI6ivq8l2vQOXyWixQ%3D%3D
08-22 16:51:26.904 I/ReactNativeJS( 8531): '[INFO]', '[PlaybackTrace][JS][loadFile:call]', { requestedPath: 'https://prod-1.storage.jamendo.com/?trackid=171&format=mp31&from=8CSIkMvwtD6jzKZ%2BPEaUMQ%3D%3D%7Cj5s5oI6ivq8l2vQOXyWixQ%3D%3D',
08-22 16:51:26.905 I/ReactNativeJS( 8531): '[INFO]', '[PlaybackTrace][JS][loadFile:return]', { resolvedPath: 'https://prod-1.storage.jamendo.com/?trackid=171&format=mp31&from=8CSIkMvwtD6jzKZ%2BPEaUMQ%3D%3D%7Cj5s5oI6ivq8l2vQOXyWixQ%3D%3D' }
08-22 16:51:26.905 I/MpvBridgeModule( 8531): [PlaybackTrace][Bridge][loadFile] requested=https://prod-1.storage.jamendo.com/?trackid=171&format=mp31&from=8CSIkMvwtD6jzKZ%2BPEaUMQ%3D%3D%7Cj5s5oI6ivq8l2vQOXyWixQ%3D%3D resolved=https://prod-1.storage.jamendo.com/?trackid=171&format=mp31&from=8CSIkMvwtD6jzKZ%2BPEaUMQ%3D%3D%7Cj5s5oI6ivq8l2vQOXyWixQ%3D%3D ptr=131217388029824
08-22 16:51:26.905 I/MpvJNI  ( 8531): [PlaybackTrace][Native][loadFile] begin path=https://prod-1.storage.jamendo.com/?trackid=171&format=mp31&from=8CSIkMvwtD6jzKZ%2BPEaUMQ%3D%3D%7Cj5s5oI6ivq8l2vQOXyWixQ%3D%3D initialized=1
08-22 16:51:26.905 I/MpvJNI  ( 8531): [PlaybackTrace][Native][loadFile] loadfile command accepted result=0
08-22 16:51:26.905 I/MpvBridgeModule( 8531): [PlaybackTrace][Bridge][loadFile] nativeLoadFile returned
08-22 16:51:26.908 I/MpvEvent( 8531): [PlaybackTrace][Native][eventLoop] event_id=2 error=0
08-22 16:51:26.994 I/MpvEvent( 8531): [PlaybackTrace][Native][eventLoop] event_id=2 error=0
08-22 16:51:26.994 I/MpvEvent( 8531): [PlaybackTrace][Native][mpv-log] prefix=cplayer level=v text=Opening failed or was aborted: https://prod-1.storage.jamendo.com/?trackid=171&format=mp31&from=8CSIkMvwtD6jzKZ%2BPEaUMQ%3D%3D%7Cj5s5oI6ivq8l2vQOXyWixQ%3D%3D
08-22 16:51:26.994 D/mpv     ( 8531): [cplayer] v: Opening failed or was aborted: https://prod-1.storage.jamendo.com/?trackid=171&format=mp31&from=8CSIkMvwtD6jzKZ%2BPEaUMQ%3D%3D%7Cj5s5oI6ivq8l2vQOXyWixQ%3D%3D
08-22 16:51:26.995 I/MpvEvent( 8531): [PlaybackTrace][Native][eventLoop] event_id=7 error=0
08-22 16:51:26.995 E/MpvEvent( 8531): [PlaybackTrace][Native][eventLoop] MPV_EVENT_END_FILE reason=2 error=0
08-22 16:51:26.996 I/MpvEvent( 8531): [PlaybackTrace][Native][dispatch:event] name=endFile payload={"reason":2,"error":0}
08-22 16:51:26.996 I/MpvBridgeModule( 8531): [PlaybackTrace][Bridge][listener:event] name=endFile payload={"reason":2,"error":0}
08-22 16:51:26.997 I/MpvEvent( 8531): [PlaybackTrace][Native][eventLoop] event_id=6 error=0
08-22 16:51:26.997 I/MpvEvent( 8531): MPV_EVENT_START_FILE
08-22 16:51:26.999 I/MpvEvent( 8531): [PlaybackTrace][Native][eventLoop] event_id=2 error=0
08-22 16:51:26.999 I/MpvEvent( 8531): [PlaybackTrace][Native][eventLoop] event_id=2 error=0
08-22 16:51:26.999 I/MpvEvent( 8531): [PlaybackTrace][Native][eventLoop] event_id=2 error=0
08-22 16:51:26.999 I/MpvEvent( 8531): [PlaybackTrace][Native][eventLoop] event_id=2 error=0
08-22 16:51:26.999 I/MpvEvent( 8531): [PlaybackTrace][Native][eventLoop] event_id=2 error=0
08-22 16:51:26.999 I/MpvEvent( 8531): [PlaybackTrace][Native][eventLoop] event_id=2 error=0
08-22 16:51:26.999 I/MpvEvent( 8531): [PlaybackTrace][Native][eventLoop] event_id=2 error=0
08-22 16:51:26.999 D/mpv     ( 8531): [ffmpeg] v: Opening https://prod-1.storage.jamendo.com/?trackid=171&format=mp31&from=8CSIkMvwtD6jzKZ%2BPEaUMQ%3D%3D%7Cj5s5oI6ivq8l2vQOXyWixQ%3D%3D
08-22 16:51:27.157 I/MpvEvent( 8531): [PlaybackTrace][Native][eventLoop] event_id=2 error=0
08-22 16:51:27.191 I/MpvEvent( 8531): [PlaybackTrace][Native][eventLoop] event_id=2 error=0
08-22 16:51:27.265 I/ReactNativeJS( 8531): '[INFO]', '[PlaybackTrace][JS][loadFile:call]', { requestedPath: 'https://prod-1.storage.jamendo.com/?trackid=171&format=mp31&from=8CSIkMvwtD6jzKZ%2BPEaUMQ%3D%3D%7Cj5s5oI6ivq8l2vQOXyWixQ%3D%3D',
08-22 16:51:27.267 I/MpvBridgeModule( 8531): [PlaybackTrace][Bridge][loadFile] requested=https://prod-1.storage.jamendo.com/?trackid=171&format=mp31&from=8CSIkMvwtD6jzKZ%2BPEaUMQ%3D%3D%7Cj5s5oI6ivq8l2vQOXyWixQ%3D%3D resolved=https://prod-1.storage.jamendo.com/?trackid=171&format=mp31&from=8CSIkMvwtD6jzKZ%2BPEaUMQ%3D%3D%7Cj5s5oI6ivq8l2vQOXyWixQ%3D%3D ptr=131217388029824
08-22 16:51:27.268 I/MpvJNI  ( 8531): [PlaybackTrace][Native][loadFile] begin path=https://prod-1.storage.jamendo.com/?trackid=171&format=mp31&from=8CSIkMvwtD6jzKZ%2BPEaUMQ%3D%3D%7Cj5s5oI6ivq8l2vQOXyWixQ%3D%3D initialized=1
08-22 16:51:27.268 I/MpvJNI  ( 8531): [PlaybackTrace][Native][loadFile] loadfile command accepted result=0
08-22 16:51:27.268 I/MpvBridgeModule( 8531): [PlaybackTrace][Bridge][loadFile] nativeLoadFile returned
08-22 16:51:27.271 I/ReactNativeJS( 8531): '[INFO]', '[PlaybackTrace][JS][loadFile:return]', { resolvedPath: 'https://prod-1.storage.jamendo.com/?trackid=171&format=mp31&from=8CSIkMvwtD6jzKZ%2BPEaUMQ%3D%3D%7Cj5s5oI6ivq8l2vQOXyWixQ%3D%3D' }
08-22 16:51:27.279 I/MpvEvent( 8531): [PlaybackTrace][Native][eventLoop] event_id=2 error=0
08-22 16:51:27.286 I/MpvEvent( 8531): [PlaybackTrace][Native][eventLoop] event_id=2 error=0
08-22 16:51:27.287 I/MpvEvent( 8531): [PlaybackTrace][Native][mpv-log] prefix=ffmpeg level=error text=tls: mbedtls_ssl_handshake returned -0x7280
08-22 16:51:27.287 D/mpv     ( 8531): [ffmpeg] error: tls: mbedtls_ssl_handshake returned -0x7280
08-22 16:51:27.287 E/MpvEvent( 8531): [PlaybackTrace][Native][dispatch:error] code=-1 message=tls: mbedtls_ssl_handshake returned -0x7280
08-22 16:51:27.289 E/MpvBridgeModule( 8531): [PlaybackTrace][Bridge][listener:error] code=-1 message=tls: mbedtls_ssl_handshake returned -0x7280
08-22 16:51:27.294 I/MpvEvent( 8531): [PlaybackTrace][Native][eventLoop] event_id=7 error=0
08-22 16:51:27.295 E/MpvEvent( 8531): [PlaybackTrace][Native][eventLoop] MPV_EVENT_END_FILE reason=2 error=0
08-22 16:51:27.295 I/MpvEvent( 8531): [PlaybackTrace][Native][dispatch:event] name=endFile payload={"reason":2,"error":0}
08-22 16:51:27.295 I/MpvBridgeModule( 8531): [PlaybackTrace][Bridge][listener:event] name=endFile payload={"reason":2,"error":0}
08-22 16:51:27.297 I/MpvEvent( 8531): [PlaybackTrace][Native][eventLoop] event_id=6 error=0
08-22 16:51:27.297 I/MpvEvent( 8531): MPV_EVENT_START_FILE
08-22 16:51:27.300 I/MpvEvent( 8531): [PlaybackTrace][Native][eventLoop] event_id=2 error=0
08-22 16:51:27.300 I/MpvEvent( 8531): [PlaybackTrace][Native][mpv-log] prefix=cplayer level=v text=Opening failed or was aborted: https://prod-1.storage.jamendo.com/?trackid=171&format=mp31&from=8CSIkMvwtD6jzKZ%2BPEaUMQ%3D%3D%7Cj5s5oI6ivq8l2vQOXyWixQ%3D%3D
08-22 16:51:27.300 D/mpv     ( 8531): [cplayer] v: Opening failed or was aborted: https://prod-1.storage.jamendo.com/?trackid=171&format=mp31&from=8CSIkMvwtD6jzKZ%2BPEaUMQ%3D%3D%7Cj5s5oI6ivq8l2vQOXyWixQ%3D%3D
08-22 16:51:27.300 I/MpvEvent( 8531): [PlaybackTrace][Native][eventLoop] event_id=2 error=0
08-22 16:51:27.300 I/MpvEvent( 8531): [PlaybackTrace][Native][eventLoop] event_id=2 error=0
08-22 16:51:27.300 I/MpvEvent( 8531): [PlaybackTrace][Native][eventLoop] event_id=2 error=0
08-22 16:51:27.300 I/MpvEvent( 8531): [PlaybackTrace][Native][eventLoop] event_id=2 error=0
08-22 16:51:27.302 I/MpvEvent( 8531): [PlaybackTrace][Native][eventLoop] event_id=2 error=0
08-22 16:51:27.304 I/MpvEvent( 8531): [PlaybackTrace][Native][eventLoop] event_id=2 error=0
08-22 16:51:27.304 I/MpvEvent( 8531): [PlaybackTrace][Native][eventLoop] event_id=2 error=0
08-22 16:51:27.304 D/mpv     ( 8531): [ffmpeg] v: Opening https://prod-1.storage.jamendo.com/?trackid=171&format=mp31&from=8CSIkMvwtD6jzKZ%2BPEaUMQ%3D%3D%7Cj5s5oI6ivq8l2vQOXyWixQ%3D%3D
08-22 16:51:27.890 I/MpvEvent( 8531): [PlaybackTrace][Native][eventLoop] event_id=2 error=0
08-22 16:51:27.891 I/ReactNativeJS( 8531): '[INFO]', '[PlaybackTrace][JS][loadFile:call]', { requestedPath: 'https://prod-1.storage.jamendo.com/?trackid=171&format=mp31&from=8CSIkMvwtD6jzKZ%2BPEaUMQ%3D%3D%7Cj5s5oI6ivq8l2vQOXyWixQ%3D%3D',
08-22 16:51:27.894 I/MpvBridgeModule( 8531): [PlaybackTrace][Bridge][loadFile] requested=https://prod-1.storage.jamendo.com/?trackid=171&format=mp31&from=8CSIkMvwtD6jzKZ%2BPEaUMQ%3D%3D%7Cj5s5oI6ivq8l2vQOXyWixQ%3D%3D resolved=https://prod-1.storage.jamendo.com/?trackid=171&format=mp31&from=8CSIkMvwtD6jzKZ%2BPEaUMQ%3D%3D%7Cj5s5oI6ivq8l2vQOXyWixQ%3D%3D ptr=131217388029824
08-22 16:51:27.894 I/MpvJNI  ( 8531): [PlaybackTrace][Native][loadFile] begin path=https://prod-1.storage.jamendo.com/?trackid=171&format=mp31&from=8CSIkMvwtD6jzKZ%2BPEaUMQ%3D%3D%7Cj5s5oI6ivq8l2vQOXyWixQ%3D%3D initialized=1
08-22 16:51:27.895 I/MpvJNI  ( 8531): [PlaybackTrace][Native][loadFile] loadfile command accepted result=0
08-22 16:51:27.896 I/MpvBridgeModule( 8531): [PlaybackTrace][Bridge][loadFile] nativeLoadFile returned
08-22 16:51:27.899 I/ReactNativeJS( 8531): '[INFO]', '[PlaybackTrace][JS][loadFile:return]', { resolvedPath: 'https://prod-1.storage.jamendo.com/?trackid=171&format=mp31&from=8CSIkMvwtD6jzKZ%2BPEaUMQ%3D%3D%7Cj5s5oI6ivq8l2vQOXyWixQ%3D%3D' }
08-22 16:51:27.911 I/MpvEvent( 8531): [PlaybackTrace][Native][eventLoop] event_id=2 error=0
08-22 16:51:27.931 I/MpvEvent( 8531): [PlaybackTrace][Native][eventLoop] event_id=2 error=0
08-22 16:51:27.932 I/MpvEvent( 8531): [PlaybackTrace][Native][mpv-log] prefix=cplayer level=v text=Opening failed or was aborted: https://prod-1.storage.jamendo.com/?trackid=171&format=mp31&from=8CSIkMvwtD6jzKZ%2BPEaUMQ%3D%3D%7Cj5s5oI6ivq8l2vQOXyWixQ%3D%3D
08-22 16:51:27.932 D/mpv     ( 8531): [cplayer] v: Opening failed or was aborted: https://prod-1.storage.jamendo.com/?trackid=171&format=mp31&from=8CSIkMvwtD6jzKZ%2BPEaUMQ%3D%3D%7Cj5s5oI6ivq8l2vQOXyWixQ%3D%3D
08-22 16:51:27.936 I/MpvEvent( 8531): [PlaybackTrace][Native][eventLoop] event_id=7 error=0
08-22 16:51:27.936 E/MpvEvent( 8531): [PlaybackTrace][Native][eventLoop] MPV_EVENT_END_FILE reason=2 error=0
08-22 16:51:27.936 I/MpvEvent( 8531): [PlaybackTrace][Native][dispatch:event] name=endFile payload={"reason":2,"error":0}
08-22 16:51:27.936 I/MpvBridgeModule( 8531): [PlaybackTrace][Bridge][listener:event] name=endFile payload={"reason":2,"error":0}
08-22 16:51:27.938 I/MpvEvent( 8531): [PlaybackTrace][Native][eventLoop] event_id=6 error=0
08-22 16:51:27.938 I/MpvEvent( 8531): MPV_EVENT_START_FILE
08-22 16:51:27.940 I/MpvEvent( 8531): [PlaybackTrace][Native][eventLoop] event_id=2 error=0
08-22 16:51:27.940 I/MpvEvent( 8531): [PlaybackTrace][Native][eventLoop] event_id=2 error=0
08-22 16:51:27.940 I/MpvEvent( 8531): [PlaybackTrace][Native][eventLoop] event_id=2 error=0
08-22 16:51:27.940 I/MpvEvent( 8531): [PlaybackTrace][Native][eventLoop] event_id=2 error=0
08-22 16:51:27.940 I/MpvEvent( 8531): [PlaybackTrace][Native][eventLoop] event_id=2 error=0
08-22 16:51:27.940 I/MpvEvent( 8531): [PlaybackTrace][Native][eventLoop] event_id=2 error=0
08-22 16:51:27.940 I/MpvEvent( 8531): [PlaybackTrace][Native][eventLoop] event_id=2 error=0
08-22 16:51:27.940 D/mpv     ( 8531): [ffmpeg] v: Opening https://prod-1.storage.jamendo.com/?trackid=171&format=mp31&from=8CSIkMvwtD6jzKZ%2BPEaUMQ%3D%3D%7Cj5s5oI6ivq8l2vQOXyWixQ%3D%3D
08-22 16:51:28.194 I/MpvEvent( 8531): [PlaybackTrace][Native][eventLoop] event_id=2 error=0
08-22 16:51:28.376 I/ReactNativeJS( 8531): '[INFO]', '[PlaybackTrace][JS][loadFile:call]', { requestedPath: 'https://prod-1.storage.jamendo.com/?trackid=171&format=mp31&from=8CSIkMvwtD6jzKZ%2BPEaUMQ%3D%3D%7Cj5s5oI6ivq8l2vQOXyWixQ%3D%3D',
08-22 16:51:28.376 I/MpvBridgeModule( 8531): [PlaybackTrace][Bridge][loadFile] requested=https://prod-1.storage.jamendo.com/?trackid=171&format=mp31&from=8CSIkMvwtD6jzKZ%2BPEaUMQ%3D%3D%7Cj5s5oI6ivq8l2vQOXyWixQ%3D%3D resolved=https://prod-1.storage.jamendo.com/?trackid=171&format=mp31&from=8CSIkMvwtD6jzKZ%2BPEaUMQ%3D%3D%7Cj5s5oI6ivq8l2vQOXyWixQ%3D%3D ptr=131217388029824
08-22 16:51:28.378 I/MpvJNI  ( 8531): [PlaybackTrace][Native][loadFile] begin path=https://prod-1.storage.jamendo.com/?trackid=171&format=mp31&from=8CSIkMvwtD6jzKZ%2BPEaUMQ%3D%3D%7Cj5s5oI6ivq8l2vQOXyWixQ%3D%3D initialized=1
08-22 16:51:28.378 I/MpvJNI  ( 8531): [PlaybackTrace][Native][loadFile] loadfile command accepted result=0
08-22 16:51:28.378 I/MpvBridgeModule( 8531): [PlaybackTrace][Bridge][loadFile] nativeLoadFile returned
08-22 16:51:28.382 I/ReactNativeJS( 8531): '[INFO]', '[PlaybackTrace][JS][loadFile:return]', { resolvedPath: 'https://prod-1.storage.jamendo.com/?trackid=171&format=mp31&from=8CSIkMvwtD6jzKZ%2BPEaUMQ%3D%3D%7Cj5s5oI6ivq8l2vQOXyWixQ%3D%3D' }
08-22 16:51:28.399 I/ReactNativeJS( 8531): '[INFO]', '[PlaybackTrace][JS][loadFile:call]', { requestedPath: 'https://prod-1.storage.jamendo.com/?trackid=171&format=mp31&from=8CSIkMvwtD6jzKZ%2BPEaUMQ%3D%3D%7Cj5s5oI6ivq8l2vQOXyWixQ%3D%3D',
08-22 16:51:28.400 I/MpvEvent( 8531): [PlaybackTrace][Native][eventLoop] event_id=2 error=0
08-22 16:51:28.403 I/ReactNativeJS( 8531): '[INFO]', '[PlaybackTrace][JS][loadFile:return]', { resolvedPath: 'https://prod-1.storage.jamendo.com/?trackid=171&format=mp31&from=8CSIkMvwtD6jzKZ%2BPEaUMQ%3D%3D%7Cj5s5oI6ivq8l2vQOXyWixQ%3D%3D' }
08-22 16:51:28.410 I/MpvEvent( 8531): [PlaybackTrace][Native][eventLoop] event_id=2 error=0
08-22 16:51:28.412 I/MpvBridgeModule( 8531): [PlaybackTrace][Bridge][loadFile] requested=https://prod-1.storage.jamendo.com/?trackid=171&format=mp31&from=8CSIkMvwtD6jzKZ%2BPEaUMQ%3D%3D%7Cj5s5oI6ivq8l2vQOXyWixQ%3D%3D resolved=https://prod-1.storage.jamendo.com/?trackid=171&format=mp31&from=8CSIkMvwtD6jzKZ%2BPEaUMQ%3D%3D%7Cj5s5oI6ivq8l2vQOXyWixQ%3D%3D ptr=131217388029824
08-22 16:51:28.412 I/MpvJNI  ( 8531): [PlaybackTrace][Native][loadFile] begin path=https://prod-1.storage.jamendo.com/?trackid=171&format=mp31&from=8CSIkMvwtD6jzKZ%2BPEaUMQ%3D%3D%7Cj5s5oI6ivq8l2vQOXyWixQ%3D%3D initialized=1
08-22 16:51:28.412 I/MpvJNI  ( 8531): [PlaybackTrace][Native][loadFile] loadfile command accepted result=0
08-22 16:51:28.412 I/MpvBridgeModule( 8531): [PlaybackTrace][Bridge][loadFile] nativeLoadFile returned
08-22 16:51:28.415 I/MpvEvent( 8531): [PlaybackTrace][Native][mpv-log] prefix=ffmpeg level=error text=tls: mbedtls_ssl_handshake returned -0x7280
08-22 16:51:28.416 D/mpv     ( 8531): [ffmpeg] error: tls: mbedtls_ssl_handshake returned -0x7280
08-22 16:51:28.426 E/MpvEvent( 8531): [PlaybackTrace][Native][dispatch:error] code=-1 message=tls: mbedtls_ssl_handshake returned -0x7280
08-22 16:51:28.427 E/MpvBridgeModule( 8531): [PlaybackTrace][Bridge][listener:error] code=-1 message=tls: mbedtls_ssl_handshake returned -0x7280
08-22 16:51:28.435 I/MpvEvent( 8531): [PlaybackTrace][Native][eventLoop] event_id=7 error=0
08-22 16:51:28.435 E/MpvEvent( 8531): [PlaybackTrace][Native][eventLoop] MPV_EVENT_END_FILE reason=2 error=0
08-22 16:51:28.435 I/MpvEvent( 8531): [PlaybackTrace][Native][dispatch:event] name=endFile payload={"reason":2,"error":0}
08-22 16:51:28.435 I/MpvBridgeModule( 8531): [PlaybackTrace][Bridge][listener:event] name=endFile payload={"reason":2,"error":0}
08-22 16:51:28.436 I/MpvEvent( 8531): [PlaybackTrace][Native][eventLoop] event_id=2 error=0
08-22 16:51:28.436 I/MpvEvent( 8531): [PlaybackTrace][Native][mpv-log] prefix=cplayer level=v text=Opening failed or was aborted: https://prod-1.storage.jamendo.com/?trackid=171&format=mp31&from=8CSIkMvwtD6jzKZ%2BPEaUMQ%3D%3D%7Cj5s5oI6ivq8l2vQOXyWixQ%3D%3D
08-22 16:51:28.436 D/mpv     ( 8531): [cplayer] v: Opening failed or was aborted: https://prod-1.storage.jamendo.com/?trackid=171&format=mp31&from=8CSIkMvwtD6jzKZ%2BPEaUMQ%3D%3D%7Cj5s5oI6ivq8l2vQOXyWixQ%3D%3D
08-22 16:51:28.436 I/MpvEvent( 8531): [PlaybackTrace][Native][eventLoop] event_id=2 error=0
08-22 16:51:28.436 I/MpvEvent( 8531): [PlaybackTrace][Native][eventLoop] event_id=2 error=0
08-22 16:51:28.437 I/MpvEvent( 8531): [PlaybackTrace][Native][eventLoop] event_id=2 error=0
08-22 16:51:28.442 I/MpvEvent( 8531): [PlaybackTrace][Native][eventLoop] event_id=6 error=0
08-22 16:51:28.443 I/MpvEvent( 8531): MPV_EVENT_START_FILE
08-22 16:51:28.447 I/MpvEvent( 8531): [PlaybackTrace][Native][eventLoop] event_id=2 error=0
08-22 16:51:28.455 I/MpvEvent( 8531): [PlaybackTrace][Native][eventLoop] event_id=2 error=0
08-22 16:51:28.458 I/MpvEvent( 8531): [PlaybackTrace][Native][eventLoop] event_id=2 error=0
08-22 16:51:28.458 I/MpvEvent( 8531): [PlaybackTrace][Native][eventLoop] event_id=2 error=0
08-22 16:51:28.458 I/MpvEvent( 8531): [PlaybackTrace][Native][eventLoop] event_id=2 error=0
08-22 16:51:28.458 D/mpv     ( 8531): [ffmpeg] v: Opening https://prod-1.storage.jamendo.com/?trackid=171&format=mp31&from=8CSIkMvwtD6jzKZ%2BPEaUMQ%3D%3D%7Cj5s5oI6ivq8l2vQOXyWixQ%3D%3D
