08-22 17:15:43.058 E/CelloAccountMetadataLoa(10186): 	at com.google.android.libraries.drive.core.impl.cello.jni.SlimJni__HttpRequestContext.native_onError(Native Method)
08-22 17:15:43.058 E/CelloAccountMetadataLoa(10186): 	at com.google.android.libraries.drive.core.impl.cello.jni.SlimJni__HttpRequestContext.onError(PG:10)
08-22 17:16:10.970 I/MpvJNI  (17565): av_jni_set_java_vm called successfully
08-22 17:16:10.970 I/MpvJNI  (17565): JNI_OnLoad complete
08-22 17:16:11.076 D/MpvBridgeModule(17565): [PlaybackTrace][Bridge][getDuration] ptr=0 duration=0.0
08-22 17:16:11.623 I/ReactNativeJS(17565): '[INFO]', '[PlaybackTrace][Controller][effect:start]', { fileUri: 'https://prod-1.storage.jamendo.com/?trackid=1593988&format=mp31&from=%2FV3E9Qwm8kkOD6hbkNYXkg%3D%3D%7CMJJdmScXeWFhFQqasgwXjQ%3D%3D',
08-22 17:16:11.635 I/ReactNativeJS(17565): '[INFO]', '[PlaybackTrace][Controller][init:call]', 'https://prod-1.storage.jamendo.com/?trackid=1593988&format=mp31&from=%2FV3E9Qwm8kkOD6hbkNYXkg%3D%3D%7CMJJdmScXeWFhFQqasgwXjQ%3D%3D'
08-22 17:16:11.638 I/ReactNativeJS(17565): '[INFO]', '[PlaybackTrace][JS][initPlayer:call]'
08-22 17:16:11.638 I/MpvBridgeModule(17565): [PlaybackTrace][Bridge][initPlayer] call currentPtr=0
08-22 17:16:11.644 I/MpvBridgeModule(17565): [PlaybackTrace][Bridge][tls] caFile=/data/user/0/com.simba.player/files/mpv/cacert.pem bytes=188900
08-22 17:16:11.648 I/MpvJNI  (17565): [PlaybackTrace][Native][create] option vo=null result=0
08-22 17:16:11.651 I/MpvJNI  (17565): [PlaybackTrace][Native][create] option gpu-api=opengl result=0
08-22 17:16:11.651 I/MpvJNI  (17565): [PlaybackTrace][Native][create] option hwdec=mediacodec result=0
08-22 17:16:11.651 I/MpvJNI  (17565): [PlaybackTrace][Native][create] option audio-device-auto=yes result=-5
08-22 17:16:11.651 I/MpvJNI  (17565): [PlaybackTrace][Native][create] option tls-ca-file=/data/user/0/com.simba.player/files/mpv/cacert.pem result=0
08-22 17:16:11.651 I/MpvJNI  (17565): [PlaybackTrace][Native][create] option tls-verify=yes result=0
08-22 17:16:11.652 I/MpvJNI  (17565): [PlaybackTrace][Native][create] option keep-open=yes result=0
08-22 17:16:11.652 I/MpvJNI  (17565): [PlaybackTrace][Native][create] option pause=no result=0
08-22 17:16:11.652 I/MpvJNI  (17565): [PlaybackTrace][Native][create] mpv_create succeeded handle=0x77576dd233d0
08-22 17:16:11.652 I/MpvJNI  (17565): [PlaybackTrace][Native][initialize] calling mpv_initialize
08-22 17:16:11.658 I/MpvJNI  (17565): [PlaybackTrace][Native][initialize] mpv_initialize succeeded
08-22 17:16:11.658 I/MpvJNI  (17565): [PlaybackTrace][Native][initialize] requested mpv verbose logs
08-22 17:16:11.659 I/MpvJNI  (17565): mpv initialized and event loop started
08-22 17:16:11.659 I/MpvJNI  (17565): mpv instance created and initialized without a required surface
08-22 17:16:11.659 I/MpvBridgeModule(17565): [PlaybackTrace][Bridge][initPlayer] nativeCreate returned ptr=131217388352464
08-22 17:16:11.659 I/MpvBridgeModule(17565): mpv initialized, nativePtr=131217388352464, observers=0
08-22 17:16:11.669 I/MpvEvent(17565): Event loop started
08-22 17:16:11.670 I/MpvEvent(17565): [PlaybackTrace][Native][eventLoop] event_id=2 error=0
08-22 17:16:11.670 I/MpvEvent(17565): [PlaybackTrace][Native][mpv-log] prefix=cplayer level=v text=Waiting for scripts...
08-22 17:16:11.670 D/mpv     (17565): [cplayer] v: Waiting for scripts...
08-22 17:16:11.698 I/MpvEvent(17565): [PlaybackTrace][Native][eventLoop] event_id=11 error=0
08-22 17:16:11.698 I/MpvEvent(17565): Unhandled mpv event: 11
08-22 17:16:11.698 I/MpvEvent(17565): [PlaybackTrace][Native][eventLoop] event_id=2 error=0
08-22 17:16:11.698 I/MpvEvent(17565): [PlaybackTrace][Native][mpv-log] prefix=cplayer level=v text=Done loading scripts.
08-22 17:16:11.698 D/mpv     (17565): [cplayer] v: Done loading scripts.
08-22 17:16:11.699 I/ReactNativeJS(17565): '[INFO]', '[PlaybackTrace][JS][initPlayer:return]', true
08-22 17:16:11.701 I/ReactNativeJS(17565): '[INFO]', '[PlaybackTrace][Controller][init:return]', { ok: true, cancelled: false }
08-22 17:16:11.702 I/ReactNativeJS(17565): '[INFO]', '[PlaybackTrace][Controller][listeners:register]'
08-22 17:16:11.707 I/ReactNativeJS(17565): '[INFO]', '[PlaybackTrace][Controller][loadFile:before]', 'https://prod-1.storage.jamendo.com/?trackid=1593988&format=mp31&from=%2FV3E9Qwm8kkOD6hbkNYXkg%3D%3D%7CMJJdmScXeWFhFQqasgwXjQ%3D%3D'
08-22 17:16:11.717 I/ReactNativeJS(17565): '[INFO]', '[PlaybackTrace][JS][loadFile:call]', { requestedPath: 'https://prod-1.storage.jamendo.com/?trackid=1593988&format=mp31&from=%2FV3E9Qwm8kkOD6hbkNYXkg%3D%3D%7CMJJdmScXeWFhFQqasgwXjQ%3D%3D',
08-22 17:16:11.721 I/MpvBridgeModule(17565): [PlaybackTrace][Bridge][loadFile] requested=https://prod-1.storage.jamendo.com/?trackid=1593988&format=mp31&from=%2FV3E9Qwm8kkOD6hbkNYXkg%3D%3D%7CMJJdmScXeWFhFQqasgwXjQ%3D%3D resolved=https://prod-1.storage.jamendo.com/?trackid=1593988&format=mp31&from=%2FV3E9Qwm8kkOD6hbkNYXkg%3D%3D%7CMJJdmScXeWFhFQqasgwXjQ%3D%3D ptr=131217388352464
08-22 17:16:11.721 I/ReactNativeJS(17565): '[INFO]', '[PlaybackTrace][JS][loadFile:return]', { resolvedPath: 'https://prod-1.storage.jamendo.com/?trackid=1593988&format=mp31&from=%2FV3E9Qwm8kkOD6hbkNYXkg%3D%3D%7CMJJdmScXeWFhFQqasgwXjQ%3D%3D' }
08-22 17:16:11.721 I/MpvJNI  (17565): [PlaybackTrace][Native][loadFile] begin path=https://prod-1.storage.jamendo.com/?trackid=1593988&format=mp31&from=%2FV3E9Qwm8kkOD6hbkNYXkg%3D%3D%7CMJJdmScXeWFhFQqasgwXjQ%3D%3D initialized=1
08-22 17:16:11.722 I/MpvJNI  (17565): [PlaybackTrace][Native][loadFile] loadfile command accepted result=0
08-22 17:16:11.722 I/MpvBridgeModule(17565): [PlaybackTrace][Bridge][loadFile] nativeLoadFile returned
08-22 17:16:11.722 I/ReactNativeJS(17565): '[INFO]', '[PlaybackTrace][Controller][loadFile:after]', 'https://prod-1.storage.jamendo.com/?trackid=1593988&format=mp31&from=%2FV3E9Qwm8kkOD6hbkNYXkg%3D%3D%7CMJJdmScXeWFhFQqasgwXjQ%3D%3D'
08-22 17:16:11.723 I/ReactNativeJS(17565): '[INFO]', '[PlaybackTrace][Controller][settings:before]'
08-22 17:16:11.727 I/MpvEvent(17565): [PlaybackTrace][Native][eventLoop] event_id=6 error=0
08-22 17:16:11.727 I/MpvEvent(17565): MPV_EVENT_START_FILE
08-22 17:16:11.727 I/MpvEvent(17565): [PlaybackTrace][Native][dispatch:event] name=startFile payload={}
08-22 17:16:11.727 D/MPVLib  (17565): onNativeEvent: startFile {}
08-22 17:16:11.727 I/MpvBridgeModule(17565): [PlaybackTrace][Bridge][listener:event] name=startFile payload={}
08-22 17:16:11.729 I/MpvEvent(17565): [PlaybackTrace][Native][eventLoop] event_id=2 error=0
08-22 17:16:11.729 I/MpvEvent(17565): [PlaybackTrace][Native][mpv-log] prefix=cplayer level=v text=Running hook: auto_profiles/on_before_start_file
08-22 17:16:11.729 D/mpv     (17565): [cplayer] v: Running hook: auto_profiles/on_before_start_file
08-22 17:16:11.729 I/MpvEvent(17565): [PlaybackTrace][Native][eventLoop] event_id=2 error=0
08-22 17:16:11.729 I/MpvEvent(17565): [PlaybackTrace][Native][mpv-log] prefix=cplayer level=v text=Failed sending hook command auto_profiles/on_before_start_file. Removing hook.
08-22 17:16:11.729 D/mpv     (17565): [cplayer] v: Failed sending hook command auto_profiles/on_before_start_file. Removing hook.
08-22 17:16:11.729 I/MpvEvent(17565): [PlaybackTrace][Native][eventLoop] event_id=2 error=0
08-22 17:16:11.729 I/MpvEvent(17565): [PlaybackTrace][Native][mpv-log] prefix=cplayer level=v text=Running hook: auto_profiles/on_load
08-22 17:16:11.729 D/mpv     (17565): [cplayer] v: Running hook: auto_profiles/on_load
08-22 17:16:11.729 I/MpvEvent(17565): [PlaybackTrace][Native][eventLoop] event_id=2 error=0
08-22 17:16:11.729 I/MpvEvent(17565): [PlaybackTrace][Native][mpv-log] prefix=cplayer level=v text=Failed sending hook command auto_profiles/on_load. Removing hook.
08-22 17:16:11.729 D/mpv     (17565): [cplayer] v: Failed sending hook command auto_profiles/on_load. Removing hook.
08-22 17:16:11.729 I/MpvEvent(17565): [PlaybackTrace][Native][eventLoop] event_id=2 error=0
08-22 17:16:11.729 I/MpvEvent(17565): [PlaybackTrace][Native][mpv-log] prefix=cplayer level=v text=Running hook: ytdl_hook/on_load
08-22 17:16:11.729 D/mpv     (17565): [cplayer] v: Running hook: ytdl_hook/on_load
08-22 17:16:11.736 I/MpvEvent(17565): [PlaybackTrace][Native][eventLoop] event_id=2 error=0
08-22 17:16:11.736 I/MpvEvent(17565): [PlaybackTrace][Native][mpv-log] prefix=cplayer level=v text=Running hook: ytdl_hook/on_load
08-22 17:16:11.736 D/mpv     (17565): [cplayer] v: Running hook: ytdl_hook/on_load
08-22 17:16:11.736 I/MpvEvent(17565): [PlaybackTrace][Native][eventLoop] event_id=2 error=0
08-22 17:16:11.736 I/MpvEvent(17565): [PlaybackTrace][Native][mpv-log] prefix=ytdl_hook level=v text=playlist hook
08-22 17:16:11.736 I/MpvEvent(17565): [PlaybackTrace][Native][eventLoop] event_id=2 error=0
08-22 17:16:11.736 I/MpvEvent(17565): [PlaybackTrace][Native][mpv-log] prefix=cplayer level=v text=Set property: hwdec="auto" -> 1
08-22 17:16:11.736 D/mpv     (17565): [cplayer] v: Set property: hwdec="auto" -> 1
08-22 17:16:11.737 I/MpvEvent(17565): [PlaybackTrace][Native][eventLoop] event_id=2 error=0
08-22 17:16:11.737 I/MpvEvent(17565): [PlaybackTrace][Native][mpv-log] prefix=cplayer level=v text=Set property: sub-auto="fuzzy" -> 1
08-22 17:16:11.737 D/mpv     (17565): [cplayer] v: Set property: sub-auto="fuzzy" -> 1
08-22 17:16:11.737 I/MpvEvent(17565): [PlaybackTrace][Native][eventLoop] event_id=2 error=0
08-22 17:16:11.737 I/MpvEvent(17565): [PlaybackTrace][Native][mpv-log] prefix=cplayer level=v text=Set property: slang="eng, jpn, und" -> 1
08-22 17:16:11.737 D/mpv     (17565): [cplayer] v: Set property: slang="eng, jpn, und" -> 1
08-22 17:16:11.737 I/MpvEvent(17565): [PlaybackTrace][Native][eventLoop] event_id=2 error=0
08-22 17:16:11.737 I/MpvEvent(17565): [PlaybackTrace][Native][mpv-log] prefix=stream_callback level=v text=Opening https://prod-1.storage.jamendo.com/?trackid=1593988&format=mp31&from=%2FV3E9Qwm8kkOD6hbkNYXkg%3D%3D%7CMJJdmScXeWFhFQqasgwXjQ%3D%3D
08-22 17:16:11.737 I/MpvEvent(17565): [PlaybackTrace][Native][eventLoop] event_id=2 error=0
08-22 17:16:11.737 I/MpvEvent(17565): [PlaybackTrace][Native][mpv-log] prefix=ffmpeg level=v text=Opening https://prod-1.storage.jamendo.com/?trackid=1593988&format=mp31&from=%2FV3E9Qwm8kkOD6hbkNYXkg%3D%3D%7CMJJdmScXeWFhFQqasgwXjQ%3D%3D
08-22 17:16:11.737 D/mpv     (17565): [ffmpeg] v: Opening https://prod-1.storage.jamendo.com/?trackid=1593988&format=mp31&from=%2FV3E9Qwm8kkOD6hbkNYXkg%3D%3D%7CMJJdmScXeWFhFQqasgwXjQ%3D%3D
08-22 17:16:11.737 I/MpvEvent(17565): [PlaybackTrace][Native][eventLoop] event_id=2 error=0
08-22 17:16:11.737 I/MpvEvent(17565): [PlaybackTrace][Native][mpv-log] prefix=cplayer level=v text=Set property: volume-max="130" -> 1
08-22 17:16:11.737 D/mpv     (17565): [cplayer] v: Set property: volume-max="130" -> 1
08-22 17:16:11.737 I/MpvEvent(17565): [PlaybackTrace][Native][eventLoop] event_id=2 error=0
08-22 17:16:11.737 I/MpvEvent(17565): [PlaybackTrace][Native][mpv-log] prefix=cplayer level=v text=Set property: replaygain="no" -> 1
08-22 17:16:11.737 D/mpv     (17565): [cplayer] v: Set property: replaygain="no" -> 1
08-22 17:16:11.737 I/MpvEvent(17565): [PlaybackTrace][Native][eventLoop] event_id=2 error=0
08-22 17:16:11.738 I/MpvEvent(17565): [PlaybackTrace][Native][mpv-log] prefix=cplayer level=v text=Set property: gapless-audio="no" -> 1
08-22 17:16:11.738 D/mpv     (17565): [cplayer] v: Set property: gapless-audio="no" -> 1
08-22 17:16:11.738 I/MpvEvent(17565): [PlaybackTrace][Native][eventLoop] event_id=2 error=0
08-22 17:16:11.738 I/MpvEvent(17565): [PlaybackTrace][Native][mpv-log] prefix=cplayer level=v text=Set property: audio-delay="0" -> 1
08-22 17:16:11.738 D/mpv     (17565): [cplayer] v: Set property: audio-delay="0" -> 1
08-22 17:16:11.738 I/MpvEvent(17565): [PlaybackTrace][Native][eventLoop] event_id=2 error=0
08-22 17:16:11.738 I/MpvEvent(17565): [PlaybackTrace][Native][mpv-log] prefix=cplayer level=v text=Set property: audio-samplerate="0" -> 1
08-22 17:16:11.738 D/mpv     (17565): [cplayer] v: Set property: audio-samplerate="0" -> 1
08-22 17:16:11.740 I/MpvEvent(17565): [PlaybackTrace][Native][eventLoop] event_id=2 error=0
08-22 17:16:11.740 I/MpvEvent(17565): [PlaybackTrace][Native][mpv-log] prefix=cplayer level=v text=Set property: af="" -> 1
08-22 17:16:11.740 D/mpv     (17565): [cplayer] v: Set property: af="" -> 1
08-22 17:16:11.743 I/ReactNativeJS(17565): '[INFO]', '[PlaybackTrace][Controller][settings:after]'
08-22 17:16:11.753 I/ReactNativeJS(17565): '[INFO]', '[PlaybackTrace][Controller][speed:before]', 1
08-22 17:16:11.753 I/ReactNativeJS(17565): '[INFO]', '[PlaybackTrace][Controller][speed:after]', 1
08-22 17:16:11.754 I/MpvEvent(17565): [PlaybackTrace][Native][eventLoop] event_id=2 error=0
08-22 17:16:11.754 I/MpvEvent(17565): [PlaybackTrace][Native][mpv-log] prefix=cplayer level=v text=Set property: speed=1.000000 -> 1
08-22 17:16:11.754 D/mpv     (17565): [cplayer] v: Set property: speed=1.000000 -> 1
08-22 17:16:11.762 I/ReactNativeJS(17565): '[INFO]', '[PlaybackTrace][Controller][ready]', { fileUri: 'https://prod-1.storage.jamendo.com/?trackid=1593988&format=mp31&from=%2FV3E9Qwm8kkOD6hbkNYXkg%3D%3D%7CMJJdmScXeWFhFQqasgwXjQ%3D%3D' }
08-22 17:16:11.849 I/MpvBridgeModule(17565): [PlaybackTrace][Bridge][observeProperty] name=cache-buffering-state initialized=true
08-22 17:16:11.849 I/MpvProperty(17565): Observing property: cache-buffering-state (id=4060560534374325851)
08-22 17:16:11.850 I/MpvEvent(17565): [PlaybackTrace][Native][eventLoop] event_id=22 error=0
08-22 17:16:11.850 I/MpvEvent(17565): [PlaybackTrace][Native][eventLoop] property=cache-buffering-state format=NONE
08-22 17:16:11.852 I/MpvBridgeModule(17565): [PlaybackTrace][Bridge][observeProperty] name=paused-for-cache initialized=true
08-22 17:16:11.853 I/MpvProperty(17565): Observing property: paused-for-cache (id=5839792331034341279)
08-22 17:16:11.853 I/MpvEvent(17565): [PlaybackTrace][Native][eventLoop] event_id=22 error=0
08-22 17:16:11.853 I/MpvEvent(17565): [PlaybackTrace][Native][eventLoop] property=paused-for-cache format=NONE
08-22 17:16:11.858 I/MpvBridgeModule(17565): [PlaybackTrace][Bridge][observeProperty] name=demuxer-cache-state initialized=true
08-22 17:16:11.858 I/MpvBridgeModule(17565): [PlaybackTrace][Bridge][observeProperty] name=seekable initialized=true
08-22 17:16:11.859 I/MpvEvent(17565): [PlaybackTrace][Native][eventLoop] event_id=22 error=0
08-22 17:16:11.859 I/MpvEvent(17565): [PlaybackTrace][Native][eventLoop] property=demuxer-cache-state format=NONE
08-22 17:16:11.860 I/MpvEvent(17565): [PlaybackTrace][Native][eventLoop] event_id=22 error=0
08-22 17:16:11.860 I/MpvEvent(17565): [PlaybackTrace][Native][eventLoop] property=seekable format=NONE
08-22 17:16:11.957 I/MpvJNI  (17565): [PlaybackTrace][Native][getDuration] result=-10 duration=0.000000
08-22 17:16:11.958 D/MpvBridgeModule(17565): [PlaybackTrace][Bridge][getDuration] ptr=131217388352464 duration=0.0
08-22 17:16:12.220 I/MpvEvent(17565): [PlaybackTrace][Native][eventLoop] event_id=2 error=0
08-22 17:16:12.220 I/MpvEvent(17565): [PlaybackTrace][Native][mpv-log] prefix=cplayer level=v text=Set property: hwdec="auto" -> 1
08-22 17:16:12.220 D/mpv     (17565): [cplayer] v: Set property: hwdec="auto" -> 1
08-22 17:16:12.220 I/MpvEvent(17565): [PlaybackTrace][Native][eventLoop] event_id=2 error=0
08-22 17:16:12.220 I/MpvEvent(17565): [PlaybackTrace][Native][mpv-log] prefix=cplayer level=v text=Set property: sub-auto="fuzzy" -> 1
08-22 17:16:12.220 D/mpv     (17565): [cplayer] v: Set property: sub-auto="fuzzy" -> 1
08-22 17:16:12.220 I/MpvEvent(17565): [PlaybackTrace][Native][eventLoop] event_id=2 error=0
08-22 17:16:12.220 I/MpvEvent(17565): [PlaybackTrace][Native][mpv-log] prefix=cplayer level=v text=Set property: slang="eng, jpn, und" -> 1
08-22 17:16:12.220 D/mpv     (17565): [cplayer] v: Set property: slang="eng, jpn, und" -> 1
08-22 17:16:12.220 I/MpvEvent(17565): [PlaybackTrace][Native][eventLoop] event_id=2 error=0
08-22 17:16:12.220 I/MpvEvent(17565): [PlaybackTrace][Native][mpv-log] prefix=cplayer level=v text=Set property: volume-max="130" -> 1
08-22 17:16:12.220 D/mpv     (17565): [cplayer] v: Set property: volume-max="130" -> 1
08-22 17:16:12.220 I/MpvEvent(17565): [PlaybackTrace][Native][eventLoop] event_id=2 error=0
08-22 17:16:12.221 I/MpvEvent(17565): [PlaybackTrace][Native][mpv-log] prefix=cplayer level=v text=Set property: replaygain="no" -> 1
08-22 17:16:12.221 D/mpv     (17565): [cplayer] v: Set property: replaygain="no" -> 1
08-22 17:16:12.221 I/MpvEvent(17565): [PlaybackTrace][Native][eventLoop] event_id=2 error=0
08-22 17:16:12.221 I/MpvEvent(17565): [PlaybackTrace][Native][mpv-log] prefix=cplayer level=v text=Set property: gapless-audio="no" -> 1
08-22 17:16:12.221 D/mpv     (17565): [cplayer] v: Set property: gapless-audio="no" -> 1
08-22 17:16:12.221 I/MpvEvent(17565): [PlaybackTrace][Native][eventLoop] event_id=2 error=0
08-22 17:16:12.221 I/MpvEvent(17565): [PlaybackTrace][Native][mpv-log] prefix=cplayer level=v text=Set property: audio-delay="0" -> 1
08-22 17:16:12.221 D/mpv     (17565): [cplayer] v: Set property: audio-delay="0" -> 1
08-22 17:16:12.221 I/MpvEvent(17565): [PlaybackTrace][Native][eventLoop] event_id=2 error=0
08-22 17:16:12.221 I/MpvEvent(17565): [PlaybackTrace][Native][mpv-log] prefix=cplayer level=v text=Set property: audio-samplerate="0" -> 1
08-22 17:16:12.221 D/mpv     (17565): [cplayer] v: Set property: audio-samplerate="0" -> 1
08-22 17:16:12.221 I/MpvEvent(17565): [PlaybackTrace][Native][eventLoop] event_id=2 error=0
08-22 17:16:12.221 I/MpvEvent(17565): [PlaybackTrace][Native][mpv-log] prefix=cplayer level=v text=Set property: af="" -> 1
08-22 17:16:12.221 D/mpv     (17565): [cplayer] v: Set property: af="" -> 1
08-22 17:16:12.221 I/MpvEvent(17565): [PlaybackTrace][Native][eventLoop] event_id=2 error=0
08-22 17:16:12.221 I/MpvEvent(17565): [PlaybackTrace][Native][mpv-log] prefix=cplayer level=v text=Set property: speed=1.000000 -> 1
08-22 17:16:12.221 D/mpv     (17565): [cplayer] v: Set property: speed=1.000000 -> 1
08-22 17:16:12.260 I/MpvEvent(17565): [PlaybackTrace][Native][eventLoop] event_id=2 error=0
08-22 17:16:12.260 I/MpvEvent(17565): [PlaybackTrace][Native][mpv-log] prefix=cplayer level=v text=Set property: speed=1.000000 -> 1
08-22 17:16:12.260 D/mpv     (17565): [cplayer] v: Set property: speed=1.000000 -> 1
08-22 17:16:12.653 I/ReactNativeJS(17565): '[INFO]', '[PlaybackTrace][Controller][fallback-resume]'
08-22 17:16:12.653 I/ReactNativeJS(17565): '[INFO]', '[PlaybackTrace][JS][resume:call]'
08-22 17:16:12.676 I/MpvBridgeModule(17565): [PlaybackTrace][Bridge][play] ptr=131217388352464
08-22 17:16:12.678 I/MpvJNI  (17565): [PlaybackTrace][Native][play] pause=no result=0
08-22 17:16:12.678 I/MpvEvent(17565): [PlaybackTrace][Native][eventLoop] event_id=2 error=0
08-22 17:16:12.678 I/MpvEvent(17565): [PlaybackTrace][Native][mpv-log] prefix=cplayer level=v text=Set property: pause="no" -> 1
08-22 17:16:12.678 I/MpvBridgeModule(17565): [PlaybackTrace][Bridge][play] nativePlay returned
08-22 17:16:12.678 D/mpv     (17565): [cplayer] v: Set property: pause="no" -> 1
08-22 17:16:12.977 I/MpvJNI  (17565): [PlaybackTrace][Native][getDuration] result=-10 duration=0.000000
08-22 17:16:12.977 D/MpvBridgeModule(17565): [PlaybackTrace][Bridge][getDuration] ptr=131217388352464 duration=0.0
08-22 17:16:13.216 I/MpvEvent(17565): [PlaybackTrace][Native][eventLoop] event_id=2 error=0
08-22 17:16:13.229 I/MpvEvent(17565): [PlaybackTrace][Native][mpv-log] prefix=ffmpeg level=v text=Mime-type: 'audio/mpeg'
08-22 17:16:13.229 D/mpv     (17565): [ffmpeg] v: Mime-type: 'audio/mpeg'
08-22 17:16:13.229 I/MpvEvent(17565): [PlaybackTrace][Native][eventLoop] event_id=2 error=0
08-22 17:16:13.229 I/MpvEvent(17565): [PlaybackTrace][Native][mpv-log] prefix=demux level=v text=Trying demuxers for level=normal.
08-22 17:16:13.232 I/MpvJNI  (17565): [PlaybackTrace][Native][getPosition] result=-10 position=0.000000
08-22 17:16:13.232 D/MpvBridgeModule(17565): [PlaybackTrace][Bridge][getPosition] ptr=131217388352464 position=0.0
08-22 17:16:13.236 I/MpvJNI  (17565): [PlaybackTrace][Native][getDuration] result=-10 duration=0.000000
08-22 17:16:13.237 D/MpvBridgeModule(17565): [PlaybackTrace][Bridge][getDuration] ptr=131217388352464 duration=0.0
08-22 17:16:13.237 D/MpvBridgeModule(17565): [PlaybackTrace][Bridge][getPlaybackState] ptr=131217388352464 state=playing idle=false eof=false pause=false
08-22 17:16:13.245 I/MpvJNI  (17565): [PlaybackTrace][Native][getDuration] result=-10 duration=0.000000
08-22 17:16:13.245 D/MpvBridgeModule(17565): [PlaybackTrace][Bridge][getDuration] ptr=131217388352464 duration=0.0
08-22 17:16:13.293 I/MpvEvent(17565): [PlaybackTrace][Native][eventLoop] event_id=2 error=0
08-22 17:16:13.293 I/MpvEvent(17565): [PlaybackTrace][Native][mpv-log] prefix=lavf level=v text=Found 'mp3' at score=24 size=2048.
08-22 17:16:13.430 I/MpvEvent(17565): [PlaybackTrace][Native][eventLoop] event_id=2 error=0
08-22 17:16:13.430 I/MpvEvent(17565): [PlaybackTrace][Native][mpv-log] prefix=lavf level=v text=avformat_find_stream_info() finished after 32275 bytes.
08-22 17:16:13.430 I/MpvEvent(17565): [PlaybackTrace][Native][eventLoop] event_id=2 error=0
08-22 17:16:13.430 I/MpvEvent(17565): [PlaybackTrace][Native][mpv-log] prefix=lavf level=v text=Assuming this is an image format.
08-22 17:16:13.430 I/MpvEvent(17565): [PlaybackTrace][Native][eventLoop] event_id=2 error=0
08-22 17:16:13.430 I/MpvEvent(17565): [PlaybackTrace][Native][mpv-log] prefix=demux level=v text=Detected file format: mp3 (libavformat)
08-22 17:16:13.430 I/MpvEvent(17565): [PlaybackTrace][Native][eventLoop] event_id=2 error=0
08-22 17:16:13.430 I/MpvEvent(17565): [PlaybackTrace][Native][mpv-log] prefix=cplayer level=v text=Opening done: https://prod-1.storage.jamendo.com/?trackid=1593988&format=mp31&from=%2FV3E9Qwm8kkOD6hbkNYXkg%3D%3D%7CMJJdmScXeWFhFQqasgwXjQ%3D%3D
08-22 17:16:13.430 D/mpv     (17565): [cplayer] v: Opening done: https://prod-1.storage.jamendo.com/?trackid=1593988&format=mp31&from=%2FV3E9Qwm8kkOD6hbkNYXkg%3D%3D%7CMJJdmScXeWFhFQqasgwXjQ%3D%3D
08-22 17:16:13.434 I/MpvEvent(17565): [PlaybackTrace][Native][eventLoop] event_id=2 error=0
08-22 17:16:13.434 I/MpvEvent(17565): [PlaybackTrace][Native][mpv-log] prefix=cplayer level=v text=Running hook: auto_profiles/on_preloaded
08-22 17:16:13.434 D/mpv     (17565): [cplayer] v: Running hook: auto_profiles/on_preloaded
08-22 17:16:13.434 I/MpvEvent(17565): [PlaybackTrace][Native][eventLoop] event_id=2 error=0
08-22 17:16:13.434 I/MpvEvent(17565): [PlaybackTrace][Native][mpv-log] prefix=cplayer level=v text=Failed sending hook command auto_profiles/on_preloaded. Removing hook.
08-22 17:16:13.434 D/mpv     (17565): [cplayer] v: Failed sending hook command auto_profiles/on_preloaded. Removing hook.
08-22 17:16:13.434 I/MpvEvent(17565): [PlaybackTrace][Native][eventLoop] event_id=2 error=0
08-22 17:16:13.434 I/MpvEvent(17565): [PlaybackTrace][Native][mpv-log] prefix=cplayer level=v text=Running hook: ytdl_hook/on_preloaded
08-22 17:16:13.434 D/mpv     (17565): [cplayer] v: Running hook: ytdl_hook/on_preloaded
08-22 17:16:13.436 I/MpvEvent(17565): [PlaybackTrace][Native][eventLoop] event_id=2 error=0
08-22 17:16:13.436 I/MpvEvent(17565): [PlaybackTrace][Native][mpv-log] prefix=cplayer level=v text=Running hook: auto_profiles/on_loaded
08-22 17:16:13.436 D/mpv     (17565): [cplayer] v: Running hook: auto_profiles/on_loaded
08-22 17:16:13.436 I/MpvEvent(17565): [PlaybackTrace][Native][eventLoop] event_id=2 error=0
08-22 17:16:13.436 I/MpvEvent(17565): [PlaybackTrace][Native][mpv-log] prefix=cplayer level=v text=Failed sending hook command auto_profiles/on_loaded. Removing hook.
08-22 17:16:13.436 D/mpv     (17565): [cplayer] v: Failed sending hook command auto_profiles/on_loaded. Removing hook.
08-22 17:16:13.436 I/MpvEvent(17565): [PlaybackTrace][Native][eventLoop] event_id=2 error=0
08-22 17:16:13.436 I/MpvEvent(17565): [PlaybackTrace][Native][mpv-log] prefix=lavf level=v text=select track 1
08-22 17:16:13.436 I/MpvEvent(17565): [PlaybackTrace][Native][eventLoop] event_id=2 error=0
08-22 17:16:13.436 I/MpvEvent(17565): [PlaybackTrace][Native][mpv-log] prefix=lavf level=v text=select track 0
08-22 17:16:13.436 I/MpvEvent(17565): [PlaybackTrace][Native][eventLoop] event_id=2 error=0
08-22 17:16:13.436 I/MpvEvent(17565): [PlaybackTrace][Native][mpv-log] prefix=cplayer level=info text=ΓùÅ Image  --vid=1  'Cover Image' (mjpeg [Baseline] 400x400)
08-22 17:16:13.436 D/mpv     (17565): [cplayer] info: ΓùÅ Image  --vid=1  'Cover Image' (mjpeg [Baseline] 400x400)
08-22 17:16:13.436 I/MpvEvent(17565): [PlaybackTrace][Native][eventLoop] event_id=2 error=0
08-22 17:16:13.436 I/MpvEvent(17565): [PlaybackTrace][Native][mpv-log] prefix=cplayer level=info text=ΓùÅ Audio  --aid=1  (mp3 2ch 44100 Hz 96 kbps)
08-22 17:16:13.436 D/mpv     (17565): [cplayer] info: ΓùÅ Audio  --aid=1  (mp3 2ch 44100 Hz 96 kbps)
08-22 17:16:13.436 I/MpvEvent(17565): [PlaybackTrace][Native][eventLoop] event_id=2 error=0
08-22 17:16:13.436 I/MpvEvent(17565): [PlaybackTrace][Native][mpv-log] prefix=display-tags level=info text=File tags:
08-22 17:16:13.436 I/MpvEvent(17565): [PlaybackTrace][Native][eventLoop] event_id=2 error=0
08-22 17:16:13.436 I/MpvEvent(17565): [PlaybackTrace][Native][mpv-log] prefix=display-tags level=info text= Artist: Joystock
08-22 17:16:13.436 I/MpvEvent(17565): [PlaybackTrace][Native][eventLoop] event_id=2 error=0
08-22 17:16:13.436 I/MpvEvent(17565): [PlaybackTrace][Native][mpv-log] prefix=display-tags level=info text= Comment: http://www.jamendo.com cc_standard
08-22 17:16:13.436 I/MpvEvent(17565): [PlaybackTrace][Native][eventLoop] event_id=2 error=0
08-22 17:16:13.436 I/MpvEvent(17565): [PlaybackTrace][Native][mpv-log] prefix=display-tags level=info text= Composer: Joystock
08-22 17:16:13.436 I/MpvEvent(17565): [PlaybackTrace][Native][eventLoop] event_id=2 error=0
08-22 17:16:13.436 I/MpvEvent(17565): [PlaybackTrace][Native][mpv-log] prefix=display-tags level=info text= Date: 2018
08-22 17:16:13.436 I/MpvEvent(17565): [PlaybackTrace][Native][eventLoop] event_id=2 error=0
08-22 17:16:13.436 I/MpvEvent(17565): [PlaybackTrace][Native][mpv-log] prefix=display-tags level=info text= Genre: chillhop
08-22 17:16:13.436 I/MpvEvent(17565): [PlaybackTrace][Native][eventLoop] event_id=2 error=0
08-22 17:16:13.436 I/MpvEvent(17565): [PlaybackTrace][Native][mpv-log] prefix=display-tags level=info text= Title: Lofi Chillout Hip Hop Beat
08-22 17:16:13.436 I/MpvEvent(17565): [PlaybackTrace][Native][eventLoop] event_id=2 error=0
08-22 17:16:13.436 I/MpvEvent(17565): [PlaybackTrace][Native][mpv-log] prefix=display-tags level=info text= Track: 62
08-22 17:16:13.438 I/MpvEvent(17565): [PlaybackTrace][Native][eventLoop] event_id=2 error=0
08-22 17:16:13.438 I/MpvEvent(17565): [PlaybackTrace][Native][mpv-log] prefix=vd level=v text=Container reported FPS: 1.000000
08-22 17:16:13.438 I/MpvEvent(17565): [PlaybackTrace][Native][eventLoop] event_id=2 error=0
08-22 17:16:13.438 I/MpvEvent(17565): [PlaybackTrace][Native][mpv-log] prefix=vd level=v text=Codec list:
08-22 17:16:13.438 I/MpvEvent(17565): [PlaybackTrace][Native][eventLoop] event_id=2 error=0
08-22 17:16:13.438 I/MpvEvent(17565): [PlaybackTrace][Native][mpv-log] prefix=vd level=v text=    mjpeg - MJPEG (Motion JPEG)
08-22 17:16:13.438 I/MpvEvent(17565): [PlaybackTrace][Native][eventLoop] event_id=2 error=0
08-22 17:16:13.438 I/MpvEvent(17565): [PlaybackTrace][Native][mpv-log] prefix=vd level=v text=Opening decoder mjpeg
08-22 17:16:13.438 I/MpvEvent(17565): [PlaybackTrace][Native][eventLoop] event_id=18 error=0
08-22 17:16:13.438 I/MpvEvent(17565): [PlaybackTrace][Native][eventLoop] MPV_EVENT_AUDIO_RECONFIG
08-22 17:16:13.438 I/MpvEvent(17565): [PlaybackTrace][Native][dispatch:event] name=audioReconfig payload={}
08-22 17:16:13.441 I/MpvBridgeModule(17565): [PlaybackTrace][Bridge][listener:event] name=audioReconfig payload={}
08-22 17:16:13.441 I/MpvEvent(17565): [PlaybackTrace][Native][eventLoop] event_id=18 error=0
08-22 17:16:13.441 I/MpvEvent(17565): [PlaybackTrace][Native][eventLoop] MPV_EVENT_AUDIO_RECONFIG
08-22 17:16:13.441 I/MpvEvent(17565): [PlaybackTrace][Native][dispatch:event] name=audioReconfig payload={}
08-22 17:16:13.442 I/MpvBridgeModule(17565): [PlaybackTrace][Bridge][listener:event] name=audioReconfig payload={}
08-22 17:16:13.443 I/MpvEvent(17565): [PlaybackTrace][Native][eventLoop] event_id=8 error=0
08-22 17:16:13.443 I/MpvEvent(17565): MPV_EVENT_FILE_LOADED
08-22 17:16:13.443 I/MpvEvent(17565): [PlaybackTrace][Native][dispatch:event] name=fileLoaded payload={}
08-22 17:16:13.444 D/MPVLib  (17565): onNativeEvent: fileLoaded {}
08-22 17:16:13.444 I/MpvBridgeModule(17565): [PlaybackTrace][Bridge][listener:event] name=fileLoaded payload={}
08-22 17:16:13.445 I/MpvEvent(17565): [PlaybackTrace][Native][eventLoop] event_id=17 error=0
08-22 17:16:13.445 I/MpvEvent(17565): MPV_EVENT_VIDEO_RECONFIG
08-22 17:16:13.445 I/MpvEvent(17565): [PlaybackTrace][Native][dispatch:event] name=videoReconfig payload={}
08-22 17:16:13.446 I/MpvBridgeModule(17565): [PlaybackTrace][Bridge][listener:event] name=videoReconfig payload={}
08-22 17:16:13.446 I/MpvEvent(17565): [PlaybackTrace][Native][eventLoop] event_id=22 error=0
08-22 17:16:13.447 I/MpvEvent(17565): [PlaybackTrace][Native][property] name=seekable format=6 value=null
08-22 17:16:13.447 I/MpvEvent(17565): [PlaybackTrace][Native][dispatch:property] name=seekable value=null
08-22 17:16:13.447 I/MpvBridgeModule(17565): [PlaybackTrace][Bridge][listener:property] name=seekable value=null
08-22 17:16:13.459 I/MpvEvent(17565): [PlaybackTrace][Native][eventLoop] event_id=2 error=0
08-22 17:16:13.459 I/MpvEvent(17565): [PlaybackTrace][Native][mpv-log] prefix=vd level=v text=Not trying to use hardware decoding: codec mjpeg is not on whitelist.
08-22 17:16:13.459 I/MpvEvent(17565): [PlaybackTrace][Native][eventLoop] event_id=2 error=0
08-22 17:16:13.459 I/MpvEvent(17565): [PlaybackTrace][Native][mpv-log] prefix=vd level=v text=Using software decoding.
08-22 17:16:13.459 I/MpvEvent(17565): [PlaybackTrace][Native][eventLoop] event_id=2 error=0
08-22 17:16:13.460 I/MpvEvent(17565): [PlaybackTrace][Native][mpv-log] prefix=vd level=v text=Detected 4 logical cores.
08-22 17:16:13.460 I/MpvEvent(17565): [PlaybackTrace][Native][eventLoop] event_id=2 error=0
08-22 17:16:13.460 I/MpvEvent(17565): [PlaybackTrace][Native][mpv-log] prefix=vd level=v text=Requesting 5 threads for decoding.
08-22 17:16:13.460 I/MpvEvent(17565): [PlaybackTrace][Native][eventLoop] event_id=2 error=0
08-22 17:16:13.460 I/MpvEvent(17565): [PlaybackTrace][Native][mpv-log] prefix=vd level=v text=Selected decoder: mjpeg - MJPEG (Motion JPEG)
08-22 17:16:13.460 I/MpvEvent(17565): [PlaybackTrace][Native][eventLoop] event_id=2 error=0
08-22 17:16:13.460 I/MpvEvent(17565): [PlaybackTrace][Native][mpv-log] prefix=vf level=v text=User filter list:
08-22 17:16:13.460 I/MpvEvent(17565): [PlaybackTrace][Native][eventLoop] event_id=2 error=0
08-22 17:16:13.460 I/MpvEvent(17565): [PlaybackTrace][Native][mpv-log] prefix=vf level=v text=  (empty)
08-22 17:16:13.460 I/MpvEvent(17565): [PlaybackTrace][Native][eventLoop] event_id=2 error=0
08-22 17:16:13.460 I/MpvEvent(17565): [PlaybackTrace][Native][mpv-log] prefix=ad level=v text=Codec list:
08-22 17:16:13.460 I/MpvEvent(17565): [PlaybackTrace][Native][eventLoop] event_id=2 error=0
08-22 17:16:13.460 I/MpvEvent(17565): [PlaybackTrace][Native][mpv-log] prefix=ad level=v text=    mp3float (mp3) - MP3 (MPEG audio layer 3)
08-22 17:16:13.460 I/MpvEvent(17565): [PlaybackTrace][Native][eventLoop] event_id=2 error=0
08-22 17:16:13.460 I/MpvEvent(17565): [PlaybackTrace][Native][mpv-log] prefix=ad level=v text=    mp3 - MP3 (MPEG audio layer 3)
08-22 17:16:13.460 I/MpvEvent(17565): [PlaybackTrace][Native][eventLoop] event_id=2 error=0
08-22 17:16:13.460 I/MpvEvent(17565): [PlaybackTrace][Native][mpv-log] prefix=ad level=v text=    mp3_mediacodec (mp3) - MP3 Android MediaCodec decoder
08-22 17:16:13.460 I/MpvEvent(17565): [PlaybackTrace][Native][eventLoop] event_id=2 error=0
08-22 17:16:13.461 I/MpvEvent(17565): [PlaybackTrace][Native][mpv-log] prefix=ad level=v text=Opening decoder mp3float
08-22 17:16:13.461 I/MpvEvent(17565): [PlaybackTrace][Native][eventLoop] event_id=2 error=0
08-22 17:16:13.461 I/MpvEvent(17565): [PlaybackTrace][Native][mpv-log] prefix=ad level=v text=Requesting 1 threads for decoding.
08-22 17:16:13.461 I/MpvEvent(17565): [PlaybackTrace][Native][eventLoop] event_id=2 error=0
08-22 17:16:13.461 I/MpvEvent(17565): [PlaybackTrace][Native][mpv-log] prefix=ad level=v text=Selected decoder: mp3float - MP3 (MPEG audio layer 3)
08-22 17:16:13.461 I/MpvEvent(17565): [PlaybackTrace][Native][eventLoop] event_id=2 error=0
08-22 17:16:13.461 I/MpvEvent(17565): [PlaybackTrace][Native][mpv-log] prefix=af level=v text=User filter list:
08-22 17:16:13.461 I/MpvEvent(17565): [PlaybackTrace][Native][eventLoop] event_id=2 error=0
08-22 17:16:13.461 I/MpvEvent(17565): [PlaybackTrace][Native][mpv-log] prefix=af level=v text=  (empty)
08-22 17:16:13.462 I/MpvEvent(17565): [PlaybackTrace][Native][eventLoop] event_id=2 error=0
08-22 17:16:13.463 I/MpvEvent(17565): [PlaybackTrace][Native][mpv-log] prefix=cplayer level=info text=Displaying cover art. Use --no-audio-display to prevent this.
08-22 17:16:13.463 D/mpv     (17565): [cplayer] info: Displaying cover art. Use --no-audio-display to prevent this.
08-22 17:16:13.463 I/MpvEvent(17565): [PlaybackTrace][Native][eventLoop] event_id=2 error=0
08-22 17:16:13.464 I/MpvEvent(17565): [PlaybackTrace][Native][mpv-log] prefix=cplayer level=v text=Starting playback...
08-22 17:16:13.464 D/mpv     (17565): [cplayer] v: Starting playback...
08-22 17:16:13.466 I/MpvEvent(17565): [PlaybackTrace][Native][eventLoop] event_id=2 error=0
08-22 17:16:13.466 I/MpvEvent(17565): [PlaybackTrace][Native][mpv-log] prefix=vd level=v text=DR failed - disabling.
08-22 17:16:13.466 I/MpvEvent(17565): [PlaybackTrace][Native][eventLoop] event_id=2 error=0
08-22 17:16:13.466 I/MpvEvent(17565): [PlaybackTrace][Native][mpv-log] prefix=ffmpeg/video level=error text=mjpeg: overread 8
08-22 17:16:13.466 E/MpvEvent(17565): [PlaybackTrace][Native][dispatch:error] code=-1 message=mjpeg: overread 8
08-22 17:16:13.466 E/MpvBridgeModule(17565): [PlaybackTrace][Bridge][listener:error] code=-1 message=mjpeg: overread 8
08-22 17:16:13.468 I/MpvEvent(17565): [PlaybackTrace][Native][eventLoop] event_id=2 error=0
08-22 17:16:13.468 I/MpvEvent(17565): [PlaybackTrace][Native][mpv-log] prefix=ffmpeg/video level=warn text=mjpeg: EOI missing, emulating
08-22 17:16:13.469 I/MpvEvent(17565): [PlaybackTrace][Native][eventLoop] event_id=2 error=0
08-22 17:16:13.469 I/MpvEvent(17565): [PlaybackTrace][Native][mpv-log] prefix=vd level=v text=Using software decoding.
08-22 17:16:13.470 I/MpvEvent(17565): [PlaybackTrace][Native][eventLoop] event_id=2 error=0
08-22 17:16:13.470 I/MpvEvent(17565): [PlaybackTrace][Native][mpv-log] prefix=vd level=v text=Decoder format: 400x400 yuv420p bt.601/auto/auto/full/auto CL=mpeg1/jpeg crop=400x400+0+0 A=none
08-22 17:16:13.470 I/MpvEvent(17565): [PlaybackTrace][Native][eventLoop] event_id=2 error=0
08-22 17:16:13.470 I/MpvEvent(17565): [PlaybackTrace][Native][mpv-log] prefix=vf level=v text=[in] 400x400 yuv420p bt.601/bt.709/srgb/full/display CL=mpeg1/jpeg crop=400x400+0+0 A=none
08-22 17:16:13.470 I/MpvEvent(17565): [PlaybackTrace][Native][eventLoop] event_id=2 error=0
08-22 17:16:13.471 I/MpvEvent(17565): [PlaybackTrace][Native][mpv-log] prefix=vf level=v text=[userdeint] 400x400 yuv420p bt.601/bt.709/srgb/full/display CL=mpeg1/jpeg crop=400x400+0+0 A=none
08-22 17:16:13.472 I/MpvEvent(17565): [PlaybackTrace][Native][eventLoop] event_id=2 error=0
08-22 17:16:13.473 I/MpvEvent(17565): [PlaybackTrace][Native][mpv-log] prefix=vf level=v text=[userdeint] (disabled)
08-22 17:16:13.473 I/MpvEvent(17565): [PlaybackTrace][Native][eventLoop] event_id=2 error=0
08-22 17:16:13.473 I/MpvEvent(17565): [PlaybackTrace][Native][mpv-log] prefix=vf level=v text=[autovflip] 400x400 yuv420p bt.601/bt.709/srgb/full/display CL=mpeg1/jpeg crop=400x400+0+0 A=none
08-22 17:16:13.473 I/MpvEvent(17565): [PlaybackTrace][Native][eventLoop] event_id=2 error=0
08-22 17:16:13.474 I/MpvEvent(17565): [PlaybackTrace][Native][mpv-log] prefix=vf level=v text=[autovflip] (disabled)
08-22 17:16:13.474 I/MpvEvent(17565): [PlaybackTrace][Native][eventLoop] event_id=2 error=0
08-22 17:16:13.474 I/MpvEvent(17565): [PlaybackTrace][Native][mpv-log] prefix=vf level=v text=[autorotate] 400x400 yuv420p bt.601/bt.709/srgb/full/display CL=mpeg1/jpeg crop=400x400+0+0 A=none
08-22 17:16:13.474 I/MpvEvent(17565): [PlaybackTrace][Native][eventLoop] event_id=2 error=0
08-22 17:16:13.474 I/MpvEvent(17565): [PlaybackTrace][Native][mpv-log] prefix=vf level=v text=[autorotate] (disabled)
08-22 17:16:13.474 I/MpvEvent(17565): [PlaybackTrace][Native][eventLoop] event_id=2 error=0
08-22 17:16:13.474 I/MpvEvent(17565): [PlaybackTrace][Native][mpv-log] prefix=vf level=v text=[convert] 400x400 yuv420p bt.601/bt.709/srgb/full/display CL=mpeg1/jpeg crop=400x400+0+0 A=none
08-22 17:16:13.475 I/MpvEvent(17565): [PlaybackTrace][Native][eventLoop] event_id=2 error=0
08-22 17:16:13.475 I/MpvEvent(17565): [PlaybackTrace][Native][mpv-log] prefix=vf level=v text=[convert] (disabled)
08-22 17:16:13.475 I/MpvEvent(17565): [PlaybackTrace][Native][eventLoop] event_id=2 error=0
08-22 17:16:13.475 I/MpvEvent(17565): [PlaybackTrace][Native][mpv-log] prefix=vf level=v text=[out] 400x400 yuv420p bt.601/bt.709/srgb/full/display CL=mpeg1/jpeg crop=400x400+0+0 A=none
08-22 17:16:13.475 I/MpvEvent(17565): [PlaybackTrace][Native][eventLoop] event_id=2 error=0
08-22 17:16:13.475 I/MpvEvent(17565): [PlaybackTrace][Native][mpv-log] prefix=af level=v text=[in] 44100Hz stereo 2ch floatp
08-22 17:16:13.475 I/MpvEvent(17565): [PlaybackTrace][Native][eventLoop] event_id=2 error=0
08-22 17:16:13.475 I/MpvEvent(17565): [PlaybackTrace][Native][mpv-log] prefix=af level=v text=[userspeed] 44100Hz stereo 2ch floatp
08-22 17:16:13.475 I/MpvEvent(17565): [PlaybackTrace][Native][eventLoop] event_id=2 error=0
08-22 17:16:13.475 I/MpvEvent(17565): [PlaybackTrace][Native][mpv-log] prefix=af level=v text=[userspeed] (disabled)
08-22 17:16:13.475 I/MpvEvent(17565): [PlaybackTrace][Native][eventLoop] event_id=2 error=0
08-22 17:16:13.475 I/MpvEvent(17565): [PlaybackTrace][Native][mpv-log] prefix=af level=v text=[convert] 44100Hz stereo 2ch floatp
08-22 17:16:13.475 I/MpvEvent(17565): [PlaybackTrace][Native][eventLoop] event_id=2 error=0
08-22 17:16:13.476 I/MpvEvent(17565): [PlaybackTrace][Native][mpv-log] prefix=cplayer level=info text=VO: [null] 400x400 yuv420p
08-22 17:16:13.476 D/mpv     (17565): [cplayer] info: VO: [null] 400x400 yuv420p
08-22 17:16:13.476 I/MpvEvent(17565): [PlaybackTrace][Native][eventLoop] event_id=2 error=0
08-22 17:16:13.476 I/MpvEvent(17565): [PlaybackTrace][Native][mpv-log] prefix=cplayer level=v text=VO: Description: Null video output
08-22 17:16:13.476 D/mpv     (17565): [cplayer] v: VO: Description: Null video output
08-22 17:16:13.477 I/MpvEvent(17565): [PlaybackTrace][Native][eventLoop] event_id=2 error=0
08-22 17:16:13.477 I/MpvEvent(17565): [PlaybackTrace][Native][mpv-log] prefix=vo/null level=v text=reconfig to 400x400 yuv420p bt.601/bt.709/srgb/full/display CL=mpeg1/jpeg crop=400x400+0+0 A=none
08-22 17:16:13.478 I/MpvEvent(17565): [PlaybackTrace][Native][eventLoop] event_id=2 error=0
08-22 17:16:13.482 I/MpvEvent(17565): [PlaybackTrace][Native][mpv-log] prefix=cplayer level=v text=first video frame after restart shown
08-22 17:16:13.482 D/mpv     (17565): [cplayer] v: first video frame after restart shown
08-22 17:16:13.482 I/MpvEvent(17565): [PlaybackTrace][Native][eventLoop] event_id=2 error=0
08-22 17:16:13.485 I/MpvEvent(17565): [PlaybackTrace][Native][mpv-log] prefix=ao level=v text=Trying audio driver 'audiotrack'
08-22 17:16:13.488 I/MpvEvent(17565): [PlaybackTrace][Native][eventLoop] event_id=2 error=0
08-22 17:16:13.488 I/MpvEvent(17565): [PlaybackTrace][Native][mpv-log] prefix=ao/audiotrack level=v text=requested format: 44100 Hz, stereo channels, floatp
08-22 17:16:13.488 D/mpv     (17565): [ao/audiotrack] v: requested format: 44100 Hz, stereo channels, floatp
08-22 17:16:13.547 I/MpvEvent(17565): [PlaybackTrace][Native][eventLoop] event_id=2 error=0
08-22 17:16:13.549 I/MpvEvent(17565): [PlaybackTrace][Native][mpv-log] prefix=ao/audiotrack level=v text=AudioTrack.nativeOutputSampleRate = 48000
08-22 17:16:13.549 D/mpv     (17565): [ao/audiotrack] v: AudioTrack.nativeOutputSampleRate = 48000
08-22 17:16:13.550 I/MpvEvent(17565): [PlaybackTrace][Native][eventLoop] event_id=2 error=0
08-22 17:16:13.550 I/MpvEvent(17565): [PlaybackTrace][Native][mpv-log] prefix=ao/audiotrack level=v text=Channel layouts:
08-22 17:16:13.550 D/mpv     (17565): [ao/audiotrack] v: Channel layouts:
08-22 17:16:13.550 I/MpvEvent(17565): [PlaybackTrace][Native][eventLoop] event_id=2 error=0
08-22 17:16:13.550 I/MpvEvent(17565): [PlaybackTrace][Native][mpv-log] prefix=ao/audiotrack level=v text= - mono
08-22 17:16:13.550 D/mpv     (17565): [ao/audiotrack] v:  - mono
08-22 17:16:13.550 I/MpvEvent(17565): [PlaybackTrace][Native][eventLoop] event_id=2 error=0
08-22 17:16:13.554 I/MpvEvent(17565): [PlaybackTrace][Native][mpv-log] prefix=ao/audiotrack level=v text= - stereo
08-22 17:16:13.554 D/mpv     (17565): [ao/audiotrack] v:  - stereo
08-22 17:16:13.554 I/MpvEvent(17565): [PlaybackTrace][Native][eventLoop] event_id=2 error=0
08-22 17:16:13.556 I/MpvEvent(17565): [PlaybackTrace][Native][mpv-log] prefix=ao/audiotrack level=v text= - 3.0
08-22 17:16:13.556 D/mpv     (17565): [ao/audiotrack] v:  - 3.0
08-22 17:16:13.556 I/MpvEvent(17565): [PlaybackTrace][Native][eventLoop] event_id=2 error=0
08-22 17:16:13.556 I/MpvEvent(17565): [PlaybackTrace][Native][mpv-log] prefix=ao/audiotrack level=v text= - quad
08-22 17:16:13.556 D/mpv     (17565): [ao/audiotrack] v:  - quad
08-22 17:16:13.556 I/MpvEvent(17565): [PlaybackTrace][Native][eventLoop] event_id=2 error=0
08-22 17:16:13.556 I/MpvEvent(17565): [PlaybackTrace][Native][mpv-log] prefix=ao/audiotrack level=v text= - 5.0
08-22 17:16:13.557 D/mpv     (17565): [ao/audiotrack] v:  - 5.0
08-22 17:16:13.558 I/MpvEvent(17565): [PlaybackTrace][Native][eventLoop] event_id=2 error=0
08-22 17:16:13.558 I/MpvEvent(17565): [PlaybackTrace][Native][mpv-log] prefix=ao/audiotrack level=v text= - 5.1
08-22 17:16:13.558 D/mpv     (17565): [ao/audiotrack] v:  - 5.1
08-22 17:16:13.558 I/MpvEvent(17565): [PlaybackTrace][Native][eventLoop] event_id=2 error=0
08-22 17:16:13.558 I/MpvEvent(17565): [PlaybackTrace][Native][mpv-log] prefix=ao/audiotrack level=v text= - 6.1(back)
08-22 17:16:13.558 D/mpv     (17565): [ao/audiotrack] v:  - 6.1(back)
08-22 17:16:13.558 I/MpvEvent(17565): [PlaybackTrace][Native][eventLoop] event_id=2 error=0
08-22 17:16:13.558 I/MpvEvent(17565): [PlaybackTrace][Native][mpv-log] prefix=ao/audiotrack level=v text= - 7.1
08-22 17:16:13.559 D/mpv     (17565): [ao/audiotrack] v:  - 7.1
08-22 17:16:13.559 I/MpvEvent(17565): [PlaybackTrace][Native][eventLoop] event_id=2 error=0
08-22 17:16:13.559 I/MpvEvent(17565): [PlaybackTrace][Native][mpv-log] prefix=ao/audiotrack level=v text=result: stereo
08-22 17:16:13.559 D/mpv     (17565): [ao/audiotrack] v: result: stereo
08-22 17:16:13.576 I/MpvEvent(17565): [PlaybackTrace][Native][eventLoop] event_id=2 error=0
08-22 17:16:13.577 I/MpvEvent(17565): [PlaybackTrace][Native][mpv-log] prefix=ao/audiotrack level=v text=Setting bufferSize = 52920 (driver=32096, min=26460, max=52920)
08-22 17:16:13.577 D/mpv     (17565): [ao/audiotrack] v: Setting bufferSize = 52920 (driver=32096, min=26460, max=52920)
08-22 17:16:13.580 I/MpvEvent(17565): [PlaybackTrace][Native][eventLoop] event_id=2 error=0
08-22 17:16:13.580 I/MpvEvent(17565): [PlaybackTrace][Native][mpv-log] prefix=ao/audiotrack level=v text=Using NIO ByteBuffer
08-22 17:16:13.580 D/mpv     (17565): [ao/audiotrack] v: Using NIO ByteBuffer
08-22 17:16:13.580 I/MpvEvent(17565): [PlaybackTrace][Native][eventLoop] event_id=2 error=0
08-22 17:16:13.580 I/MpvEvent(17565): [PlaybackTrace][Native][mpv-log] prefix=ao/audiotrack level=v text=Using API21 initializer
08-22 17:16:13.580 D/mpv     (17565): [ao/audiotrack] v: Using API21 initializer
08-22 17:16:13.723 I/ReactNativeJS(17565): '[INFO]', '[PlaybackTrace][Controller][event:onFileLoaded]', { fileUri: 'https://prod-1.storage.jamendo.com/?trackid=1593988&format=mp31&from=%2FV3E9Qwm8kkOD6hbkNYXkg%3D%3D%7CMJJdmScXeWFhFQqasgwXjQ%3D%3D',
08-22 17:16:13.725 I/ReactNativeJS(17565): '[INFO]', '[PlaybackTrace][Controller][onFileLoaded:resume]'
08-22 17:16:13.725 I/ReactNativeJS(17565): '[INFO]', '[PlaybackTrace][JS][resume:call]'
08-22 17:16:13.727 I/MpvBridgeModule(17565): [PlaybackTrace][Bridge][play] ptr=131217388352464
08-22 17:16:13.817 I/MpvEvent(17565): [PlaybackTrace][Native][eventLoop] event_id=2 error=0
08-22 17:16:13.818 I/MpvEvent(17565): [PlaybackTrace][Native][mpv-log] prefix=ao/audiotrack level=v text=AudioTrack.getBufferSizeInFrames = 6615
08-22 17:16:13.818 D/mpv     (17565): [ao/audiotrack] v: AudioTrack.getBufferSizeInFrames = 6615
08-22 17:16:13.818 I/MpvEvent(17565): [PlaybackTrace][Native][eventLoop] event_id=2 error=0
08-22 17:16:13.818 I/MpvEvent(17565): [PlaybackTrace][Native][mpv-log] prefix=ao/audiotrack level=v text=device buffer: 6615 samples.
08-22 17:16:13.818 D/mpv     (17565): [ao/audiotrack] v: device buffer: 6615 samples.
08-22 17:16:13.818 I/MpvEvent(17565): [PlaybackTrace][Native][eventLoop] event_id=2 error=0
08-22 17:16:13.818 I/MpvEvent(17565): [PlaybackTrace][Native][mpv-log] prefix=ao/audiotrack level=v text=using soft-buffer of 8820 samples.
08-22 17:16:13.818 D/mpv     (17565): [ao/audiotrack] v: using soft-buffer of 8820 samples.
08-22 17:16:13.818 I/MpvEvent(17565): [PlaybackTrace][Native][eventLoop] event_id=2 error=0
08-22 17:16:13.818 I/MpvEvent(17565): [PlaybackTrace][Native][mpv-log] prefix=cplayer level=info text=AO: [audiotrack] 44100Hz stereo 2ch float
08-22 17:16:13.818 D/mpv     (17565): [cplayer] info: AO: [audiotrack] 44100Hz stereo 2ch float
08-22 17:16:13.818 I/MpvEvent(17565): [PlaybackTrace][Native][eventLoop] event_id=2 error=0
08-22 17:16:13.818 I/MpvEvent(17565): [PlaybackTrace][Native][mpv-log] prefix=cplayer level=v text=AO: Description: Android AudioTrack audio output
08-22 17:16:13.818 D/mpv     (17565): [cplayer] v: AO: Description: Android AudioTrack audio output
08-22 17:16:13.843 I/MpvEvent(17565): [PlaybackTrace][Native][eventLoop] event_id=18 error=0
08-22 17:16:13.843 I/MpvEvent(17565): [PlaybackTrace][Native][eventLoop] MPV_EVENT_AUDIO_RECONFIG
08-22 17:16:13.843 I/MpvEvent(17565): [PlaybackTrace][Native][dispatch:event] name=audioReconfig payload={}
08-22 17:16:13.843 I/MpvBridgeModule(17565): [PlaybackTrace][Bridge][listener:event] name=audioReconfig payload={}
08-22 17:16:13.849 I/MpvEvent(17565): [PlaybackTrace][Native][eventLoop] event_id=17 error=0
08-22 17:16:13.850 I/MpvEvent(17565): MPV_EVENT_VIDEO_RECONFIG
08-22 17:16:13.850 I/MpvEvent(17565): [PlaybackTrace][Native][dispatch:event] name=videoReconfig payload={}
08-22 17:16:13.851 I/MpvBridgeModule(17565): [PlaybackTrace][Bridge][listener:event] name=videoReconfig payload={}
08-22 17:16:13.854 I/MpvEvent(17565): [PlaybackTrace][Native][eventLoop] event_id=2 error=0
08-22 17:16:13.854 I/MpvEvent(17565): [PlaybackTrace][Native][mpv-log] prefix=autoconvert level=v text=inserting resampler
08-22 17:16:13.854 I/MpvEvent(17565): [PlaybackTrace][Native][eventLoop] event_id=2 error=0
08-22 17:16:13.854 I/MpvEvent(17565): [PlaybackTrace][Native][mpv-log] prefix=swresample level=v text=format change, reinitializing resampler
08-22 17:16:13.854 I/MpvEvent(17565): [PlaybackTrace][Native][eventLoop] event_id=2 error=0
08-22 17:16:13.854 I/MpvEvent(17565): [PlaybackTrace][Native][mpv-log] prefix=swresample level=v text=44100Hz stereo floatp -> 44100Hz stereo float
08-22 17:16:13.854 I/MpvEvent(17565): [PlaybackTrace][Native][eventLoop] event_id=2 error=0
08-22 17:16:13.854 I/MpvEvent(17565): [PlaybackTrace][Native][mpv-log] prefix=af level=v text=[out] 44100Hz stereo 2ch float
08-22 17:16:13.879 I/MpvJNI  (17565): [PlaybackTrace][Native][getDuration] result=0 duration=149.696033
08-22 17:16:13.879 I/MpvJNI  (17565): [PlaybackTrace][Native][play] pause=no result=0
08-22 17:16:13.879 I/MpvBridgeModule(17565): [PlaybackTrace][Bridge][play] nativePlay returned
08-22 17:16:13.880 I/MpvEvent(17565): [PlaybackTrace][Native][eventLoop] event_id=2 error=0
08-22 17:16:13.880 I/MpvEvent(17565): [PlaybackTrace][Native][mpv-log] prefix=cplayer level=v text=Set property: pause="no" -> 1
08-22 17:16:13.880 D/mpv     (17565): [cplayer] v: Set property: pause="no" -> 1
08-22 17:16:13.880 I/MpvEvent(17565): [PlaybackTrace][Native][eventLoop] event_id=2 error=0
08-22 17:16:13.880 I/MpvEvent(17565): [PlaybackTrace][Native][mpv-log] prefix=cplayer level=v text=audio ready
08-22 17:16:13.880 D/mpv     (17565): [cplayer] v: audio ready
08-22 17:16:13.880 I/MpvEvent(17565): [PlaybackTrace][Native][eventLoop] event_id=2 error=0
08-22 17:16:13.880 I/MpvEvent(17565): [PlaybackTrace][Native][mpv-log] prefix=cplayer level=v text=starting audio playback
08-22 17:16:13.880 D/mpv     (17565): [cplayer] v: starting audio playback
08-22 17:16:13.882 D/MpvBridgeModule(17565): [PlaybackTrace][Bridge][getDuration] ptr=131217388352464 duration=149.69603333333333
08-22 17:16:13.948 I/MpvEvent(17565): [PlaybackTrace][Native][eventLoop] event_id=21 error=0
08-22 17:16:13.948 I/MpvEvent(17565): [PlaybackTrace][Native][eventLoop] MPV_EVENT_PLAYBACK_RESTART
08-22 17:16:13.948 I/MpvEvent(17565): [PlaybackTrace][Native][dispatch:event] name=playbackRestart payload={}
08-22 17:16:13.948 I/MpvBridgeModule(17565): [PlaybackTrace][Bridge][listener:event] name=playbackRestart payload={}
08-22 17:16:13.950 I/MpvEvent(17565): [PlaybackTrace][Native][eventLoop] event_id=22 error=0
08-22 17:16:13.950 I/MpvEvent(17565): [PlaybackTrace][Native][property] name=cache-buffering-state format=6 value=null
08-22 17:16:13.950 I/MpvEvent(17565): [PlaybackTrace][Native][dispatch:property] name=cache-buffering-state value=null
08-22 17:16:13.950 D/MPVLib  (17565): onNativePropertyChanged: cache-buffering-state = null
08-22 17:16:13.950 I/MpvBridgeModule(17565): [PlaybackTrace][Bridge][listener:property] name=cache-buffering-state value=null
08-22 17:16:13.951 I/MpvEvent(17565): [PlaybackTrace][Native][eventLoop] event_id=22 error=0
08-22 17:16:13.951 I/MpvEvent(17565): [PlaybackTrace][Native][property] name=paused-for-cache format=6 value=null
08-22 17:16:13.951 I/MpvEvent(17565): [PlaybackTrace][Native][dispatch:property] name=paused-for-cache value=null
08-22 17:16:13.951 D/MPVLib  (17565): onNativePropertyChanged: paused-for-cache = null
08-22 17:16:13.951 I/MpvBridgeModule(17565): [PlaybackTrace][Bridge][listener:property] name=paused-for-cache value=null
08-22 17:16:13.953 I/MpvEvent(17565): [PlaybackTrace][Native][eventLoop] event_id=22 error=0
08-22 17:16:13.953 I/MpvEvent(17565): [PlaybackTrace][Native][property] name=demuxer-cache-state format=6 value=null
08-22 17:16:13.953 I/MpvEvent(17565): [PlaybackTrace][Native][dispatch:property] name=demuxer-cache-state value=null
08-22 17:16:13.954 I/MpvBridgeModule(17565): [PlaybackTrace][Bridge][listener:property] name=demuxer-cache-state value=null
08-22 17:16:13.956 I/MpvEvent(17565): [PlaybackTrace][Native][eventLoop] event_id=2 error=0
08-22 17:16:13.956 I/MpvEvent(17565): [PlaybackTrace][Native][mpv-log] prefix=cplayer level=v text=playback restart complete @ 0.000001, audio=playing, video=eof
08-22 17:16:13.956 D/mpv     (17565): [cplayer] v: playback restart complete @ 0.000001, audio=playing, video=eof
08-22 17:16:13.956 I/MpvEvent(17565): [PlaybackTrace][Native][eventLoop] event_id=2 error=0
08-22 17:16:13.956 I/MpvEvent(17565): [PlaybackTrace][Native][mpv-log] prefix=cplayer level=warn text=Audio device underrun detected.
08-22 17:16:13.956 D/mpv     (17565): [cplayer] warn: Audio device underrun detected.
08-22 17:16:13.970 I/MpvEvent(17565): [PlaybackTrace][Native][eventLoop] event_id=2 error=0
08-22 17:16:13.970 I/MpvEvent(17565): [PlaybackTrace][Native][mpv-log] prefix=cplayer level=v text=restarting audio after underrun
08-22 17:16:13.970 D/mpv     (17565): [cplayer] v: restarting audio after underrun
08-22 17:16:14.122 I/MpvJNI  (17565): [PlaybackTrace][Native][getPosition] result=0 position=0.044927
08-22 17:16:14.122 D/MpvBridgeModule(17565): [PlaybackTrace][Bridge][getPosition] ptr=131217388352464 position=0.04492710209070272
08-22 17:16:14.123 I/MpvJNI  (17565): [PlaybackTrace][Native][getDuration] result=0 duration=149.696033
08-22 17:16:14.123 D/MpvBridgeModule(17565): [PlaybackTrace][Bridge][getDuration] ptr=131217388352464 duration=149.69603333333333
08-22 17:16:14.123 D/MpvBridgeModule(17565): [PlaybackTrace][Bridge][getPlaybackState] ptr=131217388352464 state=playing idle=false eof=false pause=false
08-22 17:16:14.134 I/MpvEvent(17565): [PlaybackTrace][Native][eventLoop] event_id=22 error=0
08-22 17:16:14.141 I/MpvEvent(17565): [PlaybackTrace][Native][property] name=demuxer-cache-state format=6 value=null
08-22 17:16:14.141 I/MpvEvent(17565): [PlaybackTrace][Native][dispatch:property] name=demuxer-cache-state value=null
08-22 17:16:14.141 I/MpvBridgeModule(17565): [PlaybackTrace][Bridge][listener:property] name=demuxer-cache-state value=null
08-22 17:16:14.168 I/MpvJNI  (17565): [PlaybackTrace][Native][getDuration] result=0 duration=149.696033
08-22 17:16:14.168 D/MpvBridgeModule(17565): [PlaybackTrace][Bridge][getDuration] ptr=131217388352464 duration=149.69603333333333
08-22 17:16:14.385 I/MpvEvent(17565): [PlaybackTrace][Native][eventLoop] event_id=22 error=0
08-22 17:16:14.385 I/MpvEvent(17565): [PlaybackTrace][Native][property] name=demuxer-cache-state format=6 value=null
08-22 17:16:14.385 I/MpvEvent(17565): [PlaybackTrace][Native][dispatch:property] name=demuxer-cache-state value=null
08-22 17:16:14.386 I/MpvBridgeModule(17565): [PlaybackTrace][Bridge][listener:property] name=demuxer-cache-state value=null
08-22 17:16:14.414 I/MpvJNI  (17565): [PlaybackTrace][Native][getPosition] result=0 position=0.398437
08-22 17:16:14.414 D/MpvBridgeModule(17565): [PlaybackTrace][Bridge][getPosition] ptr=131217388352464 position=0.3984374360907025
08-22 17:16:14.414 I/MpvJNI  (17565): [PlaybackTrace][Native][getDuration] result=0 duration=149.696033
08-22 17:16:14.414 D/MpvBridgeModule(17565): [PlaybackTrace][Bridge][getDuration] ptr=131217388352464 duration=149.69603333333333
08-22 17:16:14.414 D/MpvBridgeModule(17565): [PlaybackTrace][Bridge][getPlaybackState] ptr=131217388352464 state=playing idle=false eof=false pause=false
08-22 17:16:14.494 I/MpvJNI  (17565): [PlaybackTrace][Native][getDuration] result=0 duration=149.696033
08-22 17:16:14.494 D/MpvBridgeModule(17565): [PlaybackTrace][Bridge][getDuration] ptr=131217388352464 duration=149.69603333333333
08-22 17:16:14.678 I/MpvEvent(17565): [PlaybackTrace][Native][eventLoop] event_id=22 error=0
08-22 17:16:14.678 I/MpvEvent(17565): [PlaybackTrace][Native][property] name=demuxer-cache-state format=6 value=null
08-22 17:16:14.678 I/MpvEvent(17565): [PlaybackTrace][Native][dispatch:property] name=demuxer-cache-state value=null
08-22 17:16:14.679 I/MpvBridgeModule(17565): [PlaybackTrace][Bridge][listener:property] name=demuxer-cache-state value=null
08-22 17:16:14.720 I/MpvJNI  (17565): [PlaybackTrace][Native][getDuration] result=0 duration=149.696033
08-22 17:16:14.720 D/MpvBridgeModule(17565): [PlaybackTrace][Bridge][getDuration] ptr=131217388352464 duration=149.69603333333333
08-22 17:16:14.911 I/MpvEvent(17565): [PlaybackTrace][Native][eventLoop] event_id=22 error=0
08-22 17:16:14.911 I/MpvEvent(17565): [PlaybackTrace][Native][property] name=demuxer-cache-state format=6 value=null
08-22 17:16:14.911 I/MpvEvent(17565): [PlaybackTrace][Native][dispatch:property] name=demuxer-cache-state value=null
08-22 17:16:14.912 I/MpvBridgeModule(17565): [PlaybackTrace][Bridge][listener:property] name=demuxer-cache-state value=null
08-22 17:16:14.996 I/MpvJNI  (17565): [PlaybackTrace][Native][getPosition] result=0 position=0.940060
08-22 17:16:14.997 D/MpvBridgeModule(17565): [PlaybackTrace][Bridge][getPosition] ptr=131217388352464 position=0.9400597120907042
08-22 17:16:14.997 I/MpvJNI  (17565): [PlaybackTrace][Native][getDuration] result=0 duration=149.696033
08-22 17:16:14.999 D/MpvBridgeModule(17565): [PlaybackTrace][Bridge][getDuration] ptr=131217388352464 duration=149.69603333333333
08-22 17:16:14.999 D/MpvBridgeModule(17565): [PlaybackTrace][Bridge][getPlaybackState] ptr=131217388352464 state=playing idle=false eof=false pause=false
08-22 17:16:15.020 I/MpvJNI  (17565): [PlaybackTrace][Native][getDuration] result=0 duration=149.696033
08-22 17:16:15.020 D/MpvBridgeModule(17565): [PlaybackTrace][Bridge][getDuration] ptr=131217388352464 duration=149.69603333333333
08-22 17:16:15.145 I/MpvEvent(17565): [PlaybackTrace][Native][eventLoop] event_id=22 error=0
08-22 17:16:15.145 I/MpvEvent(17565): [PlaybackTrace][Native][property] name=demuxer-cache-state format=6 value=null
08-22 17:16:15.145 I/MpvEvent(17565): [PlaybackTrace][Native][dispatch:property] name=demuxer-cache-state value=null
08-22 17:16:15.145 I/MpvBridgeModule(17565): [PlaybackTrace][Bridge][listener:property] name=demuxer-cache-state value=null
08-22 17:16:15.391 I/MpvEvent(17565): [PlaybackTrace][Native][eventLoop] event_id=22 error=0
08-22 17:16:15.391 I/MpvEvent(17565): [PlaybackTrace][Native][property] name=demuxer-cache-state format=6 value=null
08-22 17:16:15.391 I/MpvEvent(17565): [PlaybackTrace][Native][dispatch:property] name=demuxer-cache-state value=null
08-22 17:16:15.391 I/MpvBridgeModule(17565): [PlaybackTrace][Bridge][listener:property] name=demuxer-cache-state value=null
08-22 17:16:15.507 I/MpvJNI  (17565): [PlaybackTrace][Native][getPosition] result=0 position=1.483209
08-22 17:16:15.508 D/MpvBridgeModule(17565): [PlaybackTrace][Bridge][getPosition] ptr=131217388352464 position=1.4832085360907055
08-22 17:16:15.508 I/MpvJNI  (17565): [PlaybackTrace][Native][getDuration] result=0 duration=149.696033
08-22 17:16:15.509 D/MpvBridgeModule(17565): [PlaybackTrace][Bridge][getDuration] ptr=131217388352464 duration=149.69603333333333
08-22 17:16:15.509 D/MpvBridgeModule(17565): [PlaybackTrace][Bridge][getPlaybackState] ptr=131217388352464 state=playing idle=false eof=false pause=false
08-22 17:16:15.513 I/ReactNativeJS(17565): '[INFO]', '[PlaybackTrace][Controller][loadAndResume:before]', { uri: 'https://prod-1.storage.jamendo.com/?trackid=1593988&format=mp31&from=%2FV3E9Qwm8kkOD6hbkNYXkg%3D%3D%7CMJJdmScXeWFhFQqasgwXjQ%3D%3D',
08-22 17:16:15.514 I/ReactNativeJS(17565): '[INFO]', '[PlaybackTrace][JS][loadFile:call]', { requestedPath: 'https://prod-1.storage.jamendo.com/?trackid=1593988&format=mp31&from=%2FV3E9Qwm8kkOD6hbkNYXkg%3D%3D%7CMJJdmScXeWFhFQqasgwXjQ%3D%3D',
08-22 17:16:15.514 I/ReactNativeJS(17565): '[INFO]', '[PlaybackTrace][JS][loadFile:return]', { resolvedPath: 'https://prod-1.storage.jamendo.com/?trackid=1593988&format=mp31&from=%2FV3E9Qwm8kkOD6hbkNYXkg%3D%3D%7CMJJdmScXeWFhFQqasgwXjQ%3D%3D' }
08-22 17:16:15.515 I/ReactNativeJS(17565): '[INFO]', '[PlaybackTrace][Controller][loadAndResume:loaded]', 'https://prod-1.storage.jamendo.com/?trackid=1593988&format=mp31&from=%2FV3E9Qwm8kkOD6hbkNYXkg%3D%3D%7CMJJdmScXeWFhFQqasgwXjQ%3D%3D'
08-22 17:16:15.515 I/MpvBridgeModule(17565): [PlaybackTrace][Bridge][loadFile] requested=https://prod-1.storage.jamendo.com/?trackid=1593988&format=mp31&from=%2FV3E9Qwm8kkOD6hbkNYXkg%3D%3D%7CMJJdmScXeWFhFQqasgwXjQ%3D%3D resolved=https://prod-1.storage.jamendo.com/?trackid=1593988&format=mp31&from=%2FV3E9Qwm8kkOD6hbkNYXkg%3D%3D%7CMJJdmScXeWFhFQqasgwXjQ%3D%3D ptr=131217388352464
08-22 17:16:15.515 I/MpvJNI  (17565): [PlaybackTrace][Native][loadFile] begin path=https://prod-1.storage.jamendo.com/?trackid=1593988&format=mp31&from=%2FV3E9Qwm8kkOD6hbkNYXkg%3D%3D%7CMJJdmScXeWFhFQqasgwXjQ%3D%3D initialized=1
08-22 17:16:15.515 I/MpvJNI  (17565): [PlaybackTrace][Native][loadFile] loadfile command accepted result=0
08-22 17:16:15.515 I/MpvBridgeModule(17565): [PlaybackTrace][Bridge][loadFile] nativeLoadFile returned
08-22 17:16:15.519 I/MpvEvent(17565): [PlaybackTrace][Native][eventLoop] event_id=2 error=0
08-22 17:16:15.519 I/MpvEvent(17565): [PlaybackTrace][Native][mpv-log] prefix=cplayer level=v text=EOF code: 3  
08-22 17:16:15.519 D/mpv     (17565): [cplayer] v: EOF code: 3  
08-22 17:16:15.520 I/MpvEvent(17565): [PlaybackTrace][Native][eventLoop] event_id=18 error=0
08-22 17:16:15.521 I/ReactNativeJS(17565): '[INFO]', '[PlaybackTrace][JS][resume:call]'
08-22 17:16:15.521 I/MpvEvent(17565): [PlaybackTrace][Native][eventLoop] MPV_EVENT_AUDIO_RECONFIG
08-22 17:16:15.521 I/MpvEvent(17565): [PlaybackTrace][Native][dispatch:event] name=audioReconfig payload={}
08-22 17:16:15.522 I/MpvBridgeModule(17565): [PlaybackTrace][Bridge][listener:event] name=audioReconfig payload={}
08-22 17:16:15.522 I/MpvBridgeModule(17565): [PlaybackTrace][Bridge][play] ptr=131217388352464
08-22 17:16:15.526 I/MpvEvent(17565): [PlaybackTrace][Native][eventLoop] event_id=17 error=0
08-22 17:16:15.526 I/MpvEvent(17565): MPV_EVENT_VIDEO_RECONFIG
08-22 17:16:15.526 I/MpvEvent(17565): [PlaybackTrace][Native][dispatch:event] name=videoReconfig payload={}
08-22 17:16:15.526 I/MpvBridgeModule(17565): [PlaybackTrace][Bridge][listener:event] name=videoReconfig payload={}
08-22 17:16:15.544 I/MpvJNI  (17565): [PlaybackTrace][Native][play] pause=no result=0
08-22 17:16:15.544 I/MpvBridgeModule(17565): [PlaybackTrace][Bridge][play] nativePlay returned
08-22 17:16:15.546 I/ReactNativeJS(17565): '[INFO]', '[PlaybackTrace][Controller][loadAndResume:resumed]', 'https://prod-1.storage.jamendo.com/?trackid=1593988&format=mp31&from=%2FV3E9Qwm8kkOD6hbkNYXkg%3D%3D%7CMJJdmScXeWFhFQqasgwXjQ%3D%3D'
08-22 17:16:15.560 I/MpvEvent(17565): [PlaybackTrace][Native][eventLoop] event_id=18 error=0
08-22 17:16:15.561 I/MpvEvent(17565): [PlaybackTrace][Native][eventLoop] MPV_EVENT_AUDIO_RECONFIG
08-22 17:16:15.561 I/MpvEvent(17565): [PlaybackTrace][Native][dispatch:event] name=audioReconfig payload={}
08-22 17:16:15.565 I/MpvBridgeModule(17565): [PlaybackTrace][Bridge][listener:event] name=audioReconfig payload={}
08-22 17:16:15.570 I/MpvEvent(17565): [PlaybackTrace][Native][eventLoop] event_id=2 error=0
08-22 17:16:15.570 I/MpvEvent(17565): [PlaybackTrace][Native][mpv-log] prefix=cplayer level=v text=Set property: pause="no" -> 1
08-22 17:16:15.570 D/mpv     (17565): [cplayer] v: Set property: pause="no" -> 1
08-22 17:16:15.635 I/MpvJNI  (17565): [PlaybackTrace][Native][getDuration] result=-10 duration=0.000000
08-22 17:16:15.635 D/MpvBridgeModule(17565): [PlaybackTrace][Bridge][getDuration] ptr=131217388352464 duration=0.0
08-22 17:16:15.970 I/ReactNativeJS(17565): '[INFO]', '[PlaybackTrace][JS][resume:call]'
08-22 17:16:15.970 I/MpvJNI  (17565): [PlaybackTrace][Native][getPosition] result=-10 position=0.000000
08-22 17:16:15.970 D/MpvBridgeModule(17565): [PlaybackTrace][Bridge][getPosition] ptr=131217388352464 position=0.0
08-22 17:16:15.970 I/MpvJNI  (17565): [PlaybackTrace][Native][getDuration] result=-10 duration=0.000000
08-22 17:16:15.970 D/MpvBridgeModule(17565): [PlaybackTrace][Bridge][getDuration] ptr=131217388352464 duration=0.0
08-22 17:16:15.971 I/MpvBridgeModule(17565): [PlaybackTrace][Bridge][play] ptr=131217388352464
08-22 17:16:15.973 I/MpvEvent(17565): [PlaybackTrace][Native][eventLoop] event_id=2 error=0
08-22 17:16:15.973 I/MpvEvent(17565): [PlaybackTrace][Native][mpv-log] prefix=cplayer level=v text=Set property: pause="no" -> 1
08-22 17:16:15.973 I/MpvJNI  (17565): [PlaybackTrace][Native][play] pause=no result=0
08-22 17:16:15.973 D/mpv     (17565): [cplayer] v: Set property: pause="no" -> 1
08-22 17:16:15.973 I/MpvBridgeModule(17565): [PlaybackTrace][Bridge][play] nativePlay returned
08-22 17:16:15.974 D/MpvBridgeModule(17565): [PlaybackTrace][Bridge][getPlaybackState] ptr=131217388352464 state=playing idle=false eof=false pause=false
08-22 17:16:16.026 I/MpvJNI  (17565): [PlaybackTrace][Native][getDuration] result=-10 duration=0.000000
08-22 17:16:16.026 D/MpvBridgeModule(17565): [PlaybackTrace][Bridge][getDuration] ptr=131217388352464 duration=0.0
08-22 17:16:16.323 I/MpvJNI  (17565): [PlaybackTrace][Native][getPosition] result=-10 position=0.000000
08-22 17:16:16.323 D/MpvBridgeModule(17565): [PlaybackTrace][Bridge][getPosition] ptr=131217388352464 position=0.0
08-22 17:16:16.328 I/MpvJNI  (17565): [PlaybackTrace][Native][getDuration] result=-10 duration=0.000000
08-22 17:16:16.329 D/MpvBridgeModule(17565): [PlaybackTrace][Bridge][getDuration] ptr=131217388352464 duration=0.0
08-22 17:16:16.331 D/MpvBridgeModule(17565): [PlaybackTrace][Bridge][getPlaybackState] ptr=131217388352464 state=playing idle=false eof=false pause=false
08-22 17:16:16.563 I/MpvJNI  (17565): [PlaybackTrace][Native][getPosition] result=-10 position=0.000000
08-22 17:16:16.563 D/MpvBridgeModule(17565): [PlaybackTrace][Bridge][getPosition] ptr=131217388352464 position=0.0
08-22 17:16:16.563 I/MpvJNI  (17565): [PlaybackTrace][Native][getDuration] result=-10 duration=0.000000
08-22 17:16:16.564 D/MpvBridgeModule(17565): [PlaybackTrace][Bridge][getDuration] ptr=131217388352464 duration=0.0
08-22 17:16:16.564 D/MpvBridgeModule(17565): [PlaybackTrace][Bridge][getPlaybackState] ptr=131217388352464 state=playing idle=false eof=false pause=false
08-22 17:16:16.581 I/MpvBridgeModule(17565): MediaNotificationService started: "V3E9Qwm8kkOD6hbkNYXkg==|MJJdmScXeWFhFQqasgwXjQ=="
08-22 17:16:16.715 I/MpvEvent(17565): [PlaybackTrace][Native][eventLoop] event_id=7 error=0
08-22 17:16:16.715 E/MpvEvent(17565): [PlaybackTrace][Native][eventLoop] MPV_EVENT_END_FILE reason=2 error=0
08-22 17:16:16.715 I/MpvEvent(17565): [PlaybackTrace][Native][dispatch:event] name=endFile payload={"reason":2,"error":0}
08-22 17:16:16.716 D/MPVLib  (17565): onNativeEvent: endFile {"reason":2,"error":0}
08-22 17:16:16.716 I/MpvBridgeModule(17565): [PlaybackTrace][Bridge][listener:event] name=endFile payload={"reason":2,"error":0}
08-22 17:16:16.717 I/MpvEvent(17565): [PlaybackTrace][Native][eventLoop] event_id=22 error=0
08-22 17:16:16.717 I/MpvEvent(17565): [PlaybackTrace][Native][eventLoop] property=cache-buffering-state format=NONE
08-22 17:16:16.717 I/MpvEvent(17565): [PlaybackTrace][Native][eventLoop] event_id=22 error=0
08-22 17:16:16.717 I/MpvEvent(17565): [PlaybackTrace][Native][eventLoop] property=paused-for-cache format=NONE
08-22 17:16:16.717 I/MpvJNI  (17565): [PlaybackTrace][Native][getDuration] result=-10 duration=0.000000
08-22 17:16:16.717 I/MpvEvent(17565): [PlaybackTrace][Native][eventLoop] event_id=22 error=0
08-22 17:16:16.717 I/MpvEvent(17565): [PlaybackTrace][Native][eventLoop] property=demuxer-cache-state format=NONE
08-22 17:16:16.717 I/MpvEvent(17565): [PlaybackTrace][Native][eventLoop] event_id=22 error=0
08-22 17:16:16.717 I/MpvEvent(17565): [PlaybackTrace][Native][eventLoop] property=seekable format=NONE
08-22 17:16:16.717 D/MpvBridgeModule(17565): [PlaybackTrace][Bridge][getDuration] ptr=131217388352464 duration=0.0
08-22 17:16:16.717 I/MpvEvent(17565): [PlaybackTrace][Native][eventLoop] event_id=2 error=0
08-22 17:16:16.717 I/MpvEvent(17565): [PlaybackTrace][Native][mpv-log] prefix=cplayer level=v text=finished playback, success (reason 2)
08-22 17:16:16.717 D/mpv     (17565): [cplayer] v: finished playback, success (reason 2)
08-22 17:16:16.717 I/MpvEvent(17565): [PlaybackTrace][Native][eventLoop] event_id=2 error=0
08-22 17:16:16.717 I/MpvEvent(17565): [PlaybackTrace][Native][mpv-log] prefix=cplayer level=v text=Running hook: ytdl_hook/on_after_end_file
08-22 17:16:16.717 D/mpv     (17565): [cplayer] v: Running hook: ytdl_hook/on_after_end_file
08-22 17:16:16.720 I/MpvEvent(17565): [PlaybackTrace][Native][eventLoop] event_id=6 error=0
08-22 17:16:16.720 I/MpvEvent(17565): MPV_EVENT_START_FILE
08-22 17:16:16.720 I/MpvEvent(17565): [PlaybackTrace][Native][dispatch:event] name=startFile payload={}
08-22 17:16:16.721 D/MPVLib  (17565): onNativeEvent: startFile {}
08-22 17:16:16.721 I/MpvBridgeModule(17565): [PlaybackTrace][Bridge][listener:event] name=startFile payload={}
08-22 17:16:16.727 I/MpvEvent(17565): [PlaybackTrace][Native][eventLoop] event_id=2 error=0
08-22 17:16:16.728 I/MpvEvent(17565): [PlaybackTrace][Native][mpv-log] prefix=cplayer level=v text=Running hook: ytdl_hook/on_load
08-22 17:16:16.728 D/mpv     (17565): [cplayer] v: Running hook: ytdl_hook/on_load
08-22 17:16:16.728 I/MpvEvent(17565): [PlaybackTrace][Native][eventLoop] event_id=2 error=0
08-22 17:16:16.728 I/MpvEvent(17565): [PlaybackTrace][Native][mpv-log] prefix=cplayer level=v text=Running hook: ytdl_hook/on_load
08-22 17:16:16.728 D/mpv     (17565): [cplayer] v: Running hook: ytdl_hook/on_load
08-22 17:16:16.728 I/MpvEvent(17565): [PlaybackTrace][Native][eventLoop] event_id=2 error=0
08-22 17:16:16.728 I/MpvEvent(17565): [PlaybackTrace][Native][mpv-log] prefix=ytdl_hook level=v text=playlist hook
08-22 17:16:16.728 I/MpvEvent(17565): [PlaybackTrace][Native][eventLoop] event_id=2 error=0
08-22 17:16:16.728 I/MpvEvent(17565): [PlaybackTrace][Native][mpv-log] prefix=stream_callback level=v text=Opening https://prod-1.storage.jamendo.com/?trackid=1593988&format=mp31&from=%2FV3E9Qwm8kkOD6hbkNYXkg%3D%3D%7CMJJdmScXeWFhFQqasgwXjQ%3D%3D
08-22 17:16:16.728 I/MpvEvent(17565): [PlaybackTrace][Native][eventLoop] event_id=2 error=0
08-22 17:16:16.728 I/MpvEvent(17565): [PlaybackTrace][Native][mpv-log] prefix=ffmpeg level=v text=Opening https://prod-1.storage.jamendo.com/?trackid=1593988&format=mp31&from=%2FV3E9Qwm8kkOD6hbkNYXkg%3D%3D%7CMJJdmScXeWFhFQqasgwXjQ%3D%3D
08-22 17:16:16.728 D/mpv     (17565): [ffmpeg] v: Opening https://prod-1.storage.jamendo.com/?trackid=1593988&format=mp31&from=%2FV3E9Qwm8kkOD6hbkNYXkg%3D%3D%7CMJJdmScXeWFhFQqasgwXjQ%3D%3D
08-22 17:16:17.392 I/MpvJNI  (17565): [PlaybackTrace][Native][getPosition] result=-10 position=0.000000
08-22 17:16:17.392 D/MpvBridgeModule(17565): [PlaybackTrace][Bridge][getPosition] ptr=131217388352464 position=0.0
08-22 17:16:17.392 I/MpvJNI  (17565): [PlaybackTrace][Native][getDuration] result=-10 duration=0.000000
08-22 17:16:17.392 D/MpvBridgeModule(17565): [PlaybackTrace][Bridge][getDuration] ptr=131217388352464 duration=0.0
08-22 17:16:17.392 D/MpvBridgeModule(17565): [PlaybackTrace][Bridge][getPlaybackState] ptr=131217388352464 state=playing idle=false eof=false pause=false
08-22 17:16:17.428 I/MpvEvent(17565): [PlaybackTrace][Native][eventLoop] event_id=2 error=0
08-22 17:16:17.428 I/MpvEvent(17565): [PlaybackTrace][Native][mpv-log] prefix=ffmpeg level=v text=Mime-type: 'audio/mpeg'
08-22 17:16:17.428 D/mpv     (17565): [ffmpeg] v: Mime-type: 'audio/mpeg'
08-22 17:16:17.428 I/MpvEvent(17565): [PlaybackTrace][Native][eventLoop] event_id=2 error=0
08-22 17:16:17.428 I/MpvEvent(17565): [PlaybackTrace][Native][mpv-log] prefix=demux level=v text=Trying demuxers for level=normal.
08-22 17:16:17.447 I/MpvEvent(17565): [PlaybackTrace][Native][eventLoop] event_id=2 error=0
08-22 17:16:17.448 I/MpvEvent(17565): [PlaybackTrace][Native][mpv-log] prefix=lavf level=v text=Found 'mp3' at score=24 size=2048.
08-22 17:16:17.570 I/MpvEvent(17565): [PlaybackTrace][Native][eventLoop] event_id=2 error=0
08-22 17:16:17.570 I/MpvEvent(17565): [PlaybackTrace][Native][mpv-log] prefix=lavf level=v text=avformat_find_stream_info() finished after 32275 bytes.
08-22 17:16:17.570 I/MpvEvent(17565): [PlaybackTrace][Native][eventLoop] event_id=2 error=0
08-22 17:16:17.570 I/MpvEvent(17565): [PlaybackTrace][Native][mpv-log] prefix=lavf level=v text=Assuming this is an image format.
08-22 17:16:17.570 I/MpvEvent(17565): [PlaybackTrace][Native][eventLoop] event_id=2 error=0
08-22 17:16:17.570 I/MpvEvent(17565): [PlaybackTrace][Native][mpv-log] prefix=demux level=v text=Detected file format: mp3 (libavformat)
08-22 17:16:17.570 I/MpvEvent(17565): [PlaybackTrace][Native][eventLoop] event_id=2 error=0
08-22 17:16:17.570 I/MpvEvent(17565): [PlaybackTrace][Native][mpv-log] prefix=cplayer level=v text=Opening done: https://prod-1.storage.jamendo.com/?trackid=1593988&format=mp31&from=%2FV3E9Qwm8kkOD6hbkNYXkg%3D%3D%7CMJJdmScXeWFhFQqasgwXjQ%3D%3D
08-22 17:16:17.570 D/mpv     (17565): [cplayer] v: Opening done: https://prod-1.storage.jamendo.com/?trackid=1593988&format=mp31&from=%2FV3E9Qwm8kkOD6hbkNYXkg%3D%3D%7CMJJdmScXeWFhFQqasgwXjQ%3D%3D
08-22 17:16:17.573 I/MpvEvent(17565): [PlaybackTrace][Native][eventLoop] event_id=22 error=0
08-22 17:16:17.574 I/MpvEvent(17565): [PlaybackTrace][Native][property] name=cache-buffering-state format=6 value=null
08-22 17:16:17.574 I/MpvEvent(17565): [PlaybackTrace][Native][dispatch:property] name=cache-buffering-state value=null
08-22 17:16:17.574 D/MPVLib  (17565): onNativePropertyChanged: cache-buffering-state = null
08-22 17:16:17.574 I/MpvBridgeModule(17565): [PlaybackTrace][Bridge][listener:property] name=cache-buffering-state value=null
08-22 17:16:17.587 I/MpvEvent(17565): [PlaybackTrace][Native][eventLoop] event_id=18 error=0
08-22 17:16:17.587 I/MpvEvent(17565): [PlaybackTrace][Native][eventLoop] MPV_EVENT_AUDIO_RECONFIG
08-22 17:16:17.587 I/MpvEvent(17565): [PlaybackTrace][Native][dispatch:event] name=audioReconfig payload={}
08-22 17:16:17.588 I/MpvBridgeModule(17565): [PlaybackTrace][Bridge][listener:event] name=audioReconfig payload={}
08-22 17:16:17.609 I/MpvEvent(17565): [PlaybackTrace][Native][eventLoop] event_id=18 error=0
08-22 17:16:17.609 I/MpvEvent(17565): [PlaybackTrace][Native][eventLoop] MPV_EVENT_AUDIO_RECONFIG
08-22 17:16:17.609 I/MpvEvent(17565): [PlaybackTrace][Native][dispatch:event] name=audioReconfig payload={}
08-22 17:16:17.615 I/MpvBridgeModule(17565): [PlaybackTrace][Bridge][listener:event] name=audioReconfig payload={}
08-22 17:16:17.649 I/MpvEvent(17565): [PlaybackTrace][Native][eventLoop] event_id=8 error=0
08-22 17:16:17.649 I/MpvEvent(17565): MPV_EVENT_FILE_LOADED
08-22 17:16:17.649 I/MpvEvent(17565): [PlaybackTrace][Native][dispatch:event] name=fileLoaded payload={}
08-22 17:16:17.649 D/MPVLib  (17565): onNativeEvent: fileLoaded {}
08-22 17:16:17.649 I/MpvBridgeModule(17565): [PlaybackTrace][Bridge][listener:event] name=fileLoaded payload={}
08-22 17:16:17.650 I/MpvEvent(17565): [PlaybackTrace][Native][eventLoop] event_id=22 error=0
08-22 17:16:17.650 I/MpvEvent(17565): [PlaybackTrace][Native][property] name=seekable format=6 value=null
08-22 17:16:17.650 I/MpvEvent(17565): [PlaybackTrace][Native][dispatch:property] name=seekable value=null
08-22 17:16:17.651 I/ReactNativeJS(17565): '[INFO]', '[PlaybackTrace][Controller][event:onFileLoaded]', { fileUri: 'https://prod-1.storage.jamendo.com/?trackid=1593988&format=mp31&from=%2FV3E9Qwm8kkOD6hbkNYXkg%3D%3D%7CMJJdmScXeWFhFQqasgwXjQ%3D%3D',
08-22 17:16:17.657 I/MpvBridgeModule(17565): [PlaybackTrace][Bridge][listener:property] name=seekable value=null
08-22 17:16:17.659 I/MpvEvent(17565): [PlaybackTrace][Native][eventLoop] event_id=18 error=0
08-22 17:16:17.659 I/MpvEvent(17565): [PlaybackTrace][Native][eventLoop] MPV_EVENT_AUDIO_RECONFIG
08-22 17:16:17.659 I/MpvEvent(17565): [PlaybackTrace][Native][dispatch:event] name=audioReconfig payload={}
08-22 17:16:17.660 I/MpvBridgeModule(17565): [PlaybackTrace][Bridge][listener:event] name=audioReconfig payload={}
08-22 17:16:17.660 I/MpvEvent(17565): [PlaybackTrace][Native][eventLoop] event_id=2 error=0
08-22 17:16:17.660 I/MpvEvent(17565): [PlaybackTrace][Native][mpv-log] prefix=cplayer level=v text=Running hook: ytdl_hook/on_preloaded
08-22 17:16:17.660 D/mpv     (17565): [cplayer] v: Running hook: ytdl_hook/on_preloaded
08-22 17:16:17.660 I/MpvEvent(17565): [PlaybackTrace][Native][eventLoop] event_id=2 error=0
08-22 17:16:17.660 I/MpvEvent(17565): [PlaybackTrace][Native][mpv-log] prefix=lavf level=v text=select track 1
08-22 17:16:17.661 I/MpvEvent(17565): [PlaybackTrace][Native][eventLoop] event_id=2 error=0
08-22 17:16:17.661 I/MpvEvent(17565): [PlaybackTrace][Native][mpv-log] prefix=lavf level=v text=select track 0
08-22 17:16:17.661 I/MpvEvent(17565): [PlaybackTrace][Native][eventLoop] event_id=2 error=0
08-22 17:16:17.661 I/MpvEvent(17565): [PlaybackTrace][Native][mpv-log] prefix=cplayer level=info text=ΓùÅ Image  --vid=1  'Cover Image' (mjpeg [Baseline] 400x400)
08-22 17:16:17.661 D/mpv     (17565): [cplayer] info: ΓùÅ Image  --vid=1  'Cover Image' (mjpeg [Baseline] 400x400)
08-22 17:16:17.661 I/MpvEvent(17565): [PlaybackTrace][Native][eventLoop] event_id=2 error=0
08-22 17:16:17.661 I/MpvEvent(17565): [PlaybackTrace][Native][mpv-log] prefix=cplayer level=info text=ΓùÅ Audio  --aid=1  (mp3 2ch 44100 Hz 96 kbps)
08-22 17:16:17.661 D/mpv     (17565): [cplayer] info: ΓùÅ Audio  --aid=1  (mp3 2ch 44100 Hz 96 kbps)
08-22 17:16:17.661 I/MpvEvent(17565): [PlaybackTrace][Native][eventLoop] event_id=2 error=0
08-22 17:16:17.661 I/MpvEvent(17565): [PlaybackTrace][Native][mpv-log] prefix=display-tags level=info text=File tags:
08-22 17:16:17.661 I/MpvEvent(17565): [PlaybackTrace][Native][eventLoop] event_id=2 error=0
08-22 17:16:17.661 I/MpvEvent(17565): [PlaybackTrace][Native][mpv-log] prefix=display-tags level=info text= Artist: Joystock
08-22 17:16:17.661 I/MpvEvent(17565): [PlaybackTrace][Native][eventLoop] event_id=2 error=0
08-22 17:16:17.661 I/MpvEvent(17565): [PlaybackTrace][Native][mpv-log] prefix=display-tags level=info text= Comment: http://www.jamendo.com cc_standard
08-22 17:16:17.661 I/MpvEvent(17565): [PlaybackTrace][Native][eventLoop] event_id=2 error=0
08-22 17:16:17.661 I/MpvEvent(17565): [PlaybackTrace][Native][mpv-log] prefix=display-tags level=info text= Composer: Joystock
08-22 17:16:17.668 I/MpvEvent(17565): [PlaybackTrace][Native][eventLoop] event_id=2 error=0
08-22 17:16:17.676 I/MpvEvent(17565): [PlaybackTrace][Native][mpv-log] prefix=display-tags level=info text= Date: 2018
08-22 17:16:17.694 I/MpvEvent(17565): [PlaybackTrace][Native][eventLoop] event_id=2 error=0
08-22 17:16:17.694 I/MpvEvent(17565): [PlaybackTrace][Native][mpv-log] prefix=display-tags level=info text= Genre: chillhop
08-22 17:16:17.694 I/MpvEvent(17565): [PlaybackTrace][Native][eventLoop] event_id=17 error=0
08-22 17:16:17.694 I/MpvEvent(17565): MPV_EVENT_VIDEO_RECONFIG
08-22 17:16:17.694 I/MpvEvent(17565): [PlaybackTrace][Native][dispatch:event] name=videoReconfig payload={}
08-22 17:16:17.694 I/MpvBridgeModule(17565): [PlaybackTrace][Bridge][listener:event] name=videoReconfig payload={}
08-22 17:16:17.695 I/MpvEvent(17565): [PlaybackTrace][Native][eventLoop] event_id=2 error=0
08-22 17:16:17.696 I/MpvEvent(17565): [PlaybackTrace][Native][mpv-log] prefix=display-tags level=info text= Title: Lofi Chillout Hip Hop Beat
08-22 17:16:17.696 I/MpvEvent(17565): [PlaybackTrace][Native][eventLoop] event_id=2 error=0
08-22 17:16:17.696 I/MpvEvent(17565): [PlaybackTrace][Native][mpv-log] prefix=display-tags level=info text= Track: 62
08-22 17:16:17.696 I/MpvEvent(17565): [PlaybackTrace][Native][eventLoop] event_id=2 error=0
08-22 17:16:17.696 I/MpvEvent(17565): [PlaybackTrace][Native][mpv-log] prefix=vd level=v text=Container reported FPS: 1.000000
08-22 17:16:17.697 I/MpvEvent(17565): [PlaybackTrace][Native][eventLoop] event_id=2 error=0
08-22 17:16:17.698 I/MpvEvent(17565): [PlaybackTrace][Native][mpv-log] prefix=vd level=v text=Codec list:
08-22 17:16:17.698 I/MpvEvent(17565): [PlaybackTrace][Native][eventLoop] event_id=2 error=0
08-22 17:16:17.698 I/MpvEvent(17565): [PlaybackTrace][Native][mpv-log] prefix=vd level=v text=    mjpeg - MJPEG (Motion JPEG)
08-22 17:16:17.699 I/MpvEvent(17565): [PlaybackTrace][Native][eventLoop] event_id=2 error=0
08-22 17:16:17.699 I/MpvEvent(17565): [PlaybackTrace][Native][mpv-log] prefix=vd level=v text=Opening decoder mjpeg
08-22 17:16:17.699 I/MpvEvent(17565): [PlaybackTrace][Native][eventLoop] event_id=2 error=0
08-22 17:16:17.699 I/MpvEvent(17565): [PlaybackTrace][Native][mpv-log] prefix=vd level=v text=Not trying to use hardware decoding: codec mjpeg is not on whitelist.
08-22 17:16:17.699 I/MpvEvent(17565): [PlaybackTrace][Native][eventLoop] event_id=2 error=0
08-22 17:16:17.699 I/MpvEvent(17565): [PlaybackTrace][Native][mpv-log] prefix=vd level=v text=Using software decoding.
08-22 17:16:17.699 I/MpvEvent(17565): [PlaybackTrace][Native][eventLoop] event_id=2 error=0
08-22 17:16:17.699 I/MpvEvent(17565): [PlaybackTrace][Native][mpv-log] prefix=vd level=v text=Detected 4 logical cores.
08-22 17:16:17.699 I/MpvEvent(17565): [PlaybackTrace][Native][eventLoop] event_id=2 error=0
08-22 17:16:17.699 I/MpvEvent(17565): [PlaybackTrace][Native][mpv-log] prefix=vd level=v text=Requesting 5 threads for decoding.
08-22 17:16:17.699 I/MpvEvent(17565): [PlaybackTrace][Native][eventLoop] event_id=2 error=0
08-22 17:16:17.699 I/MpvEvent(17565): [PlaybackTrace][Native][mpv-log] prefix=vd level=v text=Selected decoder: mjpeg - MJPEG (Motion JPEG)
08-22 17:16:17.699 I/MpvEvent(17565): [PlaybackTrace][Native][eventLoop] event_id=2 error=0
08-22 17:16:17.699 I/MpvEvent(17565): [PlaybackTrace][Native][mpv-log] prefix=vf level=v text=User filter list:
08-22 17:16:17.699 I/MpvEvent(17565): [PlaybackTrace][Native][eventLoop] event_id=2 error=0
08-22 17:16:17.699 I/MpvEvent(17565): [PlaybackTrace][Native][mpv-log] prefix=vf level=v text=  (empty)
08-22 17:16:17.699 I/MpvEvent(17565): [PlaybackTrace][Native][eventLoop] event_id=2 error=0
08-22 17:16:17.699 I/MpvEvent(17565): [PlaybackTrace][Native][mpv-log] prefix=ad level=v text=Codec list:
08-22 17:16:17.700 I/MpvEvent(17565): [PlaybackTrace][Native][eventLoop] event_id=2 error=0
08-22 17:16:17.700 I/MpvEvent(17565): [PlaybackTrace][Native][mpv-log] prefix=ad level=v text=    mp3float (mp3) - MP3 (MPEG audio layer 3)
08-22 17:16:17.700 I/MpvEvent(17565): [PlaybackTrace][Native][eventLoop] event_id=2 error=0
08-22 17:16:17.700 I/MpvEvent(17565): [PlaybackTrace][Native][mpv-log] prefix=ad level=v text=    mp3 - MP3 (MPEG audio layer 3)
08-22 17:16:17.700 I/MpvEvent(17565): [PlaybackTrace][Native][eventLoop] event_id=2 error=0
08-22 17:16:17.700 I/MpvEvent(17565): [PlaybackTrace][Native][mpv-log] prefix=ad level=v text=    mp3_mediacodec (mp3) - MP3 Android MediaCodec decoder
08-22 17:16:17.700 I/MpvEvent(17565): [PlaybackTrace][Native][eventLoop] event_id=2 error=0
08-22 17:16:17.700 I/MpvEvent(17565): [PlaybackTrace][Native][mpv-log] prefix=ad level=v text=Opening decoder mp3float
08-22 17:16:17.700 I/MpvEvent(17565): [PlaybackTrace][Native][eventLoop] event_id=2 error=0
08-22 17:16:17.700 I/MpvEvent(17565): [PlaybackTrace][Native][mpv-log] prefix=ad level=v text=Requesting 1 threads for decoding.
08-22 17:16:17.700 I/MpvEvent(17565): [PlaybackTrace][Native][eventLoop] event_id=2 error=0
08-22 17:16:17.700 I/MpvEvent(17565): [PlaybackTrace][Native][mpv-log] prefix=ad level=v text=Selected decoder: mp3float - MP3 (MPEG audio layer 3)
08-22 17:16:17.700 I/MpvEvent(17565): [PlaybackTrace][Native][eventLoop] event_id=2 error=0
08-22 17:16:17.700 I/MpvEvent(17565): [PlaybackTrace][Native][mpv-log] prefix=af level=v text=User filter list:
08-22 17:16:17.700 I/MpvEvent(17565): [PlaybackTrace][Native][eventLoop] event_id=2 error=0
08-22 17:16:17.700 I/MpvEvent(17565): [PlaybackTrace][Native][mpv-log] prefix=af level=v text=  (empty)
08-22 17:16:17.700 I/MpvEvent(17565): [PlaybackTrace][Native][eventLoop] event_id=2 error=0
08-22 17:16:17.704 I/MpvEvent(17565): [PlaybackTrace][Native][mpv-log] prefix=cplayer level=info text=Displaying cover art. Use --no-audio-display to prevent this.
08-22 17:16:17.704 D/mpv     (17565): [cplayer] info: Displaying cover art. Use --no-audio-display to prevent this.
08-22 17:16:17.704 I/MpvEvent(17565): [PlaybackTrace][Native][eventLoop] event_id=2 error=0
08-22 17:16:17.704 I/MpvEvent(17565): [PlaybackTrace][Native][mpv-log] prefix=cplayer level=v text=Starting playback...
08-22 17:16:17.704 D/mpv     (17565): [cplayer] v: Starting playback...
08-22 17:16:17.705 I/MpvEvent(17565): [PlaybackTrace][Native][eventLoop] event_id=2 error=0
08-22 17:16:17.705 I/MpvEvent(17565): [PlaybackTrace][Native][mpv-log] prefix=vd level=v text=DR failed - disabling.
08-22 17:16:17.705 I/MpvEvent(17565): [PlaybackTrace][Native][eventLoop] event_id=2 error=0
08-22 17:16:17.706 I/MpvEvent(17565): [PlaybackTrace][Native][mpv-log] prefix=ffmpeg/video level=error text=mjpeg: overread 8
08-22 17:16:17.706 E/MpvEvent(17565): [PlaybackTrace][Native][dispatch:error] code=-1 message=mjpeg: overread 8
08-22 17:16:17.707 E/MpvBridgeModule(17565): [PlaybackTrace][Bridge][listener:error] code=-1 message=mjpeg: overread 8
08-22 17:16:17.707 I/MpvEvent(17565): [PlaybackTrace][Native][eventLoop] event_id=2 error=0
08-22 17:16:17.707 I/MpvEvent(17565): [PlaybackTrace][Native][mpv-log] prefix=ffmpeg/video level=warn text=mjpeg: EOI missing, emulating
08-22 17:16:17.707 I/MpvEvent(17565): [PlaybackTrace][Native][eventLoop] event_id=2 error=0
08-22 17:16:17.708 I/MpvEvent(17565): [PlaybackTrace][Native][mpv-log] prefix=vd level=v text=Using software decoding.
08-22 17:16:17.708 I/MpvEvent(17565): [PlaybackTrace][Native][eventLoop] event_id=2 error=0
08-22 17:16:17.708 I/MpvEvent(17565): [PlaybackTrace][Native][mpv-log] prefix=vd level=v text=Decoder format: 400x400 yuv420p bt.601/auto/auto/full/auto CL=mpeg1/jpeg crop=400x400+0+0 A=none
08-22 17:16:17.708 I/MpvEvent(17565): [PlaybackTrace][Native][eventLoop] event_id=2 error=0
08-22 17:16:17.708 I/MpvEvent(17565): [PlaybackTrace][Native][mpv-log] prefix=vf level=v text=[in] 400x400 yuv420p bt.601/bt.709/srgb/full/display CL=mpeg1/jpeg crop=400x400+0+0 A=none
08-22 17:16:17.708 I/MpvEvent(17565): [PlaybackTrace][Native][eventLoop] event_id=2 error=0
08-22 17:16:17.708 I/MpvEvent(17565): [PlaybackTrace][Native][mpv-log] prefix=vf level=v text=[userdeint] 400x400 yuv420p bt.601/bt.709/srgb/full/display CL=mpeg1/jpeg crop=400x400+0+0 A=none
08-22 17:16:17.708 I/MpvEvent(17565): [PlaybackTrace][Native][eventLoop] event_id=2 error=0
08-22 17:16:17.708 I/MpvEvent(17565): [PlaybackTrace][Native][mpv-log] prefix=vf level=v text=[userdeint] (disabled)
08-22 17:16:17.708 I/MpvEvent(17565): [PlaybackTrace][Native][eventLoop] event_id=2 error=0
08-22 17:16:17.708 I/MpvEvent(17565): [PlaybackTrace][Native][mpv-log] prefix=vf level=v text=[autovflip] 400x400 yuv420p bt.601/bt.709/srgb/full/display CL=mpeg1/jpeg crop=400x400+0+0 A=none
08-22 17:16:17.708 I/MpvEvent(17565): [PlaybackTrace][Native][eventLoop] event_id=2 error=0
08-22 17:16:17.708 I/MpvEvent(17565): [PlaybackTrace][Native][mpv-log] prefix=vf level=v text=[autovflip] (disabled)
08-22 17:16:17.709 I/MpvEvent(17565): [PlaybackTrace][Native][eventLoop] event_id=2 error=0
08-22 17:16:17.709 I/MpvEvent(17565): [PlaybackTrace][Native][mpv-log] prefix=vf level=v text=[autorotate] 400x400 yuv420p bt.601/bt.709/srgb/full/display CL=mpeg1/jpeg crop=400x400+0+0 A=none
08-22 17:16:17.709 I/MpvEvent(17565): [PlaybackTrace][Native][eventLoop] event_id=2 error=0
08-22 17:16:17.709 I/MpvEvent(17565): [PlaybackTrace][Native][mpv-log] prefix=vf level=v text=[autorotate] (disabled)
08-22 17:16:17.709 I/MpvEvent(17565): [PlaybackTrace][Native][eventLoop] event_id=2 error=0
08-22 17:16:17.709 I/MpvEvent(17565): [PlaybackTrace][Native][mpv-log] prefix=vf level=v text=[convert] 400x400 yuv420p bt.601/bt.709/srgb/full/display CL=mpeg1/jpeg crop=400x400+0+0 A=none
08-22 17:16:17.709 I/MpvEvent(17565): [PlaybackTrace][Native][eventLoop] event_id=2 error=0
08-22 17:16:17.709 I/MpvEvent(17565): [PlaybackTrace][Native][mpv-log] prefix=vf level=v text=[convert] (disabled)
08-22 17:16:17.709 I/MpvEvent(17565): [PlaybackTrace][Native][eventLoop] event_id=2 error=0
08-22 17:16:17.709 I/MpvEvent(17565): [PlaybackTrace][Native][mpv-log] prefix=vf level=v text=[out] 400x400 yuv420p bt.601/bt.709/srgb/full/display CL=mpeg1/jpeg crop=400x400+0+0 A=none
08-22 17:16:17.709 I/MpvEvent(17565): [PlaybackTrace][Native][eventLoop] event_id=2 error=0
08-22 17:16:17.709 I/MpvEvent(17565): [PlaybackTrace][Native][mpv-log] prefix=af level=v text=[in] 44100Hz stereo 2ch floatp
08-22 17:16:17.709 I/MpvEvent(17565): [PlaybackTrace][Native][eventLoop] event_id=2 error=0
08-22 17:16:17.709 I/MpvEvent(17565): [PlaybackTrace][Native][mpv-log] prefix=af level=v text=[userspeed] 44100Hz stereo 2ch floatp
08-22 17:16:17.709 I/MpvEvent(17565): [PlaybackTrace][Native][eventLoop] event_id=2 error=0
08-22 17:16:17.709 I/MpvEvent(17565): [PlaybackTrace][Native][mpv-log] prefix=af level=v text=[userspeed] (disabled)
08-22 17:16:17.709 I/MpvEvent(17565): [PlaybackTrace][Native][eventLoop] event_id=2 error=0
08-22 17:16:17.709 I/MpvEvent(17565): [PlaybackTrace][Native][mpv-log] prefix=af level=v text=[convert] 44100Hz stereo 2ch floatp
08-22 17:16:17.709 I/MpvEvent(17565): [PlaybackTrace][Native][eventLoop] event_id=2 error=0
08-22 17:16:17.709 I/MpvEvent(17565): [PlaybackTrace][Native][mpv-log] prefix=cplayer level=v text=first video frame after restart shown
08-22 17:16:17.709 D/mpv     (17565): [cplayer] v: first video frame after restart shown
08-22 17:16:17.709 I/MpvEvent(17565): [PlaybackTrace][Native][eventLoop] event_id=2 error=0
08-22 17:16:17.709 I/MpvEvent(17565): [PlaybackTrace][Native][mpv-log] prefix=ao level=v text=Trying audio driver 'audiotrack'
08-22 17:16:17.709 I/MpvEvent(17565): [PlaybackTrace][Native][eventLoop] event_id=2 error=0
08-22 17:16:17.709 I/MpvEvent(17565): [PlaybackTrace][Native][mpv-log] prefix=ao/audiotrack level=v text=requested format: 44100 Hz, stereo channels, floatp
08-22 17:16:17.709 D/mpv     (17565): [ao/audiotrack] v: requested format: 44100 Hz, stereo channels, floatp
08-22 17:16:17.709 I/MpvEvent(17565): [PlaybackTrace][Native][eventLoop] event_id=2 error=0
08-22 17:16:17.709 I/MpvEvent(17565): [PlaybackTrace][Native][mpv-log] prefix=ao/audiotrack level=v text=AudioTrack.nativeOutputSampleRate = 48000
08-22 17:16:17.709 D/mpv     (17565): [ao/audiotrack] v: AudioTrack.nativeOutputSampleRate = 48000
08-22 17:16:17.710 I/MpvEvent(17565): [PlaybackTrace][Native][eventLoop] event_id=2 error=0
08-22 17:16:17.710 I/MpvEvent(17565): [PlaybackTrace][Native][mpv-log] prefix=ao/audiotrack level=v text=Channel layouts:
08-22 17:16:17.710 D/mpv     (17565): [ao/audiotrack] v: Channel layouts:
08-22 17:16:17.710 I/MpvEvent(17565): [PlaybackTrace][Native][eventLoop] event_id=2 error=0
08-22 17:16:17.710 I/MpvEvent(17565): [PlaybackTrace][Native][mpv-log] prefix=ao/audiotrack level=v text= - mono
08-22 17:16:17.710 D/mpv     (17565): [ao/audiotrack] v:  - mono
08-22 17:16:17.710 I/MpvEvent(17565): [PlaybackTrace][Native][eventLoop] event_id=2 error=0
08-22 17:16:17.710 I/MpvEvent(17565): [PlaybackTrace][Native][mpv-log] prefix=ao/audiotrack level=v text= - stereo
08-22 17:16:17.710 D/mpv     (17565): [ao/audiotrack] v:  - stereo
08-22 17:16:17.710 I/MpvEvent(17565): [PlaybackTrace][Native][eventLoop] event_id=2 error=0
08-22 17:16:17.710 I/MpvEvent(17565): [PlaybackTrace][Native][mpv-log] prefix=ao/audiotrack level=v text= - 3.0
08-22 17:16:17.710 D/mpv     (17565): [ao/audiotrack] v:  - 3.0
08-22 17:16:17.711 I/MpvEvent(17565): [PlaybackTrace][Native][eventLoop] event_id=2 error=0
08-22 17:16:17.711 I/MpvEvent(17565): [PlaybackTrace][Native][mpv-log] prefix=ao/audiotrack level=v text= - quad
08-22 17:16:17.711 D/mpv     (17565): [ao/audiotrack] v:  - quad
08-22 17:16:17.711 I/MpvEvent(17565): [PlaybackTrace][Native][eventLoop] event_id=2 error=0
08-22 17:16:17.711 I/MpvEvent(17565): [PlaybackTrace][Native][mpv-log] prefix=ao/audiotrack level=v text= - 5.0
08-22 17:16:17.711 D/mpv     (17565): [ao/audiotrack] v:  - 5.0
08-22 17:16:17.711 I/MpvEvent(17565): [PlaybackTrace][Native][eventLoop] event_id=2 error=0
08-22 17:16:17.711 I/MpvEvent(17565): [PlaybackTrace][Native][mpv-log] prefix=ao/audiotrack level=v text= - 5.1
08-22 17:16:17.711 D/mpv     (17565): [ao/audiotrack] v:  - 5.1
08-22 17:16:17.713 I/MpvEvent(17565): [PlaybackTrace][Native][eventLoop] event_id=2 error=0
08-22 17:16:17.713 I/MpvEvent(17565): [PlaybackTrace][Native][mpv-log] prefix=ao/audiotrack level=v text= - 6.1(back)
08-22 17:16:17.713 D/mpv     (17565): [ao/audiotrack] v:  - 6.1(back)
08-22 17:16:17.713 I/MpvEvent(17565): [PlaybackTrace][Native][eventLoop] event_id=2 error=0
08-22 17:16:17.713 I/MpvEvent(17565): [PlaybackTrace][Native][mpv-log] prefix=ao/audiotrack level=v text= - 7.1
08-22 17:16:17.713 D/mpv     (17565): [ao/audiotrack] v:  - 7.1
08-22 17:16:17.713 I/MpvEvent(17565): [PlaybackTrace][Native][eventLoop] event_id=2 error=0
08-22 17:16:17.713 I/MpvEvent(17565): [PlaybackTrace][Native][mpv-log] prefix=ao/audiotrack level=v text=result: stereo
08-22 17:16:17.713 D/mpv     (17565): [ao/audiotrack] v: result: stereo
08-22 17:16:17.713 I/MpvEvent(17565): [PlaybackTrace][Native][eventLoop] event_id=2 error=0
08-22 17:16:17.713 I/MpvEvent(17565): [PlaybackTrace][Native][mpv-log] prefix=ao/audiotrack level=v text=Setting bufferSize = 52920 (driver=32096, min=26460, max=52920)
08-22 17:16:17.713 D/mpv     (17565): [ao/audiotrack] v: Setting bufferSize = 52920 (driver=32096, min=26460, max=52920)
08-22 17:16:17.713 I/MpvEvent(17565): [PlaybackTrace][Native][eventLoop] event_id=2 error=0
08-22 17:16:17.713 I/MpvEvent(17565): [PlaybackTrace][Native][mpv-log] prefix=ao/audiotrack level=v text=Using NIO ByteBuffer
08-22 17:16:17.713 D/mpv     (17565): [ao/audiotrack] v: Using NIO ByteBuffer
08-22 17:16:17.713 I/MpvEvent(17565): [PlaybackTrace][Native][eventLoop] event_id=2 error=0
08-22 17:16:17.713 I/MpvEvent(17565): [PlaybackTrace][Native][mpv-log] prefix=ao/audiotrack level=v text=Using API21 initializer
08-22 17:16:17.713 D/mpv     (17565): [ao/audiotrack] v: Using API21 initializer
08-22 17:16:17.713 I/MpvEvent(17565): [PlaybackTrace][Native][eventLoop] event_id=2 error=0
08-22 17:16:17.713 I/MpvEvent(17565): [PlaybackTrace][Native][mpv-log] prefix=ao/audiotrack level=v text=AudioTrack.getBufferSizeInFrames = 6615
08-22 17:16:17.713 D/mpv     (17565): [ao/audiotrack] v: AudioTrack.getBufferSizeInFrames = 6615
08-22 17:16:17.713 I/MpvEvent(17565): [PlaybackTrace][Native][eventLoop] event_id=2 error=0
08-22 17:16:17.713 I/MpvEvent(17565): [PlaybackTrace][Native][mpv-log] prefix=ao/audiotrack level=v text=device buffer: 6615 samples.
08-22 17:16:17.713 D/mpv     (17565): [ao/audiotrack] v: device buffer: 6615 samples.
08-22 17:16:17.713 I/MpvEvent(17565): [PlaybackTrace][Native][eventLoop] event_id=2 error=0
08-22 17:16:17.713 I/MpvEvent(17565): [PlaybackTrace][Native][mpv-log] prefix=ao/audiotrack level=v text=using soft-buffer of 8820 samples.
08-22 17:16:17.713 D/mpv     (17565): [ao/audiotrack] v: using soft-buffer of 8820 samples.
08-22 17:16:17.713 I/MpvEvent(17565): [PlaybackTrace][Native][eventLoop] event_id=2 error=0
08-22 17:16:17.714 I/MpvEvent(17565): [PlaybackTrace][Native][mpv-log] prefix=cplayer level=info text=AO: [audiotrack] 44100Hz stereo 2ch float
08-22 17:16:17.714 D/mpv     (17565): [cplayer] info: AO: [audiotrack] 44100Hz stereo 2ch float
08-22 17:16:17.714 I/MpvEvent(17565): [PlaybackTrace][Native][eventLoop] event_id=2 error=0
08-22 17:16:17.714 I/MpvEvent(17565): [PlaybackTrace][Native][mpv-log] prefix=cplayer level=v text=AO: Description: Android AudioTrack audio output
08-22 17:16:17.714 D/mpv     (17565): [cplayer] v: AO: Description: Android AudioTrack audio output
08-22 17:16:17.714 I/MpvEvent(17565): [PlaybackTrace][Native][eventLoop] event_id=2 error=0
08-22 17:16:17.714 I/MpvEvent(17565): [PlaybackTrace][Native][mpv-log] prefix=autoconvert level=v text=inserting resampler
08-22 17:16:17.714 I/MpvEvent(17565): [PlaybackTrace][Native][eventLoop] event_id=2 error=0
08-22 17:16:17.714 I/MpvEvent(17565): [PlaybackTrace][Native][mpv-log] prefix=swresample level=v text=format change, reinitializing resampler
08-22 17:16:17.714 I/MpvEvent(17565): [PlaybackTrace][Native][eventLoop] event_id=2 error=0
08-22 17:16:17.714 I/MpvEvent(17565): [PlaybackTrace][Native][mpv-log] prefix=swresample level=v text=44100Hz stereo floatp -> 44100Hz stereo float
08-22 17:16:17.714 I/MpvEvent(17565): [PlaybackTrace][Native][eventLoop] event_id=2 error=0
08-22 17:16:17.714 I/MpvEvent(17565): [PlaybackTrace][Native][mpv-log] prefix=af level=v text=[out] 44100Hz stereo 2ch float
08-22 17:16:17.723 I/MpvEvent(17565): [PlaybackTrace][Native][eventLoop] event_id=22 error=0
08-22 17:16:17.724 I/MpvEvent(17565): [PlaybackTrace][Native][property] name=paused-for-cache format=6 value=null
08-22 17:16:17.724 I/MpvEvent(17565): [PlaybackTrace][Native][dispatch:property] name=paused-for-cache value=null
08-22 17:16:17.724 D/MPVLib  (17565): onNativePropertyChanged: paused-for-cache = null
08-22 17:16:17.724 I/MpvBridgeModule(17565): [PlaybackTrace][Bridge][listener:property] name=paused-for-cache value=null
08-22 17:16:17.725 I/MpvEvent(17565): [PlaybackTrace][Native][eventLoop] event_id=22 error=0
08-22 17:16:17.725 I/MpvEvent(17565): [PlaybackTrace][Native][property] name=demuxer-cache-state format=6 value=null
08-22 17:16:17.725 I/MpvEvent(17565): [PlaybackTrace][Native][dispatch:property] name=demuxer-cache-state value=null
08-22 17:16:17.725 I/MpvBridgeModule(17565): [PlaybackTrace][Bridge][listener:property] name=demuxer-cache-state value=null
08-22 17:16:17.726 I/MpvEvent(17565): [PlaybackTrace][Native][eventLoop] event_id=2 error=0
08-22 17:16:17.726 I/MpvEvent(17565): [PlaybackTrace][Native][mpv-log] prefix=cplayer level=v text=audio ready
08-22 17:16:17.726 D/mpv     (17565): [cplayer] v: audio ready
08-22 17:16:17.726 I/MpvEvent(17565): [PlaybackTrace][Native][eventLoop] event_id=2 error=0
08-22 17:16:17.726 I/MpvEvent(17565): [PlaybackTrace][Native][mpv-log] prefix=cplayer level=v text=starting audio playback
08-22 17:16:17.726 D/mpv     (17565): [cplayer] v: starting audio playback
08-22 17:16:17.740 I/MpvEvent(17565): [PlaybackTrace][Native][eventLoop] event_id=21 error=0
08-22 17:16:17.740 I/MpvEvent(17565): [PlaybackTrace][Native][eventLoop] MPV_EVENT_PLAYBACK_RESTART
08-22 17:16:17.740 I/MpvEvent(17565): [PlaybackTrace][Native][dispatch:event] name=playbackRestart payload={}
08-22 17:16:17.745 I/MpvBridgeModule(17565): [PlaybackTrace][Bridge][listener:event] name=playbackRestart payload={}
08-22 17:16:17.752 I/MpvEvent(17565): [PlaybackTrace][Native][eventLoop] event_id=2 error=0
08-22 17:16:17.753 I/MpvEvent(17565): [PlaybackTrace][Native][mpv-log] prefix=cplayer level=v text=playback restart complete @ 0.000001, audio=playing, video=eof
08-22 17:16:17.753 D/mpv     (17565): [cplayer] v: playback restart complete @ 0.000001, audio=playing, video=eof
08-22 17:16:17.753 I/MpvEvent(17565): [PlaybackTrace][Native][eventLoop] event_id=2 error=0
08-22 17:16:17.753 I/MpvEvent(17565): [PlaybackTrace][Native][mpv-log] prefix=cplayer level=warn text=Audio device underrun detected.
08-22 17:16:17.753 D/mpv     (17565): [cplayer] warn: Audio device underrun detected.
08-22 17:16:17.791 I/MpvJNI  (17565): [PlaybackTrace][Native][getDuration] result=0 duration=149.696033
08-22 17:16:17.791 D/MpvBridgeModule(17565): [PlaybackTrace][Bridge][getDuration] ptr=131217388352464 duration=149.69603333333333
08-22 17:16:17.793 I/MpvEvent(17565): [PlaybackTrace][Native][eventLoop] event_id=2 error=0
08-22 17:16:17.793 I/MpvEvent(17565): [PlaybackTrace][Native][mpv-log] prefix=cplayer level=v text=restarting audio after underrun
08-22 17:16:17.793 D/mpv     (17565): [cplayer] v: restarting audio after underrun
08-22 17:16:17.839 I/MpvEvent(17565): [PlaybackTrace][Native][eventLoop] event_id=22 error=0
08-22 17:16:17.839 I/MpvEvent(17565): [PlaybackTrace][Native][property] name=demuxer-cache-state format=6 value=null
08-22 17:16:17.839 I/MpvEvent(17565): [PlaybackTrace][Native][dispatch:property] name=demuxer-cache-state value=null
08-22 17:16:17.840 I/MpvBridgeModule(17565): [PlaybackTrace][Bridge][listener:property] name=demuxer-cache-state value=null
08-22 17:16:18.111 I/MpvEvent(17565): [PlaybackTrace][Native][eventLoop] event_id=22 error=0
08-22 17:16:18.112 I/MpvEvent(17565): [PlaybackTrace][Native][property] name=demuxer-cache-state format=6 value=null
08-22 17:16:18.112 I/MpvEvent(17565): [PlaybackTrace][Native][dispatch:property] name=demuxer-cache-state value=null
08-22 17:16:18.116 I/MpvBridgeModule(17565): [PlaybackTrace][Bridge][listener:property] name=demuxer-cache-state value=null
08-22 17:16:18.196 I/MpvJNI  (17565): [PlaybackTrace][Native][getPosition] result=0 position=0.349656
08-22 17:16:18.197 D/MpvBridgeModule(17565): [PlaybackTrace][Bridge][getPosition] ptr=131217388352464 position=0.34965599909070255
08-22 17:16:18.197 I/MpvJNI  (17565): [PlaybackTrace][Native][getDuration] result=0 duration=149.696033
08-22 17:16:18.197 D/MpvBridgeModule(17565): [PlaybackTrace][Bridge][getDuration] ptr=131217388352464 duration=149.69603333333333
08-22 17:16:18.197 D/MpvBridgeModule(17565): [PlaybackTrace][Bridge][getPlaybackState] ptr=131217388352464 state=playing idle=false eof=false pause=false
08-22 17:16:18.211 I/MpvJNI  (17565): [PlaybackTrace][Native][getDuration] result=0 duration=149.696033
08-22 17:16:18.211 D/MpvBridgeModule(17565): [PlaybackTrace][Bridge][getDuration] ptr=131217388352464 duration=149.69603333333333
08-22 17:16:18.369 I/MpvEvent(17565): [PlaybackTrace][Native][eventLoop] event_id=22 error=0
08-22 17:16:18.370 I/MpvEvent(17565): [PlaybackTrace][Native][property] name=demuxer-cache-state format=6 value=null
08-22 17:16:18.372 I/MpvEvent(17565): [PlaybackTrace][Native][dispatch:property] name=demuxer-cache-state value=null
08-22 17:16:18.374 I/MpvBridgeModule(17565): [PlaybackTrace][Bridge][listener:property] name=demuxer-cache-state value=null
08-22 17:16:18.620 I/MpvEvent(17565): [PlaybackTrace][Native][eventLoop] event_id=22 error=0
08-22 17:16:18.621 I/MpvEvent(17565): [PlaybackTrace][Native][property] name=demuxer-cache-state format=6 value=null
08-22 17:16:18.621 I/MpvEvent(17565): [PlaybackTrace][Native][dispatch:property] name=demuxer-cache-state value=null
08-22 17:16:18.621 I/MpvBridgeModule(17565): [PlaybackTrace][Bridge][listener:property] name=demuxer-cache-state value=null
08-22 17:16:18.629 I/MpvJNI  (17565): [PlaybackTrace][Native][getPosition] result=0 position=0.793444
08-22 17:16:18.629 D/MpvBridgeModule(17565): [PlaybackTrace][Bridge][getPosition] ptr=131217388352464 position=0.7934442060907037
08-22 17:16:18.629 I/MpvJNI  (17565): [PlaybackTrace][Native][getDuration] result=0 duration=149.696033
08-22 17:16:18.629 D/MpvBridgeModule(17565): [PlaybackTrace][Bridge][getDuration] ptr=131217388352464 duration=149.69603333333333
08-22 17:16:18.629 D/MpvBridgeModule(17565): [PlaybackTrace][Bridge][getPlaybackState] ptr=131217388352464 state=playing idle=false eof=false pause=false
08-22 17:16:18.645 I/MpvJNI  (17565): [PlaybackTrace][Native][getDuration] result=0 duration=149.696033
08-22 17:16:18.645 D/MpvBridgeModule(17565): [PlaybackTrace][Bridge][getDuration] ptr=131217388352464 duration=149.69603333333333
08-22 17:16:18.929 I/MpvEvent(17565): [PlaybackTrace][Native][eventLoop] event_id=22 error=0
08-22 17:16:18.929 I/MpvEvent(17565): [PlaybackTrace][Native][property] name=demuxer-cache-state format=6 value=null
08-22 17:16:18.929 I/MpvEvent(17565): [PlaybackTrace][Native][dispatch:property] name=demuxer-cache-state value=null
08-22 17:16:18.930 I/MpvBridgeModule(17565): [PlaybackTrace][Bridge][listener:property] name=demuxer-cache-state value=null
08-22 17:16:18.930 I/MpvEvent(17565): [PlaybackTrace][Native][eventLoop] event_id=2 error=0
08-22 17:16:18.930 I/MpvEvent(17565): [PlaybackTrace][Native][mpv-log] prefix=cplayer level=warn text=Audio device underrun detected.
08-22 17:16:18.930 D/mpv     (17565): [cplayer] warn: Audio device underrun detected.
08-22 17:16:18.930 I/MpvEvent(17565): [PlaybackTrace][Native][eventLoop] event_id=2 error=0
08-22 17:16:18.930 I/MpvEvent(17565): [PlaybackTrace][Native][mpv-log] prefix=cplayer level=v text=restarting audio after underrun
08-22 17:16:18.930 D/mpv     (17565): [cplayer] v: restarting audio after underrun
08-22 17:16:19.073 I/MpvJNI  (17565): [PlaybackTrace][Native][getPosition] result=0 position=1.224563
08-22 17:16:19.073 D/MpvBridgeModule(17565): [PlaybackTrace][Bridge][getPosition] ptr=131217388352464 position=1.2245634641723377
08-22 17:16:19.074 I/MpvJNI  (17565): [PlaybackTrace][Native][getDuration] result=0 duration=149.696033
08-22 17:16:19.074 D/MpvBridgeModule(17565): [PlaybackTrace][Bridge][getDuration] ptr=131217388352464 duration=149.69603333333333
08-22 17:16:19.074 D/MpvBridgeModule(17565): [PlaybackTrace][Bridge][getPlaybackState] ptr=131217388352464 state=playing idle=false eof=false pause=false
08-22 17:16:19.108 I/MpvJNI  (17565): [PlaybackTrace][Native][getDuration] result=0 duration=149.696033
08-22 17:16:19.108 D/MpvBridgeModule(17565): [PlaybackTrace][Bridge][getDuration] ptr=131217388352464 duration=149.69603333333333
08-22 17:16:19.125 I/MpvEvent(17565): [PlaybackTrace][Native][eventLoop] event_id=22 error=0
08-22 17:16:19.133 I/MpvEvent(17565): [PlaybackTrace][Native][property] name=demuxer-cache-state format=6 value=null
08-22 17:16:19.133 I/MpvEvent(17565): [PlaybackTrace][Native][dispatch:property] name=demuxer-cache-state value=null
08-22 17:16:19.134 I/MpvBridgeModule(17565): [PlaybackTrace][Bridge][listener:property] name=demuxer-cache-state value=null
08-22 17:16:19.374 I/MpvEvent(17565): [PlaybackTrace][Native][eventLoop] event_id=22 error=0
08-22 17:16:19.376 I/MpvEvent(17565): [PlaybackTrace][Native][property] name=demuxer-cache-state format=6 value=null
08-22 17:16:19.377 I/MpvEvent(17565): [PlaybackTrace][Native][dispatch:property] name=demuxer-cache-state value=null
08-22 17:16:19.377 I/MpvBridgeModule(17565): [PlaybackTrace][Bridge][listener:property] name=demuxer-cache-state value=null
08-22 17:16:19.442 I/MpvJNI  (17565): [PlaybackTrace][Native][getPosition] result=0 position=1.555677
08-22 17:16:19.442 D/MpvBridgeModule(17565): [PlaybackTrace][Bridge][getPosition] ptr=131217388352464 position=1.5556773551723382
08-22 17:16:19.443 I/MpvJNI  (17565): [PlaybackTrace][Native][getDuration] result=0 duration=149.696033
08-22 17:16:19.443 D/MpvBridgeModule(17565): [PlaybackTrace][Bridge][getDuration] ptr=131217388352464 duration=149.69603333333333
08-22 17:16:19.443 D/MpvBridgeModule(17565): [PlaybackTrace][Bridge][getPlaybackState] ptr=131217388352464 state=playing idle=false eof=false pause=false
08-22 17:16:19.458 I/MpvJNI  (17565): [PlaybackTrace][Native][getDuration] result=0 duration=149.696033
08-22 17:16:19.458 D/MpvBridgeModule(17565): [PlaybackTrace][Bridge][getDuration] ptr=131217388352464 duration=149.69603333333333
08-22 17:16:19.624 I/MpvEvent(17565): [PlaybackTrace][Native][eventLoop] event_id=22 error=0
08-22 17:16:19.625 I/MpvEvent(17565): [PlaybackTrace][Native][property] name=demuxer-cache-state format=6 value=null
08-22 17:16:19.625 I/MpvEvent(17565): [PlaybackTrace][Native][dispatch:property] name=demuxer-cache-state value=null
08-22 17:16:19.625 I/MpvBridgeModule(17565): [PlaybackTrace][Bridge][listener:property] name=demuxer-cache-state value=null
08-22 17:16:19.874 I/MpvEvent(17565): [PlaybackTrace][Native][eventLoop] event_id=22 error=0
08-22 17:16:19.874 I/MpvEvent(17565): [PlaybackTrace][Native][property] name=demuxer-cache-state format=6 value=null
08-22 17:16:19.874 I/MpvEvent(17565): [PlaybackTrace][Native][dispatch:property] name=demuxer-cache-state value=null
08-22 17:16:19.875 I/MpvBridgeModule(17565): [PlaybackTrace][Bridge][listener:property] name=demuxer-cache-state value=null
08-22 17:16:20.077 I/MpvJNI  (17565): [PlaybackTrace][Native][getPosition] result=0 position=2.240510
08-22 17:16:20.077 D/MpvBridgeModule(17565): [PlaybackTrace][Bridge][getPosition] ptr=131217388352464 position=2.2405097721723344
08-22 17:16:20.077 I/MpvJNI  (17565): [PlaybackTrace][Native][getDuration] result=0 duration=149.696033
08-22 17:16:20.077 D/MpvBridgeModule(17565): [PlaybackTrace][Bridge][getDuration] ptr=131217388352464 duration=149.69603333333333
08-22 17:16:20.077 D/MpvBridgeModule(17565): [PlaybackTrace][Bridge][getPlaybackState] ptr=131217388352464 state=playing idle=false eof=false pause=false
08-22 17:16:20.093 I/MpvJNI  (17565): [PlaybackTrace][Native][getDuration] result=0 duration=149.696033
08-22 17:16:20.094 D/MpvBridgeModule(17565): [PlaybackTrace][Bridge][getDuration] ptr=131217388352464 duration=149.69603333333333
08-22 17:16:20.235 I/MpvEvent(17565): [PlaybackTrace][Native][eventLoop] event_id=22 error=0
08-22 17:16:20.235 I/MpvEvent(17565): [PlaybackTrace][Native][property] name=demuxer-cache-state format=6 value=null
08-22 17:16:20.235 I/MpvEvent(17565): [PlaybackTrace][Native][dispatch:property] name=demuxer-cache-state value=null
08-22 17:16:20.236 I/MpvBridgeModule(17565): [PlaybackTrace][Bridge][listener:property] name=demuxer-cache-state value=null
08-22 17:16:20.482 I/MpvJNI  (17565): [PlaybackTrace][Native][getDuration] result=0 duration=149.696033
08-22 17:16:20.482 D/MpvBridgeModule(17565): [PlaybackTrace][Bridge][getDuration] ptr=131217388352464 duration=149.69603333333333
08-22 17:16:20.490 I/MpvEvent(17565): [PlaybackTrace][Native][eventLoop] event_id=22 error=0
08-22 17:16:20.491 I/MpvEvent(17565): [PlaybackTrace][Native][property] name=demuxer-cache-state format=6 value=null
08-22 17:16:20.491 I/MpvEvent(17565): [PlaybackTrace][Native][dispatch:property] name=demuxer-cache-state value=null
08-22 17:16:20.491 I/MpvBridgeModule(17565): [PlaybackTrace][Bridge][listener:property] name=demuxer-cache-state value=null
08-22 17:16:20.705 I/MpvJNI  (17565): [PlaybackTrace][Native][getPosition] result=0 position=2.867806
08-22 17:16:20.706 D/MpvBridgeModule(17565): [PlaybackTrace][Bridge][getPosition] ptr=131217388352464 position=2.8678064861723316
08-22 17:16:20.706 I/MpvJNI  (17565): [PlaybackTrace][Native][getDuration] result=0 duration=149.696033
08-22 17:16:20.706 D/MpvBridgeModule(17565): [PlaybackTrace][Bridge][getDuration] ptr=131217388352464 duration=149.69603333333333
08-22 17:16:20.706 D/MpvBridgeModule(17565): [PlaybackTrace][Bridge][getPlaybackState] ptr=131217388352464 state=playing idle=false eof=false pause=false
08-22 17:16:20.718 I/MpvJNI  (17565): [PlaybackTrace][Native][getDuration] result=0 duration=149.696033
08-22 17:16:20.719 D/MpvBridgeModule(17565): [PlaybackTrace][Bridge][getDuration] ptr=131217388352464 duration=149.69603333333333
08-22 17:16:21.018 I/ReactNativeJS(17565): '[INFO]', '[PlaybackTrace][Controller][loadAndResume:before]', { uri: 'https://prod-1.storage.jamendo.com/?trackid=1593988&format=mp31&from=%2FV3E9Qwm8kkOD6hbkNYXkg%3D%3D%7CMJJdmScXeWFhFQqasgwXjQ%3D%3D',
08-22 17:16:21.019 I/ReactNativeJS(17565): '[INFO]', '[PlaybackTrace][JS][loadFile:call]', { requestedPath: 'https://prod-1.storage.jamendo.com/?trackid=1593988&format=mp31&from=%2FV3E9Qwm8kkOD6hbkNYXkg%3D%3D%7CMJJdmScXeWFhFQqasgwXjQ%3D%3D',
08-22 17:16:21.021 I/MpvBridgeModule(17565): [PlaybackTrace][Bridge][loadFile] requested=https://prod-1.storage.jamendo.com/?trackid=1593988&format=mp31&from=%2FV3E9Qwm8kkOD6hbkNYXkg%3D%3D%7CMJJdmScXeWFhFQqasgwXjQ%3D%3D resolved=https://prod-1.storage.jamendo.com/?trackid=1593988&format=mp31&from=%2FV3E9Qwm8kkOD6hbkNYXkg%3D%3D%7CMJJdmScXeWFhFQqasgwXjQ%3D%3D ptr=131217388352464
08-22 17:16:21.021 I/MpvJNI  (17565): [PlaybackTrace][Native][loadFile] begin path=https://prod-1.storage.jamendo.com/?trackid=1593988&format=mp31&from=%2FV3E9Qwm8kkOD6hbkNYXkg%3D%3D%7CMJJdmScXeWFhFQqasgwXjQ%3D%3D initialized=1
08-22 17:16:21.021 I/MpvJNI  (17565): [PlaybackTrace][Native][loadFile] loadfile command accepted result=0
08-22 17:16:21.022 I/MpvBridgeModule(17565): [PlaybackTrace][Bridge][loadFile] nativeLoadFile returned
08-22 17:16:21.022 I/ReactNativeJS(17565): '[INFO]', '[PlaybackTrace][JS][loadFile:return]', { resolvedPath: 'https://prod-1.storage.jamendo.com/?trackid=1593988&format=mp31&from=%2FV3E9Qwm8kkOD6hbkNYXkg%3D%3D%7CMJJdmScXeWFhFQqasgwXjQ%3D%3D' }
08-22 17:16:21.022 I/ReactNativeJS(17565): '[INFO]', '[PlaybackTrace][Controller][loadAndResume:loaded]', 'https://prod-1.storage.jamendo.com/?trackid=1593988&format=mp31&from=%2FV3E9Qwm8kkOD6hbkNYXkg%3D%3D%7CMJJdmScXeWFhFQqasgwXjQ%3D%3D'
08-22 17:16:21.022 I/ReactNativeJS(17565): '[INFO]', '[PlaybackTrace][JS][resume:call]'
08-22 17:16:21.022 I/MpvEvent(17565): [PlaybackTrace][Native][eventLoop] event_id=2 error=0
08-22 17:16:21.022 I/MpvEvent(17565): [PlaybackTrace][Native][mpv-log] prefix=cplayer level=v text=EOF code: 3  
08-22 17:16:21.022 D/mpv     (17565): [cplayer] v: EOF code: 3  
08-22 17:16:21.023 I/MpvBridgeModule(17565): [PlaybackTrace][Bridge][play] ptr=131217388352464
08-22 17:16:21.023 I/ReactNativeJS(17565): '[INFO]', '[PlaybackTrace][Controller][loadAndResume:resumed]', 'https://prod-1.storage.jamendo.com/?trackid=1593988&format=mp31&from=%2FV3E9Qwm8kkOD6hbkNYXkg%3D%3D%7CMJJdmScXeWFhFQqasgwXjQ%3D%3D'
08-22 17:16:21.030 I/MpvEvent(17565): [PlaybackTrace][Native][eventLoop] event_id=18 error=0
08-22 17:16:21.030 I/MpvEvent(17565): [PlaybackTrace][Native][eventLoop] MPV_EVENT_AUDIO_RECONFIG
08-22 17:16:21.030 I/MpvEvent(17565): [PlaybackTrace][Native][dispatch:event] name=audioReconfig payload={}
08-22 17:16:21.031 I/MpvBridgeModule(17565): [PlaybackTrace][Bridge][listener:event] name=audioReconfig payload={}
08-22 17:16:21.037 I/MpvEvent(17565): [PlaybackTrace][Native][eventLoop] event_id=17 error=0
08-22 17:16:21.037 I/MpvEvent(17565): MPV_EVENT_VIDEO_RECONFIG
08-22 17:16:21.037 I/MpvEvent(17565): [PlaybackTrace][Native][dispatch:event] name=videoReconfig payload={}
08-22 17:16:21.038 I/MpvBridgeModule(17565): [PlaybackTrace][Bridge][listener:event] name=videoReconfig payload={}
08-22 17:16:21.050 I/MpvEvent(17565): [PlaybackTrace][Native][eventLoop] event_id=18 error=0
08-22 17:16:21.050 I/MpvEvent(17565): [PlaybackTrace][Native][eventLoop] MPV_EVENT_AUDIO_RECONFIG
08-22 17:16:21.050 I/MpvEvent(17565): [PlaybackTrace][Native][dispatch:event] name=audioReconfig payload={}
08-22 17:16:21.050 I/MpvBridgeModule(17565): [PlaybackTrace][Bridge][listener:event] name=audioReconfig payload={}
08-22 17:16:21.055 I/MpvJNI  (17565): [PlaybackTrace][Native][play] pause=no result=0
08-22 17:16:21.055 I/MpvEvent(17565): [PlaybackTrace][Native][eventLoop] event_id=2 error=0
08-22 17:16:21.055 I/MpvEvent(17565): [PlaybackTrace][Native][mpv-log] prefix=cplayer level=v text=Set property: pause="no" -> 1
08-22 17:16:21.055 I/MpvJNI  (17565): [PlaybackTrace][Native][getPosition] result=-10 position=0.000000
08-22 17:16:21.055 D/mpv     (17565): [cplayer] v: Set property: pause="no" -> 1
08-22 17:16:21.055 I/MpvBridgeModule(17565): [PlaybackTrace][Bridge][play] nativePlay returned
08-22 17:16:21.055 D/MpvBridgeModule(17565): [PlaybackTrace][Bridge][getPosition] ptr=131217388352464 position=0.0
08-22 17:16:21.055 I/MpvJNI  (17565): [PlaybackTrace][Native][getDuration] result=-10 duration=0.000000
08-22 17:16:21.055 D/MpvBridgeModule(17565): [PlaybackTrace][Bridge][getDuration] ptr=131217388352464 duration=0.0
08-22 17:16:21.059 I/MpvEvent(17565): [PlaybackTrace][Native][eventLoop] event_id=7 error=0
08-22 17:16:21.059 E/MpvEvent(17565): [PlaybackTrace][Native][eventLoop] MPV_EVENT_END_FILE reason=2 error=0
08-22 17:16:21.059 I/MpvEvent(17565): [PlaybackTrace][Native][dispatch:event] name=endFile payload={"reason":2,"error":0}
08-22 17:16:21.059 D/MPVLib  (17565): onNativeEvent: endFile {"reason":2,"error":0}
08-22 17:16:21.059 I/MpvBridgeModule(17565): [PlaybackTrace][Bridge][listener:event] name=endFile payload={"reason":2,"error":0}
08-22 17:16:21.060 D/MpvBridgeModule(17565): [PlaybackTrace][Bridge][getPlaybackState] ptr=131217388352464 state=playing idle=false eof=false pause=false
08-22 17:16:21.061 I/MpvEvent(17565): [PlaybackTrace][Native][eventLoop] event_id=22 error=0
08-22 17:16:21.061 I/MpvEvent(17565): [PlaybackTrace][Native][eventLoop] property=cache-buffering-state format=NONE
08-22 17:16:21.061 I/MpvEvent(17565): [PlaybackTrace][Native][eventLoop] event_id=22 error=0
08-22 17:16:21.061 I/MpvEvent(17565): [PlaybackTrace][Native][eventLoop] property=paused-for-cache format=NONE
08-22 17:16:21.061 I/MpvEvent(17565): [PlaybackTrace][Native][eventLoop] event_id=22 error=0
08-22 17:16:21.061 I/MpvEvent(17565): [PlaybackTrace][Native][eventLoop] property=demuxer-cache-state format=NONE
08-22 17:16:21.061 I/MpvEvent(17565): [PlaybackTrace][Native][eventLoop] event_id=22 error=0
08-22 17:16:21.061 I/MpvEvent(17565): [PlaybackTrace][Native][eventLoop] property=seekable format=NONE
08-22 17:16:21.061 I/MpvEvent(17565): [PlaybackTrace][Native][eventLoop] event_id=2 error=0
08-22 17:16:21.061 I/MpvEvent(17565): [PlaybackTrace][Native][mpv-log] prefix=cplayer level=v text=finished playback, success (reason 2)
08-22 17:16:21.061 D/mpv     (17565): [cplayer] v: finished playback, success (reason 2)
08-22 17:16:21.061 I/MpvEvent(17565): [PlaybackTrace][Native][eventLoop] event_id=2 error=0
08-22 17:16:21.061 I/MpvEvent(17565): [PlaybackTrace][Native][mpv-log] prefix=cplayer level=v text=Running hook: ytdl_hook/on_after_end_file
08-22 17:16:21.061 D/mpv     (17565): [cplayer] v: Running hook: ytdl_hook/on_after_end_file
08-22 17:16:21.061 I/MpvEvent(17565): [PlaybackTrace][Native][eventLoop] event_id=6 error=0
08-22 17:16:21.061 I/MpvEvent(17565): MPV_EVENT_START_FILE
08-22 17:16:21.061 I/MpvEvent(17565): [PlaybackTrace][Native][dispatch:event] name=startFile payload={}
08-22 17:16:21.061 D/MPVLib  (17565): onNativeEvent: startFile {}
08-22 17:16:21.061 I/MpvBridgeModule(17565): [PlaybackTrace][Bridge][listener:event] name=startFile payload={}
08-22 17:16:21.063 I/MpvEvent(17565): [PlaybackTrace][Native][eventLoop] event_id=2 error=0
08-22 17:16:21.063 I/MpvEvent(17565): [PlaybackTrace][Native][mpv-log] prefix=cplayer level=v text=Running hook: ytdl_hook/on_load
08-22 17:16:21.063 D/mpv     (17565): [cplayer] v: Running hook: ytdl_hook/on_load
08-22 17:16:21.064 I/MpvEvent(17565): [PlaybackTrace][Native][eventLoop] event_id=2 error=0
08-22 17:16:21.064 I/MpvEvent(17565): [PlaybackTrace][Native][mpv-log] prefix=cplayer level=v text=Running hook: ytdl_hook/on_load
08-22 17:16:21.064 D/mpv     (17565): [cplayer] v: Running hook: ytdl_hook/on_load
08-22 17:16:21.064 I/MpvEvent(17565): [PlaybackTrace][Native][eventLoop] event_id=2 error=0
08-22 17:16:21.064 I/MpvEvent(17565): [PlaybackTrace][Native][mpv-log] prefix=ytdl_hook level=v text=playlist hook
08-22 17:16:21.070 I/MpvEvent(17565): [PlaybackTrace][Native][eventLoop] event_id=2 error=0
08-22 17:16:21.070 I/MpvEvent(17565): [PlaybackTrace][Native][mpv-log] prefix=stream_callback level=v text=Opening https://prod-1.storage.jamendo.com/?trackid=1593988&format=mp31&from=%2FV3E9Qwm8kkOD6hbkNYXkg%3D%3D%7CMJJdmScXeWFhFQqasgwXjQ%3D%3D
08-22 17:16:21.070 I/MpvEvent(17565): [PlaybackTrace][Native][eventLoop] event_id=2 error=0
08-22 17:16:21.070 I/MpvEvent(17565): [PlaybackTrace][Native][mpv-log] prefix=ffmpeg level=v text=Opening https://prod-1.storage.jamendo.com/?trackid=1593988&format=mp31&from=%2FV3E9Qwm8kkOD6hbkNYXkg%3D%3D%7CMJJdmScXeWFhFQqasgwXjQ%3D%3D
08-22 17:16:21.070 D/mpv     (17565): [ffmpeg] v: Opening https://prod-1.storage.jamendo.com/?trackid=1593988&format=mp31&from=%2FV3E9Qwm8kkOD6hbkNYXkg%3D%3D%7CMJJdmScXeWFhFQqasgwXjQ%3D%3D
08-22 17:16:21.086 I/MpvJNI  (17565): [PlaybackTrace][Native][getDuration] result=-10 duration=0.000000
08-22 17:16:21.086 D/MpvBridgeModule(17565): [PlaybackTrace][Bridge][getDuration] ptr=131217388352464 duration=0.0
08-22 17:16:21.453 I/ReactNativeJS(17565): '[INFO]', '[PlaybackTrace][JS][resume:call]'
08-22 17:16:21.454 I/MpvBridgeModule(17565): [PlaybackTrace][Bridge][play] ptr=131217388352464
08-22 17:16:21.455 I/MpvJNI  (17565): [PlaybackTrace][Native][play] pause=no result=0
08-22 17:16:21.455 I/MpvBridgeModule(17565): [PlaybackTrace][Bridge][play] nativePlay returned
08-22 17:16:21.457 I/MpvEvent(17565): [PlaybackTrace][Native][eventLoop] event_id=2 error=0
08-22 17:16:21.458 I/MpvEvent(17565): [PlaybackTrace][Native][mpv-log] prefix=cplayer level=v text=Set property: pause="no" -> 1
08-22 17:16:21.458 D/mpv     (17565): [cplayer] v: Set property: pause="no" -> 1
08-22 17:16:21.494 I/MpvJNI  (17565): [PlaybackTrace][Native][getPosition] result=-10 position=0.000000
08-22 17:16:21.494 D/MpvBridgeModule(17565): [PlaybackTrace][Bridge][getPosition] ptr=131217388352464 position=0.0
08-22 17:16:21.494 I/MpvJNI  (17565): [PlaybackTrace][Native][getDuration] result=-10 duration=0.000000
08-22 17:16:21.495 D/MpvBridgeModule(17565): [PlaybackTrace][Bridge][getDuration] ptr=131217388352464 duration=0.0
08-22 17:16:21.497 D/MpvBridgeModule(17565): [PlaybackTrace][Bridge][getPlaybackState] ptr=131217388352464 state=playing idle=false eof=false pause=false
08-22 17:16:22.020 I/MpvJNI  (17565): [PlaybackTrace][Native][getPosition] result=-10 position=0.000000
08-22 17:16:22.020 D/MpvBridgeModule(17565): [PlaybackTrace][Bridge][getPosition] ptr=131217388352464 position=0.0
08-22 17:16:22.021 I/MpvJNI  (17565): [PlaybackTrace][Native][getDuration] result=-10 duration=0.000000
08-22 17:16:22.021 D/MpvBridgeModule(17565): [PlaybackTrace][Bridge][getDuration] ptr=131217388352464 duration=0.0
08-22 17:16:22.022 D/MpvBridgeModule(17565): [PlaybackTrace][Bridge][getPlaybackState] ptr=131217388352464 state=playing idle=false eof=false pause=false
08-22 17:16:22.153 I/MpvEvent(17565): [PlaybackTrace][Native][eventLoop] event_id=2 error=0
08-22 17:16:22.153 I/MpvEvent(17565): [PlaybackTrace][Native][mpv-log] prefix=ffmpeg level=v text=Mime-type: 'audio/mpeg'
08-22 17:16:22.153 D/mpv     (17565): [ffmpeg] v: Mime-type: 'audio/mpeg'
08-22 17:16:22.154 I/MpvEvent(17565): [PlaybackTrace][Native][eventLoop] event_id=2 error=0
08-22 17:16:22.154 I/MpvEvent(17565): [PlaybackTrace][Native][mpv-log] prefix=demux level=v text=Trying demuxers for level=normal.
08-22 17:16:22.163 I/MpvEvent(17565): [PlaybackTrace][Native][eventLoop] event_id=2 error=0
08-22 17:16:22.163 I/MpvEvent(17565): [PlaybackTrace][Native][mpv-log] prefix=lavf level=v text=Found 'mp3' at score=24 size=2048.
08-22 17:16:22.382 I/MpvEvent(17565): [PlaybackTrace][Native][eventLoop] event_id=2 error=0
08-22 17:16:22.382 I/MpvEvent(17565): [PlaybackTrace][Native][mpv-log] prefix=lavf level=v text=avformat_find_stream_info() finished after 32275 bytes.
08-22 17:16:22.382 I/MpvEvent(17565): [PlaybackTrace][Native][eventLoop] event_id=2 error=0
08-22 17:16:22.382 I/MpvEvent(17565): [PlaybackTrace][Native][mpv-log] prefix=lavf level=v text=Assuming this is an image format.
08-22 17:16:22.382 I/MpvEvent(17565): [PlaybackTrace][Native][eventLoop] event_id=2 error=0
08-22 17:16:22.382 I/MpvEvent(17565): [PlaybackTrace][Native][mpv-log] prefix=demux level=v text=Detected file format: mp3 (libavformat)
08-22 17:16:22.383 I/MpvEvent(17565): [PlaybackTrace][Native][eventLoop] event_id=2 error=0
08-22 17:16:22.383 I/MpvEvent(17565): [PlaybackTrace][Native][mpv-log] prefix=cplayer level=v text=Opening done: https://prod-1.storage.jamendo.com/?trackid=1593988&format=mp31&from=%2FV3E9Qwm8kkOD6hbkNYXkg%3D%3D%7CMJJdmScXeWFhFQqasgwXjQ%3D%3D
08-22 17:16:22.383 D/mpv     (17565): [cplayer] v: Opening done: https://prod-1.storage.jamendo.com/?trackid=1593988&format=mp31&from=%2FV3E9Qwm8kkOD6hbkNYXkg%3D%3D%7CMJJdmScXeWFhFQqasgwXjQ%3D%3D
08-22 17:16:22.386 I/MpvEvent(17565): [PlaybackTrace][Native][eventLoop] event_id=2 error=0
08-22 17:16:22.387 I/MpvEvent(17565): [PlaybackTrace][Native][mpv-log] prefix=cplayer level=v text=Running hook: ytdl_hook/on_preloaded
08-22 17:16:22.387 D/mpv     (17565): [cplayer] v: Running hook: ytdl_hook/on_preloaded
08-22 17:16:22.399 I/MpvEvent(17565): [PlaybackTrace][Native][eventLoop] event_id=2 error=0
08-22 17:16:22.399 I/MpvEvent(17565): [PlaybackTrace][Native][mpv-log] prefix=lavf level=v text=select track 1
08-22 17:16:22.400 I/MpvEvent(17565): [PlaybackTrace][Native][eventLoop] event_id=2 error=0
08-22 17:16:22.400 I/MpvEvent(17565): [PlaybackTrace][Native][mpv-log] prefix=lavf level=v text=select track 0
08-22 17:16:22.400 I/MpvEvent(17565): [PlaybackTrace][Native][eventLoop] event_id=2 error=0
08-22 17:16:22.400 I/MpvEvent(17565): [PlaybackTrace][Native][mpv-log] prefix=cplayer level=info text=ΓùÅ Image  --vid=1  'Cover Image' (mjpeg [Baseline] 400x400)
08-22 17:16:22.401 D/mpv     (17565): [cplayer] info: ΓùÅ Image  --vid=1  'Cover Image' (mjpeg [Baseline] 400x400)
08-22 17:16:22.401 I/MpvEvent(17565): [PlaybackTrace][Native][eventLoop] event_id=2 error=0
08-22 17:16:22.401 I/MpvEvent(17565): [PlaybackTrace][Native][mpv-log] prefix=cplayer level=info text=ΓùÅ Audio  --aid=1  (mp3 2ch 44100 Hz 96 kbps)
08-22 17:16:22.401 D/mpv     (17565): [cplayer] info: ΓùÅ Audio  --aid=1  (mp3 2ch 44100 Hz 96 kbps)
08-22 17:16:22.402 I/MpvEvent(17565): [PlaybackTrace][Native][eventLoop] event_id=2 error=0
08-22 17:16:22.402 I/MpvEvent(17565): [PlaybackTrace][Native][mpv-log] prefix=display-tags level=info text=File tags:
08-22 17:16:22.402 I/MpvEvent(17565): [PlaybackTrace][Native][eventLoop] event_id=2 error=0
08-22 17:16:22.402 I/MpvEvent(17565): [PlaybackTrace][Native][mpv-log] prefix=display-tags level=info text= Artist: Joystock
08-22 17:16:22.402 I/MpvEvent(17565): [PlaybackTrace][Native][eventLoop] event_id=2 error=0
08-22 17:16:22.402 I/MpvEvent(17565): [PlaybackTrace][Native][mpv-log] prefix=display-tags level=info text= Comment: http://www.jamendo.com cc_standard
08-22 17:16:22.402 I/MpvEvent(17565): [PlaybackTrace][Native][eventLoop] event_id=2 error=0
08-22 17:16:22.402 I/MpvEvent(17565): [PlaybackTrace][Native][mpv-log] prefix=display-tags level=info text= Composer: Joystock
08-22 17:16:22.402 I/MpvEvent(17565): [PlaybackTrace][Native][eventLoop] event_id=2 error=0
08-22 17:16:22.402 I/MpvEvent(17565): [PlaybackTrace][Native][mpv-log] prefix=display-tags level=info text= Date: 2018
08-22 17:16:22.402 I/MpvEvent(17565): [PlaybackTrace][Native][eventLoop] event_id=2 error=0
08-22 17:16:22.402 I/MpvEvent(17565): [PlaybackTrace][Native][mpv-log] prefix=display-tags level=info text= Genre: chillhop
08-22 17:16:22.402 I/MpvEvent(17565): [PlaybackTrace][Native][eventLoop] event_id=2 error=0
08-22 17:16:22.403 I/MpvEvent(17565): [PlaybackTrace][Native][mpv-log] prefix=display-tags level=info text= Title: Lofi Chillout Hip Hop Beat
08-22 17:16:22.403 I/MpvEvent(17565): [PlaybackTrace][Native][eventLoop] event_id=2 error=0
08-22 17:16:22.403 I/MpvEvent(17565): [PlaybackTrace][Native][mpv-log] prefix=display-tags level=info text= Track: 62
08-22 17:16:22.403 I/MpvEvent(17565): [PlaybackTrace][Native][eventLoop] event_id=2 error=0
08-22 17:16:22.403 I/MpvEvent(17565): [PlaybackTrace][Native][mpv-log] prefix=vd level=v text=Container reported FPS: 1.000000
08-22 17:16:22.403 I/MpvEvent(17565): [PlaybackTrace][Native][eventLoop] event_id=2 error=0
08-22 17:16:22.403 I/MpvEvent(17565): [PlaybackTrace][Native][mpv-log] prefix=vd level=v text=Codec list:
08-22 17:16:22.403 I/MpvEvent(17565): [PlaybackTrace][Native][eventLoop] event_id=2 error=0
08-22 17:16:22.403 I/MpvEvent(17565): [PlaybackTrace][Native][mpv-log] prefix=vd level=v text=    mjpeg - MJPEG (Motion JPEG)
08-22 17:16:22.403 I/MpvEvent(17565): [PlaybackTrace][Native][eventLoop] event_id=2 error=0
08-22 17:16:22.403 I/MpvEvent(17565): [PlaybackTrace][Native][mpv-log] prefix=vd level=v text=Opening decoder mjpeg
08-22 17:16:22.404 I/MpvEvent(17565): [PlaybackTrace][Native][eventLoop] event_id=18 error=0
08-22 17:16:22.404 I/MpvEvent(17565): [PlaybackTrace][Native][eventLoop] MPV_EVENT_AUDIO_RECONFIG
08-22 17:16:22.404 I/MpvEvent(17565): [PlaybackTrace][Native][dispatch:event] name=audioReconfig payload={}
08-22 17:16:22.406 I/MpvBridgeModule(17565): [PlaybackTrace][Bridge][listener:event] name=audioReconfig payload={}
08-22 17:16:22.411 I/MpvEvent(17565): [PlaybackTrace][Native][eventLoop] event_id=18 error=0
08-22 17:16:22.411 I/MpvEvent(17565): [PlaybackTrace][Native][eventLoop] MPV_EVENT_AUDIO_RECONFIG
08-22 17:16:22.411 I/MpvEvent(17565): [PlaybackTrace][Native][dispatch:event] name=audioReconfig payload={}
08-22 17:16:22.412 I/MpvBridgeModule(17565): [PlaybackTrace][Bridge][listener:event] name=audioReconfig payload={}
08-22 17:16:22.414 I/MpvEvent(17565): [PlaybackTrace][Native][eventLoop] event_id=8 error=0
08-22 17:16:22.414 I/MpvEvent(17565): MPV_EVENT_FILE_LOADED
08-22 17:16:22.414 I/MpvEvent(17565): [PlaybackTrace][Native][dispatch:event] name=fileLoaded payload={}
08-22 17:16:22.414 D/MPVLib  (17565): onNativeEvent: fileLoaded {}
08-22 17:16:22.414 I/MpvBridgeModule(17565): [PlaybackTrace][Bridge][listener:event] name=fileLoaded payload={}
08-22 17:16:22.416 I/MpvEvent(17565): [PlaybackTrace][Native][eventLoop] event_id=2 error=0
08-22 17:16:22.416 I/MpvEvent(17565): [PlaybackTrace][Native][mpv-log] prefix=vd level=v text=Not trying to use hardware decoding: codec mjpeg is not on whitelist.
08-22 17:16:22.416 I/MpvEvent(17565): [PlaybackTrace][Native][eventLoop] event_id=2 error=0
08-22 17:16:22.416 I/MpvEvent(17565): [PlaybackTrace][Native][mpv-log] prefix=vd level=v text=Using software decoding.
08-22 17:16:22.416 I/MpvEvent(17565): [PlaybackTrace][Native][eventLoop] event_id=2 error=0
08-22 17:16:22.416 I/MpvEvent(17565): [PlaybackTrace][Native][mpv-log] prefix=vd level=v text=Detected 4 logical cores.
08-22 17:16:22.417 I/MpvEvent(17565): [PlaybackTrace][Native][eventLoop] event_id=2 error=0
08-22 17:16:22.417 I/MpvEvent(17565): [PlaybackTrace][Native][mpv-log] prefix=vd level=v text=Requesting 5 threads for decoding.
08-22 17:16:22.417 I/MpvEvent(17565): [PlaybackTrace][Native][eventLoop] event_id=2 error=0
08-22 17:16:22.417 I/MpvEvent(17565): [PlaybackTrace][Native][mpv-log] prefix=vd level=v text=Selected decoder: mjpeg - MJPEG (Motion JPEG)
08-22 17:16:22.417 I/MpvEvent(17565): [PlaybackTrace][Native][eventLoop] event_id=2 error=0
08-22 17:16:22.417 I/MpvEvent(17565): [PlaybackTrace][Native][mpv-log] prefix=vf level=v text=User filter list:
08-22 17:16:22.417 I/ReactNativeJS(17565): '[INFO]', '[PlaybackTrace][Controller][event:onFileLoaded]', { fileUri: 'https://prod-1.storage.jamendo.com/?trackid=1593988&format=mp31&from=%2FV3E9Qwm8kkOD6hbkNYXkg%3D%3D%7CMJJdmScXeWFhFQqasgwXjQ%3D%3D',
08-22 17:16:22.417 I/MpvEvent(17565): [PlaybackTrace][Native][eventLoop] event_id=2 error=0
08-22 17:16:22.417 I/MpvEvent(17565): [PlaybackTrace][Native][mpv-log] prefix=vf level=v text=  (empty)
08-22 17:16:22.417 I/MpvEvent(17565): [PlaybackTrace][Native][eventLoop] event_id=2 error=0
08-22 17:16:22.417 I/MpvEvent(17565): [PlaybackTrace][Native][mpv-log] prefix=ad level=v text=Codec list:
08-22 17:16:22.417 I/MpvEvent(17565): [PlaybackTrace][Native][eventLoop] event_id=2 error=0
08-22 17:16:22.417 I/MpvEvent(17565): [PlaybackTrace][Native][mpv-log] prefix=ad level=v text=    mp3float (mp3) - MP3 (MPEG audio layer 3)
08-22 17:16:22.417 I/MpvEvent(17565): [PlaybackTrace][Native][eventLoop] event_id=2 error=0
08-22 17:16:22.417 I/MpvEvent(17565): [PlaybackTrace][Native][mpv-log] prefix=ad level=v text=    mp3 - MP3 (MPEG audio layer 3)
08-22 17:16:22.417 I/MpvEvent(17565): [PlaybackTrace][Native][eventLoop] event_id=2 error=0
08-22 17:16:22.417 I/MpvEvent(17565): [PlaybackTrace][Native][mpv-log] prefix=ad level=v text=    mp3_mediacodec (mp3) - MP3 Android MediaCodec decoder
08-22 17:16:22.417 I/MpvEvent(17565): [PlaybackTrace][Native][eventLoop] event_id=2 error=0
08-22 17:16:22.418 I/MpvEvent(17565): [PlaybackTrace][Native][mpv-log] prefix=ad level=v text=Opening decoder mp3float
08-22 17:16:22.418 I/MpvEvent(17565): [PlaybackTrace][Native][eventLoop] event_id=2 error=0
08-22 17:16:22.418 I/MpvEvent(17565): [PlaybackTrace][Native][mpv-log] prefix=ad level=v text=Requesting 1 threads for decoding.
08-22 17:16:22.418 I/MpvEvent(17565): [PlaybackTrace][Native][eventLoop] event_id=2 error=0
08-22 17:16:22.418 I/MpvEvent(17565): [PlaybackTrace][Native][mpv-log] prefix=ad level=v text=Selected decoder: mp3float - MP3 (MPEG audio layer 3)
08-22 17:16:22.418 I/MpvEvent(17565): [PlaybackTrace][Native][eventLoop] event_id=2 error=0
08-22 17:16:22.418 I/MpvEvent(17565): [PlaybackTrace][Native][mpv-log] prefix=af level=v text=User filter list:
08-22 17:16:22.418 I/MpvEvent(17565): [PlaybackTrace][Native][eventLoop] event_id=2 error=0
08-22 17:16:22.418 I/MpvEvent(17565): [PlaybackTrace][Native][mpv-log] prefix=af level=v text=  (empty)
08-22 17:16:22.418 I/MpvEvent(17565): [PlaybackTrace][Native][eventLoop] event_id=2 error=0
08-22 17:16:22.418 I/MpvEvent(17565): [PlaybackTrace][Native][mpv-log] prefix=cplayer level=info text=Displaying cover art. Use --no-audio-display to prevent this.
08-22 17:16:22.418 D/mpv     (17565): [cplayer] info: Displaying cover art. Use --no-audio-display to prevent this.
08-22 17:16:22.418 I/MpvEvent(17565): [PlaybackTrace][Native][eventLoop] event_id=2 error=0
08-22 17:16:22.418 I/MpvEvent(17565): [PlaybackTrace][Native][mpv-log] prefix=cplayer level=v text=Starting playback...
08-22 17:16:22.418 D/mpv     (17565): [cplayer] v: Starting playback...
08-22 17:16:22.418 I/MpvEvent(17565): [PlaybackTrace][Native][eventLoop] event_id=2 error=0
08-22 17:16:22.418 I/MpvEvent(17565): [PlaybackTrace][Native][mpv-log] prefix=vd level=v text=DR failed - disabling.
08-22 17:16:22.419 I/MpvEvent(17565): [PlaybackTrace][Native][eventLoop] event_id=2 error=0
08-22 17:16:22.419 I/MpvEvent(17565): [PlaybackTrace][Native][mpv-log] prefix=ffmpeg/video level=error text=mjpeg: overread 8
08-22 17:16:22.419 E/MpvEvent(17565): [PlaybackTrace][Native][dispatch:error] code=-1 message=mjpeg: overread 8
08-22 17:16:22.419 E/MpvBridgeModule(17565): [PlaybackTrace][Bridge][listener:error] code=-1 message=mjpeg: overread 8
08-22 17:16:22.423 I/MpvEvent(17565): [PlaybackTrace][Native][eventLoop] event_id=2 error=0
08-22 17:16:22.423 I/MpvEvent(17565): [PlaybackTrace][Native][mpv-log] prefix=ffmpeg/video level=warn text=mjpeg: EOI missing, emulating
08-22 17:16:22.423 I/MpvEvent(17565): [PlaybackTrace][Native][eventLoop] event_id=2 error=0
08-22 17:16:22.423 I/MpvEvent(17565): [PlaybackTrace][Native][mpv-log] prefix=vd level=v text=Using software decoding.
08-22 17:16:22.423 I/MpvEvent(17565): [PlaybackTrace][Native][eventLoop] event_id=2 error=0
08-22 17:16:22.423 I/MpvEvent(17565): [PlaybackTrace][Native][mpv-log] prefix=vd level=v text=Decoder format: 400x400 yuv420p bt.601/auto/auto/full/auto CL=mpeg1/jpeg crop=400x400+0+0 A=none
08-22 17:16:22.423 I/MpvEvent(17565): [PlaybackTrace][Native][eventLoop] event_id=2 error=0
08-22 17:16:22.423 I/MpvEvent(17565): [PlaybackTrace][Native][mpv-log] prefix=vf level=v text=[in] 400x400 yuv420p bt.601/bt.709/srgb/full/display CL=mpeg1/jpeg crop=400x400+0+0 A=none
08-22 17:16:22.424 I/MpvEvent(17565): [PlaybackTrace][Native][eventLoop] event_id=2 error=0
08-22 17:16:22.424 I/MpvEvent(17565): [PlaybackTrace][Native][mpv-log] prefix=vf level=v text=[userdeint] 400x400 yuv420p bt.601/bt.709/srgb/full/display CL=mpeg1/jpeg crop=400x400+0+0 A=none
08-22 17:16:22.424 I/MpvEvent(17565): [PlaybackTrace][Native][eventLoop] event_id=2 error=0
08-22 17:16:22.424 I/MpvEvent(17565): [PlaybackTrace][Native][mpv-log] prefix=vf level=v text=[userdeint] (disabled)
08-22 17:16:22.425 I/MpvEvent(17565): [PlaybackTrace][Native][eventLoop] event_id=2 error=0
08-22 17:16:22.425 I/MpvEvent(17565): [PlaybackTrace][Native][mpv-log] prefix=vf level=v text=[autovflip] 400x400 yuv420p bt.601/bt.709/srgb/full/display CL=mpeg1/jpeg crop=400x400+0+0 A=none
08-22 17:16:22.425 I/MpvEvent(17565): [PlaybackTrace][Native][eventLoop] event_id=2 error=0
08-22 17:16:22.425 I/MpvEvent(17565): [PlaybackTrace][Native][mpv-log] prefix=vf level=v text=[autovflip] (disabled)
08-22 17:16:22.426 I/MpvEvent(17565): [PlaybackTrace][Native][eventLoop] event_id=2 error=0
08-22 17:16:22.426 I/MpvEvent(17565): [PlaybackTrace][Native][mpv-log] prefix=vf level=v text=[autorotate] 400x400 yuv420p bt.601/bt.709/srgb/full/display CL=mpeg1/jpeg crop=400x400+0+0 A=none
08-22 17:16:22.426 I/MpvEvent(17565): [PlaybackTrace][Native][eventLoop] event_id=2 error=0
08-22 17:16:22.426 I/MpvEvent(17565): [PlaybackTrace][Native][mpv-log] prefix=vf level=v text=[autorotate] (disabled)
08-22 17:16:22.426 I/MpvEvent(17565): [PlaybackTrace][Native][eventLoop] event_id=2 error=0
08-22 17:16:22.426 I/MpvEvent(17565): [PlaybackTrace][Native][mpv-log] prefix=vf level=v text=[convert] 400x400 yuv420p bt.601/bt.709/srgb/full/display CL=mpeg1/jpeg crop=400x400+0+0 A=none
08-22 17:16:22.427 I/MpvEvent(17565): [PlaybackTrace][Native][eventLoop] event_id=2 error=0
08-22 17:16:22.427 I/MpvEvent(17565): [PlaybackTrace][Native][mpv-log] prefix=vf level=v text=[convert] (disabled)
08-22 17:16:22.427 I/MpvEvent(17565): [PlaybackTrace][Native][eventLoop] event_id=2 error=0
08-22 17:16:22.427 I/MpvEvent(17565): [PlaybackTrace][Native][mpv-log] prefix=vf level=v text=[out] 400x400 yuv420p bt.601/bt.709/srgb/full/display CL=mpeg1/jpeg crop=400x400+0+0 A=none
08-22 17:16:22.429 I/MpvEvent(17565): [PlaybackTrace][Native][eventLoop] event_id=2 error=0
08-22 17:16:22.430 I/MpvEvent(17565): [PlaybackTrace][Native][mpv-log] prefix=af level=v text=[in] 44100Hz stereo 2ch floatp
08-22 17:16:22.431 I/MpvEvent(17565): [PlaybackTrace][Native][eventLoop] event_id=2 error=0
08-22 17:16:22.431 I/MpvEvent(17565): [PlaybackTrace][Native][mpv-log] prefix=af level=v text=[userspeed] 44100Hz stereo 2ch floatp
08-22 17:16:22.431 I/MpvEvent(17565): [PlaybackTrace][Native][eventLoop] event_id=2 error=0
08-22 17:16:22.431 I/MpvEvent(17565): [PlaybackTrace][Native][mpv-log] prefix=af level=v text=[userspeed] (disabled)
08-22 17:16:22.431 I/MpvEvent(17565): [PlaybackTrace][Native][eventLoop] event_id=2 error=0
08-22 17:16:22.431 I/MpvEvent(17565): [PlaybackTrace][Native][mpv-log] prefix=af level=v text=[convert] 44100Hz stereo 2ch floatp
08-22 17:16:22.433 I/MpvEvent(17565): [PlaybackTrace][Native][eventLoop] event_id=22 error=0
08-22 17:16:22.433 I/MpvEvent(17565): [PlaybackTrace][Native][property] name=cache-buffering-state format=6 value=null
08-22 17:16:22.433 I/MpvEvent(17565): [PlaybackTrace][Native][dispatch:property] name=cache-buffering-state value=null
08-22 17:16:22.433 D/MPVLib  (17565): onNativePropertyChanged: cache-buffering-state = null
08-22 17:16:22.434 I/MpvBridgeModule(17565): [PlaybackTrace][Bridge][listener:property] name=cache-buffering-state value=null
08-22 17:16:22.436 I/MpvEvent(17565): [PlaybackTrace][Native][eventLoop] event_id=22 error=0
08-22 17:16:22.436 I/MpvEvent(17565): [PlaybackTrace][Native][property] name=seekable format=6 value=null
08-22 17:16:22.436 I/MpvEvent(17565): [PlaybackTrace][Native][dispatch:property] name=seekable value=null
08-22 17:16:22.437 I/MpvBridgeModule(17565): [PlaybackTrace][Bridge][listener:property] name=seekable value=null
08-22 17:16:22.439 I/MpvEvent(17565): [PlaybackTrace][Native][eventLoop] event_id=2 error=0
08-22 17:16:22.439 I/MpvEvent(17565): [PlaybackTrace][Native][mpv-log] prefix=cplayer level=v text=first video frame after restart shown
08-22 17:16:22.439 D/mpv     (17565): [cplayer] v: first video frame after restart shown
08-22 17:16:22.439 I/MpvEvent(17565): [PlaybackTrace][Native][eventLoop] event_id=2 error=0
08-22 17:16:22.439 I/MpvEvent(17565): [PlaybackTrace][Native][mpv-log] prefix=ao level=v text=Trying audio driver 'audiotrack'
08-22 17:16:22.439 I/MpvEvent(17565): [PlaybackTrace][Native][eventLoop] event_id=2 error=0
08-22 17:16:22.439 I/MpvEvent(17565): [PlaybackTrace][Native][mpv-log] prefix=ao/audiotrack level=v text=requested format: 44100 Hz, stereo channels, floatp
08-22 17:16:22.439 D/mpv     (17565): [ao/audiotrack] v: requested format: 44100 Hz, stereo channels, floatp
08-22 17:16:22.439 I/MpvEvent(17565): [PlaybackTrace][Native][eventLoop] event_id=2 error=0
08-22 17:16:22.439 I/MpvEvent(17565): [PlaybackTrace][Native][mpv-log] prefix=ao/audiotrack level=v text=AudioTrack.nativeOutputSampleRate = 48000
08-22 17:16:22.439 D/mpv     (17565): [ao/audiotrack] v: AudioTrack.nativeOutputSampleRate = 48000
08-22 17:16:22.439 I/MpvEvent(17565): [PlaybackTrace][Native][eventLoop] event_id=2 error=0
08-22 17:16:22.439 I/MpvEvent(17565): [PlaybackTrace][Native][mpv-log] prefix=ao/audiotrack level=v text=Channel layouts:
08-22 17:16:22.439 D/mpv     (17565): [ao/audiotrack] v: Channel layouts:
08-22 17:16:22.439 I/MpvEvent(17565): [PlaybackTrace][Native][eventLoop] event_id=2 error=0
08-22 17:16:22.439 I/MpvEvent(17565): [PlaybackTrace][Native][mpv-log] prefix=ao/audiotrack level=v text= - mono
08-22 17:16:22.439 D/mpv     (17565): [ao/audiotrack] v:  - mono
08-22 17:16:22.439 I/MpvEvent(17565): [PlaybackTrace][Native][eventLoop] event_id=2 error=0
08-22 17:16:22.440 I/MpvEvent(17565): [PlaybackTrace][Native][mpv-log] prefix=ao/audiotrack level=v text= - stereo
08-22 17:16:22.440 D/mpv     (17565): [ao/audiotrack] v:  - stereo
08-22 17:16:22.440 I/MpvEvent(17565): [PlaybackTrace][Native][eventLoop] event_id=2 error=0
08-22 17:16:22.441 I/MpvEvent(17565): [PlaybackTrace][Native][mpv-log] prefix=ao/audiotrack level=v text= - 3.0
08-22 17:16:22.442 D/mpv     (17565): [ao/audiotrack] v:  - 3.0
08-22 17:16:22.442 I/MpvEvent(17565): [PlaybackTrace][Native][eventLoop] event_id=2 error=0
08-22 17:16:22.442 I/MpvEvent(17565): [PlaybackTrace][Native][mpv-log] prefix=ao/audiotrack level=v text= - quad
08-22 17:16:22.442 D/mpv     (17565): [ao/audiotrack] v:  - quad
08-22 17:16:22.442 I/MpvEvent(17565): [PlaybackTrace][Native][eventLoop] event_id=2 error=0
08-22 17:16:22.442 I/MpvEvent(17565): [PlaybackTrace][Native][mpv-log] prefix=ao/audiotrack level=v text= - 5.0
08-22 17:16:22.442 D/mpv     (17565): [ao/audiotrack] v:  - 5.0
08-22 17:16:22.442 I/MpvEvent(17565): [PlaybackTrace][Native][eventLoop] event_id=2 error=0
08-22 17:16:22.442 I/MpvEvent(17565): [PlaybackTrace][Native][mpv-log] prefix=ao/audiotrack level=v text= - 5.1
08-22 17:16:22.442 D/mpv     (17565): [ao/audiotrack] v:  - 5.1
08-22 17:16:22.442 I/MpvEvent(17565): [PlaybackTrace][Native][eventLoop] event_id=2 error=0
08-22 17:16:22.442 I/MpvEvent(17565): [PlaybackTrace][Native][mpv-log] prefix=ao/audiotrack level=v text= - 6.1(back)
08-22 17:16:22.442 D/mpv     (17565): [ao/audiotrack] v:  - 6.1(back)
08-22 17:16:22.442 I/MpvEvent(17565): [PlaybackTrace][Native][eventLoop] event_id=2 error=0
08-22 17:16:22.442 I/MpvEvent(17565): [PlaybackTrace][Native][mpv-log] prefix=ao/audiotrack level=v text= - 7.1
08-22 17:16:22.442 D/mpv     (17565): [ao/audiotrack] v:  - 7.1
08-22 17:16:22.442 I/MpvEvent(17565): [PlaybackTrace][Native][eventLoop] event_id=2 error=0
08-22 17:16:22.442 I/MpvEvent(17565): [PlaybackTrace][Native][mpv-log] prefix=ao/audiotrack level=v text=result: stereo
08-22 17:16:22.442 D/mpv     (17565): [ao/audiotrack] v: result: stereo
08-22 17:16:22.442 I/MpvEvent(17565): [PlaybackTrace][Native][eventLoop] event_id=2 error=0
08-22 17:16:22.442 I/MpvEvent(17565): [PlaybackTrace][Native][mpv-log] prefix=ao/audiotrack level=v text=Setting bufferSize = 52920 (driver=32096, min=26460, max=52920)
08-22 17:16:22.442 D/mpv     (17565): [ao/audiotrack] v: Setting bufferSize = 52920 (driver=32096, min=26460, max=52920)
08-22 17:16:22.442 I/MpvEvent(17565): [PlaybackTrace][Native][eventLoop] event_id=2 error=0
08-22 17:16:22.442 I/MpvEvent(17565): [PlaybackTrace][Native][mpv-log] prefix=ao/audiotrack level=v text=Using NIO ByteBuffer
08-22 17:16:22.442 D/mpv     (17565): [ao/audiotrack] v: Using NIO ByteBuffer
08-22 17:16:22.442 I/MpvEvent(17565): [PlaybackTrace][Native][eventLoop] event_id=2 error=0
08-22 17:16:22.442 I/MpvEvent(17565): [PlaybackTrace][Native][mpv-log] prefix=ao/audiotrack level=v text=Using API21 initializer
08-22 17:16:22.442 D/mpv     (17565): [ao/audiotrack] v: Using API21 initializer
08-22 17:16:22.475 I/MpvEvent(17565): [PlaybackTrace][Native][eventLoop] event_id=2 error=0
08-22 17:16:22.475 I/MpvEvent(17565): [PlaybackTrace][Native][mpv-log] prefix=ao/audiotrack level=v text=AudioTrack.getBufferSizeInFrames = 6615
08-22 17:16:22.475 D/mpv     (17565): [ao/audiotrack] v: AudioTrack.getBufferSizeInFrames = 6615
08-22 17:16:22.475 I/MpvEvent(17565): [PlaybackTrace][Native][eventLoop] event_id=2 error=0
08-22 17:16:22.476 I/MpvEvent(17565): [PlaybackTrace][Native][mpv-log] prefix=ao/audiotrack level=v text=device buffer: 6615 samples.
08-22 17:16:22.476 D/mpv     (17565): [ao/audiotrack] v: device buffer: 6615 samples.
08-22 17:16:22.476 I/MpvEvent(17565): [PlaybackTrace][Native][eventLoop] event_id=2 error=0
08-22 17:16:22.477 I/MpvEvent(17565): [PlaybackTrace][Native][mpv-log] prefix=ao/audiotrack level=v text=using soft-buffer of 8820 samples.
08-22 17:16:22.477 D/mpv     (17565): [ao/audiotrack] v: using soft-buffer of 8820 samples.
08-22 17:16:22.477 I/MpvEvent(17565): [PlaybackTrace][Native][eventLoop] event_id=2 error=0
08-22 17:16:22.477 I/MpvEvent(17565): [PlaybackTrace][Native][mpv-log] prefix=cplayer level=info text=AO: [audiotrack] 44100Hz stereo 2ch float
08-22 17:16:22.477 D/mpv     (17565): [cplayer] info: AO: [audiotrack] 44100Hz stereo 2ch float
08-22 17:16:22.477 I/MpvEvent(17565): [PlaybackTrace][Native][eventLoop] event_id=2 error=0
08-22 17:16:22.479 I/MpvEvent(17565): [PlaybackTrace][Native][mpv-log] prefix=cplayer level=v text=AO: Description: Android AudioTrack audio output
08-22 17:16:22.479 D/mpv     (17565): [cplayer] v: AO: Description: Android AudioTrack audio output
08-22 17:16:22.480 I/MpvEvent(17565): [PlaybackTrace][Native][eventLoop] event_id=18 error=0
08-22 17:16:22.480 I/MpvEvent(17565): [PlaybackTrace][Native][eventLoop] MPV_EVENT_AUDIO_RECONFIG
08-22 17:16:22.480 I/MpvEvent(17565): [PlaybackTrace][Native][dispatch:event] name=audioReconfig payload={}
08-22 17:16:22.481 I/MpvBridgeModule(17565): [PlaybackTrace][Bridge][listener:event] name=audioReconfig payload={}
08-22 17:16:22.486 I/MpvEvent(17565): [PlaybackTrace][Native][eventLoop] event_id=17 error=0
08-22 17:16:22.486 I/MpvEvent(17565): MPV_EVENT_VIDEO_RECONFIG
08-22 17:16:22.486 I/MpvEvent(17565): [PlaybackTrace][Native][dispatch:event] name=videoReconfig payload={}
08-22 17:16:22.487 I/MpvBridgeModule(17565): [PlaybackTrace][Bridge][listener:event] name=videoReconfig payload={}
08-22 17:16:22.490 I/MpvEvent(17565): [PlaybackTrace][Native][eventLoop] event_id=2 error=0
08-22 17:16:22.490 I/MpvEvent(17565): [PlaybackTrace][Native][mpv-log] prefix=autoconvert level=v text=inserting resampler
08-22 17:16:22.491 I/MpvEvent(17565): [PlaybackTrace][Native][eventLoop] event_id=2 error=0
08-22 17:16:22.491 I/MpvEvent(17565): [PlaybackTrace][Native][mpv-log] prefix=swresample level=v text=format change, reinitializing resampler
08-22 17:16:22.491 I/MpvEvent(17565): [PlaybackTrace][Native][eventLoop] event_id=2 error=0
08-22 17:16:22.492 I/MpvEvent(17565): [PlaybackTrace][Native][mpv-log] prefix=swresample level=v text=44100Hz stereo floatp -> 44100Hz stereo float
08-22 17:16:22.492 I/MpvEvent(17565): [PlaybackTrace][Native][eventLoop] event_id=2 error=0
08-22 17:16:22.492 I/MpvEvent(17565): [PlaybackTrace][Native][mpv-log] prefix=af level=v text=[out] 44100Hz stereo 2ch float
08-22 17:16:22.503 I/MpvEvent(17565): [PlaybackTrace][Native][eventLoop] event_id=22 error=0
08-22 17:16:22.503 I/MpvEvent(17565): [PlaybackTrace][Native][property] name=paused-for-cache format=6 value=null
08-22 17:16:22.503 I/MpvEvent(17565): [PlaybackTrace][Native][dispatch:property] name=paused-for-cache value=null
08-22 17:16:22.504 D/MPVLib  (17565): onNativePropertyChanged: paused-for-cache = null
08-22 17:16:22.504 I/MpvBridgeModule(17565): [PlaybackTrace][Bridge][listener:property] name=paused-for-cache value=null
08-22 17:16:22.505 I/MpvJNI  (17565): [PlaybackTrace][Native][getPosition] result=0 position=0.000000
08-22 17:16:22.505 D/MpvBridgeModule(17565): [PlaybackTrace][Bridge][getPosition] ptr=131217388352464 position=0.0
08-22 17:16:22.505 I/MpvJNI  (17565): [PlaybackTrace][Native][getDuration] result=0 duration=149.696033
08-22 17:16:22.505 D/MpvBridgeModule(17565): [PlaybackTrace][Bridge][getDuration] ptr=131217388352464 duration=149.69603333333333
08-22 17:16:22.505 I/MpvEvent(17565): [PlaybackTrace][Native][eventLoop] event_id=22 error=0
08-22 17:16:22.505 I/MpvEvent(17565): [PlaybackTrace][Native][property] name=demuxer-cache-state format=6 value=null
08-22 17:16:22.505 I/MpvEvent(17565): [PlaybackTrace][Native][dispatch:property] name=demuxer-cache-state value=null
08-22 17:16:22.506 I/MpvBridgeModule(17565): [PlaybackTrace][Bridge][listener:property] name=demuxer-cache-state value=null
08-22 17:16:22.507 I/MpvEvent(17565): [PlaybackTrace][Native][eventLoop] event_id=2 error=0
08-22 17:16:22.508 I/MpvEvent(17565): [PlaybackTrace][Native][mpv-log] prefix=cplayer level=v text=audio ready
08-22 17:16:22.508 D/mpv     (17565): [cplayer] v: audio ready
08-22 17:16:22.508 I/MpvEvent(17565): [PlaybackTrace][Native][eventLoop] event_id=2 error=0
08-22 17:16:22.508 I/MpvEvent(17565): [PlaybackTrace][Native][mpv-log] prefix=cplayer level=v text=starting audio playback
08-22 17:16:22.509 D/mpv     (17565): [cplayer] v: starting audio playback
08-22 17:16:22.522 D/MpvBridgeModule(17565): [PlaybackTrace][Bridge][getPlaybackState] ptr=131217388352464 state=playing idle=false eof=false pause=false
08-22 17:16:22.526 I/MpvEvent(17565): [PlaybackTrace][Native][eventLoop] event_id=21 error=0
08-22 17:16:22.526 I/MpvEvent(17565): [PlaybackTrace][Native][eventLoop] MPV_EVENT_PLAYBACK_RESTART
08-22 17:16:22.526 I/MpvEvent(17565): [PlaybackTrace][Native][dispatch:event] name=playbackRestart payload={}
08-22 17:16:22.529 I/MpvBridgeModule(17565): [PlaybackTrace][Bridge][listener:event] name=playbackRestart payload={}
08-22 17:16:22.530 I/MpvEvent(17565): [PlaybackTrace][Native][eventLoop] event_id=2 error=0
08-22 17:16:22.531 I/MpvEvent(17565): [PlaybackTrace][Native][mpv-log] prefix=cplayer level=v text=playback restart complete @ 0.000001, audio=playing, video=eof
08-22 17:16:22.531 D/mpv     (17565): [cplayer] v: playback restart complete @ 0.000001, audio=playing, video=eof
08-22 17:16:22.531 I/MpvEvent(17565): [PlaybackTrace][Native][eventLoop] event_id=2 error=0
08-22 17:16:22.531 I/MpvEvent(17565): [PlaybackTrace][Native][mpv-log] prefix=cplayer level=warn text=Audio device underrun detected.
08-22 17:16:22.531 D/mpv     (17565): [cplayer] warn: Audio device underrun detected.
08-22 17:16:22.542 I/MpvJNI  (17565): [PlaybackTrace][Native][getDuration] result=0 duration=149.696033
08-22 17:16:22.542 I/MpvEvent(17565): [PlaybackTrace][Native][eventLoop] event_id=2 error=0
08-22 17:16:22.542 I/MpvEvent(17565): [PlaybackTrace][Native][mpv-log] prefix=cplayer level=v text=restarting audio after underrun
08-22 17:16:22.542 D/mpv     (17565): [cplayer] v: restarting audio after underrun
08-22 17:16:22.542 D/MpvBridgeModule(17565): [PlaybackTrace][Bridge][getDuration] ptr=131217388352464 duration=149.69603333333333
08-22 17:16:22.689 I/MpvEvent(17565): [PlaybackTrace][Native][eventLoop] event_id=22 error=0
08-22 17:16:22.689 I/MpvEvent(17565): [PlaybackTrace][Native][property] name=demuxer-cache-state format=6 value=null
08-22 17:16:22.689 I/MpvEvent(17565): [PlaybackTrace][Native][dispatch:property] name=demuxer-cache-state value=null
08-22 17:16:22.689 I/MpvBridgeModule(17565): [PlaybackTrace][Bridge][listener:property] name=demuxer-cache-state value=null
08-22 17:16:22.762 I/MpvJNI  (17565): [PlaybackTrace][Native][getDuration] result=0 duration=149.696033
08-22 17:16:22.763 D/MpvBridgeModule(17565): [PlaybackTrace][Bridge][getDuration] ptr=131217388352464 duration=149.69603333333333
08-22 17:16:22.940 I/MpvEvent(17565): [PlaybackTrace][Native][eventLoop] event_id=22 error=0
08-22 17:16:22.940 I/MpvEvent(17565): [PlaybackTrace][Native][property] name=demuxer-cache-state format=6 value=null
08-22 17:16:22.940 I/MpvEvent(17565): [PlaybackTrace][Native][dispatch:property] name=demuxer-cache-state value=null
08-22 17:16:22.945 I/MpvBridgeModule(17565): [PlaybackTrace][Bridge][listener:property] name=demuxer-cache-state value=null
08-22 17:16:22.952 I/MpvJNI  (17565): [PlaybackTrace][Native][getDuration] result=0 duration=149.696033
08-22 17:16:22.952 D/MpvBridgeModule(17565): [PlaybackTrace][Bridge][getDuration] ptr=131217388352464 duration=149.69603333333333
08-22 17:16:23.097 I/MpvJNI  (17565): [PlaybackTrace][Native][getPosition] result=0 position=0.457418
08-22 17:16:23.097 D/MpvBridgeModule(17565): [PlaybackTrace][Bridge][getPosition] ptr=131217388352464 position=0.45741755309070253
08-22 17:16:23.097 I/MpvJNI  (17565): [PlaybackTrace][Native][getDuration] result=0 duration=149.696033
08-22 17:16:23.097 D/MpvBridgeModule(17565): [PlaybackTrace][Bridge][getDuration] ptr=131217388352464 duration=149.69603333333333
08-22 17:16:23.097 D/MpvBridgeModule(17565): [PlaybackTrace][Bridge][getPlaybackState] ptr=131217388352464 state=playing idle=false eof=false pause=false
08-22 17:16:23.108 I/MpvJNI  (17565): [PlaybackTrace][Native][getDuration] result=0 duration=149.696033
08-22 17:16:23.108 D/MpvBridgeModule(17565): [PlaybackTrace][Bridge][getDuration] ptr=131217388352464 duration=149.69603333333333
08-22 17:16:23.190 I/MpvEvent(17565): [PlaybackTrace][Native][eventLoop] event_id=22 error=0
08-22 17:16:23.190 I/MpvEvent(17565): [PlaybackTrace][Native][property] name=demuxer-cache-state format=6 value=null
08-22 17:16:23.190 I/MpvEvent(17565): [PlaybackTrace][Native][dispatch:property] name=demuxer-cache-state value=null
08-22 17:16:23.191 I/MpvBridgeModule(17565): [PlaybackTrace][Bridge][listener:property] name=demuxer-cache-state value=null
08-22 17:16:23.338 I/MpvJNI  (17565): [PlaybackTrace][Native][getDuration] result=0 duration=149.696033
08-22 17:16:23.338 D/MpvBridgeModule(17565): [PlaybackTrace][Bridge][getDuration] ptr=131217388352464 duration=149.69603333333333
08-22 17:16:23.445 I/MpvEvent(17565): [PlaybackTrace][Native][eventLoop] event_id=22 error=0
08-22 17:16:23.445 I/MpvEvent(17565): [PlaybackTrace][Native][property] name=demuxer-cache-state format=6 value=null
08-22 17:16:23.445 I/MpvEvent(17565): [PlaybackTrace][Native][dispatch:property] name=demuxer-cache-state value=null
08-22 17:16:23.446 I/MpvBridgeModule(17565): [PlaybackTrace][Bridge][listener:property] name=demuxer-cache-state value=null
08-22 17:16:23.526 I/MpvJNI  (17565): [PlaybackTrace][Native][getPosition] result=0 position=0.912626
08-22 17:16:23.527 D/MpvBridgeModule(17565): [PlaybackTrace][Bridge][getPosition] ptr=131217388352464 position=0.9126261760907042
08-22 17:16:23.527 I/MpvJNI  (17565): [PlaybackTrace][Native][getDuration] result=0 duration=149.696033
08-22 17:16:23.527 D/MpvBridgeModule(17565): [PlaybackTrace][Bridge][getDuration] ptr=131217388352464 duration=149.69603333333333
08-22 17:16:23.527 D/MpvBridgeModule(17565): [PlaybackTrace][Bridge][getPlaybackState] ptr=131217388352464 state=playing idle=false eof=false pause=false
08-22 17:16:23.549 I/MpvJNI  (17565): [PlaybackTrace][Native][getDuration] result=0 duration=149.696033
08-22 17:16:23.550 D/MpvBridgeModule(17565): [PlaybackTrace][Bridge][getDuration] ptr=131217388352464 duration=149.69603333333333
08-22 17:16:23.703 I/MpvEvent(17565): [PlaybackTrace][Native][eventLoop] event_id=22 error=0
08-22 17:16:23.703 I/MpvEvent(17565): [PlaybackTrace][Native][property] name=demuxer-cache-state format=6 value=null
08-22 17:16:23.704 I/MpvEvent(17565): [PlaybackTrace][Native][dispatch:property] name=demuxer-cache-state value=null
08-22 17:16:23.704 I/MpvBridgeModule(17565): [PlaybackTrace][Bridge][listener:property] name=demuxer-cache-state value=null
08-22 17:16:23.799 I/MpvJNI  (17565): [PlaybackTrace][Native][getDuration] result=0 duration=149.696033
08-22 17:16:23.800 D/MpvBridgeModule(17565): [PlaybackTrace][Bridge][getDuration] ptr=131217388352464 duration=149.69603333333333
08-22 17:16:23.953 I/MpvEvent(17565): [PlaybackTrace][Native][eventLoop] event_id=22 error=0
08-22 17:16:23.953 I/MpvEvent(17565): [PlaybackTrace][Native][property] name=demuxer-cache-state format=6 value=null
08-22 17:16:23.953 I/MpvEvent(17565): [PlaybackTrace][Native][dispatch:property] name=demuxer-cache-state value=null
08-22 17:16:23.953 I/MpvBridgeModule(17565): [PlaybackTrace][Bridge][listener:property] name=demuxer-cache-state value=null
08-22 17:16:24.033 I/MpvJNI  (17565): [PlaybackTrace][Native][getDuration] result=0 duration=149.696033
08-22 17:16:24.033 D/MpvBridgeModule(17565): [PlaybackTrace][Bridge][getDuration] ptr=131217388352464 duration=149.69603333333333
08-22 17:16:24.218 I/MpvEvent(17565): [PlaybackTrace][Native][eventLoop] event_id=22 error=0
08-22 17:16:24.218 I/MpvEvent(17565): [PlaybackTrace][Native][property] name=demuxer-cache-state format=6 value=null
08-22 17:16:24.218 I/MpvEvent(17565): [PlaybackTrace][Native][dispatch:property] name=demuxer-cache-state value=null
08-22 17:16:24.218 I/MpvBridgeModule(17565): [PlaybackTrace][Bridge][listener:property] name=demuxer-cache-state value=null
08-22 17:16:24.376 I/MpvJNI  (17565): [PlaybackTrace][Native][getPosition] result=0 position=1.711433
08-22 17:16:24.377 D/MpvBridgeModule(17565): [PlaybackTrace][Bridge][getPosition] ptr=131217388352464 position=1.7114333640907047
08-22 17:16:24.377 I/MpvJNI  (17565): [PlaybackTrace][Native][getDuration] result=0 duration=149.696033
08-22 17:16:24.377 D/MpvBridgeModule(17565): [PlaybackTrace][Bridge][getDuration] ptr=131217388352464 duration=149.69603333333333
08-22 17:16:24.378 D/MpvBridgeModule(17565): [PlaybackTrace][Bridge][getPlaybackState] ptr=131217388352464 state=playing idle=false eof=false pause=false
08-22 17:16:24.399 I/MpvJNI  (17565): [PlaybackTrace][Native][getDuration] result=0 duration=149.696033
08-22 17:16:24.399 D/MpvBridgeModule(17565): [PlaybackTrace][Bridge][getDuration] ptr=131217388352464 duration=149.69603333333333
08-22 17:16:24.470 I/MpvEvent(17565): [PlaybackTrace][Native][eventLoop] event_id=22 error=0
08-22 17:16:24.470 I/MpvEvent(17565): [PlaybackTrace][Native][property] name=demuxer-cache-state format=6 value=null
08-22 17:16:24.470 I/MpvEvent(17565): [PlaybackTrace][Native][dispatch:property] name=demuxer-cache-state value=null
08-22 17:16:24.471 I/MpvBridgeModule(17565): [PlaybackTrace][Bridge][listener:property] name=demuxer-cache-state value=null
08-22 17:16:24.659 I/MpvJNI  (17565): [PlaybackTrace][Native][getPosition] result=0 position=2.024525
08-22 17:16:24.660 D/MpvBridgeModule(17565): [PlaybackTrace][Bridge][getPosition] ptr=131217388352464 position=2.024525434090703
08-22 17:16:24.660 I/MpvJNI  (17565): [PlaybackTrace][Native][getDuration] result=0 duration=149.696033
08-22 17:16:24.660 D/MpvBridgeModule(17565): [PlaybackTrace][Bridge][getDuration] ptr=131217388352464 duration=149.69603333333333
08-22 17:16:24.660 D/MpvBridgeModule(17565): [PlaybackTrace][Bridge][getPlaybackState] ptr=131217388352464 state=playing idle=false eof=false pause=false
08-22 17:16:24.674 I/MpvJNI  (17565): [PlaybackTrace][Native][getDuration] result=0 duration=149.696033
08-22 17:16:24.674 D/MpvBridgeModule(17565): [PlaybackTrace][Bridge][getDuration] ptr=131217388352464 duration=149.69603333333333
08-22 17:16:24.729 I/MpvEvent(17565): [PlaybackTrace][Native][eventLoop] event_id=22 error=0
08-22 17:16:24.729 I/MpvEvent(17565): [PlaybackTrace][Native][property] name=demuxer-cache-state format=6 value=null
08-22 17:16:24.729 I/MpvEvent(17565): [PlaybackTrace][Native][dispatch:property] name=demuxer-cache-state value=null
08-22 17:16:24.729 I/MpvBridgeModule(17565): [PlaybackTrace][Bridge][listener:property] name=demuxer-cache-state value=null
08-22 17:16:24.853 I/MpvJNI  (17565): [PlaybackTrace][Native][getDuration] result=0 duration=149.696033
08-22 17:16:24.853 D/MpvBridgeModule(17565): [PlaybackTrace][Bridge][getDuration] ptr=131217388352464 duration=149.69603333333333
08-22 17:16:24.982 I/MpvEvent(17565): [PlaybackTrace][Native][eventLoop] event_id=22 error=0
08-22 17:16:24.982 I/MpvEvent(17565): [PlaybackTrace][Native][property] name=demuxer-cache-state format=6 value=null
08-22 17:16:24.982 I/MpvEvent(17565): [PlaybackTrace][Native][dispatch:property] name=demuxer-cache-state value=null
08-22 17:16:24.983 I/MpvBridgeModule(17565): [PlaybackTrace][Bridge][listener:property] name=demuxer-cache-state value=null
08-22 17:16:25.031 I/MpvJNI  (17565): [PlaybackTrace][Native][getDuration] result=0 duration=149.696033
08-22 17:16:25.031 D/MpvBridgeModule(17565): [PlaybackTrace][Bridge][getDuration] ptr=131217388352464 duration=149.69603333333333
08-22 17:16:25.235 I/MpvEvent(17565): [PlaybackTrace][Native][eventLoop] event_id=22 error=0
08-22 17:16:25.235 I/MpvEvent(17565): [PlaybackTrace][Native][property] name=demuxer-cache-state format=6 value=null
08-22 17:16:25.235 I/MpvEvent(17565): [PlaybackTrace][Native][dispatch:property] name=demuxer-cache-state value=null
08-22 17:16:25.235 I/MpvBridgeModule(17565): [PlaybackTrace][Bridge][listener:property] name=demuxer-cache-state value=null
08-22 17:16:25.256 I/MpvJNI  (17565): [PlaybackTrace][Native][getPosition] result=0 position=2.634053
08-22 17:16:25.257 D/MpvBridgeModule(17565): [PlaybackTrace][Bridge][getPosition] ptr=131217388352464 position=2.6340527670907
08-22 17:16:25.257 I/MpvJNI  (17565): [PlaybackTrace][Native][getDuration] result=0 duration=149.696033
08-22 17:16:25.257 D/MpvBridgeModule(17565): [PlaybackTrace][Bridge][getDuration] ptr=131217388352464 duration=149.69603333333333
08-22 17:16:25.257 D/MpvBridgeModule(17565): [PlaybackTrace][Bridge][getPlaybackState] ptr=131217388352464 state=playing idle=false eof=false pause=false
08-22 17:16:25.281 I/MpvJNI  (17565): [PlaybackTrace][Native][getDuration] result=0 duration=149.696033
08-22 17:16:25.281 D/MpvBridgeModule(17565): [PlaybackTrace][Bridge][getDuration] ptr=131217388352464 duration=149.69603333333333
08-22 17:16:25.486 I/MpvEvent(17565): [PlaybackTrace][Native][eventLoop] event_id=22 error=0
08-22 17:16:25.486 I/MpvEvent(17565): [PlaybackTrace][Native][property] name=demuxer-cache-state format=6 value=null
08-22 17:16:25.486 I/MpvEvent(17565): [PlaybackTrace][Native][dispatch:property] name=demuxer-cache-state value=null
08-22 17:16:25.486 I/MpvBridgeModule(17565): [PlaybackTrace][Bridge][listener:property] name=demuxer-cache-state value=null
08-22 17:16:25.523 I/MpvJNI  (17565): [PlaybackTrace][Native][getPosition] result=0 position=2.918576
08-22 17:16:25.523 D/MpvBridgeModule(17565): [PlaybackTrace][Bridge][getPosition] ptr=131217388352464 position=2.9185762560906987
08-22 17:16:25.523 I/MpvJNI  (17565): [PlaybackTrace][Native][getDuration] result=0 duration=149.696033
08-22 17:16:25.523 D/MpvBridgeModule(17565): [PlaybackTrace][Bridge][getDuration] ptr=131217388352464 duration=149.69603333333333
08-22 17:16:25.524 D/MpvBridgeModule(17565): [PlaybackTrace][Bridge][getPlaybackState] ptr=131217388352464 state=playing idle=false eof=false pause=false
08-22 17:16:25.690 I/MpvJNI  (17565): [PlaybackTrace][Native][getDuration] result=0 duration=149.696033
08-22 17:16:25.690 D/MpvBridgeModule(17565): [PlaybackTrace][Bridge][getDuration] ptr=131217388352464 duration=149.69603333333333
08-22 17:16:25.792 I/MpvEvent(17565): [PlaybackTrace][Native][eventLoop] event_id=22 error=0
08-22 17:16:25.792 I/MpvEvent(17565): [PlaybackTrace][Native][property] name=demuxer-cache-state format=6 value=null
08-22 17:16:25.792 I/MpvEvent(17565): [PlaybackTrace][Native][dispatch:property] name=demuxer-cache-state value=null
08-22 17:16:25.793 I/MpvBridgeModule(17565): [PlaybackTrace][Bridge][listener:property] name=demuxer-cache-state value=null
08-22 17:16:25.910 I/MpvJNI  (17565): [PlaybackTrace][Native][getDuration] result=0 duration=149.696033
08-22 17:16:25.910 D/MpvBridgeModule(17565): [PlaybackTrace][Bridge][getDuration] ptr=131217388352464 duration=149.69603333333333
08-22 17:16:26.089 I/MpvJNI  (17565): [PlaybackTrace][Native][getPosition] result=0 position=3.458813
08-22 17:16:26.089 D/MpvBridgeModule(17565): [PlaybackTrace][Bridge][getPosition] ptr=131217388352464 position=3.4588131140906957
08-22 17:16:26.089 I/MpvJNI  (17565): [PlaybackTrace][Native][getDuration] result=0 duration=149.696033
08-22 17:16:26.090 D/MpvBridgeModule(17565): [PlaybackTrace][Bridge][getDuration] ptr=131217388352464 duration=149.69603333333333
08-22 17:16:26.090 D/MpvBridgeModule(17565): [PlaybackTrace][Bridge][getPlaybackState] ptr=131217388352464 state=playing idle=false eof=false pause=false
08-22 17:16:26.098 I/MpvJNI  (17565): [PlaybackTrace][Native][getDuration] result=0 duration=149.696033
08-22 17:16:26.098 D/MpvBridgeModule(17565): [PlaybackTrace][Bridge][getDuration] ptr=131217388352464 duration=149.69603333333333
08-22 17:16:26.536 I/MpvJNI  (17565): [PlaybackTrace][Native][getPosition] result=0 position=3.910686
08-22 17:16:26.536 D/MpvBridgeModule(17565): [PlaybackTrace][Bridge][getPosition] ptr=131217388352464 position=3.9106859730907013
08-22 17:16:26.536 I/MpvJNI  (17565): [PlaybackTrace][Native][getDuration] result=0 duration=149.696033
08-22 17:16:26.536 D/MpvBridgeModule(17565): [PlaybackTrace][Bridge][getDuration] ptr=131217388352464 duration=149.69603333333333
08-22 17:16:26.536 D/MpvBridgeModule(17565): [PlaybackTrace][Bridge][getPlaybackState] ptr=131217388352464 state=playing idle=false eof=false pause=false
08-22 17:16:26.688 I/MpvEvent(17565): [PlaybackTrace][Native][eventLoop] event_id=22 error=0
08-22 17:16:26.689 I/MpvEvent(17565): [PlaybackTrace][Native][property] name=demuxer-cache-state format=6 value=null
08-22 17:16:26.689 I/MpvEvent(17565): [PlaybackTrace][Native][dispatch:property] name=demuxer-cache-state value=null
08-22 17:16:26.689 I/MpvBridgeModule(17565): [PlaybackTrace][Bridge][listener:property] name=demuxer-cache-state value=null
08-22 17:16:26.695 I/MpvJNI  (17565): [PlaybackTrace][Native][getDuration] result=0 duration=149.696033
08-22 17:16:26.697 D/MpvBridgeModule(17565): [PlaybackTrace][Bridge][getDuration] ptr=131217388352464 duration=149.69603333333333
08-22 17:16:26.940 I/MpvEvent(17565): [PlaybackTrace][Native][eventLoop] event_id=22 error=0
08-22 17:16:26.940 I/MpvEvent(17565): [PlaybackTrace][Native][property] name=demuxer-cache-state format=6 value=null
08-22 17:16:26.940 I/MpvEvent(17565): [PlaybackTrace][Native][dispatch:property] name=demuxer-cache-state value=null
08-22 17:16:26.940 I/MpvBridgeModule(17565): [PlaybackTrace][Bridge][listener:property] name=demuxer-cache-state value=null
08-22 17:16:26.946 I/MpvJNI  (17565): [PlaybackTrace][Native][getDuration] result=0 duration=149.696033
08-22 17:16:26.946 D/MpvBridgeModule(17565): [PlaybackTrace][Bridge][getDuration] ptr=131217388352464 duration=149.69603333333333
08-22 17:16:27.250 I/MpvJNI  (17565): [PlaybackTrace][Native][getPosition] result=0 position=4.625301
08-22 17:16:27.250 D/MpvBridgeModule(17565): [PlaybackTrace][Bridge][getPosition] ptr=131217388352464 position=4.625301174090708
08-22 17:16:27.251 I/MpvJNI  (17565): [PlaybackTrace][Native][getDuration] result=0 duration=149.696033
08-22 17:16:27.251 D/MpvBridgeModule(17565): [PlaybackTrace][Bridge][getDuration] ptr=131217388352464 duration=149.69603333333333
08-22 17:16:27.252 D/MpvBridgeModule(17565): [PlaybackTrace][Bridge][getPlaybackState] ptr=131217388352464 state=playing idle=false eof=false pause=false
08-22 17:16:27.265 I/MpvJNI  (17565): [PlaybackTrace][Native][getDuration] result=0 duration=149.696033
08-22 17:16:27.265 D/MpvBridgeModule(17565): [PlaybackTrace][Bridge][getDuration] ptr=131217388352464 duration=149.69603333333333
08-22 17:16:27.554 I/MpvJNI  (17565): [PlaybackTrace][Native][getPosition] result=0 position=4.823108
08-22 17:16:27.554 D/MpvBridgeModule(17565): [PlaybackTrace][Bridge][getPosition] ptr=131217388352464 position=4.823108301090712
08-22 17:16:27.555 I/MpvJNI  (17565): [PlaybackTrace][Native][getDuration] result=0 duration=149.696033
08-22 17:16:27.555 D/MpvBridgeModule(17565): [PlaybackTrace][Bridge][getDuration] ptr=131217388352464 duration=149.69603333333333
08-22 17:16:27.555 D/MpvBridgeModule(17565): [PlaybackTrace][Bridge][getPlaybackState] ptr=131217388352464 state=playing idle=false eof=false pause=false
08-22 17:16:27.596 I/MpvEvent(17565): [PlaybackTrace][Native][eventLoop] event_id=22 error=0
08-22 17:16:27.596 I/MpvEvent(17565): [PlaybackTrace][Native][property] name=demuxer-cache-state format=6 value=null
08-22 17:16:27.596 I/MpvEvent(17565): [PlaybackTrace][Native][dispatch:property] name=demuxer-cache-state value=null
08-22 17:16:27.596 I/MpvBridgeModule(17565): [PlaybackTrace][Bridge][listener:property] name=demuxer-cache-state value=null
08-22 17:16:27.605 I/MpvJNI  (17565): [PlaybackTrace][Native][getDuration] result=0 duration=149.696033
08-22 17:16:27.605 D/MpvBridgeModule(17565): [PlaybackTrace][Bridge][getDuration] ptr=131217388352464 duration=149.69603333333333
08-22 17:16:27.847 I/MpvEvent(17565): [PlaybackTrace][Native][eventLoop] event_id=22 error=0
08-22 17:16:27.847 I/MpvEvent(17565): [PlaybackTrace][Native][property] name=demuxer-cache-state format=6 value=null
08-22 17:16:27.847 I/MpvEvent(17565): [PlaybackTrace][Native][dispatch:property] name=demuxer-cache-state value=null
08-22 17:16:27.847 I/MpvBridgeModule(17565): [PlaybackTrace][Bridge][listener:property] name=demuxer-cache-state value=null
08-22 17:16:27.851 I/MpvJNI  (17565): [PlaybackTrace][Native][getDuration] result=0 duration=149.696033
08-22 17:16:27.851 D/MpvBridgeModule(17565): [PlaybackTrace][Bridge][getDuration] ptr=131217388352464 duration=149.69603333333333
08-22 17:16:28.118 I/MpvJNI  (17565): [PlaybackTrace][Native][getPosition] result=0 position=5.446716
08-22 17:16:28.119 D/MpvBridgeModule(17565): [PlaybackTrace][Bridge][getPosition] ptr=131217388352464 position=5.446716326090719
08-22 17:16:28.119 I/MpvJNI  (17565): [PlaybackTrace][Native][getDuration] result=0 duration=149.696033
08-22 17:16:28.119 D/MpvBridgeModule(17565): [PlaybackTrace][Bridge][getDuration] ptr=131217388352464 duration=149.69603333333333
08-22 17:16:28.119 D/MpvBridgeModule(17565): [PlaybackTrace][Bridge][getPlaybackState] ptr=131217388352464 state=playing idle=false eof=false pause=false
08-22 17:16:28.121 I/MpvJNI  (17565): [PlaybackTrace][Native][getDuration] result=0 duration=149.696033
08-22 17:16:28.121 D/MpvBridgeModule(17565): [PlaybackTrace][Bridge][getDuration] ptr=131217388352464 duration=149.69603333333333
08-22 17:16:28.435 I/ReactNativeJS(17565): '[INFO]', '[PlaybackTrace][Controller][loadAndResume:before]', { uri: 'https://prod-1.storage.jamendo.com/?trackid=1593988&format=mp31&from=%2FV3E9Qwm8kkOD6hbkNYXkg%3D%3D%7CMJJdmScXeWFhFQqasgwXjQ%3D%3D',
08-22 17:16:28.436 I/ReactNativeJS(17565): '[INFO]', '[PlaybackTrace][JS][loadFile:call]', { requestedPath: 'https://prod-1.storage.jamendo.com/?trackid=1593988&format=mp31&from=%2FV3E9Qwm8kkOD6hbkNYXkg%3D%3D%7CMJJdmScXeWFhFQqasgwXjQ%3D%3D',
08-22 17:16:28.437 I/MpvBridgeModule(17565): [PlaybackTrace][Bridge][loadFile] requested=https://prod-1.storage.jamendo.com/?trackid=1593988&format=mp31&from=%2FV3E9Qwm8kkOD6hbkNYXkg%3D%3D%7CMJJdmScXeWFhFQqasgwXjQ%3D%3D resolved=https://prod-1.storage.jamendo.com/?trackid=1593988&format=mp31&from=%2FV3E9Qwm8kkOD6hbkNYXkg%3D%3D%7CMJJdmScXeWFhFQqasgwXjQ%3D%3D ptr=131217388352464
08-22 17:16:28.438 I/MpvJNI  (17565): [PlaybackTrace][Native][loadFile] begin path=https://prod-1.storage.jamendo.com/?trackid=1593988&format=mp31&from=%2FV3E9Qwm8kkOD6hbkNYXkg%3D%3D%7CMJJdmScXeWFhFQqasgwXjQ%3D%3D initialized=1
08-22 17:16:28.438 I/MpvJNI  (17565): [PlaybackTrace][Native][loadFile] loadfile command accepted result=0
08-22 17:16:28.438 I/MpvBridgeModule(17565): [PlaybackTrace][Bridge][loadFile] nativeLoadFile returned
08-22 17:16:28.438 I/MpvEvent(17565): [PlaybackTrace][Native][eventLoop] event_id=2 error=0
08-22 17:16:28.438 I/MpvEvent(17565): [PlaybackTrace][Native][mpv-log] prefix=cplayer level=v text=EOF code: 3  
08-22 17:16:28.438 I/ReactNativeJS(17565): '[INFO]', '[PlaybackTrace][JS][loadFile:return]', { resolvedPath: 'https://prod-1.storage.jamendo.com/?trackid=1593988&format=mp31&from=%2FV3E9Qwm8kkOD6hbkNYXkg%3D%3D%7CMJJdmScXeWFhFQqasgwXjQ%3D%3D' }
08-22 17:16:28.438 D/mpv     (17565): [cplayer] v: EOF code: 3  
08-22 17:16:28.439 I/ReactNativeJS(17565): '[INFO]', '[PlaybackTrace][Controller][loadAndResume:loaded]', 'https://prod-1.storage.jamendo.com/?trackid=1593988&format=mp31&from=%2FV3E9Qwm8kkOD6hbkNYXkg%3D%3D%7CMJJdmScXeWFhFQqasgwXjQ%3D%3D'
08-22 17:16:28.439 I/ReactNativeJS(17565): '[INFO]', '[PlaybackTrace][JS][resume:call]'
08-22 17:16:28.439 I/ReactNativeJS(17565): '[INFO]', '[PlaybackTrace][Controller][loadAndResume:resumed]', 'https://prod-1.storage.jamendo.com/?trackid=1593988&format=mp31&from=%2FV3E9Qwm8kkOD6hbkNYXkg%3D%3D%7CMJJdmScXeWFhFQqasgwXjQ%3D%3D'
08-22 17:16:28.440 I/MpvBridgeModule(17565): [PlaybackTrace][Bridge][play] ptr=131217388352464
08-22 17:16:28.443 I/MpvEvent(17565): [PlaybackTrace][Native][eventLoop] event_id=18 error=0
08-22 17:16:28.443 I/MpvEvent(17565): [PlaybackTrace][Native][eventLoop] MPV_EVENT_AUDIO_RECONFIG
08-22 17:16:28.443 I/MpvEvent(17565): [PlaybackTrace][Native][dispatch:event] name=audioReconfig payload={}
08-22 17:16:28.443 I/MpvBridgeModule(17565): [PlaybackTrace][Bridge][listener:event] name=audioReconfig payload={}
08-22 17:16:28.445 I/MpvEvent(17565): [PlaybackTrace][Native][eventLoop] event_id=17 error=0
08-22 17:16:28.445 I/MpvEvent(17565): MPV_EVENT_VIDEO_RECONFIG
08-22 17:16:28.445 I/MpvEvent(17565): [PlaybackTrace][Native][dispatch:event] name=videoReconfig payload={}
08-22 17:16:28.446 I/MpvBridgeModule(17565): [PlaybackTrace][Bridge][listener:event] name=videoReconfig payload={}
08-22 17:16:28.450 I/MpvJNI  (17565): [PlaybackTrace][Native][play] pause=no result=0
08-22 17:16:28.450 I/MpvBridgeModule(17565): [PlaybackTrace][Bridge][play] nativePlay returned
08-22 17:16:28.450 I/MpvEvent(17565): [PlaybackTrace][Native][eventLoop] event_id=18 error=0
08-22 17:16:28.450 I/MpvEvent(17565): [PlaybackTrace][Native][eventLoop] MPV_EVENT_AUDIO_RECONFIG
08-22 17:16:28.450 I/MpvEvent(17565): [PlaybackTrace][Native][dispatch:event] name=audioReconfig payload={}
08-22 17:16:28.453 I/MpvBridgeModule(17565): [PlaybackTrace][Bridge][listener:event] name=audioReconfig payload={}
08-22 17:16:28.454 I/MpvEvent(17565): [PlaybackTrace][Native][eventLoop] event_id=2 error=0
08-22 17:16:28.454 I/MpvEvent(17565): [PlaybackTrace][Native][mpv-log] prefix=cplayer level=v text=Set property: pause="no" -> 1
08-22 17:16:28.454 D/mpv     (17565): [cplayer] v: Set property: pause="no" -> 1
08-22 17:16:28.455 I/MpvEvent(17565): [PlaybackTrace][Native][eventLoop] event_id=7 error=0
08-22 17:16:28.455 E/MpvEvent(17565): [PlaybackTrace][Native][eventLoop] MPV_EVENT_END_FILE reason=2 error=0
08-22 17:16:28.455 I/MpvEvent(17565): [PlaybackTrace][Native][dispatch:event] name=endFile payload={"reason":2,"error":0}
08-22 17:16:28.456 D/MPVLib  (17565): onNativeEvent: endFile {"reason":2,"error":0}
08-22 17:16:28.456 I/MpvBridgeModule(17565): [PlaybackTrace][Bridge][listener:event] name=endFile payload={"reason":2,"error":0}
08-22 17:16:28.457 I/MpvEvent(17565): [PlaybackTrace][Native][eventLoop] event_id=22 error=0
08-22 17:16:28.457 I/MpvEvent(17565): [PlaybackTrace][Native][eventLoop] property=cache-buffering-state format=NONE
08-22 17:16:28.457 I/MpvEvent(17565): [PlaybackTrace][Native][eventLoop] event_id=22 error=0
08-22 17:16:28.457 I/MpvEvent(17565): [PlaybackTrace][Native][eventLoop] property=paused-for-cache format=NONE
08-22 17:16:28.457 I/MpvEvent(17565): [PlaybackTrace][Native][eventLoop] event_id=22 error=0
08-22 17:16:28.457 I/MpvEvent(17565): [PlaybackTrace][Native][eventLoop] property=demuxer-cache-state format=NONE
08-22 17:16:28.457 I/MpvEvent(17565): [PlaybackTrace][Native][eventLoop] event_id=22 error=0
08-22 17:16:28.457 I/MpvEvent(17565): [PlaybackTrace][Native][eventLoop] property=seekable format=NONE
08-22 17:16:28.457 I/MpvEvent(17565): [PlaybackTrace][Native][eventLoop] event_id=2 error=0
08-22 17:16:28.457 I/MpvEvent(17565): [PlaybackTrace][Native][mpv-log] prefix=cplayer level=v text=finished playback, success (reason 2)
08-22 17:16:28.457 D/mpv     (17565): [cplayer] v: finished playback, success (reason 2)
08-22 17:16:28.457 I/MpvEvent(17565): [PlaybackTrace][Native][eventLoop] event_id=2 error=0
08-22 17:16:28.457 I/MpvEvent(17565): [PlaybackTrace][Native][mpv-log] prefix=cplayer level=v text=Running hook: ytdl_hook/on_after_end_file
08-22 17:16:28.457 D/mpv     (17565): [cplayer] v: Running hook: ytdl_hook/on_after_end_file
08-22 17:16:28.458 I/MpvEvent(17565): [PlaybackTrace][Native][eventLoop] event_id=6 error=0
08-22 17:16:28.458 I/MpvEvent(17565): MPV_EVENT_START_FILE
08-22 17:16:28.458 I/MpvEvent(17565): [PlaybackTrace][Native][dispatch:event] name=startFile payload={}
08-22 17:16:28.458 D/MPVLib  (17565): onNativeEvent: startFile {}
08-22 17:16:28.458 I/MpvBridgeModule(17565): [PlaybackTrace][Bridge][listener:event] name=startFile payload={}
08-22 17:16:28.459 I/MpvEvent(17565): [PlaybackTrace][Native][eventLoop] event_id=2 error=0
08-22 17:16:28.459 I/MpvEvent(17565): [PlaybackTrace][Native][mpv-log] prefix=cplayer level=v text=Running hook: ytdl_hook/on_load
08-22 17:16:28.459 D/mpv     (17565): [cplayer] v: Running hook: ytdl_hook/on_load
08-22 17:16:28.460 I/MpvEvent(17565): [PlaybackTrace][Native][eventLoop] event_id=2 error=0
08-22 17:16:28.460 I/MpvEvent(17565): [PlaybackTrace][Native][mpv-log] prefix=cplayer level=v text=Running hook: ytdl_hook/on_load
08-22 17:16:28.460 D/mpv     (17565): [cplayer] v: Running hook: ytdl_hook/on_load
08-22 17:16:28.460 I/MpvEvent(17565): [PlaybackTrace][Native][eventLoop] event_id=2 error=0
08-22 17:16:28.460 I/MpvEvent(17565): [PlaybackTrace][Native][mpv-log] prefix=ytdl_hook level=v text=playlist hook
08-22 17:16:28.460 I/MpvEvent(17565): [PlaybackTrace][Native][eventLoop] event_id=2 error=0
08-22 17:16:28.461 I/MpvEvent(17565): [PlaybackTrace][Native][mpv-log] prefix=stream_callback level=v text=Opening https://prod-1.storage.jamendo.com/?trackid=1593988&format=mp31&from=%2FV3E9Qwm8kkOD6hbkNYXkg%3D%3D%7CMJJdmScXeWFhFQqasgwXjQ%3D%3D
08-22 17:16:28.461 I/MpvEvent(17565): [PlaybackTrace][Native][eventLoop] event_id=2 error=0
08-22 17:16:28.461 I/MpvEvent(17565): [PlaybackTrace][Native][mpv-log] prefix=ffmpeg level=v text=Opening https://prod-1.storage.jamendo.com/?trackid=1593988&format=mp31&from=%2FV3E9Qwm8kkOD6hbkNYXkg%3D%3D%7CMJJdmScXeWFhFQqasgwXjQ%3D%3D
08-22 17:16:28.461 D/mpv     (17565): [ffmpeg] v: Opening https://prod-1.storage.jamendo.com/?trackid=1593988&format=mp31&from=%2FV3E9Qwm8kkOD6hbkNYXkg%3D%3D%7CMJJdmScXeWFhFQqasgwXjQ%3D%3D
08-22 17:16:28.568 I/MpvJNI  (17565): [PlaybackTrace][Native][getPosition] result=-10 position=0.000000
08-22 17:16:28.568 D/MpvBridgeModule(17565): [PlaybackTrace][Bridge][getPosition] ptr=131217388352464 position=0.0
08-22 17:16:28.568 I/MpvJNI  (17565): [PlaybackTrace][Native][getDuration] result=-10 duration=0.000000
08-22 17:16:28.568 D/MpvBridgeModule(17565): [PlaybackTrace][Bridge][getDuration] ptr=131217388352464 duration=0.0
08-22 17:16:28.568 D/MpvBridgeModule(17565): [PlaybackTrace][Bridge][getPlaybackState] ptr=131217388352464 state=playing idle=false eof=false pause=false
08-22 17:16:28.702 I/ReactNativeJS(17565): '[INFO]', '[PlaybackTrace][JS][resume:call]'
08-22 17:16:28.703 I/MpvBridgeModule(17565): [PlaybackTrace][Bridge][play] ptr=131217388352464
08-22 17:16:28.704 I/MpvJNI  (17565): [PlaybackTrace][Native][play] pause=no result=0
08-22 17:16:28.704 I/MpvBridgeModule(17565): [PlaybackTrace][Bridge][play] nativePlay returned
08-22 17:16:28.704 I/MpvEvent(17565): [PlaybackTrace][Native][eventLoop] event_id=2 error=0
08-22 17:16:28.704 I/MpvEvent(17565): [PlaybackTrace][Native][mpv-log] prefix=cplayer level=v text=Set property: pause="no" -> 1
08-22 17:16:28.704 D/mpv     (17565): [cplayer] v: Set property: pause="no" -> 1
08-22 17:16:29.138 I/MpvJNI  (17565): [PlaybackTrace][Native][getPosition] result=-10 position=0.000000
08-22 17:16:29.138 D/MpvBridgeModule(17565): [PlaybackTrace][Bridge][getPosition] ptr=131217388352464 position=0.0
08-22 17:16:29.138 I/MpvJNI  (17565): [PlaybackTrace][Native][getDuration] result=-10 duration=0.000000
08-22 17:16:29.138 D/MpvBridgeModule(17565): [PlaybackTrace][Bridge][getDuration] ptr=131217388352464 duration=0.0
08-22 17:16:29.141 D/MpvBridgeModule(17565): [PlaybackTrace][Bridge][getPlaybackState] ptr=131217388352464 state=playing idle=false eof=false pause=false
08-22 17:16:29.147 I/MpvJNI  (17565): [PlaybackTrace][Native][getDuration] result=-10 duration=0.000000
08-22 17:16:29.147 D/MpvBridgeModule(17565): [PlaybackTrace][Bridge][getDuration] ptr=131217388352464 duration=0.0
08-22 17:16:29.362 I/MpvEvent(17565): [PlaybackTrace][Native][eventLoop] event_id=2 error=0
08-22 17:16:29.362 I/MpvEvent(17565): [PlaybackTrace][Native][mpv-log] prefix=ffmpeg level=error text=tls: mbedtls_ssl_handshake returned -0x6600
08-22 17:16:29.362 D/mpv     (17565): [ffmpeg] error: tls: mbedtls_ssl_handshake returned -0x6600
08-22 17:16:29.362 E/MpvEvent(17565): [PlaybackTrace][Native][dispatch:error] code=-1 message=tls: mbedtls_ssl_handshake returned -0x6600
08-22 17:16:29.363 E/MpvBridgeModule(17565): [PlaybackTrace][Bridge][listener:error] code=-1 message=tls: mbedtls_ssl_handshake returned -0x6600
08-22 17:16:29.365 I/MpvEvent(17565): [PlaybackTrace][Native][eventLoop] event_id=2 error=0
08-22 17:16:29.365 I/MpvEvent(17565): [PlaybackTrace][Native][mpv-log] prefix=stream level=error text=Failed to open https://prod-1.storage.jamendo.com/?trackid=1593988&format=mp31&from=%2FV3E9Qwm8kkOD6hbkNYXkg%3D%3D%7CMJJdmScXeWFhFQqasgwXjQ%3D%3D.
08-22 17:16:29.365 E/MpvEvent(17565): [PlaybackTrace][Native][dispatch:error] code=-1 message=Failed to open https://prod-1.storage.jamendo.com/?trackid=1593988&format=mp31&from=%2FV3E9Qwm8kkOD6hbkNYXkg%3D%3D%7CMJJdmScXeWFhFQqasgwXjQ%3D%3D.
08-22 17:16:29.366 E/MpvBridgeModule(17565): [PlaybackTrace][Bridge][listener:error] code=-1 message=Failed to open https://prod-1.storage.jamendo.com/?trackid=1593988&format=mp31&from=%2FV3E9Qwm8kkOD6hbkNYXkg%3D%3D%7CMJJdmScXeWFhFQqasgwXjQ%3D%3D.
08-22 17:16:29.367 I/MpvEvent(17565): [PlaybackTrace][Native][eventLoop] event_id=2 error=0
08-22 17:16:29.367 I/MpvEvent(17565): [PlaybackTrace][Native][mpv-log] prefix=cplayer level=v text=Opening failed or was aborted: https://prod-1.storage.jamendo.com/?trackid=1593988&format=mp31&from=%2FV3E9Qwm8kkOD6hbkNYXkg%3D%3D%7CMJJdmScXeWFhFQqasgwXjQ%3D%3D
08-22 17:16:29.367 D/mpv     (17565): [cplayer] v: Opening failed or was aborted: https://prod-1.storage.jamendo.com/?trackid=1593988&format=mp31&from=%2FV3E9Qwm8kkOD6hbkNYXkg%3D%3D%7CMJJdmScXeWFhFQqasgwXjQ%3D%3D
08-22 17:16:29.367 I/MpvEvent(17565): [PlaybackTrace][Native][eventLoop] event_id=2 error=0
08-22 17:16:29.367 I/MpvEvent(17565): [PlaybackTrace][Native][mpv-log] prefix=cplayer level=v text=Running hook: ytdl_hook/on_load_fail
08-22 17:16:29.367 D/mpv     (17565): [cplayer] v: Running hook: ytdl_hook/on_load_fail
08-22 17:16:29.367 I/MpvEvent(17565): [PlaybackTrace][Native][eventLoop] event_id=2 error=0
08-22 17:16:29.367 I/MpvEvent(17565): [PlaybackTrace][Native][mpv-log] prefix=ytdl_hook level=v text=No youtube-dl found with path yt-dlp in config directories
08-22 17:16:29.402 I/MpvEvent(17565): [PlaybackTrace][Native][eventLoop] event_id=2 error=0
08-22 17:16:29.402 I/MpvEvent(17565): [PlaybackTrace][Native][mpv-log] prefix=ytdl_hook level=v text=Starting subprocess: [yt-dlp, --no-warnings, -J, --flat-playlist, --sub-format, ass/srt/best, --sub-langs, all, --write-srt, --no-playlist, --, https://prod-1.storage.jamendo.com/?trackid=1593988&format=mp31&from=%2FV3E9Qwm8kkOD6hbkNYXkg%3D%3D%7CMJJdmScXeWFhFQqasgwXjQ%3D%3D]
08-22 17:16:29.436 I/MpvJNI  (17565): [PlaybackTrace][Native][getDuration] result=-10 duration=0.000000
08-22 17:16:29.436 D/MpvBridgeModule(17565): [PlaybackTrace][Bridge][getDuration] ptr=131217388352464 duration=0.0
08-22 17:16:29.513 I/MpvEvent(17565): [PlaybackTrace][Native][eventLoop] event_id=2 error=0
08-22 17:16:29.513 I/MpvEvent(17565): [PlaybackTrace][Native][mpv-log] prefix=ytdl_hook level=error text=Subprocess failed: init
08-22 17:16:29.513 E/MpvEvent(17565): [PlaybackTrace][Native][dispatch:error] code=-1 message=Subprocess failed: init
08-22 17:16:29.529 E/MpvBridgeModule(17565): [PlaybackTrace][Bridge][listener:error] code=-1 message=Subprocess failed: init
08-22 17:16:29.536 I/MpvEvent(17565): [PlaybackTrace][Native][eventLoop] event_id=2 error=0
08-22 17:16:29.537 I/MpvEvent(17565): [PlaybackTrace][Native][mpv-log] prefix=ytdl_hook level=v text=youtube-dl with path yt-dlp not found in PATH or not enough permissions
08-22 17:16:29.537 I/MpvEvent(17565): [PlaybackTrace][Native][eventLoop] event_id=2 error=0
08-22 17:16:29.537 I/MpvEvent(17565): [PlaybackTrace][Native][mpv-log] prefix=ytdl_hook level=v text=No youtube-dl found with path yt-dlp_x86 in config directories
08-22 17:16:29.537 I/MpvEvent(17565): [PlaybackTrace][Native][eventLoop] event_id=2 error=0
08-22 17:16:29.537 I/MpvEvent(17565): [PlaybackTrace][Native][mpv-log] prefix=ytdl_hook level=v text=Starting subprocess: [yt-dlp_x86, --no-warnings, -J, --flat-playlist, --sub-format, ass/srt/best, --sub-langs, all, --write-srt, --no-playlist, --, https://prod-1.storage.jamendo.com/?trackid=1593988&format=mp31&from=%2FV3E9Qwm8kkOD6hbkNYXkg%3D%3D%7CMJJdmScXeWFhFQqasgwXjQ%3D%3D]
08-22 17:16:29.580 I/MpvEvent(17565): [PlaybackTrace][Native][eventLoop] event_id=2 error=0
08-22 17:16:29.580 I/MpvEvent(17565): [PlaybackTrace][Native][mpv-log] prefix=ytdl_hook level=error text=Subprocess failed: init
08-22 17:16:29.580 E/MpvEvent(17565): [PlaybackTrace][Native][dispatch:error] code=-1 message=Subprocess failed: init
08-22 17:16:29.580 E/MpvBridgeModule(17565): [PlaybackTrace][Bridge][listener:error] code=-1 message=Subprocess failed: init
08-22 17:16:29.581 I/MpvEvent(17565): [PlaybackTrace][Native][eventLoop] event_id=2 error=0
08-22 17:16:29.581 I/MpvEvent(17565): [PlaybackTrace][Native][mpv-log] prefix=ytdl_hook level=v text=youtube-dl with path yt-dlp_x86 not found in PATH or not enough permissions
08-22 17:16:29.581 I/MpvEvent(17565): [PlaybackTrace][Native][eventLoop] event_id=2 error=0
08-22 17:16:29.581 I/MpvEvent(17565): [PlaybackTrace][Native][mpv-log] prefix=ytdl_hook level=v text=No youtube-dl found with path youtube-dl in config directories
08-22 17:16:29.597 I/MpvEvent(17565): [PlaybackTrace][Native][eventLoop] event_id=2 error=0
08-22 17:16:29.597 I/MpvEvent(17565): [PlaybackTrace][Native][mpv-log] prefix=ytdl_hook level=v text=Starting subprocess: [youtube-dl, --no-warnings, -J, --flat-playlist, --sub-format, ass/srt/best, --sub-langs, all, --write-srt, --no-playlist, --, https://prod-1.storage.jamendo.com/?trackid=1593988&format=mp31&from=%2FV3E9Qwm8kkOD6hbkNYXkg%3D%3D%7CMJJdmScXeWFhFQqasgwXjQ%3D%3D]
08-22 17:16:29.632 I/MpvEvent(17565): [PlaybackTrace][Native][eventLoop] event_id=2 error=0
08-22 17:16:29.632 I/MpvEvent(17565): [PlaybackTrace][Native][mpv-log] prefix=ytdl_hook level=error text=Subprocess failed: init
08-22 17:16:29.632 E/MpvEvent(17565): [PlaybackTrace][Native][dispatch:error] code=-1 message=Subprocess failed: init
08-22 17:16:29.632 E/MpvBridgeModule(17565): [PlaybackTrace][Bridge][listener:error] code=-1 message=Subprocess failed: init
08-22 17:16:29.635 I/MpvEvent(17565): [PlaybackTrace][Native][eventLoop] event_id=7 error=0
08-22 17:16:29.636 E/MpvEvent(17565): [PlaybackTrace][Native][eventLoop] MPV_EVENT_END_FILE reason=4 error=-13
08-22 17:16:29.636 I/MpvEvent(17565): [PlaybackTrace][Native][dispatch:event] name=endFile payload={"reason":4,"error":-13}
08-22 17:16:29.636 D/MPVLib  (17565): onNativeEvent: endFile {"reason":4,"error":-13}
08-22 17:16:29.636 I/MpvBridgeModule(17565): [PlaybackTrace][Bridge][listener:event] name=endFile payload={"reason":4,"error":-13}
08-22 17:16:29.638 I/MpvEvent(17565): [PlaybackTrace][Native][eventLoop] event_id=17 error=0
08-22 17:16:29.638 I/MpvEvent(17565): MPV_EVENT_VIDEO_RECONFIG
08-22 17:16:29.638 I/MpvEvent(17565): [PlaybackTrace][Native][dispatch:event] name=videoReconfig payload={}
08-22 17:16:29.639 I/MpvBridgeModule(17565): [PlaybackTrace][Bridge][listener:event] name=videoReconfig payload={}
08-22 17:16:29.639 I/MpvEvent(17565): [PlaybackTrace][Native][eventLoop] event_id=11 error=0
08-22 17:16:29.639 I/MpvEvent(17565): Unhandled mpv event: 11
08-22 17:16:29.639 I/MpvEvent(17565): [PlaybackTrace][Native][eventLoop] event_id=2 error=0
08-22 17:16:29.639 I/MpvEvent(17565): [PlaybackTrace][Native][mpv-log] prefix=ytdl_hook level=v text=youtube-dl with path youtube-dl not found in PATH or not enough permissions
08-22 17:16:29.639 I/MpvEvent(17565): [PlaybackTrace][Native][eventLoop] event_id=2 error=0
08-22 17:16:29.639 I/MpvEvent(17565): [PlaybackTrace][Native][mpv-log] prefix=cplayer level=v text=Set property: user-data/mpv/ytdl/path="" -> 1
08-22 17:16:29.639 D/mpv     (17565): [cplayer] v: Set property: user-data/mpv/ytdl/path="" -> 1
08-22 17:16:29.639 I/MpvEvent(17565): [PlaybackTrace][Native][eventLoop] event_id=2 error=0
08-22 17:16:29.639 I/MpvEvent(17565): [PlaybackTrace][Native][mpv-log] prefix=cplayer level=v text=Set property: user-data/mpv/ytdl/json-subprocess-result={"status":-3,"stderr":"","error_string":"init","stdout":"","killed_by_us":false} -> 1
08-22 17:16:29.640 D/mpv     (17565): [cplayer] v: Set property: user-data/mpv/ytdl/json-subprocess-result={"status":-3,"stderr":"","error_string":"init","stdout":"","killed_by_us":false} -> 1
08-22 17:16:29.640 I/MpvEvent(17565): [PlaybackTrace][Native][eventLoop] event_id=2 error=0
08-22 17:16:29.640 I/MpvEvent(17565): [PlaybackTrace][Native][mpv-log] prefix=ytdl_hook level=v text=status: -3
08-22 17:16:29.640 I/MpvEvent(17565): [PlaybackTrace][Native][eventLoop] event_id=2 error=0
08-22 17:16:29.640 I/MpvEvent(17565): [PlaybackTrace][Native][mpv-log] prefix=ytdl_hook level=v text=reason: init
08-22 17:16:29.640 I/MpvEvent(17565): [PlaybackTrace][Native][eventLoop] event_id=2 error=0
08-22 17:16:29.640 I/MpvEvent(17565): [PlaybackTrace][Native][mpv-log] prefix=ytdl_hook level=v text=stdout: 
08-22 17:16:29.640 I/MpvEvent(17565): [PlaybackTrace][Native][eventLoop] event_id=2 error=0
08-22 17:16:29.640 I/MpvEvent(17565): [PlaybackTrace][Native][mpv-log] prefix=ytdl_hook level=v text=stderr: 
08-22 17:16:29.640 I/MpvEvent(17565): [PlaybackTrace][Native][eventLoop] event_id=2 error=0
08-22 17:16:29.640 I/MpvEvent(17565): [PlaybackTrace][Native][mpv-log] prefix=ytdl_hook level=error text=
08-22 17:16:29.640 E/MpvEvent(17565): [PlaybackTrace][Native][dispatch:error] code=-1 message=
08-22 17:16:29.641 E/MpvBridgeModule(17565): [PlaybackTrace][Bridge][listener:error] code=-1 message=
08-22 17:16:29.641 I/MpvEvent(17565): [PlaybackTrace][Native][eventLoop] event_id=2 error=0
08-22 17:16:29.641 I/MpvEvent(17565): [PlaybackTrace][Native][mpv-log] prefix=ytdl_hook level=error text=youtube-dl failed: not found or not enough permissions
08-22 17:16:29.642 E/MpvEvent(17565): [PlaybackTrace][Native][dispatch:error] code=-1 message=youtube-dl failed: not found or not enough permissions
08-22 17:16:29.642 E/MpvBridgeModule(17565): [PlaybackTrace][Bridge][listener:error] code=-1 message=youtube-dl failed: not found or not enough permissions
08-22 17:16:29.644 I/MpvEvent(17565): [PlaybackTrace][Native][eventLoop] event_id=2 error=0
08-22 17:16:29.644 I/MpvEvent(17565): [PlaybackTrace][Native][mpv-log] prefix=cplayer level=v text=finished playback, loading failed (reason 4)
08-22 17:16:29.644 D/mpv     (17565): [cplayer] v: finished playback, loading failed (reason 4)
08-22 17:16:29.644 I/MpvEvent(17565): [PlaybackTrace][Native][eventLoop] event_id=2 error=0
08-22 17:16:29.644 I/MpvEvent(17565): [PlaybackTrace][Native][mpv-log] prefix=cplayer level=v text=Running hook: ytdl_hook/on_after_end_file
08-22 17:16:29.644 D/mpv     (17565): [cplayer] v: Running hook: ytdl_hook/on_after_end_file
08-22 17:16:29.826 I/MpvJNI  (17565): [PlaybackTrace][Native][getPosition] result=-10 position=0.000000
08-22 17:16:29.827 D/MpvBridgeModule(17565): [PlaybackTrace][Bridge][getPosition] ptr=131217388352464 position=0.0
08-22 17:16:29.827 I/MpvJNI  (17565): [PlaybackTrace][Native][getDuration] result=-10 duration=0.000000
08-22 17:16:29.827 D/MpvBridgeModule(17565): [PlaybackTrace][Bridge][getDuration] ptr=131217388352464 duration=0.0
08-22 17:16:29.827 D/MpvBridgeModule(17565): [PlaybackTrace][Bridge][getPlaybackState] ptr=131217388352464 state=idle idle=true
08-22 17:16:29.850 I/MpvJNI  (17565): [PlaybackTrace][Native][getDuration] result=-10 duration=0.000000
08-22 17:16:29.850 D/MpvBridgeModule(17565): [PlaybackTrace][Bridge][getDuration] ptr=131217388352464 duration=0.0
08-22 17:16:30.152 I/MpvJNI  (17565): [PlaybackTrace][Native][getPosition] result=-10 position=0.000000
08-22 17:16:30.152 D/MpvBridgeModule(17565): [PlaybackTrace][Bridge][getPosition] ptr=131217388352464 position=0.0
08-22 17:16:30.152 I/MpvJNI  (17565): [PlaybackTrace][Native][getDuration] result=-10 duration=0.000000
08-22 17:16:30.152 D/MpvBridgeModule(17565): [PlaybackTrace][Bridge][getDuration] ptr=131217388352464 duration=0.0
08-22 17:16:30.152 D/MpvBridgeModule(17565): [PlaybackTrace][Bridge][getPlaybackState] ptr=131217388352464 state=idle idle=true
08-22 17:16:30.155 I/MpvJNI  (17565): [PlaybackTrace][Native][getDuration] result=-10 duration=0.000000
08-22 17:16:30.155 D/MpvBridgeModule(17565): [PlaybackTrace][Bridge][getDuration] ptr=131217388352464 duration=0.0
08-22 17:16:30.603 I/MpvJNI  (17565): [PlaybackTrace][Native][getPosition] result=-10 position=0.000000
08-22 17:16:30.603 D/MpvBridgeModule(17565): [PlaybackTrace][Bridge][getPosition] ptr=131217388352464 position=0.0
08-22 17:16:30.603 I/MpvJNI  (17565): [PlaybackTrace][Native][getDuration] result=-10 duration=0.000000
08-22 17:16:30.603 D/MpvBridgeModule(17565): [PlaybackTrace][Bridge][getDuration] ptr=131217388352464 duration=0.0
08-22 17:16:30.603 D/MpvBridgeModule(17565): [PlaybackTrace][Bridge][getPlaybackState] ptr=131217388352464 state=idle idle=true
08-22 17:16:30.935 I/ReactNativeJS(17565): '[INFO]', '[PlaybackTrace][Controller][loadAndResume:before]', { uri: 'https://prod-1.storage.jamendo.com/?trackid=1593988&format=mp31&from=%2FV3E9Qwm8kkOD6hbkNYXkg%3D%3D%7CMJJdmScXeWFhFQqasgwXjQ%3D%3D',
08-22 17:16:30.936 I/ReactNativeJS(17565): '[INFO]', '[PlaybackTrace][JS][loadFile:call]', { requestedPath: 'https://prod-1.storage.jamendo.com/?trackid=1593988&format=mp31&from=%2FV3E9Qwm8kkOD6hbkNYXkg%3D%3D%7CMJJdmScXeWFhFQqasgwXjQ%3D%3D',
08-22 17:16:30.937 I/MpvBridgeModule(17565): [PlaybackTrace][Bridge][loadFile] requested=https://prod-1.storage.jamendo.com/?trackid=1593988&format=mp31&from=%2FV3E9Qwm8kkOD6hbkNYXkg%3D%3D%7CMJJdmScXeWFhFQqasgwXjQ%3D%3D resolved=https://prod-1.storage.jamendo.com/?trackid=1593988&format=mp31&from=%2FV3E9Qwm8kkOD6hbkNYXkg%3D%3D%7CMJJdmScXeWFhFQqasgwXjQ%3D%3D ptr=131217388352464
08-22 17:16:30.937 I/MpvJNI  (17565): [PlaybackTrace][Native][loadFile] begin path=https://prod-1.storage.jamendo.com/?trackid=1593988&format=mp31&from=%2FV3E9Qwm8kkOD6hbkNYXkg%3D%3D%7CMJJdmScXeWFhFQqasgwXjQ%3D%3D initialized=1
08-22 17:16:30.937 I/MpvJNI  (17565): [PlaybackTrace][Native][loadFile] loadfile command accepted result=0
08-22 17:16:30.937 I/MpvBridgeModule(17565): [PlaybackTrace][Bridge][loadFile] nativeLoadFile returned
08-22 17:16:30.938 I/MpvEvent(17565): [PlaybackTrace][Native][eventLoop] event_id=6 error=0
08-22 17:16:30.938 I/MpvEvent(17565): MPV_EVENT_START_FILE
08-22 17:16:30.938 I/MpvEvent(17565): [PlaybackTrace][Native][dispatch:event] name=startFile payload={}
08-22 17:16:30.939 D/MPVLib  (17565): onNativeEvent: startFile {}
08-22 17:16:30.937 I/ReactNativeJS(17565): '[INFO]', '[PlaybackTrace][JS][loadFile:return]', { resolvedPath: 'https://prod-1.storage.jamendo.com/?trackid=1593988&format=mp31&from=%2FV3E9Qwm8kkOD6hbkNYXkg%3D%3D%7CMJJdmScXeWFhFQqasgwXjQ%3D%3D' }
08-22 17:16:30.939 I/MpvBridgeModule(17565): [PlaybackTrace][Bridge][listener:event] name=startFile payload={}
08-22 17:16:30.939 I/ReactNativeJS(17565): '[INFO]', '[PlaybackTrace][Controller][loadAndResume:loaded]', 'https://prod-1.storage.jamendo.com/?trackid=1593988&format=mp31&from=%2FV3E9Qwm8kkOD6hbkNYXkg%3D%3D%7CMJJdmScXeWFhFQqasgwXjQ%3D%3D'
08-22 17:16:30.940 I/ReactNativeJS(17565): '[INFO]', '[PlaybackTrace][JS][resume:call]'
08-22 17:16:30.941 I/MpvEvent(17565): [PlaybackTrace][Native][eventLoop] event_id=2 error=0
08-22 17:16:30.941 I/MpvEvent(17565): [PlaybackTrace][Native][mpv-log] prefix=cplayer level=v text=Running hook: ytdl_hook/on_load
08-22 17:16:30.941 D/mpv     (17565): [cplayer] v: Running hook: ytdl_hook/on_load
08-22 17:16:30.941 I/MpvEvent(17565): [PlaybackTrace][Native][eventLoop] event_id=2 error=0
08-22 17:16:30.941 I/MpvEvent(17565): [PlaybackTrace][Native][mpv-log] prefix=cplayer level=v text=Running hook: ytdl_hook/on_load
08-22 17:16:30.941 D/mpv     (17565): [cplayer] v: Running hook: ytdl_hook/on_load
08-22 17:16:30.941 I/MpvEvent(17565): [PlaybackTrace][Native][eventLoop] event_id=2 error=0
08-22 17:16:30.941 I/MpvEvent(17565): [PlaybackTrace][Native][mpv-log] prefix=ytdl_hook level=v text=playlist hook
08-22 17:16:30.941 I/ReactNativeJS(17565): '[INFO]', '[PlaybackTrace][Controller][loadAndResume:resumed]', 'https://prod-1.storage.jamendo.com/?trackid=1593988&format=mp31&from=%2FV3E9Qwm8kkOD6hbkNYXkg%3D%3D%7CMJJdmScXeWFhFQqasgwXjQ%3D%3D'
08-22 17:16:30.941 I/MpvBridgeModule(17565): [PlaybackTrace][Bridge][play] ptr=131217388352464
08-22 17:16:30.941 I/MpvJNI  (17565): [PlaybackTrace][Native][play] pause=no result=0
08-22 17:16:30.941 I/MpvBridgeModule(17565): [PlaybackTrace][Bridge][play] nativePlay returned
08-22 17:16:30.941 I/MpvEvent(17565): [PlaybackTrace][Native][eventLoop] event_id=2 error=0
08-22 17:16:30.941 I/MpvEvent(17565): [PlaybackTrace][Native][mpv-log] prefix=cplayer level=v text=Set property: pause="no" -> 1
08-22 17:16:30.941 D/mpv     (17565): [cplayer] v: Set property: pause="no" -> 1
08-22 17:16:30.941 I/MpvEvent(17565): [PlaybackTrace][Native][eventLoop] event_id=2 error=0
08-22 17:16:30.941 I/MpvEvent(17565): [PlaybackTrace][Native][mpv-log] prefix=stream_callback level=v text=Opening https://prod-1.storage.jamendo.com/?trackid=1593988&format=mp31&from=%2FV3E9Qwm8kkOD6hbkNYXkg%3D%3D%7CMJJdmScXeWFhFQqasgwXjQ%3D%3D
08-22 17:16:30.942 I/MpvEvent(17565): [PlaybackTrace][Native][eventLoop] event_id=2 error=0
08-22 17:16:30.942 I/MpvEvent(17565): [PlaybackTrace][Native][mpv-log] prefix=ffmpeg level=v text=Opening https://prod-1.storage.jamendo.com/?trackid=1593988&format=mp31&from=%2FV3E9Qwm8kkOD6hbkNYXkg%3D%3D%7CMJJdmScXeWFhFQqasgwXjQ%3D%3D
08-22 17:16:30.942 D/mpv     (17565): [ffmpeg] v: Opening https://prod-1.storage.jamendo.com/?trackid=1593988&format=mp31&from=%2FV3E9Qwm8kkOD6hbkNYXkg%3D%3D%7CMJJdmScXeWFhFQqasgwXjQ%3D%3D
08-22 17:16:31.170 I/MpvJNI  (17565): [PlaybackTrace][Native][getPosition] result=-10 position=0.000000
08-22 17:16:31.170 D/MpvBridgeModule(17565): [PlaybackTrace][Bridge][getPosition] ptr=131217388352464 position=0.0
08-22 17:16:31.170 I/MpvJNI  (17565): [PlaybackTrace][Native][getDuration] result=-10 duration=0.000000
08-22 17:16:31.170 D/MpvBridgeModule(17565): [PlaybackTrace][Bridge][getDuration] ptr=131217388352464 duration=0.0
08-22 17:16:31.170 D/MpvBridgeModule(17565): [PlaybackTrace][Bridge][getPlaybackState] ptr=131217388352464 state=playing idle=false eof=false pause=false
08-22 17:16:31.173 I/MpvJNI  (17565): [PlaybackTrace][Native][getDuration] result=-10 duration=0.000000
08-22 17:16:31.173 D/MpvBridgeModule(17565): [PlaybackTrace][Bridge][getDuration] ptr=131217388352464 duration=0.0
08-22 17:16:31.296 I/ReactNativeJS(17565): '[INFO]', '[PlaybackTrace][JS][resume:call]'
08-22 17:16:31.296 I/MpvBridgeModule(17565): [PlaybackTrace][Bridge][play] ptr=131217388352464
08-22 17:16:31.296 I/MpvJNI  (17565): [PlaybackTrace][Native][play] pause=no result=0
08-22 17:16:31.296 I/MpvBridgeModule(17565): [PlaybackTrace][Bridge][play] nativePlay returned
08-22 17:16:31.297 I/MpvEvent(17565): [PlaybackTrace][Native][eventLoop] event_id=2 error=0
08-22 17:16:31.297 I/MpvEvent(17565): [PlaybackTrace][Native][mpv-log] prefix=cplayer level=v text=Set property: pause="no" -> 1
08-22 17:16:31.297 D/mpv     (17565): [cplayer] v: Set property: pause="no" -> 1
08-22 17:16:31.353 I/ReactNativeJS(17565): '[INFO]', '[PlaybackTrace][Controller][loadAndResume:before]', { uri: 'https://prod-1.storage.jamendo.com/?trackid=1593988&format=mp31&from=%2FV3E9Qwm8kkOD6hbkNYXkg%3D%3D%7CMJJdmScXeWFhFQqasgwXjQ%3D%3D',
08-22 17:16:31.354 I/ReactNativeJS(17565): '[INFO]', '[PlaybackTrace][JS][loadFile:call]', { requestedPath: 'https://prod-1.storage.jamendo.com/?trackid=1593988&format=mp31&from=%2FV3E9Qwm8kkOD6hbkNYXkg%3D%3D%7CMJJdmScXeWFhFQqasgwXjQ%3D%3D',
08-22 17:16:31.355 I/MpvBridgeModule(17565): [PlaybackTrace][Bridge][loadFile] requested=https://prod-1.storage.jamendo.com/?trackid=1593988&format=mp31&from=%2FV3E9Qwm8kkOD6hbkNYXkg%3D%3D%7CMJJdmScXeWFhFQqasgwXjQ%3D%3D resolved=https://prod-1.storage.jamendo.com/?trackid=1593988&format=mp31&from=%2FV3E9Qwm8kkOD6hbkNYXkg%3D%3D%7CMJJdmScXeWFhFQqasgwXjQ%3D%3D ptr=131217388352464
08-22 17:16:31.355 I/MpvJNI  (17565): [PlaybackTrace][Native][loadFile] begin path=https://prod-1.storage.jamendo.com/?trackid=1593988&format=mp31&from=%2FV3E9Qwm8kkOD6hbkNYXkg%3D%3D%7CMJJdmScXeWFhFQqasgwXjQ%3D%3D initialized=1
08-22 17:16:31.355 I/MpvJNI  (17565): [PlaybackTrace][Native][loadFile] loadfile command accepted result=0
08-22 17:16:31.355 I/MpvBridgeModule(17565): [PlaybackTrace][Bridge][loadFile] nativeLoadFile returned
08-22 17:16:31.355 I/ReactNativeJS(17565): '[INFO]', '[PlaybackTrace][JS][loadFile:return]', { resolvedPath: 'https://prod-1.storage.jamendo.com/?trackid=1593988&format=mp31&from=%2FV3E9Qwm8kkOD6hbkNYXkg%3D%3D%7CMJJdmScXeWFhFQqasgwXjQ%3D%3D' }
08-22 17:16:31.355 I/ReactNativeJS(17565): '[INFO]', '[PlaybackTrace][Controller][loadAndResume:loaded]', 'https://prod-1.storage.jamendo.com/?trackid=1593988&format=mp31&from=%2FV3E9Qwm8kkOD6hbkNYXkg%3D%3D%7CMJJdmScXeWFhFQqasgwXjQ%3D%3D'
08-22 17:16:31.357 I/ReactNativeJS(17565): '[INFO]', '[PlaybackTrace][JS][resume:call]'
08-22 17:16:31.357 I/MpvBridgeModule(17565): [PlaybackTrace][Bridge][play] ptr=131217388352464
08-22 17:16:31.357 I/MpvJNI  (17565): [PlaybackTrace][Native][play] pause=no result=0
08-22 17:16:31.357 I/MpvBridgeModule(17565): [PlaybackTrace][Bridge][play] nativePlay returned
08-22 17:16:31.357 I/ReactNativeJS(17565): '[INFO]', '[PlaybackTrace][Controller][loadAndResume:resumed]', 'https://prod-1.storage.jamendo.com/?trackid=1593988&format=mp31&from=%2FV3E9Qwm8kkOD6hbkNYXkg%3D%3D%7CMJJdmScXeWFhFQqasgwXjQ%3D%3D'
08-22 17:16:31.357 I/MpvEvent(17565): [PlaybackTrace][Native][eventLoop] event_id=2 error=0
08-22 17:16:31.357 I/MpvEvent(17565): [PlaybackTrace][Native][mpv-log] prefix=cplayer level=v text=Set property: pause="no" -> 1
08-22 17:16:31.357 D/mpv     (17565): [cplayer] v: Set property: pause="no" -> 1
08-22 17:16:31.388 I/MpvEvent(17565): [PlaybackTrace][Native][eventLoop] event_id=2 error=0
08-22 17:16:31.388 I/MpvEvent(17565): [PlaybackTrace][Native][mpv-log] prefix=ffmpeg level=error text=tls: mbedtls_ssl_handshake returned -0x7280
08-22 17:16:31.388 D/mpv     (17565): [ffmpeg] error: tls: mbedtls_ssl_handshake returned -0x7280
08-22 17:16:31.388 E/MpvEvent(17565): [PlaybackTrace][Native][dispatch:error] code=-1 message=tls: mbedtls_ssl_handshake returned -0x7280
08-22 17:16:31.389 E/MpvBridgeModule(17565): [PlaybackTrace][Bridge][listener:error] code=-1 message=tls: mbedtls_ssl_handshake returned -0x7280
08-22 17:16:31.390 I/MpvEvent(17565): [PlaybackTrace][Native][eventLoop] event_id=2 error=0
08-22 17:16:31.390 I/MpvEvent(17565): [PlaybackTrace][Native][mpv-log] prefix=cplayer level=v text=Opening failed or was aborted: https://prod-1.storage.jamendo.com/?trackid=1593988&format=mp31&from=%2FV3E9Qwm8kkOD6hbkNYXkg%3D%3D%7CMJJdmScXeWFhFQqasgwXjQ%3D%3D
08-22 17:16:31.390 D/mpv     (17565): [cplayer] v: Opening failed or was aborted: https://prod-1.storage.jamendo.com/?trackid=1593988&format=mp31&from=%2FV3E9Qwm8kkOD6hbkNYXkg%3D%3D%7CMJJdmScXeWFhFQqasgwXjQ%3D%3D
08-22 17:16:31.390 I/MpvEvent(17565): [PlaybackTrace][Native][eventLoop] event_id=7 error=0
08-22 17:16:31.390 E/MpvEvent(17565): [PlaybackTrace][Native][eventLoop] MPV_EVENT_END_FILE reason=2 error=0
08-22 17:16:31.390 I/MpvEvent(17565): [PlaybackTrace][Native][dispatch:event] name=endFile payload={"reason":2,"error":0}
08-22 17:16:31.393 D/MPVLib  (17565): onNativeEvent: endFile {"reason":2,"error":0}
08-22 17:16:31.394 I/MpvBridgeModule(17565): [PlaybackTrace][Bridge][listener:event] name=endFile payload={"reason":2,"error":0}
08-22 17:16:31.394 I/MpvEvent(17565): [PlaybackTrace][Native][eventLoop] event_id=2 error=0
08-22 17:16:31.394 I/MpvEvent(17565): [PlaybackTrace][Native][mpv-log] prefix=cplayer level=v text=finished playback, success (reason 2)
08-22 17:16:31.394 D/mpv     (17565): [cplayer] v: finished playback, success (reason 2)
08-22 17:16:31.395 I/MpvEvent(17565): [PlaybackTrace][Native][eventLoop] event_id=2 error=0
08-22 17:16:31.395 I/MpvEvent(17565): [PlaybackTrace][Native][mpv-log] prefix=cplayer level=v text=Running hook: ytdl_hook/on_after_end_file
08-22 17:16:31.395 D/mpv     (17565): [cplayer] v: Running hook: ytdl_hook/on_after_end_file
08-22 17:16:31.395 I/MpvEvent(17565): [PlaybackTrace][Native][eventLoop] event_id=6 error=0
08-22 17:16:31.395 I/MpvEvent(17565): MPV_EVENT_START_FILE
08-22 17:16:31.395 I/MpvEvent(17565): [PlaybackTrace][Native][dispatch:event] name=startFile payload={}
08-22 17:16:31.396 D/MPVLib  (17565): onNativeEvent: startFile {}
08-22 17:16:31.396 I/MpvBridgeModule(17565): [PlaybackTrace][Bridge][listener:event] name=startFile payload={}
08-22 17:16:31.398 I/MpvEvent(17565): [PlaybackTrace][Native][eventLoop] event_id=2 error=0
08-22 17:16:31.398 I/MpvEvent(17565): [PlaybackTrace][Native][mpv-log] prefix=cplayer level=v text=Running hook: ytdl_hook/on_load
08-22 17:16:31.398 D/mpv     (17565): [cplayer] v: Running hook: ytdl_hook/on_load
08-22 17:16:31.401 I/MpvEvent(17565): [PlaybackTrace][Native][eventLoop] event_id=2 error=0
08-22 17:16:31.401 I/MpvEvent(17565): [PlaybackTrace][Native][mpv-log] prefix=cplayer level=v text=Running hook: ytdl_hook/on_load
08-22 17:16:31.401 D/mpv     (17565): [cplayer] v: Running hook: ytdl_hook/on_load
08-22 17:16:31.401 I/MpvEvent(17565): [PlaybackTrace][Native][eventLoop] event_id=2 error=0
08-22 17:16:31.401 I/MpvEvent(17565): [PlaybackTrace][Native][mpv-log] prefix=ytdl_hook level=v text=playlist hook
08-22 17:16:31.401 I/MpvEvent(17565): [PlaybackTrace][Native][eventLoop] event_id=2 error=0
08-22 17:16:31.401 I/MpvEvent(17565): [PlaybackTrace][Native][mpv-log] prefix=stream_callback level=v text=Opening https://prod-1.storage.jamendo.com/?trackid=1593988&format=mp31&from=%2FV3E9Qwm8kkOD6hbkNYXkg%3D%3D%7CMJJdmScXeWFhFQqasgwXjQ%3D%3D
08-22 17:16:31.402 I/MpvEvent(17565): [PlaybackTrace][Native][eventLoop] event_id=2 error=0
08-22 17:16:31.402 I/MpvEvent(17565): [PlaybackTrace][Native][mpv-log] prefix=ffmpeg level=v text=Opening https://prod-1.storage.jamendo.com/?trackid=1593988&format=mp31&from=%2FV3E9Qwm8kkOD6hbkNYXkg%3D%3D%7CMJJdmScXeWFhFQqasgwXjQ%3D%3D
08-22 17:16:31.402 D/mpv     (17565): [ffmpeg] v: Opening https://prod-1.storage.jamendo.com/?trackid=1593988&format=mp31&from=%2FV3E9Qwm8kkOD6hbkNYXkg%3D%3D%7CMJJdmScXeWFhFQqasgwXjQ%3D%3D
08-22 17:16:31.619 I/MpvJNI  (17565): [PlaybackTrace][Native][getPosition] result=-10 position=0.000000
08-22 17:16:31.619 D/MpvBridgeModule(17565): [PlaybackTrace][Bridge][getPosition] ptr=131217388352464 position=0.0
08-22 17:16:31.619 I/MpvJNI  (17565): [PlaybackTrace][Native][getDuration] result=-10 duration=0.000000
08-22 17:16:31.619 D/MpvBridgeModule(17565): [PlaybackTrace][Bridge][getDuration] ptr=131217388352464 duration=0.0
08-22 17:16:31.619 D/MpvBridgeModule(17565): [PlaybackTrace][Bridge][getPlaybackState] ptr=131217388352464 state=playing idle=false eof=false pause=false
08-22 17:16:31.620 I/ReactNativeJS(17565): '[INFO]', '[PlaybackTrace][JS][resume:call]'
08-22 17:16:31.622 I/MpvBridgeModule(17565): [PlaybackTrace][Bridge][play] ptr=131217388352464
08-22 17:16:31.623 I/MpvJNI  (17565): [PlaybackTrace][Native][play] pause=no result=0
08-22 17:16:31.623 I/MpvBridgeModule(17565): [PlaybackTrace][Bridge][play] nativePlay returned
08-22 17:16:31.623 I/MpvEvent(17565): [PlaybackTrace][Native][eventLoop] event_id=2 error=0
08-22 17:16:31.623 I/MpvEvent(17565): [PlaybackTrace][Native][mpv-log] prefix=cplayer level=v text=Set property: pause="no" -> 1
08-22 17:16:31.623 D/mpv     (17565): [cplayer] v: Set property: pause="no" -> 1
08-22 17:16:32.186 I/MpvJNI  (17565): [PlaybackTrace][Native][getPosition] result=-10 position=0.000000
08-22 17:16:32.186 D/MpvBridgeModule(17565): [PlaybackTrace][Bridge][getPosition] ptr=131217388352464 position=0.0
08-22 17:16:32.187 I/MpvJNI  (17565): [PlaybackTrace][Native][getDuration] result=-10 duration=0.000000
08-22 17:16:32.187 D/MpvBridgeModule(17565): [PlaybackTrace][Bridge][getDuration] ptr=131217388352464 duration=0.0
08-22 17:16:32.187 D/MpvBridgeModule(17565): [PlaybackTrace][Bridge][getPlaybackState] ptr=131217388352464 state=playing idle=false eof=false pause=false
08-22 17:16:32.474 I/MpvEvent(17565): [PlaybackTrace][Native][eventLoop] event_id=2 error=0
08-22 17:16:32.474 I/MpvEvent(17565): [PlaybackTrace][Native][mpv-log] prefix=ffmpeg level=error text=tls: mbedtls_ssl_handshake returned -0x6600
08-22 17:16:32.474 D/mpv     (17565): [ffmpeg] error: tls: mbedtls_ssl_handshake returned -0x6600
08-22 17:16:32.474 E/MpvEvent(17565): [PlaybackTrace][Native][dispatch:error] code=-1 message=tls: mbedtls_ssl_handshake returned -0x6600
08-22 17:16:32.475 E/MpvBridgeModule(17565): [PlaybackTrace][Bridge][listener:error] code=-1 message=tls: mbedtls_ssl_handshake returned -0x6600
08-22 17:16:32.495 I/MpvEvent(17565): [PlaybackTrace][Native][eventLoop] event_id=2 error=0
08-22 17:16:32.495 I/MpvEvent(17565): [PlaybackTrace][Native][mpv-log] prefix=stream level=error text=Failed to open https://prod-1.storage.jamendo.com/?trackid=1593988&format=mp31&from=%2FV3E9Qwm8kkOD6hbkNYXkg%3D%3D%7CMJJdmScXeWFhFQqasgwXjQ%3D%3D.
08-22 17:16:32.495 E/MpvEvent(17565): [PlaybackTrace][Native][dispatch:error] code=-1 message=Failed to open https://prod-1.storage.jamendo.com/?trackid=1593988&format=mp31&from=%2FV3E9Qwm8kkOD6hbkNYXkg%3D%3D%7CMJJdmScXeWFhFQqasgwXjQ%3D%3D.
08-22 17:16:32.500 E/MpvBridgeModule(17565): [PlaybackTrace][Bridge][listener:error] code=-1 message=Failed to open https://prod-1.storage.jamendo.com/?trackid=1593988&format=mp31&from=%2FV3E9Qwm8kkOD6hbkNYXkg%3D%3D%7CMJJdmScXeWFhFQqasgwXjQ%3D%3D.
08-22 17:16:32.505 I/MpvEvent(17565): [PlaybackTrace][Native][eventLoop] event_id=2 error=0
08-22 17:16:32.505 I/MpvEvent(17565): [PlaybackTrace][Native][mpv-log] prefix=cplayer level=v text=Opening failed or was aborted: https://prod-1.storage.jamendo.com/?trackid=1593988&format=mp31&from=%2FV3E9Qwm8kkOD6hbkNYXkg%3D%3D%7CMJJdmScXeWFhFQqasgwXjQ%3D%3D
08-22 17:16:32.505 D/mpv     (17565): [cplayer] v: Opening failed or was aborted: https://prod-1.storage.jamendo.com/?trackid=1593988&format=mp31&from=%2FV3E9Qwm8kkOD6hbkNYXkg%3D%3D%7CMJJdmScXeWFhFQqasgwXjQ%3D%3D
08-22 17:16:32.505 I/MpvEvent(17565): [PlaybackTrace][Native][eventLoop] event_id=2 error=0
08-22 17:16:32.505 I/MpvEvent(17565): [PlaybackTrace][Native][mpv-log] prefix=cplayer level=v text=Running hook: ytdl_hook/on_load_fail
08-22 17:16:32.505 D/mpv     (17565): [cplayer] v: Running hook: ytdl_hook/on_load_fail
08-22 17:16:32.505 I/MpvEvent(17565): [PlaybackTrace][Native][eventLoop] event_id=2 error=0
08-22 17:16:32.505 I/MpvEvent(17565): [PlaybackTrace][Native][mpv-log] prefix=ytdl_hook level=v text=Starting subprocess: [, --no-warnings, -J, --flat-playlist, --sub-format, ass/srt/best, --sub-langs, all, --write-srt, --no-playlist, --, https://prod-1.storage.jamendo.com/?trackid=1593988&format=mp31&from=%2FV3E9Qwm8kkOD6hbkNYXkg%3D%3D%7CMJJdmScXeWFhFQqasgwXjQ%3D%3D]
08-22 17:16:32.508 I/MpvJNI  (17565): [PlaybackTrace][Native][getDuration] result=-10 duration=0.000000
08-22 17:16:32.509 D/MpvBridgeModule(17565): [PlaybackTrace][Bridge][getDuration] ptr=131217388352464 duration=0.0
08-22 17:16:32.547 I/MpvEvent(17565): [PlaybackTrace][Native][eventLoop] event_id=2 error=0
08-22 17:16:32.547 I/MpvEvent(17565): [PlaybackTrace][Native][mpv-log] prefix=ytdl_hook level=error text=Subprocess failed: init
08-22 17:16:32.547 E/MpvEvent(17565): [PlaybackTrace][Native][dispatch:error] code=-1 message=Subprocess failed: init
08-22 17:16:32.558 E/MpvBridgeModule(17565): [PlaybackTrace][Bridge][listener:error] code=-1 message=Subprocess failed: init
08-22 17:16:32.559 I/MpvEvent(17565): [PlaybackTrace][Native][eventLoop] event_id=7 error=0
08-22 17:16:32.559 E/MpvEvent(17565): [PlaybackTrace][Native][eventLoop] MPV_EVENT_END_FILE reason=4 error=-13
08-22 17:16:32.559 I/MpvEvent(17565): [PlaybackTrace][Native][dispatch:event] name=endFile payload={"reason":4,"error":-13}
08-22 17:16:32.559 D/MPVLib  (17565): onNativeEvent: endFile {"reason":4,"error":-13}
08-22 17:16:32.559 I/MpvBridgeModule(17565): [PlaybackTrace][Bridge][listener:event] name=endFile payload={"reason":4,"error":-13}
08-22 17:16:32.569 I/MpvEvent(17565): [PlaybackTrace][Native][eventLoop] event_id=11 error=0
08-22 17:16:32.569 I/MpvEvent(17565): Unhandled mpv event: 11
08-22 17:16:32.569 I/MpvEvent(17565): [PlaybackTrace][Native][eventLoop] event_id=2 error=0
08-22 17:16:32.569 I/MpvEvent(17565): [PlaybackTrace][Native][mpv-log] prefix=cplayer level=v text=Set property: user-data/mpv/ytdl/json-subprocess-result={"status":-3,"stderr":"","error_string":"init","stdout":"","killed_by_us":false} -> 1
08-22 17:16:32.569 D/mpv     (17565): [cplayer] v: Set property: user-data/mpv/ytdl/json-subprocess-result={"status":-3,"stderr":"","error_string":"init","stdout":"","killed_by_us":false} -> 1
08-22 17:16:32.569 I/MpvEvent(17565): [PlaybackTrace][Native][eventLoop] event_id=2 error=0
08-22 17:16:32.569 I/MpvEvent(17565): [PlaybackTrace][Native][mpv-log] prefix=ytdl_hook level=v text=status: -3
08-22 17:16:32.569 I/MpvEvent(17565): [PlaybackTrace][Native][eventLoop] event_id=2 error=0
08-22 17:16:32.569 I/MpvEvent(17565): [PlaybackTrace][Native][mpv-log] prefix=ytdl_hook level=v text=reason: init
08-22 17:16:32.569 I/MpvEvent(17565): [PlaybackTrace][Native][eventLoop] event_id=2 error=0
08-22 17:16:32.569 I/MpvEvent(17565): [PlaybackTrace][Native][mpv-log] prefix=ytdl_hook level=v text=stdout: 
08-22 17:16:32.569 I/MpvEvent(17565): [PlaybackTrace][Native][eventLoop] event_id=2 error=0
08-22 17:16:32.569 I/MpvEvent(17565): [PlaybackTrace][Native][mpv-log] prefix=ytdl_hook level=v text=stderr: 
08-22 17:16:32.569 I/MpvEvent(17565): [PlaybackTrace][Native][eventLoop] event_id=2 error=0
08-22 17:16:32.569 I/MpvEvent(17565): [PlaybackTrace][Native][mpv-log] prefix=ytdl_hook level=error text=
08-22 17:16:32.569 E/MpvEvent(17565): [PlaybackTrace][Native][dispatch:error] code=-1 message=
08-22 17:16:32.570 E/MpvBridgeModule(17565): [PlaybackTrace][Bridge][listener:error] code=-1 message=
08-22 17:16:32.571 I/MpvEvent(17565): [PlaybackTrace][Native][eventLoop] event_id=2 error=0
08-22 17:16:32.571 I/MpvEvent(17565): [PlaybackTrace][Native][mpv-log] prefix=ytdl_hook level=error text=youtube-dl failed: not found or not enough permissions
08-22 17:16:32.571 E/MpvEvent(17565): [PlaybackTrace][Native][dispatch:error] code=-1 message=youtube-dl failed: not found or not enough permissions
08-22 17:16:32.571 E/MpvBridgeModule(17565): [PlaybackTrace][Bridge][listener:error] code=-1 message=youtube-dl failed: not found or not enough permissions
08-22 17:16:32.572 I/MpvEvent(17565): [PlaybackTrace][Native][eventLoop] event_id=2 error=0
08-22 17:16:32.572 I/MpvEvent(17565): [PlaybackTrace][Native][mpv-log] prefix=cplayer level=v text=finished playback, loading failed (reason 4)
08-22 17:16:32.572 D/mpv     (17565): [cplayer] v: finished playback, loading failed (reason 4)
08-22 17:16:32.572 I/MpvEvent(17565): [PlaybackTrace][Native][eventLoop] event_id=2 error=0
08-22 17:16:32.572 I/MpvEvent(17565): [PlaybackTrace][Native][mpv-log] prefix=cplayer level=v text=Running hook: ytdl_hook/on_after_end_file
08-22 17:16:32.572 D/mpv     (17565): [cplayer] v: Running hook: ytdl_hook/on_after_end_file
08-22 17:16:32.746 I/MpvJNI  (17565): [PlaybackTrace][Native][getPosition] result=-10 position=0.000000
08-22 17:16:32.746 D/MpvBridgeModule(17565): [PlaybackTrace][Bridge][getPosition] ptr=131217388352464 position=0.0
08-22 17:16:32.746 I/MpvJNI  (17565): [PlaybackTrace][Native][getDuration] result=-10 duration=0.000000
08-22 17:16:32.746 D/MpvBridgeModule(17565): [PlaybackTrace][Bridge][getDuration] ptr=131217388352464 duration=0.0
08-22 17:16:32.746 D/MpvBridgeModule(17565): [PlaybackTrace][Bridge][getPlaybackState] ptr=131217388352464 state=idle idle=true
08-22 17:16:32.792 I/MpvJNI  (17565): [PlaybackTrace][Native][getDuration] result=-10 duration=0.000000
08-22 17:16:32.793 D/MpvBridgeModule(17565): [PlaybackTrace][Bridge][getDuration] ptr=131217388352464 duration=0.0
08-22 17:16:32.963 I/ReactNativeJS(17565): '[INFO]', '[PlaybackTrace][Controller][loadAndResume:before]', { uri: 'https://prod-1.storage.jamendo.com/?trackid=1593988&format=mp31&from=%2FV3E9Qwm8kkOD6hbkNYXkg%3D%3D%7CMJJdmScXeWFhFQqasgwXjQ%3D%3D',
08-22 17:16:32.964 I/ReactNativeJS(17565): '[INFO]', '[PlaybackTrace][JS][loadFile:call]', { requestedPath: 'https://prod-1.storage.jamendo.com/?trackid=1593988&format=mp31&from=%2FV3E9Qwm8kkOD6hbkNYXkg%3D%3D%7CMJJdmScXeWFhFQqasgwXjQ%3D%3D',
08-22 17:16:32.964 I/MpvBridgeModule(17565): [PlaybackTrace][Bridge][loadFile] requested=https://prod-1.storage.jamendo.com/?trackid=1593988&format=mp31&from=%2FV3E9Qwm8kkOD6hbkNYXkg%3D%3D%7CMJJdmScXeWFhFQqasgwXjQ%3D%3D resolved=https://prod-1.storage.jamendo.com/?trackid=1593988&format=mp31&from=%2FV3E9Qwm8kkOD6hbkNYXkg%3D%3D%7CMJJdmScXeWFhFQqasgwXjQ%3D%3D ptr=131217388352464
08-22 17:16:32.964 I/MpvJNI  (17565): [PlaybackTrace][Native][loadFile] begin path=https://prod-1.storage.jamendo.com/?trackid=1593988&format=mp31&from=%2FV3E9Qwm8kkOD6hbkNYXkg%3D%3D%7CMJJdmScXeWFhFQqasgwXjQ%3D%3D initialized=1
08-22 17:16:32.964 I/MpvJNI  (17565): [PlaybackTrace][Native][loadFile] loadfile command accepted result=0
08-22 17:16:32.965 I/MpvBridgeModule(17565): [PlaybackTrace][Bridge][loadFile] nativeLoadFile returned
08-22 17:16:32.965 I/ReactNativeJS(17565): '[INFO]', '[PlaybackTrace][JS][loadFile:return]', { resolvedPath: 'https://prod-1.storage.jamendo.com/?trackid=1593988&format=mp31&from=%2FV3E9Qwm8kkOD6hbkNYXkg%3D%3D%7CMJJdmScXeWFhFQqasgwXjQ%3D%3D' }
08-22 17:16:32.965 I/MpvEvent(17565): [PlaybackTrace][Native][eventLoop] event_id=6 error=0
08-22 17:16:32.965 I/MpvEvent(17565): MPV_EVENT_START_FILE
08-22 17:16:32.965 I/MpvEvent(17565): [PlaybackTrace][Native][dispatch:event] name=startFile payload={}
08-22 17:16:32.965 D/MPVLib  (17565): onNativeEvent: startFile {}
08-22 17:16:32.965 I/MpvBridgeModule(17565): [PlaybackTrace][Bridge][listener:event] name=startFile payload={}
08-22 17:16:32.968 I/ReactNativeJS(17565): '[INFO]', '[PlaybackTrace][Controller][loadAndResume:loaded]', 'https://prod-1.storage.jamendo.com/?trackid=1593988&format=mp31&from=%2FV3E9Qwm8kkOD6hbkNYXkg%3D%3D%7CMJJdmScXeWFhFQqasgwXjQ%3D%3D'
08-22 17:16:32.970 I/MpvEvent(17565): [PlaybackTrace][Native][eventLoop] event_id=2 error=0
08-22 17:16:32.970 I/MpvEvent(17565): [PlaybackTrace][Native][mpv-log] prefix=cplayer level=v text=Running hook: ytdl_hook/on_load
08-22 17:16:32.970 D/mpv     (17565): [cplayer] v: Running hook: ytdl_hook/on_load
08-22 17:16:32.971 I/ReactNativeJS(17565): '[INFO]', '[PlaybackTrace][JS][resume:call]'
08-22 17:16:32.972 I/MpvEvent(17565): [PlaybackTrace][Native][eventLoop] event_id=2 error=0
08-22 17:16:32.972 I/MpvEvent(17565): [PlaybackTrace][Native][mpv-log] prefix=cplayer level=v text=Running hook: ytdl_hook/on_load
08-22 17:16:32.972 D/mpv     (17565): [cplayer] v: Running hook: ytdl_hook/on_load
08-22 17:16:32.972 I/MpvEvent(17565): [PlaybackTrace][Native][eventLoop] event_id=2 error=0
08-22 17:16:32.972 I/MpvEvent(17565): [PlaybackTrace][Native][mpv-log] prefix=ytdl_hook level=v text=playlist hook
08-22 17:16:32.972 I/MpvEvent(17565): [PlaybackTrace][Native][eventLoop] event_id=2 error=0
08-22 17:16:32.972 I/MpvEvent(17565): [PlaybackTrace][Native][mpv-log] prefix=stream_callback level=v text=Opening https://prod-1.storage.jamendo.com/?trackid=1593988&format=mp31&from=%2FV3E9Qwm8kkOD6hbkNYXkg%3D%3D%7CMJJdmScXeWFhFQqasgwXjQ%3D%3D
08-22 17:16:32.972 I/MpvBridgeModule(17565): [PlaybackTrace][Bridge][play] ptr=131217388352464
08-22 17:16:32.972 I/ReactNativeJS(17565): '[INFO]', '[PlaybackTrace][Controller][loadAndResume:resumed]', 'https://prod-1.storage.jamendo.com/?trackid=1593988&format=mp31&from=%2FV3E9Qwm8kkOD6hbkNYXkg%3D%3D%7CMJJdmScXeWFhFQqasgwXjQ%3D%3D'
08-22 17:16:32.972 I/MpvJNI  (17565): [PlaybackTrace][Native][play] pause=no result=0
08-22 17:16:32.972 I/MpvEvent(17565): [PlaybackTrace][Native][eventLoop] event_id=2 error=0
08-22 17:16:32.972 I/MpvEvent(17565): [PlaybackTrace][Native][mpv-log] prefix=cplayer level=v text=Set property: pause="no" -> 1
08-22 17:16:32.972 D/mpv     (17565): [cplayer] v: Set property: pause="no" -> 1
08-22 17:16:32.972 I/MpvBridgeModule(17565): [PlaybackTrace][Bridge][play] nativePlay returned
08-22 17:16:32.973 I/MpvEvent(17565): [PlaybackTrace][Native][eventLoop] event_id=2 error=0
08-22 17:16:32.973 I/MpvEvent(17565): [PlaybackTrace][Native][mpv-log] prefix=ffmpeg level=v text=Opening https://prod-1.storage.jamendo.com/?trackid=1593988&format=mp31&from=%2FV3E9Qwm8kkOD6hbkNYXkg%3D%3D%7CMJJdmScXeWFhFQqasgwXjQ%3D%3D
08-22 17:16:32.973 D/mpv     (17565): [ffmpeg] v: Opening https://prod-1.storage.jamendo.com/?trackid=1593988&format=mp31&from=%2FV3E9Qwm8kkOD6hbkNYXkg%3D%3D%7CMJJdmScXeWFhFQqasgwXjQ%3D%3D
08-22 17:16:32.975 I/ReactNativeJS(17565): '[INFO]', '[PlaybackTrace][Controller][loadAndResume:before]', { uri: 'https://prod-1.storage.jamendo.com/?trackid=1593988&format=mp31&from=%2FV3E9Qwm8kkOD6hbkNYXkg%3D%3D%7CMJJdmScXeWFhFQqasgwXjQ%3D%3D',
08-22 17:16:32.976 I/ReactNativeJS(17565): '[INFO]', '[PlaybackTrace][JS][loadFile:call]', { requestedPath: 'https://prod-1.storage.jamendo.com/?trackid=1593988&format=mp31&from=%2FV3E9Qwm8kkOD6hbkNYXkg%3D%3D%7CMJJdmScXeWFhFQqasgwXjQ%3D%3D',
08-22 17:16:32.976 I/MpvBridgeModule(17565): [PlaybackTrace][Bridge][loadFile] requested=https://prod-1.storage.jamendo.com/?trackid=1593988&format=mp31&from=%2FV3E9Qwm8kkOD6hbkNYXkg%3D%3D%7CMJJdmScXeWFhFQqasgwXjQ%3D%3D resolved=https://prod-1.storage.jamendo.com/?trackid=1593988&format=mp31&from=%2FV3E9Qwm8kkOD6hbkNYXkg%3D%3D%7CMJJdmScXeWFhFQqasgwXjQ%3D%3D ptr=131217388352464
08-22 17:16:32.976 I/MpvJNI  (17565): [PlaybackTrace][Native][loadFile] begin path=https://prod-1.storage.jamendo.com/?trackid=1593988&format=mp31&from=%2FV3E9Qwm8kkOD6hbkNYXkg%3D%3D%7CMJJdmScXeWFhFQqasgwXjQ%3D%3D initialized=1
08-22 17:16:32.978 I/ReactNativeJS(17565): '[INFO]', '[PlaybackTrace][JS][loadFile:return]', { resolvedPath: 'https://prod-1.storage.jamendo.com/?trackid=1593988&format=mp31&from=%2FV3E9Qwm8kkOD6hbkNYXkg%3D%3D%7CMJJdmScXeWFhFQqasgwXjQ%3D%3D' }
08-22 17:16:32.979 I/ReactNativeJS(17565): '[INFO]', '[PlaybackTrace][Controller][loadAndResume:loaded]', 'https://prod-1.storage.jamendo.com/?trackid=1593988&format=mp31&from=%2FV3E9Qwm8kkOD6hbkNYXkg%3D%3D%7CMJJdmScXeWFhFQqasgwXjQ%3D%3D'
08-22 17:16:32.980 I/MpvJNI  (17565): [PlaybackTrace][Native][loadFile] loadfile command accepted result=0
08-22 17:16:32.980 I/MpvBridgeModule(17565): [PlaybackTrace][Bridge][loadFile] nativeLoadFile returned
08-22 17:16:32.980 I/ReactNativeJS(17565): '[INFO]', '[PlaybackTrace][JS][resume:call]'
08-22 17:16:32.981 I/ReactNativeJS(17565): '[INFO]', '[PlaybackTrace][Controller][loadAndResume:resumed]', 'https://prod-1.storage.jamendo.com/?trackid=1593988&format=mp31&from=%2FV3E9Qwm8kkOD6hbkNYXkg%3D%3D%7CMJJdmScXeWFhFQqasgwXjQ%3D%3D'
08-22 17:16:32.981 I/MpvBridgeModule(17565): [PlaybackTrace][Bridge][play] ptr=131217388352464
08-22 17:16:32.982 I/MpvJNI  (17565): [PlaybackTrace][Native][play] pause=no result=0
08-22 17:16:32.982 I/MpvBridgeModule(17565): [PlaybackTrace][Bridge][play] nativePlay returned
08-22 17:16:32.982 I/MpvEvent(17565): [PlaybackTrace][Native][eventLoop] event_id=2 error=0
08-22 17:16:32.982 I/MpvEvent(17565): [PlaybackTrace][Native][mpv-log] prefix=cplayer level=v text=Set property: pause="no" -> 1
08-22 17:16:32.983 D/mpv     (17565): [cplayer] v: Set property: pause="no" -> 1
08-22 17:16:32.991 I/MpvEvent(17565): [PlaybackTrace][Native][eventLoop] event_id=2 error=0
08-22 17:16:32.991 I/MpvEvent(17565): [PlaybackTrace][Native][mpv-log] prefix=cplayer level=v text=Opening failed or was aborted: https://prod-1.storage.jamendo.com/?trackid=1593988&format=mp31&from=%2FV3E9Qwm8kkOD6hbkNYXkg%3D%3D%7CMJJdmScXeWFhFQqasgwXjQ%3D%3D
08-22 17:16:32.991 D/mpv     (17565): [cplayer] v: Opening failed or was aborted: https://prod-1.storage.jamendo.com/?trackid=1593988&format=mp31&from=%2FV3E9Qwm8kkOD6hbkNYXkg%3D%3D%7CMJJdmScXeWFhFQqasgwXjQ%3D%3D
08-22 17:16:32.992 I/MpvEvent(17565): [PlaybackTrace][Native][eventLoop] event_id=7 error=0
08-22 17:16:32.992 E/MpvEvent(17565): [PlaybackTrace][Native][eventLoop] MPV_EVENT_END_FILE reason=2 error=0
08-22 17:16:32.992 I/MpvEvent(17565): [PlaybackTrace][Native][dispatch:event] name=endFile payload={"reason":2,"error":0}
08-22 17:16:32.992 D/MPVLib  (17565): onNativeEvent: endFile {"reason":2,"error":0}
08-22 17:16:32.992 I/MpvBridgeModule(17565): [PlaybackTrace][Bridge][listener:event] name=endFile payload={"reason":2,"error":0}
08-22 17:16:32.997 I/MpvEvent(17565): [PlaybackTrace][Native][eventLoop] event_id=6 error=0
08-22 17:16:32.997 I/MpvEvent(17565): MPV_EVENT_START_FILE
08-22 17:16:32.997 I/MpvEvent(17565): [PlaybackTrace][Native][dispatch:event] name=startFile payload={}
08-22 17:16:33.001 D/MPVLib  (17565): onNativeEvent: startFile {}
08-22 17:16:33.001 I/MpvBridgeModule(17565): [PlaybackTrace][Bridge][listener:event] name=startFile payload={}
08-22 17:16:33.002 I/MpvEvent(17565): [PlaybackTrace][Native][eventLoop] event_id=2 error=0
08-22 17:16:33.002 I/MpvEvent(17565): [PlaybackTrace][Native][mpv-log] prefix=cplayer level=v text=finished playback, success (reason 2)
08-22 17:16:33.002 D/mpv     (17565): [cplayer] v: finished playback, success (reason 2)
08-22 17:16:33.002 I/MpvEvent(17565): [PlaybackTrace][Native][eventLoop] event_id=2 error=0
08-22 17:16:33.002 I/MpvEvent(17565): [PlaybackTrace][Native][mpv-log] prefix=cplayer level=v text=Running hook: ytdl_hook/on_after_end_file
08-22 17:16:33.002 D/mpv     (17565): [cplayer] v: Running hook: ytdl_hook/on_after_end_file
08-22 17:16:33.006 I/MpvEvent(17565): [PlaybackTrace][Native][eventLoop] event_id=2 error=0
08-22 17:16:33.006 I/MpvEvent(17565): [PlaybackTrace][Native][mpv-log] prefix=cplayer level=v text=Running hook: ytdl_hook/on_load
08-22 17:16:33.006 D/mpv     (17565): [cplayer] v: Running hook: ytdl_hook/on_load
08-22 17:16:33.006 I/MpvEvent(17565): [PlaybackTrace][Native][eventLoop] event_id=2 error=0
08-22 17:16:33.006 I/MpvEvent(17565): [PlaybackTrace][Native][mpv-log] prefix=cplayer level=v text=Running hook: ytdl_hook/on_load
08-22 17:16:33.006 D/mpv     (17565): [cplayer] v: Running hook: ytdl_hook/on_load
08-22 17:16:33.006 I/MpvEvent(17565): [PlaybackTrace][Native][eventLoop] event_id=2 error=0
08-22 17:16:33.006 I/MpvEvent(17565): [PlaybackTrace][Native][mpv-log] prefix=ytdl_hook level=v text=playlist hook
08-22 17:16:33.006 I/MpvEvent(17565): [PlaybackTrace][Native][eventLoop] event_id=2 error=0
08-22 17:16:33.006 I/MpvEvent(17565): [PlaybackTrace][Native][mpv-log] prefix=stream_callback level=v text=Opening https://prod-1.storage.jamendo.com/?trackid=1593988&format=mp31&from=%2FV3E9Qwm8kkOD6hbkNYXkg%3D%3D%7CMJJdmScXeWFhFQqasgwXjQ%3D%3D
08-22 17:16:33.007 I/MpvEvent(17565): [PlaybackTrace][Native][eventLoop] event_id=2 error=0
08-22 17:16:33.007 I/MpvEvent(17565): [PlaybackTrace][Native][mpv-log] prefix=ffmpeg level=v text=Opening https://prod-1.storage.jamendo.com/?trackid=1593988&format=mp31&from=%2FV3E9Qwm8kkOD6hbkNYXkg%3D%3D%7CMJJdmScXeWFhFQqasgwXjQ%3D%3D
08-22 17:16:33.007 D/mpv     (17565): [ffmpeg] v: Opening https://prod-1.storage.jamendo.com/?trackid=1593988&format=mp31&from=%2FV3E9Qwm8kkOD6hbkNYXkg%3D%3D%7CMJJdmScXeWFhFQqasgwXjQ%3D%3D
08-22 17:16:33.202 I/MpvJNI  (17565): [PlaybackTrace][Native][getPosition] result=-10 position=0.000000
08-22 17:16:33.202 D/MpvBridgeModule(17565): [PlaybackTrace][Bridge][getPosition] ptr=131217388352464 position=0.0
08-22 17:16:33.202 I/MpvJNI  (17565): [PlaybackTrace][Native][getDuration] result=-10 duration=0.000000
08-22 17:16:33.202 D/MpvBridgeModule(17565): [PlaybackTrace][Bridge][getDuration] ptr=131217388352464 duration=0.0
08-22 17:16:33.202 D/MpvBridgeModule(17565): [PlaybackTrace][Bridge][getPlaybackState] ptr=131217388352464 state=playing idle=false eof=false pause=false
08-22 17:16:33.235 I/ReactNativeJS(17565): '[INFO]', '[PlaybackTrace][JS][resume:call]'
08-22 17:16:33.235 I/MpvBridgeModule(17565): [PlaybackTrace][Bridge][play] ptr=131217388352464
08-22 17:16:33.235 I/MpvJNI  (17565): [PlaybackTrace][Native][play] pause=no result=0
08-22 17:16:33.235 I/MpvBridgeModule(17565): [PlaybackTrace][Bridge][play] nativePlay returned
08-22 17:16:33.235 I/MpvEvent(17565): [PlaybackTrace][Native][eventLoop] event_id=2 error=0
08-22 17:16:33.236 I/MpvEvent(17565): [PlaybackTrace][Native][mpv-log] prefix=cplayer level=v text=Set property: pause="no" -> 1
08-22 17:16:33.236 D/mpv     (17565): [cplayer] v: Set property: pause="no" -> 1
08-22 17:16:33.237 I/ReactNativeJS(17565): '[INFO]', '[PlaybackTrace][JS][resume:call]'
08-22 17:16:33.237 I/MpvBridgeModule(17565): [PlaybackTrace][Bridge][play] ptr=131217388352464
08-22 17:16:33.238 I/MpvEvent(17565): [PlaybackTrace][Native][eventLoop] event_id=2 error=0
08-22 17:16:33.238 I/MpvJNI  (17565): [PlaybackTrace][Native][play] pause=no result=0
08-22 17:16:33.238 I/MpvEvent(17565): [PlaybackTrace][Native][mpv-log] prefix=cplayer level=v text=Set property: pause="no" -> 1
08-22 17:16:33.238 I/MpvBridgeModule(17565): [PlaybackTrace][Bridge][play] nativePlay returned
08-22 17:16:33.238 D/mpv     (17565): [cplayer] v: Set property: pause="no" -> 1
08-22 17:16:33.652 I/MpvJNI  (17565): [PlaybackTrace][Native][getPosition] result=-10 position=0.000000
08-22 17:16:33.652 D/MpvBridgeModule(17565): [PlaybackTrace][Bridge][getPosition] ptr=131217388352464 position=0.0
08-22 17:16:33.652 I/MpvJNI  (17565): [PlaybackTrace][Native][getDuration] result=-10 duration=0.000000
08-22 17:16:33.652 D/MpvBridgeModule(17565): [PlaybackTrace][Bridge][getDuration] ptr=131217388352464 duration=0.0
08-22 17:16:33.653 D/MpvBridgeModule(17565): [PlaybackTrace][Bridge][getPlaybackState] ptr=131217388352464 state=playing idle=false eof=false pause=false
08-22 17:16:33.694 I/MpvEvent(17565): [PlaybackTrace][Native][eventLoop] event_id=2 error=0
08-22 17:16:33.694 I/MpvEvent(17565): [PlaybackTrace][Native][mpv-log] prefix=ffmpeg level=v text=Mime-type: 'audio/mpeg'
08-22 17:16:33.694 D/mpv     (17565): [ffmpeg] v: Mime-type: 'audio/mpeg'
08-22 17:16:33.694 I/MpvEvent(17565): [PlaybackTrace][Native][eventLoop] event_id=2 error=0
08-22 17:16:33.694 I/MpvEvent(17565): [PlaybackTrace][Native][mpv-log] prefix=demux level=v text=Trying demuxers for level=normal.
08-22 17:16:33.741 I/MpvEvent(17565): [PlaybackTrace][Native][eventLoop] event_id=2 error=0
08-22 17:16:33.741 I/MpvEvent(17565): [PlaybackTrace][Native][mpv-log] prefix=lavf level=v text=Found 'mp3' at score=24 size=2048.
08-22 17:16:33.962 I/MpvEvent(17565): [PlaybackTrace][Native][eventLoop] event_id=2 error=0
08-22 17:16:33.962 I/MpvEvent(17565): [PlaybackTrace][Native][mpv-log] prefix=lavf level=v text=avformat_find_stream_info() finished after 32275 bytes.
08-22 17:16:33.963 I/MpvEvent(17565): [PlaybackTrace][Native][eventLoop] event_id=2 error=0
08-22 17:16:33.963 I/MpvEvent(17565): [PlaybackTrace][Native][mpv-log] prefix=lavf level=v text=Assuming this is an image format.
08-22 17:16:33.963 I/MpvEvent(17565): [PlaybackTrace][Native][eventLoop] event_id=2 error=0
08-22 17:16:33.963 I/MpvEvent(17565): [PlaybackTrace][Native][mpv-log] prefix=demux level=v text=Detected file format: mp3 (libavformat)
08-22 17:16:33.963 I/MpvEvent(17565): [PlaybackTrace][Native][eventLoop] event_id=2 error=0
08-22 17:16:33.963 I/MpvEvent(17565): [PlaybackTrace][Native][mpv-log] prefix=cplayer level=v text=Opening done: https://prod-1.storage.jamendo.com/?trackid=1593988&format=mp31&from=%2FV3E9Qwm8kkOD6hbkNYXkg%3D%3D%7CMJJdmScXeWFhFQqasgwXjQ%3D%3D
08-22 17:16:33.963 D/mpv     (17565): [cplayer] v: Opening done: https://prod-1.storage.jamendo.com/?trackid=1593988&format=mp31&from=%2FV3E9Qwm8kkOD6hbkNYXkg%3D%3D%7CMJJdmScXeWFhFQqasgwXjQ%3D%3D
08-22 17:16:33.965 I/MpvEvent(17565): [PlaybackTrace][Native][eventLoop] event_id=2 error=0
08-22 17:16:33.965 I/MpvEvent(17565): [PlaybackTrace][Native][mpv-log] prefix=cplayer level=v text=Running hook: ytdl_hook/on_preloaded
08-22 17:16:33.965 D/mpv     (17565): [cplayer] v: Running hook: ytdl_hook/on_preloaded
08-22 17:16:33.965 I/MpvEvent(17565): [PlaybackTrace][Native][eventLoop] event_id=2 error=0
08-22 17:16:33.965 I/MpvEvent(17565): [PlaybackTrace][Native][mpv-log] prefix=lavf level=v text=select track 1
08-22 17:16:33.965 I/MpvEvent(17565): [PlaybackTrace][Native][eventLoop] event_id=2 error=0
08-22 17:16:33.965 I/MpvEvent(17565): [PlaybackTrace][Native][mpv-log] prefix=lavf level=v text=select track 0
08-22 17:16:33.965 I/MpvEvent(17565): [PlaybackTrace][Native][eventLoop] event_id=2 error=0
08-22 17:16:33.965 I/MpvEvent(17565): [PlaybackTrace][Native][mpv-log] prefix=cplayer level=info text=ΓùÅ Image  --vid=1  'Cover Image' (mjpeg [Baseline] 400x400)
08-22 17:16:33.965 D/mpv     (17565): [cplayer] info: ΓùÅ Image  --vid=1  'Cover Image' (mjpeg [Baseline] 400x400)
08-22 17:16:33.965 I/MpvEvent(17565): [PlaybackTrace][Native][eventLoop] event_id=2 error=0
08-22 17:16:33.965 I/MpvEvent(17565): [PlaybackTrace][Native][mpv-log] prefix=cplayer level=info text=ΓùÅ Audio  --aid=1  (mp3 2ch 44100 Hz 96 kbps)
08-22 17:16:33.965 D/mpv     (17565): [cplayer] info: ΓùÅ Audio  --aid=1  (mp3 2ch 44100 Hz 96 kbps)
08-22 17:16:33.966 I/MpvEvent(17565): [PlaybackTrace][Native][eventLoop] event_id=2 error=0
08-22 17:16:33.966 I/MpvEvent(17565): [PlaybackTrace][Native][mpv-log] prefix=display-tags level=info text=File tags:
08-22 17:16:33.966 I/MpvEvent(17565): [PlaybackTrace][Native][eventLoop] event_id=2 error=0
08-22 17:16:33.966 I/MpvEvent(17565): [PlaybackTrace][Native][mpv-log] prefix=display-tags level=info text= Artist: Joystock
08-22 17:16:33.966 I/MpvEvent(17565): [PlaybackTrace][Native][eventLoop] event_id=2 error=0
08-22 17:16:33.966 I/MpvEvent(17565): [PlaybackTrace][Native][mpv-log] prefix=display-tags level=info text= Comment: http://www.jamendo.com cc_standard
08-22 17:16:33.966 I/MpvEvent(17565): [PlaybackTrace][Native][eventLoop] event_id=2 error=0
08-22 17:16:33.966 I/MpvEvent(17565): [PlaybackTrace][Native][mpv-log] prefix=display-tags level=info text= Composer: Joystock
08-22 17:16:33.966 I/MpvEvent(17565): [PlaybackTrace][Native][eventLoop] event_id=2 error=0
08-22 17:16:33.966 I/MpvEvent(17565): [PlaybackTrace][Native][mpv-log] prefix=display-tags level=info text= Date: 2018
08-22 17:16:33.966 I/MpvEvent(17565): [PlaybackTrace][Native][eventLoop] event_id=2 error=0
08-22 17:16:33.966 I/MpvEvent(17565): [PlaybackTrace][Native][mpv-log] prefix=display-tags level=info text= Genre: chillhop
08-22 17:16:33.966 I/MpvEvent(17565): [PlaybackTrace][Native][eventLoop] event_id=2 error=0
08-22 17:16:33.966 I/MpvEvent(17565): [PlaybackTrace][Native][mpv-log] prefix=display-tags level=info text= Title: Lofi Chillout Hip Hop Beat
08-22 17:16:33.966 I/MpvEvent(17565): [PlaybackTrace][Native][eventLoop] event_id=2 error=0
08-22 17:16:33.966 I/MpvEvent(17565): [PlaybackTrace][Native][mpv-log] prefix=display-tags level=info text= Track: 62
08-22 17:16:33.973 I/MpvEvent(17565): [PlaybackTrace][Native][eventLoop] event_id=2 error=0
08-22 17:16:33.974 I/MpvEvent(17565): [PlaybackTrace][Native][mpv-log] prefix=vd level=v text=Container reported FPS: 1.000000
08-22 17:16:33.974 I/MpvEvent(17565): [PlaybackTrace][Native][eventLoop] event_id=18 error=0
08-22 17:16:33.974 I/MpvEvent(17565): [PlaybackTrace][Native][eventLoop] MPV_EVENT_AUDIO_RECONFIG
08-22 17:16:33.979 I/MpvEvent(17565): [PlaybackTrace][Native][dispatch:event] name=audioReconfig payload={}
08-22 17:16:33.981 I/MpvBridgeModule(17565): [PlaybackTrace][Bridge][listener:event] name=audioReconfig payload={}
08-22 17:16:33.986 I/MpvEvent(17565): [PlaybackTrace][Native][eventLoop] event_id=18 error=0
08-22 17:16:33.986 I/MpvEvent(17565): [PlaybackTrace][Native][eventLoop] MPV_EVENT_AUDIO_RECONFIG
08-22 17:16:33.986 I/MpvEvent(17565): [PlaybackTrace][Native][dispatch:event] name=audioReconfig payload={}
08-22 17:16:33.987 I/MpvBridgeModule(17565): [PlaybackTrace][Bridge][listener:event] name=audioReconfig payload={}
08-22 17:16:33.987 I/MpvEvent(17565): [PlaybackTrace][Native][eventLoop] event_id=8 error=0
08-22 17:16:33.987 I/MpvEvent(17565): MPV_EVENT_FILE_LOADED
08-22 17:16:33.988 I/MpvEvent(17565): [PlaybackTrace][Native][dispatch:event] name=fileLoaded payload={}
08-22 17:16:33.988 D/MPVLib  (17565): onNativeEvent: fileLoaded {}
08-22 17:16:33.988 I/MpvBridgeModule(17565): [PlaybackTrace][Bridge][listener:event] name=fileLoaded payload={}
08-22 17:16:33.989 I/MpvEvent(17565): [PlaybackTrace][Native][eventLoop] event_id=2 error=0
08-22 17:16:33.989 I/MpvEvent(17565): [PlaybackTrace][Native][mpv-log] prefix=vd level=v text=Codec list:
08-22 17:16:33.989 I/MpvEvent(17565): [PlaybackTrace][Native][eventLoop] event_id=2 error=0
08-22 17:16:33.989 I/MpvEvent(17565): [PlaybackTrace][Native][mpv-log] prefix=vd level=v text=    mjpeg - MJPEG (Motion JPEG)
08-22 17:16:33.989 I/MpvEvent(17565): [PlaybackTrace][Native][eventLoop] event_id=2 error=0
08-22 17:16:33.989 I/MpvEvent(17565): [PlaybackTrace][Native][mpv-log] prefix=vd level=v text=Opening decoder mjpeg
08-22 17:16:33.989 I/MpvEvent(17565): [PlaybackTrace][Native][eventLoop] event_id=2 error=0
08-22 17:16:33.989 I/MpvEvent(17565): [PlaybackTrace][Native][mpv-log] prefix=vd level=v text=Not trying to use hardware decoding: codec mjpeg is not on whitelist.
08-22 17:16:33.989 I/MpvEvent(17565): [PlaybackTrace][Native][eventLoop] event_id=2 error=0
08-22 17:16:33.989 I/MpvEvent(17565): [PlaybackTrace][Native][mpv-log] prefix=vd level=v text=Using software decoding.
08-22 17:16:33.989 I/MpvEvent(17565): [PlaybackTrace][Native][eventLoop] event_id=2 error=0
08-22 17:16:33.989 I/MpvEvent(17565): [PlaybackTrace][Native][mpv-log] prefix=vd level=v text=Detected 4 logical cores.
08-22 17:16:33.989 I/MpvEvent(17565): [PlaybackTrace][Native][eventLoop] event_id=2 error=0
08-22 17:16:33.989 I/MpvEvent(17565): [PlaybackTrace][Native][mpv-log] prefix=vd level=v text=Requesting 5 threads for decoding.
08-22 17:16:33.990 I/MpvEvent(17565): [PlaybackTrace][Native][eventLoop] event_id=2 error=0
08-22 17:16:33.990 I/MpvEvent(17565): [PlaybackTrace][Native][mpv-log] prefix=vd level=v text=Selected decoder: mjpeg - MJPEG (Motion JPEG)
08-22 17:16:33.990 I/MpvEvent(17565): [PlaybackTrace][Native][eventLoop] event_id=2 error=0
08-22 17:16:33.990 I/MpvEvent(17565): [PlaybackTrace][Native][mpv-log] prefix=vf level=v text=User filter list:
08-22 17:16:33.990 I/ReactNativeJS(17565): '[INFO]', '[PlaybackTrace][Controller][event:onFileLoaded]', { fileUri: 'https://prod-1.storage.jamendo.com/?trackid=1593988&format=mp31&from=%2FV3E9Qwm8kkOD6hbkNYXkg%3D%3D%7CMJJdmScXeWFhFQqasgwXjQ%3D%3D',
08-22 17:16:33.990 I/MpvEvent(17565): [PlaybackTrace][Native][eventLoop] event_id=2 error=0
08-22 17:16:33.990 I/MpvEvent(17565): [PlaybackTrace][Native][mpv-log] prefix=vf level=v text=  (empty)
08-22 17:16:33.990 I/MpvEvent(17565): [PlaybackTrace][Native][eventLoop] event_id=2 error=0
08-22 17:16:33.990 I/MpvEvent(17565): [PlaybackTrace][Native][mpv-log] prefix=ad level=v text=Codec list:
08-22 17:16:33.990 I/MpvEvent(17565): [PlaybackTrace][Native][eventLoop] event_id=2 error=0
08-22 17:16:33.990 I/MpvEvent(17565): [PlaybackTrace][Native][mpv-log] prefix=ad level=v text=    mp3float (mp3) - MP3 (MPEG audio layer 3)
08-22 17:16:33.990 I/MpvEvent(17565): [PlaybackTrace][Native][eventLoop] event_id=2 error=0
08-22 17:16:33.990 I/MpvEvent(17565): [PlaybackTrace][Native][mpv-log] prefix=ad level=v text=    mp3 - MP3 (MPEG audio layer 3)
08-22 17:16:33.992 I/MpvEvent(17565): [PlaybackTrace][Native][eventLoop] event_id=2 error=0
08-22 17:16:33.992 I/MpvEvent(17565): [PlaybackTrace][Native][mpv-log] prefix=ad level=v text=    mp3_mediacodec (mp3) - MP3 Android MediaCodec decoder
08-22 17:16:33.992 I/MpvEvent(17565): [PlaybackTrace][Native][eventLoop] event_id=2 error=0
08-22 17:16:33.992 I/MpvEvent(17565): [PlaybackTrace][Native][mpv-log] prefix=ad level=v text=Opening decoder mp3float
08-22 17:16:33.992 I/MpvEvent(17565): [PlaybackTrace][Native][eventLoop] event_id=2 error=0
08-22 17:16:33.992 I/MpvEvent(17565): [PlaybackTrace][Native][mpv-log] prefix=ad level=v text=Requesting 1 threads for decoding.
08-22 17:16:33.992 I/MpvEvent(17565): [PlaybackTrace][Native][eventLoop] event_id=2 error=0
08-22 17:16:33.992 I/MpvEvent(17565): [PlaybackTrace][Native][mpv-log] prefix=ad level=v text=Selected decoder: mp3float - MP3 (MPEG audio layer 3)
08-22 17:16:33.992 I/MpvEvent(17565): [PlaybackTrace][Native][eventLoop] event_id=2 error=0
08-22 17:16:33.992 I/MpvEvent(17565): [PlaybackTrace][Native][mpv-log] prefix=af level=v text=User filter list:
08-22 17:16:33.992 I/MpvEvent(17565): [PlaybackTrace][Native][eventLoop] event_id=2 error=0
08-22 17:16:33.992 I/MpvEvent(17565): [PlaybackTrace][Native][mpv-log] prefix=af level=v text=  (empty)
08-22 17:16:33.992 I/MpvEvent(17565): [PlaybackTrace][Native][eventLoop] event_id=2 error=0
08-22 17:16:33.992 I/MpvEvent(17565): [PlaybackTrace][Native][mpv-log] prefix=cplayer level=info text=Displaying cover art. Use --no-audio-display to prevent this.
08-22 17:16:33.992 D/mpv     (17565): [cplayer] info: Displaying cover art. Use --no-audio-display to prevent this.
08-22 17:16:33.992 I/MpvEvent(17565): [PlaybackTrace][Native][eventLoop] event_id=2 error=0
08-22 17:16:33.992 I/MpvEvent(17565): [PlaybackTrace][Native][mpv-log] prefix=cplayer level=v text=Starting playback...
08-22 17:16:33.992 D/mpv     (17565): [cplayer] v: Starting playback...
08-22 17:16:33.992 I/MpvEvent(17565): [PlaybackTrace][Native][eventLoop] event_id=2 error=0
08-22 17:16:33.992 I/MpvEvent(17565): [PlaybackTrace][Native][mpv-log] prefix=vd level=v text=DR failed - disabling.
08-22 17:16:33.999 I/MpvEvent(17565): [PlaybackTrace][Native][eventLoop] event_id=2 error=0
08-22 17:16:33.999 I/MpvEvent(17565): [PlaybackTrace][Native][mpv-log] prefix=ffmpeg/video level=error text=mjpeg: overread 8
08-22 17:16:33.999 E/MpvEvent(17565): [PlaybackTrace][Native][dispatch:error] code=-1 message=mjpeg: overread 8
08-22 17:16:33.999 E/MpvBridgeModule(17565): [PlaybackTrace][Bridge][listener:error] code=-1 message=mjpeg: overread 8
08-22 17:16:33.999 I/MpvEvent(17565): [PlaybackTrace][Native][eventLoop] event_id=2 error=0
08-22 17:16:33.999 I/MpvEvent(17565): [PlaybackTrace][Native][mpv-log] prefix=ffmpeg/video level=warn text=mjpeg: EOI missing, emulating
08-22 17:16:33.999 I/MpvEvent(17565): [PlaybackTrace][Native][eventLoop] event_id=2 error=0
08-22 17:16:33.999 I/MpvEvent(17565): [PlaybackTrace][Native][mpv-log] prefix=vd level=v text=Using software decoding.
08-22 17:16:34.000 I/MpvEvent(17565): [PlaybackTrace][Native][eventLoop] event_id=2 error=0
08-22 17:16:34.000 I/MpvEvent(17565): [PlaybackTrace][Native][mpv-log] prefix=vd level=v text=Decoder format: 400x400 yuv420p bt.601/auto/auto/full/auto CL=mpeg1/jpeg crop=400x400+0+0 A=none
08-22 17:16:34.000 I/MpvEvent(17565): [PlaybackTrace][Native][eventLoop] event_id=2 error=0
08-22 17:16:34.000 I/MpvEvent(17565): [PlaybackTrace][Native][mpv-log] prefix=vf level=v text=[in] 400x400 yuv420p bt.601/bt.709/srgb/full/display CL=mpeg1/jpeg crop=400x400+0+0 A=none
08-22 17:16:34.000 I/MpvEvent(17565): [PlaybackTrace][Native][eventLoop] event_id=2 error=0
08-22 17:16:34.000 I/MpvEvent(17565): [PlaybackTrace][Native][mpv-log] prefix=vf level=v text=[userdeint] 400x400 yuv420p bt.601/bt.709/srgb/full/display CL=mpeg1/jpeg crop=400x400+0+0 A=none
08-22 17:16:34.000 I/MpvEvent(17565): [PlaybackTrace][Native][eventLoop] event_id=2 error=0
08-22 17:16:34.000 I/MpvEvent(17565): [PlaybackTrace][Native][mpv-log] prefix=vf level=v text=[userdeint] (disabled)
08-22 17:16:34.000 I/MpvEvent(17565): [PlaybackTrace][Native][eventLoop] event_id=2 error=0
08-22 17:16:34.000 I/MpvEvent(17565): [PlaybackTrace][Native][mpv-log] prefix=vf level=v text=[autovflip] 400x400 yuv420p bt.601/bt.709/srgb/full/display CL=mpeg1/jpeg crop=400x400+0+0 A=none
08-22 17:16:34.000 I/MpvEvent(17565): [PlaybackTrace][Native][eventLoop] event_id=2 error=0
08-22 17:16:34.000 I/MpvEvent(17565): [PlaybackTrace][Native][mpv-log] prefix=vf level=v text=[autovflip] (disabled)
08-22 17:16:34.000 I/MpvEvent(17565): [PlaybackTrace][Native][eventLoop] event_id=2 error=0
08-22 17:16:34.000 I/MpvEvent(17565): [PlaybackTrace][Native][mpv-log] prefix=vf level=v text=[autorotate] 400x400 yuv420p bt.601/bt.709/srgb/full/display CL=mpeg1/jpeg crop=400x400+0+0 A=none
08-22 17:16:34.000 I/MpvEvent(17565): [PlaybackTrace][Native][eventLoop] event_id=2 error=0
08-22 17:16:34.000 I/MpvEvent(17565): [PlaybackTrace][Native][mpv-log] prefix=vf level=v text=[autorotate] (disabled)
08-22 17:16:34.000 I/MpvEvent(17565): [PlaybackTrace][Native][eventLoop] event_id=2 error=0
08-22 17:16:34.000 I/MpvEvent(17565): [PlaybackTrace][Native][mpv-log] prefix=vf level=v text=[convert] 400x400 yuv420p bt.601/bt.709/srgb/full/display CL=mpeg1/jpeg crop=400x400+0+0 A=none
08-22 17:16:34.000 I/MpvEvent(17565): [PlaybackTrace][Native][eventLoop] event_id=2 error=0
08-22 17:16:34.000 I/MpvEvent(17565): [PlaybackTrace][Native][mpv-log] prefix=vf level=v text=[convert] (disabled)
08-22 17:16:34.000 I/MpvEvent(17565): [PlaybackTrace][Native][eventLoop] event_id=2 error=0
08-22 17:16:34.000 I/MpvEvent(17565): [PlaybackTrace][Native][mpv-log] prefix=vf level=v text=[out] 400x400 yuv420p bt.601/bt.709/srgb/full/display CL=mpeg1/jpeg crop=400x400+0+0 A=none
08-22 17:16:34.002 I/MpvEvent(17565): [PlaybackTrace][Native][eventLoop] event_id=2 error=0
08-22 17:16:34.002 I/MpvEvent(17565): [PlaybackTrace][Native][mpv-log] prefix=af level=v text=[in] 44100Hz stereo 2ch floatp
08-22 17:16:34.002 I/MpvEvent(17565): [PlaybackTrace][Native][eventLoop] event_id=2 error=0
08-22 17:16:34.002 I/MpvEvent(17565): [PlaybackTrace][Native][mpv-log] prefix=af level=v text=[userspeed] 44100Hz stereo 2ch floatp
08-22 17:16:34.003 I/MpvEvent(17565): [PlaybackTrace][Native][eventLoop] event_id=17 error=0
08-22 17:16:34.003 I/MpvEvent(17565): MPV_EVENT_VIDEO_RECONFIG
08-22 17:16:34.003 I/MpvEvent(17565): [PlaybackTrace][Native][dispatch:event] name=videoReconfig payload={}
08-22 17:16:34.004 I/MpvBridgeModule(17565): [PlaybackTrace][Bridge][listener:event] name=videoReconfig payload={}
08-22 17:16:34.005 I/MpvEvent(17565): [PlaybackTrace][Native][eventLoop] event_id=22 error=0
08-22 17:16:34.005 I/MpvEvent(17565): [PlaybackTrace][Native][property] name=cache-buffering-state format=6 value=null
08-22 17:16:34.005 I/MpvEvent(17565): [PlaybackTrace][Native][dispatch:property] name=cache-buffering-state value=null
08-22 17:16:34.005 D/MPVLib  (17565): onNativePropertyChanged: cache-buffering-state = null
08-22 17:16:34.005 I/MpvBridgeModule(17565): [PlaybackTrace][Bridge][listener:property] name=cache-buffering-state value=null
08-22 17:16:34.006 I/MpvEvent(17565): [PlaybackTrace][Native][eventLoop] event_id=22 error=0
08-22 17:16:34.006 I/MpvEvent(17565): [PlaybackTrace][Native][property] name=seekable format=6 value=null
08-22 17:16:34.006 I/MpvEvent(17565): [PlaybackTrace][Native][dispatch:property] name=seekable value=null
08-22 17:16:34.006 I/MpvBridgeModule(17565): [PlaybackTrace][Bridge][listener:property] name=seekable value=null
08-22 17:16:34.007 I/MpvEvent(17565): [PlaybackTrace][Native][eventLoop] event_id=2 error=0
08-22 17:16:34.007 I/MpvEvent(17565): [PlaybackTrace][Native][mpv-log] prefix=af level=v text=[userspeed] (disabled)
08-22 17:16:34.007 I/MpvEvent(17565): [PlaybackTrace][Native][eventLoop] event_id=2 error=0
08-22 17:16:34.007 I/MpvEvent(17565): [PlaybackTrace][Native][mpv-log] prefix=af level=v text=[convert] 44100Hz stereo 2ch floatp
08-22 17:16:34.007 I/MpvEvent(17565): [PlaybackTrace][Native][eventLoop] event_id=2 error=0
08-22 17:16:34.007 I/MpvEvent(17565): [PlaybackTrace][Native][mpv-log] prefix=cplayer level=info text=VO: [null] 400x400 yuv420p
08-22 17:16:34.007 D/mpv     (17565): [cplayer] info: VO: [null] 400x400 yuv420p
08-22 17:16:34.007 I/MpvEvent(17565): [PlaybackTrace][Native][eventLoop] event_id=2 error=0
08-22 17:16:34.007 I/MpvEvent(17565): [PlaybackTrace][Native][mpv-log] prefix=cplayer level=v text=VO: Description: Null video output
08-22 17:16:34.007 D/mpv     (17565): [cplayer] v: VO: Description: Null video output
08-22 17:16:34.007 I/MpvEvent(17565): [PlaybackTrace][Native][eventLoop] event_id=2 error=0
08-22 17:16:34.007 I/MpvEvent(17565): [PlaybackTrace][Native][mpv-log] prefix=vo/null level=v text=reconfig to 400x400 yuv420p bt.601/bt.709/srgb/full/display CL=mpeg1/jpeg crop=400x400+0+0 A=none
08-22 17:16:34.007 I/MpvEvent(17565): [PlaybackTrace][Native][eventLoop] event_id=2 error=0
08-22 17:16:34.007 I/MpvEvent(17565): [PlaybackTrace][Native][mpv-log] prefix=cplayer level=v text=first video frame after restart shown
08-22 17:16:34.007 D/mpv     (17565): [cplayer] v: first video frame after restart shown
08-22 17:16:34.007 I/MpvEvent(17565): [PlaybackTrace][Native][eventLoop] event_id=2 error=0
08-22 17:16:34.007 I/MpvEvent(17565): [PlaybackTrace][Native][mpv-log] prefix=ao level=v text=Trying audio driver 'audiotrack'
08-22 17:16:34.007 I/MpvEvent(17565): [PlaybackTrace][Native][eventLoop] event_id=2 error=0
08-22 17:16:34.007 I/MpvEvent(17565): [PlaybackTrace][Native][mpv-log] prefix=ao/audiotrack level=v text=requested format: 44100 Hz, stereo channels, floatp
08-22 17:16:34.007 D/mpv     (17565): [ao/audiotrack] v: requested format: 44100 Hz, stereo channels, floatp
08-22 17:16:34.007 I/MpvEvent(17565): [PlaybackTrace][Native][eventLoop] event_id=2 error=0
08-22 17:16:34.007 I/MpvEvent(17565): [PlaybackTrace][Native][mpv-log] prefix=ao/audiotrack level=v text=AudioTrack.nativeOutputSampleRate = 48000
08-22 17:16:34.008 D/mpv     (17565): [ao/audiotrack] v: AudioTrack.nativeOutputSampleRate = 48000
08-22 17:16:34.008 I/MpvEvent(17565): [PlaybackTrace][Native][eventLoop] event_id=2 error=0
08-22 17:16:34.008 I/MpvEvent(17565): [PlaybackTrace][Native][mpv-log] prefix=ao/audiotrack level=v text=Channel layouts:
08-22 17:16:34.008 D/mpv     (17565): [ao/audiotrack] v: Channel layouts:
08-22 17:16:34.008 I/MpvEvent(17565): [PlaybackTrace][Native][eventLoop] event_id=2 error=0
08-22 17:16:34.008 I/MpvEvent(17565): [PlaybackTrace][Native][mpv-log] prefix=ao/audiotrack level=v text= - mono
08-22 17:16:34.008 D/mpv     (17565): [ao/audiotrack] v:  - mono
08-22 17:16:34.008 I/MpvEvent(17565): [PlaybackTrace][Native][eventLoop] event_id=2 error=0
08-22 17:16:34.008 I/MpvEvent(17565): [PlaybackTrace][Native][mpv-log] prefix=ao/audiotrack level=v text= - stereo
08-22 17:16:34.008 D/mpv     (17565): [ao/audiotrack] v:  - stereo
08-22 17:16:34.008 I/MpvEvent(17565): [PlaybackTrace][Native][eventLoop] event_id=2 error=0
08-22 17:16:34.008 I/MpvEvent(17565): [PlaybackTrace][Native][mpv-log] prefix=ao/audiotrack level=v text= - 3.0
08-22 17:16:34.008 D/mpv     (17565): [ao/audiotrack] v:  - 3.0
08-22 17:16:34.008 I/MpvEvent(17565): [PlaybackTrace][Native][eventLoop] event_id=2 error=0
08-22 17:16:34.008 I/MpvEvent(17565): [PlaybackTrace][Native][mpv-log] prefix=ao/audiotrack level=v text= - quad
08-22 17:16:34.008 D/mpv     (17565): [ao/audiotrack] v:  - quad
08-22 17:16:34.008 I/MpvEvent(17565): [PlaybackTrace][Native][eventLoop] event_id=2 error=0
08-22 17:16:34.008 I/MpvEvent(17565): [PlaybackTrace][Native][mpv-log] prefix=ao/audiotrack level=v text= - 5.0
08-22 17:16:34.008 D/mpv     (17565): [ao/audiotrack] v:  - 5.0
08-22 17:16:34.008 I/MpvEvent(17565): [PlaybackTrace][Native][eventLoop] event_id=2 error=0
08-22 17:16:34.008 I/MpvEvent(17565): [PlaybackTrace][Native][mpv-log] prefix=ao/audiotrack level=v text= - 5.1
08-22 17:16:34.008 D/mpv     (17565): [ao/audiotrack] v:  - 5.1
08-22 17:16:34.008 I/MpvEvent(17565): [PlaybackTrace][Native][eventLoop] event_id=2 error=0
08-22 17:16:34.008 I/MpvEvent(17565): [PlaybackTrace][Native][mpv-log] prefix=ao/audiotrack level=v text= - 6.1(back)
08-22 17:16:34.008 D/mpv     (17565): [ao/audiotrack] v:  - 6.1(back)
08-22 17:16:34.008 I/MpvEvent(17565): [PlaybackTrace][Native][eventLoop] event_id=2 error=0
08-22 17:16:34.008 I/MpvEvent(17565): [PlaybackTrace][Native][mpv-log] prefix=ao/audiotrack level=v text= - 7.1
08-22 17:16:34.008 D/mpv     (17565): [ao/audiotrack] v:  - 7.1
08-22 17:16:34.008 I/MpvEvent(17565): [PlaybackTrace][Native][eventLoop] event_id=2 error=0
08-22 17:16:34.008 I/MpvEvent(17565): [PlaybackTrace][Native][mpv-log] prefix=ao/audiotrack level=v text=result: stereo
08-22 17:16:34.008 D/mpv     (17565): [ao/audiotrack] v: result: stereo
08-22 17:16:34.008 I/MpvEvent(17565): [PlaybackTrace][Native][eventLoop] event_id=2 error=0
08-22 17:16:34.008 I/MpvEvent(17565): [PlaybackTrace][Native][mpv-log] prefix=ao/audiotrack level=v text=Setting bufferSize = 52920 (driver=32096, min=26460, max=52920)
08-22 17:16:34.008 D/mpv     (17565): [ao/audiotrack] v: Setting bufferSize = 52920 (driver=32096, min=26460, max=52920)
08-22 17:16:34.008 I/MpvEvent(17565): [PlaybackTrace][Native][eventLoop] event_id=2 error=0
08-22 17:16:34.008 I/MpvEvent(17565): [PlaybackTrace][Native][mpv-log] prefix=ao/audiotrack level=v text=Using NIO ByteBuffer
08-22 17:16:34.008 D/mpv     (17565): [ao/audiotrack] v: Using NIO ByteBuffer
08-22 17:16:34.008 I/MpvEvent(17565): [PlaybackTrace][Native][eventLoop] event_id=2 error=0
08-22 17:16:34.008 I/MpvEvent(17565): [PlaybackTrace][Native][mpv-log] prefix=ao/audiotrack level=v text=Using API21 initializer
08-22 17:16:34.008 D/mpv     (17565): [ao/audiotrack] v: Using API21 initializer
08-22 17:16:34.019 I/MpvEvent(17565): [PlaybackTrace][Native][eventLoop] event_id=2 error=0
08-22 17:16:34.019 I/MpvEvent(17565): [PlaybackTrace][Native][mpv-log] prefix=ao/audiotrack level=v text=AudioTrack.getBufferSizeInFrames = 6615
08-22 17:16:34.020 D/mpv     (17565): [ao/audiotrack] v: AudioTrack.getBufferSizeInFrames = 6615
08-22 17:16:34.020 I/MpvEvent(17565): [PlaybackTrace][Native][eventLoop] event_id=2 error=0
08-22 17:16:34.020 I/MpvEvent(17565): [PlaybackTrace][Native][mpv-log] prefix=ao/audiotrack level=v text=device buffer: 6615 samples.
08-22 17:16:34.021 D/mpv     (17565): [ao/audiotrack] v: device buffer: 6615 samples.
08-22 17:16:34.021 I/ReactNativeJS(17565): '[INFO]', '[PlaybackTrace][Controller][loadAndResume:before]', { uri: 'https://prod-1.storage.jamendo.com/?trackid=1593988&format=mp31&from=%2FV3E9Qwm8kkOD6hbkNYXkg%3D%3D%7CMJJdmScXeWFhFQqasgwXjQ%3D%3D',
08-22 17:16:34.021 I/MpvEvent(17565): [PlaybackTrace][Native][eventLoop] event_id=18 error=0
08-22 17:16:34.021 I/MpvEvent(17565): [PlaybackTrace][Native][eventLoop] MPV_EVENT_AUDIO_RECONFIG
08-22 17:16:34.021 I/MpvEvent(17565): [PlaybackTrace][Native][dispatch:event] name=audioReconfig payload={}
08-22 17:16:34.021 I/MpvBridgeModule(17565): [PlaybackTrace][Bridge][listener:event] name=audioReconfig payload={}
08-22 17:16:34.021 I/ReactNativeJS(17565): '[INFO]', '[PlaybackTrace][JS][loadFile:call]', { requestedPath: 'https://prod-1.storage.jamendo.com/?trackid=1593988&format=mp31&from=%2FV3E9Qwm8kkOD6hbkNYXkg%3D%3D%7CMJJdmScXeWFhFQqasgwXjQ%3D%3D',
08-22 17:16:34.022 I/ReactNativeJS(17565): '[INFO]', '[PlaybackTrace][JS][loadFile:return]', { resolvedPath: 'https://prod-1.storage.jamendo.com/?trackid=1593988&format=mp31&from=%2FV3E9Qwm8kkOD6hbkNYXkg%3D%3D%7CMJJdmScXeWFhFQqasgwXjQ%3D%3D' }
08-22 17:16:34.024 I/MpvBridgeModule(17565): [PlaybackTrace][Bridge][loadFile] requested=https://prod-1.storage.jamendo.com/?trackid=1593988&format=mp31&from=%2FV3E9Qwm8kkOD6hbkNYXkg%3D%3D%7CMJJdmScXeWFhFQqasgwXjQ%3D%3D resolved=https://prod-1.storage.jamendo.com/?trackid=1593988&format=mp31&from=%2FV3E9Qwm8kkOD6hbkNYXkg%3D%3D%7CMJJdmScXeWFhFQqasgwXjQ%3D%3D ptr=131217388352464
08-22 17:16:34.024 I/MpvJNI  (17565): [PlaybackTrace][Native][loadFile] begin path=https://prod-1.storage.jamendo.com/?trackid=1593988&format=mp31&from=%2FV3E9Qwm8kkOD6hbkNYXkg%3D%3D%7CMJJdmScXeWFhFQqasgwXjQ%3D%3D initialized=1
08-22 17:16:34.024 I/MpvEvent(17565): [PlaybackTrace][Native][eventLoop] event_id=17 error=0
08-22 17:16:34.024 I/ReactNativeJS(17565): '[INFO]', '[PlaybackTrace][Controller][loadAndResume:loaded]', 'https://prod-1.storage.jamendo.com/?trackid=1593988&format=mp31&from=%2FV3E9Qwm8kkOD6hbkNYXkg%3D%3D%7CMJJdmScXeWFhFQqasgwXjQ%3D%3D'
08-22 17:16:34.025 I/ReactNativeJS(17565): '[INFO]', '[PlaybackTrace][JS][resume:call]'
08-22 17:16:34.025 I/MpvEvent(17565): MPV_EVENT_VIDEO_RECONFIG
08-22 17:16:34.026 I/ReactNativeJS(17565): '[INFO]', '[PlaybackTrace][Controller][loadAndResume:resumed]', 'https://prod-1.storage.jamendo.com/?trackid=1593988&format=mp31&from=%2FV3E9Qwm8kkOD6hbkNYXkg%3D%3D%7CMJJdmScXeWFhFQqasgwXjQ%3D%3D'
08-22 17:16:34.026 I/MpvEvent(17565): [PlaybackTrace][Native][dispatch:event] name=videoReconfig payload={}
08-22 17:16:34.027 I/MpvBridgeModule(17565): [PlaybackTrace][Bridge][listener:event] name=videoReconfig payload={}
08-22 17:16:34.028 I/MpvEvent(17565): [PlaybackTrace][Native][eventLoop] event_id=2 error=0
08-22 17:16:34.028 I/MpvEvent(17565): [PlaybackTrace][Native][mpv-log] prefix=ao/audiotrack level=v text=using soft-buffer of 8820 samples.
08-22 17:16:34.028 D/mpv     (17565): [ao/audiotrack] v: using soft-buffer of 8820 samples.
08-22 17:16:34.028 I/MpvEvent(17565): [PlaybackTrace][Native][eventLoop] event_id=2 error=0
08-22 17:16:34.028 I/MpvEvent(17565): [PlaybackTrace][Native][mpv-log] prefix=cplayer level=info text=AO: [audiotrack] 44100Hz stereo 2ch float
08-22 17:16:34.028 D/mpv     (17565): [cplayer] info: AO: [audiotrack] 44100Hz stereo 2ch float
08-22 17:16:34.029 I/MpvEvent(17565): [PlaybackTrace][Native][eventLoop] event_id=2 error=0
08-22 17:16:34.029 I/MpvEvent(17565): [PlaybackTrace][Native][mpv-log] prefix=cplayer level=v text=AO: Description: Android AudioTrack audio output
08-22 17:16:34.029 D/mpv     (17565): [cplayer] v: AO: Description: Android AudioTrack audio output
08-22 17:16:34.029 I/MpvEvent(17565): [PlaybackTrace][Native][eventLoop] event_id=2 error=0
08-22 17:16:34.029 I/MpvEvent(17565): [PlaybackTrace][Native][mpv-log] prefix=autoconvert level=v text=inserting resampler
08-22 17:16:34.029 I/MpvEvent(17565): [PlaybackTrace][Native][eventLoop] event_id=2 error=0
08-22 17:16:34.029 I/MpvEvent(17565): [PlaybackTrace][Native][mpv-log] prefix=swresample level=v text=format change, reinitializing resampler
08-22 17:16:34.029 I/MpvEvent(17565): [PlaybackTrace][Native][eventLoop] event_id=2 error=0
08-22 17:16:34.029 I/MpvEvent(17565): [PlaybackTrace][Native][mpv-log] prefix=swresample level=v text=44100Hz stereo floatp -> 44100Hz stereo float
08-22 17:16:34.035 I/MpvEvent(17565): [PlaybackTrace][Native][eventLoop] event_id=2 error=0
08-22 17:16:34.035 I/MpvEvent(17565): [PlaybackTrace][Native][mpv-log] prefix=af level=v text=[out] 44100Hz stereo 2ch float
08-22 17:16:34.039 I/MpvEvent(17565): [PlaybackTrace][Native][eventLoop] event_id=22 error=0
08-22 17:16:34.039 I/MpvJNI  (17565): [PlaybackTrace][Native][loadFile] loadfile command accepted result=0
08-22 17:16:34.039 I/MpvEvent(17565): [PlaybackTrace][Native][property] name=paused-for-cache format=6 value=null
08-22 17:16:34.039 I/MpvBridgeModule(17565): [PlaybackTrace][Bridge][loadFile] nativeLoadFile returned
08-22 17:16:34.039 I/MpvEvent(17565): [PlaybackTrace][Native][dispatch:property] name=paused-for-cache value=null
08-22 17:16:34.039 D/MPVLib  (17565): onNativePropertyChanged: paused-for-cache = null
08-22 17:16:34.039 I/MpvBridgeModule(17565): [PlaybackTrace][Bridge][listener:property] name=paused-for-cache value=null
08-22 17:16:34.039 I/MpvBridgeModule(17565): [PlaybackTrace][Bridge][play] ptr=131217388352464
08-22 17:16:34.039 I/MpvJNI  (17565): [PlaybackTrace][Native][play] pause=no result=0
08-22 17:16:34.039 I/MpvBridgeModule(17565): [PlaybackTrace][Bridge][play] nativePlay returned
08-22 17:16:34.041 I/MpvEvent(17565): [PlaybackTrace][Native][eventLoop] event_id=22 error=0
08-22 17:16:34.041 I/MpvEvent(17565): [PlaybackTrace][Native][property] name=demuxer-cache-state format=6 value=null
08-22 17:16:34.041 I/MpvEvent(17565): [PlaybackTrace][Native][dispatch:property] name=demuxer-cache-state value=null
08-22 17:16:34.041 I/MpvBridgeModule(17565): [PlaybackTrace][Bridge][listener:property] name=demuxer-cache-state value=null
08-22 17:16:34.042 I/MpvEvent(17565): [PlaybackTrace][Native][eventLoop] event_id=2 error=0
08-22 17:16:34.042 I/MpvEvent(17565): [PlaybackTrace][Native][mpv-log] prefix=cplayer level=v text=Set property: pause="no" -> 1
08-22 17:16:34.042 D/mpv     (17565): [cplayer] v: Set property: pause="no" -> 1
08-22 17:16:34.042 I/MpvEvent(17565): [PlaybackTrace][Native][eventLoop] event_id=2 error=0
08-22 17:16:34.043 I/MpvEvent(17565): [PlaybackTrace][Native][mpv-log] prefix=cplayer level=v text=EOF code: 3  
08-22 17:16:34.043 D/mpv     (17565): [cplayer] v: EOF code: 3  
08-22 17:16:34.043 I/MpvEvent(17565): [PlaybackTrace][Native][eventLoop] event_id=18 error=0
08-22 17:16:34.043 I/MpvEvent(17565): [PlaybackTrace][Native][eventLoop] MPV_EVENT_AUDIO_RECONFIG
08-22 17:16:34.043 I/MpvEvent(17565): [PlaybackTrace][Native][dispatch:event] name=audioReconfig payload={}
08-22 17:16:34.044 I/MpvBridgeModule(17565): [PlaybackTrace][Bridge][listener:event] name=audioReconfig payload={}
08-22 17:16:34.050 I/MpvEvent(17565): [PlaybackTrace][Native][eventLoop] event_id=17 error=0
08-22 17:16:34.050 I/MpvEvent(17565): MPV_EVENT_VIDEO_RECONFIG
08-22 17:16:34.050 I/MpvEvent(17565): [PlaybackTrace][Native][dispatch:event] name=videoReconfig payload={}
08-22 17:16:34.050 I/MpvBridgeModule(17565): [PlaybackTrace][Bridge][listener:event] name=videoReconfig payload={}
08-22 17:16:34.054 I/MpvEvent(17565): [PlaybackTrace][Native][eventLoop] event_id=18 error=0
08-22 17:16:34.055 I/MpvEvent(17565): [PlaybackTrace][Native][eventLoop] MPV_EVENT_AUDIO_RECONFIG
08-22 17:16:34.055 I/MpvEvent(17565): [PlaybackTrace][Native][dispatch:event] name=audioReconfig payload={}
08-22 17:16:34.055 I/MpvBridgeModule(17565): [PlaybackTrace][Bridge][listener:event] name=audioReconfig payload={}
08-22 17:16:34.057 I/MpvJNI  (17565): [PlaybackTrace][Native][getDuration] result=-10 duration=0.000000
08-22 17:16:34.057 D/MpvBridgeModule(17565): [PlaybackTrace][Bridge][getDuration] ptr=131217388352464 duration=0.0
08-22 17:16:34.111 I/MpvEvent(17565): [PlaybackTrace][Native][eventLoop] event_id=7 error=0
08-22 17:16:34.112 E/MpvEvent(17565): [PlaybackTrace][Native][eventLoop] MPV_EVENT_END_FILE reason=2 error=0
08-22 17:16:34.112 I/MpvEvent(17565): [PlaybackTrace][Native][dispatch:event] name=endFile payload={"reason":2,"error":0}
08-22 17:16:34.112 D/MPVLib  (17565): onNativeEvent: endFile {"reason":2,"error":0}
08-22 17:16:34.113 I/MpvBridgeModule(17565): [PlaybackTrace][Bridge][listener:event] name=endFile payload={"reason":2,"error":0}
08-22 17:16:34.121 I/MpvEvent(17565): [PlaybackTrace][Native][eventLoop] event_id=6 error=0
08-22 17:16:34.121 I/MpvEvent(17565): MPV_EVENT_START_FILE
08-22 17:16:34.121 I/MpvEvent(17565): [PlaybackTrace][Native][dispatch:event] name=startFile payload={}
08-22 17:16:34.122 D/MPVLib  (17565): onNativeEvent: startFile {}
08-22 17:16:34.123 I/MpvBridgeModule(17565): [PlaybackTrace][Bridge][listener:event] name=startFile payload={}
08-22 17:16:34.124 I/MpvEvent(17565): [PlaybackTrace][Native][eventLoop] event_id=22 error=0
08-22 17:16:34.124 I/MpvEvent(17565): [PlaybackTrace][Native][eventLoop] property=cache-buffering-state format=NONE
08-22 17:16:34.124 I/MpvEvent(17565): [PlaybackTrace][Native][eventLoop] event_id=22 error=0
08-22 17:16:34.124 I/MpvEvent(17565): [PlaybackTrace][Native][eventLoop] property=paused-for-cache format=NONE
08-22 17:16:34.124 I/MpvEvent(17565): [PlaybackTrace][Native][eventLoop] event_id=22 error=0
08-22 17:16:34.124 I/MpvEvent(17565): [PlaybackTrace][Native][eventLoop] property=demuxer-cache-state format=NONE
08-22 17:16:34.124 I/MpvEvent(17565): [PlaybackTrace][Native][eventLoop] event_id=22 error=0
08-22 17:16:34.124 I/MpvEvent(17565): [PlaybackTrace][Native][eventLoop] property=seekable format=NONE
08-22 17:16:34.125 I/MpvEvent(17565): [PlaybackTrace][Native][eventLoop] event_id=2 error=0
08-22 17:16:34.125 I/MpvEvent(17565): [PlaybackTrace][Native][mpv-log] prefix=cplayer level=v text=finished playback, success (reason 2)
08-22 17:16:34.125 D/mpv     (17565): [cplayer] v: finished playback, success (reason 2)
08-22 17:16:34.125 I/MpvEvent(17565): [PlaybackTrace][Native][eventLoop] event_id=2 error=0
08-22 17:16:34.125 I/MpvEvent(17565): [PlaybackTrace][Native][mpv-log] prefix=cplayer level=v text=Running hook: ytdl_hook/on_after_end_file
08-22 17:16:34.125 D/mpv     (17565): [cplayer] v: Running hook: ytdl_hook/on_after_end_file
08-22 17:16:34.125 I/MpvEvent(17565): [PlaybackTrace][Native][eventLoop] event_id=2 error=0
08-22 17:16:34.125 I/MpvEvent(17565): [PlaybackTrace][Native][mpv-log] prefix=cplayer level=v text=Running hook: ytdl_hook/on_load
08-22 17:16:34.125 D/mpv     (17565): [cplayer] v: Running hook: ytdl_hook/on_load
08-22 17:16:34.125 I/MpvEvent(17565): [PlaybackTrace][Native][eventLoop] event_id=2 error=0
08-22 17:16:34.125 I/MpvEvent(17565): [PlaybackTrace][Native][mpv-log] prefix=cplayer level=v text=Running hook: ytdl_hook/on_load
08-22 17:16:34.125 D/mpv     (17565): [cplayer] v: Running hook: ytdl_hook/on_load
08-22 17:16:34.125 I/MpvEvent(17565): [PlaybackTrace][Native][eventLoop] event_id=2 error=0
08-22 17:16:34.125 I/MpvEvent(17565): [PlaybackTrace][Native][mpv-log] prefix=ytdl_hook level=v text=playlist hook
08-22 17:16:34.125 I/MpvEvent(17565): [PlaybackTrace][Native][eventLoop] event_id=2 error=0
08-22 17:16:34.125 I/MpvEvent(17565): [PlaybackTrace][Native][mpv-log] prefix=stream_callback level=v text=Opening https://prod-1.storage.jamendo.com/?trackid=1593988&format=mp31&from=%2FV3E9Qwm8kkOD6hbkNYXkg%3D%3D%7CMJJdmScXeWFhFQqasgwXjQ%3D%3D
08-22 17:16:34.125 I/MpvEvent(17565): [PlaybackTrace][Native][eventLoop] event_id=2 error=0
08-22 17:16:34.125 I/MpvEvent(17565): [PlaybackTrace][Native][mpv-log] prefix=ffmpeg level=v text=Opening https://prod-1.storage.jamendo.com/?trackid=1593988&format=mp31&from=%2FV3E9Qwm8kkOD6hbkNYXkg%3D%3D%7CMJJdmScXeWFhFQqasgwXjQ%3D%3D
08-22 17:16:34.125 D/mpv     (17565): [ffmpeg] v: Opening https://prod-1.storage.jamendo.com/?trackid=1593988&format=mp31&from=%2FV3E9Qwm8kkOD6hbkNYXkg%3D%3D%7CMJJdmScXeWFhFQqasgwXjQ%3D%3D
08-22 17:16:34.255 I/MpvJNI  (17565): [PlaybackTrace][Native][getPosition] result=-10 position=0.000000
08-22 17:16:34.255 D/MpvBridgeModule(17565): [PlaybackTrace][Bridge][getPosition] ptr=131217388352464 position=0.0
08-22 17:16:34.255 I/MpvJNI  (17565): [PlaybackTrace][Native][getDuration] result=-10 duration=0.000000
08-22 17:16:34.255 D/MpvBridgeModule(17565): [PlaybackTrace][Bridge][getDuration] ptr=131217388352464 duration=0.0
08-22 17:16:34.255 D/MpvBridgeModule(17565): [PlaybackTrace][Bridge][getPlaybackState] ptr=131217388352464 state=playing idle=false eof=false pause=false
08-22 17:16:34.286 I/ReactNativeJS(17565): '[INFO]', '[PlaybackTrace][JS][resume:call]'
08-22 17:16:34.288 I/MpvBridgeModule(17565): [PlaybackTrace][Bridge][play] ptr=131217388352464
08-22 17:16:34.288 I/MpvJNI  (17565): [PlaybackTrace][Native][play] pause=no result=0
08-22 17:16:34.288 I/MpvBridgeModule(17565): [PlaybackTrace][Bridge][play] nativePlay returned
08-22 17:16:34.288 I/MpvEvent(17565): [PlaybackTrace][Native][eventLoop] event_id=2 error=0
08-22 17:16:34.288 I/MpvEvent(17565): [PlaybackTrace][Native][mpv-log] prefix=cplayer level=v text=Set property: pause="no" -> 1
08-22 17:16:34.288 D/mpv     (17565): [cplayer] v: Set property: pause="no" -> 1
08-22 17:16:34.669 I/MpvJNI  (17565): [PlaybackTrace][Native][getPosition] result=-10 position=0.000000
08-22 17:16:34.670 D/MpvBridgeModule(17565): [PlaybackTrace][Bridge][getPosition] ptr=131217388352464 position=0.0
08-22 17:16:34.670 I/MpvJNI  (17565): [PlaybackTrace][Native][getDuration] result=-10 duration=0.000000
08-22 17:16:34.670 D/MpvBridgeModule(17565): [PlaybackTrace][Bridge][getDuration] ptr=131217388352464 duration=0.0
08-22 17:16:34.670 D/MpvBridgeModule(17565): [PlaybackTrace][Bridge][getPlaybackState] ptr=131217388352464 state=playing idle=false eof=false pause=false
08-22 17:16:35.013 I/MpvEvent(17565): [PlaybackTrace][Native][eventLoop] event_id=2 error=0
08-22 17:16:35.013 I/MpvEvent(17565): [PlaybackTrace][Native][mpv-log] prefix=ffmpeg level=v text=Mime-type: 'audio/mpeg'
08-22 17:16:35.013 D/mpv     (17565): [ffmpeg] v: Mime-type: 'audio/mpeg'
08-22 17:16:35.013 I/MpvEvent(17565): [PlaybackTrace][Native][eventLoop] event_id=2 error=0
08-22 17:16:35.013 I/MpvEvent(17565): [PlaybackTrace][Native][mpv-log] prefix=demux level=v text=Trying demuxers for level=normal.
08-22 17:16:35.032 I/MpvEvent(17565): [PlaybackTrace][Native][eventLoop] event_id=2 error=0
08-22 17:16:35.032 I/MpvEvent(17565): [PlaybackTrace][Native][mpv-log] prefix=lavf level=v text=Found 'mp3' at score=24 size=2048.
08-22 17:16:35.108 I/MpvEvent(17565): [PlaybackTrace][Native][eventLoop] event_id=2 error=0
08-22 17:16:35.108 I/MpvEvent(17565): [PlaybackTrace][Native][mpv-log] prefix=lavf level=v text=avformat_find_stream_info() finished after 32275 bytes.
08-22 17:16:35.110 I/MpvEvent(17565): [PlaybackTrace][Native][eventLoop] event_id=2 error=0
08-22 17:16:35.110 I/MpvEvent(17565): [PlaybackTrace][Native][mpv-log] prefix=lavf level=v text=Assuming this is an image format.
08-22 17:16:35.110 I/MpvEvent(17565): [PlaybackTrace][Native][eventLoop] event_id=2 error=0
08-22 17:16:35.110 I/MpvEvent(17565): [PlaybackTrace][Native][mpv-log] prefix=demux level=v text=Detected file format: mp3 (libavformat)
08-22 17:16:35.110 I/MpvEvent(17565): [PlaybackTrace][Native][eventLoop] event_id=2 error=0
08-22 17:16:35.110 I/MpvEvent(17565): [PlaybackTrace][Native][mpv-log] prefix=cplayer level=v text=Opening done: https://prod-1.storage.jamendo.com/?trackid=1593988&format=mp31&from=%2FV3E9Qwm8kkOD6hbkNYXkg%3D%3D%7CMJJdmScXeWFhFQqasgwXjQ%3D%3D
08-22 17:16:35.110 D/mpv     (17565): [cplayer] v: Opening done: https://prod-1.storage.jamendo.com/?trackid=1593988&format=mp31&from=%2FV3E9Qwm8kkOD6hbkNYXkg%3D%3D%7CMJJdmScXeWFhFQqasgwXjQ%3D%3D
08-22 17:16:35.113 I/MpvEvent(17565): [PlaybackTrace][Native][eventLoop] event_id=22 error=0
08-22 17:16:35.113 I/MpvEvent(17565): [PlaybackTrace][Native][property] name=cache-buffering-state format=6 value=null
08-22 17:16:35.113 I/MpvEvent(17565): [PlaybackTrace][Native][dispatch:property] name=cache-buffering-state value=null
08-22 17:16:35.113 D/MPVLib  (17565): onNativePropertyChanged: cache-buffering-state = null
08-22 17:16:35.113 I/MpvBridgeModule(17565): [PlaybackTrace][Bridge][listener:property] name=cache-buffering-state value=null
08-22 17:16:35.114 I/MpvEvent(17565): [PlaybackTrace][Native][eventLoop] event_id=22 error=0
08-22 17:16:35.116 I/MpvEvent(17565): [PlaybackTrace][Native][property] name=demuxer-cache-state format=6 value=null
08-22 17:16:35.117 I/MpvEvent(17565): [PlaybackTrace][Native][dispatch:property] name=demuxer-cache-state value=null
08-22 17:16:35.117 I/MpvBridgeModule(17565): [PlaybackTrace][Bridge][listener:property] name=demuxer-cache-state value=null
08-22 17:16:35.119 I/MpvEvent(17565): [PlaybackTrace][Native][eventLoop] event_id=18 error=0
08-22 17:16:35.119 I/MpvEvent(17565): [PlaybackTrace][Native][eventLoop] MPV_EVENT_AUDIO_RECONFIG
08-22 17:16:35.119 I/MpvEvent(17565): [PlaybackTrace][Native][dispatch:event] name=audioReconfig payload={}
08-22 17:16:35.120 I/MpvBridgeModule(17565): [PlaybackTrace][Bridge][listener:event] name=audioReconfig payload={}
08-22 17:16:35.121 I/MpvEvent(17565): [PlaybackTrace][Native][eventLoop] event_id=2 error=0
08-22 17:16:35.122 I/MpvEvent(17565): [PlaybackTrace][Native][mpv-log] prefix=cplayer level=v text=Running hook: ytdl_hook/on_preloaded
08-22 17:16:35.122 D/mpv     (17565): [cplayer] v: Running hook: ytdl_hook/on_preloaded
08-22 17:16:35.122 I/MpvEvent(17565): [PlaybackTrace][Native][eventLoop] event_id=2 error=0
08-22 17:16:35.122 I/MpvEvent(17565): [PlaybackTrace][Native][mpv-log] prefix=lavf level=v text=select track 1
08-22 17:16:35.122 I/MpvEvent(17565): [PlaybackTrace][Native][eventLoop] event_id=2 error=0
08-22 17:16:35.122 I/MpvEvent(17565): [PlaybackTrace][Native][mpv-log] prefix=lavf level=v text=select track 0
08-22 17:16:35.122 I/MpvEvent(17565): [PlaybackTrace][Native][eventLoop] event_id=2 error=0
08-22 17:16:35.122 I/MpvEvent(17565): [PlaybackTrace][Native][mpv-log] prefix=cplayer level=info text=ΓùÅ Image  --vid=1  'Cover Image' (mjpeg [Baseline] 400x400)
08-22 17:16:35.122 D/mpv     (17565): [cplayer] info: ΓùÅ Image  --vid=1  'Cover Image' (mjpeg [Baseline] 400x400)
08-22 17:16:35.122 I/MpvEvent(17565): [PlaybackTrace][Native][eventLoop] event_id=2 error=0
08-22 17:16:35.122 I/MpvEvent(17565): [PlaybackTrace][Native][mpv-log] prefix=cplayer level=info text=ΓùÅ Audio  --aid=1  (mp3 2ch 44100 Hz 96 kbps)
08-22 17:16:35.122 D/mpv     (17565): [cplayer] info: ΓùÅ Audio  --aid=1  (mp3 2ch 44100 Hz 96 kbps)
08-22 17:16:35.123 I/MpvEvent(17565): [PlaybackTrace][Native][eventLoop] event_id=2 error=0
08-22 17:16:35.123 I/MpvEvent(17565): [PlaybackTrace][Native][mpv-log] prefix=display-tags level=info text=File tags:
08-22 17:16:35.123 I/MpvEvent(17565): [PlaybackTrace][Native][eventLoop] event_id=2 error=0
08-22 17:16:35.123 I/MpvEvent(17565): [PlaybackTrace][Native][mpv-log] prefix=display-tags level=info text= Artist: Joystock
08-22 17:16:35.123 I/MpvEvent(17565): [PlaybackTrace][Native][eventLoop] event_id=2 error=0
08-22 17:16:35.123 I/MpvEvent(17565): [PlaybackTrace][Native][mpv-log] prefix=display-tags level=info text= Comment: http://www.jamendo.com cc_standard
08-22 17:16:35.123 I/MpvEvent(17565): [PlaybackTrace][Native][eventLoop] event_id=2 error=0
08-22 17:16:35.123 I/MpvEvent(17565): [PlaybackTrace][Native][mpv-log] prefix=display-tags level=info text= Composer: Joystock
08-22 17:16:35.124 I/MpvEvent(17565): [PlaybackTrace][Native][eventLoop] event_id=2 error=0
08-22 17:16:35.124 I/MpvEvent(17565): [PlaybackTrace][Native][mpv-log] prefix=display-tags level=info text= Date: 2018
08-22 17:16:35.124 I/MpvEvent(17565): [PlaybackTrace][Native][eventLoop] event_id=2 error=0
08-22 17:16:35.124 I/MpvEvent(17565): [PlaybackTrace][Native][mpv-log] prefix=display-tags level=info text= Genre: chillhop
08-22 17:16:35.124 I/MpvEvent(17565): [PlaybackTrace][Native][eventLoop] event_id=2 error=0
08-22 17:16:35.124 I/MpvEvent(17565): [PlaybackTrace][Native][mpv-log] prefix=display-tags level=info text= Title: Lofi Chillout Hip Hop Beat
08-22 17:16:35.124 I/MpvEvent(17565): [PlaybackTrace][Native][eventLoop] event_id=2 error=0
08-22 17:16:35.124 I/MpvEvent(17565): [PlaybackTrace][Native][mpv-log] prefix=display-tags level=info text= Track: 62
08-22 17:16:35.124 I/MpvEvent(17565): [PlaybackTrace][Native][eventLoop] event_id=2 error=0
08-22 17:16:35.124 I/MpvEvent(17565): [PlaybackTrace][Native][mpv-log] prefix=vd level=v text=Container reported FPS: 1.000000
08-22 17:16:35.124 I/MpvEvent(17565): [PlaybackTrace][Native][eventLoop] event_id=18 error=0
08-22 17:16:35.124 I/MpvEvent(17565): [PlaybackTrace][Native][eventLoop] MPV_EVENT_AUDIO_RECONFIG
08-22 17:16:35.124 I/MpvEvent(17565): [PlaybackTrace][Native][dispatch:event] name=audioReconfig payload={}
08-22 17:16:35.124 I/MpvBridgeModule(17565): [PlaybackTrace][Bridge][listener:event] name=audioReconfig payload={}
08-22 17:16:35.125 I/MpvEvent(17565): [PlaybackTrace][Native][eventLoop] event_id=8 error=0
08-22 17:16:35.125 I/MpvEvent(17565): MPV_EVENT_FILE_LOADED
08-22 17:16:35.125 I/MpvEvent(17565): [PlaybackTrace][Native][dispatch:event] name=fileLoaded payload={}
08-22 17:16:35.125 D/MPVLib  (17565): onNativeEvent: fileLoaded {}
08-22 17:16:35.125 I/MpvBridgeModule(17565): [PlaybackTrace][Bridge][listener:event] name=fileLoaded payload={}
08-22 17:16:35.126 I/MpvEvent(17565): [PlaybackTrace][Native][eventLoop] event_id=2 error=0
08-22 17:16:35.126 I/MpvEvent(17565): [PlaybackTrace][Native][mpv-log] prefix=vd level=v text=Codec list:
08-22 17:16:35.126 I/MpvEvent(17565): [PlaybackTrace][Native][eventLoop] event_id=2 error=0
08-22 17:16:35.126 I/MpvEvent(17565): [PlaybackTrace][Native][mpv-log] prefix=vd level=v text=    mjpeg - MJPEG (Motion JPEG)
08-22 17:16:35.126 I/MpvEvent(17565): [PlaybackTrace][Native][eventLoop] event_id=2 error=0
08-22 17:16:35.126 I/MpvEvent(17565): [PlaybackTrace][Native][mpv-log] prefix=vd level=v text=Opening decoder mjpeg
08-22 17:16:35.126 I/MpvEvent(17565): [PlaybackTrace][Native][eventLoop] event_id=2 error=0
08-22 17:16:35.126 I/MpvEvent(17565): [PlaybackTrace][Native][mpv-log] prefix=vd level=v text=Not trying to use hardware decoding: codec mjpeg is not on whitelist.
08-22 17:16:35.126 I/MpvEvent(17565): [PlaybackTrace][Native][eventLoop] event_id=2 error=0
08-22 17:16:35.126 I/MpvEvent(17565): [PlaybackTrace][Native][mpv-log] prefix=vd level=v text=Using software decoding.
08-22 17:16:35.126 I/MpvEvent(17565): [PlaybackTrace][Native][eventLoop] event_id=2 error=0
08-22 17:16:35.126 I/MpvEvent(17565): [PlaybackTrace][Native][mpv-log] prefix=vd level=v text=Detected 4 logical cores.
08-22 17:16:35.126 I/MpvEvent(17565): [PlaybackTrace][Native][eventLoop] event_id=2 error=0
08-22 17:16:35.127 I/MpvEvent(17565): [PlaybackTrace][Native][mpv-log] prefix=vd level=v text=Requesting 5 threads for decoding.
08-22 17:16:35.127 I/MpvEvent(17565): [PlaybackTrace][Native][eventLoop] event_id=2 error=0
08-22 17:16:35.127 I/MpvEvent(17565): [PlaybackTrace][Native][mpv-log] prefix=vd level=v text=Selected decoder: mjpeg - MJPEG (Motion JPEG)
08-22 17:16:35.127 I/MpvEvent(17565): [PlaybackTrace][Native][eventLoop] event_id=2 error=0
08-22 17:16:35.127 I/MpvEvent(17565): [PlaybackTrace][Native][mpv-log] prefix=vf level=v text=User filter list:
08-22 17:16:35.127 I/MpvEvent(17565): [PlaybackTrace][Native][eventLoop] event_id=2 error=0
08-22 17:16:35.127 I/MpvEvent(17565): [PlaybackTrace][Native][mpv-log] prefix=vf level=v text=  (empty)
08-22 17:16:35.127 I/MpvEvent(17565): [PlaybackTrace][Native][eventLoop] event_id=2 error=0
08-22 17:16:35.127 I/MpvEvent(17565): [PlaybackTrace][Native][mpv-log] prefix=ad level=v text=Codec list:
08-22 17:16:35.127 I/MpvEvent(17565): [PlaybackTrace][Native][eventLoop] event_id=2 error=0
08-22 17:16:35.127 I/MpvEvent(17565): [PlaybackTrace][Native][mpv-log] prefix=ad level=v text=    mp3float (mp3) - MP3 (MPEG audio layer 3)
08-22 17:16:35.127 I/MpvEvent(17565): [PlaybackTrace][Native][eventLoop] event_id=2 error=0
08-22 17:16:35.127 I/MpvEvent(17565): [PlaybackTrace][Native][mpv-log] prefix=ad level=v text=    mp3 - MP3 (MPEG audio layer 3)
08-22 17:16:35.127 I/MpvEvent(17565): [PlaybackTrace][Native][eventLoop] event_id=2 error=0
08-22 17:16:35.127 I/MpvEvent(17565): [PlaybackTrace][Native][mpv-log] prefix=ad level=v text=    mp3_mediacodec (mp3) - MP3 Android MediaCodec decoder
08-22 17:16:35.127 I/MpvEvent(17565): [PlaybackTrace][Native][eventLoop] event_id=2 error=0
08-22 17:16:35.127 I/MpvEvent(17565): [PlaybackTrace][Native][mpv-log] prefix=ad level=v text=Opening decoder mp3float
08-22 17:16:35.127 I/MpvEvent(17565): [PlaybackTrace][Native][eventLoop] event_id=2 error=0
08-22 17:16:35.127 I/MpvEvent(17565): [PlaybackTrace][Native][mpv-log] prefix=ad level=v text=Requesting 1 threads for decoding.
08-22 17:16:35.127 I/MpvEvent(17565): [PlaybackTrace][Native][eventLoop] event_id=2 error=0
08-22 17:16:35.127 I/MpvEvent(17565): [PlaybackTrace][Native][mpv-log] prefix=ad level=v text=Selected decoder: mp3float - MP3 (MPEG audio layer 3)
08-22 17:16:35.127 I/MpvEvent(17565): [PlaybackTrace][Native][eventLoop] event_id=2 error=0
08-22 17:16:35.128 I/MpvEvent(17565): [PlaybackTrace][Native][mpv-log] prefix=af level=v text=User filter list:
08-22 17:16:35.128 I/MpvEvent(17565): [PlaybackTrace][Native][eventLoop] event_id=2 error=0
08-22 17:16:35.128 I/MpvEvent(17565): [PlaybackTrace][Native][mpv-log] prefix=af level=v text=  (empty)
08-22 17:16:35.128 I/MpvEvent(17565): [PlaybackTrace][Native][eventLoop] event_id=2 error=0
08-22 17:16:35.128 I/MpvEvent(17565): [PlaybackTrace][Native][mpv-log] prefix=cplayer level=info text=Displaying cover art. Use --no-audio-display to prevent this.
08-22 17:16:35.128 D/mpv     (17565): [cplayer] info: Displaying cover art. Use --no-audio-display to prevent this.
08-22 17:16:35.128 I/MpvEvent(17565): [PlaybackTrace][Native][eventLoop] event_id=2 error=0
08-22 17:16:35.128 I/MpvEvent(17565): [PlaybackTrace][Native][mpv-log] prefix=cplayer level=v text=Starting playback...
08-22 17:16:35.128 D/mpv     (17565): [cplayer] v: Starting playback...
08-22 17:16:35.128 I/MpvEvent(17565): [PlaybackTrace][Native][eventLoop] event_id=2 error=0
08-22 17:16:35.128 I/MpvEvent(17565): [PlaybackTrace][Native][mpv-log] prefix=vd level=v text=DR failed - disabling.
08-22 17:16:35.128 I/MpvEvent(17565): [PlaybackTrace][Native][eventLoop] event_id=2 error=0
08-22 17:16:35.128 I/MpvEvent(17565): [PlaybackTrace][Native][mpv-log] prefix=ffmpeg/video level=error text=mjpeg: overread 8
08-22 17:16:35.128 E/MpvEvent(17565): [PlaybackTrace][Native][dispatch:error] code=-1 message=mjpeg: overread 8
08-22 17:16:35.128 E/MpvBridgeModule(17565): [PlaybackTrace][Bridge][listener:error] code=-1 message=mjpeg: overread 8
08-22 17:16:35.129 I/MpvEvent(17565): [PlaybackTrace][Native][eventLoop] event_id=2 error=0
08-22 17:16:35.129 I/MpvEvent(17565): [PlaybackTrace][Native][mpv-log] prefix=ffmpeg/video level=warn text=mjpeg: EOI missing, emulating
08-22 17:16:35.129 I/MpvEvent(17565): [PlaybackTrace][Native][eventLoop] event_id=2 error=0
08-22 17:16:35.129 I/MpvEvent(17565): [PlaybackTrace][Native][mpv-log] prefix=vd level=v text=Using software decoding.
08-22 17:16:35.129 I/MpvEvent(17565): [PlaybackTrace][Native][eventLoop] event_id=22 error=0
08-22 17:16:35.129 I/MpvEvent(17565): [PlaybackTrace][Native][property] name=paused-for-cache format=6 value=null
08-22 17:16:35.129 I/MpvEvent(17565): [PlaybackTrace][Native][dispatch:property] name=paused-for-cache value=null
08-22 17:16:35.129 D/MPVLib  (17565): onNativePropertyChanged: paused-for-cache = null
08-22 17:16:35.129 I/MpvBridgeModule(17565): [PlaybackTrace][Bridge][listener:property] name=paused-for-cache value=null
08-22 17:16:35.130 I/MpvJNI  (17565): [PlaybackTrace][Native][getDuration] result=0 duration=149.696033
08-22 17:16:35.130 I/MpvEvent(17565): [PlaybackTrace][Native][eventLoop] event_id=22 error=0
08-22 17:16:35.130 I/MpvEvent(17565): [PlaybackTrace][Native][property] name=demuxer-cache-state format=6 value=null
08-22 17:16:35.130 D/MpvBridgeModule(17565): [PlaybackTrace][Bridge][getDuration] ptr=131217388352464 duration=149.69603333333333
08-22 17:16:35.130 I/MpvEvent(17565): [PlaybackTrace][Native][dispatch:property] name=demuxer-cache-state value=null
08-22 17:16:35.130 I/MpvBridgeModule(17565): [PlaybackTrace][Bridge][listener:property] name=demuxer-cache-state value=null
08-22 17:16:35.132 I/MpvEvent(17565): [PlaybackTrace][Native][eventLoop] event_id=22 error=0
08-22 17:16:35.132 I/MpvEvent(17565): [PlaybackTrace][Native][property] name=seekable format=6 value=null
08-22 17:16:35.132 I/MpvEvent(17565): [PlaybackTrace][Native][dispatch:property] name=seekable value=null
08-22 17:16:35.133 I/MpvBridgeModule(17565): [PlaybackTrace][Bridge][listener:property] name=seekable value=null
08-22 17:16:35.133 I/MpvEvent(17565): [PlaybackTrace][Native][eventLoop] event_id=2 error=0
08-22 17:16:35.133 I/MpvEvent(17565): [PlaybackTrace][Native][mpv-log] prefix=vd level=v text=Decoder format: 400x400 yuv420p bt.601/auto/auto/full/auto CL=mpeg1/jpeg crop=400x400+0+0 A=none
08-22 17:16:35.134 I/MpvEvent(17565): [PlaybackTrace][Native][eventLoop] event_id=2 error=0
08-22 17:16:35.134 I/MpvEvent(17565): [PlaybackTrace][Native][mpv-log] prefix=vf level=v text=[in] 400x400 yuv420p bt.601/bt.709/srgb/full/display CL=mpeg1/jpeg crop=400x400+0+0 A=none
08-22 17:16:35.134 I/MpvEvent(17565): [PlaybackTrace][Native][eventLoop] event_id=2 error=0
08-22 17:16:35.134 I/MpvEvent(17565): [PlaybackTrace][Native][mpv-log] prefix=vf level=v text=[userdeint] 400x400 yuv420p bt.601/bt.709/srgb/full/display CL=mpeg1/jpeg crop=400x400+0+0 A=none
08-22 17:16:35.134 I/MpvEvent(17565): [PlaybackTrace][Native][eventLoop] event_id=2 error=0
08-22 17:16:35.134 I/MpvEvent(17565): [PlaybackTrace][Native][mpv-log] prefix=vf level=v text=[userdeint] (disabled)
08-22 17:16:35.135 I/MpvEvent(17565): [PlaybackTrace][Native][eventLoop] event_id=2 error=0
08-22 17:16:35.135 I/MpvEvent(17565): [PlaybackTrace][Native][mpv-log] prefix=vf level=v text=[autovflip] 400x400 yuv420p bt.601/bt.709/srgb/full/display CL=mpeg1/jpeg crop=400x400+0+0 A=none
08-22 17:16:35.135 I/MpvEvent(17565): [PlaybackTrace][Native][eventLoop] event_id=2 error=0
08-22 17:16:35.135 I/MpvEvent(17565): [PlaybackTrace][Native][mpv-log] prefix=vf level=v text=[autovflip] (disabled)
08-22 17:16:35.135 I/MpvEvent(17565): [PlaybackTrace][Native][eventLoop] event_id=2 error=0
08-22 17:16:35.135 I/MpvEvent(17565): [PlaybackTrace][Native][mpv-log] prefix=vf level=v text=[autorotate] 400x400 yuv420p bt.601/bt.709/srgb/full/display CL=mpeg1/jpeg crop=400x400+0+0 A=none
08-22 17:16:35.135 I/MpvEvent(17565): [PlaybackTrace][Native][eventLoop] event_id=2 error=0
08-22 17:16:35.135 I/MpvEvent(17565): [PlaybackTrace][Native][mpv-log] prefix=vf level=v text=[autorotate] (disabled)
08-22 17:16:35.135 I/MpvEvent(17565): [PlaybackTrace][Native][eventLoop] event_id=2 error=0
08-22 17:16:35.135 I/MpvEvent(17565): [PlaybackTrace][Native][mpv-log] prefix=vf level=v text=[convert] 400x400 yuv420p bt.601/bt.709/srgb/full/display CL=mpeg1/jpeg crop=400x400+0+0 A=none
08-22 17:16:35.135 I/MpvEvent(17565): [PlaybackTrace][Native][eventLoop] event_id=2 error=0
08-22 17:16:35.135 I/MpvEvent(17565): [PlaybackTrace][Native][mpv-log] prefix=vf level=v text=[convert] (disabled)
08-22 17:16:35.135 I/MpvEvent(17565): [PlaybackTrace][Native][eventLoop] event_id=2 error=0
08-22 17:16:35.135 I/MpvEvent(17565): [PlaybackTrace][Native][mpv-log] prefix=vf level=v text=[out] 400x400 yuv420p bt.601/bt.709/srgb/full/display CL=mpeg1/jpeg crop=400x400+0+0 A=none
08-22 17:16:35.135 I/MpvEvent(17565): [PlaybackTrace][Native][eventLoop] event_id=2 error=0
08-22 17:16:35.135 I/MpvEvent(17565): [PlaybackTrace][Native][mpv-log] prefix=af level=v text=[in] 44100Hz stereo 2ch floatp
08-22 17:16:35.135 I/MpvEvent(17565): [PlaybackTrace][Native][eventLoop] event_id=2 error=0
08-22 17:16:35.135 I/MpvEvent(17565): [PlaybackTrace][Native][mpv-log] prefix=af level=v text=[userspeed] 44100Hz stereo 2ch floatp
08-22 17:16:35.135 I/MpvEvent(17565): [PlaybackTrace][Native][eventLoop] event_id=2 error=0
08-22 17:16:35.135 I/MpvEvent(17565): [PlaybackTrace][Native][mpv-log] prefix=af level=v text=[userspeed] (disabled)
08-22 17:16:35.135 I/MpvEvent(17565): [PlaybackTrace][Native][eventLoop] event_id=2 error=0
08-22 17:16:35.135 I/MpvEvent(17565): [PlaybackTrace][Native][mpv-log] prefix=af level=v text=[convert] 44100Hz stereo 2ch floatp
08-22 17:16:35.135 I/MpvEvent(17565): [PlaybackTrace][Native][eventLoop] event_id=2 error=0
08-22 17:16:35.135 I/MpvEvent(17565): [PlaybackTrace][Native][mpv-log] prefix=cplayer level=v text=first video frame after restart shown
08-22 17:16:35.135 D/mpv     (17565): [cplayer] v: first video frame after restart shown
08-22 17:16:35.135 I/MpvEvent(17565): [PlaybackTrace][Native][eventLoop] event_id=2 error=0
08-22 17:16:35.135 I/MpvEvent(17565): [PlaybackTrace][Native][mpv-log] prefix=ao level=v text=Trying audio driver 'audiotrack'
08-22 17:16:35.135 I/MpvEvent(17565): [PlaybackTrace][Native][eventLoop] event_id=2 error=0
08-22 17:16:35.135 I/MpvEvent(17565): [PlaybackTrace][Native][mpv-log] prefix=ao/audiotrack level=v text=requested format: 44100 Hz, stereo channels, floatp
08-22 17:16:35.135 D/mpv     (17565): [ao/audiotrack] v: requested format: 44100 Hz, stereo channels, floatp
08-22 17:16:35.135 I/MpvEvent(17565): [PlaybackTrace][Native][eventLoop] event_id=2 error=0
08-22 17:16:35.135 I/MpvEvent(17565): [PlaybackTrace][Native][mpv-log] prefix=ao/audiotrack level=v text=AudioTrack.nativeOutputSampleRate = 48000
08-22 17:16:35.135 D/mpv     (17565): [ao/audiotrack] v: AudioTrack.nativeOutputSampleRate = 48000
08-22 17:16:35.135 I/MpvEvent(17565): [PlaybackTrace][Native][eventLoop] event_id=2 error=0
08-22 17:16:35.135 I/MpvEvent(17565): [PlaybackTrace][Native][mpv-log] prefix=ao/audiotrack level=v text=Channel layouts:
08-22 17:16:35.135 D/mpv     (17565): [ao/audiotrack] v: Channel layouts:
08-22 17:16:35.136 I/MpvEvent(17565): [PlaybackTrace][Native][eventLoop] event_id=2 error=0
08-22 17:16:35.136 I/MpvEvent(17565): [PlaybackTrace][Native][mpv-log] prefix=ao/audiotrack level=v text= - mono
08-22 17:16:35.136 D/mpv     (17565): [ao/audiotrack] v:  - mono
08-22 17:16:35.136 I/MpvEvent(17565): [PlaybackTrace][Native][eventLoop] event_id=2 error=0
08-22 17:16:35.136 I/MpvEvent(17565): [PlaybackTrace][Native][mpv-log] prefix=ao/audiotrack level=v text= - stereo
08-22 17:16:35.136 D/mpv     (17565): [ao/audiotrack] v:  - stereo
08-22 17:16:35.136 I/MpvEvent(17565): [PlaybackTrace][Native][eventLoop] event_id=2 error=0
08-22 17:16:35.136 I/MpvEvent(17565): [PlaybackTrace][Native][mpv-log] prefix=ao/audiotrack level=v text= - 3.0
08-22 17:16:35.136 D/mpv     (17565): [ao/audiotrack] v:  - 3.0
08-22 17:16:35.136 I/MpvEvent(17565): [PlaybackTrace][Native][eventLoop] event_id=2 error=0
08-22 17:16:35.136 I/MpvEvent(17565): [PlaybackTrace][Native][mpv-log] prefix=ao/audiotrack level=v text= - quad
08-22 17:16:35.136 D/mpv     (17565): [ao/audiotrack] v:  - quad
08-22 17:16:35.136 I/MpvEvent(17565): [PlaybackTrace][Native][eventLoop] event_id=2 error=0
08-22 17:16:35.136 I/MpvEvent(17565): [PlaybackTrace][Native][mpv-log] prefix=ao/audiotrack level=v text= - 5.0
08-22 17:16:35.136 D/mpv     (17565): [ao/audiotrack] v:  - 5.0
08-22 17:16:35.136 I/MpvEvent(17565): [PlaybackTrace][Native][eventLoop] event_id=2 error=0
08-22 17:16:35.136 I/MpvEvent(17565): [PlaybackTrace][Native][mpv-log] prefix=ao/audiotrack level=v text= - 5.1
08-22 17:16:35.136 D/mpv     (17565): [ao/audiotrack] v:  - 5.1
08-22 17:16:35.136 I/MpvEvent(17565): [PlaybackTrace][Native][eventLoop] event_id=2 error=0
08-22 17:16:35.136 I/MpvEvent(17565): [PlaybackTrace][Native][mpv-log] prefix=ao/audiotrack level=v text= - 6.1(back)
08-22 17:16:35.136 D/mpv     (17565): [ao/audiotrack] v:  - 6.1(back)
08-22 17:16:35.136 I/MpvEvent(17565): [PlaybackTrace][Native][eventLoop] event_id=2 error=0
08-22 17:16:35.136 I/MpvEvent(17565): [PlaybackTrace][Native][mpv-log] prefix=ao/audiotrack level=v text= - 7.1
08-22 17:16:35.136 D/mpv     (17565): [ao/audiotrack] v:  - 7.1
08-22 17:16:35.136 I/MpvEvent(17565): [PlaybackTrace][Native][eventLoop] event_id=2 error=0
08-22 17:16:35.137 I/MpvEvent(17565): [PlaybackTrace][Native][mpv-log] prefix=ao/audiotrack level=v text=result: stereo
08-22 17:16:35.137 D/mpv     (17565): [ao/audiotrack] v: result: stereo
08-22 17:16:35.137 I/MpvEvent(17565): [PlaybackTrace][Native][eventLoop] event_id=2 error=0
08-22 17:16:35.137 I/MpvEvent(17565): [PlaybackTrace][Native][mpv-log] prefix=ao/audiotrack level=v text=Setting bufferSize = 52920 (driver=32096, min=26460, max=52920)
08-22 17:16:35.137 D/mpv     (17565): [ao/audiotrack] v: Setting bufferSize = 52920 (driver=32096, min=26460, max=52920)
08-22 17:16:35.137 I/MpvEvent(17565): [PlaybackTrace][Native][eventLoop] event_id=2 error=0
08-22 17:16:35.137 I/MpvEvent(17565): [PlaybackTrace][Native][mpv-log] prefix=ao/audiotrack level=v text=Using NIO ByteBuffer
08-22 17:16:35.137 D/mpv     (17565): [ao/audiotrack] v: Using NIO ByteBuffer
08-22 17:16:35.137 I/MpvEvent(17565): [PlaybackTrace][Native][eventLoop] event_id=2 error=0
08-22 17:16:35.137 I/MpvEvent(17565): [PlaybackTrace][Native][mpv-log] prefix=ao/audiotrack level=v text=Using API21 initializer
08-22 17:16:35.137 D/mpv     (17565): [ao/audiotrack] v: Using API21 initializer
08-22 17:16:35.148 I/MpvEvent(17565): [PlaybackTrace][Native][eventLoop] event_id=18 error=0
08-22 17:16:35.148 I/MpvEvent(17565): [PlaybackTrace][Native][eventLoop] MPV_EVENT_AUDIO_RECONFIG
08-22 17:16:35.148 I/MpvEvent(17565): [PlaybackTrace][Native][dispatch:event] name=audioReconfig payload={}
08-22 17:16:35.149 I/MpvBridgeModule(17565): [PlaybackTrace][Bridge][listener:event] name=audioReconfig payload={}
08-22 17:16:35.149 I/MpvEvent(17565): [PlaybackTrace][Native][eventLoop] event_id=17 error=0
08-22 17:16:35.149 I/MpvEvent(17565): MPV_EVENT_VIDEO_RECONFIG
08-22 17:16:35.149 I/MpvEvent(17565): [PlaybackTrace][Native][dispatch:event] name=videoReconfig payload={}
08-22 17:16:35.150 I/MpvBridgeModule(17565): [PlaybackTrace][Bridge][listener:event] name=videoReconfig payload={}
08-22 17:16:35.150 I/MpvEvent(17565): [PlaybackTrace][Native][eventLoop] event_id=2 error=0
08-22 17:16:35.150 I/MpvEvent(17565): [PlaybackTrace][Native][mpv-log] prefix=ao/audiotrack level=v text=AudioTrack.getBufferSizeInFrames = 6615
08-22 17:16:35.150 D/mpv     (17565): [ao/audiotrack] v: AudioTrack.getBufferSizeInFrames = 6615
08-22 17:16:35.150 I/MpvEvent(17565): [PlaybackTrace][Native][eventLoop] event_id=2 error=0
08-22 17:16:35.150 I/MpvEvent(17565): [PlaybackTrace][Native][mpv-log] prefix=ao/audiotrack level=v text=device buffer: 6615 samples.
08-22 17:16:35.150 D/mpv     (17565): [ao/audiotrack] v: device buffer: 6615 samples.
08-22 17:16:35.150 I/MpvEvent(17565): [PlaybackTrace][Native][eventLoop] event_id=2 error=0
08-22 17:16:35.150 I/MpvEvent(17565): [PlaybackTrace][Native][mpv-log] prefix=ao/audiotrack level=v text=using soft-buffer of 8820 samples.
08-22 17:16:35.150 D/mpv     (17565): [ao/audiotrack] v: using soft-buffer of 8820 samples.
08-22 17:16:35.150 I/MpvEvent(17565): [PlaybackTrace][Native][eventLoop] event_id=2 error=0
08-22 17:16:35.150 I/MpvEvent(17565): [PlaybackTrace][Native][mpv-log] prefix=cplayer level=info text=AO: [audiotrack] 44100Hz stereo 2ch float
08-22 17:16:35.150 D/mpv     (17565): [cplayer] info: AO: [audiotrack] 44100Hz stereo 2ch float
08-22 17:16:35.150 I/MpvEvent(17565): [PlaybackTrace][Native][eventLoop] event_id=2 error=0
08-22 17:16:35.151 I/MpvEvent(17565): [PlaybackTrace][Native][mpv-log] prefix=cplayer level=v text=AO: Description: Android AudioTrack audio output
08-22 17:16:35.151 D/mpv     (17565): [cplayer] v: AO: Description: Android AudioTrack audio output
08-22 17:16:35.151 I/MpvEvent(17565): [PlaybackTrace][Native][eventLoop] event_id=2 error=0
08-22 17:16:35.151 I/MpvEvent(17565): [PlaybackTrace][Native][mpv-log] prefix=autoconvert level=v text=inserting resampler
08-22 17:16:35.151 I/MpvEvent(17565): [PlaybackTrace][Native][eventLoop] event_id=2 error=0
08-22 17:16:35.151 I/MpvEvent(17565): [PlaybackTrace][Native][mpv-log] prefix=swresample level=v text=format change, reinitializing resampler
08-22 17:16:35.151 I/MpvEvent(17565): [PlaybackTrace][Native][eventLoop] event_id=2 error=0
08-22 17:16:35.151 I/MpvEvent(17565): [PlaybackTrace][Native][mpv-log] prefix=swresample level=v text=44100Hz stereo floatp -> 44100Hz stereo float
08-22 17:16:35.151 I/MpvEvent(17565): [PlaybackTrace][Native][eventLoop] event_id=2 error=0
08-22 17:16:35.151 I/MpvEvent(17565): [PlaybackTrace][Native][mpv-log] prefix=af level=v text=[out] 44100Hz stereo 2ch float
08-22 17:16:35.155 I/MpvEvent(17565): [PlaybackTrace][Native][eventLoop] event_id=22 error=0
08-22 17:16:35.157 I/MpvEvent(17565): [PlaybackTrace][Native][property] name=demuxer-cache-state format=6 value=null
08-22 17:16:35.157 I/MpvEvent(17565): [PlaybackTrace][Native][dispatch:property] name=demuxer-cache-state value=null
08-22 17:16:35.159 I/MpvBridgeModule(17565): [PlaybackTrace][Bridge][listener:property] name=demuxer-cache-state value=null
08-22 17:16:35.162 I/MpvEvent(17565): [PlaybackTrace][Native][eventLoop] event_id=21 error=0
08-22 17:16:35.165 I/MpvEvent(17565): [PlaybackTrace][Native][eventLoop] MPV_EVENT_PLAYBACK_RESTART
08-22 17:16:35.165 I/MpvEvent(17565): [PlaybackTrace][Native][dispatch:event] name=playbackRestart payload={}
08-22 17:16:35.165 I/MpvBridgeModule(17565): [PlaybackTrace][Bridge][listener:event] name=playbackRestart payload={}
08-22 17:16:35.166 I/MpvEvent(17565): [PlaybackTrace][Native][eventLoop] event_id=2 error=0
08-22 17:16:35.166 I/MpvEvent(17565): [PlaybackTrace][Native][mpv-log] prefix=cplayer level=v text=audio ready
08-22 17:16:35.167 D/mpv     (17565): [cplayer] v: audio ready
08-22 17:16:35.167 I/MpvEvent(17565): [PlaybackTrace][Native][eventLoop] event_id=2 error=0
08-22 17:16:35.167 I/MpvEvent(17565): [PlaybackTrace][Native][mpv-log] prefix=cplayer level=v text=starting audio playback
08-22 17:16:35.167 D/mpv     (17565): [cplayer] v: starting audio playback
08-22 17:16:35.167 I/MpvEvent(17565): [PlaybackTrace][Native][eventLoop] event_id=2 error=0
08-22 17:16:35.167 I/MpvEvent(17565): [PlaybackTrace][Native][mpv-log] prefix=cplayer level=v text=playback restart complete @ 0.000001, audio=playing, video=eof
08-22 17:16:35.167 D/mpv     (17565): [cplayer] v: playback restart complete @ 0.000001, audio=playing, video=eof
08-22 17:16:35.170 I/MpvEvent(17565): [PlaybackTrace][Native][eventLoop] event_id=2 error=0
08-22 17:16:35.170 I/MpvEvent(17565): [PlaybackTrace][Native][mpv-log] prefix=cplayer level=warn text=Audio device underrun detected.
08-22 17:16:35.170 D/mpv     (17565): [cplayer] warn: Audio device underrun detected.
08-22 17:16:35.170 I/MpvEvent(17565): [PlaybackTrace][Native][eventLoop] event_id=2 error=0
08-22 17:16:35.170 I/MpvEvent(17565): [PlaybackTrace][Native][mpv-log] prefix=cplayer level=v text=restarting audio after underrun
08-22 17:16:35.171 D/mpv     (17565): [cplayer] v: restarting audio after underrun
08-22 17:16:35.281 I/ReactNativeJS(17565): '[INFO]', '[PlaybackTrace][Controller][event:onFileLoaded]', { fileUri: 'https://prod-1.storage.jamendo.com/?trackid=1593988&format=mp31&from=%2FV3E9Qwm8kkOD6hbkNYXkg%3D%3D%7CMJJdmScXeWFhFQqasgwXjQ%3D%3D',
08-22 17:16:35.283 I/MpvJNI  (17565): [PlaybackTrace][Native][getPosition] result=0 position=0.052114
08-22 17:16:35.283 D/MpvBridgeModule(17565): [PlaybackTrace][Bridge][getPosition] ptr=131217388352464 position=0.05211396209070274
08-22 17:16:35.283 I/MpvJNI  (17565): [PlaybackTrace][Native][getDuration] result=0 duration=149.696033
08-22 17:16:35.283 D/MpvBridgeModule(17565): [PlaybackTrace][Bridge][getDuration] ptr=131217388352464 duration=149.69603333333333
08-22 17:16:35.283 D/MpvBridgeModule(17565): [PlaybackTrace][Bridge][getPlaybackState] ptr=131217388352464 state=playing idle=false eof=false pause=false
08-22 17:16:35.292 I/MpvJNI  (17565): [PlaybackTrace][Native][getDuration] result=0 duration=149.696033
08-22 17:16:35.292 D/MpvBridgeModule(17565): [PlaybackTrace][Bridge][getDuration] ptr=131217388352464 duration=149.69603333333333
08-22 17:16:35.382 I/MpvEvent(17565): [PlaybackTrace][Native][eventLoop] event_id=22 error=0
08-22 17:16:35.382 I/MpvEvent(17565): [PlaybackTrace][Native][property] name=demuxer-cache-state format=6 value=null
08-22 17:16:35.382 I/MpvEvent(17565): [PlaybackTrace][Native][dispatch:property] name=demuxer-cache-state value=null
08-22 17:16:35.383 I/MpvBridgeModule(17565): [PlaybackTrace][Bridge][listener:property] name=demuxer-cache-state value=null
08-22 17:16:35.466 I/MpvJNI  (17565): [PlaybackTrace][Native][getDuration] result=0 duration=149.696033
08-22 17:16:35.466 D/MpvBridgeModule(17565): [PlaybackTrace][Bridge][getDuration] ptr=131217388352464 duration=149.69603333333333
08-22 17:16:35.597 I/ReactNativeJS(17565): '[INFO]', '[PlaybackTrace][Controller][loadAndResume:before]', { uri: 'https://prod-1.storage.jamendo.com/?trackid=1593988&format=mp31&from=%2FV3E9Qwm8kkOD6hbkNYXkg%3D%3D%7CMJJdmScXeWFhFQqasgwXjQ%3D%3D',
08-22 17:16:35.597 I/ReactNativeJS(17565): '[INFO]', '[PlaybackTrace][JS][loadFile:call]', { requestedPath: 'https://prod-1.storage.jamendo.com/?trackid=1593988&format=mp31&from=%2FV3E9Qwm8kkOD6hbkNYXkg%3D%3D%7CMJJdmScXeWFhFQqasgwXjQ%3D%3D',
08-22 17:16:35.598 I/ReactNativeJS(17565): '[INFO]', '[PlaybackTrace][JS][loadFile:return]', { resolvedPath: 'https://prod-1.storage.jamendo.com/?trackid=1593988&format=mp31&from=%2FV3E9Qwm8kkOD6hbkNYXkg%3D%3D%7CMJJdmScXeWFhFQqasgwXjQ%3D%3D' }
08-22 17:16:35.598 I/ReactNativeJS(17565): '[INFO]', '[PlaybackTrace][Controller][loadAndResume:loaded]', 'https://prod-1.storage.jamendo.com/?trackid=1593988&format=mp31&from=%2FV3E9Qwm8kkOD6hbkNYXkg%3D%3D%7CMJJdmScXeWFhFQqasgwXjQ%3D%3D'
08-22 17:16:35.598 I/MpvBridgeModule(17565): [PlaybackTrace][Bridge][loadFile] requested=https://prod-1.storage.jamendo.com/?trackid=1593988&format=mp31&from=%2FV3E9Qwm8kkOD6hbkNYXkg%3D%3D%7CMJJdmScXeWFhFQqasgwXjQ%3D%3D resolved=https://prod-1.storage.jamendo.com/?trackid=1593988&format=mp31&from=%2FV3E9Qwm8kkOD6hbkNYXkg%3D%3D%7CMJJdmScXeWFhFQqasgwXjQ%3D%3D ptr=131217388352464
08-22 17:16:35.598 I/MpvJNI  (17565): [PlaybackTrace][Native][loadFile] begin path=https://prod-1.storage.jamendo.com/?trackid=1593988&format=mp31&from=%2FV3E9Qwm8kkOD6hbkNYXkg%3D%3D%7CMJJdmScXeWFhFQqasgwXjQ%3D%3D initialized=1
08-22 17:16:35.599 I/MpvJNI  (17565): [PlaybackTrace][Native][loadFile] loadfile command accepted result=0
08-22 17:16:35.599 I/MpvBridgeModule(17565): [PlaybackTrace][Bridge][loadFile] nativeLoadFile returned
08-22 17:16:35.599 I/ReactNativeJS(17565): '[INFO]', '[PlaybackTrace][JS][resume:call]'
08-22 17:16:35.599 I/MpvEvent(17565): [PlaybackTrace][Native][eventLoop] event_id=2 error=0
08-22 17:16:35.599 I/MpvEvent(17565): [PlaybackTrace][Native][mpv-log] prefix=cplayer level=v text=EOF code: 3  
08-22 17:16:35.599 D/mpv     (17565): [cplayer] v: EOF code: 3  
08-22 17:16:35.600 I/ReactNativeJS(17565): '[INFO]', '[PlaybackTrace][Controller][loadAndResume:resumed]', 'https://prod-1.storage.jamendo.com/?trackid=1593988&format=mp31&from=%2FV3E9Qwm8kkOD6hbkNYXkg%3D%3D%7CMJJdmScXeWFhFQqasgwXjQ%3D%3D'
08-22 17:16:35.600 I/MpvBridgeModule(17565): [PlaybackTrace][Bridge][play] ptr=131217388352464
08-22 17:16:35.607 I/MpvEvent(17565): [PlaybackTrace][Native][eventLoop] event_id=18 error=0
08-22 17:16:35.614 I/MpvEvent(17565): [PlaybackTrace][Native][eventLoop] MPV_EVENT_AUDIO_RECONFIG
08-22 17:16:35.617 I/MpvEvent(17565): [PlaybackTrace][Native][dispatch:event] name=audioReconfig payload={}
08-22 17:16:35.619 I/MpvBridgeModule(17565): [PlaybackTrace][Bridge][listener:event] name=audioReconfig payload={}
08-22 17:16:35.622 I/MpvEvent(17565): [PlaybackTrace][Native][eventLoop] event_id=17 error=0
08-22 17:16:35.622 I/MpvEvent(17565): MPV_EVENT_VIDEO_RECONFIG
08-22 17:16:35.622 I/MpvEvent(17565): [PlaybackTrace][Native][dispatch:event] name=videoReconfig payload={}
08-22 17:16:35.622 I/MpvBridgeModule(17565): [PlaybackTrace][Bridge][listener:event] name=videoReconfig payload={}
08-22 17:16:35.632 I/MpvJNI  (17565): [PlaybackTrace][Native][play] pause=no result=0
08-22 17:16:35.634 I/MpvBridgeModule(17565): [PlaybackTrace][Bridge][play] nativePlay returned
08-22 17:16:35.636 I/MpvEvent(17565): [PlaybackTrace][Native][eventLoop] event_id=18 error=0
08-22 17:16:35.653 I/MpvEvent(17565): [PlaybackTrace][Native][eventLoop] MPV_EVENT_AUDIO_RECONFIG
08-22 17:16:35.653 I/MpvEvent(17565): [PlaybackTrace][Native][dispatch:event] name=audioReconfig payload={}
08-22 17:16:35.653 I/MpvBridgeModule(17565): [PlaybackTrace][Bridge][listener:event] name=audioReconfig payload={}
08-22 17:16:35.654 I/MpvEvent(17565): [PlaybackTrace][Native][eventLoop] event_id=2 error=0
08-22 17:16:35.654 I/MpvEvent(17565): [PlaybackTrace][Native][mpv-log] prefix=cplayer level=v text=Set property: pause="no" -> 1
08-22 17:16:35.654 D/mpv     (17565): [cplayer] v: Set property: pause="no" -> 1
08-22 17:16:35.661 I/MpvEvent(17565): [PlaybackTrace][Native][eventLoop] event_id=7 error=0
08-22 17:16:35.661 E/MpvEvent(17565): [PlaybackTrace][Native][eventLoop] MPV_EVENT_END_FILE reason=2 error=0
08-22 17:16:35.661 I/MpvEvent(17565): [PlaybackTrace][Native][dispatch:event] name=endFile payload={"reason":2,"error":0}
08-22 17:16:35.661 D/MPVLib  (17565): onNativeEvent: endFile {"reason":2,"error":0}
08-22 17:16:35.661 I/MpvBridgeModule(17565): [PlaybackTrace][Bridge][listener:event] name=endFile payload={"reason":2,"error":0}
08-22 17:16:35.665 I/MpvEvent(17565): [PlaybackTrace][Native][eventLoop] event_id=6 error=0
08-22 17:16:35.665 I/MpvEvent(17565): MPV_EVENT_START_FILE
08-22 17:16:35.666 I/MpvEvent(17565): [PlaybackTrace][Native][dispatch:event] name=startFile payload={}
08-22 17:16:35.666 D/MPVLib  (17565): onNativeEvent: startFile {}
08-22 17:16:35.666 I/MpvBridgeModule(17565): [PlaybackTrace][Bridge][listener:event] name=startFile payload={}
08-22 17:16:35.668 I/MpvEvent(17565): [PlaybackTrace][Native][eventLoop] event_id=22 error=0
08-22 17:16:35.668 I/MpvEvent(17565): [PlaybackTrace][Native][eventLoop] property=cache-buffering-state format=NONE
08-22 17:16:35.668 I/MpvEvent(17565): [PlaybackTrace][Native][eventLoop] event_id=22 error=0
08-22 17:16:35.668 I/MpvEvent(17565): [PlaybackTrace][Native][eventLoop] property=paused-for-cache format=NONE
08-22 17:16:35.668 I/MpvEvent(17565): [PlaybackTrace][Native][eventLoop] event_id=22 error=0
08-22 17:16:35.668 I/MpvEvent(17565): [PlaybackTrace][Native][eventLoop] property=demuxer-cache-state format=NONE
08-22 17:16:35.668 I/MpvEvent(17565): [PlaybackTrace][Native][eventLoop] event_id=22 error=0
08-22 17:16:35.668 I/MpvEvent(17565): [PlaybackTrace][Native][eventLoop] property=seekable format=NONE
08-22 17:16:35.668 I/MpvEvent(17565): [PlaybackTrace][Native][eventLoop] event_id=2 error=0
08-22 17:16:35.668 I/MpvEvent(17565): [PlaybackTrace][Native][mpv-log] prefix=cplayer level=v text=finished playback, success (reason 2)
08-22 17:16:35.668 D/mpv     (17565): [cplayer] v: finished playback, success (reason 2)
08-22 17:16:35.668 I/MpvEvent(17565): [PlaybackTrace][Native][eventLoop] event_id=2 error=0
08-22 17:16:35.668 I/MpvEvent(17565): [PlaybackTrace][Native][mpv-log] prefix=cplayer level=v text=Running hook: ytdl_hook/on_after_end_file
08-22 17:16:35.668 D/mpv     (17565): [cplayer] v: Running hook: ytdl_hook/on_after_end_file
08-22 17:16:35.668 I/MpvEvent(17565): [PlaybackTrace][Native][eventLoop] event_id=2 error=0
08-22 17:16:35.668 I/MpvEvent(17565): [PlaybackTrace][Native][mpv-log] prefix=cplayer level=v text=Running hook: ytdl_hook/on_load
08-22 17:16:35.668 D/mpv     (17565): [cplayer] v: Running hook: ytdl_hook/on_load
08-22 17:16:35.668 I/MpvEvent(17565): [PlaybackTrace][Native][eventLoop] event_id=2 error=0
08-22 17:16:35.668 I/MpvEvent(17565): [PlaybackTrace][Native][mpv-log] prefix=cplayer level=v text=Running hook: ytdl_hook/on_load
08-22 17:16:35.668 D/mpv     (17565): [cplayer] v: Running hook: ytdl_hook/on_load
08-22 17:16:35.669 I/MpvEvent(17565): [PlaybackTrace][Native][eventLoop] event_id=2 error=0
08-22 17:16:35.673 I/MpvEvent(17565): [PlaybackTrace][Native][mpv-log] prefix=ytdl_hook level=v text=playlist hook
08-22 17:16:35.673 I/MpvEvent(17565): [PlaybackTrace][Native][eventLoop] event_id=2 error=0
08-22 17:16:35.673 I/MpvEvent(17565): [PlaybackTrace][Native][mpv-log] prefix=stream_callback level=v text=Opening https://prod-1.storage.jamendo.com/?trackid=1593988&format=mp31&from=%2FV3E9Qwm8kkOD6hbkNYXkg%3D%3D%7CMJJdmScXeWFhFQqasgwXjQ%3D%3D
08-22 17:16:35.674 I/MpvEvent(17565): [PlaybackTrace][Native][eventLoop] event_id=2 error=0
08-22 17:16:35.674 I/MpvEvent(17565): [PlaybackTrace][Native][mpv-log] prefix=ffmpeg level=v text=Opening https://prod-1.storage.jamendo.com/?trackid=1593988&format=mp31&from=%2FV3E9Qwm8kkOD6hbkNYXkg%3D%3D%7CMJJdmScXeWFhFQqasgwXjQ%3D%3D
08-22 17:16:35.674 D/mpv     (17565): [ffmpeg] v: Opening https://prod-1.storage.jamendo.com/?trackid=1593988&format=mp31&from=%2FV3E9Qwm8kkOD6hbkNYXkg%3D%3D%7CMJJdmScXeWFhFQqasgwXjQ%3D%3D
08-22 17:16:35.686 I/MpvJNI  (17565): [PlaybackTrace][Native][getPosition] result=-10 position=0.000000
08-22 17:16:35.686 D/MpvBridgeModule(17565): [PlaybackTrace][Bridge][getPosition] ptr=131217388352464 position=0.0
08-22 17:16:35.686 I/MpvJNI  (17565): [PlaybackTrace][Native][getDuration] result=-10 duration=0.000000
08-22 17:16:35.686 D/MpvBridgeModule(17565): [PlaybackTrace][Bridge][getDuration] ptr=131217388352464 duration=0.0
08-22 17:16:35.686 D/MpvBridgeModule(17565): [PlaybackTrace][Bridge][getPlaybackState] ptr=131217388352464 state=playing idle=false eof=false pause=false
08-22 17:16:35.755 I/ReactNativeJS(17565): '[INFO]', '[PlaybackTrace][Controller][loadAndResume:before]', { uri: 'https://prod-1.storage.jamendo.com/?trackid=1593988&format=mp31&from=%2FV3E9Qwm8kkOD6hbkNYXkg%3D%3D%7CMJJdmScXeWFhFQqasgwXjQ%3D%3D',
08-22 17:16:35.755 I/ReactNativeJS(17565): '[INFO]', '[PlaybackTrace][JS][loadFile:call]', { requestedPath: 'https://prod-1.storage.jamendo.com/?trackid=1593988&format=mp31&from=%2FV3E9Qwm8kkOD6hbkNYXkg%3D%3D%7CMJJdmScXeWFhFQqasgwXjQ%3D%3D',
08-22 17:16:35.756 I/ReactNativeJS(17565): '[INFO]', '[PlaybackTrace][JS][loadFile:return]', { resolvedPath: 'https://prod-1.storage.jamendo.com/?trackid=1593988&format=mp31&from=%2FV3E9Qwm8kkOD6hbkNYXkg%3D%3D%7CMJJdmScXeWFhFQqasgwXjQ%3D%3D' }
08-22 17:16:35.756 I/ReactNativeJS(17565): '[INFO]', '[PlaybackTrace][Controller][loadAndResume:loaded]', 'https://prod-1.storage.jamendo.com/?trackid=1593988&format=mp31&from=%2FV3E9Qwm8kkOD6hbkNYXkg%3D%3D%7CMJJdmScXeWFhFQqasgwXjQ%3D%3D'
08-22 17:16:35.758 I/ReactNativeJS(17565): '[INFO]', '[PlaybackTrace][JS][resume:call]'
08-22 17:16:35.763 I/MpvBridgeModule(17565): [PlaybackTrace][Bridge][loadFile] requested=https://prod-1.storage.jamendo.com/?trackid=1593988&format=mp31&from=%2FV3E9Qwm8kkOD6hbkNYXkg%3D%3D%7CMJJdmScXeWFhFQqasgwXjQ%3D%3D resolved=https://prod-1.storage.jamendo.com/?trackid=1593988&format=mp31&from=%2FV3E9Qwm8kkOD6hbkNYXkg%3D%3D%7CMJJdmScXeWFhFQqasgwXjQ%3D%3D ptr=131217388352464
08-22 17:16:35.763 I/MpvJNI  (17565): [PlaybackTrace][Native][loadFile] begin path=https://prod-1.storage.jamendo.com/?trackid=1593988&format=mp31&from=%2FV3E9Qwm8kkOD6hbkNYXkg%3D%3D%7CMJJdmScXeWFhFQqasgwXjQ%3D%3D initialized=1
08-22 17:16:35.764 I/MpvJNI  (17565): [PlaybackTrace][Native][loadFile] loadfile command accepted result=0
08-22 17:16:35.766 I/ReactNativeJS(17565): '[INFO]', '[PlaybackTrace][Controller][loadAndResume:resumed]', 'https://prod-1.storage.jamendo.com/?trackid=1593988&format=mp31&from=%2FV3E9Qwm8kkOD6hbkNYXkg%3D%3D%7CMJJdmScXeWFhFQqasgwXjQ%3D%3D'
08-22 17:16:35.766 I/MpvBridgeModule(17565): [PlaybackTrace][Bridge][loadFile] nativeLoadFile returned
08-22 17:16:35.766 I/MpvBridgeModule(17565): [PlaybackTrace][Bridge][play] ptr=131217388352464
08-22 17:16:35.771 I/MpvEvent(17565): [PlaybackTrace][Native][eventLoop] event_id=2 error=0
08-22 17:16:35.771 I/MpvJNI  (17565): [PlaybackTrace][Native][play] pause=no result=0
08-22 17:16:35.771 I/MpvBridgeModule(17565): [PlaybackTrace][Bridge][play] nativePlay returned
08-22 17:16:35.771 I/MpvEvent(17565): [PlaybackTrace][Native][mpv-log] prefix=cplayer level=v text=Set property: pause="no" -> 1
08-22 17:16:35.772 D/mpv     (17565): [cplayer] v: Set property: pause="no" -> 1
08-22 17:16:35.774 I/MpvEvent(17565): [PlaybackTrace][Native][eventLoop] event_id=2 error=0
08-22 17:16:35.774 I/MpvEvent(17565): [PlaybackTrace][Native][mpv-log] prefix=cplayer level=v text=Opening failed or was aborted: https://prod-1.storage.jamendo.com/?trackid=1593988&format=mp31&from=%2FV3E9Qwm8kkOD6hbkNYXkg%3D%3D%7CMJJdmScXeWFhFQqasgwXjQ%3D%3D
08-22 17:16:35.774 D/mpv     (17565): [cplayer] v: Opening failed or was aborted: https://prod-1.storage.jamendo.com/?trackid=1593988&format=mp31&from=%2FV3E9Qwm8kkOD6hbkNYXkg%3D%3D%7CMJJdmScXeWFhFQqasgwXjQ%3D%3D
08-22 17:16:35.775 I/MpvEvent(17565): [PlaybackTrace][Native][eventLoop] event_id=7 error=0
08-22 17:16:35.775 E/MpvEvent(17565): [PlaybackTrace][Native][eventLoop] MPV_EVENT_END_FILE reason=2 error=0
08-22 17:16:35.775 I/MpvEvent(17565): [PlaybackTrace][Native][dispatch:event] name=endFile payload={"reason":2,"error":0}
08-22 17:16:35.776 D/MPVLib  (17565): onNativeEvent: endFile {"reason":2,"error":0}
08-22 17:16:35.776 I/MpvBridgeModule(17565): [PlaybackTrace][Bridge][listener:event] name=endFile payload={"reason":2,"error":0}
08-22 17:16:35.777 I/MpvEvent(17565): [PlaybackTrace][Native][eventLoop] event_id=2 error=0
08-22 17:16:35.777 I/MpvEvent(17565): [PlaybackTrace][Native][mpv-log] prefix=cplayer level=v text=finished playback, success (reason 2)
08-22 17:16:35.777 D/mpv     (17565): [cplayer] v: finished playback, success (reason 2)
08-22 17:16:35.777 I/MpvEvent(17565): [PlaybackTrace][Native][eventLoop] event_id=6 error=0
08-22 17:16:35.777 I/MpvEvent(17565): MPV_EVENT_START_FILE
08-22 17:16:35.777 I/MpvEvent(17565): [PlaybackTrace][Native][dispatch:event] name=startFile payload={}
08-22 17:16:35.777 D/MPVLib  (17565): onNativeEvent: startFile {}
08-22 17:16:35.777 I/MpvBridgeModule(17565): [PlaybackTrace][Bridge][listener:event] name=startFile payload={}
08-22 17:16:35.778 I/MpvEvent(17565): [PlaybackTrace][Native][eventLoop] event_id=2 error=0
08-22 17:16:35.778 I/MpvEvent(17565): [PlaybackTrace][Native][mpv-log] prefix=cplayer level=v text=Running hook: ytdl_hook/on_after_end_file
08-22 17:16:35.778 D/mpv     (17565): [cplayer] v: Running hook: ytdl_hook/on_after_end_file
08-22 17:16:35.778 I/MpvEvent(17565): [PlaybackTrace][Native][eventLoop] event_id=2 error=0
08-22 17:16:35.779 I/MpvEvent(17565): [PlaybackTrace][Native][mpv-log] prefix=cplayer level=v text=Running hook: ytdl_hook/on_load
08-22 17:16:35.779 D/mpv     (17565): [cplayer] v: Running hook: ytdl_hook/on_load
08-22 17:16:35.779 I/MpvEvent(17565): [PlaybackTrace][Native][eventLoop] event_id=2 error=0
08-22 17:16:35.779 I/MpvEvent(17565): [PlaybackTrace][Native][mpv-log] prefix=cplayer level=v text=Running hook: ytdl_hook/on_load
08-22 17:16:35.779 D/mpv     (17565): [cplayer] v: Running hook: ytdl_hook/on_load
08-22 17:16:35.779 I/MpvEvent(17565): [PlaybackTrace][Native][eventLoop] event_id=2 error=0
08-22 17:16:35.779 I/MpvEvent(17565): [PlaybackTrace][Native][mpv-log] prefix=ytdl_hook level=v text=playlist hook
08-22 17:16:35.780 I/MpvEvent(17565): [PlaybackTrace][Native][eventLoop] event_id=2 error=0
08-22 17:16:35.780 I/MpvEvent(17565): [PlaybackTrace][Native][mpv-log] prefix=stream_callback level=v text=Opening https://prod-1.storage.jamendo.com/?trackid=1593988&format=mp31&from=%2FV3E9Qwm8kkOD6hbkNYXkg%3D%3D%7CMJJdmScXeWFhFQqasgwXjQ%3D%3D
08-22 17:16:35.780 I/MpvEvent(17565): [PlaybackTrace][Native][eventLoop] event_id=2 error=0
08-22 17:16:35.780 I/MpvEvent(17565): [PlaybackTrace][Native][mpv-log] prefix=ffmpeg level=v text=Opening https://prod-1.storage.jamendo.com/?trackid=1593988&format=mp31&from=%2FV3E9Qwm8kkOD6hbkNYXkg%3D%3D%7CMJJdmScXeWFhFQqasgwXjQ%3D%3D
08-22 17:16:35.780 D/mpv     (17565): [ffmpeg] v: Opening https://prod-1.storage.jamendo.com/?trackid=1593988&format=mp31&from=%2FV3E9Qwm8kkOD6hbkNYXkg%3D%3D%7CMJJdmScXeWFhFQqasgwXjQ%3D%3D
08-22 17:16:35.836 I/ReactNativeJS(17565): '[INFO]', '[PlaybackTrace][Controller][loadAndResume:before]', { uri: 'https://prod-1.storage.jamendo.com/?trackid=1593988&format=mp31&from=%2FV3E9Qwm8kkOD6hbkNYXkg%3D%3D%7CMJJdmScXeWFhFQqasgwXjQ%3D%3D',
08-22 17:16:35.838 I/ReactNativeJS(17565): '[INFO]', '[PlaybackTrace][JS][loadFile:call]', { requestedPath: 'https://prod-1.storage.jamendo.com/?trackid=1593988&format=mp31&from=%2FV3E9Qwm8kkOD6hbkNYXkg%3D%3D%7CMJJdmScXeWFhFQqasgwXjQ%3D%3D',
08-22 17:16:35.838 I/MpvBridgeModule(17565): [PlaybackTrace][Bridge][loadFile] requested=https://prod-1.storage.jamendo.com/?trackid=1593988&format=mp31&from=%2FV3E9Qwm8kkOD6hbkNYXkg%3D%3D%7CMJJdmScXeWFhFQqasgwXjQ%3D%3D resolved=https://prod-1.storage.jamendo.com/?trackid=1593988&format=mp31&from=%2FV3E9Qwm8kkOD6hbkNYXkg%3D%3D%7CMJJdmScXeWFhFQqasgwXjQ%3D%3D ptr=131217388352464
08-22 17:16:35.838 I/MpvJNI  (17565): [PlaybackTrace][Native][loadFile] begin path=https://prod-1.storage.jamendo.com/?trackid=1593988&format=mp31&from=%2FV3E9Qwm8kkOD6hbkNYXkg%3D%3D%7CMJJdmScXeWFhFQqasgwXjQ%3D%3D initialized=1
08-22 17:16:35.839 I/MpvJNI  (17565): [PlaybackTrace][Native][loadFile] loadfile command accepted result=0
08-22 17:16:35.839 I/MpvBridgeModule(17565): [PlaybackTrace][Bridge][loadFile] nativeLoadFile returned
08-22 17:16:35.839 I/ReactNativeJS(17565): '[INFO]', '[PlaybackTrace][JS][loadFile:return]', { resolvedPath: 'https://prod-1.storage.jamendo.com/?trackid=1593988&format=mp31&from=%2FV3E9Qwm8kkOD6hbkNYXkg%3D%3D%7CMJJdmScXeWFhFQqasgwXjQ%3D%3D' }
08-22 17:16:35.840 I/ReactNativeJS(17565): '[INFO]', '[PlaybackTrace][Controller][loadAndResume:loaded]', 'https://prod-1.storage.jamendo.com/?trackid=1593988&format=mp31&from=%2FV3E9Qwm8kkOD6hbkNYXkg%3D%3D%7CMJJdmScXeWFhFQqasgwXjQ%3D%3D'
08-22 17:16:35.841 I/ReactNativeJS(17565): '[INFO]', '[PlaybackTrace][JS][resume:call]'
08-22 17:16:35.844 I/ReactNativeJS(17565): '[INFO]', '[PlaybackTrace][Controller][loadAndResume:resumed]', 'https://prod-1.storage.jamendo.com/?trackid=1593988&format=mp31&from=%2FV3E9Qwm8kkOD6hbkNYXkg%3D%3D%7CMJJdmScXeWFhFQqasgwXjQ%3D%3D'
08-22 17:16:35.845 I/MpvBridgeModule(17565): [PlaybackTrace][Bridge][play] ptr=131217388352464
08-22 17:16:35.845 I/MpvJNI  (17565): [PlaybackTrace][Native][play] pause=no result=0
08-22 17:16:35.845 I/MpvBridgeModule(17565): [PlaybackTrace][Bridge][play] nativePlay returned
08-22 17:16:35.845 I/MpvEvent(17565): [PlaybackTrace][Native][eventLoop] event_id=2 error=0
08-22 17:16:35.845 I/MpvEvent(17565): [PlaybackTrace][Native][mpv-log] prefix=cplayer level=v text=Set property: pause="no" -> 1
08-22 17:16:35.845 D/mpv     (17565): [cplayer] v: Set property: pause="no" -> 1
08-22 17:16:35.870 I/ReactNativeJS(17565): '[INFO]', '[PlaybackTrace][JS][resume:call]'
08-22 17:16:35.871 I/MpvBridgeModule(17565): [PlaybackTrace][Bridge][play] ptr=131217388352464
08-22 17:16:35.871 I/MpvJNI  (17565): [PlaybackTrace][Native][play] pause=no result=0
08-22 17:16:35.871 I/MpvBridgeModule(17565): [PlaybackTrace][Bridge][play] nativePlay returned
08-22 17:16:35.871 I/MpvEvent(17565): [PlaybackTrace][Native][eventLoop] event_id=2 error=0
08-22 17:16:35.871 I/MpvEvent(17565): [PlaybackTrace][Native][mpv-log] prefix=cplayer level=v text=Set property: pause="no" -> 1
08-22 17:16:35.871 D/mpv     (17565): [cplayer] v: Set property: pause="no" -> 1
08-22 17:16:35.888 I/MpvEvent(17565): [PlaybackTrace][Native][eventLoop] event_id=7 error=0
08-22 17:16:35.888 E/MpvEvent(17565): [PlaybackTrace][Native][eventLoop] MPV_EVENT_END_FILE reason=2 error=0
08-22 17:16:35.888 I/MpvEvent(17565): [PlaybackTrace][Native][dispatch:event] name=endFile payload={"reason":2,"error":0}
08-22 17:16:35.889 D/MPVLib  (17565): onNativeEvent: endFile {"reason":2,"error":0}
08-22 17:16:35.889 I/MpvBridgeModule(17565): [PlaybackTrace][Bridge][listener:event] name=endFile payload={"reason":2,"error":0}
08-22 17:16:35.890 I/MpvEvent(17565): [PlaybackTrace][Native][eventLoop] event_id=6 error=0
08-22 17:16:35.890 I/MpvEvent(17565): MPV_EVENT_START_FILE
08-22 17:16:35.890 I/MpvEvent(17565): [PlaybackTrace][Native][dispatch:event] name=startFile payload={}
08-22 17:16:35.890 D/MPVLib  (17565): onNativeEvent: startFile {}
08-22 17:16:35.890 I/MpvBridgeModule(17565): [PlaybackTrace][Bridge][listener:event] name=startFile payload={}
08-22 17:16:35.893 I/MpvEvent(17565): [PlaybackTrace][Native][eventLoop] event_id=2 error=0
08-22 17:16:35.893 I/MpvEvent(17565): [PlaybackTrace][Native][mpv-log] prefix=cplayer level=v text=Opening failed or was aborted: https://prod-1.storage.jamendo.com/?trackid=1593988&format=mp31&from=%2FV3E9Qwm8kkOD6hbkNYXkg%3D%3D%7CMJJdmScXeWFhFQqasgwXjQ%3D%3D
08-22 17:16:35.893 D/mpv     (17565): [cplayer] v: Opening failed or was aborted: https://prod-1.storage.jamendo.com/?trackid=1593988&format=mp31&from=%2FV3E9Qwm8kkOD6hbkNYXkg%3D%3D%7CMJJdmScXeWFhFQqasgwXjQ%3D%3D
08-22 17:16:35.893 I/MpvEvent(17565): [PlaybackTrace][Native][eventLoop] event_id=2 error=0
08-22 17:16:35.893 I/MpvEvent(17565): [PlaybackTrace][Native][mpv-log] prefix=cplayer level=v text=finished playback, success (reason 2)
08-22 17:16:35.893 D/mpv     (17565): [cplayer] v: finished playback, success (reason 2)
08-22 17:16:35.893 I/MpvEvent(17565): [PlaybackTrace][Native][eventLoop] event_id=2 error=0
08-22 17:16:35.893 I/MpvEvent(17565): [PlaybackTrace][Native][mpv-log] prefix=cplayer level=v text=Running hook: ytdl_hook/on_after_end_file
08-22 17:16:35.893 D/mpv     (17565): [cplayer] v: Running hook: ytdl_hook/on_after_end_file
08-22 17:16:35.893 I/MpvEvent(17565): [PlaybackTrace][Native][eventLoop] event_id=2 error=0
08-22 17:16:35.893 I/MpvEvent(17565): [PlaybackTrace][Native][mpv-log] prefix=cplayer level=v text=Running hook: ytdl_hook/on_load
08-22 17:16:35.893 D/mpv     (17565): [cplayer] v: Running hook: ytdl_hook/on_load
08-22 17:16:35.893 I/MpvEvent(17565): [PlaybackTrace][Native][eventLoop] event_id=2 error=0
08-22 17:16:35.893 I/MpvEvent(17565): [PlaybackTrace][Native][mpv-log] prefix=cplayer level=v text=Running hook: ytdl_hook/on_load
08-22 17:16:35.893 D/mpv     (17565): [cplayer] v: Running hook: ytdl_hook/on_load
08-22 17:16:35.893 I/MpvEvent(17565): [PlaybackTrace][Native][eventLoop] event_id=2 error=0
08-22 17:16:35.893 I/MpvEvent(17565): [PlaybackTrace][Native][mpv-log] prefix=ytdl_hook level=v text=playlist hook
08-22 17:16:35.893 I/MpvEvent(17565): [PlaybackTrace][Native][eventLoop] event_id=2 error=0
08-22 17:16:35.893 I/MpvEvent(17565): [PlaybackTrace][Native][mpv-log] prefix=stream_callback level=v text=Opening https://prod-1.storage.jamendo.com/?trackid=1593988&format=mp31&from=%2FV3E9Qwm8kkOD6hbkNYXkg%3D%3D%7CMJJdmScXeWFhFQqasgwXjQ%3D%3D
08-22 17:16:35.893 I/MpvEvent(17565): [PlaybackTrace][Native][eventLoop] event_id=2 error=0
08-22 17:16:35.893 I/MpvEvent(17565): [PlaybackTrace][Native][mpv-log] prefix=ffmpeg level=v text=Opening https://prod-1.storage.jamendo.com/?trackid=1593988&format=mp31&from=%2FV3E9Qwm8kkOD6hbkNYXkg%3D%3D%7CMJJdmScXeWFhFQqasgwXjQ%3D%3D
08-22 17:16:35.893 D/mpv     (17565): [ffmpeg] v: Opening https://prod-1.storage.jamendo.com/?trackid=1593988&format=mp31&from=%2FV3E9Qwm8kkOD6hbkNYXkg%3D%3D%7CMJJdmScXeWFhFQqasgwXjQ%3D%3D
08-22 17:16:36.021 I/ReactNativeJS(17565): '[INFO]', '[PlaybackTrace][JS][resume:call]'
08-22 17:16:36.025 I/MpvBridgeModule(17565): [PlaybackTrace][Bridge][play] ptr=131217388352464
08-22 17:16:36.025 I/MpvJNI  (17565): [PlaybackTrace][Native][play] pause=no result=0
08-22 17:16:36.025 I/MpvBridgeModule(17565): [PlaybackTrace][Bridge][play] nativePlay returned
08-22 17:16:36.025 I/MpvEvent(17565): [PlaybackTrace][Native][eventLoop] event_id=2 error=0
08-22 17:16:36.025 I/MpvEvent(17565): [PlaybackTrace][Native][mpv-log] prefix=cplayer level=v text=Set property: pause="no" -> 1
08-22 17:16:36.025 D/mpv     (17565): [cplayer] v: Set property: pause="no" -> 1
08-22 17:16:36.103 I/ReactNativeJS(17565): '[INFO]', '[PlaybackTrace][JS][resume:call]'
08-22 17:16:36.104 I/MpvBridgeModule(17565): [PlaybackTrace][Bridge][play] ptr=131217388352464
08-22 17:16:36.104 I/MpvJNI  (17565): [PlaybackTrace][Native][play] pause=no result=0
08-22 17:16:36.104 I/MpvBridgeModule(17565): [PlaybackTrace][Bridge][play] nativePlay returned
08-22 17:16:36.104 I/MpvEvent(17565): [PlaybackTrace][Native][eventLoop] event_id=2 error=0
08-22 17:16:36.104 I/MpvEvent(17565): [PlaybackTrace][Native][mpv-log] prefix=cplayer level=v text=Set property: pause="no" -> 1
08-22 17:16:36.104 D/mpv     (17565): [cplayer] v: Set property: pause="no" -> 1
08-22 17:16:36.252 I/MpvJNI  (17565): [PlaybackTrace][Native][getPosition] result=-10 position=0.000000
08-22 17:16:36.252 D/MpvBridgeModule(17565): [PlaybackTrace][Bridge][getPosition] ptr=131217388352464 position=0.0
08-22 17:16:36.252 I/MpvJNI  (17565): [PlaybackTrace][Native][getDuration] result=-10 duration=0.000000
08-22 17:16:36.252 D/MpvBridgeModule(17565): [PlaybackTrace][Bridge][getDuration] ptr=131217388352464 duration=0.0
08-22 17:16:36.252 D/MpvBridgeModule(17565): [PlaybackTrace][Bridge][getPlaybackState] ptr=131217388352464 state=playing idle=false eof=false pause=false
08-22 17:16:36.255 I/MpvJNI  (17565): [PlaybackTrace][Native][getDuration] result=-10 duration=0.000000
08-22 17:16:36.255 D/MpvBridgeModule(17565): [PlaybackTrace][Bridge][getDuration] ptr=131217388352464 duration=0.0
08-22 17:16:36.585 I/MpvEvent(17565): [PlaybackTrace][Native][eventLoop] event_id=2 error=0
08-22 17:16:36.585 I/MpvEvent(17565): [PlaybackTrace][Native][mpv-log] prefix=ffmpeg level=v text=Mime-type: 'audio/mpeg'
08-22 17:16:36.585 D/mpv     (17565): [ffmpeg] v: Mime-type: 'audio/mpeg'
08-22 17:16:36.585 I/MpvEvent(17565): [PlaybackTrace][Native][eventLoop] event_id=2 error=0
08-22 17:16:36.585 I/MpvEvent(17565): [PlaybackTrace][Native][mpv-log] prefix=demux level=v text=Trying demuxers for level=normal.
08-22 17:16:36.593 I/MpvEvent(17565): [PlaybackTrace][Native][eventLoop] event_id=2 error=0
08-22 17:16:36.593 I/MpvEvent(17565): [PlaybackTrace][Native][mpv-log] prefix=lavf level=v text=Found 'mp3' at score=24 size=2048.
08-22 17:16:36.703 I/MpvJNI  (17565): [PlaybackTrace][Native][getPosition] result=-10 position=0.000000
08-22 17:16:36.703 D/MpvBridgeModule(17565): [PlaybackTrace][Bridge][getPosition] ptr=131217388352464 position=0.0
08-22 17:16:36.704 I/MpvJNI  (17565): [PlaybackTrace][Native][getDuration] result=-10 duration=0.000000
08-22 17:16:36.704 D/MpvBridgeModule(17565): [PlaybackTrace][Bridge][getDuration] ptr=131217388352464 duration=0.0
08-22 17:16:36.704 D/MpvBridgeModule(17565): [PlaybackTrace][Bridge][getPlaybackState] ptr=131217388352464 state=playing idle=false eof=false pause=false
08-22 17:16:36.794 I/MpvEvent(17565): [PlaybackTrace][Native][eventLoop] event_id=2 error=0
08-22 17:16:36.794 I/MpvEvent(17565): [PlaybackTrace][Native][mpv-log] prefix=lavf level=v text=avformat_find_stream_info() finished after 32275 bytes.
08-22 17:16:36.795 I/MpvEvent(17565): [PlaybackTrace][Native][eventLoop] event_id=2 error=0
08-22 17:16:36.796 I/MpvEvent(17565): [PlaybackTrace][Native][mpv-log] prefix=lavf level=v text=Assuming this is an image format.
08-22 17:16:36.797 I/MpvEvent(17565): [PlaybackTrace][Native][eventLoop] event_id=2 error=0
08-22 17:16:36.797 I/MpvEvent(17565): [PlaybackTrace][Native][mpv-log] prefix=demux level=v text=Detected file format: mp3 (libavformat)
08-22 17:16:36.797 I/MpvEvent(17565): [PlaybackTrace][Native][eventLoop] event_id=2 error=0
08-22 17:16:36.797 I/MpvEvent(17565): [PlaybackTrace][Native][mpv-log] prefix=cplayer level=v text=Opening done: https://prod-1.storage.jamendo.com/?trackid=1593988&format=mp31&from=%2FV3E9Qwm8kkOD6hbkNYXkg%3D%3D%7CMJJdmScXeWFhFQqasgwXjQ%3D%3D
08-22 17:16:36.797 D/mpv     (17565): [cplayer] v: Opening done: https://prod-1.storage.jamendo.com/?trackid=1593988&format=mp31&from=%2FV3E9Qwm8kkOD6hbkNYXkg%3D%3D%7CMJJdmScXeWFhFQqasgwXjQ%3D%3D
08-22 17:16:36.797 I/MpvEvent(17565): [PlaybackTrace][Native][eventLoop] event_id=2 error=0
08-22 17:16:36.797 I/MpvEvent(17565): [PlaybackTrace][Native][mpv-log] prefix=cplayer level=v text=Running hook: ytdl_hook/on_preloaded
08-22 17:16:36.797 D/mpv     (17565): [cplayer] v: Running hook: ytdl_hook/on_preloaded
08-22 17:16:36.797 I/MpvEvent(17565): [PlaybackTrace][Native][eventLoop] event_id=22 error=0
08-22 17:16:36.797 I/MpvEvent(17565): [PlaybackTrace][Native][property] name=cache-buffering-state format=6 value=null
08-22 17:16:36.797 I/MpvEvent(17565): [PlaybackTrace][Native][dispatch:property] name=cache-buffering-state value=null
08-22 17:16:36.798 D/MPVLib  (17565): onNativePropertyChanged: cache-buffering-state = null
08-22 17:16:36.798 I/MpvBridgeModule(17565): [PlaybackTrace][Bridge][listener:property] name=cache-buffering-state value=null
08-22 17:16:36.800 I/MpvEvent(17565): [PlaybackTrace][Native][eventLoop] event_id=22 error=0
08-22 17:16:36.800 I/MpvEvent(17565): [PlaybackTrace][Native][property] name=demuxer-cache-state format=6 value=null
08-22 17:16:36.800 I/MpvEvent(17565): [PlaybackTrace][Native][dispatch:property] name=demuxer-cache-state value=null
08-22 17:16:36.801 I/MpvBridgeModule(17565): [PlaybackTrace][Bridge][listener:property] name=demuxer-cache-state value=null
08-22 17:16:36.801 I/MpvEvent(17565): [PlaybackTrace][Native][eventLoop] event_id=2 error=0
08-22 17:16:36.801 I/MpvEvent(17565): [PlaybackTrace][Native][mpv-log] prefix=lavf level=v text=select track 1
08-22 17:16:36.802 I/MpvEvent(17565): [PlaybackTrace][Native][eventLoop] event_id=2 error=0
08-22 17:16:36.802 I/MpvEvent(17565): [PlaybackTrace][Native][mpv-log] prefix=lavf level=v text=select track 0
08-22 17:16:36.802 I/MpvEvent(17565): [PlaybackTrace][Native][eventLoop] event_id=2 error=0
08-22 17:16:36.802 I/MpvEvent(17565): [PlaybackTrace][Native][mpv-log] prefix=cplayer level=info text=ΓùÅ Image  --vid=1  'Cover Image' (mjpeg [Baseline] 400x400)
08-22 17:16:36.802 D/mpv     (17565): [cplayer] info: ΓùÅ Image  --vid=1  'Cover Image' (mjpeg [Baseline] 400x400)
08-22 17:16:36.803 I/MpvEvent(17565): [PlaybackTrace][Native][eventLoop] event_id=2 error=0
08-22 17:16:36.803 I/MpvEvent(17565): [PlaybackTrace][Native][mpv-log] prefix=cplayer level=info text=ΓùÅ Audio  --aid=1  (mp3 2ch 44100 Hz 96 kbps)
08-22 17:16:36.803 D/mpv     (17565): [cplayer] info: ΓùÅ Audio  --aid=1  (mp3 2ch 44100 Hz 96 kbps)
08-22 17:16:36.803 I/MpvEvent(17565): [PlaybackTrace][Native][eventLoop] event_id=2 error=0
08-22 17:16:36.803 I/MpvEvent(17565): [PlaybackTrace][Native][mpv-log] prefix=display-tags level=info text=File tags:
08-22 17:16:36.803 I/MpvEvent(17565): [PlaybackTrace][Native][eventLoop] event_id=2 error=0
08-22 17:16:36.803 I/MpvEvent(17565): [PlaybackTrace][Native][mpv-log] prefix=display-tags level=info text= Artist: Joystock
08-22 17:16:36.804 I/MpvEvent(17565): [PlaybackTrace][Native][eventLoop] event_id=2 error=0
08-22 17:16:36.804 I/MpvEvent(17565): [PlaybackTrace][Native][mpv-log] prefix=display-tags level=info text= Comment: http://www.jamendo.com cc_standard
08-22 17:16:36.804 I/MpvEvent(17565): [PlaybackTrace][Native][eventLoop] event_id=2 error=0
08-22 17:16:36.804 I/MpvEvent(17565): [PlaybackTrace][Native][mpv-log] prefix=display-tags level=info text= Composer: Joystock
08-22 17:16:36.804 I/MpvEvent(17565): [PlaybackTrace][Native][eventLoop] event_id=2 error=0
08-22 17:16:36.804 I/MpvEvent(17565): [PlaybackTrace][Native][mpv-log] prefix=display-tags level=info text= Date: 2018
08-22 17:16:36.804 I/MpvEvent(17565): [PlaybackTrace][Native][eventLoop] event_id=2 error=0
08-22 17:16:36.804 I/MpvEvent(17565): [PlaybackTrace][Native][mpv-log] prefix=display-tags level=info text= Genre: chillhop
08-22 17:16:36.805 I/MpvEvent(17565): [PlaybackTrace][Native][eventLoop] event_id=2 error=0
08-22 17:16:36.805 I/MpvEvent(17565): [PlaybackTrace][Native][mpv-log] prefix=display-tags level=info text= Title: Lofi Chillout Hip Hop Beat
08-22 17:16:36.805 I/MpvEvent(17565): [PlaybackTrace][Native][eventLoop] event_id=2 error=0
08-22 17:16:36.805 I/MpvEvent(17565): [PlaybackTrace][Native][mpv-log] prefix=display-tags level=info text= Track: 62
08-22 17:16:36.805 I/MpvEvent(17565): [PlaybackTrace][Native][eventLoop] event_id=2 error=0
08-22 17:16:36.806 I/MpvEvent(17565): [PlaybackTrace][Native][mpv-log] prefix=vd level=v text=Container reported FPS: 1.000000
08-22 17:16:36.806 I/MpvEvent(17565): [PlaybackTrace][Native][eventLoop] event_id=2 error=0
08-22 17:16:36.806 I/MpvEvent(17565): [PlaybackTrace][Native][mpv-log] prefix=vd level=v text=Codec list:
08-22 17:16:36.806 I/MpvEvent(17565): [PlaybackTrace][Native][eventLoop] event_id=2 error=0
08-22 17:16:36.806 I/MpvEvent(17565): [PlaybackTrace][Native][mpv-log] prefix=vd level=v text=    mjpeg - MJPEG (Motion JPEG)
08-22 17:16:36.806 I/MpvEvent(17565): [PlaybackTrace][Native][eventLoop] event_id=2 error=0
08-22 17:16:36.806 I/MpvEvent(17565): [PlaybackTrace][Native][mpv-log] prefix=vd level=v text=Opening decoder mjpeg
08-22 17:16:36.806 I/MpvEvent(17565): [PlaybackTrace][Native][eventLoop] event_id=2 error=0
08-22 17:16:36.806 I/MpvEvent(17565): [PlaybackTrace][Native][mpv-log] prefix=vd level=v text=Not trying to use hardware decoding: codec mjpeg is not on whitelist.
08-22 17:16:36.807 I/MpvEvent(17565): [PlaybackTrace][Native][eventLoop] event_id=2 error=0
08-22 17:16:36.807 I/MpvEvent(17565): [PlaybackTrace][Native][mpv-log] prefix=vd level=v text=Using software decoding.
08-22 17:16:36.807 I/MpvEvent(17565): [PlaybackTrace][Native][eventLoop] event_id=2 error=0
08-22 17:16:36.807 I/MpvEvent(17565): [PlaybackTrace][Native][mpv-log] prefix=vd level=v text=Detected 4 logical cores.
08-22 17:16:36.807 I/MpvEvent(17565): [PlaybackTrace][Native][eventLoop] event_id=2 error=0
08-22 17:16:36.807 I/MpvEvent(17565): [PlaybackTrace][Native][mpv-log] prefix=vd level=v text=Requesting 5 threads for decoding.
08-22 17:16:36.807 I/MpvEvent(17565): [PlaybackTrace][Native][eventLoop] event_id=2 error=0
08-22 17:16:36.807 I/MpvEvent(17565): [PlaybackTrace][Native][mpv-log] prefix=vd level=v text=Selected decoder: mjpeg - MJPEG (Motion JPEG)
08-22 17:16:36.807 I/MpvEvent(17565): [PlaybackTrace][Native][eventLoop] event_id=2 error=0
08-22 17:16:36.807 I/MpvEvent(17565): [PlaybackTrace][Native][mpv-log] prefix=vf level=v text=User filter list:
08-22 17:16:36.807 I/MpvEvent(17565): [PlaybackTrace][Native][eventLoop] event_id=2 error=0
08-22 17:16:36.807 I/MpvEvent(17565): [PlaybackTrace][Native][mpv-log] prefix=vf level=v text=  (empty)
08-22 17:16:36.812 I/MpvEvent(17565): [PlaybackTrace][Native][eventLoop] event_id=18 error=0
08-22 17:16:36.812 I/MpvEvent(17565): [PlaybackTrace][Native][eventLoop] MPV_EVENT_AUDIO_RECONFIG
08-22 17:16:36.812 I/MpvEvent(17565): [PlaybackTrace][Native][dispatch:event] name=audioReconfig payload={}
08-22 17:16:36.812 I/MpvBridgeModule(17565): [PlaybackTrace][Bridge][listener:event] name=audioReconfig payload={}
08-22 17:16:36.813 I/MpvEvent(17565): [PlaybackTrace][Native][eventLoop] event_id=18 error=0
08-22 17:16:36.813 I/MpvEvent(17565): [PlaybackTrace][Native][eventLoop] MPV_EVENT_AUDIO_RECONFIG
08-22 17:16:36.813 I/MpvEvent(17565): [PlaybackTrace][Native][dispatch:event] name=audioReconfig payload={}
08-22 17:16:36.813 I/MpvBridgeModule(17565): [PlaybackTrace][Bridge][listener:event] name=audioReconfig payload={}
08-22 17:16:36.814 I/MpvEvent(17565): [PlaybackTrace][Native][eventLoop] event_id=8 error=0
08-22 17:16:36.814 I/MpvEvent(17565): MPV_EVENT_FILE_LOADED
08-22 17:16:36.814 I/MpvEvent(17565): [PlaybackTrace][Native][dispatch:event] name=fileLoaded payload={}
08-22 17:16:36.815 D/MPVLib  (17565): onNativeEvent: fileLoaded {}
08-22 17:16:36.815 I/MpvBridgeModule(17565): [PlaybackTrace][Bridge][listener:event] name=fileLoaded payload={}
08-22 17:16:36.815 I/MpvEvent(17565): [PlaybackTrace][Native][eventLoop] event_id=2 error=0
08-22 17:16:36.815 I/MpvEvent(17565): [PlaybackTrace][Native][mpv-log] prefix=ad level=v text=Codec list:
08-22 17:16:36.815 I/MpvEvent(17565): [PlaybackTrace][Native][eventLoop] event_id=2 error=0
08-22 17:16:36.815 I/MpvEvent(17565): [PlaybackTrace][Native][mpv-log] prefix=ad level=v text=    mp3float (mp3) - MP3 (MPEG audio layer 3)
08-22 17:16:36.815 I/MpvEvent(17565): [PlaybackTrace][Native][eventLoop] event_id=2 error=0
08-22 17:16:36.815 I/MpvEvent(17565): [PlaybackTrace][Native][mpv-log] prefix=ad level=v text=    mp3 - MP3 (MPEG audio layer 3)
08-22 17:16:36.816 I/MpvEvent(17565): [PlaybackTrace][Native][eventLoop] event_id=2 error=0
08-22 17:16:36.816 I/MpvEvent(17565): [PlaybackTrace][Native][mpv-log] prefix=ad level=v text=    mp3_mediacodec (mp3) - MP3 Android MediaCodec decoder
08-22 17:16:36.816 I/MpvEvent(17565): [PlaybackTrace][Native][eventLoop] event_id=2 error=0
08-22 17:16:36.816 I/MpvEvent(17565): [PlaybackTrace][Native][mpv-log] prefix=ad level=v text=Opening decoder mp3float
08-22 17:16:36.816 I/MpvEvent(17565): [PlaybackTrace][Native][eventLoop] event_id=2 error=0
08-22 17:16:36.816 I/MpvEvent(17565): [PlaybackTrace][Native][mpv-log] prefix=ad level=v text=Requesting 1 threads for decoding.
08-22 17:16:36.816 I/MpvEvent(17565): [PlaybackTrace][Native][eventLoop] event_id=2 error=0
08-22 17:16:36.816 I/MpvEvent(17565): [PlaybackTrace][Native][mpv-log] prefix=ad level=v text=Selected decoder: mp3float - MP3 (MPEG audio layer 3)
08-22 17:16:36.817 I/MpvEvent(17565): [PlaybackTrace][Native][eventLoop] event_id=2 error=0
08-22 17:16:36.817 I/MpvEvent(17565): [PlaybackTrace][Native][mpv-log] prefix=af level=v text=User filter list:
08-22 17:16:36.817 I/MpvEvent(17565): [PlaybackTrace][Native][eventLoop] event_id=2 error=0
08-22 17:16:36.817 I/MpvEvent(17565): [PlaybackTrace][Native][mpv-log] prefix=af level=v text=  (empty)
08-22 17:16:36.818 I/MpvEvent(17565): [PlaybackTrace][Native][eventLoop] event_id=2 error=0
08-22 17:16:36.819 I/MpvEvent(17565): [PlaybackTrace][Native][mpv-log] prefix=cplayer level=info text=Displaying cover art. Use --no-audio-display to prevent this.
08-22 17:16:36.819 D/mpv     (17565): [cplayer] info: Displaying cover art. Use --no-audio-display to prevent this.
08-22 17:16:36.819 I/MpvEvent(17565): [PlaybackTrace][Native][eventLoop] event_id=2 error=0
08-22 17:16:36.819 I/MpvEvent(17565): [PlaybackTrace][Native][mpv-log] prefix=cplayer level=v text=Starting playback...
08-22 17:16:36.819 D/mpv     (17565): [cplayer] v: Starting playback...
08-22 17:16:36.819 I/MpvEvent(17565): [PlaybackTrace][Native][eventLoop] event_id=2 error=0
08-22 17:16:36.820 I/MpvEvent(17565): [PlaybackTrace][Native][mpv-log] prefix=vd level=v text=DR failed - disabling.
08-22 17:16:36.820 I/MpvEvent(17565): [PlaybackTrace][Native][eventLoop] event_id=2 error=0
08-22 17:16:36.820 I/MpvEvent(17565): [PlaybackTrace][Native][mpv-log] prefix=ffmpeg/video level=error text=mjpeg: overread 8
08-22 17:16:36.820 E/MpvEvent(17565): [PlaybackTrace][Native][dispatch:error] code=-1 message=mjpeg: overread 8
08-22 17:16:36.820 E/MpvBridgeModule(17565): [PlaybackTrace][Bridge][listener:error] code=-1 message=mjpeg: overread 8
08-22 17:16:36.821 I/MpvEvent(17565): [PlaybackTrace][Native][eventLoop] event_id=22 error=0
08-22 17:16:36.821 I/MpvEvent(17565): [PlaybackTrace][Native][property] name=paused-for-cache format=6 value=null
08-22 17:16:36.821 I/MpvEvent(17565): [PlaybackTrace][Native][dispatch:property] name=paused-for-cache value=null
08-22 17:16:36.821 D/MPVLib  (17565): onNativePropertyChanged: paused-for-cache = null
08-22 17:16:36.822 I/MpvBridgeModule(17565): [PlaybackTrace][Bridge][listener:property] name=paused-for-cache value=null
08-22 17:16:36.822 I/MpvEvent(17565): [PlaybackTrace][Native][eventLoop] event_id=22 error=0
08-22 17:16:36.823 I/MpvEvent(17565): [PlaybackTrace][Native][property] name=seekable format=6 value=null
08-22 17:16:36.823 I/MpvEvent(17565): [PlaybackTrace][Native][dispatch:property] name=seekable value=null
08-22 17:16:36.823 I/MpvBridgeModule(17565): [PlaybackTrace][Bridge][listener:property] name=seekable value=null
08-22 17:16:36.826 I/MpvEvent(17565): [PlaybackTrace][Native][eventLoop] event_id=2 error=0
08-22 17:16:36.826 I/MpvEvent(17565): [PlaybackTrace][Native][mpv-log] prefix=ffmpeg/video level=warn text=mjpeg: EOI missing, emulating
08-22 17:16:36.826 I/MpvEvent(17565): [PlaybackTrace][Native][eventLoop] event_id=2 error=0
08-22 17:16:36.826 I/MpvEvent(17565): [PlaybackTrace][Native][mpv-log] prefix=vd level=v text=Using software decoding.
08-22 17:16:36.826 I/MpvEvent(17565): [PlaybackTrace][Native][eventLoop] event_id=2 error=0
08-22 17:16:36.826 I/MpvEvent(17565): [PlaybackTrace][Native][mpv-log] prefix=vd level=v text=Decoder format: 400x400 yuv420p bt.601/auto/auto/full/auto CL=mpeg1/jpeg crop=400x400+0+0 A=none
08-22 17:16:36.826 I/MpvEvent(17565): [PlaybackTrace][Native][eventLoop] event_id=2 error=0
08-22 17:16:36.826 I/MpvEvent(17565): [PlaybackTrace][Native][mpv-log] prefix=vf level=v text=[in] 400x400 yuv420p bt.601/bt.709/srgb/full/display CL=mpeg1/jpeg crop=400x400+0+0 A=none
08-22 17:16:36.826 I/MpvEvent(17565): [PlaybackTrace][Native][eventLoop] event_id=2 error=0
08-22 17:16:36.826 I/MpvEvent(17565): [PlaybackTrace][Native][mpv-log] prefix=vf level=v text=[userdeint] 400x400 yuv420p bt.601/bt.709/srgb/full/display CL=mpeg1/jpeg crop=400x400+0+0 A=none
08-22 17:16:36.827 I/MpvEvent(17565): [PlaybackTrace][Native][eventLoop] event_id=2 error=0
08-22 17:16:36.827 I/MpvEvent(17565): [PlaybackTrace][Native][mpv-log] prefix=vf level=v text=[userdeint] (disabled)
08-22 17:16:36.827 I/MpvEvent(17565): [PlaybackTrace][Native][eventLoop] event_id=2 error=0
08-22 17:16:36.827 I/MpvEvent(17565): [PlaybackTrace][Native][mpv-log] prefix=vf level=v text=[autovflip] 400x400 yuv420p bt.601/bt.709/srgb/full/display CL=mpeg1/jpeg crop=400x400+0+0 A=none
08-22 17:16:36.827 I/MpvEvent(17565): [PlaybackTrace][Native][eventLoop] event_id=2 error=0
08-22 17:16:36.827 I/MpvEvent(17565): [PlaybackTrace][Native][mpv-log] prefix=vf level=v text=[autovflip] (disabled)
08-22 17:16:36.827 I/MpvEvent(17565): [PlaybackTrace][Native][eventLoop] event_id=2 error=0
08-22 17:16:36.827 I/MpvEvent(17565): [PlaybackTrace][Native][mpv-log] prefix=vf level=v text=[autorotate] 400x400 yuv420p bt.601/bt.709/srgb/full/display CL=mpeg1/jpeg crop=400x400+0+0 A=none
08-22 17:16:36.827 I/MpvEvent(17565): [PlaybackTrace][Native][eventLoop] event_id=2 error=0
08-22 17:16:36.827 I/MpvEvent(17565): [PlaybackTrace][Native][mpv-log] prefix=vf level=v text=[autorotate] (disabled)
08-22 17:16:36.827 I/MpvEvent(17565): [PlaybackTrace][Native][eventLoop] event_id=2 error=0
08-22 17:16:36.827 I/MpvEvent(17565): [PlaybackTrace][Native][mpv-log] prefix=vf level=v text=[convert] 400x400 yuv420p bt.601/bt.709/srgb/full/display CL=mpeg1/jpeg crop=400x400+0+0 A=none
08-22 17:16:36.827 I/MpvEvent(17565): [PlaybackTrace][Native][eventLoop] event_id=2 error=0
08-22 17:16:36.827 I/MpvEvent(17565): [PlaybackTrace][Native][mpv-log] prefix=vf level=v text=[convert] (disabled)
08-22 17:16:36.827 I/MpvEvent(17565): [PlaybackTrace][Native][eventLoop] event_id=2 error=0
08-22 17:16:36.827 I/MpvEvent(17565): [PlaybackTrace][Native][mpv-log] prefix=vf level=v text=[out] 400x400 yuv420p bt.601/bt.709/srgb/full/display CL=mpeg1/jpeg crop=400x400+0+0 A=none
08-22 17:16:36.827 I/MpvEvent(17565): [PlaybackTrace][Native][eventLoop] event_id=2 error=0
08-22 17:16:36.827 I/MpvEvent(17565): [PlaybackTrace][Native][mpv-log] prefix=af level=v text=[in] 44100Hz stereo 2ch floatp
08-22 17:16:36.828 I/MpvEvent(17565): [PlaybackTrace][Native][eventLoop] event_id=2 error=0
08-22 17:16:36.828 I/MpvEvent(17565): [PlaybackTrace][Native][mpv-log] prefix=af level=v text=[userspeed] 44100Hz stereo 2ch floatp
08-22 17:16:36.828 I/MpvEvent(17565): [PlaybackTrace][Native][eventLoop] event_id=2 error=0
08-22 17:16:36.828 I/MpvEvent(17565): [PlaybackTrace][Native][mpv-log] prefix=af level=v text=[userspeed] (disabled)
08-22 17:16:36.828 I/MpvEvent(17565): [PlaybackTrace][Native][eventLoop] event_id=2 error=0
08-22 17:16:36.828 I/MpvEvent(17565): [PlaybackTrace][Native][mpv-log] prefix=af level=v text=[convert] 44100Hz stereo 2ch floatp
08-22 17:16:36.828 I/MpvEvent(17565): [PlaybackTrace][Native][eventLoop] event_id=2 error=0
08-22 17:16:36.828 I/MpvEvent(17565): [PlaybackTrace][Native][mpv-log] prefix=cplayer level=v text=first video frame after restart shown
08-22 17:16:36.828 D/mpv     (17565): [cplayer] v: first video frame after restart shown
08-22 17:16:36.828 I/MpvEvent(17565): [PlaybackTrace][Native][eventLoop] event_id=2 error=0
08-22 17:16:36.828 I/MpvEvent(17565): [PlaybackTrace][Native][mpv-log] prefix=ao level=v text=Trying audio driver 'audiotrack'
08-22 17:16:36.828 I/MpvEvent(17565): [PlaybackTrace][Native][eventLoop] event_id=2 error=0
08-22 17:16:36.828 I/MpvEvent(17565): [PlaybackTrace][Native][mpv-log] prefix=ao/audiotrack level=v text=requested format: 44100 Hz, stereo channels, floatp
08-22 17:16:36.828 D/mpv     (17565): [ao/audiotrack] v: requested format: 44100 Hz, stereo channels, floatp
08-22 17:16:36.828 I/MpvEvent(17565): [PlaybackTrace][Native][eventLoop] event_id=2 error=0
08-22 17:16:36.828 I/MpvEvent(17565): [PlaybackTrace][Native][mpv-log] prefix=ao/audiotrack level=v text=AudioTrack.nativeOutputSampleRate = 48000
08-22 17:16:36.828 D/mpv     (17565): [ao/audiotrack] v: AudioTrack.nativeOutputSampleRate = 48000
08-22 17:16:36.828 I/MpvEvent(17565): [PlaybackTrace][Native][eventLoop] event_id=2 error=0
08-22 17:16:36.828 I/MpvEvent(17565): [PlaybackTrace][Native][mpv-log] prefix=ao/audiotrack level=v text=Channel layouts:
08-22 17:16:36.828 D/mpv     (17565): [ao/audiotrack] v: Channel layouts:
08-22 17:16:36.828 I/MpvEvent(17565): [PlaybackTrace][Native][eventLoop] event_id=2 error=0
08-22 17:16:36.828 I/MpvEvent(17565): [PlaybackTrace][Native][mpv-log] prefix=ao/audiotrack level=v text= - mono
08-22 17:16:36.829 D/mpv     (17565): [ao/audiotrack] v:  - mono
08-22 17:16:36.829 I/MpvEvent(17565): [PlaybackTrace][Native][eventLoop] event_id=2 error=0
08-22 17:16:36.829 I/MpvEvent(17565): [PlaybackTrace][Native][mpv-log] prefix=ao/audiotrack level=v text= - stereo
08-22 17:16:36.829 D/mpv     (17565): [ao/audiotrack] v:  - stereo
08-22 17:16:36.829 I/MpvEvent(17565): [PlaybackTrace][Native][eventLoop] event_id=2 error=0
08-22 17:16:36.829 I/MpvEvent(17565): [PlaybackTrace][Native][mpv-log] prefix=ao/audiotrack level=v text= - 3.0
08-22 17:16:36.829 D/mpv     (17565): [ao/audiotrack] v:  - 3.0
08-22 17:16:36.829 I/MpvEvent(17565): [PlaybackTrace][Native][eventLoop] event_id=2 error=0
08-22 17:16:36.829 I/MpvEvent(17565): [PlaybackTrace][Native][mpv-log] prefix=ao/audiotrack level=v text= - quad
08-22 17:16:36.829 D/mpv     (17565): [ao/audiotrack] v:  - quad
08-22 17:16:36.829 I/MpvEvent(17565): [PlaybackTrace][Native][eventLoop] event_id=2 error=0
08-22 17:16:36.829 I/MpvEvent(17565): [PlaybackTrace][Native][mpv-log] prefix=ao/audiotrack level=v text= - 5.0
08-22 17:16:36.829 D/mpv     (17565): [ao/audiotrack] v:  - 5.0
08-22 17:16:36.829 I/MpvEvent(17565): [PlaybackTrace][Native][eventLoop] event_id=2 error=0
08-22 17:16:36.829 I/MpvEvent(17565): [PlaybackTrace][Native][mpv-log] prefix=ao/audiotrack level=v text= - 5.1
08-22 17:16:36.829 D/mpv     (17565): [ao/audiotrack] v:  - 5.1
08-22 17:16:36.829 I/MpvEvent(17565): [PlaybackTrace][Native][eventLoop] event_id=2 error=0
08-22 17:16:36.829 I/MpvEvent(17565): [PlaybackTrace][Native][mpv-log] prefix=ao/audiotrack level=v text= - 6.1(back)
08-22 17:16:36.829 D/mpv     (17565): [ao/audiotrack] v:  - 6.1(back)
08-22 17:16:36.829 I/MpvEvent(17565): [PlaybackTrace][Native][eventLoop] event_id=2 error=0
08-22 17:16:36.829 I/MpvEvent(17565): [PlaybackTrace][Native][mpv-log] prefix=ao/audiotrack level=v text= - 7.1
08-22 17:16:36.829 D/mpv     (17565): [ao/audiotrack] v:  - 7.1
08-22 17:16:36.830 I/MpvEvent(17565): [PlaybackTrace][Native][eventLoop] event_id=2 error=0
08-22 17:16:36.830 I/MpvEvent(17565): [PlaybackTrace][Native][mpv-log] prefix=ao/audiotrack level=v text=result: stereo
08-22 17:16:36.830 D/mpv     (17565): [ao/audiotrack] v: result: stereo
08-22 17:16:36.830 I/MpvEvent(17565): [PlaybackTrace][Native][eventLoop] event_id=2 error=0
08-22 17:16:36.830 I/MpvEvent(17565): [PlaybackTrace][Native][mpv-log] prefix=ao/audiotrack level=v text=Setting bufferSize = 52920 (driver=32096, min=26460, max=52920)
08-22 17:16:36.830 D/mpv     (17565): [ao/audiotrack] v: Setting bufferSize = 52920 (driver=32096, min=26460, max=52920)
08-22 17:16:36.830 I/MpvEvent(17565): [PlaybackTrace][Native][eventLoop] event_id=2 error=0
08-22 17:16:36.830 I/MpvEvent(17565): [PlaybackTrace][Native][mpv-log] prefix=ao/audiotrack level=v text=Using NIO ByteBuffer
08-22 17:16:36.830 D/mpv     (17565): [ao/audiotrack] v: Using NIO ByteBuffer
08-22 17:16:36.830 I/MpvEvent(17565): [PlaybackTrace][Native][eventLoop] event_id=2 error=0
08-22 17:16:36.830 I/MpvEvent(17565): [PlaybackTrace][Native][mpv-log] prefix=ao/audiotrack level=v text=Using API21 initializer
08-22 17:16:36.830 D/mpv     (17565): [ao/audiotrack] v: Using API21 initializer
08-22 17:16:36.841 I/MpvEvent(17565): [PlaybackTrace][Native][eventLoop] event_id=2 error=0
08-22 17:16:36.841 I/MpvEvent(17565): [PlaybackTrace][Native][mpv-log] prefix=ao/audiotrack level=v text=AudioTrack.getBufferSizeInFrames = 6615
08-22 17:16:36.841 D/mpv     (17565): [ao/audiotrack] v: AudioTrack.getBufferSizeInFrames = 6615
08-22 17:16:36.841 I/MpvEvent(17565): [PlaybackTrace][Native][eventLoop] event_id=2 error=0
08-22 17:16:36.841 I/MpvEvent(17565): [PlaybackTrace][Native][mpv-log] prefix=ao/audiotrack level=v text=device buffer: 6615 samples.
08-22 17:16:36.841 D/mpv     (17565): [ao/audiotrack] v: device buffer: 6615 samples.
08-22 17:16:36.841 I/MpvEvent(17565): [PlaybackTrace][Native][eventLoop] event_id=2 error=0
08-22 17:16:36.841 I/MpvEvent(17565): [PlaybackTrace][Native][mpv-log] prefix=ao/audiotrack level=v text=using soft-buffer of 8820 samples.
08-22 17:16:36.841 D/mpv     (17565): [ao/audiotrack] v: using soft-buffer of 8820 samples.
08-22 17:16:36.841 I/MpvEvent(17565): [PlaybackTrace][Native][eventLoop] event_id=2 error=0
08-22 17:16:36.841 I/MpvEvent(17565): [PlaybackTrace][Native][mpv-log] prefix=cplayer level=info text=AO: [audiotrack] 44100Hz stereo 2ch float
08-22 17:16:36.841 D/mpv     (17565): [cplayer] info: AO: [audiotrack] 44100Hz stereo 2ch float
08-22 17:16:36.841 I/MpvEvent(17565): [PlaybackTrace][Native][eventLoop] event_id=2 error=0
08-22 17:16:36.841 I/MpvEvent(17565): [PlaybackTrace][Native][mpv-log] prefix=cplayer level=v text=AO: Description: Android AudioTrack audio output
08-22 17:16:36.841 D/mpv     (17565): [cplayer] v: AO: Description: Android AudioTrack audio output
08-22 17:16:36.844 I/MpvEvent(17565): [PlaybackTrace][Native][eventLoop] event_id=18 error=0
08-22 17:16:36.844 I/MpvEvent(17565): [PlaybackTrace][Native][eventLoop] MPV_EVENT_AUDIO_RECONFIG
08-22 17:16:36.844 I/MpvEvent(17565): [PlaybackTrace][Native][dispatch:event] name=audioReconfig payload={}
08-22 17:16:36.845 I/MpvBridgeModule(17565): [PlaybackTrace][Bridge][listener:event] name=audioReconfig payload={}
08-22 17:16:36.848 I/MpvEvent(17565): [PlaybackTrace][Native][eventLoop] event_id=17 error=0
08-22 17:16:36.848 I/MpvEvent(17565): MPV_EVENT_VIDEO_RECONFIG
08-22 17:16:36.848 I/MpvEvent(17565): [PlaybackTrace][Native][dispatch:event] name=videoReconfig payload={}
08-22 17:16:36.848 I/MpvBridgeModule(17565): [PlaybackTrace][Bridge][listener:event] name=videoReconfig payload={}
08-22 17:16:36.859 I/MpvEvent(17565): [PlaybackTrace][Native][eventLoop] event_id=2 error=0
08-22 17:16:36.859 I/MpvEvent(17565): [PlaybackTrace][Native][mpv-log] prefix=autoconvert level=v text=inserting resampler
08-22 17:16:36.859 I/MpvEvent(17565): [PlaybackTrace][Native][eventLoop] event_id=2 error=0
08-22 17:16:36.859 I/MpvEvent(17565): [PlaybackTrace][Native][mpv-log] prefix=swresample level=v text=format change, reinitializing resampler
08-22 17:16:36.860 I/MpvEvent(17565): [PlaybackTrace][Native][eventLoop] event_id=2 error=0
08-22 17:16:36.860 I/MpvEvent(17565): [PlaybackTrace][Native][mpv-log] prefix=swresample level=v text=44100Hz stereo floatp -> 44100Hz stereo float
08-22 17:16:36.860 I/MpvEvent(17565): [PlaybackTrace][Native][eventLoop] event_id=2 error=0
08-22 17:16:36.860 I/MpvEvent(17565): [PlaybackTrace][Native][mpv-log] prefix=af level=v text=[out] 44100Hz stereo 2ch float
08-22 17:16:36.891 I/MpvEvent(17565): [PlaybackTrace][Native][eventLoop] event_id=22 error=0
08-22 17:16:36.891 I/MpvJNI  (17565): [PlaybackTrace][Native][getDuration] result=0 duration=149.696033
08-22 17:16:36.891 I/MpvEvent(17565): [PlaybackTrace][Native][property] name=demuxer-cache-state format=6 value=null
08-22 17:16:36.891 I/MpvEvent(17565): [PlaybackTrace][Native][dispatch:property] name=demuxer-cache-state value=null
08-22 17:16:36.891 D/MpvBridgeModule(17565): [PlaybackTrace][Bridge][getDuration] ptr=131217388352464 duration=149.69603333333333
08-22 17:16:36.892 I/MpvBridgeModule(17565): [PlaybackTrace][Bridge][listener:property] name=demuxer-cache-state value=null
08-22 17:16:36.895 I/MpvEvent(17565): [PlaybackTrace][Native][eventLoop] event_id=2 error=0
08-22 17:16:36.895 I/MpvEvent(17565): [PlaybackTrace][Native][mpv-log] prefix=cplayer level=v text=audio ready
08-22 17:16:36.895 D/mpv     (17565): [cplayer] v: audio ready
08-22 17:16:36.895 I/MpvEvent(17565): [PlaybackTrace][Native][eventLoop] event_id=2 error=0
08-22 17:16:36.895 I/MpvEvent(17565): [PlaybackTrace][Native][mpv-log] prefix=cplayer level=v text=starting audio playback
08-22 17:16:36.895 D/mpv     (17565): [cplayer] v: starting audio playback
08-22 17:16:36.906 I/MpvEvent(17565): [PlaybackTrace][Native][eventLoop] event_id=21 error=0
08-22 17:16:36.906 I/MpvEvent(17565): [PlaybackTrace][Native][eventLoop] MPV_EVENT_PLAYBACK_RESTART
08-22 17:16:36.906 I/MpvEvent(17565): [PlaybackTrace][Native][dispatch:event] name=playbackRestart payload={}
08-22 17:16:36.930 I/MpvBridgeModule(17565): [PlaybackTrace][Bridge][listener:event] name=playbackRestart payload={}
08-22 17:16:36.939 I/MpvEvent(17565): [PlaybackTrace][Native][eventLoop] event_id=2 error=0
08-22 17:16:36.939 I/MpvEvent(17565): [PlaybackTrace][Native][mpv-log] prefix=cplayer level=v text=playback restart complete @ 0.000001, audio=playing, video=eof
08-22 17:16:36.939 D/mpv     (17565): [cplayer] v: playback restart complete @ 0.000001, audio=playing, video=eof
08-22 17:16:36.946 I/MpvEvent(17565): [PlaybackTrace][Native][eventLoop] event_id=2 error=0
08-22 17:16:36.946 I/MpvEvent(17565): [PlaybackTrace][Native][mpv-log] prefix=cplayer level=warn text=Audio device underrun detected.
08-22 17:16:36.946 D/mpv     (17565): [cplayer] warn: Audio device underrun detected.
08-22 17:16:36.946 I/MpvEvent(17565): [PlaybackTrace][Native][eventLoop] event_id=2 error=0
08-22 17:16:36.946 I/MpvEvent(17565): [PlaybackTrace][Native][mpv-log] prefix=cplayer level=v text=restarting audio after underrun
08-22 17:16:36.946 D/mpv     (17565): [cplayer] v: restarting audio after underrun
08-22 17:16:37.075 I/MpvEvent(17565): [PlaybackTrace][Native][eventLoop] event_id=22 error=0
08-22 17:16:37.075 I/MpvEvent(17565): [PlaybackTrace][Native][property] name=demuxer-cache-state format=6 value=null
08-22 17:16:37.075 I/MpvEvent(17565): [PlaybackTrace][Native][dispatch:property] name=demuxer-cache-state value=null
08-22 17:16:37.076 I/MpvBridgeModule(17565): [PlaybackTrace][Bridge][listener:property] name=demuxer-cache-state value=null
08-22 17:16:37.328 I/MpvEvent(17565): [PlaybackTrace][Native][eventLoop] event_id=22 error=0
08-22 17:16:37.328 I/MpvEvent(17565): [PlaybackTrace][Native][property] name=demuxer-cache-state format=6 value=null
08-22 17:16:37.328 I/MpvEvent(17565): [PlaybackTrace][Native][dispatch:property] name=demuxer-cache-state value=null
08-22 17:16:37.329 I/MpvBridgeModule(17565): [PlaybackTrace][Bridge][listener:property] name=demuxer-cache-state value=null
08-22 17:16:37.406 I/ReactNativeJS(17565): '[INFO]', '[PlaybackTrace][Controller][event:onFileLoaded]', { fileUri: 'https://prod-1.storage.jamendo.com/?trackid=1593988&format=mp31&from=%2FV3E9Qwm8kkOD6hbkNYXkg%3D%3D%7CMJJdmScXeWFhFQqasgwXjQ%3D%3D',
08-22 17:16:37.408 I/MpvJNI  (17565): [PlaybackTrace][Native][getPosition] result=0 position=0.350599
08-22 17:16:37.408 D/MpvBridgeModule(17565): [PlaybackTrace][Bridge][getPosition] ptr=131217388352464 position=0.3505989970907025
08-22 17:16:37.408 I/MpvJNI  (17565): [PlaybackTrace][Native][getDuration] result=0 duration=149.696033
08-22 17:16:37.408 D/MpvBridgeModule(17565): [PlaybackTrace][Bridge][getDuration] ptr=131217388352464 duration=149.69603333333333
08-22 17:16:37.408 D/MpvBridgeModule(17565): [PlaybackTrace][Bridge][getPlaybackState] ptr=131217388352464 state=playing idle=false eof=false pause=false
08-22 17:16:37.411 I/ReactNativeJS(17565): '[INFO]', '[PlaybackTrace][Controller][loadAndResume:before]', { uri: 'https://prod-1.storage.jamendo.com/?trackid=1593988&format=mp31&from=%2FV3E9Qwm8kkOD6hbkNYXkg%3D%3D%7CMJJdmScXeWFhFQqasgwXjQ%3D%3D',
08-22 17:16:37.411 I/ReactNativeJS(17565): '[INFO]', '[PlaybackTrace][JS][loadFile:call]', { requestedPath: 'https://prod-1.storage.jamendo.com/?trackid=1593988&format=mp31&from=%2FV3E9Qwm8kkOD6hbkNYXkg%3D%3D%7CMJJdmScXeWFhFQqasgwXjQ%3D%3D',
08-22 17:16:37.412 I/ReactNativeJS(17565): '[INFO]', '[PlaybackTrace][JS][loadFile:return]', { resolvedPath: 'https://prod-1.storage.jamendo.com/?trackid=1593988&format=mp31&from=%2FV3E9Qwm8kkOD6hbkNYXkg%3D%3D%7CMJJdmScXeWFhFQqasgwXjQ%3D%3D' }
08-22 17:16:37.413 I/ReactNativeJS(17565): '[INFO]', '[PlaybackTrace][Controller][loadAndResume:loaded]', 'https://prod-1.storage.jamendo.com/?trackid=1593988&format=mp31&from=%2FV3E9Qwm8kkOD6hbkNYXkg%3D%3D%7CMJJdmScXeWFhFQqasgwXjQ%3D%3D'
08-22 17:16:37.413 I/ReactNativeJS(17565): '[INFO]', '[PlaybackTrace][JS][resume:call]'
08-22 17:16:37.414 I/ReactNativeJS(17565): '[INFO]', '[PlaybackTrace][Controller][loadAndResume:resumed]', 'https://prod-1.storage.jamendo.com/?trackid=1593988&format=mp31&from=%2FV3E9Qwm8kkOD6hbkNYXkg%3D%3D%7CMJJdmScXeWFhFQqasgwXjQ%3D%3D'
08-22 17:16:37.414 I/MpvBridgeModule(17565): [PlaybackTrace][Bridge][loadFile] requested=https://prod-1.storage.jamendo.com/?trackid=1593988&format=mp31&from=%2FV3E9Qwm8kkOD6hbkNYXkg%3D%3D%7CMJJdmScXeWFhFQqasgwXjQ%3D%3D resolved=https://prod-1.storage.jamendo.com/?trackid=1593988&format=mp31&from=%2FV3E9Qwm8kkOD6hbkNYXkg%3D%3D%7CMJJdmScXeWFhFQqasgwXjQ%3D%3D ptr=131217388352464
08-22 17:16:37.414 I/MpvJNI  (17565): [PlaybackTrace][Native][loadFile] begin path=https://prod-1.storage.jamendo.com/?trackid=1593988&format=mp31&from=%2FV3E9Qwm8kkOD6hbkNYXkg%3D%3D%7CMJJdmScXeWFhFQqasgwXjQ%3D%3D initialized=1
08-22 17:16:37.415 I/MpvJNI  (17565): [PlaybackTrace][Native][loadFile] loadfile command accepted result=0
08-22 17:16:37.415 I/MpvBridgeModule(17565): [PlaybackTrace][Bridge][loadFile] nativeLoadFile returned
08-22 17:16:37.415 I/MpvEvent(17565): [PlaybackTrace][Native][eventLoop] event_id=2 error=0
08-22 17:16:37.415 I/MpvEvent(17565): [PlaybackTrace][Native][mpv-log] prefix=cplayer level=v text=EOF code: 3  
08-22 17:16:37.415 D/mpv     (17565): [cplayer] v: EOF code: 3  
08-22 17:16:37.422 I/MpvEvent(17565): [PlaybackTrace][Native][eventLoop] event_id=18 error=0
08-22 17:16:37.422 I/MpvEvent(17565): [PlaybackTrace][Native][eventLoop] MPV_EVENT_AUDIO_RECONFIG
08-22 17:16:37.422 I/MpvEvent(17565): [PlaybackTrace][Native][dispatch:event] name=audioReconfig payload={}
08-22 17:16:37.422 I/MpvBridgeModule(17565): [PlaybackTrace][Bridge][listener:event] name=audioReconfig payload={}
08-22 17:16:37.423 I/MpvBridgeModule(17565): [PlaybackTrace][Bridge][play] ptr=131217388352464
08-22 17:16:37.426 I/MpvEvent(17565): [PlaybackTrace][Native][eventLoop] event_id=17 error=0
08-22 17:16:37.427 I/MpvEvent(17565): MPV_EVENT_VIDEO_RECONFIG
08-22 17:16:37.427 I/MpvEvent(17565): [PlaybackTrace][Native][dispatch:event] name=videoReconfig payload={}
08-22 17:16:37.427 I/MpvBridgeModule(17565): [PlaybackTrace][Bridge][listener:event] name=videoReconfig payload={}
08-22 17:16:37.437 I/MpvEvent(17565): [PlaybackTrace][Native][eventLoop] event_id=18 error=0
08-22 17:16:37.437 I/MpvEvent(17565): [PlaybackTrace][Native][eventLoop] MPV_EVENT_AUDIO_RECONFIG
08-22 17:16:37.437 I/MpvEvent(17565): [PlaybackTrace][Native][dispatch:event] name=audioReconfig payload={}
08-22 17:16:37.437 I/MpvBridgeModule(17565): [PlaybackTrace][Bridge][listener:event] name=audioReconfig payload={}
08-22 17:16:37.438 I/MpvJNI  (17565): [PlaybackTrace][Native][getDuration] result=-10 duration=0.000000
08-22 17:16:37.441 I/MpvEvent(17565): [PlaybackTrace][Native][eventLoop] event_id=2 error=0
08-22 17:16:37.442 I/MpvJNI  (17565): [PlaybackTrace][Native][play] pause=no result=0
08-22 17:16:37.442 I/MpvBridgeModule(17565): [PlaybackTrace][Bridge][play] nativePlay returned
08-22 17:16:37.442 I/MpvEvent(17565): [PlaybackTrace][Native][mpv-log] prefix=cplayer level=v text=Set property: pause="no" -> 1
08-22 17:16:37.442 D/mpv     (17565): [cplayer] v: Set property: pause="no" -> 1
08-22 17:16:37.443 D/MpvBridgeModule(17565): [PlaybackTrace][Bridge][getDuration] ptr=131217388352464 duration=0.0
08-22 17:16:37.480 I/MpvEvent(17565): [PlaybackTrace][Native][eventLoop] event_id=7 error=0
08-22 17:16:37.480 E/MpvEvent(17565): [PlaybackTrace][Native][eventLoop] MPV_EVENT_END_FILE reason=2 error=0
08-22 17:16:37.480 I/MpvEvent(17565): [PlaybackTrace][Native][dispatch:event] name=endFile payload={"reason":2,"error":0}
08-22 17:16:37.480 D/MPVLib  (17565): onNativeEvent: endFile {"reason":2,"error":0}
08-22 17:16:37.480 I/MpvBridgeModule(17565): [PlaybackTrace][Bridge][listener:event] name=endFile payload={"reason":2,"error":0}
08-22 17:16:37.481 I/MpvEvent(17565): [PlaybackTrace][Native][eventLoop] event_id=22 error=0
08-22 17:16:37.481 I/MpvEvent(17565): [PlaybackTrace][Native][eventLoop] property=cache-buffering-state format=NONE
08-22 17:16:37.481 I/MpvEvent(17565): [PlaybackTrace][Native][eventLoop] event_id=22 error=0
08-22 17:16:37.481 I/MpvEvent(17565): [PlaybackTrace][Native][eventLoop] property=paused-for-cache format=NONE
08-22 17:16:37.481 I/MpvEvent(17565): [PlaybackTrace][Native][eventLoop] event_id=22 error=0
08-22 17:16:37.481 I/MpvEvent(17565): [PlaybackTrace][Native][eventLoop] property=demuxer-cache-state format=NONE
08-22 17:16:37.481 I/MpvEvent(17565): [PlaybackTrace][Native][eventLoop] event_id=22 error=0
08-22 17:16:37.481 I/MpvEvent(17565): [PlaybackTrace][Native][eventLoop] property=seekable format=NONE
08-22 17:16:37.481 I/MpvEvent(17565): [PlaybackTrace][Native][eventLoop] event_id=2 error=0
08-22 17:16:37.481 I/MpvEvent(17565): [PlaybackTrace][Native][mpv-log] prefix=cplayer level=v text=finished playback, success (reason 2)
08-22 17:16:37.481 D/mpv     (17565): [cplayer] v: finished playback, success (reason 2)
08-22 17:16:37.481 I/MpvEvent(17565): [PlaybackTrace][Native][eventLoop] event_id=2 error=0
08-22 17:16:37.481 I/MpvEvent(17565): [PlaybackTrace][Native][mpv-log] prefix=cplayer level=v text=Running hook: ytdl_hook/on_after_end_file
08-22 17:16:37.481 D/mpv     (17565): [cplayer] v: Running hook: ytdl_hook/on_after_end_file
08-22 17:16:37.487 I/MpvEvent(17565): [PlaybackTrace][Native][eventLoop] event_id=6 error=0
08-22 17:16:37.487 I/MpvEvent(17565): MPV_EVENT_START_FILE
08-22 17:16:37.487 I/MpvEvent(17565): [PlaybackTrace][Native][dispatch:event] name=startFile payload={}
08-22 17:16:37.489 D/MPVLib  (17565): onNativeEvent: startFile {}
08-22 17:16:37.489 I/MpvBridgeModule(17565): [PlaybackTrace][Bridge][listener:event] name=startFile payload={}
08-22 17:16:37.490 I/MpvEvent(17565): [PlaybackTrace][Native][eventLoop] event_id=2 error=0
08-22 17:16:37.490 I/MpvEvent(17565): [PlaybackTrace][Native][mpv-log] prefix=cplayer level=v text=Running hook: ytdl_hook/on_load
08-22 17:16:37.490 D/mpv     (17565): [cplayer] v: Running hook: ytdl_hook/on_load
08-22 17:16:37.491 I/MpvEvent(17565): [PlaybackTrace][Native][eventLoop] event_id=2 error=0
08-22 17:16:37.492 I/MpvEvent(17565): [PlaybackTrace][Native][mpv-log] prefix=cplayer level=v text=Running hook: ytdl_hook/on_load
08-22 17:16:37.492 D/mpv     (17565): [cplayer] v: Running hook: ytdl_hook/on_load
08-22 17:16:37.493 I/MpvEvent(17565): [PlaybackTrace][Native][eventLoop] event_id=2 error=0
08-22 17:16:37.493 I/MpvEvent(17565): [PlaybackTrace][Native][mpv-log] prefix=ytdl_hook level=v text=playlist hook
08-22 17:16:37.496 I/MpvEvent(17565): [PlaybackTrace][Native][eventLoop] event_id=2 error=0
08-22 17:16:37.496 I/MpvEvent(17565): [PlaybackTrace][Native][mpv-log] prefix=stream_callback level=v text=Opening https://prod-1.storage.jamendo.com/?trackid=1593988&format=mp31&from=%2FV3E9Qwm8kkOD6hbkNYXkg%3D%3D%7CMJJdmScXeWFhFQqasgwXjQ%3D%3D
08-22 17:16:37.498 I/MpvEvent(17565): [PlaybackTrace][Native][eventLoop] event_id=2 error=0
08-22 17:16:37.498 I/MpvEvent(17565): [PlaybackTrace][Native][mpv-log] prefix=ffmpeg level=v text=Opening https://prod-1.storage.jamendo.com/?trackid=1593988&format=mp31&from=%2FV3E9Qwm8kkOD6hbkNYXkg%3D%3D%7CMJJdmScXeWFhFQqasgwXjQ%3D%3D
08-22 17:16:37.498 D/mpv     (17565): [ffmpeg] v: Opening https://prod-1.storage.jamendo.com/?trackid=1593988&format=mp31&from=%2FV3E9Qwm8kkOD6hbkNYXkg%3D%3D%7CMJJdmScXeWFhFQqasgwXjQ%3D%3D
08-22 17:16:37.730 I/ReactNativeJS(17565): '[INFO]', '[PlaybackTrace][JS][resume:call]'
08-22 17:16:37.730 I/MpvJNI  (17565): [PlaybackTrace][Native][getPosition] result=-10 position=0.000000
08-22 17:16:37.730 I/MpvBridgeModule(17565): [PlaybackTrace][Bridge][play] ptr=131217388352464
08-22 17:16:37.730 D/MpvBridgeModule(17565): [PlaybackTrace][Bridge][getPosition] ptr=131217388352464 position=0.0
08-22 17:16:37.730 I/MpvJNI  (17565): [PlaybackTrace][Native][play] pause=no result=0
08-22 17:16:37.730 I/MpvBridgeModule(17565): [PlaybackTrace][Bridge][play] nativePlay returned
08-22 17:16:37.730 I/MpvEvent(17565): [PlaybackTrace][Native][eventLoop] event_id=2 error=0
08-22 17:16:37.731 I/MpvJNI  (17565): [PlaybackTrace][Native][getDuration] result=-10 duration=0.000000
08-22 17:16:37.731 D/MpvBridgeModule(17565): [PlaybackTrace][Bridge][getDuration] ptr=131217388352464 duration=0.0
08-22 17:16:37.732 D/MpvBridgeModule(17565): [PlaybackTrace][Bridge][getPlaybackState] ptr=131217388352464 state=playing idle=false eof=false pause=false
08-22 17:16:37.733 I/MpvEvent(17565): [PlaybackTrace][Native][mpv-log] prefix=cplayer level=v text=Set property: pause="no" -> 1
08-22 17:16:37.733 D/mpv     (17565): [cplayer] v: Set property: pause="no" -> 1
08-22 17:16:38.127 I/MpvEvent(17565): [PlaybackTrace][Native][eventLoop] event_id=2 error=0
08-22 17:16:38.127 I/MpvEvent(17565): [PlaybackTrace][Native][mpv-log] prefix=ffmpeg level=v text=Mime-type: 'audio/mpeg'
08-22 17:16:38.127 D/mpv     (17565): [ffmpeg] v: Mime-type: 'audio/mpeg'
08-22 17:16:38.127 I/MpvEvent(17565): [PlaybackTrace][Native][eventLoop] event_id=2 error=0
08-22 17:16:38.127 I/MpvEvent(17565): [PlaybackTrace][Native][mpv-log] prefix=demux level=v text=Trying demuxers for level=normal.
08-22 17:16:38.144 I/MpvEvent(17565): [PlaybackTrace][Native][eventLoop] event_id=2 error=0
08-22 17:16:38.144 I/MpvEvent(17565): [PlaybackTrace][Native][mpv-log] prefix=lavf level=v text=Found 'mp3' at score=24 size=2048.
08-22 17:16:38.286 I/MpvJNI  (17565): [PlaybackTrace][Native][getPosition] result=-10 position=0.000000
08-22 17:16:38.286 D/MpvBridgeModule(17565): [PlaybackTrace][Bridge][getPosition] ptr=131217388352464 position=0.0
08-22 17:16:38.286 I/MpvJNI  (17565): [PlaybackTrace][Native][getDuration] result=-10 duration=0.000000
08-22 17:16:38.286 D/MpvBridgeModule(17565): [PlaybackTrace][Bridge][getDuration] ptr=131217388352464 duration=0.0
08-22 17:16:38.287 D/MpvBridgeModule(17565): [PlaybackTrace][Bridge][getPlaybackState] ptr=131217388352464 state=playing idle=false eof=false pause=false
08-22 17:16:38.287 I/ReactNativeJS(17565): '[INFO]', '[PlaybackTrace][Controller][loadAndResume:before]', { uri: 'https://prod-1.storage.jamendo.com/?trackid=1593988&format=mp31&from=%2FV3E9Qwm8kkOD6hbkNYXkg%3D%3D%7CMJJdmScXeWFhFQqasgwXjQ%3D%3D',
08-22 17:16:38.288 I/ReactNativeJS(17565): '[INFO]', '[PlaybackTrace][JS][loadFile:call]', { requestedPath: 'https://prod-1.storage.jamendo.com/?trackid=1593988&format=mp31&from=%2FV3E9Qwm8kkOD6hbkNYXkg%3D%3D%7CMJJdmScXeWFhFQqasgwXjQ%3D%3D',
08-22 17:16:38.288 I/MpvBridgeModule(17565): [PlaybackTrace][Bridge][loadFile] requested=https://prod-1.storage.jamendo.com/?trackid=1593988&format=mp31&from=%2FV3E9Qwm8kkOD6hbkNYXkg%3D%3D%7CMJJdmScXeWFhFQqasgwXjQ%3D%3D resolved=https://prod-1.storage.jamendo.com/?trackid=1593988&format=mp31&from=%2FV3E9Qwm8kkOD6hbkNYXkg%3D%3D%7CMJJdmScXeWFhFQqasgwXjQ%3D%3D ptr=131217388352464
08-22 17:16:38.288 I/MpvJNI  (17565): [PlaybackTrace][Native][loadFile] begin path=https://prod-1.storage.jamendo.com/?trackid=1593988&format=mp31&from=%2FV3E9Qwm8kkOD6hbkNYXkg%3D%3D%7CMJJdmScXeWFhFQqasgwXjQ%3D%3D initialized=1
08-22 17:16:38.288 I/MpvJNI  (17565): [PlaybackTrace][Native][loadFile] loadfile command accepted result=0
08-22 17:16:38.288 I/MpvBridgeModule(17565): [PlaybackTrace][Bridge][loadFile] nativeLoadFile returned
08-22 17:16:38.288 I/ReactNativeJS(17565): '[INFO]', '[PlaybackTrace][JS][loadFile:return]', { resolvedPath: 'https://prod-1.storage.jamendo.com/?trackid=1593988&format=mp31&from=%2FV3E9Qwm8kkOD6hbkNYXkg%3D%3D%7CMJJdmScXeWFhFQqasgwXjQ%3D%3D' }
08-22 17:16:38.290 I/ReactNativeJS(17565): '[INFO]', '[PlaybackTrace][Controller][loadAndResume:loaded]', 'https://prod-1.storage.jamendo.com/?trackid=1593988&format=mp31&from=%2FV3E9Qwm8kkOD6hbkNYXkg%3D%3D%7CMJJdmScXeWFhFQqasgwXjQ%3D%3D'
08-22 17:16:38.290 I/ReactNativeJS(17565): '[INFO]', '[PlaybackTrace][JS][resume:call]'
08-22 17:16:38.291 I/MpvBridgeModule(17565): [PlaybackTrace][Bridge][play] ptr=131217388352464
08-22 17:16:38.291 I/ReactNativeJS(17565): '[INFO]', '[PlaybackTrace][Controller][loadAndResume:resumed]', 'https://prod-1.storage.jamendo.com/?trackid=1593988&format=mp31&from=%2FV3E9Qwm8kkOD6hbkNYXkg%3D%3D%7CMJJdmScXeWFhFQqasgwXjQ%3D%3D'
08-22 17:16:38.291 I/MpvJNI  (17565): [PlaybackTrace][Native][play] pause=no result=0
08-22 17:16:38.291 I/MpvBridgeModule(17565): [PlaybackTrace][Bridge][play] nativePlay returned
08-22 17:16:38.291 I/MpvEvent(17565): [PlaybackTrace][Native][eventLoop] event_id=2 error=0
08-22 17:16:38.291 I/MpvEvent(17565): [PlaybackTrace][Native][mpv-log] prefix=cplayer level=v text=Set property: pause="no" -> 1
08-22 17:16:38.291 D/mpv     (17565): [cplayer] v: Set property: pause="no" -> 1
08-22 17:16:38.294 I/MpvJNI  (17565): [PlaybackTrace][Native][getDuration] result=-10 duration=0.000000
08-22 17:16:38.294 D/MpvBridgeModule(17565): [PlaybackTrace][Bridge][getDuration] ptr=131217388352464 duration=0.0
08-22 17:16:38.312 I/MpvEvent(17565): [PlaybackTrace][Native][eventLoop] event_id=2 error=0
08-22 17:16:38.313 I/MpvEvent(17565): [PlaybackTrace][Native][mpv-log] prefix=ffmpeg level=error text=tls: mbedtls_ssl_read returned -0x0
08-22 17:16:38.313 D/mpv     (17565): [ffmpeg] error: tls: mbedtls_ssl_read returned -0x0
08-22 17:16:38.313 E/MpvEvent(17565): [PlaybackTrace][Native][dispatch:error] code=-1 message=tls: mbedtls_ssl_read returned -0x0
08-22 17:16:38.314 E/MpvBridgeModule(17565): [PlaybackTrace][Bridge][listener:error] code=-1 message=tls: mbedtls_ssl_read returned -0x0
08-22 17:16:38.317 I/MpvEvent(17565): [PlaybackTrace][Native][eventLoop] event_id=7 error=0
08-22 17:16:38.317 E/MpvEvent(17565): [PlaybackTrace][Native][eventLoop] MPV_EVENT_END_FILE reason=2 error=0
08-22 17:16:38.317 I/MpvEvent(17565): [PlaybackTrace][Native][dispatch:event] name=endFile payload={"reason":2,"error":0}
08-22 17:16:38.317 D/MPVLib  (17565): onNativeEvent: endFile {"reason":2,"error":0}
08-22 17:16:38.317 I/MpvBridgeModule(17565): [PlaybackTrace][Bridge][listener:event] name=endFile payload={"reason":2,"error":0}
08-22 17:16:38.318 I/MpvEvent(17565): [PlaybackTrace][Native][eventLoop] event_id=2 error=0
08-22 17:16:38.318 I/MpvEvent(17565): [PlaybackTrace][Native][mpv-log] prefix=ffmpeg level=warn text=https: Will reconnect at 15891 in 0 second(s), error=I/O error.
08-22 17:16:38.319 D/mpv     (17565): [ffmpeg] warn: https: Will reconnect at 15891 in 0 second(s), error=I/O error.
08-22 17:16:38.319 I/MpvEvent(17565): [PlaybackTrace][Native][eventLoop] event_id=2 error=0
08-22 17:16:38.319 I/MpvEvent(17565): [PlaybackTrace][Native][mpv-log] prefix=lavf level=v text=avformat_find_stream_info() finished after 15891 bytes.
08-22 17:16:38.319 I/MpvEvent(17565): [PlaybackTrace][Native][eventLoop] event_id=2 error=0
08-22 17:16:38.319 I/MpvEvent(17565): [PlaybackTrace][Native][mpv-log] prefix=lavf level=v text=Assuming this is an image format.
08-22 17:16:38.319 I/MpvEvent(17565): [PlaybackTrace][Native][eventLoop] event_id=2 error=0
08-22 17:16:38.319 I/MpvEvent(17565): [PlaybackTrace][Native][mpv-log] prefix=demux level=v text=Detected file format: mp3 (libavformat)
08-22 17:16:38.319 I/MpvEvent(17565): [PlaybackTrace][Native][eventLoop] event_id=2 error=0
08-22 17:16:38.319 I/MpvEvent(17565): [PlaybackTrace][Native][mpv-log] prefix=cplayer level=v text=Opening done: https://prod-1.storage.jamendo.com/?trackid=1593988&format=mp31&from=%2FV3E9Qwm8kkOD6hbkNYXkg%3D%3D%7CMJJdmScXeWFhFQqasgwXjQ%3D%3D
08-22 17:16:38.319 D/mpv     (17565): [cplayer] v: Opening done: https://prod-1.storage.jamendo.com/?trackid=1593988&format=mp31&from=%2FV3E9Qwm8kkOD6hbkNYXkg%3D%3D%7CMJJdmScXeWFhFQqasgwXjQ%3D%3D
08-22 17:16:38.319 I/MpvEvent(17565): [PlaybackTrace][Native][eventLoop] event_id=2 error=0
08-22 17:16:38.319 I/MpvEvent(17565): [PlaybackTrace][Native][mpv-log] prefix=cplayer level=v text=finished playback, success (reason 2)
08-22 17:16:38.319 D/mpv     (17565): [cplayer] v: finished playback, success (reason 2)
08-22 17:16:38.319 I/MpvEvent(17565): [PlaybackTrace][Native][eventLoop] event_id=2 error=0
08-22 17:16:38.319 I/MpvEvent(17565): [PlaybackTrace][Native][mpv-log] prefix=cplayer level=v text=Running hook: ytdl_hook/on_after_end_file
08-22 17:16:38.319 D/mpv     (17565): [cplayer] v: Running hook: ytdl_hook/on_after_end_file
08-22 17:16:38.320 I/MpvEvent(17565): [PlaybackTrace][Native][eventLoop] event_id=6 error=0
08-22 17:16:38.320 I/MpvEvent(17565): MPV_EVENT_START_FILE
08-22 17:16:38.320 I/MpvEvent(17565): [PlaybackTrace][Native][dispatch:event] name=startFile payload={}
08-22 17:16:38.320 D/MPVLib  (17565): onNativeEvent: startFile {}
08-22 17:16:38.320 I/MpvBridgeModule(17565): [PlaybackTrace][Bridge][listener:event] name=startFile payload={}
08-22 17:16:38.321 I/MpvEvent(17565): [PlaybackTrace][Native][eventLoop] event_id=2 error=0
08-22 17:16:38.321 I/MpvEvent(17565): [PlaybackTrace][Native][mpv-log] prefix=cplayer level=v text=Running hook: ytdl_hook/on_load
08-22 17:16:38.321 D/mpv     (17565): [cplayer] v: Running hook: ytdl_hook/on_load
08-22 17:16:38.321 I/MpvEvent(17565): [PlaybackTrace][Native][eventLoop] event_id=2 error=0
08-22 17:16:38.321 I/MpvEvent(17565): [PlaybackTrace][Native][mpv-log] prefix=cplayer level=v text=Running hook: ytdl_hook/on_load
08-22 17:16:38.321 D/mpv     (17565): [cplayer] v: Running hook: ytdl_hook/on_load
08-22 17:16:38.321 I/MpvEvent(17565): [PlaybackTrace][Native][eventLoop] event_id=2 error=0
08-22 17:16:38.321 I/MpvEvent(17565): [PlaybackTrace][Native][mpv-log] prefix=ytdl_hook level=v text=playlist hook
08-22 17:16:38.322 I/MpvEvent(17565): [PlaybackTrace][Native][eventLoop] event_id=2 error=0
08-22 17:16:38.322 I/MpvEvent(17565): [PlaybackTrace][Native][mpv-log] prefix=stream_callback level=v text=Opening https://prod-1.storage.jamendo.com/?trackid=1593988&format=mp31&from=%2FV3E9Qwm8kkOD6hbkNYXkg%3D%3D%7CMJJdmScXeWFhFQqasgwXjQ%3D%3D
08-22 17:16:38.322 I/MpvEvent(17565): [PlaybackTrace][Native][eventLoop] event_id=2 error=0
08-22 17:16:38.322 I/MpvEvent(17565): [PlaybackTrace][Native][mpv-log] prefix=ffmpeg level=v text=Opening https://prod-1.storage.jamendo.com/?trackid=1593988&format=mp31&from=%2FV3E9Qwm8kkOD6hbkNYXkg%3D%3D%7CMJJdmScXeWFhFQqasgwXjQ%3D%3D
08-22 17:16:38.322 D/mpv     (17565): [ffmpeg] v: Opening https://prod-1.storage.jamendo.com/?trackid=1593988&format=mp31&from=%2FV3E9Qwm8kkOD6hbkNYXkg%3D%3D%7CMJJdmScXeWFhFQqasgwXjQ%3D%3D
08-22 17:16:38.478 I/MpvJNI  (17565): [PlaybackTrace][Native][getDuration] result=-10 duration=0.000000
08-22 17:16:38.478 D/MpvBridgeModule(17565): [PlaybackTrace][Bridge][getDuration] ptr=131217388352464 duration=0.0
08-22 17:16:38.737 I/ReactNativeJS(17565): '[INFO]', '[PlaybackTrace][JS][resume:call]'
08-22 17:16:38.737 I/MpvBridgeModule(17565): [PlaybackTrace][Bridge][play] ptr=131217388352464
08-22 17:16:38.737 I/MpvJNI  (17565): [PlaybackTrace][Native][getPosition] result=-10 position=0.000000
08-22 17:16:38.738 D/MpvBridgeModule(17565): [PlaybackTrace][Bridge][getPosition] ptr=131217388352464 position=0.0
08-22 17:16:38.738 I/MpvJNI  (17565): [PlaybackTrace][Native][play] pause=no result=0
08-22 17:16:38.738 I/MpvEvent(17565): [PlaybackTrace][Native][eventLoop] event_id=2 error=0
08-22 17:16:38.738 I/MpvBridgeModule(17565): [PlaybackTrace][Bridge][play] nativePlay returned
08-22 17:16:38.738 I/MpvEvent(17565): [PlaybackTrace][Native][mpv-log] prefix=cplayer level=v text=Set property: pause="no" -> 1
08-22 17:16:38.738 D/mpv     (17565): [cplayer] v: Set property: pause="no" -> 1
08-22 17:16:38.738 I/MpvJNI  (17565): [PlaybackTrace][Native][getDuration] result=-10 duration=0.000000
08-22 17:16:38.738 D/MpvBridgeModule(17565): [PlaybackTrace][Bridge][getDuration] ptr=131217388352464 duration=0.0
08-22 17:16:38.738 D/MpvBridgeModule(17565): [PlaybackTrace][Bridge][getPlaybackState] ptr=131217388352464 state=playing idle=false eof=false pause=false
08-22 17:16:38.766 I/ReactNativeJS(17565): '[INFO]', '[PlaybackTrace][Controller][loadAndResume:before]', { uri: 'https://prod-1.storage.jamendo.com/?trackid=1593988&format=mp31&from=%2FV3E9Qwm8kkOD6hbkNYXkg%3D%3D%7CMJJdmScXeWFhFQqasgwXjQ%3D%3D',
08-22 17:16:38.767 I/ReactNativeJS(17565): '[INFO]', '[PlaybackTrace][JS][loadFile:call]', { requestedPath: 'https://prod-1.storage.jamendo.com/?trackid=1593988&format=mp31&from=%2FV3E9Qwm8kkOD6hbkNYXkg%3D%3D%7CMJJdmScXeWFhFQqasgwXjQ%3D%3D',
08-22 17:16:38.768 I/ReactNativeJS(17565): '[INFO]', '[PlaybackTrace][JS][loadFile:return]', { resolvedPath: 'https://prod-1.storage.jamendo.com/?trackid=1593988&format=mp31&from=%2FV3E9Qwm8kkOD6hbkNYXkg%3D%3D%7CMJJdmScXeWFhFQqasgwXjQ%3D%3D' }
08-22 17:16:38.768 I/MpvBridgeModule(17565): [PlaybackTrace][Bridge][loadFile] requested=https://prod-1.storage.jamendo.com/?trackid=1593988&format=mp31&from=%2FV3E9Qwm8kkOD6hbkNYXkg%3D%3D%7CMJJdmScXeWFhFQqasgwXjQ%3D%3D resolved=https://prod-1.storage.jamendo.com/?trackid=1593988&format=mp31&from=%2FV3E9Qwm8kkOD6hbkNYXkg%3D%3D%7CMJJdmScXeWFhFQqasgwXjQ%3D%3D ptr=131217388352464
08-22 17:16:38.768 I/ReactNativeJS(17565): '[INFO]', '[PlaybackTrace][Controller][loadAndResume:loaded]', 'https://prod-1.storage.jamendo.com/?trackid=1593988&format=mp31&from=%2FV3E9Qwm8kkOD6hbkNYXkg%3D%3D%7CMJJdmScXeWFhFQqasgwXjQ%3D%3D'
08-22 17:16:38.770 I/ReactNativeJS(17565): '[INFO]', '[PlaybackTrace][JS][resume:call]'
08-22 17:16:38.770 I/ReactNativeJS(17565): '[INFO]', '[PlaybackTrace][Controller][loadAndResume:resumed]', 'https://prod-1.storage.jamendo.com/?trackid=1593988&format=mp31&from=%2FV3E9Qwm8kkOD6hbkNYXkg%3D%3D%7CMJJdmScXeWFhFQqasgwXjQ%3D%3D'
08-22 17:16:38.772 I/MpvJNI  (17565): [PlaybackTrace][Native][loadFile] begin path=https://prod-1.storage.jamendo.com/?trackid=1593988&format=mp31&from=%2FV3E9Qwm8kkOD6hbkNYXkg%3D%3D%7CMJJdmScXeWFhFQqasgwXjQ%3D%3D initialized=1
08-22 17:16:38.772 I/MpvJNI  (17565): [PlaybackTrace][Native][loadFile] loadfile command accepted result=0
08-22 17:16:38.772 I/MpvBridgeModule(17565): [PlaybackTrace][Bridge][loadFile] nativeLoadFile returned
08-22 17:16:38.775 I/MpvBridgeModule(17565): [PlaybackTrace][Bridge][play] ptr=131217388352464
08-22 17:16:38.775 I/MpvJNI  (17565): [PlaybackTrace][Native][play] pause=no result=0
08-22 17:16:38.775 I/MpvBridgeModule(17565): [PlaybackTrace][Bridge][play] nativePlay returned
08-22 17:16:38.775 I/MpvEvent(17565): [PlaybackTrace][Native][eventLoop] event_id=2 error=0
08-22 17:16:38.775 I/MpvEvent(17565): [PlaybackTrace][Native][mpv-log] prefix=cplayer level=v text=Set property: pause="no" -> 1
08-22 17:16:38.775 D/mpv     (17565): [cplayer] v: Set property: pause="no" -> 1
08-22 17:16:38.795 I/MpvEvent(17565): [PlaybackTrace][Native][eventLoop] event_id=2 error=0
08-22 17:16:38.795 I/MpvEvent(17565): [PlaybackTrace][Native][mpv-log] prefix=ffmpeg level=error text=tls: mbedtls_ssl_handshake returned -0x7280
08-22 17:16:38.795 D/mpv     (17565): [ffmpeg] error: tls: mbedtls_ssl_handshake returned -0x7280
08-22 17:16:38.795 E/MpvEvent(17565): [PlaybackTrace][Native][dispatch:error] code=-1 message=tls: mbedtls_ssl_handshake returned -0x7280
08-22 17:16:38.796 E/MpvBridgeModule(17565): [PlaybackTrace][Bridge][listener:error] code=-1 message=tls: mbedtls_ssl_handshake returned -0x7280
08-22 17:16:38.805 I/MpvEvent(17565): [PlaybackTrace][Native][eventLoop] event_id=7 error=0
08-22 17:16:38.806 E/MpvEvent(17565): [PlaybackTrace][Native][eventLoop] MPV_EVENT_END_FILE reason=2 error=0
08-22 17:16:38.806 I/MpvEvent(17565): [PlaybackTrace][Native][dispatch:event] name=endFile payload={"reason":2,"error":0}
08-22 17:16:38.807 D/MPVLib  (17565): onNativeEvent: endFile {"reason":2,"error":0}
08-22 17:16:38.807 I/MpvBridgeModule(17565): [PlaybackTrace][Bridge][listener:event] name=endFile payload={"reason":2,"error":0}
08-22 17:16:38.809 I/MpvEvent(17565): [PlaybackTrace][Native][eventLoop] event_id=6 error=0
08-22 17:16:38.809 I/MpvEvent(17565): MPV_EVENT_START_FILE
08-22 17:16:38.809 I/MpvEvent(17565): [PlaybackTrace][Native][dispatch:event] name=startFile payload={}
08-22 17:16:38.809 D/MPVLib  (17565): onNativeEvent: startFile {}
08-22 17:16:38.809 I/MpvBridgeModule(17565): [PlaybackTrace][Bridge][listener:event] name=startFile payload={}
08-22 17:16:38.810 I/MpvEvent(17565): [PlaybackTrace][Native][eventLoop] event_id=2 error=0
08-22 17:16:38.810 I/MpvEvent(17565): [PlaybackTrace][Native][mpv-log] prefix=cplayer level=v text=Opening failed or was aborted: https://prod-1.storage.jamendo.com/?trackid=1593988&format=mp31&from=%2FV3E9Qwm8kkOD6hbkNYXkg%3D%3D%7CMJJdmScXeWFhFQqasgwXjQ%3D%3D
08-22 17:16:38.810 D/mpv     (17565): [cplayer] v: Opening failed or was aborted: https://prod-1.storage.jamendo.com/?trackid=1593988&format=mp31&from=%2FV3E9Qwm8kkOD6hbkNYXkg%3D%3D%7CMJJdmScXeWFhFQqasgwXjQ%3D%3D
08-22 17:16:38.810 I/MpvEvent(17565): [PlaybackTrace][Native][eventLoop] event_id=2 error=0
08-22 17:16:38.811 I/MpvEvent(17565): [PlaybackTrace][Native][mpv-log] prefix=cplayer level=v text=finished playback, success (reason 2)
08-22 17:16:38.811 D/mpv     (17565): [cplayer] v: finished playback, success (reason 2)
08-22 17:16:38.811 I/MpvEvent(17565): [PlaybackTrace][Native][eventLoop] event_id=2 error=0
08-22 17:16:38.811 I/MpvEvent(17565): [PlaybackTrace][Native][mpv-log] prefix=cplayer level=v text=Running hook: ytdl_hook/on_after_end_file
08-22 17:16:38.811 D/mpv     (17565): [cplayer] v: Running hook: ytdl_hook/on_after_end_file
08-22 17:16:38.811 I/MpvEvent(17565): [PlaybackTrace][Native][eventLoop] event_id=2 error=0
08-22 17:16:38.811 I/MpvEvent(17565): [PlaybackTrace][Native][mpv-log] prefix=cplayer level=v text=Running hook: ytdl_hook/on_load
08-22 17:16:38.811 D/mpv     (17565): [cplayer] v: Running hook: ytdl_hook/on_load
08-22 17:16:38.811 I/MpvEvent(17565): [PlaybackTrace][Native][eventLoop] event_id=2 error=0
08-22 17:16:38.811 I/MpvEvent(17565): [PlaybackTrace][Native][mpv-log] prefix=cplayer level=v text=Running hook: ytdl_hook/on_load
08-22 17:16:38.811 D/mpv     (17565): [cplayer] v: Running hook: ytdl_hook/on_load
08-22 17:16:38.811 I/MpvEvent(17565): [PlaybackTrace][Native][eventLoop] event_id=2 error=0
08-22 17:16:38.811 I/MpvEvent(17565): [PlaybackTrace][Native][mpv-log] prefix=ytdl_hook level=v text=playlist hook
08-22 17:16:38.811 I/MpvEvent(17565): [PlaybackTrace][Native][eventLoop] event_id=2 error=0
08-22 17:16:38.811 I/MpvEvent(17565): [PlaybackTrace][Native][mpv-log] prefix=stream_callback level=v text=Opening https://prod-1.storage.jamendo.com/?trackid=1593988&format=mp31&from=%2FV3E9Qwm8kkOD6hbkNYXkg%3D%3D%7CMJJdmScXeWFhFQqasgwXjQ%3D%3D
08-22 17:16:38.811 I/MpvEvent(17565): [PlaybackTrace][Native][eventLoop] event_id=2 error=0
08-22 17:16:38.811 I/MpvEvent(17565): [PlaybackTrace][Native][mpv-log] prefix=ffmpeg level=v text=Opening https://prod-1.storage.jamendo.com/?trackid=1593988&format=mp31&from=%2FV3E9Qwm8kkOD6hbkNYXkg%3D%3D%7CMJJdmScXeWFhFQqasgwXjQ%3D%3D
08-22 17:16:38.811 D/mpv     (17565): [ffmpeg] v: Opening https://prod-1.storage.jamendo.com/?trackid=1593988&format=mp31&from=%2FV3E9Qwm8kkOD6hbkNYXkg%3D%3D%7CMJJdmScXeWFhFQqasgwXjQ%3D%3D
08-22 17:16:39.041 I/ReactNativeJS(17565): '[INFO]', '[PlaybackTrace][JS][resume:call]'
08-22 17:16:39.042 I/MpvBridgeModule(17565): [PlaybackTrace][Bridge][play] ptr=131217388352464
08-22 17:16:39.042 I/MpvJNI  (17565): [PlaybackTrace][Native][play] pause=no result=0
08-22 17:16:39.042 I/MpvBridgeModule(17565): [PlaybackTrace][Bridge][play] nativePlay returned
08-22 17:16:39.042 I/MpvEvent(17565): [PlaybackTrace][Native][eventLoop] event_id=2 error=0
08-22 17:16:39.042 I/MpvEvent(17565): [PlaybackTrace][Native][mpv-log] prefix=cplayer level=v text=Set property: pause="no" -> 1
08-22 17:16:39.042 D/mpv     (17565): [cplayer] v: Set property: pause="no" -> 1
08-22 17:16:39.302 I/MpvJNI  (17565): [PlaybackTrace][Native][getPosition] result=-10 position=0.000000
08-22 17:16:39.302 D/MpvBridgeModule(17565): [PlaybackTrace][Bridge][getPosition] ptr=131217388352464 position=0.0
08-22 17:16:39.302 I/MpvJNI  (17565): [PlaybackTrace][Native][getDuration] result=-10 duration=0.000000
08-22 17:16:39.302 D/MpvBridgeModule(17565): [PlaybackTrace][Bridge][getDuration] ptr=131217388352464 duration=0.0
08-22 17:16:39.302 D/MpvBridgeModule(17565): [PlaybackTrace][Bridge][getPlaybackState] ptr=131217388352464 state=playing idle=false eof=false pause=false
08-22 17:16:39.721 I/MpvEvent(17565): [PlaybackTrace][Native][eventLoop] event_id=2 error=0
08-22 17:16:39.722 I/MpvEvent(17565): [PlaybackTrace][Native][mpv-log] prefix=ffmpeg level=v text=Mime-type: 'audio/mpeg'
08-22 17:16:39.722 D/mpv     (17565): [ffmpeg] v: Mime-type: 'audio/mpeg'
08-22 17:16:39.722 I/MpvEvent(17565): [PlaybackTrace][Native][eventLoop] event_id=2 error=0
08-22 17:16:39.722 I/MpvEvent(17565): [PlaybackTrace][Native][mpv-log] prefix=demux level=v text=Trying demuxers for level=normal.
08-22 17:16:39.753 I/MpvJNI  (17565): [PlaybackTrace][Native][getPosition] result=-10 position=0.000000
08-22 17:16:39.753 D/MpvBridgeModule(17565): [PlaybackTrace][Bridge][getPosition] ptr=131217388352464 position=0.0
08-22 17:16:39.754 I/MpvJNI  (17565): [PlaybackTrace][Native][getDuration] result=-10 duration=0.000000
08-22 17:16:39.754 D/MpvBridgeModule(17565): [PlaybackTrace][Bridge][getDuration] ptr=131217388352464 duration=0.0
08-22 17:16:39.756 D/MpvBridgeModule(17565): [PlaybackTrace][Bridge][getPlaybackState] ptr=131217388352464 state=playing idle=false eof=false pause=false
08-22 17:16:39.756 I/MpvEvent(17565): [PlaybackTrace][Native][eventLoop] event_id=2 error=0
08-22 17:16:39.757 I/MpvEvent(17565): [PlaybackTrace][Native][mpv-log] prefix=lavf level=v text=Found 'mp3' at score=24 size=2048.
08-22 17:16:39.897 I/MpvEvent(17565): [PlaybackTrace][Native][eventLoop] event_id=2 error=0
08-22 17:16:39.897 I/MpvEvent(17565): [PlaybackTrace][Native][mpv-log] prefix=lavf level=v text=avformat_find_stream_info() finished after 32275 bytes.
08-22 17:16:39.897 I/MpvEvent(17565): [PlaybackTrace][Native][eventLoop] event_id=2 error=0
08-22 17:16:39.897 I/MpvEvent(17565): [PlaybackTrace][Native][mpv-log] prefix=lavf level=v text=Assuming this is an image format.
08-22 17:16:39.897 I/MpvEvent(17565): [PlaybackTrace][Native][eventLoop] event_id=2 error=0
08-22 17:16:39.897 I/MpvEvent(17565): [PlaybackTrace][Native][mpv-log] prefix=demux level=v text=Detected file format: mp3 (libavformat)
08-22 17:16:39.897 I/MpvEvent(17565): [PlaybackTrace][Native][eventLoop] event_id=2 error=0
08-22 17:16:39.897 I/MpvEvent(17565): [PlaybackTrace][Native][mpv-log] prefix=cplayer level=v text=Opening done: https://prod-1.storage.jamendo.com/?trackid=1593988&format=mp31&from=%2FV3E9Qwm8kkOD6hbkNYXkg%3D%3D%7CMJJdmScXeWFhFQqasgwXjQ%3D%3D
08-22 17:16:39.897 D/mpv     (17565): [cplayer] v: Opening done: https://prod-1.storage.jamendo.com/?trackid=1593988&format=mp31&from=%2FV3E9Qwm8kkOD6hbkNYXkg%3D%3D%7CMJJdmScXeWFhFQqasgwXjQ%3D%3D
08-22 17:16:39.898 I/MpvEvent(17565): [PlaybackTrace][Native][eventLoop] event_id=22 error=0
08-22 17:16:39.898 I/MpvEvent(17565): [PlaybackTrace][Native][property] name=cache-buffering-state format=6 value=null
08-22 17:16:39.900 I/MpvEvent(17565): [PlaybackTrace][Native][dispatch:property] name=cache-buffering-state value=null
08-22 17:16:39.903 D/MPVLib  (17565): onNativePropertyChanged: cache-buffering-state = null
08-22 17:16:39.903 I/MpvBridgeModule(17565): [PlaybackTrace][Bridge][listener:property] name=cache-buffering-state value=null
08-22 17:16:39.909 I/MpvEvent(17565): [PlaybackTrace][Native][eventLoop] event_id=18 error=0
08-22 17:16:39.911 I/MpvEvent(17565): [PlaybackTrace][Native][eventLoop] MPV_EVENT_AUDIO_RECONFIG
08-22 17:16:39.911 I/MpvEvent(17565): [PlaybackTrace][Native][dispatch:event] name=audioReconfig payload={}
08-22 17:16:39.912 I/MpvBridgeModule(17565): [PlaybackTrace][Bridge][listener:event] name=audioReconfig payload={}
08-22 17:16:39.913 I/MpvEvent(17565): [PlaybackTrace][Native][eventLoop] event_id=18 error=0
08-22 17:16:39.913 I/MpvEvent(17565): [PlaybackTrace][Native][eventLoop] MPV_EVENT_AUDIO_RECONFIG
08-22 17:16:39.914 I/MpvEvent(17565): [PlaybackTrace][Native][dispatch:event] name=audioReconfig payload={}
08-22 17:16:39.915 I/MpvBridgeModule(17565): [PlaybackTrace][Bridge][listener:event] name=audioReconfig payload={}
08-22 17:16:39.916 I/MpvEvent(17565): [PlaybackTrace][Native][eventLoop] event_id=8 error=0
08-22 17:16:39.917 I/MpvEvent(17565): MPV_EVENT_FILE_LOADED
08-22 17:16:39.917 I/MpvEvent(17565): [PlaybackTrace][Native][dispatch:event] name=fileLoaded payload={}
08-22 17:16:39.918 D/MPVLib  (17565): onNativeEvent: fileLoaded {}
08-22 17:16:39.918 I/MpvBridgeModule(17565): [PlaybackTrace][Bridge][listener:event] name=fileLoaded payload={}
08-22 17:16:39.919 I/MpvEvent(17565): [PlaybackTrace][Native][eventLoop] event_id=22 error=0
08-22 17:16:39.919 I/MpvEvent(17565): [PlaybackTrace][Native][property] name=seekable format=6 value=null
08-22 17:16:39.919 I/MpvEvent(17565): [PlaybackTrace][Native][dispatch:property] name=seekable value=null
08-22 17:16:39.919 I/MpvBridgeModule(17565): [PlaybackTrace][Bridge][listener:property] name=seekable value=null
08-22 17:16:39.920 I/ReactNativeJS(17565): '[INFO]', '[PlaybackTrace][Controller][event:onFileLoaded]', { fileUri: 'https://prod-1.storage.jamendo.com/?trackid=1593988&format=mp31&from=%2FV3E9Qwm8kkOD6hbkNYXkg%3D%3D%7CMJJdmScXeWFhFQqasgwXjQ%3D%3D',
08-22 17:16:39.921 I/MpvEvent(17565): [PlaybackTrace][Native][eventLoop] event_id=2 error=0
08-22 17:16:39.921 I/MpvEvent(17565): [PlaybackTrace][Native][mpv-log] prefix=cplayer level=v text=Running hook: ytdl_hook/on_preloaded
08-22 17:16:39.921 D/mpv     (17565): [cplayer] v: Running hook: ytdl_hook/on_preloaded
08-22 17:16:39.921 I/MpvEvent(17565): [PlaybackTrace][Native][eventLoop] event_id=2 error=0
08-22 17:16:39.921 I/MpvEvent(17565): [PlaybackTrace][Native][mpv-log] prefix=lavf level=v text=select track 1
08-22 17:16:39.921 I/MpvEvent(17565): [PlaybackTrace][Native][eventLoop] event_id=2 error=0
08-22 17:16:39.921 I/MpvEvent(17565): [PlaybackTrace][Native][mpv-log] prefix=lavf level=v text=select track 0
08-22 17:16:39.921 I/MpvEvent(17565): [PlaybackTrace][Native][eventLoop] event_id=2 error=0
08-22 17:16:39.921 I/MpvEvent(17565): [PlaybackTrace][Native][mpv-log] prefix=cplayer level=info text=ΓùÅ Image  --vid=1  'Cover Image' (mjpeg [Baseline] 400x400)
08-22 17:16:39.921 D/mpv     (17565): [cplayer] info: ΓùÅ Image  --vid=1  'Cover Image' (mjpeg [Baseline] 400x400)
08-22 17:16:39.921 I/MpvEvent(17565): [PlaybackTrace][Native][eventLoop] event_id=2 error=0
08-22 17:16:39.921 I/MpvEvent(17565): [PlaybackTrace][Native][mpv-log] prefix=cplayer level=info text=ΓùÅ Audio  --aid=1  (mp3 2ch 44100 Hz 96 kbps)
08-22 17:16:39.922 D/mpv     (17565): [cplayer] info: ΓùÅ Audio  --aid=1  (mp3 2ch 44100 Hz 96 kbps)
08-22 17:16:39.922 I/MpvEvent(17565): [PlaybackTrace][Native][eventLoop] event_id=2 error=0
08-22 17:16:39.922 I/MpvEvent(17565): [PlaybackTrace][Native][mpv-log] prefix=display-tags level=info text=File tags:
08-22 17:16:39.922 I/MpvEvent(17565): [PlaybackTrace][Native][eventLoop] event_id=2 error=0
08-22 17:16:39.922 I/MpvEvent(17565): [PlaybackTrace][Native][mpv-log] prefix=display-tags level=info text= Artist: Joystock
08-22 17:16:39.922 I/MpvEvent(17565): [PlaybackTrace][Native][eventLoop] event_id=2 error=0
08-22 17:16:39.922 I/MpvEvent(17565): [PlaybackTrace][Native][mpv-log] prefix=display-tags level=info text= Comment: http://www.jamendo.com cc_standard
08-22 17:16:39.922 I/MpvEvent(17565): [PlaybackTrace][Native][eventLoop] event_id=2 error=0
08-22 17:16:39.922 I/MpvEvent(17565): [PlaybackTrace][Native][mpv-log] prefix=display-tags level=info text= Composer: Joystock
08-22 17:16:39.922 I/MpvEvent(17565): [PlaybackTrace][Native][eventLoop] event_id=2 error=0
08-22 17:16:39.922 I/MpvEvent(17565): [PlaybackTrace][Native][mpv-log] prefix=display-tags level=info text= Date: 2018
08-22 17:16:39.922 I/MpvEvent(17565): [PlaybackTrace][Native][eventLoop] event_id=2 error=0
08-22 17:16:39.922 I/MpvEvent(17565): [PlaybackTrace][Native][mpv-log] prefix=display-tags level=info text= Genre: chillhop
08-22 17:16:39.922 I/MpvEvent(17565): [PlaybackTrace][Native][eventLoop] event_id=2 error=0
08-22 17:16:39.922 I/MpvEvent(17565): [PlaybackTrace][Native][mpv-log] prefix=display-tags level=info text= Title: Lofi Chillout Hip Hop Beat
08-22 17:16:39.922 I/MpvEvent(17565): [PlaybackTrace][Native][eventLoop] event_id=2 error=0
08-22 17:16:39.922 I/MpvEvent(17565): [PlaybackTrace][Native][mpv-log] prefix=display-tags level=info text= Track: 62
08-22 17:16:39.922 I/MpvEvent(17565): [PlaybackTrace][Native][eventLoop] event_id=2 error=0
08-22 17:16:39.922 I/MpvEvent(17565): [PlaybackTrace][Native][mpv-log] prefix=vd level=v text=Container reported FPS: 1.000000
08-22 17:16:39.922 I/MpvEvent(17565): [PlaybackTrace][Native][eventLoop] event_id=2 error=0
08-22 17:16:39.922 I/MpvEvent(17565): [PlaybackTrace][Native][mpv-log] prefix=vd level=v text=Codec list:
08-22 17:16:39.922 I/MpvEvent(17565): [PlaybackTrace][Native][eventLoop] event_id=2 error=0
08-22 17:16:39.922 I/MpvEvent(17565): [PlaybackTrace][Native][mpv-log] prefix=vd level=v text=    mjpeg - MJPEG (Motion JPEG)
08-22 17:16:39.922 I/MpvEvent(17565): [PlaybackTrace][Native][eventLoop] event_id=2 error=0
08-22 17:16:39.922 I/MpvEvent(17565): [PlaybackTrace][Native][mpv-log] prefix=vd level=v text=Opening decoder mjpeg
08-22 17:16:39.922 I/MpvEvent(17565): [PlaybackTrace][Native][eventLoop] event_id=2 error=0
08-22 17:16:39.922 I/MpvEvent(17565): [PlaybackTrace][Native][mpv-log] prefix=vd level=v text=Not trying to use hardware decoding: codec mjpeg is not on whitelist.
08-22 17:16:39.922 I/MpvEvent(17565): [PlaybackTrace][Native][eventLoop] event_id=2 error=0
08-22 17:16:39.922 I/MpvEvent(17565): [PlaybackTrace][Native][mpv-log] prefix=vd level=v text=Using software decoding.
08-22 17:16:39.922 I/MpvEvent(17565): [PlaybackTrace][Native][eventLoop] event_id=2 error=0
08-22 17:16:39.922 I/MpvEvent(17565): [PlaybackTrace][Native][mpv-log] prefix=vd level=v text=Detected 4 logical cores.
08-22 17:16:39.922 I/MpvEvent(17565): [PlaybackTrace][Native][eventLoop] event_id=2 error=0
08-22 17:16:39.922 I/MpvEvent(17565): [PlaybackTrace][Native][mpv-log] prefix=vd level=v text=Requesting 5 threads for decoding.
08-22 17:16:39.923 I/MpvEvent(17565): [PlaybackTrace][Native][eventLoop] event_id=2 error=0
08-22 17:16:39.923 I/MpvEvent(17565): [PlaybackTrace][Native][mpv-log] prefix=vd level=v text=Selected decoder: mjpeg - MJPEG (Motion JPEG)
08-22 17:16:39.923 I/MpvEvent(17565): [PlaybackTrace][Native][eventLoop] event_id=2 error=0
08-22 17:16:39.923 I/MpvEvent(17565): [PlaybackTrace][Native][mpv-log] prefix=vf level=v text=User filter list:
08-22 17:16:39.923 I/MpvEvent(17565): [PlaybackTrace][Native][eventLoop] event_id=2 error=0
08-22 17:16:39.923 I/MpvEvent(17565): [PlaybackTrace][Native][mpv-log] prefix=vf level=v text=  (empty)
08-22 17:16:39.923 I/MpvEvent(17565): [PlaybackTrace][Native][eventLoop] event_id=2 error=0
08-22 17:16:39.923 I/MpvEvent(17565): [PlaybackTrace][Native][mpv-log] prefix=ad level=v text=Codec list:
08-22 17:16:39.923 I/MpvEvent(17565): [PlaybackTrace][Native][eventLoop] event_id=2 error=0
08-22 17:16:39.923 I/MpvEvent(17565): [PlaybackTrace][Native][mpv-log] prefix=ad level=v text=    mp3float (mp3) - MP3 (MPEG audio layer 3)
08-22 17:16:39.923 I/MpvEvent(17565): [PlaybackTrace][Native][eventLoop] event_id=2 error=0
08-22 17:16:39.923 I/MpvEvent(17565): [PlaybackTrace][Native][mpv-log] prefix=ad level=v text=    mp3 - MP3 (MPEG audio layer 3)
08-22 17:16:39.923 I/MpvEvent(17565): [PlaybackTrace][Native][eventLoop] event_id=2 error=0
08-22 17:16:39.923 I/MpvEvent(17565): [PlaybackTrace][Native][mpv-log] prefix=ad level=v text=    mp3_mediacodec (mp3) - MP3 Android MediaCodec decoder
08-22 17:16:39.923 I/MpvEvent(17565): [PlaybackTrace][Native][eventLoop] event_id=2 error=0
08-22 17:16:39.923 I/MpvEvent(17565): [PlaybackTrace][Native][mpv-log] prefix=ad level=v text=Opening decoder mp3float
08-22 17:16:39.923 I/MpvEvent(17565): [PlaybackTrace][Native][eventLoop] event_id=2 error=0
08-22 17:16:39.923 I/MpvEvent(17565): [PlaybackTrace][Native][mpv-log] prefix=ad level=v text=Requesting 1 threads for decoding.
08-22 17:16:39.923 I/MpvEvent(17565): [PlaybackTrace][Native][eventLoop] event_id=2 error=0
08-22 17:16:39.923 I/MpvEvent(17565): [PlaybackTrace][Native][mpv-log] prefix=ad level=v text=Selected decoder: mp3float - MP3 (MPEG audio layer 3)
08-22 17:16:39.923 I/MpvEvent(17565): [PlaybackTrace][Native][eventLoop] event_id=2 error=0
08-22 17:16:39.923 I/MpvEvent(17565): [PlaybackTrace][Native][mpv-log] prefix=af level=v text=User filter list:
08-22 17:16:39.923 I/MpvEvent(17565): [PlaybackTrace][Native][eventLoop] event_id=2 error=0
08-22 17:16:39.923 I/MpvEvent(17565): [PlaybackTrace][Native][mpv-log] prefix=af level=v text=  (empty)
08-22 17:16:39.923 I/MpvEvent(17565): [PlaybackTrace][Native][eventLoop] event_id=2 error=0
08-22 17:16:39.923 I/MpvEvent(17565): [PlaybackTrace][Native][mpv-log] prefix=cplayer level=info text=Displaying cover art. Use --no-audio-display to prevent this.
08-22 17:16:39.923 D/mpv     (17565): [cplayer] info: Displaying cover art. Use --no-audio-display to prevent this.
08-22 17:16:39.923 I/MpvEvent(17565): [PlaybackTrace][Native][eventLoop] event_id=2 error=0
08-22 17:16:39.923 I/MpvEvent(17565): [PlaybackTrace][Native][mpv-log] prefix=cplayer level=v text=Starting playback...
08-22 17:16:39.923 D/mpv     (17565): [cplayer] v: Starting playback...
08-22 17:16:39.923 I/MpvEvent(17565): [PlaybackTrace][Native][eventLoop] event_id=2 error=0
08-22 17:16:39.923 I/MpvEvent(17565): [PlaybackTrace][Native][mpv-log] prefix=vd level=v text=DR failed - disabling.
08-22 17:16:39.923 I/MpvEvent(17565): [PlaybackTrace][Native][eventLoop] event_id=2 error=0
08-22 17:16:39.923 I/MpvEvent(17565): [PlaybackTrace][Native][mpv-log] prefix=ffmpeg/video level=error text=mjpeg: overread 8
08-22 17:16:39.923 E/MpvEvent(17565): [PlaybackTrace][Native][dispatch:error] code=-1 message=mjpeg: overread 8
08-22 17:16:39.924 E/MpvBridgeModule(17565): [PlaybackTrace][Bridge][listener:error] code=-1 message=mjpeg: overread 8
08-22 17:16:39.925 I/MpvEvent(17565): [PlaybackTrace][Native][eventLoop] event_id=2 error=0
08-22 17:16:39.925 I/MpvEvent(17565): [PlaybackTrace][Native][mpv-log] prefix=ffmpeg/video level=warn text=mjpeg: EOI missing, emulating
08-22 17:16:39.925 I/MpvEvent(17565): [PlaybackTrace][Native][eventLoop] event_id=2 error=0
08-22 17:16:39.925 I/MpvEvent(17565): [PlaybackTrace][Native][mpv-log] prefix=vd level=v text=Using software decoding.
08-22 17:16:39.925 I/MpvEvent(17565): [PlaybackTrace][Native][eventLoop] event_id=2 error=0
08-22 17:16:39.925 I/MpvEvent(17565): [PlaybackTrace][Native][mpv-log] prefix=vd level=v text=Decoder format: 400x400 yuv420p bt.601/auto/auto/full/auto CL=mpeg1/jpeg crop=400x400+0+0 A=none
08-22 17:16:39.925 I/MpvEvent(17565): [PlaybackTrace][Native][eventLoop] event_id=2 error=0
08-22 17:16:39.925 I/MpvEvent(17565): [PlaybackTrace][Native][mpv-log] prefix=vf level=v text=[in] 400x400 yuv420p bt.601/bt.709/srgb/full/display CL=mpeg1/jpeg crop=400x400+0+0 A=none
08-22 17:16:39.926 I/MpvEvent(17565): [PlaybackTrace][Native][eventLoop] event_id=2 error=0
08-22 17:16:39.926 I/MpvEvent(17565): [PlaybackTrace][Native][mpv-log] prefix=vf level=v text=[userdeint] 400x400 yuv420p bt.601/bt.709/srgb/full/display CL=mpeg1/jpeg crop=400x400+0+0 A=none
08-22 17:16:39.926 I/MpvEvent(17565): [PlaybackTrace][Native][eventLoop] event_id=2 error=0
08-22 17:16:39.926 I/MpvEvent(17565): [PlaybackTrace][Native][mpv-log] prefix=vf level=v text=[userdeint] (disabled)
08-22 17:16:39.926 I/MpvEvent(17565): [PlaybackTrace][Native][eventLoop] event_id=2 error=0
08-22 17:16:39.926 I/MpvEvent(17565): [PlaybackTrace][Native][mpv-log] prefix=vf level=v text=[autovflip] 400x400 yuv420p bt.601/bt.709/srgb/full/display CL=mpeg1/jpeg crop=400x400+0+0 A=none
08-22 17:16:39.926 I/MpvEvent(17565): [PlaybackTrace][Native][eventLoop] event_id=2 error=0
08-22 17:16:39.926 I/MpvEvent(17565): [PlaybackTrace][Native][mpv-log] prefix=vf level=v text=[autovflip] (disabled)
08-22 17:16:39.926 I/MpvEvent(17565): [PlaybackTrace][Native][eventLoop] event_id=2 error=0
08-22 17:16:39.926 I/MpvEvent(17565): [PlaybackTrace][Native][mpv-log] prefix=vf level=v text=[autorotate] 400x400 yuv420p bt.601/bt.709/srgb/full/display CL=mpeg1/jpeg crop=400x400+0+0 A=none
08-22 17:16:39.926 I/MpvEvent(17565): [PlaybackTrace][Native][eventLoop] event_id=2 error=0
08-22 17:16:39.926 I/MpvEvent(17565): [PlaybackTrace][Native][mpv-log] prefix=vf level=v text=[autorotate] (disabled)
08-22 17:16:39.926 I/MpvEvent(17565): [PlaybackTrace][Native][eventLoop] event_id=2 error=0
08-22 17:16:39.926 I/MpvEvent(17565): [PlaybackTrace][Native][mpv-log] prefix=vf level=v text=[convert] 400x400 yuv420p bt.601/bt.709/srgb/full/display CL=mpeg1/jpeg crop=400x400+0+0 A=none
08-22 17:16:39.926 I/MpvEvent(17565): [PlaybackTrace][Native][eventLoop] event_id=2 error=0
08-22 17:16:39.926 I/MpvEvent(17565): [PlaybackTrace][Native][mpv-log] prefix=vf level=v text=[convert] (disabled)
08-22 17:16:39.926 I/MpvEvent(17565): [PlaybackTrace][Native][eventLoop] event_id=2 error=0
08-22 17:16:39.926 I/MpvEvent(17565): [PlaybackTrace][Native][mpv-log] prefix=vf level=v text=[out] 400x400 yuv420p bt.601/bt.709/srgb/full/display CL=mpeg1/jpeg crop=400x400+0+0 A=none
08-22 17:16:39.926 I/MpvEvent(17565): [PlaybackTrace][Native][eventLoop] event_id=2 error=0
08-22 17:16:39.926 I/MpvEvent(17565): [PlaybackTrace][Native][mpv-log] prefix=af level=v text=[in] 44100Hz stereo 2ch floatp
08-22 17:16:39.927 I/MpvEvent(17565): [PlaybackTrace][Native][eventLoop] event_id=2 error=0
08-22 17:16:39.927 I/MpvEvent(17565): [PlaybackTrace][Native][mpv-log] prefix=af level=v text=[userspeed] 44100Hz stereo 2ch floatp
08-22 17:16:39.928 I/MpvEvent(17565): [PlaybackTrace][Native][eventLoop] event_id=2 error=0
08-22 17:16:39.928 I/MpvEvent(17565): [PlaybackTrace][Native][mpv-log] prefix=af level=v text=[userspeed] (disabled)
08-22 17:16:39.928 I/MpvEvent(17565): [PlaybackTrace][Native][eventLoop] event_id=2 error=0
08-22 17:16:39.928 I/MpvEvent(17565): [PlaybackTrace][Native][mpv-log] prefix=af level=v text=[convert] 44100Hz stereo 2ch floatp
08-22 17:16:39.928 I/MpvEvent(17565): [PlaybackTrace][Native][eventLoop] event_id=2 error=0
08-22 17:16:39.928 I/MpvEvent(17565): [PlaybackTrace][Native][mpv-log] prefix=cplayer level=v text=first video frame after restart shown
08-22 17:16:39.928 D/mpv     (17565): [cplayer] v: first video frame after restart shown
08-22 17:16:39.928 I/MpvEvent(17565): [PlaybackTrace][Native][eventLoop] event_id=2 error=0
08-22 17:16:39.928 I/MpvEvent(17565): [PlaybackTrace][Native][mpv-log] prefix=ao level=v text=Trying audio driver 'audiotrack'
08-22 17:16:39.928 I/MpvEvent(17565): [PlaybackTrace][Native][eventLoop] event_id=2 error=0
08-22 17:16:39.928 I/MpvEvent(17565): [PlaybackTrace][Native][mpv-log] prefix=ao/audiotrack level=v text=requested format: 44100 Hz, stereo channels, floatp
08-22 17:16:39.929 D/mpv     (17565): [ao/audiotrack] v: requested format: 44100 Hz, stereo channels, floatp
08-22 17:16:39.929 I/MpvEvent(17565): [PlaybackTrace][Native][eventLoop] event_id=2 error=0
08-22 17:16:39.929 I/MpvEvent(17565): [PlaybackTrace][Native][mpv-log] prefix=ao/audiotrack level=v text=AudioTrack.nativeOutputSampleRate = 48000
08-22 17:16:39.929 D/mpv     (17565): [ao/audiotrack] v: AudioTrack.nativeOutputSampleRate = 48000
08-22 17:16:39.929 I/MpvEvent(17565): [PlaybackTrace][Native][eventLoop] event_id=2 error=0
08-22 17:16:39.929 I/MpvEvent(17565): [PlaybackTrace][Native][mpv-log] prefix=ao/audiotrack level=v text=Channel layouts:
08-22 17:16:39.929 D/mpv     (17565): [ao/audiotrack] v: Channel layouts:
08-22 17:16:39.929 I/MpvEvent(17565): [PlaybackTrace][Native][eventLoop] event_id=2 error=0
08-22 17:16:39.929 I/MpvEvent(17565): [PlaybackTrace][Native][mpv-log] prefix=ao/audiotrack level=v text= - mono
08-22 17:16:39.929 D/mpv     (17565): [ao/audiotrack] v:  - mono
08-22 17:16:39.929 I/MpvEvent(17565): [PlaybackTrace][Native][eventLoop] event_id=2 error=0
08-22 17:16:39.930 I/MpvEvent(17565): [PlaybackTrace][Native][mpv-log] prefix=ao/audiotrack level=v text= - stereo
08-22 17:16:39.930 D/mpv     (17565): [ao/audiotrack] v:  - stereo
08-22 17:16:39.930 I/MpvEvent(17565): [PlaybackTrace][Native][eventLoop] event_id=2 error=0
08-22 17:16:39.930 I/MpvEvent(17565): [PlaybackTrace][Native][mpv-log] prefix=ao/audiotrack level=v text= - 3.0
08-22 17:16:39.930 D/mpv     (17565): [ao/audiotrack] v:  - 3.0
08-22 17:16:39.930 I/MpvEvent(17565): [PlaybackTrace][Native][eventLoop] event_id=2 error=0
08-22 17:16:39.930 I/MpvEvent(17565): [PlaybackTrace][Native][mpv-log] prefix=ao/audiotrack level=v text= - quad
08-22 17:16:39.930 D/mpv     (17565): [ao/audiotrack] v:  - quad
08-22 17:16:39.932 I/MpvEvent(17565): [PlaybackTrace][Native][eventLoop] event_id=2 error=0
08-22 17:16:39.933 I/MpvEvent(17565): [PlaybackTrace][Native][mpv-log] prefix=ao/audiotrack level=v text= - 5.0
08-22 17:16:39.933 D/mpv     (17565): [ao/audiotrack] v:  - 5.0
08-22 17:16:39.934 I/MpvEvent(17565): [PlaybackTrace][Native][eventLoop] event_id=2 error=0
08-22 17:16:39.934 I/MpvEvent(17565): [PlaybackTrace][Native][mpv-log] prefix=ao/audiotrack level=v text= - 5.1
08-22 17:16:39.934 D/mpv     (17565): [ao/audiotrack] v:  - 5.1
08-22 17:16:39.934 I/MpvEvent(17565): [PlaybackTrace][Native][eventLoop] event_id=2 error=0
08-22 17:16:39.934 I/MpvEvent(17565): [PlaybackTrace][Native][mpv-log] prefix=ao/audiotrack level=v text= - 6.1(back)
08-22 17:16:39.934 D/mpv     (17565): [ao/audiotrack] v:  - 6.1(back)
08-22 17:16:39.934 I/MpvEvent(17565): [PlaybackTrace][Native][eventLoop] event_id=2 error=0
08-22 17:16:39.934 I/MpvEvent(17565): [PlaybackTrace][Native][mpv-log] prefix=ao/audiotrack level=v text= - 7.1
08-22 17:16:39.934 D/mpv     (17565): [ao/audiotrack] v:  - 7.1
08-22 17:16:39.934 I/MpvEvent(17565): [PlaybackTrace][Native][eventLoop] event_id=2 error=0
08-22 17:16:39.934 I/MpvEvent(17565): [PlaybackTrace][Native][mpv-log] prefix=ao/audiotrack level=v text=result: stereo
08-22 17:16:39.934 D/mpv     (17565): [ao/audiotrack] v: result: stereo
08-22 17:16:39.934 I/MpvEvent(17565): [PlaybackTrace][Native][eventLoop] event_id=2 error=0
08-22 17:16:39.934 I/MpvEvent(17565): [PlaybackTrace][Native][mpv-log] prefix=ao/audiotrack level=v text=Setting bufferSize = 52920 (driver=32096, min=26460, max=52920)
08-22 17:16:39.934 D/mpv     (17565): [ao/audiotrack] v: Setting bufferSize = 52920 (driver=32096, min=26460, max=52920)
08-22 17:16:39.934 I/MpvEvent(17565): [PlaybackTrace][Native][eventLoop] event_id=2 error=0
08-22 17:16:39.934 I/MpvEvent(17565): [PlaybackTrace][Native][mpv-log] prefix=ao/audiotrack level=v text=Using NIO ByteBuffer
08-22 17:16:39.934 D/mpv     (17565): [ao/audiotrack] v: Using NIO ByteBuffer
08-22 17:16:39.934 I/MpvEvent(17565): [PlaybackTrace][Native][eventLoop] event_id=2 error=0
08-22 17:16:39.934 I/MpvEvent(17565): [PlaybackTrace][Native][mpv-log] prefix=ao/audiotrack level=v text=Using API21 initializer
08-22 17:16:39.934 D/mpv     (17565): [ao/audiotrack] v: Using API21 initializer
08-22 17:16:39.957 I/MpvEvent(17565): [PlaybackTrace][Native][eventLoop] event_id=2 error=0
08-22 17:16:39.957 I/MpvEvent(17565): [PlaybackTrace][Native][mpv-log] prefix=ao/audiotrack level=v text=AudioTrack.getBufferSizeInFrames = 6615
08-22 17:16:39.957 D/mpv     (17565): [ao/audiotrack] v: AudioTrack.getBufferSizeInFrames = 6615
08-22 17:16:39.958 I/MpvEvent(17565): [PlaybackTrace][Native][eventLoop] event_id=2 error=0
08-22 17:16:39.958 I/MpvEvent(17565): [PlaybackTrace][Native][mpv-log] prefix=ao/audiotrack level=v text=device buffer: 6615 samples.
08-22 17:16:39.958 D/mpv     (17565): [ao/audiotrack] v: device buffer: 6615 samples.
08-22 17:16:39.958 I/MpvEvent(17565): [PlaybackTrace][Native][eventLoop] event_id=2 error=0
08-22 17:16:39.958 I/MpvEvent(17565): [PlaybackTrace][Native][mpv-log] prefix=ao/audiotrack level=v text=using soft-buffer of 8820 samples.
08-22 17:16:39.958 D/mpv     (17565): [ao/audiotrack] v: using soft-buffer of 8820 samples.
08-22 17:16:39.958 I/MpvEvent(17565): [PlaybackTrace][Native][eventLoop] event_id=2 error=0
08-22 17:16:39.958 I/MpvEvent(17565): [PlaybackTrace][Native][mpv-log] prefix=cplayer level=info text=AO: [audiotrack] 44100Hz stereo 2ch float
08-22 17:16:39.958 D/mpv     (17565): [cplayer] info: AO: [audiotrack] 44100Hz stereo 2ch float
08-22 17:16:39.959 I/MpvEvent(17565): [PlaybackTrace][Native][eventLoop] event_id=2 error=0
08-22 17:16:39.959 I/MpvEvent(17565): [PlaybackTrace][Native][mpv-log] prefix=cplayer level=v text=AO: Description: Android AudioTrack audio output
08-22 17:16:39.959 D/mpv     (17565): [cplayer] v: AO: Description: Android AudioTrack audio output
08-22 17:16:39.964 I/MpvEvent(17565): [PlaybackTrace][Native][eventLoop] event_id=18 error=0
08-22 17:16:39.964 I/MpvEvent(17565): [PlaybackTrace][Native][eventLoop] MPV_EVENT_AUDIO_RECONFIG
08-22 17:16:39.964 I/MpvEvent(17565): [PlaybackTrace][Native][dispatch:event] name=audioReconfig payload={}
08-22 17:16:39.964 I/MpvBridgeModule(17565): [PlaybackTrace][Bridge][listener:event] name=audioReconfig payload={}
08-22 17:16:39.965 I/MpvEvent(17565): [PlaybackTrace][Native][eventLoop] event_id=17 error=0
08-22 17:16:39.965 I/MpvEvent(17565): MPV_EVENT_VIDEO_RECONFIG
08-22 17:16:39.966 I/MpvEvent(17565): [PlaybackTrace][Native][dispatch:event] name=videoReconfig payload={}
08-22 17:16:39.966 I/MpvBridgeModule(17565): [PlaybackTrace][Bridge][listener:event] name=videoReconfig payload={}
08-22 17:16:39.966 I/MpvEvent(17565): [PlaybackTrace][Native][eventLoop] event_id=2 error=0
08-22 17:16:39.967 I/MpvEvent(17565): [PlaybackTrace][Native][mpv-log] prefix=autoconvert level=v text=inserting resampler
08-22 17:16:39.967 I/MpvEvent(17565): [PlaybackTrace][Native][eventLoop] event_id=2 error=0
08-22 17:16:39.967 I/MpvEvent(17565): [PlaybackTrace][Native][mpv-log] prefix=swresample level=v text=format change, reinitializing resampler
08-22 17:16:39.967 I/MpvEvent(17565): [PlaybackTrace][Native][eventLoop] event_id=2 error=0
08-22 17:16:39.967 I/MpvEvent(17565): [PlaybackTrace][Native][mpv-log] prefix=swresample level=v text=44100Hz stereo floatp -> 44100Hz stereo float
08-22 17:16:39.967 I/MpvEvent(17565): [PlaybackTrace][Native][eventLoop] event_id=2 error=0
08-22 17:16:39.967 I/MpvEvent(17565): [PlaybackTrace][Native][mpv-log] prefix=af level=v text=[out] 44100Hz stereo 2ch float
08-22 17:16:39.981 I/MpvEvent(17565): [PlaybackTrace][Native][eventLoop] event_id=22 error=0
08-22 17:16:39.981 I/MpvEvent(17565): [PlaybackTrace][Native][property] name=paused-for-cache format=6 value=null
08-22 17:16:39.981 I/MpvEvent(17565): [PlaybackTrace][Native][dispatch:property] name=paused-for-cache value=null
08-22 17:16:39.981 D/MPVLib  (17565): onNativePropertyChanged: paused-for-cache = null
08-22 17:16:39.982 I/MpvBridgeModule(17565): [PlaybackTrace][Bridge][listener:property] name=paused-for-cache value=null
08-22 17:16:39.991 I/MpvEvent(17565): [PlaybackTrace][Native][eventLoop] event_id=22 error=0
08-22 17:16:39.993 I/MpvEvent(17565): [PlaybackTrace][Native][property] name=demuxer-cache-state format=6 value=null
08-22 17:16:39.993 I/MpvEvent(17565): [PlaybackTrace][Native][dispatch:property] name=demuxer-cache-state value=null
08-22 17:16:39.993 I/MpvBridgeModule(17565): [PlaybackTrace][Bridge][listener:property] name=demuxer-cache-state value=null
08-22 17:16:39.998 I/MpvEvent(17565): [PlaybackTrace][Native][eventLoop] event_id=2 error=0
08-22 17:16:39.998 I/MpvEvent(17565): [PlaybackTrace][Native][mpv-log] prefix=cplayer level=v text=audio ready
08-22 17:16:39.998 D/mpv     (17565): [cplayer] v: audio ready
08-22 17:16:39.998 I/MpvEvent(17565): [PlaybackTrace][Native][eventLoop] event_id=2 error=0
08-22 17:16:39.998 I/MpvEvent(17565): [PlaybackTrace][Native][mpv-log] prefix=cplayer level=v text=starting audio playback
08-22 17:16:39.998 D/mpv     (17565): [cplayer] v: starting audio playback
08-22 17:16:40.009 I/MpvEvent(17565): [PlaybackTrace][Native][eventLoop] event_id=21 error=0
08-22 17:16:40.009 I/MpvEvent(17565): [PlaybackTrace][Native][eventLoop] MPV_EVENT_PLAYBACK_RESTART
08-22 17:16:40.009 I/MpvEvent(17565): [PlaybackTrace][Native][dispatch:event] name=playbackRestart payload={}
08-22 17:16:40.011 I/MpvBridgeModule(17565): [PlaybackTrace][Bridge][listener:event] name=playbackRestart payload={}
08-22 17:16:40.014 I/MpvEvent(17565): [PlaybackTrace][Native][eventLoop] event_id=2 error=0
08-22 17:16:40.014 I/MpvEvent(17565): [PlaybackTrace][Native][mpv-log] prefix=cplayer level=v text=playback restart complete @ 0.000001, audio=playing, video=eof
08-22 17:16:40.014 D/mpv     (17565): [cplayer] v: playback restart complete @ 0.000001, audio=playing, video=eof
08-22 17:16:40.024 I/MpvJNI  (17565): [PlaybackTrace][Native][getDuration] result=0 duration=149.696033
08-22 17:16:40.025 D/MpvBridgeModule(17565): [PlaybackTrace][Bridge][getDuration] ptr=131217388352464 duration=149.69603333333333
08-22 17:16:40.025 I/MpvEvent(17565): [PlaybackTrace][Native][eventLoop] event_id=2 error=0
08-22 17:16:40.025 I/MpvEvent(17565): [PlaybackTrace][Native][mpv-log] prefix=cplayer level=warn text=Audio device underrun detected.
08-22 17:16:40.025 D/mpv     (17565): [cplayer] warn: Audio device underrun detected.
08-22 17:16:40.025 I/MpvEvent(17565): [PlaybackTrace][Native][eventLoop] event_id=2 error=0
08-22 17:16:40.025 I/MpvEvent(17565): [PlaybackTrace][Native][mpv-log] prefix=cplayer level=v text=restarting audio after underrun
08-22 17:16:40.025 D/mpv     (17565): [cplayer] v: restarting audio after underrun
08-22 17:16:40.172 I/MpvEvent(17565): [PlaybackTrace][Native][eventLoop] event_id=22 error=0
08-22 17:16:40.172 I/MpvEvent(17565): [PlaybackTrace][Native][property] name=demuxer-cache-state format=6 value=null
08-22 17:16:40.172 I/MpvEvent(17565): [PlaybackTrace][Native][dispatch:property] name=demuxer-cache-state value=null
08-22 17:16:40.173 I/MpvBridgeModule(17565): [PlaybackTrace][Bridge][listener:property] name=demuxer-cache-state value=null
08-22 17:16:40.301 I/MpvJNI  (17565): [PlaybackTrace][Native][getDuration] result=0 duration=149.696033
08-22 17:16:40.301 D/MpvBridgeModule(17565): [PlaybackTrace][Bridge][getDuration] ptr=131217388352464 duration=149.69603333333333
08-22 17:16:40.421 I/MpvJNI  (17565): [PlaybackTrace][Native][getPosition] result=0 position=0.280260
08-22 17:16:40.421 D/MpvBridgeModule(17565): [PlaybackTrace][Bridge][getPosition] ptr=131217388352464 position=0.28026000709070253
08-22 17:16:40.421 I/MpvJNI  (17565): [PlaybackTrace][Native][getDuration] result=0 duration=149.696033
08-22 17:16:40.421 D/MpvBridgeModule(17565): [PlaybackTrace][Bridge][getDuration] ptr=131217388352464 duration=149.69603333333333
08-22 17:16:40.422 D/MpvBridgeModule(17565): [PlaybackTrace][Bridge][getPlaybackState] ptr=131217388352464 state=playing idle=false eof=false pause=false
08-22 17:16:40.423 I/MpvEvent(17565): [PlaybackTrace][Native][eventLoop] event_id=22 error=0
08-22 17:16:40.423 I/MpvEvent(17565): [PlaybackTrace][Native][property] name=demuxer-cache-state format=6 value=null
08-22 17:16:40.423 I/MpvEvent(17565): [PlaybackTrace][Native][dispatch:property] name=demuxer-cache-state value=null
08-22 17:16:40.423 I/ReactNativeJS(17565): '[INFO]', '[PlaybackTrace][Controller][loadAndResume:before]', { uri: 'https://prod-1.storage.jamendo.com/?trackid=1593988&format=mp31&from=%2FV3E9Qwm8kkOD6hbkNYXkg%3D%3D%7CMJJdmScXeWFhFQqasgwXjQ%3D%3D',
08-22 17:16:40.423 I/MpvBridgeModule(17565): [PlaybackTrace][Bridge][listener:property] name=demuxer-cache-state value=null
08-22 17:16:40.424 I/ReactNativeJS(17565): '[INFO]', '[PlaybackTrace][JS][loadFile:call]', { requestedPath: 'https://prod-1.storage.jamendo.com/?trackid=1593988&format=mp31&from=%2FV3E9Qwm8kkOD6hbkNYXkg%3D%3D%7CMJJdmScXeWFhFQqasgwXjQ%3D%3D',
08-22 17:16:40.425 I/MpvBridgeModule(17565): [PlaybackTrace][Bridge][loadFile] requested=https://prod-1.storage.jamendo.com/?trackid=1593988&format=mp31&from=%2FV3E9Qwm8kkOD6hbkNYXkg%3D%3D%7CMJJdmScXeWFhFQqasgwXjQ%3D%3D resolved=https://prod-1.storage.jamendo.com/?trackid=1593988&format=mp31&from=%2FV3E9Qwm8kkOD6hbkNYXkg%3D%3D%7CMJJdmScXeWFhFQqasgwXjQ%3D%3D ptr=131217388352464
08-22 17:16:40.425 I/MpvJNI  (17565): [PlaybackTrace][Native][loadFile] begin path=https://prod-1.storage.jamendo.com/?trackid=1593988&format=mp31&from=%2FV3E9Qwm8kkOD6hbkNYXkg%3D%3D%7CMJJdmScXeWFhFQqasgwXjQ%3D%3D initialized=1
08-22 17:16:40.425 I/ReactNativeJS(17565): '[INFO]', '[PlaybackTrace][JS][loadFile:return]', { resolvedPath: 'https://prod-1.storage.jamendo.com/?trackid=1593988&format=mp31&from=%2FV3E9Qwm8kkOD6hbkNYXkg%3D%3D%7CMJJdmScXeWFhFQqasgwXjQ%3D%3D' }
08-22 17:16:40.425 I/ReactNativeJS(17565): '[INFO]', '[PlaybackTrace][Controller][loadAndResume:loaded]', 'https://prod-1.storage.jamendo.com/?trackid=1593988&format=mp31&from=%2FV3E9Qwm8kkOD6hbkNYXkg%3D%3D%7CMJJdmScXeWFhFQqasgwXjQ%3D%3D'
08-22 17:16:40.426 I/ReactNativeJS(17565): '[INFO]', '[PlaybackTrace][JS][resume:call]'
08-22 17:16:40.426 I/MpvJNI  (17565): [PlaybackTrace][Native][loadFile] loadfile command accepted result=0
08-22 17:16:40.427 I/MpvBridgeModule(17565): [PlaybackTrace][Bridge][loadFile] nativeLoadFile returned
08-22 17:16:40.427 I/ReactNativeJS(17565): '[INFO]', '[PlaybackTrace][Controller][loadAndResume:resumed]', 'https://prod-1.storage.jamendo.com/?trackid=1593988&format=mp31&from=%2FV3E9Qwm8kkOD6hbkNYXkg%3D%3D%7CMJJdmScXeWFhFQqasgwXjQ%3D%3D'
08-22 17:16:40.427 I/MpvBridgeModule(17565): [PlaybackTrace][Bridge][play] ptr=131217388352464
08-22 17:16:40.427 I/MpvJNI  (17565): [PlaybackTrace][Native][play] pause=no result=0
08-22 17:16:40.427 I/MpvBridgeModule(17565): [PlaybackTrace][Bridge][play] nativePlay returned
08-22 17:16:40.427 I/MpvEvent(17565): [PlaybackTrace][Native][eventLoop] event_id=2 error=0
08-22 17:16:40.427 I/MpvEvent(17565): [PlaybackTrace][Native][mpv-log] prefix=cplayer level=v text=Set property: pause="no" -> 1
08-22 17:16:40.427 D/mpv     (17565): [cplayer] v: Set property: pause="no" -> 1
08-22 17:16:40.427 I/MpvEvent(17565): [PlaybackTrace][Native][eventLoop] event_id=2 error=0
08-22 17:16:40.427 I/MpvEvent(17565): [PlaybackTrace][Native][mpv-log] prefix=cplayer level=v text=EOF code: 3  
08-22 17:16:40.427 D/mpv     (17565): [cplayer] v: EOF code: 3  
08-22 17:16:40.438 I/MpvEvent(17565): [PlaybackTrace][Native][eventLoop] event_id=18 error=0
08-22 17:16:40.439 I/MpvEvent(17565): [PlaybackTrace][Native][eventLoop] MPV_EVENT_AUDIO_RECONFIG
08-22 17:16:40.439 I/MpvEvent(17565): [PlaybackTrace][Native][dispatch:event] name=audioReconfig payload={}
08-22 17:16:40.440 I/MpvBridgeModule(17565): [PlaybackTrace][Bridge][listener:event] name=audioReconfig payload={}
08-22 17:16:40.450 I/MpvEvent(17565): [PlaybackTrace][Native][eventLoop] event_id=17 error=0
08-22 17:16:40.451 I/MpvEvent(17565): MPV_EVENT_VIDEO_RECONFIG
08-22 17:16:40.452 I/MpvEvent(17565): [PlaybackTrace][Native][dispatch:event] name=videoReconfig payload={}
08-22 17:16:40.452 I/MpvBridgeModule(17565): [PlaybackTrace][Bridge][listener:event] name=videoReconfig payload={}
08-22 17:16:40.462 I/MpvEvent(17565): [PlaybackTrace][Native][eventLoop] event_id=18 error=0
08-22 17:16:40.462 I/MpvEvent(17565): [PlaybackTrace][Native][eventLoop] MPV_EVENT_AUDIO_RECONFIG
08-22 17:16:40.462 I/MpvEvent(17565): [PlaybackTrace][Native][dispatch:event] name=audioReconfig payload={}
08-22 17:16:40.462 I/MpvJNI  (17565): [PlaybackTrace][Native][getDuration] result=-10 duration=0.000000
08-22 17:16:40.462 D/MpvBridgeModule(17565): [PlaybackTrace][Bridge][getDuration] ptr=131217388352464 duration=0.0
08-22 17:16:40.462 I/MpvBridgeModule(17565): [PlaybackTrace][Bridge][listener:event] name=audioReconfig payload={}
08-22 17:16:40.549 I/MpvEvent(17565): [PlaybackTrace][Native][eventLoop] event_id=7 error=0
08-22 17:16:40.549 E/MpvEvent(17565): [PlaybackTrace][Native][eventLoop] MPV_EVENT_END_FILE reason=2 error=0
08-22 17:16:40.549 I/MpvEvent(17565): [PlaybackTrace][Native][dispatch:event] name=endFile payload={"reason":2,"error":0}
08-22 17:16:40.550 D/MPVLib  (17565): onNativeEvent: endFile {"reason":2,"error":0}
08-22 17:16:40.550 I/MpvBridgeModule(17565): [PlaybackTrace][Bridge][listener:event] name=endFile payload={"reason":2,"error":0}
08-22 17:16:40.555 I/MpvEvent(17565): [PlaybackTrace][Native][eventLoop] event_id=22 error=0
08-22 17:16:40.556 I/MpvEvent(17565): [PlaybackTrace][Native][eventLoop] property=cache-buffering-state format=NONE
08-22 17:16:40.556 I/MpvEvent(17565): [PlaybackTrace][Native][eventLoop] event_id=22 error=0
08-22 17:16:40.556 I/MpvEvent(17565): [PlaybackTrace][Native][eventLoop] property=paused-for-cache format=NONE
08-22 17:16:40.556 I/MpvEvent(17565): [PlaybackTrace][Native][eventLoop] event_id=22 error=0
08-22 17:16:40.556 I/MpvEvent(17565): [PlaybackTrace][Native][eventLoop] property=demuxer-cache-state format=NONE
08-22 17:16:40.556 I/MpvEvent(17565): [PlaybackTrace][Native][eventLoop] event_id=22 error=0
08-22 17:16:40.557 I/MpvEvent(17565): [PlaybackTrace][Native][eventLoop] property=seekable format=NONE
08-22 17:16:40.557 I/MpvEvent(17565): [PlaybackTrace][Native][eventLoop] event_id=2 error=0
08-22 17:16:40.557 I/MpvEvent(17565): [PlaybackTrace][Native][mpv-log] prefix=cplayer level=v text=finished playback, success (reason 2)
08-22 17:16:40.557 D/mpv     (17565): [cplayer] v: finished playback, success (reason 2)
08-22 17:16:40.557 I/MpvEvent(17565): [PlaybackTrace][Native][eventLoop] event_id=2 error=0
08-22 17:16:40.557 I/MpvEvent(17565): [PlaybackTrace][Native][mpv-log] prefix=cplayer level=v text=Running hook: ytdl_hook/on_after_end_file
08-22 17:16:40.557 D/mpv     (17565): [cplayer] v: Running hook: ytdl_hook/on_after_end_file
08-22 17:16:40.558 I/MpvEvent(17565): [PlaybackTrace][Native][eventLoop] event_id=6 error=0
08-22 17:16:40.559 I/MpvEvent(17565): MPV_EVENT_START_FILE
08-22 17:16:40.559 I/MpvEvent(17565): [PlaybackTrace][Native][dispatch:event] name=startFile payload={}
08-22 17:16:40.560 D/MPVLib  (17565): onNativeEvent: startFile {}
08-22 17:16:40.561 I/MpvBridgeModule(17565): [PlaybackTrace][Bridge][listener:event] name=startFile payload={}
08-22 17:16:40.562 I/MpvEvent(17565): [PlaybackTrace][Native][eventLoop] event_id=2 error=0
08-22 17:16:40.562 I/MpvEvent(17565): [PlaybackTrace][Native][mpv-log] prefix=cplayer level=v text=Running hook: ytdl_hook/on_load
08-22 17:16:40.562 D/mpv     (17565): [cplayer] v: Running hook: ytdl_hook/on_load
08-22 17:16:40.565 I/MpvEvent(17565): [PlaybackTrace][Native][eventLoop] event_id=2 error=0
08-22 17:16:40.566 I/MpvEvent(17565): [PlaybackTrace][Native][mpv-log] prefix=cplayer level=v text=Running hook: ytdl_hook/on_load
08-22 17:16:40.566 D/mpv     (17565): [cplayer] v: Running hook: ytdl_hook/on_load
08-22 17:16:40.566 I/MpvEvent(17565): [PlaybackTrace][Native][eventLoop] event_id=2 error=0
08-22 17:16:40.566 I/MpvEvent(17565): [PlaybackTrace][Native][mpv-log] prefix=ytdl_hook level=v text=playlist hook
08-22 17:16:40.566 I/MpvEvent(17565): [PlaybackTrace][Native][eventLoop] event_id=2 error=0
08-22 17:16:40.566 I/MpvEvent(17565): [PlaybackTrace][Native][mpv-log] prefix=stream_callback level=v text=Opening https://prod-1.storage.jamendo.com/?trackid=1593988&format=mp31&from=%2FV3E9Qwm8kkOD6hbkNYXkg%3D%3D%7CMJJdmScXeWFhFQqasgwXjQ%3D%3D
08-22 17:16:40.566 I/MpvEvent(17565): [PlaybackTrace][Native][eventLoop] event_id=2 error=0
08-22 17:16:40.566 I/MpvEvent(17565): [PlaybackTrace][Native][mpv-log] prefix=ffmpeg level=v text=Opening https://prod-1.storage.jamendo.com/?trackid=1593988&format=mp31&from=%2FV3E9Qwm8kkOD6hbkNYXkg%3D%3D%7CMJJdmScXeWFhFQqasgwXjQ%3D%3D
08-22 17:16:40.567 D/mpv     (17565): [ffmpeg] v: Opening https://prod-1.storage.jamendo.com/?trackid=1593988&format=mp31&from=%2FV3E9Qwm8kkOD6hbkNYXkg%3D%3D%7CMJJdmScXeWFhFQqasgwXjQ%3D%3D
08-22 17:16:40.686 I/ReactNativeJS(17565): '[INFO]', '[PlaybackTrace][JS][resume:call]'
08-22 17:16:40.686 I/MpvBridgeModule(17565): [PlaybackTrace][Bridge][play] ptr=131217388352464
08-22 17:16:40.686 I/MpvJNI  (17565): [PlaybackTrace][Native][play] pause=no result=0
08-22 17:16:40.686 I/MpvBridgeModule(17565): [PlaybackTrace][Bridge][play] nativePlay returned
08-22 17:16:40.686 I/MpvEvent(17565): [PlaybackTrace][Native][eventLoop] event_id=2 error=0
08-22 17:16:40.686 I/MpvEvent(17565): [PlaybackTrace][Native][mpv-log] prefix=cplayer level=v text=Set property: pause="no" -> 1
08-22 17:16:40.686 D/mpv     (17565): [cplayer] v: Set property: pause="no" -> 1
08-22 17:16:40.770 I/MpvJNI  (17565): [PlaybackTrace][Native][getPosition] result=-10 position=0.000000
08-22 17:16:40.770 D/MpvBridgeModule(17565): [PlaybackTrace][Bridge][getPosition] ptr=131217388352464 position=0.0
08-22 17:16:40.770 I/MpvJNI  (17565): [PlaybackTrace][Native][getDuration] result=-10 duration=0.000000
08-22 17:16:40.770 D/MpvBridgeModule(17565): [PlaybackTrace][Bridge][getDuration] ptr=131217388352464 duration=0.0
08-22 17:16:40.770 D/MpvBridgeModule(17565): [PlaybackTrace][Bridge][getPlaybackState] ptr=131217388352464 state=playing idle=false eof=false pause=false
08-22 17:16:41.335 I/MpvJNI  (17565): [PlaybackTrace][Native][getPosition] result=-10 position=0.000000
08-22 17:16:41.335 D/MpvBridgeModule(17565): [PlaybackTrace][Bridge][getPosition] ptr=131217388352464 position=0.0
08-22 17:16:41.335 I/MpvJNI  (17565): [PlaybackTrace][Native][getDuration] result=-10 duration=0.000000
08-22 17:16:41.335 D/MpvBridgeModule(17565): [PlaybackTrace][Bridge][getDuration] ptr=131217388352464 duration=0.0
08-22 17:16:41.335 D/MpvBridgeModule(17565): [PlaybackTrace][Bridge][getPlaybackState] ptr=131217388352464 state=playing idle=false eof=false pause=false
08-22 17:16:41.338 I/MpvJNI  (17565): [PlaybackTrace][Native][getDuration] result=-10 duration=0.000000
08-22 17:16:41.338 D/MpvBridgeModule(17565): [PlaybackTrace][Bridge][getDuration] ptr=131217388352464 duration=0.0
08-22 17:16:41.786 I/MpvJNI  (17565): [PlaybackTrace][Native][getPosition] result=-10 position=0.000000
08-22 17:16:41.786 D/MpvBridgeModule(17565): [PlaybackTrace][Bridge][getPosition] ptr=131217388352464 position=0.0
08-22 17:16:41.786 I/MpvJNI  (17565): [PlaybackTrace][Native][getDuration] result=-10 duration=0.000000
08-22 17:16:41.786 D/MpvBridgeModule(17565): [PlaybackTrace][Bridge][getDuration] ptr=131217388352464 duration=0.0
08-22 17:16:41.786 D/MpvBridgeModule(17565): [PlaybackTrace][Bridge][getPlaybackState] ptr=131217388352464 state=playing idle=false eof=false pause=false
08-22 17:16:41.810 I/MpvEvent(17565): [PlaybackTrace][Native][eventLoop] event_id=2 error=0
08-22 17:16:41.811 I/MpvEvent(17565): [PlaybackTrace][Native][mpv-log] prefix=ffmpeg level=v text=Mime-type: 'audio/mpeg'
08-22 17:16:41.811 D/mpv     (17565): [ffmpeg] v: Mime-type: 'audio/mpeg'
08-22 17:16:41.811 I/MpvEvent(17565): [PlaybackTrace][Native][eventLoop] event_id=2 error=0
08-22 17:16:41.811 I/MpvEvent(17565): [PlaybackTrace][Native][mpv-log] prefix=demux level=v text=Trying demuxers for level=normal.
08-22 17:16:41.820 I/MpvEvent(17565): [PlaybackTrace][Native][eventLoop] event_id=2 error=0
08-22 17:16:41.820 I/MpvEvent(17565): [PlaybackTrace][Native][mpv-log] prefix=lavf level=v text=Found 'mp3' at score=24 size=2048.
08-22 17:16:42.111 I/MpvEvent(17565): [PlaybackTrace][Native][eventLoop] event_id=2 error=0
08-22 17:16:42.111 I/MpvEvent(17565): [PlaybackTrace][Native][mpv-log] prefix=lavf level=v text=avformat_find_stream_info() finished after 32275 bytes.
08-22 17:16:42.112 I/MpvEvent(17565): [PlaybackTrace][Native][eventLoop] event_id=2 error=0
08-22 17:16:42.113 I/MpvEvent(17565): [PlaybackTrace][Native][mpv-log] prefix=lavf level=v text=Assuming this is an image format.
08-22 17:16:42.114 I/MpvEvent(17565): [PlaybackTrace][Native][eventLoop] event_id=2 error=0
08-22 17:16:42.114 I/MpvEvent(17565): [PlaybackTrace][Native][mpv-log] prefix=demux level=v text=Detected file format: mp3 (libavformat)
08-22 17:16:42.114 I/MpvEvent(17565): [PlaybackTrace][Native][eventLoop] event_id=22 error=0
08-22 17:16:42.115 I/MpvEvent(17565): [PlaybackTrace][Native][property] name=cache-buffering-state format=6 value=null
08-22 17:16:42.115 I/MpvEvent(17565): [PlaybackTrace][Native][dispatch:property] name=cache-buffering-state value=null
08-22 17:16:42.115 D/MPVLib  (17565): onNativePropertyChanged: cache-buffering-state = null
08-22 17:16:42.115 I/MpvBridgeModule(17565): [PlaybackTrace][Bridge][listener:property] name=cache-buffering-state value=null
08-22 17:16:42.119 I/MpvEvent(17565): [PlaybackTrace][Native][eventLoop] event_id=18 error=0
08-22 17:16:42.120 I/MpvEvent(17565): [PlaybackTrace][Native][eventLoop] MPV_EVENT_AUDIO_RECONFIG
08-22 17:16:42.121 I/MpvEvent(17565): [PlaybackTrace][Native][dispatch:event] name=audioReconfig payload={}
08-22 17:16:42.122 I/MpvBridgeModule(17565): [PlaybackTrace][Bridge][listener:event] name=audioReconfig payload={}
08-22 17:16:42.123 I/MpvEvent(17565): [PlaybackTrace][Native][eventLoop] event_id=18 error=0
08-22 17:16:42.124 I/MpvEvent(17565): [PlaybackTrace][Native][eventLoop] MPV_EVENT_AUDIO_RECONFIG
08-22 17:16:42.124 I/MpvEvent(17565): [PlaybackTrace][Native][dispatch:event] name=audioReconfig payload={}
08-22 17:16:42.124 I/MpvBridgeModule(17565): [PlaybackTrace][Bridge][listener:event] name=audioReconfig payload={}
08-22 17:16:42.127 I/MpvEvent(17565): [PlaybackTrace][Native][eventLoop] event_id=8 error=0
08-22 17:16:42.127 I/MpvEvent(17565): MPV_EVENT_FILE_LOADED
08-22 17:16:42.127 I/MpvEvent(17565): [PlaybackTrace][Native][dispatch:event] name=fileLoaded payload={}
08-22 17:16:42.128 D/MPVLib  (17565): onNativeEvent: fileLoaded {}
08-22 17:16:42.128 I/MpvBridgeModule(17565): [PlaybackTrace][Bridge][listener:event] name=fileLoaded payload={}
08-22 17:16:42.129 I/MpvEvent(17565): [PlaybackTrace][Native][eventLoop] event_id=2 error=0
08-22 17:16:42.129 I/MpvEvent(17565): [PlaybackTrace][Native][mpv-log] prefix=cplayer level=v text=Opening done: https://prod-1.storage.jamendo.com/?trackid=1593988&format=mp31&from=%2FV3E9Qwm8kkOD6hbkNYXkg%3D%3D%7CMJJdmScXeWFhFQqasgwXjQ%3D%3D
08-22 17:16:42.129 D/mpv     (17565): [cplayer] v: Opening done: https://prod-1.storage.jamendo.com/?trackid=1593988&format=mp31&from=%2FV3E9Qwm8kkOD6hbkNYXkg%3D%3D%7CMJJdmScXeWFhFQqasgwXjQ%3D%3D
08-22 17:16:42.129 I/MpvEvent(17565): [PlaybackTrace][Native][eventLoop] event_id=2 error=0
08-22 17:16:42.129 I/MpvEvent(17565): [PlaybackTrace][Native][mpv-log] prefix=cplayer level=v text=Running hook: ytdl_hook/on_preloaded
08-22 17:16:42.129 D/mpv     (17565): [cplayer] v: Running hook: ytdl_hook/on_preloaded
08-22 17:16:42.129 I/MpvEvent(17565): [PlaybackTrace][Native][eventLoop] event_id=2 error=0
08-22 17:16:42.129 I/MpvEvent(17565): [PlaybackTrace][Native][mpv-log] prefix=lavf level=v text=select track 1
08-22 17:16:42.129 I/MpvEvent(17565): [PlaybackTrace][Native][eventLoop] event_id=2 error=0
08-22 17:16:42.129 I/MpvEvent(17565): [PlaybackTrace][Native][mpv-log] prefix=lavf level=v text=select track 0
08-22 17:16:42.129 I/MpvEvent(17565): [PlaybackTrace][Native][eventLoop] event_id=2 error=0
08-22 17:16:42.129 I/MpvEvent(17565): [PlaybackTrace][Native][mpv-log] prefix=cplayer level=info text=ΓùÅ Image  --vid=1  'Cover Image' (mjpeg [Baseline] 400x400)
08-22 17:16:42.130 D/mpv     (17565): [cplayer] info: ΓùÅ Image  --vid=1  'Cover Image' (mjpeg [Baseline] 400x400)
08-22 17:16:42.130 I/MpvEvent(17565): [PlaybackTrace][Native][eventLoop] event_id=2 error=0
08-22 17:16:42.130 I/MpvEvent(17565): [PlaybackTrace][Native][mpv-log] prefix=cplayer level=info text=ΓùÅ Audio  --aid=1  (mp3 2ch 44100 Hz 96 kbps)
08-22 17:16:42.130 D/mpv     (17565): [cplayer] info: ΓùÅ Audio  --aid=1  (mp3 2ch 44100 Hz 96 kbps)
08-22 17:16:42.130 I/MpvEvent(17565): [PlaybackTrace][Native][eventLoop] event_id=2 error=0
08-22 17:16:42.130 I/MpvEvent(17565): [PlaybackTrace][Native][mpv-log] prefix=display-tags level=info text=File tags:
08-22 17:16:42.130 I/MpvEvent(17565): [PlaybackTrace][Native][eventLoop] event_id=2 error=0
08-22 17:16:42.130 I/MpvEvent(17565): [PlaybackTrace][Native][mpv-log] prefix=display-tags level=info text= Artist: Joystock
08-22 17:16:42.130 I/MpvEvent(17565): [PlaybackTrace][Native][eventLoop] event_id=2 error=0
08-22 17:16:42.130 I/MpvEvent(17565): [PlaybackTrace][Native][mpv-log] prefix=display-tags level=info text= Comment: http://www.jamendo.com cc_standard
08-22 17:16:42.130 I/MpvEvent(17565): [PlaybackTrace][Native][eventLoop] event_id=2 error=0
08-22 17:16:42.130 I/MpvEvent(17565): [PlaybackTrace][Native][mpv-log] prefix=display-tags level=info text= Composer: Joystock
08-22 17:16:42.130 I/MpvEvent(17565): [PlaybackTrace][Native][eventLoop] event_id=2 error=0
08-22 17:16:42.130 I/MpvEvent(17565): [PlaybackTrace][Native][mpv-log] prefix=display-tags level=info text= Date: 2018
08-22 17:16:42.130 I/MpvEvent(17565): [PlaybackTrace][Native][eventLoop] event_id=2 error=0
08-22 17:16:42.130 I/MpvEvent(17565): [PlaybackTrace][Native][mpv-log] prefix=display-tags level=info text= Genre: chillhop
08-22 17:16:42.130 I/MpvEvent(17565): [PlaybackTrace][Native][eventLoop] event_id=2 error=0
08-22 17:16:42.130 I/MpvEvent(17565): [PlaybackTrace][Native][mpv-log] prefix=display-tags level=info text= Title: Lofi Chillout Hip Hop Beat
08-22 17:16:42.130 I/MpvEvent(17565): [PlaybackTrace][Native][eventLoop] event_id=2 error=0
08-22 17:16:42.130 I/MpvEvent(17565): [PlaybackTrace][Native][mpv-log] prefix=display-tags level=info text= Track: 62
08-22 17:16:42.130 I/MpvEvent(17565): [PlaybackTrace][Native][eventLoop] event_id=2 error=0
08-22 17:16:42.130 I/MpvEvent(17565): [PlaybackTrace][Native][mpv-log] prefix=vd level=v text=Container reported FPS: 1.000000
08-22 17:16:42.130 I/MpvEvent(17565): [PlaybackTrace][Native][eventLoop] event_id=2 error=0
08-22 17:16:42.130 I/MpvEvent(17565): [PlaybackTrace][Native][mpv-log] prefix=vd level=v text=Codec list:
08-22 17:16:42.130 I/MpvEvent(17565): [PlaybackTrace][Native][eventLoop] event_id=2 error=0
08-22 17:16:42.130 I/MpvEvent(17565): [PlaybackTrace][Native][mpv-log] prefix=vd level=v text=    mjpeg - MJPEG (Motion JPEG)
08-22 17:16:42.130 I/MpvEvent(17565): [PlaybackTrace][Native][eventLoop] event_id=2 error=0
08-22 17:16:42.130 I/MpvEvent(17565): [PlaybackTrace][Native][mpv-log] prefix=vd level=v text=Opening decoder mjpeg
08-22 17:16:42.130 I/MpvEvent(17565): [PlaybackTrace][Native][eventLoop] event_id=2 error=0
08-22 17:16:42.130 I/MpvEvent(17565): [PlaybackTrace][Native][mpv-log] prefix=vd level=v text=Not trying to use hardware decoding: codec mjpeg is not on whitelist.
08-22 17:16:42.130 I/MpvEvent(17565): [PlaybackTrace][Native][eventLoop] event_id=22 error=0
08-22 17:16:42.130 I/MpvEvent(17565): [PlaybackTrace][Native][property] name=paused-for-cache format=6 value=null
08-22 17:16:42.130 I/MpvEvent(17565): [PlaybackTrace][Native][dispatch:property] name=paused-for-cache value=null
08-22 17:16:42.131 D/MPVLib  (17565): onNativePropertyChanged: paused-for-cache = null
08-22 17:16:42.131 I/MpvBridgeModule(17565): [PlaybackTrace][Bridge][listener:property] name=paused-for-cache value=null
08-22 17:16:42.132 I/MpvEvent(17565): [PlaybackTrace][Native][eventLoop] event_id=22 error=0
08-22 17:16:42.132 I/ReactNativeJS(17565): '[INFO]', '[PlaybackTrace][Controller][event:onFileLoaded]', { fileUri: 'https://prod-1.storage.jamendo.com/?trackid=1593988&format=mp31&from=%2FV3E9Qwm8kkOD6hbkNYXkg%3D%3D%7CMJJdmScXeWFhFQqasgwXjQ%3D%3D',
08-22 17:16:42.133 I/MpvEvent(17565): [PlaybackTrace][Native][property] name=seekable format=6 value=null
08-22 17:16:42.133 I/MpvEvent(17565): [PlaybackTrace][Native][dispatch:property] name=seekable value=null
08-22 17:16:42.134 I/MpvBridgeModule(17565): [PlaybackTrace][Bridge][listener:property] name=seekable value=null
08-22 17:16:42.138 I/MpvEvent(17565): [PlaybackTrace][Native][eventLoop] event_id=2 error=0
08-22 17:16:42.138 I/MpvEvent(17565): [PlaybackTrace][Native][mpv-log] prefix=vd level=v text=Using software decoding.
08-22 17:16:42.138 I/MpvEvent(17565): [PlaybackTrace][Native][eventLoop] event_id=2 error=0
08-22 17:16:42.138 I/MpvEvent(17565): [PlaybackTrace][Native][mpv-log] prefix=vd level=v text=Detected 4 logical cores.
08-22 17:16:42.139 I/MpvEvent(17565): [PlaybackTrace][Native][eventLoop] event_id=2 error=0
08-22 17:16:42.139 I/MpvEvent(17565): [PlaybackTrace][Native][mpv-log] prefix=vd level=v text=Requesting 5 threads for decoding.
08-22 17:16:42.139 I/MpvEvent(17565): [PlaybackTrace][Native][eventLoop] event_id=2 error=0
08-22 17:16:42.139 I/MpvEvent(17565): [PlaybackTrace][Native][mpv-log] prefix=vd level=v text=Selected decoder: mjpeg - MJPEG (Motion JPEG)
08-22 17:16:42.139 I/MpvEvent(17565): [PlaybackTrace][Native][eventLoop] event_id=2 error=0
08-22 17:16:42.139 I/MpvEvent(17565): [PlaybackTrace][Native][mpv-log] prefix=vf level=v text=User filter list:
08-22 17:16:42.140 I/MpvEvent(17565): [PlaybackTrace][Native][eventLoop] event_id=2 error=0
08-22 17:16:42.140 I/MpvEvent(17565): [PlaybackTrace][Native][mpv-log] prefix=vf level=v text=  (empty)
08-22 17:16:42.140 I/MpvEvent(17565): [PlaybackTrace][Native][eventLoop] event_id=2 error=0
08-22 17:16:42.140 I/MpvEvent(17565): [PlaybackTrace][Native][mpv-log] prefix=ad level=v text=Codec list:
08-22 17:16:42.140 I/MpvEvent(17565): [PlaybackTrace][Native][eventLoop] event_id=2 error=0
08-22 17:16:42.140 I/MpvEvent(17565): [PlaybackTrace][Native][mpv-log] prefix=ad level=v text=    mp3float (mp3) - MP3 (MPEG audio layer 3)
08-22 17:16:42.140 I/MpvEvent(17565): [PlaybackTrace][Native][eventLoop] event_id=2 error=0
08-22 17:16:42.140 I/MpvEvent(17565): [PlaybackTrace][Native][mpv-log] prefix=ad level=v text=    mp3 - MP3 (MPEG audio layer 3)
08-22 17:16:42.140 I/MpvEvent(17565): [PlaybackTrace][Native][eventLoop] event_id=2 error=0
08-22 17:16:42.140 I/MpvEvent(17565): [PlaybackTrace][Native][mpv-log] prefix=ad level=v text=    mp3_mediacodec (mp3) - MP3 Android MediaCodec decoder
08-22 17:16:42.141 I/MpvEvent(17565): [PlaybackTrace][Native][eventLoop] event_id=2 error=0
08-22 17:16:42.141 I/MpvEvent(17565): [PlaybackTrace][Native][mpv-log] prefix=ad level=v text=Opening decoder mp3float
08-22 17:16:42.141 I/MpvEvent(17565): [PlaybackTrace][Native][eventLoop] event_id=2 error=0
08-22 17:16:42.141 I/MpvEvent(17565): [PlaybackTrace][Native][mpv-log] prefix=ad level=v text=Requesting 1 threads for decoding.
08-22 17:16:42.141 I/MpvEvent(17565): [PlaybackTrace][Native][eventLoop] event_id=2 error=0
08-22 17:16:42.141 I/MpvEvent(17565): [PlaybackTrace][Native][mpv-log] prefix=ad level=v text=Selected decoder: mp3float - MP3 (MPEG audio layer 3)
08-22 17:16:42.141 I/MpvEvent(17565): [PlaybackTrace][Native][eventLoop] event_id=2 error=0
08-22 17:16:42.141 I/MpvEvent(17565): [PlaybackTrace][Native][mpv-log] prefix=af level=v text=User filter list:
08-22 17:16:42.141 I/MpvEvent(17565): [PlaybackTrace][Native][eventLoop] event_id=2 error=0
08-22 17:16:42.141 I/MpvEvent(17565): [PlaybackTrace][Native][mpv-log] prefix=af level=v text=  (empty)
08-22 17:16:42.141 I/MpvEvent(17565): [PlaybackTrace][Native][eventLoop] event_id=2 error=0
08-22 17:16:42.141 I/MpvEvent(17565): [PlaybackTrace][Native][mpv-log] prefix=cplayer level=info text=Displaying cover art. Use --no-audio-display to prevent this.
08-22 17:16:42.141 D/mpv     (17565): [cplayer] info: Displaying cover art. Use --no-audio-display to prevent this.
08-22 17:16:42.141 I/MpvEvent(17565): [PlaybackTrace][Native][eventLoop] event_id=2 error=0
08-22 17:16:42.142 I/MpvEvent(17565): [PlaybackTrace][Native][mpv-log] prefix=cplayer level=v text=Starting playback...
08-22 17:16:42.142 D/mpv     (17565): [cplayer] v: Starting playback...
08-22 17:16:42.142 I/MpvEvent(17565): [PlaybackTrace][Native][eventLoop] event_id=2 error=0
08-22 17:16:42.142 I/MpvEvent(17565): [PlaybackTrace][Native][mpv-log] prefix=vd level=v text=DR failed - disabling.
08-22 17:16:42.142 I/MpvEvent(17565): [PlaybackTrace][Native][eventLoop] event_id=2 error=0
08-22 17:16:42.142 I/MpvEvent(17565): [PlaybackTrace][Native][mpv-log] prefix=ffmpeg/video level=error text=mjpeg: overread 8
08-22 17:16:42.142 E/MpvEvent(17565): [PlaybackTrace][Native][dispatch:error] code=-1 message=mjpeg: overread 8
08-22 17:16:42.143 E/MpvBridgeModule(17565): [PlaybackTrace][Bridge][listener:error] code=-1 message=mjpeg: overread 8
08-22 17:16:42.144 I/MpvEvent(17565): [PlaybackTrace][Native][eventLoop] event_id=2 error=0
08-22 17:16:42.144 I/MpvEvent(17565): [PlaybackTrace][Native][mpv-log] prefix=ffmpeg/video level=warn text=mjpeg: EOI missing, emulating
08-22 17:16:42.144 I/MpvEvent(17565): [PlaybackTrace][Native][eventLoop] event_id=2 error=0
08-22 17:16:42.144 I/MpvEvent(17565): [PlaybackTrace][Native][mpv-log] prefix=vd level=v text=Using software decoding.
08-22 17:16:42.144 I/MpvEvent(17565): [PlaybackTrace][Native][eventLoop] event_id=18 error=0
08-22 17:16:42.144 I/MpvEvent(17565): [PlaybackTrace][Native][eventLoop] MPV_EVENT_AUDIO_RECONFIG
08-22 17:16:42.144 I/MpvEvent(17565): [PlaybackTrace][Native][dispatch:event] name=audioReconfig payload={}
08-22 17:16:42.146 I/MpvBridgeModule(17565): [PlaybackTrace][Bridge][listener:event] name=audioReconfig payload={}
08-22 17:16:42.153 I/MpvEvent(17565): [PlaybackTrace][Native][eventLoop] event_id=17 error=0
08-22 17:16:42.153 I/MpvEvent(17565): MPV_EVENT_VIDEO_RECONFIG
08-22 17:16:42.153 I/MpvEvent(17565): [PlaybackTrace][Native][dispatch:event] name=videoReconfig payload={}
08-22 17:16:42.154 I/MpvBridgeModule(17565): [PlaybackTrace][Bridge][listener:event] name=videoReconfig payload={}
08-22 17:16:42.154 I/MpvEvent(17565): [PlaybackTrace][Native][eventLoop] event_id=22 error=0
08-22 17:16:42.154 I/MpvEvent(17565): [PlaybackTrace][Native][property] name=demuxer-cache-state format=6 value=null
08-22 17:16:42.154 I/MpvEvent(17565): [PlaybackTrace][Native][dispatch:property] name=demuxer-cache-state value=null
08-22 17:16:42.154 I/MpvBridgeModule(17565): [PlaybackTrace][Bridge][listener:property] name=demuxer-cache-state value=null
08-22 17:16:42.157 I/MpvEvent(17565): [PlaybackTrace][Native][eventLoop] event_id=2 error=0
08-22 17:16:42.157 I/MpvEvent(17565): [PlaybackTrace][Native][mpv-log] prefix=vd level=v text=Decoder format: 400x400 yuv420p bt.601/auto/auto/full/auto CL=mpeg1/jpeg crop=400x400+0+0 A=none
08-22 17:16:42.157 I/MpvEvent(17565): [PlaybackTrace][Native][eventLoop] event_id=2 error=0
08-22 17:16:42.157 I/MpvEvent(17565): [PlaybackTrace][Native][mpv-log] prefix=vf level=v text=[in] 400x400 yuv420p bt.601/bt.709/srgb/full/display CL=mpeg1/jpeg crop=400x400+0+0 A=none
08-22 17:16:42.157 I/MpvEvent(17565): [PlaybackTrace][Native][eventLoop] event_id=2 error=0
08-22 17:16:42.157 I/MpvEvent(17565): [PlaybackTrace][Native][mpv-log] prefix=vf level=v text=[userdeint] 400x400 yuv420p bt.601/bt.709/srgb/full/display CL=mpeg1/jpeg crop=400x400+0+0 A=none
08-22 17:16:42.157 I/MpvEvent(17565): [PlaybackTrace][Native][eventLoop] event_id=2 error=0
08-22 17:16:42.158 I/MpvEvent(17565): [PlaybackTrace][Native][mpv-log] prefix=vf level=v text=[userdeint] (disabled)
08-22 17:16:42.158 I/MpvEvent(17565): [PlaybackTrace][Native][eventLoop] event_id=2 error=0
08-22 17:16:42.158 I/MpvEvent(17565): [PlaybackTrace][Native][mpv-log] prefix=vf level=v text=[autovflip] 400x400 yuv420p bt.601/bt.709/srgb/full/display CL=mpeg1/jpeg crop=400x400+0+0 A=none
08-22 17:16:42.158 I/MpvEvent(17565): [PlaybackTrace][Native][eventLoop] event_id=2 error=0
08-22 17:16:42.158 I/MpvEvent(17565): [PlaybackTrace][Native][mpv-log] prefix=vf level=v text=[autovflip] (disabled)
08-22 17:16:42.158 I/MpvEvent(17565): [PlaybackTrace][Native][eventLoop] event_id=2 error=0
08-22 17:16:42.158 I/MpvEvent(17565): [PlaybackTrace][Native][mpv-log] prefix=vf level=v text=[autorotate] 400x400 yuv420p bt.601/bt.709/srgb/full/display CL=mpeg1/jpeg crop=400x400+0+0 A=none
08-22 17:16:42.158 I/MpvEvent(17565): [PlaybackTrace][Native][eventLoop] event_id=2 error=0
08-22 17:16:42.158 I/MpvEvent(17565): [PlaybackTrace][Native][mpv-log] prefix=vf level=v text=[autorotate] (disabled)
08-22 17:16:42.158 I/MpvEvent(17565): [PlaybackTrace][Native][eventLoop] event_id=2 error=0
08-22 17:16:42.158 I/MpvEvent(17565): [PlaybackTrace][Native][mpv-log] prefix=vf level=v text=[convert] 400x400 yuv420p bt.601/bt.709/srgb/full/display CL=mpeg1/jpeg crop=400x400+0+0 A=none
08-22 17:16:42.158 I/MpvEvent(17565): [PlaybackTrace][Native][eventLoop] event_id=2 error=0
08-22 17:16:42.158 I/MpvEvent(17565): [PlaybackTrace][Native][mpv-log] prefix=vf level=v text=[convert] (disabled)
08-22 17:16:42.158 I/MpvEvent(17565): [PlaybackTrace][Native][eventLoop] event_id=2 error=0
08-22 17:16:42.158 I/MpvEvent(17565): [PlaybackTrace][Native][mpv-log] prefix=vf level=v text=[out] 400x400 yuv420p bt.601/bt.709/srgb/full/display CL=mpeg1/jpeg crop=400x400+0+0 A=none
08-22 17:16:42.158 I/MpvEvent(17565): [PlaybackTrace][Native][eventLoop] event_id=2 error=0
08-22 17:16:42.158 I/MpvEvent(17565): [PlaybackTrace][Native][mpv-log] prefix=af level=v text=[in] 44100Hz stereo 2ch floatp
08-22 17:16:42.158 I/MpvEvent(17565): [PlaybackTrace][Native][eventLoop] event_id=2 error=0
08-22 17:16:42.158 I/MpvEvent(17565): [PlaybackTrace][Native][mpv-log] prefix=af level=v text=[userspeed] 44100Hz stereo 2ch floatp
08-22 17:16:42.158 I/MpvEvent(17565): [PlaybackTrace][Native][eventLoop] event_id=2 error=0
08-22 17:16:42.158 I/MpvEvent(17565): [PlaybackTrace][Native][mpv-log] prefix=af level=v text=[userspeed] (disabled)
08-22 17:16:42.158 I/MpvEvent(17565): [PlaybackTrace][Native][eventLoop] event_id=2 error=0
08-22 17:16:42.158 I/MpvEvent(17565): [PlaybackTrace][Native][mpv-log] prefix=af level=v text=[convert] 44100Hz stereo 2ch floatp
08-22 17:16:42.158 I/MpvEvent(17565): [PlaybackTrace][Native][eventLoop] event_id=2 error=0
08-22 17:16:42.158 I/MpvEvent(17565): [PlaybackTrace][Native][mpv-log] prefix=cplayer level=v text=first video frame after restart shown
08-22 17:16:42.158 D/mpv     (17565): [cplayer] v: first video frame after restart shown
08-22 17:16:42.158 I/MpvEvent(17565): [PlaybackTrace][Native][eventLoop] event_id=2 error=0
08-22 17:16:42.158 I/MpvEvent(17565): [PlaybackTrace][Native][mpv-log] prefix=ao level=v text=Trying audio driver 'audiotrack'
08-22 17:16:42.158 I/MpvEvent(17565): [PlaybackTrace][Native][eventLoop] event_id=2 error=0
08-22 17:16:42.158 I/MpvEvent(17565): [PlaybackTrace][Native][mpv-log] prefix=ao/audiotrack level=v text=requested format: 44100 Hz, stereo channels, floatp
08-22 17:16:42.158 D/mpv     (17565): [ao/audiotrack] v: requested format: 44100 Hz, stereo channels, floatp
08-22 17:16:42.158 I/MpvEvent(17565): [PlaybackTrace][Native][eventLoop] event_id=2 error=0
08-22 17:16:42.158 I/MpvEvent(17565): [PlaybackTrace][Native][mpv-log] prefix=ao/audiotrack level=v text=AudioTrack.nativeOutputSampleRate = 48000
08-22 17:16:42.158 D/mpv     (17565): [ao/audiotrack] v: AudioTrack.nativeOutputSampleRate = 48000
08-22 17:16:42.158 I/MpvEvent(17565): [PlaybackTrace][Native][eventLoop] event_id=2 error=0
08-22 17:16:42.158 I/MpvEvent(17565): [PlaybackTrace][Native][mpv-log] prefix=ao/audiotrack level=v text=Channel layouts:
08-22 17:16:42.158 D/mpv     (17565): [ao/audiotrack] v: Channel layouts:
08-22 17:16:42.158 I/MpvEvent(17565): [PlaybackTrace][Native][eventLoop] event_id=2 error=0
08-22 17:16:42.158 I/MpvEvent(17565): [PlaybackTrace][Native][mpv-log] prefix=ao/audiotrack level=v text= - mono
08-22 17:16:42.158 D/mpv     (17565): [ao/audiotrack] v:  - mono
08-22 17:16:42.158 I/MpvEvent(17565): [PlaybackTrace][Native][eventLoop] event_id=2 error=0
08-22 17:16:42.158 I/MpvEvent(17565): [PlaybackTrace][Native][mpv-log] prefix=ao/audiotrack level=v text= - stereo
08-22 17:16:42.158 D/mpv     (17565): [ao/audiotrack] v:  - stereo
08-22 17:16:42.158 I/MpvEvent(17565): [PlaybackTrace][Native][eventLoop] event_id=2 error=0
08-22 17:16:42.158 I/MpvEvent(17565): [PlaybackTrace][Native][mpv-log] prefix=ao/audiotrack level=v text= - 3.0
08-22 17:16:42.158 D/mpv     (17565): [ao/audiotrack] v:  - 3.0
08-22 17:16:42.158 I/MpvEvent(17565): [PlaybackTrace][Native][eventLoop] event_id=2 error=0
08-22 17:16:42.158 I/MpvEvent(17565): [PlaybackTrace][Native][mpv-log] prefix=ao/audiotrack level=v text= - quad
08-22 17:16:42.159 D/mpv     (17565): [ao/audiotrack] v:  - quad
08-22 17:16:42.159 I/MpvEvent(17565): [PlaybackTrace][Native][eventLoop] event_id=2 error=0
08-22 17:16:42.159 I/MpvEvent(17565): [PlaybackTrace][Native][mpv-log] prefix=ao/audiotrack level=v text= - 5.0
08-22 17:16:42.159 D/mpv     (17565): [ao/audiotrack] v:  - 5.0
08-22 17:16:42.159 I/MpvEvent(17565): [PlaybackTrace][Native][eventLoop] event_id=2 error=0
08-22 17:16:42.159 I/MpvEvent(17565): [PlaybackTrace][Native][mpv-log] prefix=ao/audiotrack level=v text= - 5.1
08-22 17:16:42.159 D/mpv     (17565): [ao/audiotrack] v:  - 5.1
08-22 17:16:42.159 I/MpvEvent(17565): [PlaybackTrace][Native][eventLoop] event_id=2 error=0
08-22 17:16:42.159 I/MpvEvent(17565): [PlaybackTrace][Native][mpv-log] prefix=ao/audiotrack level=v text= - 6.1(back)
08-22 17:16:42.159 D/mpv     (17565): [ao/audiotrack] v:  - 6.1(back)
08-22 17:16:42.159 I/MpvEvent(17565): [PlaybackTrace][Native][eventLoop] event_id=2 error=0
08-22 17:16:42.159 I/MpvEvent(17565): [PlaybackTrace][Native][mpv-log] prefix=ao/audiotrack level=v text= - 7.1
08-22 17:16:42.159 D/mpv     (17565): [ao/audiotrack] v:  - 7.1
08-22 17:16:42.159 I/MpvEvent(17565): [PlaybackTrace][Native][eventLoop] event_id=2 error=0
08-22 17:16:42.159 I/MpvEvent(17565): [PlaybackTrace][Native][mpv-log] prefix=ao/audiotrack level=v text=result: stereo
08-22 17:16:42.159 D/mpv     (17565): [ao/audiotrack] v: result: stereo
08-22 17:16:42.159 I/MpvEvent(17565): [PlaybackTrace][Native][eventLoop] event_id=2 error=0
08-22 17:16:42.159 I/MpvEvent(17565): [PlaybackTrace][Native][mpv-log] prefix=ao/audiotrack level=v text=Setting bufferSize = 52920 (driver=32096, min=26460, max=52920)
08-22 17:16:42.159 D/mpv     (17565): [ao/audiotrack] v: Setting bufferSize = 52920 (driver=32096, min=26460, max=52920)
08-22 17:16:42.159 I/MpvEvent(17565): [PlaybackTrace][Native][eventLoop] event_id=2 error=0
08-22 17:16:42.159 I/MpvEvent(17565): [PlaybackTrace][Native][mpv-log] prefix=ao/audiotrack level=v text=Using NIO ByteBuffer
08-22 17:16:42.159 D/mpv     (17565): [ao/audiotrack] v: Using NIO ByteBuffer
08-22 17:16:42.159 I/MpvEvent(17565): [PlaybackTrace][Native][eventLoop] event_id=2 error=0
08-22 17:16:42.159 I/MpvEvent(17565): [PlaybackTrace][Native][mpv-log] prefix=ao/audiotrack level=v text=Using API21 initializer
08-22 17:16:42.159 D/mpv     (17565): [ao/audiotrack] v: Using API21 initializer
08-22 17:16:42.159 I/MpvEvent(17565): [PlaybackTrace][Native][eventLoop] event_id=2 error=0
08-22 17:16:42.159 I/MpvEvent(17565): [PlaybackTrace][Native][mpv-log] prefix=ao/audiotrack level=v text=AudioTrack.getBufferSizeInFrames = 6615
08-22 17:16:42.159 D/mpv     (17565): [ao/audiotrack] v: AudioTrack.getBufferSizeInFrames = 6615
08-22 17:16:42.159 I/MpvEvent(17565): [PlaybackTrace][Native][eventLoop] event_id=2 error=0
08-22 17:16:42.159 I/MpvEvent(17565): [PlaybackTrace][Native][mpv-log] prefix=ao/audiotrack level=v text=device buffer: 6615 samples.
08-22 17:16:42.159 D/mpv     (17565): [ao/audiotrack] v: device buffer: 6615 samples.
08-22 17:16:42.159 I/MpvEvent(17565): [PlaybackTrace][Native][eventLoop] event_id=2 error=0
08-22 17:16:42.159 I/MpvEvent(17565): [PlaybackTrace][Native][mpv-log] prefix=ao/audiotrack level=v text=using soft-buffer of 8820 samples.
08-22 17:16:42.159 D/mpv     (17565): [ao/audiotrack] v: using soft-buffer of 8820 samples.
08-22 17:16:42.159 I/MpvEvent(17565): [PlaybackTrace][Native][eventLoop] event_id=2 error=0
08-22 17:16:42.159 I/MpvEvent(17565): [PlaybackTrace][Native][mpv-log] prefix=cplayer level=info text=AO: [audiotrack] 44100Hz stereo 2ch float
08-22 17:16:42.159 D/mpv     (17565): [cplayer] info: AO: [audiotrack] 44100Hz stereo 2ch float
08-22 17:16:42.159 I/MpvEvent(17565): [PlaybackTrace][Native][eventLoop] event_id=2 error=0
08-22 17:16:42.159 I/MpvEvent(17565): [PlaybackTrace][Native][mpv-log] prefix=cplayer level=v text=AO: Description: Android AudioTrack audio output
08-22 17:16:42.159 D/mpv     (17565): [cplayer] v: AO: Description: Android AudioTrack audio output
08-22 17:16:42.159 I/MpvEvent(17565): [PlaybackTrace][Native][eventLoop] event_id=2 error=0
08-22 17:16:42.159 I/MpvEvent(17565): [PlaybackTrace][Native][mpv-log] prefix=autoconvert level=v text=inserting resampler
08-22 17:16:42.159 I/MpvEvent(17565): [PlaybackTrace][Native][eventLoop] event_id=2 error=0
08-22 17:16:42.159 I/MpvEvent(17565): [PlaybackTrace][Native][mpv-log] prefix=swresample level=v text=format change, reinitializing resampler
08-22 17:16:42.159 I/MpvEvent(17565): [PlaybackTrace][Native][eventLoop] event_id=2 error=0
08-22 17:16:42.159 I/MpvEvent(17565): [PlaybackTrace][Native][mpv-log] prefix=swresample level=v text=44100Hz stereo floatp -> 44100Hz stereo float
08-22 17:16:42.159 I/MpvEvent(17565): [PlaybackTrace][Native][eventLoop] event_id=2 error=0
08-22 17:16:42.159 I/MpvEvent(17565): [PlaybackTrace][Native][mpv-log] prefix=af level=v text=[out] 44100Hz stereo 2ch float
08-22 17:16:42.159 I/MpvEvent(17565): [PlaybackTrace][Native][eventLoop] event_id=2 error=0
08-22 17:16:42.159 I/MpvEvent(17565): [PlaybackTrace][Native][mpv-log] prefix=cplayer level=v text=audio ready
08-22 17:16:42.159 D/mpv     (17565): [cplayer] v: audio ready
08-22 17:16:42.159 I/MpvEvent(17565): [PlaybackTrace][Native][eventLoop] event_id=2 error=0
08-22 17:16:42.159 I/MpvEvent(17565): [PlaybackTrace][Native][mpv-log] prefix=cplayer level=v text=starting audio playback
08-22 17:16:42.159 D/mpv     (17565): [cplayer] v: starting audio playback
08-22 17:16:42.161 I/MpvEvent(17565): [PlaybackTrace][Native][eventLoop] event_id=21 error=0
08-22 17:16:42.161 I/MpvEvent(17565): [PlaybackTrace][Native][eventLoop] MPV_EVENT_PLAYBACK_RESTART
08-22 17:16:42.161 I/MpvEvent(17565): [PlaybackTrace][Native][dispatch:event] name=playbackRestart payload={}
08-22 17:16:42.162 I/MpvBridgeModule(17565): [PlaybackTrace][Bridge][listener:event] name=playbackRestart payload={}
08-22 17:16:42.166 I/MpvEvent(17565): [PlaybackTrace][Native][eventLoop] event_id=2 error=0
08-22 17:16:42.166 I/MpvEvent(17565): [PlaybackTrace][Native][mpv-log] prefix=cplayer level=v text=playback restart complete @ 0.000001, audio=playing, video=eof
08-22 17:16:42.166 D/mpv     (17565): [cplayer] v: playback restart complete @ 0.000001, audio=playing, video=eof
08-22 17:16:42.169 I/MpvJNI  (17565): [PlaybackTrace][Native][getDuration] result=0 duration=149.696033
08-22 17:16:42.169 D/MpvBridgeModule(17565): [PlaybackTrace][Bridge][getDuration] ptr=131217388352464 duration=149.69603333333333
08-22 17:16:42.170 I/MpvEvent(17565): [PlaybackTrace][Native][eventLoop] event_id=2 error=0
08-22 17:16:42.170 I/MpvEvent(17565): [PlaybackTrace][Native][mpv-log] prefix=cplayer level=warn text=Audio device underrun detected.
08-22 17:16:42.170 D/mpv     (17565): [cplayer] warn: Audio device underrun detected.
08-22 17:16:42.170 I/MpvEvent(17565): [PlaybackTrace][Native][eventLoop] event_id=2 error=0
08-22 17:16:42.170 I/MpvEvent(17565): [PlaybackTrace][Native][mpv-log] prefix=cplayer level=v text=restarting audio after underrun
08-22 17:16:42.170 D/mpv     (17565): [cplayer] v: restarting audio after underrun
08-22 17:16:42.352 I/MpvJNI  (17565): [PlaybackTrace][Native][getPosition] result=0 position=0.006548
08-22 17:16:42.352 D/MpvBridgeModule(17565): [PlaybackTrace][Bridge][getPosition] ptr=131217388352464 position=0.006547980090702787
08-22 17:16:42.352 I/MpvJNI  (17565): [PlaybackTrace][Native][getDuration] result=0 duration=149.696033
08-22 17:16:42.352 D/MpvBridgeModule(17565): [PlaybackTrace][Bridge][getDuration] ptr=131217388352464 duration=149.69603333333333
08-22 17:16:42.352 D/MpvBridgeModule(17565): [PlaybackTrace][Bridge][getPlaybackState] ptr=131217388352464 state=playing idle=false eof=false pause=false
08-22 17:16:42.354 I/MpvJNI  (17565): [PlaybackTrace][Native][getDuration] result=0 duration=149.696033
08-22 17:16:42.355 D/MpvBridgeModule(17565): [PlaybackTrace][Bridge][getDuration] ptr=131217388352464 duration=149.69603333333333
08-22 17:16:42.382 I/MpvEvent(17565): [PlaybackTrace][Native][eventLoop] event_id=22 error=0
08-22 17:16:42.382 I/MpvEvent(17565): [PlaybackTrace][Native][property] name=demuxer-cache-state format=6 value=null
08-22 17:16:42.382 I/MpvEvent(17565): [PlaybackTrace][Native][dispatch:property] name=demuxer-cache-state value=null
08-22 17:16:42.382 I/MpvBridgeModule(17565): [PlaybackTrace][Bridge][listener:property] name=demuxer-cache-state value=null
08-22 17:16:42.488 I/MpvJNI  (17565): [PlaybackTrace][Native][getDuration] result=0 duration=149.696033
08-22 17:16:42.488 D/MpvBridgeModule(17565): [PlaybackTrace][Bridge][getDuration] ptr=131217388352464 duration=149.69603333333333
08-22 17:16:42.634 I/MpvEvent(17565): [PlaybackTrace][Native][eventLoop] event_id=22 error=0
08-22 17:16:42.634 I/MpvEvent(17565): [PlaybackTrace][Native][property] name=demuxer-cache-state format=6 value=null
08-22 17:16:42.634 I/MpvEvent(17565): [PlaybackTrace][Native][dispatch:property] name=demuxer-cache-state value=null
08-22 17:16:42.635 I/MpvBridgeModule(17565): [PlaybackTrace][Bridge][listener:property] name=demuxer-cache-state value=null
08-22 17:16:42.644 I/MpvJNI  (17565): [PlaybackTrace][Native][getDuration] result=0 duration=149.696033
08-22 17:16:42.644 D/MpvBridgeModule(17565): [PlaybackTrace][Bridge][getDuration] ptr=131217388352464 duration=149.69603333333333
08-22 17:16:42.805 I/MpvJNI  (17565): [PlaybackTrace][Native][getPosition] result=0 position=0.456916
08-22 17:16:42.806 D/MpvBridgeModule(17565): [PlaybackTrace][Bridge][getPosition] ptr=131217388352464 position=0.4569163050907026
08-22 17:16:42.806 I/MpvJNI  (17565): [PlaybackTrace][Native][getDuration] result=0 duration=149.696033
08-22 17:16:42.806 D/MpvBridgeModule(17565): [PlaybackTrace][Bridge][getDuration] ptr=131217388352464 duration=149.69603333333333
08-22 17:16:42.807 D/MpvBridgeModule(17565): [PlaybackTrace][Bridge][getPlaybackState] ptr=131217388352464 state=playing idle=false eof=false pause=false
08-22 17:16:42.885 I/MpvEvent(17565): [PlaybackTrace][Native][eventLoop] event_id=22 error=0
08-22 17:16:42.885 I/MpvEvent(17565): [PlaybackTrace][Native][property] name=demuxer-cache-state format=6 value=null
08-22 17:16:42.885 I/MpvEvent(17565): [PlaybackTrace][Native][dispatch:property] name=demuxer-cache-state value=null
08-22 17:16:42.885 I/MpvBridgeModule(17565): [PlaybackTrace][Bridge][listener:property] name=demuxer-cache-state value=null
08-22 17:16:42.888 I/MpvJNI  (17565): [PlaybackTrace][Native][getDuration] result=0 duration=149.696033
08-22 17:16:42.888 D/MpvBridgeModule(17565): [PlaybackTrace][Bridge][getDuration] ptr=131217388352464 duration=149.69603333333333
08-22 17:16:43.078 I/ReactNativeJS(17565): '[INFO]', '[PlaybackTrace][Controller][loadAndResume:before]', { uri: 'https://prod-1.storage.jamendo.com/?trackid=1593988&format=mp31&from=%2FV3E9Qwm8kkOD6hbkNYXkg%3D%3D%7CMJJdmScXeWFhFQqasgwXjQ%3D%3D',
08-22 17:16:43.079 I/ReactNativeJS(17565): '[INFO]', '[PlaybackTrace][JS][loadFile:call]', { requestedPath: 'https://prod-1.storage.jamendo.com/?trackid=1593988&format=mp31&from=%2FV3E9Qwm8kkOD6hbkNYXkg%3D%3D%7CMJJdmScXeWFhFQqasgwXjQ%3D%3D',
08-22 17:16:43.079 I/MpvBridgeModule(17565): [PlaybackTrace][Bridge][loadFile] requested=https://prod-1.storage.jamendo.com/?trackid=1593988&format=mp31&from=%2FV3E9Qwm8kkOD6hbkNYXkg%3D%3D%7CMJJdmScXeWFhFQqasgwXjQ%3D%3D resolved=https://prod-1.storage.jamendo.com/?trackid=1593988&format=mp31&from=%2FV3E9Qwm8kkOD6hbkNYXkg%3D%3D%7CMJJdmScXeWFhFQqasgwXjQ%3D%3D ptr=131217388352464
08-22 17:16:43.079 I/MpvJNI  (17565): [PlaybackTrace][Native][loadFile] begin path=https://prod-1.storage.jamendo.com/?trackid=1593988&format=mp31&from=%2FV3E9Qwm8kkOD6hbkNYXkg%3D%3D%7CMJJdmScXeWFhFQqasgwXjQ%3D%3D initialized=1
08-22 17:16:43.079 I/ReactNativeJS(17565): '[INFO]', '[PlaybackTrace][JS][loadFile:return]', { resolvedPath: 'https://prod-1.storage.jamendo.com/?trackid=1593988&format=mp31&from=%2FV3E9Qwm8kkOD6hbkNYXkg%3D%3D%7CMJJdmScXeWFhFQqasgwXjQ%3D%3D' }
08-22 17:16:43.079 I/MpvJNI  (17565): [PlaybackTrace][Native][loadFile] loadfile command accepted result=0
08-22 17:16:43.079 I/MpvBridgeModule(17565): [PlaybackTrace][Bridge][loadFile] nativeLoadFile returned
08-22 17:16:43.081 I/MpvEvent(17565): [PlaybackTrace][Native][eventLoop] event_id=2 error=0
08-22 17:16:43.081 I/MpvEvent(17565): [PlaybackTrace][Native][mpv-log] prefix=cplayer level=v text=EOF code: 3  
08-22 17:16:43.081 D/mpv     (17565): [cplayer] v: EOF code: 3  
08-22 17:16:43.082 I/ReactNativeJS(17565): '[INFO]', '[PlaybackTrace][Controller][loadAndResume:loaded]', 'https://prod-1.storage.jamendo.com/?trackid=1593988&format=mp31&from=%2FV3E9Qwm8kkOD6hbkNYXkg%3D%3D%7CMJJdmScXeWFhFQqasgwXjQ%3D%3D'
08-22 17:16:43.084 I/ReactNativeJS(17565): '[INFO]', '[PlaybackTrace][JS][resume:call]'
08-22 17:16:43.085 I/ReactNativeJS(17565): '[INFO]', '[PlaybackTrace][Controller][loadAndResume:resumed]', 'https://prod-1.storage.jamendo.com/?trackid=1593988&format=mp31&from=%2FV3E9Qwm8kkOD6hbkNYXkg%3D%3D%7CMJJdmScXeWFhFQqasgwXjQ%3D%3D'
08-22 17:16:43.087 I/MpvBridgeModule(17565): [PlaybackTrace][Bridge][play] ptr=131217388352464
08-22 17:16:43.087 I/MpvEvent(17565): [PlaybackTrace][Native][eventLoop] event_id=18 error=0
08-22 17:16:43.089 I/MpvEvent(17565): [PlaybackTrace][Native][eventLoop] MPV_EVENT_AUDIO_RECONFIG
08-22 17:16:43.089 I/MpvEvent(17565): [PlaybackTrace][Native][dispatch:event] name=audioReconfig payload={}
08-22 17:16:43.090 I/MpvBridgeModule(17565): [PlaybackTrace][Bridge][listener:event] name=audioReconfig payload={}
08-22 17:16:43.090 I/MpvEvent(17565): [PlaybackTrace][Native][eventLoop] event_id=17 error=0
08-22 17:16:43.090 I/MpvEvent(17565): MPV_EVENT_VIDEO_RECONFIG
08-22 17:16:43.090 I/MpvEvent(17565): [PlaybackTrace][Native][dispatch:event] name=videoReconfig payload={}
08-22 17:16:43.090 I/MpvBridgeModule(17565): [PlaybackTrace][Bridge][listener:event] name=videoReconfig payload={}
08-22 17:16:43.094 I/MpvJNI  (17565): [PlaybackTrace][Native][play] pause=no result=0
08-22 17:16:43.094 I/MpvBridgeModule(17565): [PlaybackTrace][Bridge][play] nativePlay returned
08-22 17:16:43.095 I/MpvEvent(17565): [PlaybackTrace][Native][eventLoop] event_id=18 error=0
08-22 17:16:43.095 I/MpvEvent(17565): [PlaybackTrace][Native][eventLoop] MPV_EVENT_AUDIO_RECONFIG
08-22 17:16:43.095 I/MpvEvent(17565): [PlaybackTrace][Native][dispatch:event] name=audioReconfig payload={}
08-22 17:16:43.095 I/MpvBridgeModule(17565): [PlaybackTrace][Bridge][listener:event] name=audioReconfig payload={}
08-22 17:16:43.096 I/MpvEvent(17565): [PlaybackTrace][Native][eventLoop] event_id=2 error=0
08-22 17:16:43.096 I/MpvEvent(17565): [PlaybackTrace][Native][mpv-log] prefix=cplayer level=v text=Set property: pause="no" -> 1
08-22 17:16:43.096 D/mpv     (17565): [cplayer] v: Set property: pause="no" -> 1
08-22 17:16:43.138 I/MpvEvent(17565): [PlaybackTrace][Native][eventLoop] event_id=7 error=0
08-22 17:16:43.139 E/MpvEvent(17565): [PlaybackTrace][Native][eventLoop] MPV_EVENT_END_FILE reason=2 error=0
08-22 17:16:43.139 I/MpvEvent(17565): [PlaybackTrace][Native][dispatch:event] name=endFile payload={"reason":2,"error":0}
08-22 17:16:43.140 D/MPVLib  (17565): onNativeEvent: endFile {"reason":2,"error":0}
08-22 17:16:43.140 I/MpvBridgeModule(17565): [PlaybackTrace][Bridge][listener:event] name=endFile payload={"reason":2,"error":0}
08-22 17:16:43.150 I/MpvEvent(17565): [PlaybackTrace][Native][eventLoop] event_id=6 error=0
08-22 17:16:43.152 I/MpvEvent(17565): MPV_EVENT_START_FILE
08-22 17:16:43.152 I/MpvEvent(17565): [PlaybackTrace][Native][dispatch:event] name=startFile payload={}
08-22 17:16:43.153 D/MPVLib  (17565): onNativeEvent: startFile {}
08-22 17:16:43.153 I/MpvBridgeModule(17565): [PlaybackTrace][Bridge][listener:event] name=startFile payload={}
08-22 17:16:43.153 I/MpvEvent(17565): [PlaybackTrace][Native][eventLoop] event_id=22 error=0
08-22 17:16:43.154 I/MpvEvent(17565): [PlaybackTrace][Native][eventLoop] property=cache-buffering-state format=NONE
08-22 17:16:43.154 I/MpvEvent(17565): [PlaybackTrace][Native][eventLoop] event_id=22 error=0
08-22 17:16:43.154 I/MpvEvent(17565): [PlaybackTrace][Native][eventLoop] property=paused-for-cache format=NONE
08-22 17:16:43.154 I/MpvEvent(17565): [PlaybackTrace][Native][eventLoop] event_id=22 error=0
08-22 17:16:43.154 I/MpvEvent(17565): [PlaybackTrace][Native][eventLoop] property=demuxer-cache-state format=NONE
08-22 17:16:43.154 I/MpvEvent(17565): [PlaybackTrace][Native][eventLoop] event_id=22 error=0
08-22 17:16:43.154 I/MpvEvent(17565): [PlaybackTrace][Native][eventLoop] property=seekable format=NONE
08-22 17:16:43.154 I/MpvEvent(17565): [PlaybackTrace][Native][eventLoop] event_id=2 error=0
08-22 17:16:43.154 I/MpvEvent(17565): [PlaybackTrace][Native][mpv-log] prefix=cplayer level=v text=finished playback, success (reason 2)
08-22 17:16:43.154 D/mpv     (17565): [cplayer] v: finished playback, success (reason 2)
08-22 17:16:43.154 I/MpvEvent(17565): [PlaybackTrace][Native][eventLoop] event_id=2 error=0
08-22 17:16:43.154 I/MpvEvent(17565): [PlaybackTrace][Native][mpv-log] prefix=cplayer level=v text=Running hook: ytdl_hook/on_after_end_file
08-22 17:16:43.154 D/mpv     (17565): [cplayer] v: Running hook: ytdl_hook/on_after_end_file
08-22 17:16:43.154 I/MpvEvent(17565): [PlaybackTrace][Native][eventLoop] event_id=2 error=0
08-22 17:16:43.154 I/MpvEvent(17565): [PlaybackTrace][Native][mpv-log] prefix=cplayer level=v text=Running hook: ytdl_hook/on_load
08-22 17:16:43.154 D/mpv     (17565): [cplayer] v: Running hook: ytdl_hook/on_load
08-22 17:16:43.154 I/MpvEvent(17565): [PlaybackTrace][Native][eventLoop] event_id=2 error=0
08-22 17:16:43.154 I/MpvEvent(17565): [PlaybackTrace][Native][mpv-log] prefix=cplayer level=v text=Running hook: ytdl_hook/on_load
08-22 17:16:43.154 D/mpv     (17565): [cplayer] v: Running hook: ytdl_hook/on_load
08-22 17:16:43.154 I/MpvEvent(17565): [PlaybackTrace][Native][eventLoop] event_id=2 error=0
08-22 17:16:43.154 I/MpvEvent(17565): [PlaybackTrace][Native][mpv-log] prefix=ytdl_hook level=v text=playlist hook
08-22 17:16:43.154 I/MpvEvent(17565): [PlaybackTrace][Native][eventLoop] event_id=2 error=0
08-22 17:16:43.154 I/MpvEvent(17565): [PlaybackTrace][Native][mpv-log] prefix=stream_callback level=v text=Opening https://prod-1.storage.jamendo.com/?trackid=1593988&format=mp31&from=%2FV3E9Qwm8kkOD6hbkNYXkg%3D%3D%7CMJJdmScXeWFhFQqasgwXjQ%3D%3D
08-22 17:16:43.154 I/MpvEvent(17565): [PlaybackTrace][Native][eventLoop] event_id=2 error=0
08-22 17:16:43.154 I/MpvEvent(17565): [PlaybackTrace][Native][mpv-log] prefix=ffmpeg level=v text=Opening https://prod-1.storage.jamendo.com/?trackid=1593988&format=mp31&from=%2FV3E9Qwm8kkOD6hbkNYXkg%3D%3D%7CMJJdmScXeWFhFQqasgwXjQ%3D%3D
08-22 17:16:43.154 D/mpv     (17565): [ffmpeg] v: Opening https://prod-1.storage.jamendo.com/?trackid=1593988&format=mp31&from=%2FV3E9Qwm8kkOD6hbkNYXkg%3D%3D%7CMJJdmScXeWFhFQqasgwXjQ%3D%3D
08-22 17:16:43.353 I/ReactNativeJS(17565): '[INFO]', '[PlaybackTrace][JS][resume:call]'
08-22 17:16:43.354 I/MpvBridgeModule(17565): [PlaybackTrace][Bridge][play] ptr=131217388352464
08-22 17:16:43.354 I/MpvJNI  (17565): [PlaybackTrace][Native][play] pause=no result=0
08-22 17:16:43.354 I/MpvBridgeModule(17565): [PlaybackTrace][Bridge][play] nativePlay returned
08-22 17:16:43.354 I/MpvEvent(17565): [PlaybackTrace][Native][eventLoop] event_id=2 error=0
08-22 17:16:43.354 I/MpvEvent(17565): [PlaybackTrace][Native][mpv-log] prefix=cplayer level=v text=Set property: pause="no" -> 1
08-22 17:16:43.354 D/mpv     (17565): [cplayer] v: Set property: pause="no" -> 1
08-22 17:16:43.369 I/MpvJNI  (17565): [PlaybackTrace][Native][getPosition] result=-10 position=0.000000
08-22 17:16:43.369 D/MpvBridgeModule(17565): [PlaybackTrace][Bridge][getPosition] ptr=131217388352464 position=0.0
08-22 17:16:43.369 I/MpvJNI  (17565): [PlaybackTrace][Native][getDuration] result=-10 duration=0.000000
08-22 17:16:43.369 D/MpvBridgeModule(17565): [PlaybackTrace][Bridge][getDuration] ptr=131217388352464 duration=0.0
08-22 17:16:43.369 D/MpvBridgeModule(17565): [PlaybackTrace][Bridge][getPlaybackState] ptr=131217388352464 state=playing idle=false eof=false pause=false
08-22 17:16:43.371 I/MpvJNI  (17565): [PlaybackTrace][Native][getDuration] result=-10 duration=0.000000
08-22 17:16:43.371 D/MpvBridgeModule(17565): [PlaybackTrace][Bridge][getDuration] ptr=131217388352464 duration=0.0
08-22 17:16:43.507 I/ReactNativeJS(17565): '[INFO]', '[PlaybackTrace][Controller][loadAndResume:before]', { uri: 'https://prod-1.storage.jamendo.com/?trackid=1593988&format=mp31&from=%2FV3E9Qwm8kkOD6hbkNYXkg%3D%3D%7CMJJdmScXeWFhFQqasgwXjQ%3D%3D',
08-22 17:16:43.508 I/ReactNativeJS(17565): '[INFO]', '[PlaybackTrace][JS][loadFile:call]', { requestedPath: 'https://prod-1.storage.jamendo.com/?trackid=1593988&format=mp31&from=%2FV3E9Qwm8kkOD6hbkNYXkg%3D%3D%7CMJJdmScXeWFhFQqasgwXjQ%3D%3D',
08-22 17:16:43.508 I/ReactNativeJS(17565): '[INFO]', '[PlaybackTrace][JS][loadFile:return]', { resolvedPath: 'https://prod-1.storage.jamendo.com/?trackid=1593988&format=mp31&from=%2FV3E9Qwm8kkOD6hbkNYXkg%3D%3D%7CMJJdmScXeWFhFQqasgwXjQ%3D%3D' }
08-22 17:16:43.508 I/MpvBridgeModule(17565): [PlaybackTrace][Bridge][loadFile] requested=https://prod-1.storage.jamendo.com/?trackid=1593988&format=mp31&from=%2FV3E9Qwm8kkOD6hbkNYXkg%3D%3D%7CMJJdmScXeWFhFQqasgwXjQ%3D%3D resolved=https://prod-1.storage.jamendo.com/?trackid=1593988&format=mp31&from=%2FV3E9Qwm8kkOD6hbkNYXkg%3D%3D%7CMJJdmScXeWFhFQqasgwXjQ%3D%3D ptr=131217388352464
08-22 17:16:43.509 I/MpvJNI  (17565): [PlaybackTrace][Native][loadFile] begin path=https://prod-1.storage.jamendo.com/?trackid=1593988&format=mp31&from=%2FV3E9Qwm8kkOD6hbkNYXkg%3D%3D%7CMJJdmScXeWFhFQqasgwXjQ%3D%3D initialized=1
08-22 17:16:43.509 I/MpvJNI  (17565): [PlaybackTrace][Native][loadFile] loadfile command accepted result=0
08-22 17:16:43.509 I/MpvBridgeModule(17565): [PlaybackTrace][Bridge][loadFile] nativeLoadFile returned
08-22 17:16:43.509 I/ReactNativeJS(17565): '[INFO]', '[PlaybackTrace][Controller][loadAndResume:loaded]', 'https://prod-1.storage.jamendo.com/?trackid=1593988&format=mp31&from=%2FV3E9Qwm8kkOD6hbkNYXkg%3D%3D%7CMJJdmScXeWFhFQqasgwXjQ%3D%3D'
08-22 17:16:43.511 I/ReactNativeJS(17565): '[INFO]', '[PlaybackTrace][JS][resume:call]'
08-22 17:16:43.511 I/MpvBridgeModule(17565): [PlaybackTrace][Bridge][play] ptr=131217388352464
08-22 17:16:43.512 I/ReactNativeJS(17565): '[INFO]', '[PlaybackTrace][Controller][loadAndResume:resumed]', 'https://prod-1.storage.jamendo.com/?trackid=1593988&format=mp31&from=%2FV3E9Qwm8kkOD6hbkNYXkg%3D%3D%7CMJJdmScXeWFhFQqasgwXjQ%3D%3D'
08-22 17:16:43.512 I/MpvJNI  (17565): [PlaybackTrace][Native][play] pause=no result=0
08-22 17:16:43.512 I/MpvBridgeModule(17565): [PlaybackTrace][Bridge][play] nativePlay returned
08-22 17:16:43.512 I/MpvEvent(17565): [PlaybackTrace][Native][eventLoop] event_id=2 error=0
08-22 17:16:43.512 I/MpvEvent(17565): [PlaybackTrace][Native][mpv-log] prefix=cplayer level=v text=Set property: pause="no" -> 1
08-22 17:16:43.512 D/mpv     (17565): [cplayer] v: Set property: pause="no" -> 1
08-22 17:16:43.545 I/MpvEvent(17565): [PlaybackTrace][Native][eventLoop] event_id=2 error=0
08-22 17:16:43.545 I/MpvEvent(17565): [PlaybackTrace][Native][mpv-log] prefix=ffmpeg level=error text=tls: mbedtls_ssl_handshake returned -0x7280
08-22 17:16:43.545 D/mpv     (17565): [ffmpeg] error: tls: mbedtls_ssl_handshake returned -0x7280
08-22 17:16:43.545 E/MpvEvent(17565): [PlaybackTrace][Native][dispatch:error] code=-1 message=tls: mbedtls_ssl_handshake returned -0x7280
08-22 17:16:43.545 E/MpvBridgeModule(17565): [PlaybackTrace][Bridge][listener:error] code=-1 message=tls: mbedtls_ssl_handshake returned -0x7280
08-22 17:16:43.547 I/MpvEvent(17565): [PlaybackTrace][Native][eventLoop] event_id=7 error=0
08-22 17:16:43.554 E/MpvEvent(17565): [PlaybackTrace][Native][eventLoop] MPV_EVENT_END_FILE reason=2 error=0
08-22 17:16:43.554 I/MpvEvent(17565): [PlaybackTrace][Native][dispatch:event] name=endFile payload={"reason":2,"error":0}
08-22 17:16:43.554 D/MPVLib  (17565): onNativeEvent: endFile {"reason":2,"error":0}
08-22 17:16:43.555 I/MpvBridgeModule(17565): [PlaybackTrace][Bridge][listener:event] name=endFile payload={"reason":2,"error":0}
08-22 17:16:43.557 I/MpvEvent(17565): [PlaybackTrace][Native][eventLoop] event_id=2 error=0
08-22 17:16:43.557 I/MpvEvent(17565): [PlaybackTrace][Native][mpv-log] prefix=cplayer level=v text=Opening failed or was aborted: https://prod-1.storage.jamendo.com/?trackid=1593988&format=mp31&from=%2FV3E9Qwm8kkOD6hbkNYXkg%3D%3D%7CMJJdmScXeWFhFQqasgwXjQ%3D%3D
08-22 17:16:43.557 D/mpv     (17565): [cplayer] v: Opening failed or was aborted: https://prod-1.storage.jamendo.com/?trackid=1593988&format=mp31&from=%2FV3E9Qwm8kkOD6hbkNYXkg%3D%3D%7CMJJdmScXeWFhFQqasgwXjQ%3D%3D
08-22 17:16:43.557 I/MpvEvent(17565): [PlaybackTrace][Native][eventLoop] event_id=2 error=0
08-22 17:16:43.558 I/MpvEvent(17565): [PlaybackTrace][Native][mpv-log] prefix=cplayer level=v text=finished playback, success (reason 2)
08-22 17:16:43.558 D/mpv     (17565): [cplayer] v: finished playback, success (reason 2)
08-22 17:16:43.558 I/MpvEvent(17565): [PlaybackTrace][Native][eventLoop] event_id=2 error=0
08-22 17:16:43.558 I/MpvEvent(17565): [PlaybackTrace][Native][mpv-log] prefix=cplayer level=v text=Running hook: ytdl_hook/on_after_end_file
08-22 17:16:43.558 D/mpv     (17565): [cplayer] v: Running hook: ytdl_hook/on_after_end_file
08-22 17:16:43.561 I/MpvEvent(17565): [PlaybackTrace][Native][eventLoop] event_id=6 error=0
08-22 17:16:43.561 I/MpvEvent(17565): MPV_EVENT_START_FILE
08-22 17:16:43.561 I/MpvEvent(17565): [PlaybackTrace][Native][dispatch:event] name=startFile payload={}
08-22 17:16:43.562 D/MPVLib  (17565): onNativeEvent: startFile {}
08-22 17:16:43.562 I/MpvBridgeModule(17565): [PlaybackTrace][Bridge][listener:event] name=startFile payload={}
08-22 17:16:43.562 I/MpvEvent(17565): [PlaybackTrace][Native][eventLoop] event_id=2 error=0
08-22 17:16:43.562 I/MpvEvent(17565): [PlaybackTrace][Native][mpv-log] prefix=cplayer level=v text=Running hook: ytdl_hook/on_load
08-22 17:16:43.563 D/mpv     (17565): [cplayer] v: Running hook: ytdl_hook/on_load
08-22 17:16:43.564 I/MpvEvent(17565): [PlaybackTrace][Native][eventLoop] event_id=2 error=0
08-22 17:16:43.564 I/MpvJNI  (17565): [PlaybackTrace][Native][getDuration] result=-10 duration=0.000000
08-22 17:16:43.564 I/MpvEvent(17565): [PlaybackTrace][Native][mpv-log] prefix=cplayer level=v text=Running hook: ytdl_hook/on_load
08-22 17:16:43.564 D/mpv     (17565): [cplayer] v: Running hook: ytdl_hook/on_load
08-22 17:16:43.564 I/MpvEvent(17565): [PlaybackTrace][Native][eventLoop] event_id=2 error=0
08-22 17:16:43.564 D/MpvBridgeModule(17565): [PlaybackTrace][Bridge][getDuration] ptr=131217388352464 duration=0.0
08-22 17:16:43.564 I/MpvEvent(17565): [PlaybackTrace][Native][mpv-log] prefix=ytdl_hook level=v text=playlist hook
08-22 17:16:43.565 I/MpvEvent(17565): [PlaybackTrace][Native][eventLoop] event_id=2 error=0
08-22 17:16:43.565 I/MpvEvent(17565): [PlaybackTrace][Native][mpv-log] prefix=stream_callback level=v text=Opening https://prod-1.storage.jamendo.com/?trackid=1593988&format=mp31&from=%2FV3E9Qwm8kkOD6hbkNYXkg%3D%3D%7CMJJdmScXeWFhFQqasgwXjQ%3D%3D
08-22 17:16:43.568 I/MpvEvent(17565): [PlaybackTrace][Native][eventLoop] event_id=2 error=0
08-22 17:16:43.568 I/MpvEvent(17565): [PlaybackTrace][Native][mpv-log] prefix=ffmpeg level=v text=Opening https://prod-1.storage.jamendo.com/?trackid=1593988&format=mp31&from=%2FV3E9Qwm8kkOD6hbkNYXkg%3D%3D%7CMJJdmScXeWFhFQqasgwXjQ%3D%3D
08-22 17:16:43.568 D/mpv     (17565): [ffmpeg] v: Opening https://prod-1.storage.jamendo.com/?trackid=1593988&format=mp31&from=%2FV3E9Qwm8kkOD6hbkNYXkg%3D%3D%7CMJJdmScXeWFhFQqasgwXjQ%3D%3D
08-22 17:16:43.771 I/ReactNativeJS(17565): '[INFO]', '[PlaybackTrace][JS][resume:call]'
08-22 17:16:43.774 I/MpvBridgeModule(17565): [PlaybackTrace][Bridge][play] ptr=131217388352464
08-22 17:16:43.775 I/MpvJNI  (17565): [PlaybackTrace][Native][play] pause=no result=0
08-22 17:16:43.775 I/MpvBridgeModule(17565): [PlaybackTrace][Bridge][play] nativePlay returned
08-22 17:16:43.776 I/MpvEvent(17565): [PlaybackTrace][Native][eventLoop] event_id=2 error=0
08-22 17:16:43.776 I/MpvEvent(17565): [PlaybackTrace][Native][mpv-log] prefix=cplayer level=v text=Set property: pause="no" -> 1
08-22 17:16:43.776 D/mpv     (17565): [cplayer] v: Set property: pause="no" -> 1
08-22 17:16:43.819 I/MpvJNI  (17565): [PlaybackTrace][Native][getPosition] result=-10 position=0.000000
08-22 17:16:43.819 D/MpvBridgeModule(17565): [PlaybackTrace][Bridge][getPosition] ptr=131217388352464 position=0.0
08-22 17:16:43.820 I/MpvJNI  (17565): [PlaybackTrace][Native][getDuration] result=-10 duration=0.000000
08-22 17:16:43.820 D/MpvBridgeModule(17565): [PlaybackTrace][Bridge][getDuration] ptr=131217388352464 duration=0.0
08-22 17:16:43.820 D/MpvBridgeModule(17565): [PlaybackTrace][Bridge][getPlaybackState] ptr=131217388352464 state=playing idle=false eof=false pause=false
08-22 17:16:44.260 I/MpvEvent(17565): [PlaybackTrace][Native][eventLoop] event_id=2 error=0
08-22 17:16:44.260 I/MpvEvent(17565): [PlaybackTrace][Native][mpv-log] prefix=ffmpeg level=v text=Mime-type: 'audio/mpeg'
08-22 17:16:44.261 D/mpv     (17565): [ffmpeg] v: Mime-type: 'audio/mpeg'
08-22 17:16:44.261 I/MpvEvent(17565): [PlaybackTrace][Native][eventLoop] event_id=2 error=0
08-22 17:16:44.261 I/MpvEvent(17565): [PlaybackTrace][Native][mpv-log] prefix=demux level=v text=Trying demuxers for level=normal.
08-22 17:16:44.275 I/MpvEvent(17565): [PlaybackTrace][Native][eventLoop] event_id=2 error=0
08-22 17:16:44.275 I/MpvEvent(17565): [PlaybackTrace][Native][mpv-log] prefix=lavf level=v text=Found 'mp3' at score=24 size=2048.
08-22 17:16:44.385 I/MpvJNI  (17565): [PlaybackTrace][Native][getPosition] result=-10 position=0.000000
08-22 17:16:44.385 D/MpvBridgeModule(17565): [PlaybackTrace][Bridge][getPosition] ptr=131217388352464 position=0.0
08-22 17:16:44.385 I/MpvJNI  (17565): [PlaybackTrace][Native][getDuration] result=-10 duration=0.000000
08-22 17:16:44.385 D/MpvBridgeModule(17565): [PlaybackTrace][Bridge][getDuration] ptr=131217388352464 duration=0.0
08-22 17:16:44.385 D/MpvBridgeModule(17565): [PlaybackTrace][Bridge][getPlaybackState] ptr=131217388352464 state=playing idle=false eof=false pause=false
08-22 17:16:44.469 I/MpvEvent(17565): [PlaybackTrace][Native][eventLoop] event_id=22 error=0
08-22 17:16:44.469 I/MpvEvent(17565): [PlaybackTrace][Native][property] name=cache-buffering-state format=6 value=null
08-22 17:16:44.469 I/MpvEvent(17565): [PlaybackTrace][Native][dispatch:property] name=cache-buffering-state value=null
08-22 17:16:44.469 D/MPVLib  (17565): onNativePropertyChanged: cache-buffering-state = null
08-22 17:16:44.469 I/MpvBridgeModule(17565): [PlaybackTrace][Bridge][listener:property] name=cache-buffering-state value=null
08-22 17:16:44.473 I/MpvEvent(17565): [PlaybackTrace][Native][eventLoop] event_id=18 error=0
08-22 17:16:44.473 I/MpvEvent(17565): [PlaybackTrace][Native][eventLoop] MPV_EVENT_AUDIO_RECONFIG
08-22 17:16:44.473 I/MpvEvent(17565): [PlaybackTrace][Native][dispatch:event] name=audioReconfig payload={}
08-22 17:16:44.473 I/MpvBridgeModule(17565): [PlaybackTrace][Bridge][listener:event] name=audioReconfig payload={}
08-22 17:16:44.475 I/MpvEvent(17565): [PlaybackTrace][Native][eventLoop] event_id=18 error=0
08-22 17:16:44.475 I/MpvEvent(17565): [PlaybackTrace][Native][eventLoop] MPV_EVENT_AUDIO_RECONFIG
08-22 17:16:44.475 I/MpvEvent(17565): [PlaybackTrace][Native][dispatch:event] name=audioReconfig payload={}
08-22 17:16:44.475 I/MpvBridgeModule(17565): [PlaybackTrace][Bridge][listener:event] name=audioReconfig payload={}
08-22 17:16:44.476 I/MpvEvent(17565): [PlaybackTrace][Native][eventLoop] event_id=8 error=0
08-22 17:16:44.476 I/MpvEvent(17565): MPV_EVENT_FILE_LOADED
08-22 17:16:44.477 I/MpvEvent(17565): [PlaybackTrace][Native][dispatch:event] name=fileLoaded payload={}
08-22 17:16:44.477 D/MPVLib  (17565): onNativeEvent: fileLoaded {}
08-22 17:16:44.477 I/MpvBridgeModule(17565): [PlaybackTrace][Bridge][listener:event] name=fileLoaded payload={}
08-22 17:16:44.478 I/MpvEvent(17565): [PlaybackTrace][Native][eventLoop] event_id=2 error=0
08-22 17:16:44.478 I/MpvEvent(17565): [PlaybackTrace][Native][mpv-log] prefix=lavf level=v text=avformat_find_stream_info() finished after 32275 bytes.
08-22 17:16:44.478 I/MpvEvent(17565): [PlaybackTrace][Native][eventLoop] event_id=2 error=0
08-22 17:16:44.478 I/MpvEvent(17565): [PlaybackTrace][Native][mpv-log] prefix=lavf level=v text=Assuming this is an image format.
08-22 17:16:44.478 I/MpvEvent(17565): [PlaybackTrace][Native][eventLoop] event_id=2 error=0
08-22 17:16:44.478 I/MpvEvent(17565): [PlaybackTrace][Native][mpv-log] prefix=demux level=v text=Detected file format: mp3 (libavformat)
08-22 17:16:44.478 I/MpvEvent(17565): [PlaybackTrace][Native][eventLoop] event_id=2 error=0
08-22 17:16:44.478 I/MpvEvent(17565): [PlaybackTrace][Native][mpv-log] prefix=cplayer level=v text=Opening done: https://prod-1.storage.jamendo.com/?trackid=1593988&format=mp31&from=%2FV3E9Qwm8kkOD6hbkNYXkg%3D%3D%7CMJJdmScXeWFhFQqasgwXjQ%3D%3D
08-22 17:16:44.478 D/mpv     (17565): [cplayer] v: Opening done: https://prod-1.storage.jamendo.com/?trackid=1593988&format=mp31&from=%2FV3E9Qwm8kkOD6hbkNYXkg%3D%3D%7CMJJdmScXeWFhFQqasgwXjQ%3D%3D
08-22 17:16:44.478 I/MpvEvent(17565): [PlaybackTrace][Native][eventLoop] event_id=2 error=0
08-22 17:16:44.478 I/MpvEvent(17565): [PlaybackTrace][Native][mpv-log] prefix=cplayer level=v text=Running hook: ytdl_hook/on_preloaded
08-22 17:16:44.478 D/mpv     (17565): [cplayer] v: Running hook: ytdl_hook/on_preloaded
08-22 17:16:44.478 I/MpvEvent(17565): [PlaybackTrace][Native][eventLoop] event_id=2 error=0
08-22 17:16:44.478 I/MpvEvent(17565): [PlaybackTrace][Native][mpv-log] prefix=lavf level=v text=select track 1
08-22 17:16:44.479 I/ReactNativeJS(17565): '[INFO]', '[PlaybackTrace][Controller][event:onFileLoaded]', { fileUri: 'https://prod-1.storage.jamendo.com/?trackid=1593988&format=mp31&from=%2FV3E9Qwm8kkOD6hbkNYXkg%3D%3D%7CMJJdmScXeWFhFQqasgwXjQ%3D%3D',
08-22 17:16:44.479 I/MpvEvent(17565): [PlaybackTrace][Native][eventLoop] event_id=2 error=0
08-22 17:16:44.479 I/MpvEvent(17565): [PlaybackTrace][Native][mpv-log] prefix=lavf level=v text=select track 0
08-22 17:16:44.480 I/MpvEvent(17565): [PlaybackTrace][Native][eventLoop] event_id=2 error=0
08-22 17:16:44.480 I/MpvEvent(17565): [PlaybackTrace][Native][mpv-log] prefix=cplayer level=info text=ΓùÅ Image  --vid=1  'Cover Image' (mjpeg [Baseline] 400x400)
08-22 17:16:44.480 D/mpv     (17565): [cplayer] info: ΓùÅ Image  --vid=1  'Cover Image' (mjpeg [Baseline] 400x400)
08-22 17:16:44.480 I/MpvEvent(17565): [PlaybackTrace][Native][eventLoop] event_id=2 error=0
08-22 17:16:44.480 I/MpvEvent(17565): [PlaybackTrace][Native][mpv-log] prefix=cplayer level=info text=ΓùÅ Audio  --aid=1  (mp3 2ch 44100 Hz 96 kbps)
08-22 17:16:44.480 D/mpv     (17565): [cplayer] info: ΓùÅ Audio  --aid=1  (mp3 2ch 44100 Hz 96 kbps)
08-22 17:16:44.480 I/MpvEvent(17565): [PlaybackTrace][Native][eventLoop] event_id=2 error=0
08-22 17:16:44.480 I/MpvEvent(17565): [PlaybackTrace][Native][mpv-log] prefix=display-tags level=info text=File tags:
08-22 17:16:44.480 I/MpvEvent(17565): [PlaybackTrace][Native][eventLoop] event_id=2 error=0
08-22 17:16:44.480 I/MpvEvent(17565): [PlaybackTrace][Native][mpv-log] prefix=display-tags level=info text= Artist: Joystock
08-22 17:16:44.480 I/MpvEvent(17565): [PlaybackTrace][Native][eventLoop] event_id=2 error=0
08-22 17:16:44.480 I/MpvEvent(17565): [PlaybackTrace][Native][mpv-log] prefix=display-tags level=info text= Comment: http://www.jamendo.com cc_standard
08-22 17:16:44.482 I/MpvEvent(17565): [PlaybackTrace][Native][eventLoop] event_id=2 error=0
08-22 17:16:44.482 I/MpvEvent(17565): [PlaybackTrace][Native][mpv-log] prefix=display-tags level=info text= Composer: Joystock
08-22 17:16:44.482 I/MpvEvent(17565): [PlaybackTrace][Native][eventLoop] event_id=22 error=0
08-22 17:16:44.482 I/MpvEvent(17565): [PlaybackTrace][Native][property] name=paused-for-cache format=6 value=null
08-22 17:16:44.482 I/MpvEvent(17565): [PlaybackTrace][Native][dispatch:property] name=paused-for-cache value=null
08-22 17:16:44.482 D/MPVLib  (17565): onNativePropertyChanged: paused-for-cache = null
08-22 17:16:44.482 I/MpvBridgeModule(17565): [PlaybackTrace][Bridge][listener:property] name=paused-for-cache value=null
08-22 17:16:44.484 I/MpvEvent(17565): [PlaybackTrace][Native][eventLoop] event_id=22 error=0
08-22 17:16:44.484 I/MpvEvent(17565): [PlaybackTrace][Native][property] name=seekable format=6 value=null
08-22 17:16:44.484 I/MpvEvent(17565): [PlaybackTrace][Native][dispatch:property] name=seekable value=null
08-22 17:16:44.485 I/MpvBridgeModule(17565): [PlaybackTrace][Bridge][listener:property] name=seekable value=null
08-22 17:16:44.489 I/MpvEvent(17565): [PlaybackTrace][Native][eventLoop] event_id=2 error=0
08-22 17:16:44.489 I/MpvEvent(17565): [PlaybackTrace][Native][mpv-log] prefix=display-tags level=info text= Date: 2018
08-22 17:16:44.490 I/MpvEvent(17565): [PlaybackTrace][Native][eventLoop] event_id=2 error=0
08-22 17:16:44.491 I/MpvEvent(17565): [PlaybackTrace][Native][mpv-log] prefix=display-tags level=info text= Genre: chillhop
08-22 17:16:44.491 I/MpvEvent(17565): [PlaybackTrace][Native][eventLoop] event_id=2 error=0
08-22 17:16:44.491 I/MpvEvent(17565): [PlaybackTrace][Native][mpv-log] prefix=display-tags level=info text= Title: Lofi Chillout Hip Hop Beat
08-22 17:16:44.491 I/MpvEvent(17565): [PlaybackTrace][Native][eventLoop] event_id=2 error=0
08-22 17:16:44.491 I/MpvEvent(17565): [PlaybackTrace][Native][mpv-log] prefix=display-tags level=info text= Track: 62
08-22 17:16:44.491 I/MpvEvent(17565): [PlaybackTrace][Native][eventLoop] event_id=2 error=0
08-22 17:16:44.491 I/MpvEvent(17565): [PlaybackTrace][Native][mpv-log] prefix=vd level=v text=Container reported FPS: 1.000000
08-22 17:16:44.491 I/MpvEvent(17565): [PlaybackTrace][Native][eventLoop] event_id=2 error=0
08-22 17:16:44.491 I/MpvEvent(17565): [PlaybackTrace][Native][mpv-log] prefix=vd level=v text=Codec list:
08-22 17:16:44.491 I/MpvEvent(17565): [PlaybackTrace][Native][eventLoop] event_id=2 error=0
08-22 17:16:44.491 I/MpvEvent(17565): [PlaybackTrace][Native][mpv-log] prefix=vd level=v text=    mjpeg - MJPEG (Motion JPEG)
08-22 17:16:44.491 I/MpvEvent(17565): [PlaybackTrace][Native][eventLoop] event_id=2 error=0
08-22 17:16:44.491 I/MpvEvent(17565): [PlaybackTrace][Native][mpv-log] prefix=vd level=v text=Opening decoder mjpeg
08-22 17:16:44.491 I/MpvEvent(17565): [PlaybackTrace][Native][eventLoop] event_id=2 error=0
08-22 17:16:44.491 I/MpvEvent(17565): [PlaybackTrace][Native][mpv-log] prefix=vd level=v text=Not trying to use hardware decoding: codec mjpeg is not on whitelist.
08-22 17:16:44.491 I/MpvEvent(17565): [PlaybackTrace][Native][eventLoop] event_id=2 error=0
08-22 17:16:44.491 I/MpvEvent(17565): [PlaybackTrace][Native][mpv-log] prefix=vd level=v text=Using software decoding.
08-22 17:16:44.492 I/MpvEvent(17565): [PlaybackTrace][Native][eventLoop] event_id=2 error=0
08-22 17:16:44.492 I/MpvEvent(17565): [PlaybackTrace][Native][mpv-log] prefix=vd level=v text=Detected 4 logical cores.
08-22 17:16:44.492 I/MpvEvent(17565): [PlaybackTrace][Native][eventLoop] event_id=2 error=0
08-22 17:16:44.492 I/MpvEvent(17565): [PlaybackTrace][Native][mpv-log] prefix=vd level=v text=Requesting 5 threads for decoding.
08-22 17:16:44.492 I/MpvEvent(17565): [PlaybackTrace][Native][eventLoop] event_id=2 error=0
08-22 17:16:44.492 I/MpvEvent(17565): [PlaybackTrace][Native][mpv-log] prefix=vd level=v text=Selected decoder: mjpeg - MJPEG (Motion JPEG)
08-22 17:16:44.492 I/MpvEvent(17565): [PlaybackTrace][Native][eventLoop] event_id=2 error=0
08-22 17:16:44.492 I/MpvEvent(17565): [PlaybackTrace][Native][mpv-log] prefix=vf level=v text=User filter list:
08-22 17:16:44.492 I/MpvEvent(17565): [PlaybackTrace][Native][eventLoop] event_id=2 error=0
08-22 17:16:44.492 I/MpvEvent(17565): [PlaybackTrace][Native][mpv-log] prefix=vf level=v text=  (empty)
08-22 17:16:44.493 I/MpvEvent(17565): [PlaybackTrace][Native][eventLoop] event_id=2 error=0
08-22 17:16:44.493 I/MpvEvent(17565): [PlaybackTrace][Native][mpv-log] prefix=ad level=v text=Codec list:
08-22 17:16:44.493 I/MpvEvent(17565): [PlaybackTrace][Native][eventLoop] event_id=2 error=0
08-22 17:16:44.494 I/MpvEvent(17565): [PlaybackTrace][Native][mpv-log] prefix=ad level=v text=    mp3float (mp3) - MP3 (MPEG audio layer 3)
08-22 17:16:44.495 I/MpvEvent(17565): [PlaybackTrace][Native][eventLoop] event_id=2 error=0
08-22 17:16:44.495 I/MpvEvent(17565): [PlaybackTrace][Native][mpv-log] prefix=ad level=v text=    mp3 - MP3 (MPEG audio layer 3)
08-22 17:16:44.495 I/MpvEvent(17565): [PlaybackTrace][Native][eventLoop] event_id=2 error=0
08-22 17:16:44.495 I/MpvEvent(17565): [PlaybackTrace][Native][mpv-log] prefix=ad level=v text=    mp3_mediacodec (mp3) - MP3 Android MediaCodec decoder
08-22 17:16:44.495 I/MpvEvent(17565): [PlaybackTrace][Native][eventLoop] event_id=2 error=0
08-22 17:16:44.495 I/MpvEvent(17565): [PlaybackTrace][Native][mpv-log] prefix=ad level=v text=Opening decoder mp3float
08-22 17:16:44.495 I/MpvEvent(17565): [PlaybackTrace][Native][eventLoop] event_id=2 error=0
08-22 17:16:44.495 I/MpvEvent(17565): [PlaybackTrace][Native][mpv-log] prefix=ad level=v text=Requesting 1 threads for decoding.
08-22 17:16:44.495 I/MpvEvent(17565): [PlaybackTrace][Native][eventLoop] event_id=2 error=0
08-22 17:16:44.495 I/MpvEvent(17565): [PlaybackTrace][Native][mpv-log] prefix=ad level=v text=Selected decoder: mp3float - MP3 (MPEG audio layer 3)
08-22 17:16:44.495 I/MpvEvent(17565): [PlaybackTrace][Native][eventLoop] event_id=2 error=0
08-22 17:16:44.495 I/MpvEvent(17565): [PlaybackTrace][Native][mpv-log] prefix=af level=v text=User filter list:
08-22 17:16:44.495 I/MpvEvent(17565): [PlaybackTrace][Native][eventLoop] event_id=2 error=0
08-22 17:16:44.495 I/MpvEvent(17565): [PlaybackTrace][Native][mpv-log] prefix=af level=v text=  (empty)
08-22 17:16:44.495 I/MpvEvent(17565): [PlaybackTrace][Native][eventLoop] event_id=2 error=0
08-22 17:16:44.495 I/MpvEvent(17565): [PlaybackTrace][Native][mpv-log] prefix=cplayer level=info text=Displaying cover art. Use --no-audio-display to prevent this.
08-22 17:16:44.495 D/mpv     (17565): [cplayer] info: Displaying cover art. Use --no-audio-display to prevent this.
08-22 17:16:44.496 I/MpvEvent(17565): [PlaybackTrace][Native][eventLoop] event_id=2 error=0
08-22 17:16:44.496 I/MpvEvent(17565): [PlaybackTrace][Native][mpv-log] prefix=cplayer level=v text=Starting playback...
08-22 17:16:44.496 D/mpv     (17565): [cplayer] v: Starting playback...
08-22 17:16:44.496 I/MpvEvent(17565): [PlaybackTrace][Native][eventLoop] event_id=2 error=0
08-22 17:16:44.496 I/MpvEvent(17565): [PlaybackTrace][Native][mpv-log] prefix=vd level=v text=DR failed - disabling.
08-22 17:16:44.496 I/MpvEvent(17565): [PlaybackTrace][Native][eventLoop] event_id=2 error=0
08-22 17:16:44.496 I/MpvEvent(17565): [PlaybackTrace][Native][mpv-log] prefix=ffmpeg/video level=error text=mjpeg: overread 8
08-22 17:16:44.496 E/MpvEvent(17565): [PlaybackTrace][Native][dispatch:error] code=-1 message=mjpeg: overread 8
08-22 17:16:44.496 E/MpvBridgeModule(17565): [PlaybackTrace][Bridge][listener:error] code=-1 message=mjpeg: overread 8
08-22 17:16:44.497 I/MpvEvent(17565): [PlaybackTrace][Native][eventLoop] event_id=2 error=0
08-22 17:16:44.497 I/MpvEvent(17565): [PlaybackTrace][Native][mpv-log] prefix=ffmpeg/video level=warn text=mjpeg: EOI missing, emulating
08-22 17:16:44.497 I/MpvEvent(17565): [PlaybackTrace][Native][eventLoop] event_id=2 error=0
08-22 17:16:44.497 I/MpvEvent(17565): [PlaybackTrace][Native][mpv-log] prefix=vd level=v text=Using software decoding.
08-22 17:16:44.497 I/MpvEvent(17565): [PlaybackTrace][Native][eventLoop] event_id=2 error=0
08-22 17:16:44.497 I/MpvEvent(17565): [PlaybackTrace][Native][mpv-log] prefix=vd level=v text=Decoder format: 400x400 yuv420p bt.601/auto/auto/full/auto CL=mpeg1/jpeg crop=400x400+0+0 A=none
08-22 17:16:44.497 I/MpvEvent(17565): [PlaybackTrace][Native][eventLoop] event_id=2 error=0
08-22 17:16:44.497 I/MpvEvent(17565): [PlaybackTrace][Native][mpv-log] prefix=vf level=v text=[in] 400x400 yuv420p bt.601/bt.709/srgb/full/display CL=mpeg1/jpeg crop=400x400+0+0 A=none
08-22 17:16:44.497 I/MpvEvent(17565): [PlaybackTrace][Native][eventLoop] event_id=2 error=0
08-22 17:16:44.497 I/MpvEvent(17565): [PlaybackTrace][Native][mpv-log] prefix=vf level=v text=[userdeint] 400x400 yuv420p bt.601/bt.709/srgb/full/display CL=mpeg1/jpeg crop=400x400+0+0 A=none
08-22 17:16:44.497 I/MpvEvent(17565): [PlaybackTrace][Native][eventLoop] event_id=2 error=0
08-22 17:16:44.498 I/MpvEvent(17565): [PlaybackTrace][Native][mpv-log] prefix=vf level=v text=[userdeint] (disabled)
08-22 17:16:44.498 I/MpvEvent(17565): [PlaybackTrace][Native][eventLoop] event_id=2 error=0
08-22 17:16:44.498 I/MpvEvent(17565): [PlaybackTrace][Native][mpv-log] prefix=vf level=v text=[autovflip] 400x400 yuv420p bt.601/bt.709/srgb/full/display CL=mpeg1/jpeg crop=400x400+0+0 A=none
08-22 17:16:44.498 I/MpvEvent(17565): [PlaybackTrace][Native][eventLoop] event_id=2 error=0
08-22 17:16:44.498 I/MpvEvent(17565): [PlaybackTrace][Native][mpv-log] prefix=vf level=v text=[autovflip] (disabled)
08-22 17:16:44.498 I/MpvEvent(17565): [PlaybackTrace][Native][eventLoop] event_id=2 error=0
08-22 17:16:44.498 I/MpvEvent(17565): [PlaybackTrace][Native][mpv-log] prefix=vf level=v text=[autorotate] 400x400 yuv420p bt.601/bt.709/srgb/full/display CL=mpeg1/jpeg crop=400x400+0+0 A=none
08-22 17:16:44.498 I/MpvEvent(17565): [PlaybackTrace][Native][eventLoop] event_id=2 error=0
08-22 17:16:44.498 I/MpvEvent(17565): [PlaybackTrace][Native][mpv-log] prefix=vf level=v text=[autorotate] (disabled)
08-22 17:16:44.499 I/MpvEvent(17565): [PlaybackTrace][Native][eventLoop] event_id=2 error=0
08-22 17:16:44.499 I/MpvEvent(17565): [PlaybackTrace][Native][mpv-log] prefix=vf level=v text=[convert] 400x400 yuv420p bt.601/bt.709/srgb/full/display CL=mpeg1/jpeg crop=400x400+0+0 A=none
08-22 17:16:44.499 I/MpvEvent(17565): [PlaybackTrace][Native][eventLoop] event_id=2 error=0
08-22 17:16:44.499 I/MpvEvent(17565): [PlaybackTrace][Native][mpv-log] prefix=vf level=v text=[convert] (disabled)
08-22 17:16:44.499 I/MpvEvent(17565): [PlaybackTrace][Native][eventLoop] event_id=2 error=0
08-22 17:16:44.499 I/MpvEvent(17565): [PlaybackTrace][Native][mpv-log] prefix=vf level=v text=[out] 400x400 yuv420p bt.601/bt.709/srgb/full/display CL=mpeg1/jpeg crop=400x400+0+0 A=none
08-22 17:16:44.499 I/MpvEvent(17565): [PlaybackTrace][Native][eventLoop] event_id=2 error=0
08-22 17:16:44.499 I/MpvEvent(17565): [PlaybackTrace][Native][mpv-log] prefix=af level=v text=[in] 44100Hz stereo 2ch floatp
08-22 17:16:44.499 I/MpvEvent(17565): [PlaybackTrace][Native][eventLoop] event_id=2 error=0
08-22 17:16:44.499 I/MpvEvent(17565): [PlaybackTrace][Native][mpv-log] prefix=af level=v text=[userspeed] 44100Hz stereo 2ch floatp
08-22 17:16:44.499 I/MpvEvent(17565): [PlaybackTrace][Native][eventLoop] event_id=2 error=0
08-22 17:16:44.499 I/MpvEvent(17565): [PlaybackTrace][Native][mpv-log] prefix=af level=v text=[userspeed] (disabled)
08-22 17:16:44.499 I/MpvEvent(17565): [PlaybackTrace][Native][eventLoop] event_id=2 error=0
08-22 17:16:44.499 I/MpvEvent(17565): [PlaybackTrace][Native][mpv-log] prefix=af level=v text=[convert] 44100Hz stereo 2ch floatp
08-22 17:16:44.499 I/MpvEvent(17565): [PlaybackTrace][Native][eventLoop] event_id=2 error=0
08-22 17:16:44.499 I/MpvEvent(17565): [PlaybackTrace][Native][mpv-log] prefix=cplayer level=v text=first video frame after restart shown
08-22 17:16:44.499 D/mpv     (17565): [cplayer] v: first video frame after restart shown
08-22 17:16:44.499 I/MpvEvent(17565): [PlaybackTrace][Native][eventLoop] event_id=2 error=0
08-22 17:16:44.499 I/MpvEvent(17565): [PlaybackTrace][Native][mpv-log] prefix=ao level=v text=Trying audio driver 'audiotrack'
08-22 17:16:44.499 I/MpvEvent(17565): [PlaybackTrace][Native][eventLoop] event_id=2 error=0
08-22 17:16:44.499 I/MpvEvent(17565): [PlaybackTrace][Native][mpv-log] prefix=ao/audiotrack level=v text=requested format: 44100 Hz, stereo channels, floatp
08-22 17:16:44.499 D/mpv     (17565): [ao/audiotrack] v: requested format: 44100 Hz, stereo channels, floatp
08-22 17:16:44.499 I/MpvEvent(17565): [PlaybackTrace][Native][eventLoop] event_id=2 error=0
08-22 17:16:44.499 I/MpvEvent(17565): [PlaybackTrace][Native][mpv-log] prefix=ao/audiotrack level=v text=AudioTrack.nativeOutputSampleRate = 48000
08-22 17:16:44.499 D/mpv     (17565): [ao/audiotrack] v: AudioTrack.nativeOutputSampleRate = 48000
08-22 17:16:44.500 I/MpvEvent(17565): [PlaybackTrace][Native][eventLoop] event_id=2 error=0
08-22 17:16:44.500 I/MpvEvent(17565): [PlaybackTrace][Native][mpv-log] prefix=ao/audiotrack level=v text=Channel layouts:
08-22 17:16:44.500 D/mpv     (17565): [ao/audiotrack] v: Channel layouts:
08-22 17:16:44.500 I/MpvEvent(17565): [PlaybackTrace][Native][eventLoop] event_id=2 error=0
08-22 17:16:44.500 I/MpvEvent(17565): [PlaybackTrace][Native][mpv-log] prefix=ao/audiotrack level=v text= - mono
08-22 17:16:44.500 D/mpv     (17565): [ao/audiotrack] v:  - mono
08-22 17:16:44.500 I/MpvEvent(17565): [PlaybackTrace][Native][eventLoop] event_id=2 error=0
08-22 17:16:44.500 I/MpvEvent(17565): [PlaybackTrace][Native][mpv-log] prefix=ao/audiotrack level=v text= - stereo
08-22 17:16:44.500 D/mpv     (17565): [ao/audiotrack] v:  - stereo
08-22 17:16:44.500 I/MpvEvent(17565): [PlaybackTrace][Native][eventLoop] event_id=2 error=0
08-22 17:16:44.500 I/MpvEvent(17565): [PlaybackTrace][Native][mpv-log] prefix=ao/audiotrack level=v text= - 3.0
08-22 17:16:44.500 D/mpv     (17565): [ao/audiotrack] v:  - 3.0
08-22 17:16:44.500 I/MpvEvent(17565): [PlaybackTrace][Native][eventLoop] event_id=2 error=0
08-22 17:16:44.500 I/MpvEvent(17565): [PlaybackTrace][Native][mpv-log] prefix=ao/audiotrack level=v text= - quad
08-22 17:16:44.500 D/mpv     (17565): [ao/audiotrack] v:  - quad
08-22 17:16:44.500 I/MpvEvent(17565): [PlaybackTrace][Native][eventLoop] event_id=2 error=0
08-22 17:16:44.500 I/MpvEvent(17565): [PlaybackTrace][Native][mpv-log] prefix=ao/audiotrack level=v text= - 5.0
08-22 17:16:44.500 D/mpv     (17565): [ao/audiotrack] v:  - 5.0
08-22 17:16:44.500 I/MpvEvent(17565): [PlaybackTrace][Native][eventLoop] event_id=2 error=0
08-22 17:16:44.500 I/MpvEvent(17565): [PlaybackTrace][Native][mpv-log] prefix=ao/audiotrack level=v text= - 5.1
08-22 17:16:44.500 D/mpv     (17565): [ao/audiotrack] v:  - 5.1
08-22 17:16:44.501 I/MpvEvent(17565): [PlaybackTrace][Native][eventLoop] event_id=2 error=0
08-22 17:16:44.501 I/MpvEvent(17565): [PlaybackTrace][Native][mpv-log] prefix=ao/audiotrack level=v text= - 6.1(back)
08-22 17:16:44.501 D/mpv     (17565): [ao/audiotrack] v:  - 6.1(back)
08-22 17:16:44.501 I/MpvEvent(17565): [PlaybackTrace][Native][eventLoop] event_id=2 error=0
08-22 17:16:44.501 I/MpvEvent(17565): [PlaybackTrace][Native][mpv-log] prefix=ao/audiotrack level=v text= - 7.1
08-22 17:16:44.501 D/mpv     (17565): [ao/audiotrack] v:  - 7.1
08-22 17:16:44.501 I/MpvEvent(17565): [PlaybackTrace][Native][eventLoop] event_id=2 error=0
08-22 17:16:44.501 I/MpvEvent(17565): [PlaybackTrace][Native][mpv-log] prefix=ao/audiotrack level=v text=result: stereo
08-22 17:16:44.501 D/mpv     (17565): [ao/audiotrack] v: result: stereo
08-22 17:16:44.502 I/MpvEvent(17565): [PlaybackTrace][Native][eventLoop] event_id=2 error=0
08-22 17:16:44.502 I/MpvEvent(17565): [PlaybackTrace][Native][mpv-log] prefix=ao/audiotrack level=v text=Setting bufferSize = 52920 (driver=32096, min=26460, max=52920)
08-22 17:16:44.502 D/mpv     (17565): [ao/audiotrack] v: Setting bufferSize = 52920 (driver=32096, min=26460, max=52920)
08-22 17:16:44.502 I/MpvEvent(17565): [PlaybackTrace][Native][eventLoop] event_id=2 error=0
08-22 17:16:44.502 I/MpvEvent(17565): [PlaybackTrace][Native][mpv-log] prefix=ao/audiotrack level=v text=Using NIO ByteBuffer
08-22 17:16:44.502 D/mpv     (17565): [ao/audiotrack] v: Using NIO ByteBuffer
08-22 17:16:44.502 I/MpvEvent(17565): [PlaybackTrace][Native][eventLoop] event_id=2 error=0
08-22 17:16:44.502 I/MpvEvent(17565): [PlaybackTrace][Native][mpv-log] prefix=ao/audiotrack level=v text=Using API21 initializer
08-22 17:16:44.502 D/mpv     (17565): [ao/audiotrack] v: Using API21 initializer
08-22 17:16:44.505 I/MpvEvent(17565): [PlaybackTrace][Native][eventLoop] event_id=2 error=0
08-22 17:16:44.505 I/MpvEvent(17565): [PlaybackTrace][Native][mpv-log] prefix=ao/audiotrack level=v text=AudioTrack.getBufferSizeInFrames = 6615
08-22 17:16:44.505 D/mpv     (17565): [ao/audiotrack] v: AudioTrack.getBufferSizeInFrames = 6615
08-22 17:16:44.506 I/MpvEvent(17565): [PlaybackTrace][Native][eventLoop] event_id=2 error=0
08-22 17:16:44.506 I/MpvEvent(17565): [PlaybackTrace][Native][mpv-log] prefix=ao/audiotrack level=v text=device buffer: 6615 samples.
08-22 17:16:44.506 D/mpv     (17565): [ao/audiotrack] v: device buffer: 6615 samples.
08-22 17:16:44.506 I/MpvEvent(17565): [PlaybackTrace][Native][eventLoop] event_id=2 error=0
08-22 17:16:44.506 I/MpvEvent(17565): [PlaybackTrace][Native][mpv-log] prefix=ao/audiotrack level=v text=using soft-buffer of 8820 samples.
08-22 17:16:44.506 D/mpv     (17565): [ao/audiotrack] v: using soft-buffer of 8820 samples.
08-22 17:16:44.506 I/MpvEvent(17565): [PlaybackTrace][Native][eventLoop] event_id=2 error=0
08-22 17:16:44.506 I/MpvEvent(17565): [PlaybackTrace][Native][mpv-log] prefix=cplayer level=info text=AO: [audiotrack] 44100Hz stereo 2ch float
08-22 17:16:44.506 D/mpv     (17565): [cplayer] info: AO: [audiotrack] 44100Hz stereo 2ch float
08-22 17:16:44.506 I/MpvEvent(17565): [PlaybackTrace][Native][eventLoop] event_id=2 error=0
08-22 17:16:44.506 I/MpvEvent(17565): [PlaybackTrace][Native][mpv-log] prefix=cplayer level=v text=AO: Description: Android AudioTrack audio output
08-22 17:16:44.506 D/mpv     (17565): [cplayer] v: AO: Description: Android AudioTrack audio output
08-22 17:16:44.506 I/MpvEvent(17565): [PlaybackTrace][Native][eventLoop] event_id=18 error=0
08-22 17:16:44.506 I/MpvEvent(17565): [PlaybackTrace][Native][eventLoop] MPV_EVENT_AUDIO_RECONFIG
08-22 17:16:44.506 I/MpvEvent(17565): [PlaybackTrace][Native][dispatch:event] name=audioReconfig payload={}
08-22 17:16:44.506 I/MpvBridgeModule(17565): [PlaybackTrace][Bridge][listener:event] name=audioReconfig payload={}
08-22 17:16:44.508 I/MpvEvent(17565): [PlaybackTrace][Native][eventLoop] event_id=17 error=0
08-22 17:16:44.508 I/MpvEvent(17565): MPV_EVENT_VIDEO_RECONFIG
08-22 17:16:44.508 I/MpvEvent(17565): [PlaybackTrace][Native][dispatch:event] name=videoReconfig payload={}
08-22 17:16:44.515 I/MpvBridgeModule(17565): [PlaybackTrace][Bridge][listener:event] name=videoReconfig payload={}
08-22 17:16:44.522 I/MpvEvent(17565): [PlaybackTrace][Native][eventLoop] event_id=2 error=0
08-22 17:16:44.522 I/MpvEvent(17565): [PlaybackTrace][Native][mpv-log] prefix=autoconvert level=v text=inserting resampler
08-22 17:16:44.522 I/MpvEvent(17565): [PlaybackTrace][Native][eventLoop] event_id=2 error=0
08-22 17:16:44.522 I/MpvEvent(17565): [PlaybackTrace][Native][mpv-log] prefix=swresample level=v text=format change, reinitializing resampler
08-22 17:16:44.522 I/MpvEvent(17565): [PlaybackTrace][Native][eventLoop] event_id=2 error=0
08-22 17:16:44.522 I/MpvEvent(17565): [PlaybackTrace][Native][mpv-log] prefix=swresample level=v text=44100Hz stereo floatp -> 44100Hz stereo float
08-22 17:16:44.523 I/MpvEvent(17565): [PlaybackTrace][Native][eventLoop] event_id=2 error=0
08-22 17:16:44.523 I/MpvEvent(17565): [PlaybackTrace][Native][mpv-log] prefix=af level=v text=[out] 44100Hz stereo 2ch float
08-22 17:16:44.528 I/MpvEvent(17565): [PlaybackTrace][Native][eventLoop] event_id=22 error=0
08-22 17:16:44.528 I/MpvEvent(17565): [PlaybackTrace][Native][property] name=demuxer-cache-state format=6 value=null
08-22 17:16:44.528 I/MpvEvent(17565): [PlaybackTrace][Native][dispatch:property] name=demuxer-cache-state value=null
08-22 17:16:44.529 I/MpvBridgeModule(17565): [PlaybackTrace][Bridge][listener:property] name=demuxer-cache-state value=null
08-22 17:16:44.533 I/MpvEvent(17565): [PlaybackTrace][Native][eventLoop] event_id=2 error=0
08-22 17:16:44.533 I/MpvEvent(17565): [PlaybackTrace][Native][mpv-log] prefix=cplayer level=v text=audio ready
08-22 17:16:44.533 D/mpv     (17565): [cplayer] v: audio ready
08-22 17:16:44.533 I/MpvEvent(17565): [PlaybackTrace][Native][eventLoop] event_id=2 error=0
08-22 17:16:44.535 I/MpvEvent(17565): [PlaybackTrace][Native][mpv-log] prefix=cplayer level=v text=starting audio playback
08-22 17:16:44.535 D/mpv     (17565): [cplayer] v: starting audio playback
08-22 17:16:44.541 I/MpvEvent(17565): [PlaybackTrace][Native][eventLoop] event_id=21 error=0
08-22 17:16:44.542 I/MpvEvent(17565): [PlaybackTrace][Native][eventLoop] MPV_EVENT_PLAYBACK_RESTART
08-22 17:16:44.542 I/MpvEvent(17565): [PlaybackTrace][Native][dispatch:event] name=playbackRestart payload={}
08-22 17:16:44.542 I/MpvBridgeModule(17565): [PlaybackTrace][Bridge][listener:event] name=playbackRestart payload={}
08-22 17:16:44.543 I/MpvEvent(17565): [PlaybackTrace][Native][eventLoop] event_id=2 error=0
08-22 17:16:44.543 I/MpvEvent(17565): [PlaybackTrace][Native][mpv-log] prefix=cplayer level=v text=playback restart complete @ 0.000001, audio=playing, video=eof
08-22 17:16:44.543 D/mpv     (17565): [cplayer] v: playback restart complete @ 0.000001, audio=playing, video=eof
08-22 17:16:44.551 I/MpvJNI  (17565): [PlaybackTrace][Native][getDuration] result=0 duration=149.696033
08-22 17:16:44.551 D/MpvBridgeModule(17565): [PlaybackTrace][Bridge][getDuration] ptr=131217388352464 duration=149.69603333333333
08-22 17:16:44.554 I/MpvEvent(17565): [PlaybackTrace][Native][eventLoop] event_id=2 error=0
08-22 17:16:44.554 I/MpvEvent(17565): [PlaybackTrace][Native][mpv-log] prefix=cplayer level=warn text=Audio device underrun detected.
08-22 17:16:44.554 D/mpv     (17565): [cplayer] warn: Audio device underrun detected.
08-22 17:16:44.554 I/MpvEvent(17565): [PlaybackTrace][Native][eventLoop] event_id=2 error=0
08-22 17:16:44.554 I/MpvEvent(17565): [PlaybackTrace][Native][mpv-log] prefix=cplayer level=v text=restarting audio after underrun
08-22 17:16:44.554 D/mpv     (17565): [cplayer] v: restarting audio after underrun
08-22 17:16:44.733 I/MpvEvent(17565): [PlaybackTrace][Native][eventLoop] event_id=22 error=0
08-22 17:16:44.733 I/MpvEvent(17565): [PlaybackTrace][Native][property] name=demuxer-cache-state format=6 value=null
08-22 17:16:44.733 I/MpvEvent(17565): [PlaybackTrace][Native][dispatch:property] name=demuxer-cache-state value=null
08-22 17:16:44.733 I/MpvBridgeModule(17565): [PlaybackTrace][Bridge][listener:property] name=demuxer-cache-state value=null
08-22 17:16:44.794 I/MpvJNI  (17565): [PlaybackTrace][Native][getDuration] result=0 duration=149.696033
08-22 17:16:44.794 D/MpvBridgeModule(17565): [PlaybackTrace][Bridge][getDuration] ptr=131217388352464 duration=149.69603333333333
08-22 17:16:44.992 I/MpvEvent(17565): [PlaybackTrace][Native][eventLoop] event_id=22 error=0
08-22 17:16:44.992 I/MpvEvent(17565): [PlaybackTrace][Native][property] name=demuxer-cache-state format=6 value=null
08-22 17:16:44.992 I/MpvEvent(17565): [PlaybackTrace][Native][dispatch:property] name=demuxer-cache-state value=null
08-22 17:16:44.993 I/MpvBridgeModule(17565): [PlaybackTrace][Bridge][listener:property] name=demuxer-cache-state value=null
08-22 17:16:44.999 I/MpvJNI  (17565): [PlaybackTrace][Native][getPosition] result=0 position=0.372250
08-22 17:16:45.000 D/MpvBridgeModule(17565): [PlaybackTrace][Bridge][getPosition] ptr=131217388352464 position=0.37225043409070246
08-22 17:16:45.000 I/MpvJNI  (17565): [PlaybackTrace][Native][getDuration] result=0 duration=149.696033
08-22 17:16:45.000 D/MpvBridgeModule(17565): [PlaybackTrace][Bridge][getDuration] ptr=131217388352464 duration=149.69603333333333
08-22 17:16:45.003 D/MpvBridgeModule(17565): [PlaybackTrace][Bridge][getPlaybackState] ptr=131217388352464 state=playing idle=false eof=false pause=false
08-22 17:16:45.024 I/MpvJNI  (17565): [PlaybackTrace][Native][getDuration] result=0 duration=149.696033
08-22 17:16:45.025 D/MpvBridgeModule(17565): [PlaybackTrace][Bridge][getDuration] ptr=131217388352464 duration=149.69603333333333
08-22 17:16:45.244 I/MpvEvent(17565): [PlaybackTrace][Native][eventLoop] event_id=22 error=0
08-22 17:16:45.244 I/MpvEvent(17565): [PlaybackTrace][Native][property] name=demuxer-cache-state format=6 value=null
08-22 17:16:45.244 I/MpvEvent(17565): [PlaybackTrace][Native][dispatch:property] name=demuxer-cache-state value=null
08-22 17:16:45.244 I/MpvBridgeModule(17565): [PlaybackTrace][Bridge][listener:property] name=demuxer-cache-state value=null
08-22 17:16:45.302 I/MpvJNI  (17565): [PlaybackTrace][Native][getDuration] result=0 duration=149.696033
08-22 17:16:45.302 D/MpvBridgeModule(17565): [PlaybackTrace][Bridge][getDuration] ptr=131217388352464 duration=149.69603333333333
08-22 17:16:45.481 I/MpvJNI  (17565): [PlaybackTrace][Native][getPosition] result=0 position=0.751730
08-22 17:16:45.481 D/MpvBridgeModule(17565): [PlaybackTrace][Bridge][getPosition] ptr=131217388352464 position=0.7517303250907036
08-22 17:16:45.481 I/MpvJNI  (17565): [PlaybackTrace][Native][getDuration] result=0 duration=149.696033
08-22 17:16:45.481 D/MpvBridgeModule(17565): [PlaybackTrace][Bridge][getDuration] ptr=131217388352464 duration=149.69603333333333
08-22 17:16:45.481 D/MpvBridgeModule(17565): [PlaybackTrace][Bridge][getPlaybackState] ptr=131217388352464 state=playing idle=false eof=false pause=false
08-22 17:16:45.495 I/MpvEvent(17565): [PlaybackTrace][Native][eventLoop] event_id=22 error=0
08-22 17:16:45.495 I/MpvEvent(17565): [PlaybackTrace][Native][property] name=demuxer-cache-state format=6 value=null
08-22 17:16:45.496 I/MpvEvent(17565): [PlaybackTrace][Native][dispatch:property] name=demuxer-cache-state value=null
08-22 17:16:45.496 I/MpvBridgeModule(17565): [PlaybackTrace][Bridge][listener:property] name=demuxer-cache-state value=null
08-22 17:16:45.506 I/MpvJNI  (17565): [PlaybackTrace][Native][getDuration] result=0 duration=149.696033
08-22 17:16:45.506 D/MpvBridgeModule(17565): [PlaybackTrace][Bridge][getDuration] ptr=131217388352464 duration=149.69603333333333
08-22 17:16:45.745 I/MpvEvent(17565): [PlaybackTrace][Native][eventLoop] event_id=22 error=0
08-22 17:16:45.745 I/MpvJNI  (17565): [PlaybackTrace][Native][getDuration] result=0 duration=149.696033
08-22 17:16:45.745 D/MpvBridgeModule(17565): [PlaybackTrace][Bridge][getDuration] ptr=131217388352464 duration=149.69603333333333
08-22 17:16:45.746 I/MpvEvent(17565): [PlaybackTrace][Native][property] name=demuxer-cache-state format=6 value=null
08-22 17:16:45.746 I/MpvEvent(17565): [PlaybackTrace][Native][dispatch:property] name=demuxer-cache-state value=null
08-22 17:16:45.749 I/MpvBridgeModule(17565): [PlaybackTrace][Bridge][listener:property] name=demuxer-cache-state value=null
08-22 17:16:45.902 I/MpvJNI  (17565): [PlaybackTrace][Native][getPosition] result=0 position=1.191654
08-22 17:16:45.902 D/MpvBridgeModule(17565): [PlaybackTrace][Bridge][getPosition] ptr=131217388352464 position=1.1916535530907053
08-22 17:16:45.902 I/MpvJNI  (17565): [PlaybackTrace][Native][getDuration] result=0 duration=149.696033
08-22 17:16:45.902 D/MpvBridgeModule(17565): [PlaybackTrace][Bridge][getDuration] ptr=131217388352464 duration=149.69603333333333
08-22 17:16:45.903 D/MpvBridgeModule(17565): [PlaybackTrace][Bridge][getPlaybackState] ptr=131217388352464 state=playing idle=false eof=false pause=false
08-22 17:16:45.912 I/MpvJNI  (17565): [PlaybackTrace][Native][getDuration] result=0 duration=149.696033
08-22 17:16:45.912 D/MpvBridgeModule(17565): [PlaybackTrace][Bridge][getDuration] ptr=131217388352464 duration=149.69603333333333
08-22 17:16:46.001 I/MpvEvent(17565): [PlaybackTrace][Native][eventLoop] event_id=22 error=0
08-22 17:16:46.001 I/MpvEvent(17565): [PlaybackTrace][Native][property] name=demuxer-cache-state format=6 value=null
08-22 17:16:46.001 I/MpvEvent(17565): [PlaybackTrace][Native][dispatch:property] name=demuxer-cache-state value=null
08-22 17:16:46.002 I/MpvBridgeModule(17565): [PlaybackTrace][Bridge][listener:property] name=demuxer-cache-state value=null
08-22 17:16:46.105 I/ReactNativeJS(17565): '[INFO]', '[PlaybackTrace][Controller][loadAndResume:before]', { uri: 'https://prod-1.storage.jamendo.com/?trackid=1593988&format=mp31&from=%2FV3E9Qwm8kkOD6hbkNYXkg%3D%3D%7CMJJdmScXeWFhFQqasgwXjQ%3D%3D',
08-22 17:16:46.105 I/ReactNativeJS(17565): '[INFO]', '[PlaybackTrace][JS][loadFile:call]', { requestedPath: 'https://prod-1.storage.jamendo.com/?trackid=1593988&format=mp31&from=%2FV3E9Qwm8kkOD6hbkNYXkg%3D%3D%7CMJJdmScXeWFhFQqasgwXjQ%3D%3D',
08-22 17:16:46.106 I/MpvBridgeModule(17565): [PlaybackTrace][Bridge][loadFile] requested=https://prod-1.storage.jamendo.com/?trackid=1593988&format=mp31&from=%2FV3E9Qwm8kkOD6hbkNYXkg%3D%3D%7CMJJdmScXeWFhFQqasgwXjQ%3D%3D resolved=https://prod-1.storage.jamendo.com/?trackid=1593988&format=mp31&from=%2FV3E9Qwm8kkOD6hbkNYXkg%3D%3D%7CMJJdmScXeWFhFQqasgwXjQ%3D%3D ptr=131217388352464
08-22 17:16:46.106 I/MpvJNI  (17565): [PlaybackTrace][Native][loadFile] begin path=https://prod-1.storage.jamendo.com/?trackid=1593988&format=mp31&from=%2FV3E9Qwm8kkOD6hbkNYXkg%3D%3D%7CMJJdmScXeWFhFQqasgwXjQ%3D%3D initialized=1
08-22 17:16:46.107 I/MpvJNI  (17565): [PlaybackTrace][Native][loadFile] loadfile command accepted result=0
08-22 17:16:46.107 I/MpvBridgeModule(17565): [PlaybackTrace][Bridge][loadFile] nativeLoadFile returned
08-22 17:16:46.107 I/MpvEvent(17565): [PlaybackTrace][Native][eventLoop] event_id=2 error=0
08-22 17:16:46.107 I/ReactNativeJS(17565): '[INFO]', '[PlaybackTrace][JS][loadFile:return]', { resolvedPath: 'https://prod-1.storage.jamendo.com/?trackid=1593988&format=mp31&from=%2FV3E9Qwm8kkOD6hbkNYXkg%3D%3D%7CMJJdmScXeWFhFQqasgwXjQ%3D%3D' }
08-22 17:16:46.107 I/MpvEvent(17565): [PlaybackTrace][Native][mpv-log] prefix=cplayer level=v text=EOF code: 3  
08-22 17:16:46.107 D/mpv     (17565): [cplayer] v: EOF code: 3  
08-22 17:16:46.107 I/ReactNativeJS(17565): '[INFO]', '[PlaybackTrace][Controller][loadAndResume:loaded]', 'https://prod-1.storage.jamendo.com/?trackid=1593988&format=mp31&from=%2FV3E9Qwm8kkOD6hbkNYXkg%3D%3D%7CMJJdmScXeWFhFQqasgwXjQ%3D%3D'
08-22 17:16:46.108 I/ReactNativeJS(17565): '[INFO]', '[PlaybackTrace][JS][resume:call]'
08-22 17:16:46.108 I/ReactNativeJS(17565): '[INFO]', '[PlaybackTrace][Controller][loadAndResume:resumed]', 'https://prod-1.storage.jamendo.com/?trackid=1593988&format=mp31&from=%2FV3E9Qwm8kkOD6hbkNYXkg%3D%3D%7CMJJdmScXeWFhFQqasgwXjQ%3D%3D'
08-22 17:16:46.110 I/MpvBridgeModule(17565): [PlaybackTrace][Bridge][play] ptr=131217388352464
08-22 17:16:46.116 I/MpvEvent(17565): [PlaybackTrace][Native][eventLoop] event_id=18 error=0
08-22 17:16:46.116 I/MpvEvent(17565): [PlaybackTrace][Native][eventLoop] MPV_EVENT_AUDIO_RECONFIG
08-22 17:16:46.117 I/MpvEvent(17565): [PlaybackTrace][Native][dispatch:event] name=audioReconfig payload={}
08-22 17:16:46.118 I/MpvBridgeModule(17565): [PlaybackTrace][Bridge][listener:event] name=audioReconfig payload={}
08-22 17:16:46.120 I/MpvEvent(17565): [PlaybackTrace][Native][eventLoop] event_id=17 error=0
08-22 17:16:46.120 I/MpvEvent(17565): MPV_EVENT_VIDEO_RECONFIG
08-22 17:16:46.120 I/MpvEvent(17565): [PlaybackTrace][Native][dispatch:event] name=videoReconfig payload={}
08-22 17:16:46.120 I/MpvBridgeModule(17565): [PlaybackTrace][Bridge][listener:event] name=videoReconfig payload={}
08-22 17:16:46.121 I/MpvEvent(17565): [PlaybackTrace][Native][eventLoop] event_id=18 error=0
08-22 17:16:46.122 I/MpvEvent(17565): [PlaybackTrace][Native][eventLoop] MPV_EVENT_AUDIO_RECONFIG
08-22 17:16:46.122 I/MpvEvent(17565): [PlaybackTrace][Native][dispatch:event] name=audioReconfig payload={}
08-22 17:16:46.122 I/MpvBridgeModule(17565): [PlaybackTrace][Bridge][listener:event] name=audioReconfig payload={}
08-22 17:16:46.125 I/MpvJNI  (17565): [PlaybackTrace][Native][play] pause=no result=0
08-22 17:16:46.125 I/MpvEvent(17565): [PlaybackTrace][Native][eventLoop] event_id=2 error=0
08-22 17:16:46.125 I/MpvBridgeModule(17565): [PlaybackTrace][Bridge][play] nativePlay returned
08-22 17:16:46.126 I/MpvEvent(17565): [PlaybackTrace][Native][mpv-log] prefix=cplayer level=v text=Set property: pause="no" -> 1
08-22 17:16:46.126 D/mpv     (17565): [cplayer] v: Set property: pause="no" -> 1
08-22 17:16:46.133 I/MpvJNI  (17565): [PlaybackTrace][Native][getDuration] result=-10 duration=0.000000
08-22 17:16:46.133 D/MpvBridgeModule(17565): [PlaybackTrace][Bridge][getDuration] ptr=131217388352464 duration=0.0
08-22 17:16:46.207 I/MpvEvent(17565): [PlaybackTrace][Native][eventLoop] event_id=7 error=0
08-22 17:16:46.208 E/MpvEvent(17565): [PlaybackTrace][Native][eventLoop] MPV_EVENT_END_FILE reason=2 error=0
08-22 17:16:46.209 I/MpvEvent(17565): [PlaybackTrace][Native][dispatch:event] name=endFile payload={"reason":2,"error":0}
08-22 17:16:46.210 D/MPVLib  (17565): onNativeEvent: endFile {"reason":2,"error":0}
08-22 17:16:46.213 I/MpvBridgeModule(17565): [PlaybackTrace][Bridge][listener:event] name=endFile payload={"reason":2,"error":0}
08-22 17:16:46.220 I/MpvEvent(17565): [PlaybackTrace][Native][eventLoop] event_id=6 error=0
08-22 17:16:46.220 I/MpvEvent(17565): MPV_EVENT_START_FILE
08-22 17:16:46.221 I/MpvEvent(17565): [PlaybackTrace][Native][dispatch:event] name=startFile payload={}
08-22 17:16:46.222 D/MPVLib  (17565): onNativeEvent: startFile {}
08-22 17:16:46.224 I/MpvBridgeModule(17565): [PlaybackTrace][Bridge][listener:event] name=startFile payload={}
08-22 17:16:46.225 I/MpvEvent(17565): [PlaybackTrace][Native][eventLoop] event_id=22 error=0
08-22 17:16:46.225 I/MpvEvent(17565): [PlaybackTrace][Native][eventLoop] property=cache-buffering-state format=NONE
08-22 17:16:46.225 I/MpvEvent(17565): [PlaybackTrace][Native][eventLoop] event_id=22 error=0
08-22 17:16:46.225 I/MpvEvent(17565): [PlaybackTrace][Native][eventLoop] property=paused-for-cache format=NONE
08-22 17:16:46.225 I/MpvEvent(17565): [PlaybackTrace][Native][eventLoop] event_id=22 error=0
08-22 17:16:46.225 I/MpvEvent(17565): [PlaybackTrace][Native][eventLoop] property=demuxer-cache-state format=NONE
08-22 17:16:46.225 I/MpvEvent(17565): [PlaybackTrace][Native][eventLoop] event_id=22 error=0
08-22 17:16:46.225 I/MpvEvent(17565): [PlaybackTrace][Native][eventLoop] property=seekable format=NONE
08-22 17:16:46.225 I/MpvEvent(17565): [PlaybackTrace][Native][eventLoop] event_id=2 error=0
08-22 17:16:46.225 I/MpvEvent(17565): [PlaybackTrace][Native][mpv-log] prefix=cplayer level=v text=finished playback, success (reason 2)
08-22 17:16:46.225 D/mpv     (17565): [cplayer] v: finished playback, success (reason 2)
08-22 17:16:46.225 I/MpvEvent(17565): [PlaybackTrace][Native][eventLoop] event_id=2 error=0
08-22 17:16:46.225 I/MpvEvent(17565): [PlaybackTrace][Native][mpv-log] prefix=cplayer level=v text=Running hook: ytdl_hook/on_after_end_file
08-22 17:16:46.225 D/mpv     (17565): [cplayer] v: Running hook: ytdl_hook/on_after_end_file
08-22 17:16:46.225 I/MpvEvent(17565): [PlaybackTrace][Native][eventLoop] event_id=2 error=0
08-22 17:16:46.226 I/MpvEvent(17565): [PlaybackTrace][Native][mpv-log] prefix=cplayer level=v text=Running hook: ytdl_hook/on_load
08-22 17:16:46.226 D/mpv     (17565): [cplayer] v: Running hook: ytdl_hook/on_load
08-22 17:16:46.226 I/MpvEvent(17565): [PlaybackTrace][Native][eventLoop] event_id=2 error=0
08-22 17:16:46.226 I/MpvEvent(17565): [PlaybackTrace][Native][mpv-log] prefix=cplayer level=v text=Running hook: ytdl_hook/on_load
08-22 17:16:46.227 D/mpv     (17565): [cplayer] v: Running hook: ytdl_hook/on_load
08-22 17:16:46.227 I/MpvEvent(17565): [PlaybackTrace][Native][eventLoop] event_id=2 error=0
08-22 17:16:46.227 I/MpvEvent(17565): [PlaybackTrace][Native][mpv-log] prefix=ytdl_hook level=v text=playlist hook
08-22 17:16:46.227 I/MpvEvent(17565): [PlaybackTrace][Native][eventLoop] event_id=2 error=0
08-22 17:16:46.227 I/MpvEvent(17565): [PlaybackTrace][Native][mpv-log] prefix=stream_callback level=v text=Opening https://prod-1.storage.jamendo.com/?trackid=1593988&format=mp31&from=%2FV3E9Qwm8kkOD6hbkNYXkg%3D%3D%7CMJJdmScXeWFhFQqasgwXjQ%3D%3D
08-22 17:16:46.227 I/MpvEvent(17565): [PlaybackTrace][Native][eventLoop] event_id=2 error=0
08-22 17:16:46.227 I/MpvEvent(17565): [PlaybackTrace][Native][mpv-log] prefix=ffmpeg level=v text=Opening https://prod-1.storage.jamendo.com/?trackid=1593988&format=mp31&from=%2FV3E9Qwm8kkOD6hbkNYXkg%3D%3D%7CMJJdmScXeWFhFQqasgwXjQ%3D%3D
08-22 17:16:46.227 D/mpv     (17565): [ffmpeg] v: Opening https://prod-1.storage.jamendo.com/?trackid=1593988&format=mp31&from=%2FV3E9Qwm8kkOD6hbkNYXkg%3D%3D%7CMJJdmScXeWFhFQqasgwXjQ%3D%3D
08-22 17:16:46.371 I/ReactNativeJS(17565): '[INFO]', '[PlaybackTrace][JS][resume:call]'
08-22 17:16:46.375 I/MpvBridgeModule(17565): [PlaybackTrace][Bridge][play] ptr=131217388352464
08-22 17:16:46.375 I/MpvJNI  (17565): [PlaybackTrace][Native][play] pause=no result=0
08-22 17:16:46.376 I/MpvEvent(17565): [PlaybackTrace][Native][eventLoop] event_id=2 error=0
08-22 17:16:46.376 I/MpvEvent(17565): [PlaybackTrace][Native][mpv-log] prefix=cplayer level=v text=Set property: pause="no" -> 1
08-22 17:16:46.376 I/MpvBridgeModule(17565): [PlaybackTrace][Bridge][play] nativePlay returned
08-22 17:16:46.376 D/mpv     (17565): [cplayer] v: Set property: pause="no" -> 1
08-22 17:16:46.420 I/MpvJNI  (17565): [PlaybackTrace][Native][getPosition] result=-10 position=0.000000
08-22 17:16:46.420 D/MpvBridgeModule(17565): [PlaybackTrace][Bridge][getPosition] ptr=131217388352464 position=0.0
08-22 17:16:46.420 I/MpvJNI  (17565): [PlaybackTrace][Native][getDuration] result=-10 duration=0.000000
08-22 17:16:46.420 D/MpvBridgeModule(17565): [PlaybackTrace][Bridge][getDuration] ptr=131217388352464 duration=0.0
08-22 17:16:46.421 D/MpvBridgeModule(17565): [PlaybackTrace][Bridge][getPlaybackState] ptr=131217388352464 state=playing idle=false eof=false pause=false
08-22 17:16:46.429 I/MpvJNI  (17565): [PlaybackTrace][Native][getDuration] result=-10 duration=0.000000
08-22 17:16:46.429 D/MpvBridgeModule(17565): [PlaybackTrace][Bridge][getDuration] ptr=131217388352464 duration=0.0
08-22 17:16:46.864 I/MpvEvent(17565): [PlaybackTrace][Native][eventLoop] event_id=2 error=0
08-22 17:16:46.864 I/MpvEvent(17565): [PlaybackTrace][Native][mpv-log] prefix=ffmpeg level=v text=Mime-type: 'audio/mpeg'
08-22 17:16:46.864 D/mpv     (17565): [ffmpeg] v: Mime-type: 'audio/mpeg'
08-22 17:16:46.865 I/MpvEvent(17565): [PlaybackTrace][Native][eventLoop] event_id=2 error=0
08-22 17:16:46.865 I/MpvEvent(17565): [PlaybackTrace][Native][mpv-log] prefix=demux level=v text=Trying demuxers for level=normal.
08-22 17:16:46.870 I/MpvJNI  (17565): [PlaybackTrace][Native][getPosition] result=-10 position=0.000000
08-22 17:16:46.870 D/MpvBridgeModule(17565): [PlaybackTrace][Bridge][getPosition] ptr=131217388352464 position=0.0
08-22 17:16:46.870 I/MpvJNI  (17565): [PlaybackTrace][Native][getDuration] result=-10 duration=0.000000
08-22 17:16:46.870 D/MpvBridgeModule(17565): [PlaybackTrace][Bridge][getDuration] ptr=131217388352464 duration=0.0
08-22 17:16:46.870 D/MpvBridgeModule(17565): [PlaybackTrace][Bridge][getPlaybackState] ptr=131217388352464 state=playing idle=false eof=false pause=false
08-22 17:16:46.872 I/MpvEvent(17565): [PlaybackTrace][Native][eventLoop] event_id=2 error=0
08-22 17:16:46.872 I/MpvEvent(17565): [PlaybackTrace][Native][mpv-log] prefix=lavf level=v text=Found 'mp3' at score=24 size=2048.
08-22 17:16:47.064 I/MpvEvent(17565): [PlaybackTrace][Native][eventLoop] event_id=2 error=0
08-22 17:16:47.065 I/MpvEvent(17565): [PlaybackTrace][Native][mpv-log] prefix=lavf level=v text=avformat_find_stream_info() finished after 32275 bytes.
08-22 17:16:47.065 I/MpvEvent(17565): [PlaybackTrace][Native][eventLoop] event_id=2 error=0
08-22 17:16:47.065 I/MpvEvent(17565): [PlaybackTrace][Native][mpv-log] prefix=lavf level=v text=Assuming this is an image format.
08-22 17:16:47.065 I/MpvEvent(17565): [PlaybackTrace][Native][eventLoop] event_id=2 error=0
08-22 17:16:47.065 I/MpvEvent(17565): [PlaybackTrace][Native][mpv-log] prefix=demux level=v text=Detected file format: mp3 (libavformat)
08-22 17:16:47.065 I/MpvEvent(17565): [PlaybackTrace][Native][eventLoop] event_id=2 error=0
08-22 17:16:47.065 I/MpvEvent(17565): [PlaybackTrace][Native][mpv-log] prefix=cplayer level=v text=Opening done: https://prod-1.storage.jamendo.com/?trackid=1593988&format=mp31&from=%2FV3E9Qwm8kkOD6hbkNYXkg%3D%3D%7CMJJdmScXeWFhFQqasgwXjQ%3D%3D
08-22 17:16:47.065 D/mpv     (17565): [cplayer] v: Opening done: https://prod-1.storage.jamendo.com/?trackid=1593988&format=mp31&from=%2FV3E9Qwm8kkOD6hbkNYXkg%3D%3D%7CMJJdmScXeWFhFQqasgwXjQ%3D%3D
08-22 17:16:47.069 I/MpvEvent(17565): [PlaybackTrace][Native][eventLoop] event_id=22 error=0
08-22 17:16:47.069 I/MpvEvent(17565): [PlaybackTrace][Native][property] name=cache-buffering-state format=6 value=null
08-22 17:16:47.069 I/MpvEvent(17565): [PlaybackTrace][Native][dispatch:property] name=cache-buffering-state value=null
08-22 17:16:47.069 D/MPVLib  (17565): onNativePropertyChanged: cache-buffering-state = null
08-22 17:16:47.069 I/MpvBridgeModule(17565): [PlaybackTrace][Bridge][listener:property] name=cache-buffering-state value=null
08-22 17:16:47.070 I/MpvEvent(17565): [PlaybackTrace][Native][eventLoop] event_id=22 error=0
08-22 17:16:47.071 I/MpvEvent(17565): [PlaybackTrace][Native][property] name=demuxer-cache-state format=6 value=null
08-22 17:16:47.071 I/MpvEvent(17565): [PlaybackTrace][Native][dispatch:property] name=demuxer-cache-state value=null
08-22 17:16:47.071 I/MpvBridgeModule(17565): [PlaybackTrace][Bridge][listener:property] name=demuxer-cache-state value=null
08-22 17:16:47.075 I/MpvEvent(17565): [PlaybackTrace][Native][eventLoop] event_id=2 error=0
08-22 17:16:47.075 I/MpvEvent(17565): [PlaybackTrace][Native][mpv-log] prefix=cplayer level=v text=Running hook: ytdl_hook/on_preloaded
08-22 17:16:47.075 D/mpv     (17565): [cplayer] v: Running hook: ytdl_hook/on_preloaded
08-22 17:16:47.075 I/MpvEvent(17565): [PlaybackTrace][Native][eventLoop] event_id=2 error=0
08-22 17:16:47.075 I/MpvEvent(17565): [PlaybackTrace][Native][mpv-log] prefix=lavf level=v text=select track 1
08-22 17:16:47.075 I/MpvEvent(17565): [PlaybackTrace][Native][eventLoop] event_id=2 error=0
08-22 17:16:47.075 I/MpvEvent(17565): [PlaybackTrace][Native][mpv-log] prefix=lavf level=v text=select track 0
08-22 17:16:47.075 I/MpvEvent(17565): [PlaybackTrace][Native][eventLoop] event_id=2 error=0
08-22 17:16:47.075 I/MpvEvent(17565): [PlaybackTrace][Native][mpv-log] prefix=cplayer level=info text=ΓùÅ Image  --vid=1  'Cover Image' (mjpeg [Baseline] 400x400)
08-22 17:16:47.075 D/mpv     (17565): [cplayer] info: ΓùÅ Image  --vid=1  'Cover Image' (mjpeg [Baseline] 400x400)
08-22 17:16:47.075 I/MpvEvent(17565): [PlaybackTrace][Native][eventLoop] event_id=2 error=0
08-22 17:16:47.075 I/MpvEvent(17565): [PlaybackTrace][Native][mpv-log] prefix=cplayer level=info text=ΓùÅ Audio  --aid=1  (mp3 2ch 44100 Hz 96 kbps)
08-22 17:16:47.075 D/mpv     (17565): [cplayer] info: ΓùÅ Audio  --aid=1  (mp3 2ch 44100 Hz 96 kbps)
08-22 17:16:47.075 I/MpvEvent(17565): [PlaybackTrace][Native][eventLoop] event_id=2 error=0
08-22 17:16:47.075 I/MpvEvent(17565): [PlaybackTrace][Native][mpv-log] prefix=display-tags level=info text=File tags:
08-22 17:16:47.076 I/MpvEvent(17565): [PlaybackTrace][Native][eventLoop] event_id=2 error=0
08-22 17:16:47.076 I/MpvEvent(17565): [PlaybackTrace][Native][mpv-log] prefix=display-tags level=info text= Artist: Joystock
08-22 17:16:47.076 I/MpvEvent(17565): [PlaybackTrace][Native][eventLoop] event_id=2 error=0
08-22 17:16:47.076 I/MpvEvent(17565): [PlaybackTrace][Native][mpv-log] prefix=display-tags level=info text= Comment: http://www.jamendo.com cc_standard
08-22 17:16:47.076 I/MpvEvent(17565): [PlaybackTrace][Native][eventLoop] event_id=2 error=0
08-22 17:16:47.076 I/MpvEvent(17565): [PlaybackTrace][Native][mpv-log] prefix=display-tags level=info text= Composer: Joystock
08-22 17:16:47.076 I/MpvEvent(17565): [PlaybackTrace][Native][eventLoop] event_id=2 error=0
08-22 17:16:47.076 I/MpvEvent(17565): [PlaybackTrace][Native][mpv-log] prefix=display-tags level=info text= Date: 2018
08-22 17:16:47.078 I/MpvEvent(17565): [PlaybackTrace][Native][eventLoop] event_id=2 error=0
08-22 17:16:47.078 I/MpvEvent(17565): [PlaybackTrace][Native][mpv-log] prefix=display-tags level=info text= Genre: chillhop
08-22 17:16:47.078 I/MpvEvent(17565): [PlaybackTrace][Native][eventLoop] event_id=2 error=0
08-22 17:16:47.078 I/MpvEvent(17565): [PlaybackTrace][Native][mpv-log] prefix=display-tags level=info text= Title: Lofi Chillout Hip Hop Beat
08-22 17:16:47.078 I/MpvEvent(17565): [PlaybackTrace][Native][eventLoop] event_id=2 error=0
08-22 17:16:47.078 I/MpvEvent(17565): [PlaybackTrace][Native][mpv-log] prefix=display-tags level=info text= Track: 62
08-22 17:16:47.093 I/MpvEvent(17565): [PlaybackTrace][Native][eventLoop] event_id=2 error=0
08-22 17:16:47.093 I/MpvEvent(17565): [PlaybackTrace][Native][mpv-log] prefix=vd level=v text=Container reported FPS: 1.000000
08-22 17:16:47.099 I/MpvEvent(17565): [PlaybackTrace][Native][eventLoop] event_id=2 error=0
08-22 17:16:47.099 I/MpvEvent(17565): [PlaybackTrace][Native][mpv-log] prefix=vd level=v text=Codec list:
08-22 17:16:47.099 I/MpvEvent(17565): [PlaybackTrace][Native][eventLoop] event_id=2 error=0
08-22 17:16:47.099 I/MpvEvent(17565): [PlaybackTrace][Native][mpv-log] prefix=vd level=v text=    mjpeg - MJPEG (Motion JPEG)
08-22 17:16:47.102 I/MpvEvent(17565): [PlaybackTrace][Native][eventLoop] event_id=2 error=0
08-22 17:16:47.102 I/MpvEvent(17565): [PlaybackTrace][Native][mpv-log] prefix=vd level=v text=Opening decoder mjpeg
08-22 17:16:47.106 I/MpvEvent(17565): [PlaybackTrace][Native][eventLoop] event_id=18 error=0
08-22 17:16:47.106 I/MpvEvent(17565): [PlaybackTrace][Native][eventLoop] MPV_EVENT_AUDIO_RECONFIG
08-22 17:16:47.106 I/MpvEvent(17565): [PlaybackTrace][Native][dispatch:event] name=audioReconfig payload={}
08-22 17:16:47.106 I/MpvBridgeModule(17565): [PlaybackTrace][Bridge][listener:event] name=audioReconfig payload={}
08-22 17:16:47.120 I/MpvEvent(17565): [PlaybackTrace][Native][eventLoop] event_id=18 error=0
08-22 17:16:47.120 I/MpvEvent(17565): [PlaybackTrace][Native][eventLoop] MPV_EVENT_AUDIO_RECONFIG
08-22 17:16:47.120 I/MpvEvent(17565): [PlaybackTrace][Native][dispatch:event] name=audioReconfig payload={}
08-22 17:16:47.120 I/MpvBridgeModule(17565): [PlaybackTrace][Bridge][listener:event] name=audioReconfig payload={}
08-22 17:16:47.125 I/MpvEvent(17565): [PlaybackTrace][Native][eventLoop] event_id=8 error=0
08-22 17:16:47.125 I/MpvEvent(17565): MPV_EVENT_FILE_LOADED
08-22 17:16:47.125 I/MpvEvent(17565): [PlaybackTrace][Native][dispatch:event] name=fileLoaded payload={}
08-22 17:16:47.126 D/MPVLib  (17565): onNativeEvent: fileLoaded {}
08-22 17:16:47.127 I/MpvBridgeModule(17565): [PlaybackTrace][Bridge][listener:event] name=fileLoaded payload={}
08-22 17:16:47.128 I/MpvEvent(17565): [PlaybackTrace][Native][eventLoop] event_id=2 error=0
08-22 17:16:47.128 I/MpvEvent(17565): [PlaybackTrace][Native][mpv-log] prefix=vd level=v text=Not trying to use hardware decoding: codec mjpeg is not on whitelist.
08-22 17:16:47.128 I/MpvEvent(17565): [PlaybackTrace][Native][eventLoop] event_id=2 error=0
08-22 17:16:47.128 I/MpvEvent(17565): [PlaybackTrace][Native][mpv-log] prefix=vd level=v text=Using software decoding.
08-22 17:16:47.128 I/MpvEvent(17565): [PlaybackTrace][Native][eventLoop] event_id=2 error=0
08-22 17:16:47.128 I/MpvEvent(17565): [PlaybackTrace][Native][mpv-log] prefix=vd level=v text=Detected 4 logical cores.
08-22 17:16:47.128 I/MpvEvent(17565): [PlaybackTrace][Native][eventLoop] event_id=2 error=0
08-22 17:16:47.128 I/MpvEvent(17565): [PlaybackTrace][Native][mpv-log] prefix=vd level=v text=Requesting 5 threads for decoding.
08-22 17:16:47.128 I/MpvEvent(17565): [PlaybackTrace][Native][eventLoop] event_id=2 error=0
08-22 17:16:47.128 I/MpvEvent(17565): [PlaybackTrace][Native][mpv-log] prefix=vd level=v text=Selected decoder: mjpeg - MJPEG (Motion JPEG)
08-22 17:16:47.128 I/MpvEvent(17565): [PlaybackTrace][Native][eventLoop] event_id=2 error=0
08-22 17:16:47.129 I/MpvEvent(17565): [PlaybackTrace][Native][mpv-log] prefix=vf level=v text=User filter list:
08-22 17:16:47.129 I/MpvEvent(17565): [PlaybackTrace][Native][eventLoop] event_id=2 error=0
08-22 17:16:47.129 I/MpvEvent(17565): [PlaybackTrace][Native][mpv-log] prefix=vf level=v text=  (empty)
08-22 17:16:47.129 I/MpvEvent(17565): [PlaybackTrace][Native][eventLoop] event_id=2 error=0
08-22 17:16:47.129 I/MpvEvent(17565): [PlaybackTrace][Native][mpv-log] prefix=ad level=v text=Codec list:
08-22 17:16:47.129 I/MpvEvent(17565): [PlaybackTrace][Native][eventLoop] event_id=2 error=0
08-22 17:16:47.129 I/MpvEvent(17565): [PlaybackTrace][Native][mpv-log] prefix=ad level=v text=    mp3float (mp3) - MP3 (MPEG audio layer 3)
08-22 17:16:47.129 I/MpvEvent(17565): [PlaybackTrace][Native][eventLoop] event_id=2 error=0
08-22 17:16:47.129 I/MpvEvent(17565): [PlaybackTrace][Native][mpv-log] prefix=ad level=v text=    mp3 - MP3 (MPEG audio layer 3)
08-22 17:16:47.129 I/MpvEvent(17565): [PlaybackTrace][Native][eventLoop] event_id=2 error=0
08-22 17:16:47.129 I/MpvEvent(17565): [PlaybackTrace][Native][mpv-log] prefix=ad level=v text=    mp3_mediacodec (mp3) - MP3 Android MediaCodec decoder
08-22 17:16:47.129 I/MpvEvent(17565): [PlaybackTrace][Native][eventLoop] event_id=2 error=0
08-22 17:16:47.130 I/MpvEvent(17565): [PlaybackTrace][Native][mpv-log] prefix=ad level=v text=Opening decoder mp3float
08-22 17:16:47.130 I/MpvEvent(17565): [PlaybackTrace][Native][eventLoop] event_id=2 error=0
08-22 17:16:47.130 I/MpvEvent(17565): [PlaybackTrace][Native][mpv-log] prefix=ad level=v text=Requesting 1 threads for decoding.
08-22 17:16:47.130 I/MpvEvent(17565): [PlaybackTrace][Native][eventLoop] event_id=2 error=0
08-22 17:16:47.130 I/MpvEvent(17565): [PlaybackTrace][Native][mpv-log] prefix=ad level=v text=Selected decoder: mp3float - MP3 (MPEG audio layer 3)
08-22 17:16:47.130 I/MpvEvent(17565): [PlaybackTrace][Native][eventLoop] event_id=2 error=0
08-22 17:16:47.130 I/MpvEvent(17565): [PlaybackTrace][Native][mpv-log] prefix=af level=v text=User filter list:
08-22 17:16:47.130 I/MpvEvent(17565): [PlaybackTrace][Native][eventLoop] event_id=2 error=0
08-22 17:16:47.130 I/MpvEvent(17565): [PlaybackTrace][Native][mpv-log] prefix=af level=v text=  (empty)
08-22 17:16:47.130 I/MpvEvent(17565): [PlaybackTrace][Native][eventLoop] event_id=2 error=0
08-22 17:16:47.130 I/MpvEvent(17565): [PlaybackTrace][Native][mpv-log] prefix=cplayer level=info text=Displaying cover art. Use --no-audio-display to prevent this.
08-22 17:16:47.130 D/mpv     (17565): [cplayer] info: Displaying cover art. Use --no-audio-display to prevent this.
08-22 17:16:47.130 I/MpvEvent(17565): [PlaybackTrace][Native][eventLoop] event_id=2 error=0
08-22 17:16:47.130 I/MpvEvent(17565): [PlaybackTrace][Native][mpv-log] prefix=cplayer level=v text=Starting playback...
08-22 17:16:47.130 D/mpv     (17565): [cplayer] v: Starting playback...
08-22 17:16:47.130 I/MpvEvent(17565): [PlaybackTrace][Native][eventLoop] event_id=2 error=0
08-22 17:16:47.130 I/MpvEvent(17565): [PlaybackTrace][Native][mpv-log] prefix=vd level=v text=DR failed - disabling.
08-22 17:16:47.130 I/MpvEvent(17565): [PlaybackTrace][Native][eventLoop] event_id=2 error=0
08-22 17:16:47.130 I/MpvEvent(17565): [PlaybackTrace][Native][mpv-log] prefix=ffmpeg/video level=error text=mjpeg: overread 8
08-22 17:16:47.130 E/MpvEvent(17565): [PlaybackTrace][Native][dispatch:error] code=-1 message=mjpeg: overread 8
08-22 17:16:47.130 E/MpvBridgeModule(17565): [PlaybackTrace][Bridge][listener:error] code=-1 message=mjpeg: overread 8
08-22 17:16:47.132 I/MpvEvent(17565): [PlaybackTrace][Native][eventLoop] event_id=2 error=0
08-22 17:16:47.132 I/MpvEvent(17565): [PlaybackTrace][Native][mpv-log] prefix=ffmpeg/video level=warn text=mjpeg: EOI missing, emulating
08-22 17:16:47.132 I/MpvEvent(17565): [PlaybackTrace][Native][eventLoop] event_id=2 error=0
08-22 17:16:47.132 I/MpvEvent(17565): [PlaybackTrace][Native][mpv-log] prefix=vd level=v text=Using software decoding.
08-22 17:16:47.132 I/MpvEvent(17565): [PlaybackTrace][Native][eventLoop] event_id=2 error=0
08-22 17:16:47.132 I/MpvEvent(17565): [PlaybackTrace][Native][mpv-log] prefix=vd level=v text=Decoder format: 400x400 yuv420p bt.601/auto/auto/full/auto CL=mpeg1/jpeg crop=400x400+0+0 A=none
08-22 17:16:47.132 I/MpvEvent(17565): [PlaybackTrace][Native][eventLoop] event_id=2 error=0
08-22 17:16:47.132 I/MpvEvent(17565): [PlaybackTrace][Native][mpv-log] prefix=vf level=v text=[in] 400x400 yuv420p bt.601/bt.709/srgb/full/display CL=mpeg1/jpeg crop=400x400+0+0 A=none
08-22 17:16:47.133 I/MpvEvent(17565): [PlaybackTrace][Native][eventLoop] event_id=2 error=0
08-22 17:16:47.133 I/MpvEvent(17565): [PlaybackTrace][Native][mpv-log] prefix=vf level=v text=[userdeint] 400x400 yuv420p bt.601/bt.709/srgb/full/display CL=mpeg1/jpeg crop=400x400+0+0 A=none
08-22 17:16:47.134 I/MpvEvent(17565): [PlaybackTrace][Native][eventLoop] event_id=2 error=0
08-22 17:16:47.134 I/MpvEvent(17565): [PlaybackTrace][Native][mpv-log] prefix=vf level=v text=[userdeint] (disabled)
08-22 17:16:47.134 I/MpvEvent(17565): [PlaybackTrace][Native][eventLoop] event_id=22 error=0
08-22 17:16:47.134 I/MpvEvent(17565): [PlaybackTrace][Native][property] name=paused-for-cache format=6 value=null
08-22 17:16:47.134 I/MpvEvent(17565): [PlaybackTrace][Native][dispatch:property] name=paused-for-cache value=null
08-22 17:16:47.148 D/MPVLib  (17565): onNativePropertyChanged: paused-for-cache = null
08-22 17:16:47.148 I/MpvBridgeModule(17565): [PlaybackTrace][Bridge][listener:property] name=paused-for-cache value=null
08-22 17:16:47.175 I/MpvEvent(17565): [PlaybackTrace][Native][eventLoop] event_id=22 error=0
08-22 17:16:47.175 I/MpvEvent(17565): [PlaybackTrace][Native][property] name=seekable format=6 value=null
08-22 17:16:47.175 I/MpvEvent(17565): [PlaybackTrace][Native][dispatch:property] name=seekable value=null
08-22 17:16:47.176 I/MpvBridgeModule(17565): [PlaybackTrace][Bridge][listener:property] name=seekable value=null
08-22 17:16:47.176 I/MpvEvent(17565): [PlaybackTrace][Native][eventLoop] event_id=2 error=0
08-22 17:16:47.177 I/MpvEvent(17565): [PlaybackTrace][Native][mpv-log] prefix=vf level=v text=[autovflip] 400x400 yuv420p bt.601/bt.709/srgb/full/display CL=mpeg1/jpeg crop=400x400+0+0 A=none
08-22 17:16:47.177 I/MpvEvent(17565): [PlaybackTrace][Native][eventLoop] event_id=2 error=0
08-22 17:16:47.177 I/MpvEvent(17565): [PlaybackTrace][Native][mpv-log] prefix=vf level=v text=[autovflip] (disabled)
08-22 17:16:47.178 I/MpvEvent(17565): [PlaybackTrace][Native][eventLoop] event_id=2 error=0
08-22 17:16:47.178 I/MpvEvent(17565): [PlaybackTrace][Native][mpv-log] prefix=vf level=v text=[autorotate] 400x400 yuv420p bt.601/bt.709/srgb/full/display CL=mpeg1/jpeg crop=400x400+0+0 A=none
08-22 17:16:47.178 I/MpvEvent(17565): [PlaybackTrace][Native][eventLoop] event_id=2 error=0
08-22 17:16:47.178 I/MpvEvent(17565): [PlaybackTrace][Native][mpv-log] prefix=vf level=v text=[autorotate] (disabled)
08-22 17:16:47.178 I/MpvEvent(17565): [PlaybackTrace][Native][eventLoop] event_id=2 error=0
08-22 17:16:47.178 I/MpvEvent(17565): [PlaybackTrace][Native][mpv-log] prefix=vf level=v text=[convert] 400x400 yuv420p bt.601/bt.709/srgb/full/display CL=mpeg1/jpeg crop=400x400+0+0 A=none
08-22 17:16:47.178 I/MpvEvent(17565): [PlaybackTrace][Native][eventLoop] event_id=2 error=0
08-22 17:16:47.179 I/MpvEvent(17565): [PlaybackTrace][Native][mpv-log] prefix=vf level=v text=[convert] (disabled)
08-22 17:16:47.179 I/MpvEvent(17565): [PlaybackTrace][Native][eventLoop] event_id=2 error=0
08-22 17:16:47.179 I/MpvEvent(17565): [PlaybackTrace][Native][mpv-log] prefix=vf level=v text=[out] 400x400 yuv420p bt.601/bt.709/srgb/full/display CL=mpeg1/jpeg crop=400x400+0+0 A=none
08-22 17:16:47.179 I/MpvEvent(17565): [PlaybackTrace][Native][eventLoop] event_id=2 error=0
08-22 17:16:47.179 I/MpvEvent(17565): [PlaybackTrace][Native][mpv-log] prefix=af level=v text=[in] 44100Hz stereo 2ch floatp
08-22 17:16:47.180 I/MpvEvent(17565): [PlaybackTrace][Native][eventLoop] event_id=18 error=0
08-22 17:16:47.180 I/MpvEvent(17565): [PlaybackTrace][Native][eventLoop] MPV_EVENT_AUDIO_RECONFIG
08-22 17:16:47.180 I/MpvEvent(17565): [PlaybackTrace][Native][dispatch:event] name=audioReconfig payload={}
08-22 17:16:47.181 I/MpvBridgeModule(17565): [PlaybackTrace][Bridge][listener:event] name=audioReconfig payload={}
08-22 17:16:47.188 I/MpvEvent(17565): [PlaybackTrace][Native][eventLoop] event_id=17 error=0
08-22 17:16:47.190 I/MpvEvent(17565): MPV_EVENT_VIDEO_RECONFIG
08-22 17:16:47.190 I/MpvEvent(17565): [PlaybackTrace][Native][dispatch:event] name=videoReconfig payload={}
08-22 17:16:47.190 I/MpvBridgeModule(17565): [PlaybackTrace][Bridge][listener:event] name=videoReconfig payload={}
08-22 17:16:47.191 I/MpvEvent(17565): [PlaybackTrace][Native][eventLoop] event_id=2 error=0
08-22 17:16:47.191 I/MpvEvent(17565): [PlaybackTrace][Native][mpv-log] prefix=af level=v text=[userspeed] 44100Hz stereo 2ch floatp
08-22 17:16:47.191 I/MpvEvent(17565): [PlaybackTrace][Native][eventLoop] event_id=2 error=0
08-22 17:16:47.192 I/MpvEvent(17565): [PlaybackTrace][Native][mpv-log] prefix=af level=v text=[userspeed] (disabled)
08-22 17:16:47.193 I/MpvEvent(17565): [PlaybackTrace][Native][eventLoop] event_id=2 error=0
08-22 17:16:47.193 I/MpvEvent(17565): [PlaybackTrace][Native][mpv-log] prefix=af level=v text=[convert] 44100Hz stereo 2ch floatp
08-22 17:16:47.193 I/MpvEvent(17565): [PlaybackTrace][Native][eventLoop] event_id=2 error=0
08-22 17:16:47.193 I/MpvEvent(17565): [PlaybackTrace][Native][mpv-log] prefix=cplayer level=v text=first video frame after restart shown
08-22 17:16:47.193 D/mpv     (17565): [cplayer] v: first video frame after restart shown
08-22 17:16:47.193 I/MpvEvent(17565): [PlaybackTrace][Native][eventLoop] event_id=2 error=0
08-22 17:16:47.193 I/MpvEvent(17565): [PlaybackTrace][Native][mpv-log] prefix=ao level=v text=Trying audio driver 'audiotrack'
08-22 17:16:47.193 I/MpvEvent(17565): [PlaybackTrace][Native][eventLoop] event_id=2 error=0
08-22 17:16:47.193 I/MpvEvent(17565): [PlaybackTrace][Native][mpv-log] prefix=ao/audiotrack level=v text=requested format: 44100 Hz, stereo channels, floatp
08-22 17:16:47.193 D/mpv     (17565): [ao/audiotrack] v: requested format: 44100 Hz, stereo channels, floatp
08-22 17:16:47.193 I/MpvEvent(17565): [PlaybackTrace][Native][eventLoop] event_id=2 error=0
08-22 17:16:47.194 I/MpvEvent(17565): [PlaybackTrace][Native][mpv-log] prefix=ao/audiotrack level=v text=AudioTrack.nativeOutputSampleRate = 48000
08-22 17:16:47.194 D/mpv     (17565): [ao/audiotrack] v: AudioTrack.nativeOutputSampleRate = 48000
08-22 17:16:47.194 I/MpvEvent(17565): [PlaybackTrace][Native][eventLoop] event_id=2 error=0
08-22 17:16:47.194 I/MpvEvent(17565): [PlaybackTrace][Native][mpv-log] prefix=ao/audiotrack level=v text=Channel layouts:
08-22 17:16:47.194 D/mpv     (17565): [ao/audiotrack] v: Channel layouts:
08-22 17:16:47.194 I/MpvEvent(17565): [PlaybackTrace][Native][eventLoop] event_id=2 error=0
08-22 17:16:47.194 I/MpvEvent(17565): [PlaybackTrace][Native][mpv-log] prefix=ao/audiotrack level=v text= - mono
08-22 17:16:47.194 D/mpv     (17565): [ao/audiotrack] v:  - mono
08-22 17:16:47.194 I/MpvEvent(17565): [PlaybackTrace][Native][eventLoop] event_id=2 error=0
08-22 17:16:47.194 I/MpvEvent(17565): [PlaybackTrace][Native][mpv-log] prefix=ao/audiotrack level=v text= - stereo
08-22 17:16:47.194 D/mpv     (17565): [ao/audiotrack] v:  - stereo
08-22 17:16:47.194 I/MpvEvent(17565): [PlaybackTrace][Native][eventLoop] event_id=2 error=0
08-22 17:16:47.195 I/MpvEvent(17565): [PlaybackTrace][Native][mpv-log] prefix=ao/audiotrack level=v text= - 3.0
08-22 17:16:47.195 D/mpv     (17565): [ao/audiotrack] v:  - 3.0
08-22 17:16:47.195 I/MpvEvent(17565): [PlaybackTrace][Native][eventLoop] event_id=2 error=0
08-22 17:16:47.195 I/MpvEvent(17565): [PlaybackTrace][Native][mpv-log] prefix=ao/audiotrack level=v text= - quad
08-22 17:16:47.195 D/mpv     (17565): [ao/audiotrack] v:  - quad
08-22 17:16:47.195 I/MpvEvent(17565): [PlaybackTrace][Native][eventLoop] event_id=2 error=0
08-22 17:16:47.195 I/MpvEvent(17565): [PlaybackTrace][Native][mpv-log] prefix=ao/audiotrack level=v text= - 5.0
08-22 17:16:47.197 D/mpv     (17565): [ao/audiotrack] v:  - 5.0
08-22 17:16:47.197 I/MpvEvent(17565): [PlaybackTrace][Native][eventLoop] event_id=2 error=0
08-22 17:16:47.197 I/MpvEvent(17565): [PlaybackTrace][Native][mpv-log] prefix=ao/audiotrack level=v text= - 5.1
08-22 17:16:47.197 D/mpv     (17565): [ao/audiotrack] v:  - 5.1
08-22 17:16:47.197 I/MpvEvent(17565): [PlaybackTrace][Native][eventLoop] event_id=2 error=0
08-22 17:16:47.197 I/MpvEvent(17565): [PlaybackTrace][Native][mpv-log] prefix=ao/audiotrack level=v text= - 6.1(back)
08-22 17:16:47.197 D/mpv     (17565): [ao/audiotrack] v:  - 6.1(back)
08-22 17:16:47.199 I/MpvEvent(17565): [PlaybackTrace][Native][eventLoop] event_id=2 error=0
08-22 17:16:47.199 I/MpvEvent(17565): [PlaybackTrace][Native][mpv-log] prefix=ao/audiotrack level=v text= - 7.1
08-22 17:16:47.199 D/mpv     (17565): [ao/audiotrack] v:  - 7.1
08-22 17:16:47.200 I/MpvEvent(17565): [PlaybackTrace][Native][eventLoop] event_id=2 error=0
08-22 17:16:47.200 I/MpvEvent(17565): [PlaybackTrace][Native][mpv-log] prefix=ao/audiotrack level=v text=result: stereo
08-22 17:16:47.200 D/mpv     (17565): [ao/audiotrack] v: result: stereo
08-22 17:16:47.200 I/MpvEvent(17565): [PlaybackTrace][Native][eventLoop] event_id=2 error=0
08-22 17:16:47.200 I/MpvEvent(17565): [PlaybackTrace][Native][mpv-log] prefix=ao/audiotrack level=v text=Setting bufferSize = 52920 (driver=32096, min=26460, max=52920)
08-22 17:16:47.200 D/mpv     (17565): [ao/audiotrack] v: Setting bufferSize = 52920 (driver=32096, min=26460, max=52920)
08-22 17:16:47.200 I/MpvEvent(17565): [PlaybackTrace][Native][eventLoop] event_id=2 error=0
08-22 17:16:47.200 I/MpvEvent(17565): [PlaybackTrace][Native][mpv-log] prefix=ao/audiotrack level=v text=Using NIO ByteBuffer
08-22 17:16:47.200 D/mpv     (17565): [ao/audiotrack] v: Using NIO ByteBuffer
08-22 17:16:47.200 I/MpvEvent(17565): [PlaybackTrace][Native][eventLoop] event_id=2 error=0
08-22 17:16:47.200 I/MpvEvent(17565): [PlaybackTrace][Native][mpv-log] prefix=ao/audiotrack level=v text=Using API21 initializer
08-22 17:16:47.200 D/mpv     (17565): [ao/audiotrack] v: Using API21 initializer
08-22 17:16:47.200 I/MpvEvent(17565): [PlaybackTrace][Native][eventLoop] event_id=2 error=0
08-22 17:16:47.200 I/MpvEvent(17565): [PlaybackTrace][Native][mpv-log] prefix=ao/audiotrack level=v text=AudioTrack.getBufferSizeInFrames = 6615
08-22 17:16:47.200 D/mpv     (17565): [ao/audiotrack] v: AudioTrack.getBufferSizeInFrames = 6615
08-22 17:16:47.200 I/MpvEvent(17565): [PlaybackTrace][Native][eventLoop] event_id=2 error=0
08-22 17:16:47.202 I/MpvEvent(17565): [PlaybackTrace][Native][mpv-log] prefix=ao/audiotrack level=v text=device buffer: 6615 samples.
08-22 17:16:47.202 D/mpv     (17565): [ao/audiotrack] v: device buffer: 6615 samples.
08-22 17:16:47.202 I/MpvEvent(17565): [PlaybackTrace][Native][eventLoop] event_id=2 error=0
08-22 17:16:47.203 I/MpvEvent(17565): [PlaybackTrace][Native][mpv-log] prefix=ao/audiotrack level=v text=using soft-buffer of 8820 samples.
08-22 17:16:47.203 D/mpv     (17565): [ao/audiotrack] v: using soft-buffer of 8820 samples.
08-22 17:16:47.203 I/MpvEvent(17565): [PlaybackTrace][Native][eventLoop] event_id=2 error=0
08-22 17:16:47.203 I/MpvEvent(17565): [PlaybackTrace][Native][mpv-log] prefix=cplayer level=info text=AO: [audiotrack] 44100Hz stereo 2ch float
08-22 17:16:47.203 D/mpv     (17565): [cplayer] info: AO: [audiotrack] 44100Hz stereo 2ch float
08-22 17:16:47.203 I/MpvEvent(17565): [PlaybackTrace][Native][eventLoop] event_id=2 error=0
08-22 17:16:47.203 I/MpvEvent(17565): [PlaybackTrace][Native][mpv-log] prefix=cplayer level=v text=AO: Description: Android AudioTrack audio output
08-22 17:16:47.203 D/mpv     (17565): [cplayer] v: AO: Description: Android AudioTrack audio output
08-22 17:16:47.203 I/MpvEvent(17565): [PlaybackTrace][Native][eventLoop] event_id=2 error=0
08-22 17:16:47.203 I/MpvEvent(17565): [PlaybackTrace][Native][mpv-log] prefix=autoconvert level=v text=inserting resampler
08-22 17:16:47.204 I/MpvEvent(17565): [PlaybackTrace][Native][eventLoop] event_id=2 error=0
08-22 17:16:47.204 I/MpvEvent(17565): [PlaybackTrace][Native][mpv-log] prefix=swresample level=v text=format change, reinitializing resampler
08-22 17:16:47.204 I/MpvEvent(17565): [PlaybackTrace][Native][eventLoop] event_id=2 error=0
08-22 17:16:47.204 I/MpvEvent(17565): [PlaybackTrace][Native][mpv-log] prefix=swresample level=v text=44100Hz stereo floatp -> 44100Hz stereo float
08-22 17:16:47.204 I/MpvEvent(17565): [PlaybackTrace][Native][eventLoop] event_id=2 error=0
08-22 17:16:47.204 I/MpvEvent(17565): [PlaybackTrace][Native][mpv-log] prefix=af level=v text=[out] 44100Hz stereo 2ch float
08-22 17:16:47.208 I/MpvEvent(17565): [PlaybackTrace][Native][eventLoop] event_id=22 error=0
08-22 17:16:47.208 I/MpvEvent(17565): [PlaybackTrace][Native][property] name=demuxer-cache-state format=6 value=null
08-22 17:16:47.208 I/MpvEvent(17565): [PlaybackTrace][Native][dispatch:property] name=demuxer-cache-state value=null
08-22 17:16:47.211 I/ReactNativeJS(17565): '[INFO]', '[PlaybackTrace][Controller][event:onFileLoaded]', { fileUri: 'https://prod-1.storage.jamendo.com/?trackid=1593988&format=mp31&from=%2FV3E9Qwm8kkOD6hbkNYXkg%3D%3D%7CMJJdmScXeWFhFQqasgwXjQ%3D%3D',
08-22 17:16:47.212 I/MpvBridgeModule(17565): [PlaybackTrace][Bridge][listener:property] name=demuxer-cache-state value=null
08-22 17:16:47.216 I/MpvEvent(17565): [PlaybackTrace][Native][eventLoop] event_id=2 error=0
08-22 17:16:47.216 I/MpvEvent(17565): [PlaybackTrace][Native][mpv-log] prefix=cplayer level=v text=audio ready
08-22 17:16:47.216 D/mpv     (17565): [cplayer] v: audio ready
08-22 17:16:47.216 I/MpvEvent(17565): [PlaybackTrace][Native][eventLoop] event_id=2 error=0
08-22 17:16:47.216 I/MpvEvent(17565): [PlaybackTrace][Native][mpv-log] prefix=cplayer level=v text=starting audio playback
08-22 17:16:47.216 D/mpv     (17565): [cplayer] v: starting audio playback
08-22 17:16:47.266 I/MpvEvent(17565): [PlaybackTrace][Native][eventLoop] event_id=21 error=0
08-22 17:16:47.266 I/MpvEvent(17565): [PlaybackTrace][Native][eventLoop] MPV_EVENT_PLAYBACK_RESTART
08-22 17:16:47.266 I/MpvEvent(17565): [PlaybackTrace][Native][dispatch:event] name=playbackRestart payload={}
08-22 17:16:47.267 I/MpvBridgeModule(17565): [PlaybackTrace][Bridge][listener:event] name=playbackRestart payload={}
08-22 17:16:47.300 I/MpvEvent(17565): [PlaybackTrace][Native][eventLoop] event_id=2 error=0
08-22 17:16:47.300 I/MpvEvent(17565): [PlaybackTrace][Native][mpv-log] prefix=cplayer level=v text=playback restart complete @ 0.000001, audio=playing, video=eof
08-22 17:16:47.300 D/mpv     (17565): [cplayer] v: playback restart complete @ 0.000001, audio=playing, video=eof
08-22 17:16:47.300 I/MpvEvent(17565): [PlaybackTrace][Native][eventLoop] event_id=2 error=0
08-22 17:16:47.300 I/MpvEvent(17565): [PlaybackTrace][Native][mpv-log] prefix=cplayer level=warn text=Audio device underrun detected.
08-22 17:16:47.300 D/mpv     (17565): [cplayer] warn: Audio device underrun detected.
08-22 17:16:47.344 I/MpvEvent(17565): [PlaybackTrace][Native][eventLoop] event_id=2 error=0
08-22 17:16:47.344 I/MpvEvent(17565): [PlaybackTrace][Native][mpv-log] prefix=cplayer level=v text=restarting audio after underrun
08-22 17:16:47.344 D/mpv     (17565): [cplayer] v: restarting audio after underrun
08-22 17:16:47.368 I/MpvJNI  (17565): [PlaybackTrace][Native][getDuration] result=0 duration=149.696033
08-22 17:16:47.368 D/MpvBridgeModule(17565): [PlaybackTrace][Bridge][getDuration] ptr=131217388352464 duration=149.69603333333333
08-22 17:16:47.394 I/MpvEvent(17565): [PlaybackTrace][Native][eventLoop] event_id=22 error=0
08-22 17:16:47.394 I/MpvEvent(17565): [PlaybackTrace][Native][property] name=demuxer-cache-state format=6 value=null
08-22 17:16:47.394 I/MpvEvent(17565): [PlaybackTrace][Native][dispatch:property] name=demuxer-cache-state value=null
08-22 17:16:47.395 I/MpvBridgeModule(17565): [PlaybackTrace][Bridge][listener:property] name=demuxer-cache-state value=null
08-22 17:16:47.599 I/MpvJNI  (17565): [PlaybackTrace][Native][getPosition] result=0 position=0.281981
08-22 17:16:47.599 D/MpvBridgeModule(17565): [PlaybackTrace][Bridge][getPosition] ptr=131217388352464 position=0.28198057409070254
08-22 17:16:47.599 I/MpvJNI  (17565): [PlaybackTrace][Native][getDuration] result=0 duration=149.696033
08-22 17:16:47.599 D/MpvBridgeModule(17565): [PlaybackTrace][Bridge][getDuration] ptr=131217388352464 duration=149.69603333333333
08-22 17:16:47.599 D/MpvBridgeModule(17565): [PlaybackTrace][Bridge][getPlaybackState] ptr=131217388352464 state=playing idle=false eof=false pause=false
08-22 17:16:47.609 I/MpvJNI  (17565): [PlaybackTrace][Native][getDuration] result=0 duration=149.696033
08-22 17:16:47.609 D/MpvBridgeModule(17565): [PlaybackTrace][Bridge][getDuration] ptr=131217388352464 duration=149.69603333333333
08-22 17:16:47.644 I/MpvEvent(17565): [PlaybackTrace][Native][eventLoop] event_id=22 error=0
08-22 17:16:47.644 I/MpvEvent(17565): [PlaybackTrace][Native][property] name=demuxer-cache-state format=6 value=null
08-22 17:16:47.644 I/MpvEvent(17565): [PlaybackTrace][Native][dispatch:property] name=demuxer-cache-state value=null
08-22 17:16:47.645 I/MpvBridgeModule(17565): [PlaybackTrace][Bridge][listener:property] name=demuxer-cache-state value=null
08-22 17:16:47.811 I/MpvJNI  (17565): [PlaybackTrace][Native][getDuration] result=0 duration=149.696033
08-22 17:16:47.811 D/MpvBridgeModule(17565): [PlaybackTrace][Bridge][getDuration] ptr=131217388352464 duration=149.69603333333333
08-22 17:16:47.897 I/MpvEvent(17565): [PlaybackTrace][Native][eventLoop] event_id=22 error=0
08-22 17:16:47.897 I/MpvEvent(17565): [PlaybackTrace][Native][property] name=demuxer-cache-state format=6 value=null
08-22 17:16:47.897 I/MpvEvent(17565): [PlaybackTrace][Native][dispatch:property] name=demuxer-cache-state value=null
08-22 17:16:47.897 I/MpvBridgeModule(17565): [PlaybackTrace][Bridge][listener:property] name=demuxer-cache-state value=null
08-22 17:16:47.969 I/MpvJNI  (17565): [PlaybackTrace][Native][getPosition] result=0 position=0.638866
08-22 17:16:47.969 D/MpvBridgeModule(17565): [PlaybackTrace][Bridge][getPosition] ptr=131217388352464 position=0.6388663570907025
08-22 17:16:47.969 I/MpvJNI  (17565): [PlaybackTrace][Native][getDuration] result=0 duration=149.696033
08-22 17:16:47.970 D/MpvBridgeModule(17565): [PlaybackTrace][Bridge][getDuration] ptr=131217388352464 duration=149.69603333333333
08-22 17:16:47.970 D/MpvBridgeModule(17565): [PlaybackTrace][Bridge][getPlaybackState] ptr=131217388352464 state=playing idle=false eof=false pause=false
08-22 17:16:47.983 I/MpvJNI  (17565): [PlaybackTrace][Native][getDuration] result=0 duration=149.696033
08-22 17:16:47.983 D/MpvBridgeModule(17565): [PlaybackTrace][Bridge][getDuration] ptr=131217388352464 duration=149.69603333333333
08-22 17:16:48.148 I/MpvEvent(17565): [PlaybackTrace][Native][eventLoop] event_id=22 error=0
08-22 17:16:48.148 I/MpvEvent(17565): [PlaybackTrace][Native][property] name=demuxer-cache-state format=6 value=null
08-22 17:16:48.148 I/MpvEvent(17565): [PlaybackTrace][Native][dispatch:property] name=demuxer-cache-state value=null
08-22 17:16:48.149 I/MpvBridgeModule(17565): [PlaybackTrace][Bridge][listener:property] name=demuxer-cache-state value=null
08-22 17:16:48.157 I/MpvJNI  (17565): [PlaybackTrace][Native][getDuration] result=0 duration=149.696033
08-22 17:16:48.157 D/MpvBridgeModule(17565): [PlaybackTrace][Bridge][getDuration] ptr=131217388352464 duration=149.69603333333333
08-22 17:16:48.287 I/ReactNativeJS(17565): '[INFO]', '[PlaybackTrace][Controller][loadAndResume:before]', { uri: 'https://prod-1.storage.jamendo.com/?trackid=1593988&format=mp31&from=%2FV3E9Qwm8kkOD6hbkNYXkg%3D%3D%7CMJJdmScXeWFhFQqasgwXjQ%3D%3D',
08-22 17:16:48.288 I/ReactNativeJS(17565): '[INFO]', '[PlaybackTrace][JS][loadFile:call]', { requestedPath: 'https://prod-1.storage.jamendo.com/?trackid=1593988&format=mp31&from=%2FV3E9Qwm8kkOD6hbkNYXkg%3D%3D%7CMJJdmScXeWFhFQqasgwXjQ%3D%3D',
08-22 17:16:48.290 I/ReactNativeJS(17565): '[INFO]', '[PlaybackTrace][JS][loadFile:return]', { resolvedPath: 'https://prod-1.storage.jamendo.com/?trackid=1593988&format=mp31&from=%2FV3E9Qwm8kkOD6hbkNYXkg%3D%3D%7CMJJdmScXeWFhFQqasgwXjQ%3D%3D' }
08-22 17:16:48.291 I/MpvBridgeModule(17565): [PlaybackTrace][Bridge][loadFile] requested=https://prod-1.storage.jamendo.com/?trackid=1593988&format=mp31&from=%2FV3E9Qwm8kkOD6hbkNYXkg%3D%3D%7CMJJdmScXeWFhFQqasgwXjQ%3D%3D resolved=https://prod-1.storage.jamendo.com/?trackid=1593988&format=mp31&from=%2FV3E9Qwm8kkOD6hbkNYXkg%3D%3D%7CMJJdmScXeWFhFQqasgwXjQ%3D%3D ptr=131217388352464
08-22 17:16:48.291 I/MpvJNI  (17565): [PlaybackTrace][Native][loadFile] begin path=https://prod-1.storage.jamendo.com/?trackid=1593988&format=mp31&from=%2FV3E9Qwm8kkOD6hbkNYXkg%3D%3D%7CMJJdmScXeWFhFQqasgwXjQ%3D%3D initialized=1
08-22 17:16:48.291 I/MpvJNI  (17565): [PlaybackTrace][Native][loadFile] loadfile command accepted result=0
08-22 17:16:48.291 I/MpvBridgeModule(17565): [PlaybackTrace][Bridge][loadFile] nativeLoadFile returned
08-22 17:16:48.291 I/ReactNativeJS(17565): '[INFO]', '[PlaybackTrace][Controller][loadAndResume:loaded]', 'https://prod-1.storage.jamendo.com/?trackid=1593988&format=mp31&from=%2FV3E9Qwm8kkOD6hbkNYXkg%3D%3D%7CMJJdmScXeWFhFQqasgwXjQ%3D%3D'
08-22 17:16:48.291 I/MpvEvent(17565): [PlaybackTrace][Native][eventLoop] event_id=2 error=0
08-22 17:16:48.291 I/MpvEvent(17565): [PlaybackTrace][Native][mpv-log] prefix=cplayer level=v text=EOF code: 3  
08-22 17:16:48.291 D/mpv     (17565): [cplayer] v: EOF code: 3  
08-22 17:16:48.292 I/ReactNativeJS(17565): '[INFO]', '[PlaybackTrace][JS][resume:call]'
08-22 17:16:48.292 I/MpvBridgeModule(17565): [PlaybackTrace][Bridge][play] ptr=131217388352464
08-22 17:16:48.292 I/ReactNativeJS(17565): '[INFO]', '[PlaybackTrace][Controller][loadAndResume:resumed]', 'https://prod-1.storage.jamendo.com/?trackid=1593988&format=mp31&from=%2FV3E9Qwm8kkOD6hbkNYXkg%3D%3D%7CMJJdmScXeWFhFQqasgwXjQ%3D%3D'
08-22 17:16:48.300 I/MpvEvent(17565): [PlaybackTrace][Native][eventLoop] event_id=18 error=0
08-22 17:16:48.300 I/MpvEvent(17565): [PlaybackTrace][Native][eventLoop] MPV_EVENT_AUDIO_RECONFIG
08-22 17:16:48.300 I/MpvEvent(17565): [PlaybackTrace][Native][dispatch:event] name=audioReconfig payload={}
08-22 17:16:48.300 I/MpvBridgeModule(17565): [PlaybackTrace][Bridge][listener:event] name=audioReconfig payload={}
08-22 17:16:48.300 I/MpvEvent(17565): [PlaybackTrace][Native][eventLoop] event_id=17 error=0
08-22 17:16:48.300 I/MpvEvent(17565): MPV_EVENT_VIDEO_RECONFIG
08-22 17:16:48.300 I/MpvEvent(17565): [PlaybackTrace][Native][dispatch:event] name=videoReconfig payload={}
08-22 17:16:48.301 I/MpvBridgeModule(17565): [PlaybackTrace][Bridge][listener:event] name=videoReconfig payload={}
08-22 17:16:48.306 I/MpvEvent(17565): [PlaybackTrace][Native][eventLoop] event_id=18 error=0
08-22 17:16:48.306 I/MpvEvent(17565): [PlaybackTrace][Native][eventLoop] MPV_EVENT_AUDIO_RECONFIG
08-22 17:16:48.306 I/MpvEvent(17565): [PlaybackTrace][Native][dispatch:event] name=audioReconfig payload={}
08-22 17:16:48.306 I/MpvBridgeModule(17565): [PlaybackTrace][Bridge][listener:event] name=audioReconfig payload={}
08-22 17:16:48.308 I/MpvJNI  (17565): [PlaybackTrace][Native][play] pause=no result=0
08-22 17:16:48.308 I/MpvBridgeModule(17565): [PlaybackTrace][Bridge][play] nativePlay returned
08-22 17:16:48.308 I/MpvEvent(17565): [PlaybackTrace][Native][eventLoop] event_id=2 error=0
08-22 17:16:48.308 I/MpvEvent(17565): [PlaybackTrace][Native][mpv-log] prefix=cplayer level=v text=Set property: pause="no" -> 1
08-22 17:16:48.308 D/mpv     (17565): [cplayer] v: Set property: pause="no" -> 1
08-22 17:16:48.453 I/MpvJNI  (17565): [PlaybackTrace][Native][getPosition] result=-10 position=0.000000
08-22 17:16:48.454 D/MpvBridgeModule(17565): [PlaybackTrace][Bridge][getPosition] ptr=131217388352464 position=0.0
08-22 17:16:48.454 I/MpvJNI  (17565): [PlaybackTrace][Native][getDuration] result=-10 duration=0.000000
08-22 17:16:48.454 D/MpvBridgeModule(17565): [PlaybackTrace][Bridge][getDuration] ptr=131217388352464 duration=0.0
08-22 17:16:48.454 D/MpvBridgeModule(17565): [PlaybackTrace][Bridge][getPlaybackState] ptr=131217388352464 state=playing idle=false eof=false pause=false
08-22 17:16:48.457 I/MpvJNI  (17565): [PlaybackTrace][Native][getDuration] result=-10 duration=0.000000
08-22 17:16:48.457 D/MpvBridgeModule(17565): [PlaybackTrace][Bridge][getDuration] ptr=131217388352464 duration=0.0
08-22 17:16:48.569 I/MpvEvent(17565): [PlaybackTrace][Native][eventLoop] event_id=7 error=0
08-22 17:16:48.569 E/MpvEvent(17565): [PlaybackTrace][Native][eventLoop] MPV_EVENT_END_FILE reason=2 error=0
08-22 17:16:48.569 I/MpvEvent(17565): [PlaybackTrace][Native][dispatch:event] name=endFile payload={"reason":2,"error":0}
08-22 17:16:48.571 D/MPVLib  (17565): onNativeEvent: endFile {"reason":2,"error":0}
08-22 17:16:48.572 I/MpvBridgeModule(17565): [PlaybackTrace][Bridge][listener:event] name=endFile payload={"reason":2,"error":0}
08-22 17:16:48.578 I/MpvEvent(17565): [PlaybackTrace][Native][eventLoop] event_id=22 error=0
08-22 17:16:48.578 I/MpvEvent(17565): [PlaybackTrace][Native][eventLoop] property=cache-buffering-state format=NONE
08-22 17:16:48.579 I/MpvEvent(17565): [PlaybackTrace][Native][eventLoop] event_id=6 error=0
08-22 17:16:48.579 I/MpvEvent(17565): MPV_EVENT_START_FILE
08-22 17:16:48.579 I/MpvEvent(17565): [PlaybackTrace][Native][dispatch:event] name=startFile payload={}
08-22 17:16:48.579 D/MPVLib  (17565): onNativeEvent: startFile {}
08-22 17:16:48.579 I/MpvBridgeModule(17565): [PlaybackTrace][Bridge][listener:event] name=startFile payload={}
08-22 17:16:48.582 I/MpvEvent(17565): [PlaybackTrace][Native][eventLoop] event_id=22 error=0
08-22 17:16:48.586 I/MpvEvent(17565): [PlaybackTrace][Native][eventLoop] property=paused-for-cache format=NONE
08-22 17:16:48.586 I/MpvEvent(17565): [PlaybackTrace][Native][eventLoop] event_id=22 error=0
08-22 17:16:48.587 I/MpvEvent(17565): [PlaybackTrace][Native][eventLoop] property=demuxer-cache-state format=NONE
08-22 17:16:48.587 I/MpvEvent(17565): [PlaybackTrace][Native][eventLoop] event_id=22 error=0
08-22 17:16:48.587 I/MpvEvent(17565): [PlaybackTrace][Native][eventLoop] property=seekable format=NONE
08-22 17:16:48.587 I/MpvEvent(17565): [PlaybackTrace][Native][eventLoop] event_id=2 error=0
08-22 17:16:48.587 I/MpvEvent(17565): [PlaybackTrace][Native][mpv-log] prefix=cplayer level=v text=finished playback, success (reason 2)
08-22 17:16:48.587 D/mpv     (17565): [cplayer] v: finished playback, success (reason 2)
08-22 17:16:48.588 I/MpvEvent(17565): [PlaybackTrace][Native][eventLoop] event_id=2 error=0
08-22 17:16:48.588 I/MpvEvent(17565): [PlaybackTrace][Native][mpv-log] prefix=cplayer level=v text=Running hook: ytdl_hook/on_after_end_file
08-22 17:16:48.588 D/mpv     (17565): [cplayer] v: Running hook: ytdl_hook/on_after_end_file
08-22 17:16:48.588 I/MpvEvent(17565): [PlaybackTrace][Native][eventLoop] event_id=2 error=0
08-22 17:16:48.588 I/MpvEvent(17565): [PlaybackTrace][Native][mpv-log] prefix=cplayer level=v text=Running hook: ytdl_hook/on_load
08-22 17:16:48.588 D/mpv     (17565): [cplayer] v: Running hook: ytdl_hook/on_load
08-22 17:16:48.588 I/MpvEvent(17565): [PlaybackTrace][Native][eventLoop] event_id=2 error=0
08-22 17:16:48.588 I/MpvEvent(17565): [PlaybackTrace][Native][mpv-log] prefix=cplayer level=v text=Running hook: ytdl_hook/on_load
08-22 17:16:48.588 D/mpv     (17565): [cplayer] v: Running hook: ytdl_hook/on_load
08-22 17:16:48.588 I/MpvEvent(17565): [PlaybackTrace][Native][eventLoop] event_id=2 error=0
08-22 17:16:48.588 I/MpvEvent(17565): [PlaybackTrace][Native][mpv-log] prefix=ytdl_hook level=v text=playlist hook
08-22 17:16:48.588 I/MpvEvent(17565): [PlaybackTrace][Native][eventLoop] event_id=2 error=0
08-22 17:16:48.588 I/MpvEvent(17565): [PlaybackTrace][Native][mpv-log] prefix=stream_callback level=v text=Opening https://prod-1.storage.jamendo.com/?trackid=1593988&format=mp31&from=%2FV3E9Qwm8kkOD6hbkNYXkg%3D%3D%7CMJJdmScXeWFhFQqasgwXjQ%3D%3D
08-22 17:16:48.588 I/MpvEvent(17565): [PlaybackTrace][Native][eventLoop] event_id=2 error=0
08-22 17:16:48.588 I/MpvEvent(17565): [PlaybackTrace][Native][mpv-log] prefix=ffmpeg level=v text=Opening https://prod-1.storage.jamendo.com/?trackid=1593988&format=mp31&from=%2FV3E9Qwm8kkOD6hbkNYXkg%3D%3D%7CMJJdmScXeWFhFQqasgwXjQ%3D%3D
08-22 17:16:48.588 D/mpv     (17565): [ffmpeg] v: Opening https://prod-1.storage.jamendo.com/?trackid=1593988&format=mp31&from=%2FV3E9Qwm8kkOD6hbkNYXkg%3D%3D%7CMJJdmScXeWFhFQqasgwXjQ%3D%3D
08-22 17:16:48.595 I/ReactNativeJS(17565): '[INFO]', '[PlaybackTrace][JS][resume:call]'
08-22 17:16:48.596 I/MpvBridgeModule(17565): [PlaybackTrace][Bridge][play] ptr=131217388352464
08-22 17:16:48.596 I/MpvJNI  (17565): [PlaybackTrace][Native][play] pause=no result=0
08-22 17:16:48.596 I/MpvBridgeModule(17565): [PlaybackTrace][Bridge][play] nativePlay returned
08-22 17:16:48.596 I/MpvEvent(17565): [PlaybackTrace][Native][eventLoop] event_id=2 error=0
08-22 17:16:48.596 I/MpvEvent(17565): [PlaybackTrace][Native][mpv-log] prefix=cplayer level=v text=Set property: pause="no" -> 1
08-22 17:16:48.596 D/mpv     (17565): [cplayer] v: Set property: pause="no" -> 1
08-22 17:16:48.902 I/MpvJNI  (17565): [PlaybackTrace][Native][getPosition] result=-10 position=0.000000
08-22 17:16:48.902 D/MpvBridgeModule(17565): [PlaybackTrace][Bridge][getPosition] ptr=131217388352464 position=0.0
08-22 17:16:48.902 I/MpvJNI  (17565): [PlaybackTrace][Native][getDuration] result=-10 duration=0.000000
08-22 17:16:48.902 D/MpvBridgeModule(17565): [PlaybackTrace][Bridge][getDuration] ptr=131217388352464 duration=0.0
08-22 17:16:48.902 D/MpvBridgeModule(17565): [PlaybackTrace][Bridge][getPlaybackState] ptr=131217388352464 state=playing idle=false eof=false pause=false
08-22 17:16:49.469 I/MpvJNI  (17565): [PlaybackTrace][Native][getPosition] result=-10 position=0.000000
08-22 17:16:49.470 D/MpvBridgeModule(17565): [PlaybackTrace][Bridge][getPosition] ptr=131217388352464 position=0.0
08-22 17:16:49.470 I/MpvJNI  (17565): [PlaybackTrace][Native][getDuration] result=-10 duration=0.000000
08-22 17:16:49.470 D/MpvBridgeModule(17565): [PlaybackTrace][Bridge][getDuration] ptr=131217388352464 duration=0.0
08-22 17:16:49.470 D/MpvBridgeModule(17565): [PlaybackTrace][Bridge][getPlaybackState] ptr=131217388352464 state=playing idle=false eof=false pause=false
08-22 17:16:49.512 I/MpvEvent(17565): [PlaybackTrace][Native][eventLoop] event_id=2 error=0
08-22 17:16:49.512 I/MpvEvent(17565): [PlaybackTrace][Native][mpv-log] prefix=ffmpeg level=v text=Mime-type: 'audio/mpeg'
08-22 17:16:49.512 D/mpv     (17565): [ffmpeg] v: Mime-type: 'audio/mpeg'
08-22 17:16:49.512 I/MpvEvent(17565): [PlaybackTrace][Native][eventLoop] event_id=2 error=0
08-22 17:16:49.512 I/MpvEvent(17565): [PlaybackTrace][Native][mpv-log] prefix=demux level=v text=Trying demuxers for level=normal.
08-22 17:16:49.521 I/MpvEvent(17565): [PlaybackTrace][Native][eventLoop] event_id=2 error=0
08-22 17:16:49.521 I/MpvEvent(17565): [PlaybackTrace][Native][mpv-log] prefix=lavf level=v text=Found 'mp3' at score=24 size=2048.
08-22 17:16:49.719 I/MpvEvent(17565): [PlaybackTrace][Native][eventLoop] event_id=2 error=0
08-22 17:16:49.719 I/MpvEvent(17565): [PlaybackTrace][Native][mpv-log] prefix=lavf level=v text=avformat_find_stream_info() finished after 32275 bytes.
08-22 17:16:49.720 I/MpvEvent(17565): [PlaybackTrace][Native][eventLoop] event_id=2 error=0
08-22 17:16:49.722 I/MpvEvent(17565): [PlaybackTrace][Native][mpv-log] prefix=lavf level=v text=Assuming this is an image format.
08-22 17:16:49.722 I/MpvEvent(17565): [PlaybackTrace][Native][eventLoop] event_id=22 error=0
08-22 17:16:49.722 I/MpvEvent(17565): [PlaybackTrace][Native][property] name=cache-buffering-state format=6 value=null
08-22 17:16:49.722 I/MpvEvent(17565): [PlaybackTrace][Native][dispatch:property] name=cache-buffering-state value=null
08-22 17:16:49.723 D/MPVLib  (17565): onNativePropertyChanged: cache-buffering-state = null
08-22 17:16:49.723 I/MpvBridgeModule(17565): [PlaybackTrace][Bridge][listener:property] name=cache-buffering-state value=null
08-22 17:16:49.724 I/MpvEvent(17565): [PlaybackTrace][Native][eventLoop] event_id=22 error=0
08-22 17:16:49.724 I/MpvEvent(17565): [PlaybackTrace][Native][property] name=demuxer-cache-state format=6 value=null
08-22 17:16:49.724 I/MpvEvent(17565): [PlaybackTrace][Native][dispatch:property] name=demuxer-cache-state value=null
08-22 17:16:49.725 I/MpvBridgeModule(17565): [PlaybackTrace][Bridge][listener:property] name=demuxer-cache-state value=null
08-22 17:16:49.725 I/MpvEvent(17565): [PlaybackTrace][Native][eventLoop] event_id=2 error=0
08-22 17:16:49.725 I/MpvEvent(17565): [PlaybackTrace][Native][mpv-log] prefix=demux level=v text=Detected file format: mp3 (libavformat)
08-22 17:16:49.725 I/MpvEvent(17565): [PlaybackTrace][Native][eventLoop] event_id=2 error=0
08-22 17:16:49.725 I/MpvEvent(17565): [PlaybackTrace][Native][mpv-log] prefix=cplayer level=v text=Opening done: https://prod-1.storage.jamendo.com/?trackid=1593988&format=mp31&from=%2FV3E9Qwm8kkOD6hbkNYXkg%3D%3D%7CMJJdmScXeWFhFQqasgwXjQ%3D%3D
08-22 17:16:49.725 D/mpv     (17565): [cplayer] v: Opening done: https://prod-1.storage.jamendo.com/?trackid=1593988&format=mp31&from=%2FV3E9Qwm8kkOD6hbkNYXkg%3D%3D%7CMJJdmScXeWFhFQqasgwXjQ%3D%3D
08-22 17:16:49.726 I/MpvEvent(17565): [PlaybackTrace][Native][eventLoop] event_id=2 error=0
08-22 17:16:49.726 I/MpvEvent(17565): [PlaybackTrace][Native][mpv-log] prefix=cplayer level=v text=Running hook: ytdl_hook/on_preloaded
08-22 17:16:49.726 D/mpv     (17565): [cplayer] v: Running hook: ytdl_hook/on_preloaded
08-22 17:16:49.726 I/MpvEvent(17565): [PlaybackTrace][Native][eventLoop] event_id=2 error=0
08-22 17:16:49.726 I/MpvEvent(17565): [PlaybackTrace][Native][mpv-log] prefix=lavf level=v text=select track 1
08-22 17:16:49.726 I/MpvEvent(17565): [PlaybackTrace][Native][eventLoop] event_id=2 error=0
08-22 17:16:49.726 I/MpvEvent(17565): [PlaybackTrace][Native][mpv-log] prefix=lavf level=v text=select track 0
08-22 17:16:49.726 I/MpvEvent(17565): [PlaybackTrace][Native][eventLoop] event_id=2 error=0
08-22 17:16:49.726 I/MpvEvent(17565): [PlaybackTrace][Native][mpv-log] prefix=cplayer level=info text=ΓùÅ Image  --vid=1  'Cover Image' (mjpeg [Baseline] 400x400)
08-22 17:16:49.726 D/mpv     (17565): [cplayer] info: ΓùÅ Image  --vid=1  'Cover Image' (mjpeg [Baseline] 400x400)
08-22 17:16:49.726 I/MpvEvent(17565): [PlaybackTrace][Native][eventLoop] event_id=2 error=0
08-22 17:16:49.726 I/MpvEvent(17565): [PlaybackTrace][Native][mpv-log] prefix=cplayer level=info text=ΓùÅ Audio  --aid=1  (mp3 2ch 44100 Hz 96 kbps)
08-22 17:16:49.726 D/mpv     (17565): [cplayer] info: ΓùÅ Audio  --aid=1  (mp3 2ch 44100 Hz 96 kbps)
08-22 17:16:49.726 I/MpvEvent(17565): [PlaybackTrace][Native][eventLoop] event_id=18 error=0
08-22 17:16:49.726 I/MpvEvent(17565): [PlaybackTrace][Native][eventLoop] MPV_EVENT_AUDIO_RECONFIG
08-22 17:16:49.726 I/MpvEvent(17565): [PlaybackTrace][Native][dispatch:event] name=audioReconfig payload={}
08-22 17:16:49.727 I/MpvBridgeModule(17565): [PlaybackTrace][Bridge][listener:event] name=audioReconfig payload={}
08-22 17:16:49.728 I/MpvEvent(17565): [PlaybackTrace][Native][eventLoop] event_id=2 error=0
08-22 17:16:49.728 I/MpvEvent(17565): [PlaybackTrace][Native][mpv-log] prefix=display-tags level=info text=File tags:
08-22 17:16:49.728 I/MpvEvent(17565): [PlaybackTrace][Native][eventLoop] event_id=2 error=0
08-22 17:16:49.728 I/MpvEvent(17565): [PlaybackTrace][Native][mpv-log] prefix=display-tags level=info text= Artist: Joystock
08-22 17:16:49.728 I/MpvEvent(17565): [PlaybackTrace][Native][eventLoop] event_id=2 error=0
08-22 17:16:49.728 I/MpvEvent(17565): [PlaybackTrace][Native][mpv-log] prefix=display-tags level=info text= Comment: http://www.jamendo.com cc_standard
08-22 17:16:49.728 I/MpvEvent(17565): [PlaybackTrace][Native][eventLoop] event_id=2 error=0
08-22 17:16:49.728 I/MpvEvent(17565): [PlaybackTrace][Native][mpv-log] prefix=display-tags level=info text= Composer: Joystock
08-22 17:16:49.728 I/MpvEvent(17565): [PlaybackTrace][Native][eventLoop] event_id=2 error=0
08-22 17:16:49.728 I/MpvEvent(17565): [PlaybackTrace][Native][mpv-log] prefix=display-tags level=info text= Date: 2018
08-22 17:16:49.728 I/MpvEvent(17565): [PlaybackTrace][Native][eventLoop] event_id=2 error=0
08-22 17:16:49.728 I/MpvEvent(17565): [PlaybackTrace][Native][mpv-log] prefix=display-tags level=info text= Genre: chillhop
08-22 17:16:49.728 I/MpvEvent(17565): [PlaybackTrace][Native][eventLoop] event_id=2 error=0
08-22 17:16:49.728 I/MpvEvent(17565): [PlaybackTrace][Native][mpv-log] prefix=display-tags level=info text= Title: Lofi Chillout Hip Hop Beat
08-22 17:16:49.729 I/MpvEvent(17565): [PlaybackTrace][Native][eventLoop] event_id=2 error=0
08-22 17:16:49.729 I/MpvEvent(17565): [PlaybackTrace][Native][mpv-log] prefix=display-tags level=info text= Track: 62
08-22 17:16:49.729 I/MpvEvent(17565): [PlaybackTrace][Native][eventLoop] event_id=2 error=0
08-22 17:16:49.729 I/MpvEvent(17565): [PlaybackTrace][Native][mpv-log] prefix=vd level=v text=Container reported FPS: 1.000000
08-22 17:16:49.729 I/MpvEvent(17565): [PlaybackTrace][Native][eventLoop] event_id=2 error=0
08-22 17:16:49.729 I/MpvEvent(17565): [PlaybackTrace][Native][mpv-log] prefix=vd level=v text=Codec list:
08-22 17:16:49.729 I/MpvEvent(17565): [PlaybackTrace][Native][eventLoop] event_id=18 error=0
08-22 17:16:49.729 I/MpvEvent(17565): [PlaybackTrace][Native][eventLoop] MPV_EVENT_AUDIO_RECONFIG
08-22 17:16:49.729 I/MpvEvent(17565): [PlaybackTrace][Native][dispatch:event] name=audioReconfig payload={}
08-22 17:16:49.730 I/MpvBridgeModule(17565): [PlaybackTrace][Bridge][listener:event] name=audioReconfig payload={}
08-22 17:16:49.730 I/MpvEvent(17565): [PlaybackTrace][Native][eventLoop] event_id=2 error=0
08-22 17:16:49.730 I/MpvEvent(17565): [PlaybackTrace][Native][mpv-log] prefix=vd level=v text=    mjpeg - MJPEG (Motion JPEG)
08-22 17:16:49.730 I/MpvEvent(17565): [PlaybackTrace][Native][eventLoop] event_id=2 error=0
08-22 17:16:49.730 I/MpvEvent(17565): [PlaybackTrace][Native][mpv-log] prefix=vd level=v text=Opening decoder mjpeg
08-22 17:16:49.730 I/MpvEvent(17565): [PlaybackTrace][Native][eventLoop] event_id=2 error=0
08-22 17:16:49.730 I/MpvEvent(17565): [PlaybackTrace][Native][mpv-log] prefix=vd level=v text=Not trying to use hardware decoding: codec mjpeg is not on whitelist.
08-22 17:16:49.730 I/MpvEvent(17565): [PlaybackTrace][Native][eventLoop] event_id=2 error=0
08-22 17:16:49.730 I/MpvEvent(17565): [PlaybackTrace][Native][mpv-log] prefix=vd level=v text=Using software decoding.
08-22 17:16:49.730 I/MpvEvent(17565): [PlaybackTrace][Native][eventLoop] event_id=2 error=0
08-22 17:16:49.731 I/MpvEvent(17565): [PlaybackTrace][Native][mpv-log] prefix=vd level=v text=Detected 4 logical cores.
08-22 17:16:49.731 I/MpvEvent(17565): [PlaybackTrace][Native][eventLoop] event_id=2 error=0
08-22 17:16:49.731 I/MpvEvent(17565): [PlaybackTrace][Native][mpv-log] prefix=vd level=v text=Requesting 5 threads for decoding.
08-22 17:16:49.731 I/MpvEvent(17565): [PlaybackTrace][Native][eventLoop] event_id=2 error=0
08-22 17:16:49.731 I/MpvEvent(17565): [PlaybackTrace][Native][mpv-log] prefix=vd level=v text=Selected decoder: mjpeg - MJPEG (Motion JPEG)
08-22 17:16:49.731 I/MpvEvent(17565): [PlaybackTrace][Native][eventLoop] event_id=2 error=0
08-22 17:16:49.731 I/MpvEvent(17565): [PlaybackTrace][Native][mpv-log] prefix=vf level=v text=User filter list:
08-22 17:16:49.731 I/MpvEvent(17565): [PlaybackTrace][Native][eventLoop] event_id=2 error=0
08-22 17:16:49.731 I/MpvEvent(17565): [PlaybackTrace][Native][mpv-log] prefix=vf level=v text=  (empty)
08-22 17:16:49.731 I/MpvEvent(17565): [PlaybackTrace][Native][eventLoop] event_id=2 error=0
08-22 17:16:49.731 I/MpvEvent(17565): [PlaybackTrace][Native][mpv-log] prefix=ad level=v text=Codec list:
08-22 17:16:49.731 I/MpvEvent(17565): [PlaybackTrace][Native][eventLoop] event_id=2 error=0
08-22 17:16:49.731 I/MpvEvent(17565): [PlaybackTrace][Native][mpv-log] prefix=ad level=v text=    mp3float (mp3) - MP3 (MPEG audio layer 3)
08-22 17:16:49.731 I/MpvEvent(17565): [PlaybackTrace][Native][eventLoop] event_id=2 error=0
08-22 17:16:49.731 I/MpvEvent(17565): [PlaybackTrace][Native][mpv-log] prefix=ad level=v text=    mp3 - MP3 (MPEG audio layer 3)
08-22 17:16:49.731 I/MpvEvent(17565): [PlaybackTrace][Native][eventLoop] event_id=2 error=0
08-22 17:16:49.731 I/MpvEvent(17565): [PlaybackTrace][Native][mpv-log] prefix=ad level=v text=    mp3_mediacodec (mp3) - MP3 Android MediaCodec decoder
08-22 17:16:49.731 I/MpvEvent(17565): [PlaybackTrace][Native][eventLoop] event_id=2 error=0
08-22 17:16:49.732 I/MpvEvent(17565): [PlaybackTrace][Native][mpv-log] prefix=ad level=v text=Opening decoder mp3float
08-22 17:16:49.732 I/MpvEvent(17565): [PlaybackTrace][Native][eventLoop] event_id=2 error=0
08-22 17:16:49.732 I/MpvEvent(17565): [PlaybackTrace][Native][mpv-log] prefix=ad level=v text=Requesting 1 threads for decoding.
08-22 17:16:49.732 I/MpvEvent(17565): [PlaybackTrace][Native][eventLoop] event_id=2 error=0
08-22 17:16:49.732 I/MpvEvent(17565): [PlaybackTrace][Native][mpv-log] prefix=ad level=v text=Selected decoder: mp3float - MP3 (MPEG audio layer 3)
08-22 17:16:49.732 I/MpvEvent(17565): [PlaybackTrace][Native][eventLoop] event_id=2 error=0
08-22 17:16:49.732 I/MpvEvent(17565): [PlaybackTrace][Native][mpv-log] prefix=af level=v text=User filter list:
08-22 17:16:49.732 I/MpvEvent(17565): [PlaybackTrace][Native][eventLoop] event_id=2 error=0
08-22 17:16:49.732 I/MpvEvent(17565): [PlaybackTrace][Native][mpv-log] prefix=af level=v text=  (empty)
08-22 17:16:49.733 I/MpvEvent(17565): [PlaybackTrace][Native][eventLoop] event_id=8 error=0
08-22 17:16:49.734 I/MpvEvent(17565): MPV_EVENT_FILE_LOADED
08-22 17:16:49.734 I/MpvEvent(17565): [PlaybackTrace][Native][dispatch:event] name=fileLoaded payload={}
08-22 17:16:49.735 D/MPVLib  (17565): onNativeEvent: fileLoaded {}
08-22 17:16:49.735 I/MpvBridgeModule(17565): [PlaybackTrace][Bridge][listener:event] name=fileLoaded payload={}
08-22 17:16:49.736 I/MpvEvent(17565): [PlaybackTrace][Native][eventLoop] event_id=2 error=0
08-22 17:16:49.736 I/MpvEvent(17565): [PlaybackTrace][Native][mpv-log] prefix=cplayer level=info text=Displaying cover art. Use --no-audio-display to prevent this.
08-22 17:16:49.736 D/mpv     (17565): [cplayer] info: Displaying cover art. Use --no-audio-display to prevent this.
08-22 17:16:49.736 I/MpvEvent(17565): [PlaybackTrace][Native][eventLoop] event_id=2 error=0
08-22 17:16:49.736 I/MpvEvent(17565): [PlaybackTrace][Native][mpv-log] prefix=cplayer level=v text=Starting playback...
08-22 17:16:49.736 D/mpv     (17565): [cplayer] v: Starting playback...
08-22 17:16:49.736 I/MpvEvent(17565): [PlaybackTrace][Native][eventLoop] event_id=2 error=0
08-22 17:16:49.736 I/MpvEvent(17565): [PlaybackTrace][Native][mpv-log] prefix=vd level=v text=DR failed - disabling.
08-22 17:16:49.742 I/MpvEvent(17565): [PlaybackTrace][Native][eventLoop] event_id=2 error=0
08-22 17:16:49.742 I/MpvEvent(17565): [PlaybackTrace][Native][mpv-log] prefix=ffmpeg/video level=error text=mjpeg: overread 8
08-22 17:16:49.742 E/MpvEvent(17565): [PlaybackTrace][Native][dispatch:error] code=-1 message=mjpeg: overread 8
08-22 17:16:49.743 E/MpvBridgeModule(17565): [PlaybackTrace][Bridge][listener:error] code=-1 message=mjpeg: overread 8
08-22 17:16:49.745 I/MpvEvent(17565): [PlaybackTrace][Native][eventLoop] event_id=2 error=0
08-22 17:16:49.745 I/MpvEvent(17565): [PlaybackTrace][Native][mpv-log] prefix=ffmpeg/video level=warn text=mjpeg: EOI missing, emulating
08-22 17:16:49.745 I/MpvEvent(17565): [PlaybackTrace][Native][eventLoop] event_id=2 error=0
08-22 17:16:49.745 I/MpvEvent(17565): [PlaybackTrace][Native][mpv-log] prefix=vd level=v text=Using software decoding.
08-22 17:16:49.745 I/MpvEvent(17565): [PlaybackTrace][Native][eventLoop] event_id=2 error=0
08-22 17:16:49.745 I/MpvEvent(17565): [PlaybackTrace][Native][mpv-log] prefix=vd level=v text=Decoder format: 400x400 yuv420p bt.601/auto/auto/full/auto CL=mpeg1/jpeg crop=400x400+0+0 A=none
08-22 17:16:49.745 I/MpvEvent(17565): [PlaybackTrace][Native][eventLoop] event_id=2 error=0
08-22 17:16:49.745 I/MpvEvent(17565): [PlaybackTrace][Native][mpv-log] prefix=vf level=v text=[in] 400x400 yuv420p bt.601/bt.709/srgb/full/display CL=mpeg1/jpeg crop=400x400+0+0 A=none
08-22 17:16:49.745 I/MpvEvent(17565): [PlaybackTrace][Native][eventLoop] event_id=2 error=0
08-22 17:16:49.745 I/MpvEvent(17565): [PlaybackTrace][Native][mpv-log] prefix=vf level=v text=[userdeint] 400x400 yuv420p bt.601/bt.709/srgb/full/display CL=mpeg1/jpeg crop=400x400+0+0 A=none
08-22 17:16:49.745 I/MpvEvent(17565): [PlaybackTrace][Native][eventLoop] event_id=2 error=0
08-22 17:16:49.745 I/MpvEvent(17565): [PlaybackTrace][Native][mpv-log] prefix=vf level=v text=[userdeint] (disabled)
08-22 17:16:49.746 I/MpvEvent(17565): [PlaybackTrace][Native][eventLoop] event_id=2 error=0
08-22 17:16:49.746 I/MpvEvent(17565): [PlaybackTrace][Native][mpv-log] prefix=vf level=v text=[autovflip] 400x400 yuv420p bt.601/bt.709/srgb/full/display CL=mpeg1/jpeg crop=400x400+0+0 A=none
08-22 17:16:49.746 I/MpvEvent(17565): [PlaybackTrace][Native][eventLoop] event_id=2 error=0
08-22 17:16:49.746 I/MpvEvent(17565): [PlaybackTrace][Native][mpv-log] prefix=vf level=v text=[autovflip] (disabled)
08-22 17:16:49.746 I/MpvEvent(17565): [PlaybackTrace][Native][eventLoop] event_id=2 error=0
08-22 17:16:49.746 I/MpvEvent(17565): [PlaybackTrace][Native][mpv-log] prefix=vf level=v text=[autorotate] 400x400 yuv420p bt.601/bt.709/srgb/full/display CL=mpeg1/jpeg crop=400x400+0+0 A=none
08-22 17:16:49.746 I/MpvEvent(17565): [PlaybackTrace][Native][eventLoop] event_id=2 error=0
08-22 17:16:49.746 I/MpvEvent(17565): [PlaybackTrace][Native][mpv-log] prefix=vf level=v text=[autorotate] (disabled)
08-22 17:16:49.746 I/MpvEvent(17565): [PlaybackTrace][Native][eventLoop] event_id=2 error=0
08-22 17:16:49.746 I/MpvEvent(17565): [PlaybackTrace][Native][mpv-log] prefix=vf level=v text=[convert] 400x400 yuv420p bt.601/bt.709/srgb/full/display CL=mpeg1/jpeg crop=400x400+0+0 A=none
08-22 17:16:49.746 I/MpvEvent(17565): [PlaybackTrace][Native][eventLoop] event_id=2 error=0
08-22 17:16:49.746 I/MpvEvent(17565): [PlaybackTrace][Native][mpv-log] prefix=vf level=v text=[convert] (disabled)
08-22 17:16:49.746 I/MpvEvent(17565): [PlaybackTrace][Native][eventLoop] event_id=2 error=0
08-22 17:16:49.747 I/MpvEvent(17565): [PlaybackTrace][Native][mpv-log] prefix=vf level=v text=[out] 400x400 yuv420p bt.601/bt.709/srgb/full/display CL=mpeg1/jpeg crop=400x400+0+0 A=none
08-22 17:16:49.747 I/MpvEvent(17565): [PlaybackTrace][Native][eventLoop] event_id=2 error=0
08-22 17:16:49.747 I/MpvEvent(17565): [PlaybackTrace][Native][mpv-log] prefix=af level=v text=[in] 44100Hz stereo 2ch floatp
08-22 17:16:49.747 I/MpvEvent(17565): [PlaybackTrace][Native][eventLoop] event_id=2 error=0
08-22 17:16:49.747 I/MpvEvent(17565): [PlaybackTrace][Native][mpv-log] prefix=af level=v text=[userspeed] 44100Hz stereo 2ch floatp
08-22 17:16:49.747 I/MpvEvent(17565): [PlaybackTrace][Native][eventLoop] event_id=2 error=0
08-22 17:16:49.747 I/MpvEvent(17565): [PlaybackTrace][Native][mpv-log] prefix=af level=v text=[userspeed] (disabled)
08-22 17:16:49.747 I/MpvEvent(17565): [PlaybackTrace][Native][eventLoop] event_id=22 error=0
08-22 17:16:49.747 I/MpvEvent(17565): [PlaybackTrace][Native][property] name=paused-for-cache format=6 value=null
08-22 17:16:49.747 I/MpvEvent(17565): [PlaybackTrace][Native][dispatch:property] name=paused-for-cache value=null
08-22 17:16:49.747 I/MpvJNI  (17565): [PlaybackTrace][Native][getDuration] result=0 duration=149.696033
08-22 17:16:49.747 D/MpvBridgeModule(17565): [PlaybackTrace][Bridge][getDuration] ptr=131217388352464 duration=149.69603333333333
08-22 17:16:49.748 D/MPVLib  (17565): onNativePropertyChanged: paused-for-cache = null
08-22 17:16:49.748 I/MpvBridgeModule(17565): [PlaybackTrace][Bridge][listener:property] name=paused-for-cache value=null
08-22 17:16:49.750 I/MpvEvent(17565): [PlaybackTrace][Native][eventLoop] event_id=22 error=0
08-22 17:16:49.750 I/MpvEvent(17565): [PlaybackTrace][Native][property] name=seekable format=6 value=null
08-22 17:16:49.750 I/MpvEvent(17565): [PlaybackTrace][Native][dispatch:property] name=seekable value=null
08-22 17:16:49.751 I/MpvBridgeModule(17565): [PlaybackTrace][Bridge][listener:property] name=seekable value=null
08-22 17:16:49.752 I/MpvEvent(17565): [PlaybackTrace][Native][eventLoop] event_id=2 error=0
08-22 17:16:49.752 I/MpvEvent(17565): [PlaybackTrace][Native][mpv-log] prefix=af level=v text=[convert] 44100Hz stereo 2ch floatp
08-22 17:16:49.752 I/MpvEvent(17565): [PlaybackTrace][Native][eventLoop] event_id=2 error=0
08-22 17:16:49.752 I/MpvEvent(17565): [PlaybackTrace][Native][mpv-log] prefix=cplayer level=v text=first video frame after restart shown
08-22 17:16:49.752 D/mpv     (17565): [cplayer] v: first video frame after restart shown
08-22 17:16:49.752 I/MpvEvent(17565): [PlaybackTrace][Native][eventLoop] event_id=2 error=0
08-22 17:16:49.752 I/MpvEvent(17565): [PlaybackTrace][Native][mpv-log] prefix=ao level=v text=Trying audio driver 'audiotrack'
08-22 17:16:49.752 I/MpvEvent(17565): [PlaybackTrace][Native][eventLoop] event_id=2 error=0
08-22 17:16:49.752 I/MpvEvent(17565): [PlaybackTrace][Native][mpv-log] prefix=ao/audiotrack level=v text=requested format: 44100 Hz, stereo channels, floatp
08-22 17:16:49.752 D/mpv     (17565): [ao/audiotrack] v: requested format: 44100 Hz, stereo channels, floatp
08-22 17:16:49.752 I/MpvEvent(17565): [PlaybackTrace][Native][eventLoop] event_id=2 error=0
08-22 17:16:49.752 I/MpvEvent(17565): [PlaybackTrace][Native][mpv-log] prefix=ao/audiotrack level=v text=AudioTrack.nativeOutputSampleRate = 48000
08-22 17:16:49.752 D/mpv     (17565): [ao/audiotrack] v: AudioTrack.nativeOutputSampleRate = 48000
08-22 17:16:49.752 I/MpvEvent(17565): [PlaybackTrace][Native][eventLoop] event_id=2 error=0
08-22 17:16:49.752 I/MpvEvent(17565): [PlaybackTrace][Native][mpv-log] prefix=ao/audiotrack level=v text=Channel layouts:
08-22 17:16:49.752 D/mpv     (17565): [ao/audiotrack] v: Channel layouts:
08-22 17:16:49.752 I/MpvEvent(17565): [PlaybackTrace][Native][eventLoop] event_id=2 error=0
08-22 17:16:49.752 I/MpvEvent(17565): [PlaybackTrace][Native][mpv-log] prefix=ao/audiotrack level=v text= - mono
08-22 17:16:49.752 D/mpv     (17565): [ao/audiotrack] v:  - mono
08-22 17:16:49.752 I/MpvEvent(17565): [PlaybackTrace][Native][eventLoop] event_id=2 error=0
08-22 17:16:49.752 I/MpvEvent(17565): [PlaybackTrace][Native][mpv-log] prefix=ao/audiotrack level=v text= - stereo
08-22 17:16:49.752 D/mpv     (17565): [ao/audiotrack] v:  - stereo
08-22 17:16:49.752 I/MpvEvent(17565): [PlaybackTrace][Native][eventLoop] event_id=2 error=0
08-22 17:16:49.753 I/MpvEvent(17565): [PlaybackTrace][Native][mpv-log] prefix=ao/audiotrack level=v text= - 3.0
08-22 17:16:49.753 D/mpv     (17565): [ao/audiotrack] v:  - 3.0
08-22 17:16:49.753 I/MpvEvent(17565): [PlaybackTrace][Native][eventLoop] event_id=2 error=0
08-22 17:16:49.753 I/MpvEvent(17565): [PlaybackTrace][Native][mpv-log] prefix=ao/audiotrack level=v text= - quad
08-22 17:16:49.753 D/mpv     (17565): [ao/audiotrack] v:  - quad
08-22 17:16:49.753 I/MpvEvent(17565): [PlaybackTrace][Native][eventLoop] event_id=2 error=0
08-22 17:16:49.753 I/MpvEvent(17565): [PlaybackTrace][Native][mpv-log] prefix=ao/audiotrack level=v text= - 5.0
08-22 17:16:49.753 D/mpv     (17565): [ao/audiotrack] v:  - 5.0
08-22 17:16:49.753 I/MpvEvent(17565): [PlaybackTrace][Native][eventLoop] event_id=2 error=0
08-22 17:16:49.753 I/MpvEvent(17565): [PlaybackTrace][Native][mpv-log] prefix=ao/audiotrack level=v text= - 5.1
08-22 17:16:49.753 D/mpv     (17565): [ao/audiotrack] v:  - 5.1
08-22 17:16:49.753 I/MpvEvent(17565): [PlaybackTrace][Native][eventLoop] event_id=2 error=0
08-22 17:16:49.753 I/MpvEvent(17565): [PlaybackTrace][Native][mpv-log] prefix=ao/audiotrack level=v text= - 6.1(back)
08-22 17:16:49.753 D/mpv     (17565): [ao/audiotrack] v:  - 6.1(back)
08-22 17:16:49.754 I/MpvEvent(17565): [PlaybackTrace][Native][eventLoop] event_id=2 error=0
08-22 17:16:49.754 I/MpvEvent(17565): [PlaybackTrace][Native][mpv-log] prefix=ao/audiotrack level=v text= - 7.1
08-22 17:16:49.754 D/mpv     (17565): [ao/audiotrack] v:  - 7.1
08-22 17:16:49.754 I/MpvEvent(17565): [PlaybackTrace][Native][eventLoop] event_id=2 error=0
08-22 17:16:49.754 I/MpvEvent(17565): [PlaybackTrace][Native][mpv-log] prefix=ao/audiotrack level=v text=result: stereo
08-22 17:16:49.754 D/mpv     (17565): [ao/audiotrack] v: result: stereo
08-22 17:16:49.754 I/MpvEvent(17565): [PlaybackTrace][Native][eventLoop] event_id=2 error=0
08-22 17:16:49.754 I/MpvEvent(17565): [PlaybackTrace][Native][mpv-log] prefix=ao/audiotrack level=v text=Setting bufferSize = 52920 (driver=32096, min=26460, max=52920)
08-22 17:16:49.754 D/mpv     (17565): [ao/audiotrack] v: Setting bufferSize = 52920 (driver=32096, min=26460, max=52920)
08-22 17:16:49.754 I/MpvEvent(17565): [PlaybackTrace][Native][eventLoop] event_id=2 error=0
08-22 17:16:49.755 I/MpvEvent(17565): [PlaybackTrace][Native][mpv-log] prefix=ao/audiotrack level=v text=Using NIO ByteBuffer
08-22 17:16:49.755 D/mpv     (17565): [ao/audiotrack] v: Using NIO ByteBuffer
08-22 17:16:49.755 I/MpvEvent(17565): [PlaybackTrace][Native][eventLoop] event_id=2 error=0
08-22 17:16:49.755 I/MpvEvent(17565): [PlaybackTrace][Native][mpv-log] prefix=ao/audiotrack level=v text=Using API21 initializer
08-22 17:16:49.755 D/mpv     (17565): [ao/audiotrack] v: Using API21 initializer
08-22 17:16:49.763 I/MpvEvent(17565): [PlaybackTrace][Native][eventLoop] event_id=2 error=0
08-22 17:16:49.763 I/MpvEvent(17565): [PlaybackTrace][Native][mpv-log] prefix=ao/audiotrack level=v text=AudioTrack.getBufferSizeInFrames = 6615
08-22 17:16:49.763 D/mpv     (17565): [ao/audiotrack] v: AudioTrack.getBufferSizeInFrames = 6615
08-22 17:16:49.763 I/MpvEvent(17565): [PlaybackTrace][Native][eventLoop] event_id=2 error=0
08-22 17:16:49.764 I/MpvEvent(17565): [PlaybackTrace][Native][mpv-log] prefix=ao/audiotrack level=v text=device buffer: 6615 samples.
08-22 17:16:49.764 D/mpv     (17565): [ao/audiotrack] v: device buffer: 6615 samples.
08-22 17:16:49.764 I/MpvEvent(17565): [PlaybackTrace][Native][eventLoop] event_id=2 error=0
08-22 17:16:49.764 I/MpvEvent(17565): [PlaybackTrace][Native][mpv-log] prefix=ao/audiotrack level=v text=using soft-buffer of 8820 samples.
08-22 17:16:49.764 D/mpv     (17565): [ao/audiotrack] v: using soft-buffer of 8820 samples.
08-22 17:16:49.764 I/MpvEvent(17565): [PlaybackTrace][Native][eventLoop] event_id=2 error=0
08-22 17:16:49.764 I/MpvEvent(17565): [PlaybackTrace][Native][mpv-log] prefix=cplayer level=info text=AO: [audiotrack] 44100Hz stereo 2ch float
08-22 17:16:49.764 D/mpv     (17565): [cplayer] info: AO: [audiotrack] 44100Hz stereo 2ch float
08-22 17:16:49.764 I/MpvEvent(17565): [PlaybackTrace][Native][eventLoop] event_id=2 error=0
08-22 17:16:49.764 I/MpvEvent(17565): [PlaybackTrace][Native][mpv-log] prefix=cplayer level=v text=AO: Description: Android AudioTrack audio output
08-22 17:16:49.764 D/mpv     (17565): [cplayer] v: AO: Description: Android AudioTrack audio output
08-22 17:16:49.764 I/MpvEvent(17565): [PlaybackTrace][Native][eventLoop] event_id=18 error=0
08-22 17:16:49.764 I/MpvEvent(17565): [PlaybackTrace][Native][eventLoop] MPV_EVENT_AUDIO_RECONFIG
08-22 17:16:49.764 I/MpvEvent(17565): [PlaybackTrace][Native][dispatch:event] name=audioReconfig payload={}
08-22 17:16:49.765 I/MpvBridgeModule(17565): [PlaybackTrace][Bridge][listener:event] name=audioReconfig payload={}
08-22 17:16:49.767 I/MpvEvent(17565): [PlaybackTrace][Native][eventLoop] event_id=17 error=0
08-22 17:16:49.767 I/MpvEvent(17565): MPV_EVENT_VIDEO_RECONFIG
08-22 17:16:49.767 I/MpvEvent(17565): [PlaybackTrace][Native][dispatch:event] name=videoReconfig payload={}
08-22 17:16:49.767 I/MpvBridgeModule(17565): [PlaybackTrace][Bridge][listener:event] name=videoReconfig payload={}
08-22 17:16:49.770 I/MpvEvent(17565): [PlaybackTrace][Native][eventLoop] event_id=2 error=0
08-22 17:16:49.770 I/MpvEvent(17565): [PlaybackTrace][Native][mpv-log] prefix=autoconvert level=v text=inserting resampler
08-22 17:16:49.770 I/MpvEvent(17565): [PlaybackTrace][Native][eventLoop] event_id=2 error=0
08-22 17:16:49.770 I/MpvEvent(17565): [PlaybackTrace][Native][mpv-log] prefix=swresample level=v text=format change, reinitializing resampler
08-22 17:16:49.770 I/MpvEvent(17565): [PlaybackTrace][Native][eventLoop] event_id=2 error=0
08-22 17:16:49.770 I/MpvEvent(17565): [PlaybackTrace][Native][mpv-log] prefix=swresample level=v text=44100Hz stereo floatp -> 44100Hz stereo float
08-22 17:16:49.770 I/MpvEvent(17565): [PlaybackTrace][Native][eventLoop] event_id=2 error=0
08-22 17:16:49.770 I/MpvEvent(17565): [PlaybackTrace][Native][mpv-log] prefix=af level=v text=[out] 44100Hz stereo 2ch float
08-22 17:16:49.773 I/MpvEvent(17565): [PlaybackTrace][Native][eventLoop] event_id=22 error=0
08-22 17:16:49.773 I/MpvEvent(17565): [PlaybackTrace][Native][property] name=demuxer-cache-state format=6 value=null
08-22 17:16:49.773 I/MpvEvent(17565): [PlaybackTrace][Native][dispatch:property] name=demuxer-cache-state value=null
08-22 17:16:49.774 I/MpvBridgeModule(17565): [PlaybackTrace][Bridge][listener:property] name=demuxer-cache-state value=null
08-22 17:16:49.774 I/MpvEvent(17565): [PlaybackTrace][Native][eventLoop] event_id=2 error=0
08-22 17:16:49.775 I/MpvEvent(17565): [PlaybackTrace][Native][mpv-log] prefix=cplayer level=v text=audio ready
08-22 17:16:49.775 D/mpv     (17565): [cplayer] v: audio ready
08-22 17:16:49.775 I/MpvEvent(17565): [PlaybackTrace][Native][eventLoop] event_id=2 error=0
08-22 17:16:49.775 I/MpvEvent(17565): [PlaybackTrace][Native][mpv-log] prefix=cplayer level=v text=starting audio playback
08-22 17:16:49.776 D/mpv     (17565): [cplayer] v: starting audio playback
08-22 17:16:49.780 I/MpvEvent(17565): [PlaybackTrace][Native][eventLoop] event_id=21 error=0
08-22 17:16:49.780 I/MpvEvent(17565): [PlaybackTrace][Native][eventLoop] MPV_EVENT_PLAYBACK_RESTART
08-22 17:16:49.780 I/MpvEvent(17565): [PlaybackTrace][Native][dispatch:event] name=playbackRestart payload={}
08-22 17:16:49.781 I/MpvBridgeModule(17565): [PlaybackTrace][Bridge][listener:event] name=playbackRestart payload={}
08-22 17:16:49.782 I/MpvEvent(17565): [PlaybackTrace][Native][eventLoop] event_id=2 error=0
08-22 17:16:49.782 I/MpvEvent(17565): [PlaybackTrace][Native][mpv-log] prefix=cplayer level=v text=playback restart complete @ 0.000001, audio=playing, video=eof
08-22 17:16:49.782 D/mpv     (17565): [cplayer] v: playback restart complete @ 0.000001, audio=playing, video=eof
08-22 17:16:49.790 I/MpvEvent(17565): [PlaybackTrace][Native][eventLoop] event_id=2 error=0
08-22 17:16:49.790 I/MpvEvent(17565): [PlaybackTrace][Native][mpv-log] prefix=cplayer level=warn text=Audio device underrun detected.
08-22 17:16:49.790 D/mpv     (17565): [cplayer] warn: Audio device underrun detected.
08-22 17:16:49.790 I/MpvEvent(17565): [PlaybackTrace][Native][eventLoop] event_id=2 error=0
08-22 17:16:49.790 I/MpvEvent(17565): [PlaybackTrace][Native][mpv-log] prefix=cplayer level=v text=restarting audio after underrun
08-22 17:16:49.790 D/mpv     (17565): [cplayer] v: restarting audio after underrun
08-22 17:16:49.887 I/ReactNativeJS(17565): '[INFO]', '[PlaybackTrace][Controller][event:onFileLoaded]', { fileUri: 'https://prod-1.storage.jamendo.com/?trackid=1593988&format=mp31&from=%2FV3E9Qwm8kkOD6hbkNYXkg%3D%3D%7CMJJdmScXeWFhFQqasgwXjQ%3D%3D',
08-22 17:16:49.900 I/MpvJNI  (17565): [PlaybackTrace][Native][getDuration] result=0 duration=149.696033
08-22 17:16:49.900 D/MpvBridgeModule(17565): [PlaybackTrace][Bridge][getDuration] ptr=131217388352464 duration=149.69603333333333
08-22 17:16:50.000 I/MpvEvent(17565): [PlaybackTrace][Native][eventLoop] event_id=22 error=0
08-22 17:16:50.000 I/MpvEvent(17565): [PlaybackTrace][Native][property] name=demuxer-cache-state format=6 value=null
08-22 17:16:50.000 I/MpvEvent(17565): [PlaybackTrace][Native][dispatch:property] name=demuxer-cache-state value=null
08-22 17:16:50.001 I/MpvBridgeModule(17565): [PlaybackTrace][Bridge][listener:property] name=demuxer-cache-state value=null
08-22 17:16:50.030 I/MpvJNI  (17565): [PlaybackTrace][Native][getPosition] result=0 position=0.148091
08-22 17:16:50.030 D/MpvBridgeModule(17565): [PlaybackTrace][Bridge][getPosition] ptr=131217388352464 position=0.14809126109070275
08-22 17:16:50.030 I/MpvJNI  (17565): [PlaybackTrace][Native][getDuration] result=0 duration=149.696033
08-22 17:16:50.031 D/MpvBridgeModule(17565): [PlaybackTrace][Bridge][getDuration] ptr=131217388352464 duration=149.69603333333333
08-22 17:16:50.031 D/MpvBridgeModule(17565): [PlaybackTrace][Bridge][getPlaybackState] ptr=131217388352464 state=playing idle=false eof=false pause=false
08-22 17:16:50.051 I/MpvJNI  (17565): [PlaybackTrace][Native][getDuration] result=0 duration=149.696033
08-22 17:16:50.051 D/MpvBridgeModule(17565): [PlaybackTrace][Bridge][getDuration] ptr=131217388352464 duration=149.69603333333333
08-22 17:16:50.257 I/MpvEvent(17565): [PlaybackTrace][Native][eventLoop] event_id=22 error=0
08-22 17:16:50.257 I/MpvEvent(17565): [PlaybackTrace][Native][property] name=demuxer-cache-state format=6 value=null
08-22 17:16:50.257 I/MpvEvent(17565): [PlaybackTrace][Native][dispatch:property] name=demuxer-cache-state value=null
08-22 17:16:50.257 I/MpvBridgeModule(17565): [PlaybackTrace][Bridge][listener:property] name=demuxer-cache-state value=null
08-22 17:16:50.284 I/ReactNativeJS(17565): '[INFO]', '[PlaybackTrace][Controller][loadAndResume:before]', { uri: 'https://prod-1.storage.jamendo.com/?trackid=1593988&format=mp31&from=%2FV3E9Qwm8kkOD6hbkNYXkg%3D%3D%7CMJJdmScXeWFhFQqasgwXjQ%3D%3D',
08-22 17:16:50.285 I/ReactNativeJS(17565): '[INFO]', '[PlaybackTrace][JS][loadFile:call]', { requestedPath: 'https://prod-1.storage.jamendo.com/?trackid=1593988&format=mp31&from=%2FV3E9Qwm8kkOD6hbkNYXkg%3D%3D%7CMJJdmScXeWFhFQqasgwXjQ%3D%3D',
08-22 17:16:50.286 I/MpvBridgeModule(17565): [PlaybackTrace][Bridge][loadFile] requested=https://prod-1.storage.jamendo.com/?trackid=1593988&format=mp31&from=%2FV3E9Qwm8kkOD6hbkNYXkg%3D%3D%7CMJJdmScXeWFhFQqasgwXjQ%3D%3D resolved=https://prod-1.storage.jamendo.com/?trackid=1593988&format=mp31&from=%2FV3E9Qwm8kkOD6hbkNYXkg%3D%3D%7CMJJdmScXeWFhFQqasgwXjQ%3D%3D ptr=131217388352464
08-22 17:16:50.286 I/MpvJNI  (17565): [PlaybackTrace][Native][loadFile] begin path=https://prod-1.storage.jamendo.com/?trackid=1593988&format=mp31&from=%2FV3E9Qwm8kkOD6hbkNYXkg%3D%3D%7CMJJdmScXeWFhFQqasgwXjQ%3D%3D initialized=1
08-22 17:16:50.286 I/MpvJNI  (17565): [PlaybackTrace][Native][loadFile] loadfile command accepted result=0
08-22 17:16:50.286 I/MpvBridgeModule(17565): [PlaybackTrace][Bridge][loadFile] nativeLoadFile returned
08-22 17:16:50.286 I/ReactNativeJS(17565): '[INFO]', '[PlaybackTrace][JS][loadFile:return]', { resolvedPath: 'https://prod-1.storage.jamendo.com/?trackid=1593988&format=mp31&from=%2FV3E9Qwm8kkOD6hbkNYXkg%3D%3D%7CMJJdmScXeWFhFQqasgwXjQ%3D%3D' }
08-22 17:16:50.286 I/MpvEvent(17565): [PlaybackTrace][Native][eventLoop] event_id=2 error=0
08-22 17:16:50.286 I/ReactNativeJS(17565): '[INFO]', '[PlaybackTrace][Controller][loadAndResume:loaded]', 'https://prod-1.storage.jamendo.com/?trackid=1593988&format=mp31&from=%2FV3E9Qwm8kkOD6hbkNYXkg%3D%3D%7CMJJdmScXeWFhFQqasgwXjQ%3D%3D'
08-22 17:16:50.286 I/MpvEvent(17565): [PlaybackTrace][Native][mpv-log] prefix=cplayer level=v text=EOF code: 3  
08-22 17:16:50.286 D/mpv     (17565): [cplayer] v: EOF code: 3  
08-22 17:16:50.287 I/ReactNativeJS(17565): '[INFO]', '[PlaybackTrace][JS][resume:call]'
08-22 17:16:50.287 I/ReactNativeJS(17565): '[INFO]', '[PlaybackTrace][Controller][loadAndResume:resumed]', 'https://prod-1.storage.jamendo.com/?trackid=1593988&format=mp31&from=%2FV3E9Qwm8kkOD6hbkNYXkg%3D%3D%7CMJJdmScXeWFhFQqasgwXjQ%3D%3D'
08-22 17:16:50.296 I/MpvEvent(17565): [PlaybackTrace][Native][eventLoop] event_id=18 error=0
08-22 17:16:50.296 I/MpvEvent(17565): [PlaybackTrace][Native][eventLoop] MPV_EVENT_AUDIO_RECONFIG
08-22 17:16:50.296 I/MpvEvent(17565): [PlaybackTrace][Native][dispatch:event] name=audioReconfig payload={}
08-22 17:16:50.296 I/MpvBridgeModule(17565): [PlaybackTrace][Bridge][play] ptr=131217388352464
08-22 17:16:50.296 I/MpvBridgeModule(17565): [PlaybackTrace][Bridge][listener:event] name=audioReconfig payload={}
08-22 17:16:50.297 I/MpvEvent(17565): [PlaybackTrace][Native][eventLoop] event_id=17 error=0
08-22 17:16:50.297 I/MpvEvent(17565): MPV_EVENT_VIDEO_RECONFIG
08-22 17:16:50.297 I/MpvEvent(17565): [PlaybackTrace][Native][dispatch:event] name=videoReconfig payload={}
08-22 17:16:50.298 I/MpvBridgeModule(17565): [PlaybackTrace][Bridge][listener:event] name=videoReconfig payload={}
08-22 17:16:50.306 I/MpvEvent(17565): [PlaybackTrace][Native][eventLoop] event_id=18 error=0
08-22 17:16:50.306 I/MpvEvent(17565): [PlaybackTrace][Native][eventLoop] MPV_EVENT_AUDIO_RECONFIG
08-22 17:16:50.306 I/MpvEvent(17565): [PlaybackTrace][Native][dispatch:event] name=audioReconfig payload={}
08-22 17:16:50.307 I/MpvBridgeModule(17565): [PlaybackTrace][Bridge][listener:event] name=audioReconfig payload={}
08-22 17:16:50.312 I/MpvJNI  (17565): [PlaybackTrace][Native][getDuration] result=-10 duration=0.000000
08-22 17:16:50.313 I/MpvJNI  (17565): [PlaybackTrace][Native][play] pause=no result=0
08-22 17:16:50.313 I/MpvEvent(17565): [PlaybackTrace][Native][eventLoop] event_id=2 error=0
08-22 17:16:50.313 I/MpvEvent(17565): [PlaybackTrace][Native][mpv-log] prefix=cplayer level=v text=Set property: pause="no" -> 1
08-22 17:16:50.313 D/mpv     (17565): [cplayer] v: Set property: pause="no" -> 1
08-22 17:16:50.313 I/MpvBridgeModule(17565): [PlaybackTrace][Bridge][play] nativePlay returned
08-22 17:16:50.313 D/MpvBridgeModule(17565): [PlaybackTrace][Bridge][getDuration] ptr=131217388352464 duration=0.0
08-22 17:16:50.361 I/MpvEvent(17565): [PlaybackTrace][Native][eventLoop] event_id=7 error=0
08-22 17:16:50.361 E/MpvEvent(17565): [PlaybackTrace][Native][eventLoop] MPV_EVENT_END_FILE reason=2 error=0
08-22 17:16:50.361 I/MpvEvent(17565): [PlaybackTrace][Native][dispatch:event] name=endFile payload={"reason":2,"error":0}
08-22 17:16:50.365 D/MPVLib  (17565): onNativeEvent: endFile {"reason":2,"error":0}
08-22 17:16:50.366 I/MpvBridgeModule(17565): [PlaybackTrace][Bridge][listener:event] name=endFile payload={"reason":2,"error":0}
08-22 17:16:50.369 I/MpvEvent(17565): [PlaybackTrace][Native][eventLoop] event_id=6 error=0
08-22 17:16:50.369 I/MpvEvent(17565): MPV_EVENT_START_FILE
08-22 17:16:50.369 I/MpvEvent(17565): [PlaybackTrace][Native][dispatch:event] name=startFile payload={}
08-22 17:16:50.369 D/MPVLib  (17565): onNativeEvent: startFile {}
08-22 17:16:50.369 I/MpvBridgeModule(17565): [PlaybackTrace][Bridge][listener:event] name=startFile payload={}
08-22 17:16:50.374 I/MpvEvent(17565): [PlaybackTrace][Native][eventLoop] event_id=22 error=0
08-22 17:16:50.374 I/MpvEvent(17565): [PlaybackTrace][Native][eventLoop] property=cache-buffering-state format=NONE
08-22 17:16:50.374 I/MpvEvent(17565): [PlaybackTrace][Native][eventLoop] event_id=22 error=0
08-22 17:16:50.374 I/MpvEvent(17565): [PlaybackTrace][Native][eventLoop] property=paused-for-cache format=NONE
08-22 17:16:50.374 I/MpvEvent(17565): [PlaybackTrace][Native][eventLoop] event_id=22 error=0
08-22 17:16:50.374 I/MpvEvent(17565): [PlaybackTrace][Native][eventLoop] property=demuxer-cache-state format=NONE
08-22 17:16:50.374 I/MpvEvent(17565): [PlaybackTrace][Native][eventLoop] event_id=22 error=0
08-22 17:16:50.374 I/MpvEvent(17565): [PlaybackTrace][Native][eventLoop] property=seekable format=NONE
08-22 17:16:50.374 I/MpvEvent(17565): [PlaybackTrace][Native][eventLoop] event_id=2 error=0
08-22 17:16:50.374 I/MpvEvent(17565): [PlaybackTrace][Native][mpv-log] prefix=cplayer level=v text=finished playback, success (reason 2)
08-22 17:16:50.375 D/mpv     (17565): [cplayer] v: finished playback, success (reason 2)
08-22 17:16:50.375 I/MpvEvent(17565): [PlaybackTrace][Native][eventLoop] event_id=2 error=0
08-22 17:16:50.375 I/MpvEvent(17565): [PlaybackTrace][Native][mpv-log] prefix=cplayer level=v text=Running hook: ytdl_hook/on_after_end_file
08-22 17:16:50.375 D/mpv     (17565): [cplayer] v: Running hook: ytdl_hook/on_after_end_file
08-22 17:16:50.375 I/MpvEvent(17565): [PlaybackTrace][Native][eventLoop] event_id=2 error=0
08-22 17:16:50.375 I/MpvEvent(17565): [PlaybackTrace][Native][mpv-log] prefix=cplayer level=v text=Running hook: ytdl_hook/on_load
08-22 17:16:50.375 D/mpv     (17565): [cplayer] v: Running hook: ytdl_hook/on_load
08-22 17:16:50.375 I/MpvEvent(17565): [PlaybackTrace][Native][eventLoop] event_id=2 error=0
08-22 17:16:50.375 I/MpvEvent(17565): [PlaybackTrace][Native][mpv-log] prefix=cplayer level=v text=Running hook: ytdl_hook/on_load
08-22 17:16:50.375 D/mpv     (17565): [cplayer] v: Running hook: ytdl_hook/on_load
08-22 17:16:50.375 I/MpvEvent(17565): [PlaybackTrace][Native][eventLoop] event_id=2 error=0
08-22 17:16:50.375 I/MpvEvent(17565): [PlaybackTrace][Native][mpv-log] prefix=ytdl_hook level=v text=playlist hook
08-22 17:16:50.375 I/MpvEvent(17565): [PlaybackTrace][Native][eventLoop] event_id=2 error=0
08-22 17:16:50.375 I/MpvEvent(17565): [PlaybackTrace][Native][mpv-log] prefix=stream_callback level=v text=Opening https://prod-1.storage.jamendo.com/?trackid=1593988&format=mp31&from=%2FV3E9Qwm8kkOD6hbkNYXkg%3D%3D%7CMJJdmScXeWFhFQqasgwXjQ%3D%3D
08-22 17:16:50.375 I/MpvEvent(17565): [PlaybackTrace][Native][eventLoop] event_id=2 error=0
08-22 17:16:50.375 I/MpvEvent(17565): [PlaybackTrace][Native][mpv-log] prefix=ffmpeg level=v text=Opening https://prod-1.storage.jamendo.com/?trackid=1593988&format=mp31&from=%2FV3E9Qwm8kkOD6hbkNYXkg%3D%3D%7CMJJdmScXeWFhFQqasgwXjQ%3D%3D
08-22 17:16:50.375 D/mpv     (17565): [ffmpeg] v: Opening https://prod-1.storage.jamendo.com/?trackid=1593988&format=mp31&from=%2FV3E9Qwm8kkOD6hbkNYXkg%3D%3D%7CMJJdmScXeWFhFQqasgwXjQ%3D%3D
08-22 17:16:50.501 I/MpvJNI  (17565): [PlaybackTrace][Native][getPosition] result=-10 position=0.000000
08-22 17:16:50.501 D/MpvBridgeModule(17565): [PlaybackTrace][Bridge][getPosition] ptr=131217388352464 position=0.0
08-22 17:16:50.501 I/MpvJNI  (17565): [PlaybackTrace][Native][getDuration] result=-10 duration=0.000000
08-22 17:16:50.502 D/MpvBridgeModule(17565): [PlaybackTrace][Bridge][getDuration] ptr=131217388352464 duration=0.0
08-22 17:16:50.502 D/MpvBridgeModule(17565): [PlaybackTrace][Bridge][getPlaybackState] ptr=131217388352464 state=playing idle=false eof=false pause=false
08-22 17:16:50.552 I/ReactNativeJS(17565): '[INFO]', '[PlaybackTrace][JS][resume:call]'
08-22 17:16:50.553 I/MpvBridgeModule(17565): [PlaybackTrace][Bridge][play] ptr=131217388352464
08-22 17:16:50.553 I/MpvJNI  (17565): [PlaybackTrace][Native][play] pause=no result=0
08-22 17:16:50.553 I/MpvBridgeModule(17565): [PlaybackTrace][Bridge][play] nativePlay returned
08-22 17:16:50.554 I/MpvEvent(17565): [PlaybackTrace][Native][eventLoop] event_id=2 error=0
08-22 17:16:50.554 I/MpvEvent(17565): [PlaybackTrace][Native][mpv-log] prefix=cplayer level=v text=Set property: pause="no" -> 1
08-22 17:16:50.554 D/mpv     (17565): [cplayer] v: Set property: pause="no" -> 1
08-22 17:16:50.935 I/MpvJNI  (17565): [PlaybackTrace][Native][getPosition] result=-10 position=0.000000
08-22 17:16:50.935 D/MpvBridgeModule(17565): [PlaybackTrace][Bridge][getPosition] ptr=131217388352464 position=0.0
08-22 17:16:50.935 I/MpvJNI  (17565): [PlaybackTrace][Native][getDuration] result=-10 duration=0.000000
08-22 17:16:50.935 D/MpvBridgeModule(17565): [PlaybackTrace][Bridge][getDuration] ptr=131217388352464 duration=0.0
08-22 17:16:50.935 D/MpvBridgeModule(17565): [PlaybackTrace][Bridge][getPlaybackState] ptr=131217388352464 state=playing idle=false eof=false pause=false
08-22 17:16:51.100 I/MpvEvent(17565): [PlaybackTrace][Native][eventLoop] event_id=2 error=0
08-22 17:16:51.101 I/MpvEvent(17565): [PlaybackTrace][Native][mpv-log] prefix=ffmpeg level=v text=Mime-type: 'audio/mpeg'
08-22 17:16:51.101 D/mpv     (17565): [ffmpeg] v: Mime-type: 'audio/mpeg'
08-22 17:16:51.101 I/MpvEvent(17565): [PlaybackTrace][Native][eventLoop] event_id=2 error=0
08-22 17:16:51.102 I/MpvEvent(17565): [PlaybackTrace][Native][mpv-log] prefix=demux level=v text=Trying demuxers for level=normal.
08-22 17:16:51.145 I/MpvEvent(17565): [PlaybackTrace][Native][eventLoop] event_id=2 error=0
08-22 17:16:51.145 I/MpvEvent(17565): [PlaybackTrace][Native][mpv-log] prefix=lavf level=v text=Found 'mp3' at score=24 size=2048.
08-22 17:16:51.197 I/MpvEvent(17565): [PlaybackTrace][Native][eventLoop] event_id=2 error=0
08-22 17:16:51.197 I/MpvEvent(17565): [PlaybackTrace][Native][mpv-log] prefix=lavf level=v text=avformat_find_stream_info() finished after 32275 bytes.
08-22 17:16:51.197 I/MpvEvent(17565): [PlaybackTrace][Native][eventLoop] event_id=2 error=0
08-22 17:16:51.197 I/MpvEvent(17565): [PlaybackTrace][Native][mpv-log] prefix=lavf level=v text=Assuming this is an image format.
08-22 17:16:51.197 I/MpvEvent(17565): [PlaybackTrace][Native][eventLoop] event_id=2 error=0
08-22 17:16:51.198 I/MpvEvent(17565): [PlaybackTrace][Native][mpv-log] prefix=demux level=v text=Detected file format: mp3 (libavformat)
08-22 17:16:51.198 I/MpvEvent(17565): [PlaybackTrace][Native][eventLoop] event_id=2 error=0
08-22 17:16:51.198 I/MpvEvent(17565): [PlaybackTrace][Native][mpv-log] prefix=cplayer level=v text=Opening done: https://prod-1.storage.jamendo.com/?trackid=1593988&format=mp31&from=%2FV3E9Qwm8kkOD6hbkNYXkg%3D%3D%7CMJJdmScXeWFhFQqasgwXjQ%3D%3D
08-22 17:16:51.198 D/mpv     (17565): [cplayer] v: Opening done: https://prod-1.storage.jamendo.com/?trackid=1593988&format=mp31&from=%2FV3E9Qwm8kkOD6hbkNYXkg%3D%3D%7CMJJdmScXeWFhFQqasgwXjQ%3D%3D
08-22 17:16:51.202 I/MpvEvent(17565): [PlaybackTrace][Native][eventLoop] event_id=22 error=0
08-22 17:16:51.202 I/MpvEvent(17565): [PlaybackTrace][Native][property] name=cache-buffering-state format=6 value=null
08-22 17:16:51.202 I/MpvEvent(17565): [PlaybackTrace][Native][dispatch:property] name=cache-buffering-state value=null
08-22 17:16:51.202 D/MPVLib  (17565): onNativePropertyChanged: cache-buffering-state = null
08-22 17:16:51.203 I/MpvBridgeModule(17565): [PlaybackTrace][Bridge][listener:property] name=cache-buffering-state value=null
08-22 17:16:51.204 I/MpvEvent(17565): [PlaybackTrace][Native][eventLoop] event_id=22 error=0
08-22 17:16:51.204 I/MpvEvent(17565): [PlaybackTrace][Native][property] name=demuxer-cache-state format=6 value=null
08-22 17:16:51.204 I/MpvEvent(17565): [PlaybackTrace][Native][dispatch:property] name=demuxer-cache-state value=null
08-22 17:16:51.204 I/MpvBridgeModule(17565): [PlaybackTrace][Bridge][listener:property] name=demuxer-cache-state value=null
08-22 17:16:51.208 I/MpvEvent(17565): [PlaybackTrace][Native][eventLoop] event_id=18 error=0
08-22 17:16:51.208 I/MpvEvent(17565): [PlaybackTrace][Native][eventLoop] MPV_EVENT_AUDIO_RECONFIG
08-22 17:16:51.208 I/MpvEvent(17565): [PlaybackTrace][Native][dispatch:event] name=audioReconfig payload={}
08-22 17:16:51.209 I/MpvBridgeModule(17565): [PlaybackTrace][Bridge][listener:event] name=audioReconfig payload={}
08-22 17:16:51.209 I/MpvEvent(17565): [PlaybackTrace][Native][eventLoop] event_id=18 error=0
08-22 17:16:51.210 I/MpvEvent(17565): [PlaybackTrace][Native][eventLoop] MPV_EVENT_AUDIO_RECONFIG
08-22 17:16:51.210 I/MpvEvent(17565): [PlaybackTrace][Native][dispatch:event] name=audioReconfig payload={}
08-22 17:16:51.210 I/MpvBridgeModule(17565): [PlaybackTrace][Bridge][listener:event] name=audioReconfig payload={}
08-22 17:16:51.210 I/MpvEvent(17565): [PlaybackTrace][Native][eventLoop] event_id=8 error=0
08-22 17:16:51.210 I/MpvEvent(17565): MPV_EVENT_FILE_LOADED
08-22 17:16:51.210 I/MpvEvent(17565): [PlaybackTrace][Native][dispatch:event] name=fileLoaded payload={}
08-22 17:16:51.211 D/MPVLib  (17565): onNativeEvent: fileLoaded {}
08-22 17:16:51.211 I/MpvBridgeModule(17565): [PlaybackTrace][Bridge][listener:event] name=fileLoaded payload={}
08-22 17:16:51.211 I/MpvEvent(17565): [PlaybackTrace][Native][eventLoop] event_id=2 error=0
08-22 17:16:51.211 I/MpvEvent(17565): [PlaybackTrace][Native][mpv-log] prefix=cplayer level=v text=Running hook: ytdl_hook/on_preloaded
08-22 17:16:51.211 D/mpv     (17565): [cplayer] v: Running hook: ytdl_hook/on_preloaded
08-22 17:16:51.211 I/MpvEvent(17565): [PlaybackTrace][Native][eventLoop] event_id=2 error=0
08-22 17:16:51.211 I/MpvEvent(17565): [PlaybackTrace][Native][mpv-log] prefix=lavf level=v text=select track 1
08-22 17:16:51.211 I/MpvEvent(17565): [PlaybackTrace][Native][eventLoop] event_id=22 error=0
08-22 17:16:51.211 I/MpvEvent(17565): [PlaybackTrace][Native][property] name=paused-for-cache format=6 value=null
08-22 17:16:51.211 I/MpvEvent(17565): [PlaybackTrace][Native][dispatch:property] name=paused-for-cache value=null
08-22 17:16:51.211 D/MPVLib  (17565): onNativePropertyChanged: paused-for-cache = null
08-22 17:16:51.212 I/MpvBridgeModule(17565): [PlaybackTrace][Bridge][listener:property] name=paused-for-cache value=null
08-22 17:16:51.213 I/MpvEvent(17565): [PlaybackTrace][Native][eventLoop] event_id=22 error=0
08-22 17:16:51.214 I/MpvEvent(17565): [PlaybackTrace][Native][property] name=seekable format=6 value=null
08-22 17:16:51.214 I/MpvEvent(17565): [PlaybackTrace][Native][dispatch:property] name=seekable value=null
08-22 17:16:51.214 I/MpvBridgeModule(17565): [PlaybackTrace][Bridge][listener:property] name=seekable value=null
08-22 17:16:51.215 I/MpvEvent(17565): [PlaybackTrace][Native][eventLoop] event_id=2 error=0
08-22 17:16:51.216 I/MpvEvent(17565): [PlaybackTrace][Native][mpv-log] prefix=lavf level=v text=select track 0
08-22 17:16:51.216 I/MpvEvent(17565): [PlaybackTrace][Native][eventLoop] event_id=2 error=0
08-22 17:16:51.217 I/MpvEvent(17565): [PlaybackTrace][Native][mpv-log] prefix=cplayer level=info text=ΓùÅ Image  --vid=1  'Cover Image' (mjpeg [Baseline] 400x400)
08-22 17:16:51.217 D/mpv     (17565): [cplayer] info: ΓùÅ Image  --vid=1  'Cover Image' (mjpeg [Baseline] 400x400)
08-22 17:16:51.218 I/MpvEvent(17565): [PlaybackTrace][Native][eventLoop] event_id=2 error=0
08-22 17:16:51.220 I/MpvEvent(17565): [PlaybackTrace][Native][mpv-log] prefix=cplayer level=info text=ΓùÅ Audio  --aid=1  (mp3 2ch 44100 Hz 96 kbps)
08-22 17:16:51.220 D/mpv     (17565): [cplayer] info: ΓùÅ Audio  --aid=1  (mp3 2ch 44100 Hz 96 kbps)
08-22 17:16:51.220 I/MpvEvent(17565): [PlaybackTrace][Native][eventLoop] event_id=2 error=0
08-22 17:16:51.220 I/MpvEvent(17565): [PlaybackTrace][Native][mpv-log] prefix=display-tags level=info text=File tags:
08-22 17:16:51.220 I/MpvEvent(17565): [PlaybackTrace][Native][eventLoop] event_id=2 error=0
08-22 17:16:51.220 I/MpvEvent(17565): [PlaybackTrace][Native][mpv-log] prefix=display-tags level=info text= Artist: Joystock
08-22 17:16:51.220 I/MpvEvent(17565): [PlaybackTrace][Native][eventLoop] event_id=2 error=0
08-22 17:16:51.220 I/MpvEvent(17565): [PlaybackTrace][Native][mpv-log] prefix=display-tags level=info text= Comment: http://www.jamendo.com cc_standard
08-22 17:16:51.220 I/MpvEvent(17565): [PlaybackTrace][Native][eventLoop] event_id=2 error=0
08-22 17:16:51.220 I/MpvEvent(17565): [PlaybackTrace][Native][mpv-log] prefix=display-tags level=info text= Composer: Joystock
08-22 17:16:51.220 I/MpvEvent(17565): [PlaybackTrace][Native][eventLoop] event_id=2 error=0
08-22 17:16:51.220 I/MpvEvent(17565): [PlaybackTrace][Native][mpv-log] prefix=display-tags level=info text= Date: 2018
08-22 17:16:51.220 I/MpvEvent(17565): [PlaybackTrace][Native][eventLoop] event_id=2 error=0
08-22 17:16:51.220 I/MpvEvent(17565): [PlaybackTrace][Native][mpv-log] prefix=display-tags level=info text= Genre: chillhop
08-22 17:16:51.220 I/MpvEvent(17565): [PlaybackTrace][Native][eventLoop] event_id=2 error=0
08-22 17:16:51.220 I/MpvEvent(17565): [PlaybackTrace][Native][mpv-log] prefix=display-tags level=info text= Title: Lofi Chillout Hip Hop Beat
08-22 17:16:51.220 I/MpvEvent(17565): [PlaybackTrace][Native][eventLoop] event_id=2 error=0
08-22 17:16:51.220 I/MpvEvent(17565): [PlaybackTrace][Native][mpv-log] prefix=display-tags level=info text= Track: 62
08-22 17:16:51.220 I/MpvEvent(17565): [PlaybackTrace][Native][eventLoop] event_id=2 error=0
08-22 17:16:51.220 I/MpvEvent(17565): [PlaybackTrace][Native][mpv-log] prefix=vd level=v text=Container reported FPS: 1.000000
08-22 17:16:51.221 I/MpvEvent(17565): [PlaybackTrace][Native][eventLoop] event_id=2 error=0
08-22 17:16:51.221 I/MpvEvent(17565): [PlaybackTrace][Native][mpv-log] prefix=vd level=v text=Codec list:
08-22 17:16:51.221 I/MpvEvent(17565): [PlaybackTrace][Native][eventLoop] event_id=2 error=0
08-22 17:16:51.221 I/MpvEvent(17565): [PlaybackTrace][Native][mpv-log] prefix=vd level=v text=    mjpeg - MJPEG (Motion JPEG)
08-22 17:16:51.221 I/MpvEvent(17565): [PlaybackTrace][Native][eventLoop] event_id=2 error=0
08-22 17:16:51.221 I/MpvEvent(17565): [PlaybackTrace][Native][mpv-log] prefix=vd level=v text=Opening decoder mjpeg
08-22 17:16:51.221 I/MpvEvent(17565): [PlaybackTrace][Native][eventLoop] event_id=2 error=0
08-22 17:16:51.221 I/MpvEvent(17565): [PlaybackTrace][Native][mpv-log] prefix=vd level=v text=Not trying to use hardware decoding: codec mjpeg is not on whitelist.
08-22 17:16:51.221 I/MpvEvent(17565): [PlaybackTrace][Native][eventLoop] event_id=2 error=0
08-22 17:16:51.221 I/MpvEvent(17565): [PlaybackTrace][Native][mpv-log] prefix=vd level=v text=Using software decoding.
08-22 17:16:51.221 I/MpvEvent(17565): [PlaybackTrace][Native][eventLoop] event_id=2 error=0
08-22 17:16:51.221 I/MpvEvent(17565): [PlaybackTrace][Native][mpv-log] prefix=vd level=v text=Detected 4 logical cores.
08-22 17:16:51.221 I/MpvEvent(17565): [PlaybackTrace][Native][eventLoop] event_id=2 error=0
08-22 17:16:51.221 I/MpvEvent(17565): [PlaybackTrace][Native][mpv-log] prefix=vd level=v text=Requesting 5 threads for decoding.
08-22 17:16:51.221 I/MpvEvent(17565): [PlaybackTrace][Native][eventLoop] event_id=2 error=0
08-22 17:16:51.221 I/MpvEvent(17565): [PlaybackTrace][Native][mpv-log] prefix=vd level=v text=Selected decoder: mjpeg - MJPEG (Motion JPEG)
08-22 17:16:51.221 I/MpvEvent(17565): [PlaybackTrace][Native][eventLoop] event_id=2 error=0
08-22 17:16:51.221 I/MpvEvent(17565): [PlaybackTrace][Native][mpv-log] prefix=vf level=v text=User filter list:
08-22 17:16:51.221 I/MpvEvent(17565): [PlaybackTrace][Native][eventLoop] event_id=2 error=0
08-22 17:16:51.221 I/MpvEvent(17565): [PlaybackTrace][Native][mpv-log] prefix=vf level=v text=  (empty)
08-22 17:16:51.221 I/MpvEvent(17565): [PlaybackTrace][Native][eventLoop] event_id=2 error=0
08-22 17:16:51.221 I/MpvEvent(17565): [PlaybackTrace][Native][mpv-log] prefix=ad level=v text=Codec list:
08-22 17:16:51.221 I/MpvEvent(17565): [PlaybackTrace][Native][eventLoop] event_id=2 error=0
08-22 17:16:51.222 I/MpvEvent(17565): [PlaybackTrace][Native][mpv-log] prefix=ad level=v text=    mp3float (mp3) - MP3 (MPEG audio layer 3)
08-22 17:16:51.222 I/MpvEvent(17565): [PlaybackTrace][Native][eventLoop] event_id=2 error=0
08-22 17:16:51.222 I/MpvEvent(17565): [PlaybackTrace][Native][mpv-log] prefix=ad level=v text=    mp3 - MP3 (MPEG audio layer 3)
08-22 17:16:51.222 I/MpvEvent(17565): [PlaybackTrace][Native][eventLoop] event_id=2 error=0
08-22 17:16:51.222 I/MpvEvent(17565): [PlaybackTrace][Native][mpv-log] prefix=ad level=v text=    mp3_mediacodec (mp3) - MP3 Android MediaCodec decoder
08-22 17:16:51.222 I/MpvEvent(17565): [PlaybackTrace][Native][eventLoop] event_id=2 error=0
08-22 17:16:51.222 I/MpvEvent(17565): [PlaybackTrace][Native][mpv-log] prefix=ad level=v text=Opening decoder mp3float
08-22 17:16:51.222 I/MpvEvent(17565): [PlaybackTrace][Native][eventLoop] event_id=2 error=0
08-22 17:16:51.222 I/MpvEvent(17565): [PlaybackTrace][Native][mpv-log] prefix=ad level=v text=Requesting 1 threads for decoding.
08-22 17:16:51.222 I/MpvEvent(17565): [PlaybackTrace][Native][eventLoop] event_id=2 error=0
08-22 17:16:51.222 I/MpvEvent(17565): [PlaybackTrace][Native][mpv-log] prefix=ad level=v text=Selected decoder: mp3float - MP3 (MPEG audio layer 3)
08-22 17:16:51.222 I/MpvEvent(17565): [PlaybackTrace][Native][eventLoop] event_id=2 error=0
08-22 17:16:51.222 I/MpvEvent(17565): [PlaybackTrace][Native][mpv-log] prefix=af level=v text=User filter list:
08-22 17:16:51.223 I/MpvEvent(17565): [PlaybackTrace][Native][eventLoop] event_id=2 error=0
08-22 17:16:51.223 I/MpvEvent(17565): [PlaybackTrace][Native][mpv-log] prefix=af level=v text=  (empty)
08-22 17:16:51.223 I/MpvEvent(17565): [PlaybackTrace][Native][eventLoop] event_id=2 error=0
08-22 17:16:51.223 I/MpvEvent(17565): [PlaybackTrace][Native][mpv-log] prefix=cplayer level=info text=Displaying cover art. Use --no-audio-display to prevent this.
08-22 17:16:51.223 D/mpv     (17565): [cplayer] info: Displaying cover art. Use --no-audio-display to prevent this.
08-22 17:16:51.223 I/MpvEvent(17565): [PlaybackTrace][Native][eventLoop] event_id=2 error=0
08-22 17:16:51.223 I/MpvEvent(17565): [PlaybackTrace][Native][mpv-log] prefix=cplayer level=v text=Starting playback...
08-22 17:16:51.223 D/mpv     (17565): [cplayer] v: Starting playback...
08-22 17:16:51.223 I/MpvEvent(17565): [PlaybackTrace][Native][eventLoop] event_id=2 error=0
08-22 17:16:51.223 I/MpvEvent(17565): [PlaybackTrace][Native][mpv-log] prefix=vd level=v text=DR failed - disabling.
08-22 17:16:51.223 I/MpvEvent(17565): [PlaybackTrace][Native][eventLoop] event_id=2 error=0
08-22 17:16:51.223 I/MpvEvent(17565): [PlaybackTrace][Native][mpv-log] prefix=ffmpeg/video level=error text=mjpeg: overread 8
08-22 17:16:51.224 E/MpvEvent(17565): [PlaybackTrace][Native][dispatch:error] code=-1 message=mjpeg: overread 8
08-22 17:16:51.224 E/MpvBridgeModule(17565): [PlaybackTrace][Bridge][listener:error] code=-1 message=mjpeg: overread 8
08-22 17:16:51.226 I/MpvEvent(17565): [PlaybackTrace][Native][eventLoop] event_id=2 error=0
08-22 17:16:51.226 I/MpvEvent(17565): [PlaybackTrace][Native][mpv-log] prefix=ffmpeg/video level=warn text=mjpeg: EOI missing, emulating
08-22 17:16:51.226 I/MpvEvent(17565): [PlaybackTrace][Native][eventLoop] event_id=2 error=0
08-22 17:16:51.226 I/MpvEvent(17565): [PlaybackTrace][Native][mpv-log] prefix=vd level=v text=Using software decoding.
08-22 17:16:51.226 I/MpvEvent(17565): [PlaybackTrace][Native][eventLoop] event_id=2 error=0
08-22 17:16:51.226 I/MpvEvent(17565): [PlaybackTrace][Native][mpv-log] prefix=vd level=v text=Decoder format: 400x400 yuv420p bt.601/auto/auto/full/auto CL=mpeg1/jpeg crop=400x400+0+0 A=none
08-22 17:16:51.226 I/MpvEvent(17565): [PlaybackTrace][Native][eventLoop] event_id=2 error=0
08-22 17:16:51.226 I/MpvEvent(17565): [PlaybackTrace][Native][mpv-log] prefix=vf level=v text=[in] 400x400 yuv420p bt.601/bt.709/srgb/full/display CL=mpeg1/jpeg crop=400x400+0+0 A=none
08-22 17:16:51.226 I/MpvEvent(17565): [PlaybackTrace][Native][eventLoop] event_id=2 error=0
08-22 17:16:51.226 I/MpvEvent(17565): [PlaybackTrace][Native][mpv-log] prefix=vf level=v text=[userdeint] 400x400 yuv420p bt.601/bt.709/srgb/full/display CL=mpeg1/jpeg crop=400x400+0+0 A=none
08-22 17:16:51.226 I/MpvEvent(17565): [PlaybackTrace][Native][eventLoop] event_id=2 error=0
08-22 17:16:51.226 I/MpvEvent(17565): [PlaybackTrace][Native][mpv-log] prefix=vf level=v text=[userdeint] (disabled)
08-22 17:16:51.227 I/MpvEvent(17565): [PlaybackTrace][Native][eventLoop] event_id=2 error=0
08-22 17:16:51.227 I/MpvEvent(17565): [PlaybackTrace][Native][mpv-log] prefix=vf level=v text=[autovflip] 400x400 yuv420p bt.601/bt.709/srgb/full/display CL=mpeg1/jpeg crop=400x400+0+0 A=none
08-22 17:16:51.227 I/MpvEvent(17565): [PlaybackTrace][Native][eventLoop] event_id=2 error=0
08-22 17:16:51.227 I/MpvEvent(17565): [PlaybackTrace][Native][mpv-log] prefix=vf level=v text=[autovflip] (disabled)
08-22 17:16:51.227 I/MpvEvent(17565): [PlaybackTrace][Native][eventLoop] event_id=2 error=0
08-22 17:16:51.227 I/MpvEvent(17565): [PlaybackTrace][Native][mpv-log] prefix=vf level=v text=[autorotate] 400x400 yuv420p bt.601/bt.709/srgb/full/display CL=mpeg1/jpeg crop=400x400+0+0 A=none
08-22 17:16:51.227 I/MpvEvent(17565): [PlaybackTrace][Native][eventLoop] event_id=2 error=0
08-22 17:16:51.227 I/MpvEvent(17565): [PlaybackTrace][Native][mpv-log] prefix=vf level=v text=[autorotate] (disabled)
08-22 17:16:51.227 I/MpvEvent(17565): [PlaybackTrace][Native][eventLoop] event_id=2 error=0
08-22 17:16:51.227 I/MpvEvent(17565): [PlaybackTrace][Native][mpv-log] prefix=vf level=v text=[convert] 400x400 yuv420p bt.601/bt.709/srgb/full/display CL=mpeg1/jpeg crop=400x400+0+0 A=none
08-22 17:16:51.227 I/MpvEvent(17565): [PlaybackTrace][Native][eventLoop] event_id=2 error=0
08-22 17:16:51.227 I/MpvEvent(17565): [PlaybackTrace][Native][mpv-log] prefix=vf level=v text=[convert] (disabled)
08-22 17:16:51.227 I/MpvEvent(17565): [PlaybackTrace][Native][eventLoop] event_id=2 error=0
08-22 17:16:51.227 I/MpvEvent(17565): [PlaybackTrace][Native][mpv-log] prefix=vf level=v text=[out] 400x400 yuv420p bt.601/bt.709/srgb/full/display CL=mpeg1/jpeg crop=400x400+0+0 A=none
08-22 17:16:51.228 I/MpvEvent(17565): [PlaybackTrace][Native][eventLoop] event_id=2 error=0
08-22 17:16:51.228 I/MpvEvent(17565): [PlaybackTrace][Native][mpv-log] prefix=af level=v text=[in] 44100Hz stereo 2ch floatp
08-22 17:16:51.228 I/MpvEvent(17565): [PlaybackTrace][Native][eventLoop] event_id=2 error=0
08-22 17:16:51.228 I/MpvEvent(17565): [PlaybackTrace][Native][mpv-log] prefix=af level=v text=[userspeed] 44100Hz stereo 2ch floatp
08-22 17:16:51.228 I/MpvEvent(17565): [PlaybackTrace][Native][eventLoop] event_id=2 error=0
08-22 17:16:51.228 I/MpvEvent(17565): [PlaybackTrace][Native][mpv-log] prefix=af level=v text=[userspeed] (disabled)
08-22 17:16:51.228 I/MpvEvent(17565): [PlaybackTrace][Native][eventLoop] event_id=2 error=0
08-22 17:16:51.228 I/MpvEvent(17565): [PlaybackTrace][Native][mpv-log] prefix=af level=v text=[convert] 44100Hz stereo 2ch floatp
08-22 17:16:51.228 I/MpvEvent(17565): [PlaybackTrace][Native][eventLoop] event_id=2 error=0
08-22 17:16:51.228 I/MpvEvent(17565): [PlaybackTrace][Native][mpv-log] prefix=cplayer level=v text=first video frame after restart shown
08-22 17:16:51.228 D/mpv     (17565): [cplayer] v: first video frame after restart shown
08-22 17:16:51.228 I/MpvEvent(17565): [PlaybackTrace][Native][eventLoop] event_id=2 error=0
08-22 17:16:51.228 I/MpvEvent(17565): [PlaybackTrace][Native][mpv-log] prefix=ao level=v text=Trying audio driver 'audiotrack'
08-22 17:16:51.228 I/MpvEvent(17565): [PlaybackTrace][Native][eventLoop] event_id=2 error=0
08-22 17:16:51.228 I/MpvEvent(17565): [PlaybackTrace][Native][mpv-log] prefix=ao/audiotrack level=v text=requested format: 44100 Hz, stereo channels, floatp
08-22 17:16:51.228 D/mpv     (17565): [ao/audiotrack] v: requested format: 44100 Hz, stereo channels, floatp
08-22 17:16:51.228 I/MpvEvent(17565): [PlaybackTrace][Native][eventLoop] event_id=2 error=0
08-22 17:16:51.228 I/MpvEvent(17565): [PlaybackTrace][Native][mpv-log] prefix=ao/audiotrack level=v text=AudioTrack.nativeOutputSampleRate = 48000
08-22 17:16:51.228 D/mpv     (17565): [ao/audiotrack] v: AudioTrack.nativeOutputSampleRate = 48000
08-22 17:16:51.228 I/MpvEvent(17565): [PlaybackTrace][Native][eventLoop] event_id=2 error=0
08-22 17:16:51.229 I/MpvEvent(17565): [PlaybackTrace][Native][mpv-log] prefix=ao/audiotrack level=v text=Channel layouts:
08-22 17:16:51.229 D/mpv     (17565): [ao/audiotrack] v: Channel layouts:
08-22 17:16:51.229 I/MpvEvent(17565): [PlaybackTrace][Native][eventLoop] event_id=2 error=0
08-22 17:16:51.229 I/MpvEvent(17565): [PlaybackTrace][Native][mpv-log] prefix=ao/audiotrack level=v text= - mono
08-22 17:16:51.229 D/mpv     (17565): [ao/audiotrack] v:  - mono
08-22 17:16:51.229 I/MpvEvent(17565): [PlaybackTrace][Native][eventLoop] event_id=2 error=0
08-22 17:16:51.229 I/MpvEvent(17565): [PlaybackTrace][Native][mpv-log] prefix=ao/audiotrack level=v text= - stereo
08-22 17:16:51.229 D/mpv     (17565): [ao/audiotrack] v:  - stereo
08-22 17:16:51.229 I/MpvEvent(17565): [PlaybackTrace][Native][eventLoop] event_id=2 error=0
08-22 17:16:51.229 I/MpvEvent(17565): [PlaybackTrace][Native][mpv-log] prefix=ao/audiotrack level=v text= - 3.0
08-22 17:16:51.229 D/mpv     (17565): [ao/audiotrack] v:  - 3.0
08-22 17:16:51.229 I/MpvEvent(17565): [PlaybackTrace][Native][eventLoop] event_id=2 error=0
08-22 17:16:51.229 I/MpvEvent(17565): [PlaybackTrace][Native][mpv-log] prefix=ao/audiotrack level=v text= - quad
08-22 17:16:51.229 D/mpv     (17565): [ao/audiotrack] v:  - quad
08-22 17:16:51.229 I/MpvEvent(17565): [PlaybackTrace][Native][eventLoop] event_id=2 error=0
08-22 17:16:51.229 I/MpvEvent(17565): [PlaybackTrace][Native][mpv-log] prefix=ao/audiotrack level=v text= - 5.0
08-22 17:16:51.229 D/mpv     (17565): [ao/audiotrack] v:  - 5.0
08-22 17:16:51.229 I/MpvEvent(17565): [PlaybackTrace][Native][eventLoop] event_id=2 error=0
08-22 17:16:51.229 I/MpvEvent(17565): [PlaybackTrace][Native][mpv-log] prefix=ao/audiotrack level=v text= - 5.1
08-22 17:16:51.229 D/mpv     (17565): [ao/audiotrack] v:  - 5.1
08-22 17:16:51.229 I/MpvEvent(17565): [PlaybackTrace][Native][eventLoop] event_id=2 error=0
08-22 17:16:51.229 I/MpvEvent(17565): [PlaybackTrace][Native][mpv-log] prefix=ao/audiotrack level=v text= - 6.1(back)
08-22 17:16:51.229 D/mpv     (17565): [ao/audiotrack] v:  - 6.1(back)
08-22 17:16:51.229 I/MpvEvent(17565): [PlaybackTrace][Native][eventLoop] event_id=2 error=0
08-22 17:16:51.229 I/MpvEvent(17565): [PlaybackTrace][Native][mpv-log] prefix=ao/audiotrack level=v text= - 7.1
08-22 17:16:51.229 D/mpv     (17565): [ao/audiotrack] v:  - 7.1
08-22 17:16:51.229 I/MpvEvent(17565): [PlaybackTrace][Native][eventLoop] event_id=2 error=0
08-22 17:16:51.229 I/MpvEvent(17565): [PlaybackTrace][Native][mpv-log] prefix=ao/audiotrack level=v text=result: stereo
08-22 17:16:51.229 D/mpv     (17565): [ao/audiotrack] v: result: stereo
08-22 17:16:51.230 I/MpvEvent(17565): [PlaybackTrace][Native][eventLoop] event_id=2 error=0
08-22 17:16:51.230 I/MpvEvent(17565): [PlaybackTrace][Native][mpv-log] prefix=ao/audiotrack level=v text=Setting bufferSize = 52920 (driver=32096, min=26460, max=52920)
08-22 17:16:51.230 D/mpv     (17565): [ao/audiotrack] v: Setting bufferSize = 52920 (driver=32096, min=26460, max=52920)
08-22 17:16:51.230 I/MpvEvent(17565): [PlaybackTrace][Native][eventLoop] event_id=2 error=0
08-22 17:16:51.230 I/MpvEvent(17565): [PlaybackTrace][Native][mpv-log] prefix=ao/audiotrack level=v text=Using NIO ByteBuffer
08-22 17:16:51.230 D/mpv     (17565): [ao/audiotrack] v: Using NIO ByteBuffer
08-22 17:16:51.230 I/MpvEvent(17565): [PlaybackTrace][Native][eventLoop] event_id=2 error=0
08-22 17:16:51.230 I/MpvEvent(17565): [PlaybackTrace][Native][mpv-log] prefix=ao/audiotrack level=v text=Using API21 initializer
08-22 17:16:51.230 D/mpv     (17565): [ao/audiotrack] v: Using API21 initializer
08-22 17:16:51.231 I/MpvEvent(17565): [PlaybackTrace][Native][eventLoop] event_id=2 error=0
08-22 17:16:51.232 I/MpvEvent(17565): [PlaybackTrace][Native][mpv-log] prefix=ao/audiotrack level=v text=AudioTrack.getBufferSizeInFrames = 6615
08-22 17:16:51.232 D/mpv     (17565): [ao/audiotrack] v: AudioTrack.getBufferSizeInFrames = 6615
08-22 17:16:51.232 I/MpvEvent(17565): [PlaybackTrace][Native][eventLoop] event_id=2 error=0
08-22 17:16:51.232 I/MpvEvent(17565): [PlaybackTrace][Native][mpv-log] prefix=ao/audiotrack level=v text=device buffer: 6615 samples.
08-22 17:16:51.232 D/mpv     (17565): [ao/audiotrack] v: device buffer: 6615 samples.
08-22 17:16:51.232 I/MpvEvent(17565): [PlaybackTrace][Native][eventLoop] event_id=2 error=0
08-22 17:16:51.232 I/MpvEvent(17565): [PlaybackTrace][Native][mpv-log] prefix=ao/audiotrack level=v text=using soft-buffer of 8820 samples.
08-22 17:16:51.232 D/mpv     (17565): [ao/audiotrack] v: using soft-buffer of 8820 samples.
08-22 17:16:51.232 I/MpvEvent(17565): [PlaybackTrace][Native][eventLoop] event_id=2 error=0
08-22 17:16:51.232 I/MpvEvent(17565): [PlaybackTrace][Native][mpv-log] prefix=cplayer level=info text=AO: [audiotrack] 44100Hz stereo 2ch float
08-22 17:16:51.232 D/mpv     (17565): [cplayer] info: AO: [audiotrack] 44100Hz stereo 2ch float
08-22 17:16:51.232 I/MpvEvent(17565): [PlaybackTrace][Native][eventLoop] event_id=18 error=0
08-22 17:16:51.232 I/MpvEvent(17565): [PlaybackTrace][Native][eventLoop] MPV_EVENT_AUDIO_RECONFIG
08-22 17:16:51.232 I/MpvEvent(17565): [PlaybackTrace][Native][dispatch:event] name=audioReconfig payload={}
08-22 17:16:51.232 I/MpvBridgeModule(17565): [PlaybackTrace][Bridge][listener:event] name=audioReconfig payload={}
08-22 17:16:51.233 I/MpvEvent(17565): [PlaybackTrace][Native][eventLoop] event_id=17 error=0
08-22 17:16:51.233 I/MpvEvent(17565): MPV_EVENT_VIDEO_RECONFIG
08-22 17:16:51.234 I/MpvEvent(17565): [PlaybackTrace][Native][dispatch:event] name=videoReconfig payload={}
08-22 17:16:51.234 I/MpvBridgeModule(17565): [PlaybackTrace][Bridge][listener:event] name=videoReconfig payload={}
08-22 17:16:51.235 I/MpvEvent(17565): [PlaybackTrace][Native][eventLoop] event_id=2 error=0
08-22 17:16:51.235 I/MpvEvent(17565): [PlaybackTrace][Native][mpv-log] prefix=cplayer level=v text=AO: Description: Android AudioTrack audio output
08-22 17:16:51.235 D/mpv     (17565): [cplayer] v: AO: Description: Android AudioTrack audio output
08-22 17:16:51.235 I/MpvEvent(17565): [PlaybackTrace][Native][eventLoop] event_id=2 error=0
08-22 17:16:51.235 I/MpvEvent(17565): [PlaybackTrace][Native][mpv-log] prefix=autoconvert level=v text=inserting resampler
08-22 17:16:51.235 I/MpvEvent(17565): [PlaybackTrace][Native][eventLoop] event_id=2 error=0
08-22 17:16:51.235 I/MpvEvent(17565): [PlaybackTrace][Native][mpv-log] prefix=swresample level=v text=format change, reinitializing resampler
08-22 17:16:51.235 I/MpvEvent(17565): [PlaybackTrace][Native][eventLoop] event_id=2 error=0
08-22 17:16:51.235 I/MpvEvent(17565): [PlaybackTrace][Native][mpv-log] prefix=swresample level=v text=44100Hz stereo floatp -> 44100Hz stereo float
08-22 17:16:51.235 I/MpvEvent(17565): [PlaybackTrace][Native][eventLoop] event_id=2 error=0
08-22 17:16:51.235 I/MpvEvent(17565): [PlaybackTrace][Native][mpv-log] prefix=af level=v text=[out] 44100Hz stereo 2ch float
08-22 17:16:51.239 I/MpvEvent(17565): [PlaybackTrace][Native][eventLoop] event_id=22 error=0
08-22 17:16:51.239 I/MpvEvent(17565): [PlaybackTrace][Native][property] name=demuxer-cache-state format=6 value=null
08-22 17:16:51.239 I/MpvJNI  (17565): [PlaybackTrace][Native][getDuration] result=0 duration=149.696033
08-22 17:16:51.239 I/MpvEvent(17565): [PlaybackTrace][Native][dispatch:property] name=demuxer-cache-state value=null
08-22 17:16:51.239 D/MpvBridgeModule(17565): [PlaybackTrace][Bridge][getDuration] ptr=131217388352464 duration=149.69603333333333
08-22 17:16:51.239 I/MpvBridgeModule(17565): [PlaybackTrace][Bridge][listener:property] name=demuxer-cache-state value=null
08-22 17:16:51.245 I/MpvEvent(17565): [PlaybackTrace][Native][eventLoop] event_id=21 error=0
08-22 17:16:51.245 I/MpvEvent(17565): [PlaybackTrace][Native][eventLoop] MPV_EVENT_PLAYBACK_RESTART
08-22 17:16:51.245 I/MpvEvent(17565): [PlaybackTrace][Native][dispatch:event] name=playbackRestart payload={}
08-22 17:16:51.246 I/MpvBridgeModule(17565): [PlaybackTrace][Bridge][listener:event] name=playbackRestart payload={}
08-22 17:16:51.246 I/MpvEvent(17565): [PlaybackTrace][Native][eventLoop] event_id=2 error=0
08-22 17:16:51.246 I/MpvEvent(17565): [PlaybackTrace][Native][mpv-log] prefix=cplayer level=v text=audio ready
08-22 17:16:51.246 D/mpv     (17565): [cplayer] v: audio ready
08-22 17:16:51.246 I/MpvEvent(17565): [PlaybackTrace][Native][eventLoop] event_id=2 error=0
08-22 17:16:51.246 I/MpvEvent(17565): [PlaybackTrace][Native][mpv-log] prefix=cplayer level=v text=starting audio playback
08-22 17:16:51.246 D/mpv     (17565): [cplayer] v: starting audio playback
08-22 17:16:51.246 I/MpvEvent(17565): [PlaybackTrace][Native][eventLoop] event_id=2 error=0
08-22 17:16:51.246 I/MpvEvent(17565): [PlaybackTrace][Native][mpv-log] prefix=cplayer level=v text=playback restart complete @ 0.000001, audio=playing, video=eof
08-22 17:16:51.247 D/mpv     (17565): [cplayer] v: playback restart complete @ 0.000001, audio=playing, video=eof
08-22 17:16:51.250 I/MpvEvent(17565): [PlaybackTrace][Native][eventLoop] event_id=2 error=0
08-22 17:16:51.250 I/MpvEvent(17565): [PlaybackTrace][Native][mpv-log] prefix=cplayer level=warn text=Audio device underrun detected.
08-22 17:16:51.250 D/mpv     (17565): [cplayer] warn: Audio device underrun detected.
08-22 17:16:51.250 I/MpvEvent(17565): [PlaybackTrace][Native][eventLoop] event_id=2 error=0
08-22 17:16:51.250 I/MpvEvent(17565): [PlaybackTrace][Native][mpv-log] prefix=cplayer level=v text=restarting audio after underrun
08-22 17:16:51.250 D/mpv     (17565): [cplayer] v: restarting audio after underrun
08-22 17:16:51.455 I/ReactNativeJS(17565): '[INFO]', '[PlaybackTrace][Controller][event:onFileLoaded]', { fileUri: 'https://prod-1.storage.jamendo.com/?trackid=1593988&format=mp31&from=%2FV3E9Qwm8kkOD6hbkNYXkg%3D%3D%7CMJJdmScXeWFhFQqasgwXjQ%3D%3D',
08-22 17:16:51.465 I/MpvJNI  (17565): [PlaybackTrace][Native][getDuration] result=0 duration=149.696033
08-22 17:16:51.466 D/MpvBridgeModule(17565): [PlaybackTrace][Bridge][getDuration] ptr=131217388352464 duration=149.69603333333333
08-22 17:16:51.471 I/MpvEvent(17565): [PlaybackTrace][Native][eventLoop] event_id=22 error=0
08-22 17:16:51.471 I/MpvEvent(17565): [PlaybackTrace][Native][property] name=demuxer-cache-state format=6 value=null
08-22 17:16:51.471 I/MpvEvent(17565): [PlaybackTrace][Native][dispatch:property] name=demuxer-cache-state value=null
08-22 17:16:51.472 I/MpvBridgeModule(17565): [PlaybackTrace][Bridge][listener:property] name=demuxer-cache-state value=null
08-22 17:16:51.669 I/MpvJNI  (17565): [PlaybackTrace][Native][getPosition] result=0 position=0.281013
08-22 17:16:51.669 D/MpvBridgeModule(17565): [PlaybackTrace][Bridge][getPosition] ptr=131217388352464 position=0.28101275109070256
08-22 17:16:51.670 I/MpvJNI  (17565): [PlaybackTrace][Native][getDuration] result=0 duration=149.696033
08-22 17:16:51.670 D/MpvBridgeModule(17565): [PlaybackTrace][Bridge][getDuration] ptr=131217388352464 duration=149.69603333333333
08-22 17:16:51.670 D/MpvBridgeModule(17565): [PlaybackTrace][Bridge][getPlaybackState] ptr=131217388352464 state=playing idle=false eof=false pause=false
08-22 17:16:51.682 I/MpvJNI  (17565): [PlaybackTrace][Native][getDuration] result=0 duration=149.696033
08-22 17:16:51.682 D/MpvBridgeModule(17565): [PlaybackTrace][Bridge][getDuration] ptr=131217388352464 duration=149.69603333333333
08-22 17:16:51.737 I/MpvEvent(17565): [PlaybackTrace][Native][eventLoop] event_id=22 error=0
08-22 17:16:51.738 I/MpvEvent(17565): [PlaybackTrace][Native][property] name=demuxer-cache-state format=6 value=null
08-22 17:16:51.738 I/MpvEvent(17565): [PlaybackTrace][Native][dispatch:property] name=demuxer-cache-state value=null
08-22 17:16:51.738 I/MpvBridgeModule(17565): [PlaybackTrace][Bridge][listener:property] name=demuxer-cache-state value=null
08-22 17:16:51.897 I/MpvJNI  (17565): [PlaybackTrace][Native][getDuration] result=0 duration=149.696033
08-22 17:16:51.897 D/MpvBridgeModule(17565): [PlaybackTrace][Bridge][getDuration] ptr=131217388352464 duration=149.69603333333333
08-22 17:16:51.976 I/MpvEvent(17565): [PlaybackTrace][Native][eventLoop] event_id=22 error=0
08-22 17:16:51.976 I/MpvEvent(17565): [PlaybackTrace][Native][property] name=demuxer-cache-state format=6 value=null
08-22 17:16:51.976 I/MpvEvent(17565): [PlaybackTrace][Native][dispatch:property] name=demuxer-cache-state value=null
08-22 17:16:51.977 I/MpvBridgeModule(17565): [PlaybackTrace][Bridge][listener:property] name=demuxer-cache-state value=null
08-22 17:16:52.031 I/MpvJNI  (17565): [PlaybackTrace][Native][getPosition] result=0 position=0.687841
08-22 17:16:52.031 D/MpvBridgeModule(17565): [PlaybackTrace][Bridge][getPosition] ptr=131217388352464 position=0.687840631090703
08-22 17:16:52.031 I/MpvJNI  (17565): [PlaybackTrace][Native][getDuration] result=0 duration=149.696033
08-22 17:16:52.032 D/MpvBridgeModule(17565): [PlaybackTrace][Bridge][getDuration] ptr=131217388352464 duration=149.69603333333333
08-22 17:16:52.032 D/MpvBridgeModule(17565): [PlaybackTrace][Bridge][getPlaybackState] ptr=131217388352464 state=playing idle=false eof=false pause=false
08-22 17:16:52.043 I/MpvJNI  (17565): [PlaybackTrace][Native][getDuration] result=0 duration=149.696033
08-22 17:16:52.043 D/MpvBridgeModule(17565): [PlaybackTrace][Bridge][getDuration] ptr=131217388352464 duration=149.69603333333333
08-22 17:16:52.229 I/MpvEvent(17565): [PlaybackTrace][Native][eventLoop] event_id=22 error=0
08-22 17:16:52.230 I/MpvEvent(17565): [PlaybackTrace][Native][property] name=demuxer-cache-state format=6 value=null
08-22 17:16:52.230 I/MpvEvent(17565): [PlaybackTrace][Native][dispatch:property] name=demuxer-cache-state value=null
08-22 17:16:52.230 I/MpvBridgeModule(17565): [PlaybackTrace][Bridge][listener:property] name=demuxer-cache-state value=null
08-22 17:16:52.244 I/MpvJNI  (17565): [PlaybackTrace][Native][getDuration] result=0 duration=149.696033
08-22 17:16:52.244 D/MpvBridgeModule(17565): [PlaybackTrace][Bridge][getDuration] ptr=131217388352464 duration=149.69603333333333
08-22 17:16:52.484 I/MpvEvent(17565): [PlaybackTrace][Native][eventLoop] event_id=22 error=0
08-22 17:16:52.484 I/MpvEvent(17565): [PlaybackTrace][Native][property] name=demuxer-cache-state format=6 value=null
08-22 17:16:52.484 I/MpvEvent(17565): [PlaybackTrace][Native][dispatch:property] name=demuxer-cache-state value=null
08-22 17:16:52.485 I/MpvBridgeModule(17565): [PlaybackTrace][Bridge][listener:property] name=demuxer-cache-state value=null
08-22 17:16:52.562 I/MpvJNI  (17565): [PlaybackTrace][Native][getPosition] result=0 position=1.219194
08-22 17:16:52.562 D/MpvBridgeModule(17565): [PlaybackTrace][Bridge][getPosition] ptr=131217388352464 position=1.2191941060907052
08-22 17:16:52.562 I/MpvJNI  (17565): [PlaybackTrace][Native][getDuration] result=0 duration=149.696033
08-22 17:16:52.562 D/MpvBridgeModule(17565): [PlaybackTrace][Bridge][getDuration] ptr=131217388352464 duration=149.69603333333333
08-22 17:16:52.563 D/MpvBridgeModule(17565): [PlaybackTrace][Bridge][getPlaybackState] ptr=131217388352464 state=playing idle=false eof=false pause=false
08-22 17:16:52.580 I/MpvJNI  (17565): [PlaybackTrace][Native][getDuration] result=0 duration=149.696033
08-22 17:16:52.580 D/MpvBridgeModule(17565): [PlaybackTrace][Bridge][getDuration] ptr=131217388352464 duration=149.69603333333333
08-22 17:16:52.734 I/MpvEvent(17565): [PlaybackTrace][Native][eventLoop] event_id=22 error=0
08-22 17:16:52.734 I/MpvEvent(17565): [PlaybackTrace][Native][property] name=demuxer-cache-state format=6 value=null
08-22 17:16:52.734 I/MpvEvent(17565): [PlaybackTrace][Native][dispatch:property] name=demuxer-cache-state value=null
08-22 17:16:52.735 I/MpvBridgeModule(17565): [PlaybackTrace][Bridge][listener:property] name=demuxer-cache-state value=null
08-22 17:16:52.792 I/MpvJNI  (17565): [PlaybackTrace][Native][getDuration] result=0 duration=149.696033
08-22 17:16:52.792 D/MpvBridgeModule(17565): [PlaybackTrace][Bridge][getDuration] ptr=131217388352464 duration=149.69603333333333
08-22 17:16:52.974 I/MpvJNI  (17565): [PlaybackTrace][Native][getPosition] result=0 position=1.634332
08-22 17:16:52.974 D/MpvBridgeModule(17565): [PlaybackTrace][Bridge][getPosition] ptr=131217388352464 position=1.6343318930907054
08-22 17:16:52.975 I/MpvJNI  (17565): [PlaybackTrace][Native][getDuration] result=0 duration=149.696033
08-22 17:16:52.975 D/MpvBridgeModule(17565): [PlaybackTrace][Bridge][getDuration] ptr=131217388352464 duration=149.69603333333333
08-22 17:16:52.975 D/MpvBridgeModule(17565): [PlaybackTrace][Bridge][getPlaybackState] ptr=131217388352464 state=playing idle=false eof=false pause=false
08-22 17:16:52.989 I/MpvEvent(17565): [PlaybackTrace][Native][eventLoop] event_id=22 error=0
08-22 17:16:52.990 I/MpvEvent(17565): [PlaybackTrace][Native][property] name=demuxer-cache-state format=6 value=null
08-22 17:16:52.993 I/MpvEvent(17565): [PlaybackTrace][Native][dispatch:property] name=demuxer-cache-state value=null
08-22 17:16:52.994 I/MpvBridgeModule(17565): [PlaybackTrace][Bridge][listener:property] name=demuxer-cache-state value=null
08-22 17:16:53.005 I/MpvJNI  (17565): [PlaybackTrace][Native][getDuration] result=0 duration=149.696033
08-22 17:16:53.005 D/MpvBridgeModule(17565): [PlaybackTrace][Bridge][getDuration] ptr=131217388352464 duration=149.69603333333333
08-22 17:16:53.234 I/MpvEvent(17565): [PlaybackTrace][Native][eventLoop] event_id=22 error=0
08-22 17:16:53.234 I/MpvEvent(17565): [PlaybackTrace][Native][property] name=demuxer-cache-state format=6 value=null
08-22 17:16:53.234 I/MpvEvent(17565): [PlaybackTrace][Native][dispatch:property] name=demuxer-cache-state value=null
08-22 17:16:53.234 I/MpvBridgeModule(17565): [PlaybackTrace][Bridge][listener:property] name=demuxer-cache-state value=null
08-22 17:16:53.238 I/MpvJNI  (17565): [PlaybackTrace][Native][getDuration] result=0 duration=149.696033
08-22 17:16:53.238 D/MpvBridgeModule(17565): [PlaybackTrace][Bridge][getDuration] ptr=131217388352464 duration=149.69603333333333
08-22 17:16:53.485 I/MpvEvent(17565): [PlaybackTrace][Native][eventLoop] event_id=22 error=0
08-22 17:16:53.485 I/MpvEvent(17565): [PlaybackTrace][Native][property] name=demuxer-cache-state format=6 value=null
08-22 17:16:53.485 I/MpvEvent(17565): [PlaybackTrace][Native][dispatch:property] name=demuxer-cache-state value=null
08-22 17:16:53.485 I/MpvBridgeModule(17565): [PlaybackTrace][Bridge][listener:property] name=demuxer-cache-state value=null
08-22 17:16:53.488 I/MpvJNI  (17565): [PlaybackTrace][Native][getDuration] result=0 duration=149.696033
08-22 17:16:53.488 D/MpvBridgeModule(17565): [PlaybackTrace][Bridge][getDuration] ptr=131217388352464 duration=149.69603333333333
08-22 17:16:53.581 I/MpvJNI  (17565): [PlaybackTrace][Native][getPosition] result=0 position=2.160314
08-22 17:16:53.581 D/MpvBridgeModule(17565): [PlaybackTrace][Bridge][getPosition] ptr=131217388352464 position=2.1603141140907023
08-22 17:16:53.581 I/MpvJNI  (17565): [PlaybackTrace][Native][getDuration] result=0 duration=149.696033
08-22 17:16:53.581 D/MpvBridgeModule(17565): [PlaybackTrace][Bridge][getDuration] ptr=131217388352464 duration=149.69603333333333
08-22 17:16:53.581 D/MpvBridgeModule(17565): [PlaybackTrace][Bridge][getPlaybackState] ptr=131217388352464 state=playing idle=false eof=false pause=false
08-22 17:16:53.589 I/MpvJNI  (17565): [PlaybackTrace][Native][getDuration] result=0 duration=149.696033
08-22 17:16:53.589 D/MpvBridgeModule(17565): [PlaybackTrace][Bridge][getDuration] ptr=131217388352464 duration=149.69603333333333
08-22 17:16:53.736 I/MpvEvent(17565): [PlaybackTrace][Native][eventLoop] event_id=22 error=0
08-22 17:16:53.736 I/MpvEvent(17565): [PlaybackTrace][Native][property] name=demuxer-cache-state format=6 value=null
08-22 17:16:53.736 I/MpvEvent(17565): [PlaybackTrace][Native][dispatch:property] name=demuxer-cache-state value=null
08-22 17:16:53.737 I/MpvBridgeModule(17565): [PlaybackTrace][Bridge][listener:property] name=demuxer-cache-state value=null
08-22 17:16:53.764 I/MpvJNI  (17565): [PlaybackTrace][Native][getDuration] result=0 duration=149.696033
08-22 17:16:53.764 D/MpvBridgeModule(17565): [PlaybackTrace][Bridge][getDuration] ptr=131217388352464 duration=149.69603333333333
08-22 17:16:53.985 I/MpvJNI  (17565): [PlaybackTrace][Native][getPosition] result=0 position=2.544372
08-22 17:16:53.985 D/MpvBridgeModule(17565): [PlaybackTrace][Bridge][getPosition] ptr=131217388352464 position=2.5443715910907
08-22 17:16:53.985 I/MpvJNI  (17565): [PlaybackTrace][Native][getDuration] result=0 duration=149.696033
08-22 17:16:53.985 D/MpvBridgeModule(17565): [PlaybackTrace][Bridge][getDuration] ptr=131217388352464 duration=149.69603333333333
08-22 17:16:53.986 D/MpvBridgeModule(17565): [PlaybackTrace][Bridge][getPlaybackState] ptr=131217388352464 state=playing idle=false eof=false pause=false
08-22 17:16:53.987 I/MpvEvent(17565): [PlaybackTrace][Native][eventLoop] event_id=22 error=0
08-22 17:16:53.987 I/MpvEvent(17565): [PlaybackTrace][Native][property] name=demuxer-cache-state format=6 value=null
08-22 17:16:53.987 I/MpvEvent(17565): [PlaybackTrace][Native][dispatch:property] name=demuxer-cache-state value=null
08-22 17:16:53.987 I/MpvBridgeModule(17565): [PlaybackTrace][Bridge][listener:property] name=demuxer-cache-state value=null
08-22 17:16:53.991 I/MpvJNI  (17565): [PlaybackTrace][Native][getDuration] result=0 duration=149.696033
08-22 17:16:53.991 D/MpvBridgeModule(17565): [PlaybackTrace][Bridge][getDuration] ptr=131217388352464 duration=149.69603333333333
08-22 17:16:54.237 I/MpvEvent(17565): [PlaybackTrace][Native][eventLoop] event_id=22 error=0
08-22 17:16:54.237 I/MpvEvent(17565): [PlaybackTrace][Native][property] name=demuxer-cache-state format=6 value=null
08-22 17:16:54.237 I/MpvEvent(17565): [PlaybackTrace][Native][dispatch:property] name=demuxer-cache-state value=null
08-22 17:16:54.237 I/MpvBridgeModule(17565): [PlaybackTrace][Bridge][listener:property] name=demuxer-cache-state value=null
08-22 17:16:54.242 I/MpvJNI  (17565): [PlaybackTrace][Native][getDuration] result=0 duration=149.696033
08-22 17:16:54.242 D/MpvBridgeModule(17565): [PlaybackTrace][Bridge][getDuration] ptr=131217388352464 duration=149.69603333333333
08-22 17:16:54.489 I/MpvEvent(17565): [PlaybackTrace][Native][eventLoop] event_id=22 error=0
08-22 17:16:54.489 I/MpvEvent(17565): [PlaybackTrace][Native][property] name=demuxer-cache-state format=6 value=null
08-22 17:16:54.489 I/MpvEvent(17565): [PlaybackTrace][Native][dispatch:property] name=demuxer-cache-state value=null
08-22 17:16:54.489 I/MpvBridgeModule(17565): [PlaybackTrace][Bridge][listener:property] name=demuxer-cache-state value=null
08-22 17:16:54.492 I/MpvJNI  (17565): [PlaybackTrace][Native][getDuration] result=0 duration=149.696033
08-22 17:16:54.492 D/MpvBridgeModule(17565): [PlaybackTrace][Bridge][getDuration] ptr=131217388352464 duration=149.69603333333333
08-22 17:16:54.614 I/MpvJNI  (17565): [PlaybackTrace][Native][getPosition] result=0 position=3.178250
08-22 17:16:54.615 D/MpvBridgeModule(17565): [PlaybackTrace][Bridge][getPosition] ptr=131217388352464 position=3.178250048090697
08-22 17:16:54.615 I/MpvJNI  (17565): [PlaybackTrace][Native][getDuration] result=0 duration=149.696033
08-22 17:16:54.615 D/MpvBridgeModule(17565): [PlaybackTrace][Bridge][getDuration] ptr=131217388352464 duration=149.69603333333333
08-22 17:16:54.615 D/MpvBridgeModule(17565): [PlaybackTrace][Bridge][getPlaybackState] ptr=131217388352464 state=playing idle=false eof=false pause=false
08-22 17:16:54.630 I/MpvJNI  (17565): [PlaybackTrace][Native][getDuration] result=0 duration=149.696033
08-22 17:16:54.630 D/MpvBridgeModule(17565): [PlaybackTrace][Bridge][getDuration] ptr=131217388352464 duration=149.69603333333333
08-22 17:16:54.745 I/MpvEvent(17565): [PlaybackTrace][Native][eventLoop] event_id=22 error=0
08-22 17:16:54.746 I/MpvEvent(17565): [PlaybackTrace][Native][property] name=demuxer-cache-state format=6 value=null
08-22 17:16:54.746 I/MpvEvent(17565): [PlaybackTrace][Native][dispatch:property] name=demuxer-cache-state value=null
08-22 17:16:54.746 I/MpvBridgeModule(17565): [PlaybackTrace][Bridge][listener:property] name=demuxer-cache-state value=null
08-22 17:16:54.797 I/MpvJNI  (17565): [PlaybackTrace][Native][getDuration] result=0 duration=149.696033
08-22 17:16:54.797 D/MpvBridgeModule(17565): [PlaybackTrace][Bridge][getDuration] ptr=131217388352464 duration=149.69603333333333
08-22 17:16:54.991 I/MpvEvent(17565): [PlaybackTrace][Native][eventLoop] event_id=22 error=0
08-22 17:16:54.991 I/MpvEvent(17565): [PlaybackTrace][Native][property] name=demuxer-cache-state format=6 value=null
08-22 17:16:54.991 I/MpvEvent(17565): [PlaybackTrace][Native][dispatch:property] name=demuxer-cache-state value=null
08-22 17:16:54.991 I/MpvBridgeModule(17565): [PlaybackTrace][Bridge][listener:property] name=demuxer-cache-state value=null
08-22 17:16:54.994 I/MpvJNI  (17565): [PlaybackTrace][Native][getDuration] result=0 duration=149.696033
08-22 17:16:54.995 D/MpvBridgeModule(17565): [PlaybackTrace][Bridge][getDuration] ptr=131217388352464 duration=149.69603333333333
08-22 17:16:55.154 I/MpvJNI  (17565): [PlaybackTrace][Native][getPosition] result=0 position=3.810140
08-22 17:16:55.154 D/MpvBridgeModule(17565): [PlaybackTrace][Bridge][getPosition] ptr=131217388352464 position=3.8101395550906973
08-22 17:16:55.155 I/MpvJNI  (17565): [PlaybackTrace][Native][getDuration] result=0 duration=149.696033
08-22 17:16:55.155 D/MpvBridgeModule(17565): [PlaybackTrace][Bridge][getDuration] ptr=131217388352464 duration=149.69603333333333
08-22 17:16:55.155 D/MpvBridgeModule(17565): [PlaybackTrace][Bridge][getPlaybackState] ptr=131217388352464 state=playing idle=false eof=false pause=false
08-22 17:16:55.572 I/MpvJNI  (17565): [PlaybackTrace][Native][getPosition] result=0 position=4.181766
08-22 17:16:55.572 D/MpvBridgeModule(17565): [PlaybackTrace][Bridge][getPosition] ptr=131217388352464 position=4.181765912090705
08-22 17:16:55.572 I/MpvJNI  (17565): [PlaybackTrace][Native][getDuration] result=0 duration=149.696033
08-22 17:16:55.573 D/MpvBridgeModule(17565): [PlaybackTrace][Bridge][getDuration] ptr=131217388352464 duration=149.69603333333333
08-22 17:16:55.573 D/MpvBridgeModule(17565): [PlaybackTrace][Bridge][getPlaybackState] ptr=131217388352464 state=playing idle=false eof=false pause=false
08-22 17:16:55.580 I/MpvJNI  (17565): [PlaybackTrace][Native][getDuration] result=0 duration=149.696033
08-22 17:16:55.580 D/MpvBridgeModule(17565): [PlaybackTrace][Bridge][getDuration] ptr=131217388352464 duration=149.69603333333333
08-22 17:16:55.906 I/ReactNativeJS(17565): '[INFO]', '[PlaybackTrace][Controller][loadAndResume:before]', { uri: 'https://prod-1.storage.jamendo.com/?trackid=1593988&format=mp31&from=%2FV3E9Qwm8kkOD6hbkNYXkg%3D%3D%7CMJJdmScXeWFhFQqasgwXjQ%3D%3D',
08-22 17:16:55.907 I/ReactNativeJS(17565): '[INFO]', '[PlaybackTrace][JS][loadFile:call]', { requestedPath: 'https://prod-1.storage.jamendo.com/?trackid=1593988&format=mp31&from=%2FV3E9Qwm8kkOD6hbkNYXkg%3D%3D%7CMJJdmScXeWFhFQqasgwXjQ%3D%3D',
08-22 17:16:55.908 I/ReactNativeJS(17565): '[INFO]', '[PlaybackTrace][JS][loadFile:return]', { resolvedPath: 'https://prod-1.storage.jamendo.com/?trackid=1593988&format=mp31&from=%2FV3E9Qwm8kkOD6hbkNYXkg%3D%3D%7CMJJdmScXeWFhFQqasgwXjQ%3D%3D' }
08-22 17:16:55.908 I/MpvBridgeModule(17565): [PlaybackTrace][Bridge][loadFile] requested=https://prod-1.storage.jamendo.com/?trackid=1593988&format=mp31&from=%2FV3E9Qwm8kkOD6hbkNYXkg%3D%3D%7CMJJdmScXeWFhFQqasgwXjQ%3D%3D resolved=https://prod-1.storage.jamendo.com/?trackid=1593988&format=mp31&from=%2FV3E9Qwm8kkOD6hbkNYXkg%3D%3D%7CMJJdmScXeWFhFQqasgwXjQ%3D%3D ptr=131217388352464
08-22 17:16:55.908 I/MpvJNI  (17565): [PlaybackTrace][Native][loadFile] begin path=https://prod-1.storage.jamendo.com/?trackid=1593988&format=mp31&from=%2FV3E9Qwm8kkOD6hbkNYXkg%3D%3D%7CMJJdmScXeWFhFQqasgwXjQ%3D%3D initialized=1
08-22 17:16:55.909 I/MpvJNI  (17565): [PlaybackTrace][Native][loadFile] loadfile command accepted result=0
08-22 17:16:55.909 I/ReactNativeJS(17565): '[INFO]', '[PlaybackTrace][Controller][loadAndResume:loaded]', 'https://prod-1.storage.jamendo.com/?trackid=1593988&format=mp31&from=%2FV3E9Qwm8kkOD6hbkNYXkg%3D%3D%7CMJJdmScXeWFhFQqasgwXjQ%3D%3D'
08-22 17:16:55.909 I/MpvBridgeModule(17565): [PlaybackTrace][Bridge][loadFile] nativeLoadFile returned
08-22 17:16:55.910 I/ReactNativeJS(17565): '[INFO]', '[PlaybackTrace][JS][resume:call]'
08-22 17:16:55.911 I/MpvEvent(17565): [PlaybackTrace][Native][eventLoop] event_id=2 error=0
08-22 17:16:55.911 I/MpvEvent(17565): [PlaybackTrace][Native][mpv-log] prefix=cplayer level=v text=EOF code: 3  
08-22 17:16:55.911 D/mpv     (17565): [cplayer] v: EOF code: 3  
08-22 17:16:55.911 I/MpvBridgeModule(17565): [PlaybackTrace][Bridge][play] ptr=131217388352464
08-22 17:16:55.911 I/ReactNativeJS(17565): '[INFO]', '[PlaybackTrace][Controller][loadAndResume:resumed]', 'https://prod-1.storage.jamendo.com/?trackid=1593988&format=mp31&from=%2FV3E9Qwm8kkOD6hbkNYXkg%3D%3D%7CMJJdmScXeWFhFQqasgwXjQ%3D%3D'
08-22 17:16:55.917 I/MpvEvent(17565): [PlaybackTrace][Native][eventLoop] event_id=18 error=0
08-22 17:16:55.917 I/MpvEvent(17565): [PlaybackTrace][Native][eventLoop] MPV_EVENT_AUDIO_RECONFIG
08-22 17:16:55.917 I/MpvEvent(17565): [PlaybackTrace][Native][dispatch:event] name=audioReconfig payload={}
08-22 17:16:55.918 I/MpvBridgeModule(17565): [PlaybackTrace][Bridge][listener:event] name=audioReconfig payload={}
08-22 17:16:55.920 I/MpvEvent(17565): [PlaybackTrace][Native][eventLoop] event_id=17 error=0
08-22 17:16:55.920 I/MpvEvent(17565): MPV_EVENT_VIDEO_RECONFIG
08-22 17:16:55.920 I/MpvEvent(17565): [PlaybackTrace][Native][dispatch:event] name=videoReconfig payload={}
08-22 17:16:55.921 I/MpvBridgeModule(17565): [PlaybackTrace][Bridge][listener:event] name=videoReconfig payload={}
08-22 17:16:55.922 I/MpvEvent(17565): [PlaybackTrace][Native][eventLoop] event_id=18 error=0
08-22 17:16:55.922 I/MpvEvent(17565): [PlaybackTrace][Native][eventLoop] MPV_EVENT_AUDIO_RECONFIG
08-22 17:16:55.922 I/MpvEvent(17565): [PlaybackTrace][Native][dispatch:event] name=audioReconfig payload={}
08-22 17:16:55.923 I/MpvJNI  (17565): [PlaybackTrace][Native][play] pause=no result=0
08-22 17:16:55.923 I/MpvBridgeModule(17565): [PlaybackTrace][Bridge][play] nativePlay returned
08-22 17:16:55.923 I/MpvBridgeModule(17565): [PlaybackTrace][Bridge][listener:event] name=audioReconfig payload={}
08-22 17:16:55.929 I/MpvEvent(17565): [PlaybackTrace][Native][eventLoop] event_id=2 error=0
08-22 17:16:55.929 I/MpvEvent(17565): [PlaybackTrace][Native][mpv-log] prefix=cplayer level=v text=Set property: pause="no" -> 1
08-22 17:16:55.929 D/mpv     (17565): [cplayer] v: Set property: pause="no" -> 1
08-22 17:16:55.929 I/MpvEvent(17565): [PlaybackTrace][Native][eventLoop] event_id=7 error=0
08-22 17:16:55.930 E/MpvEvent(17565): [PlaybackTrace][Native][eventLoop] MPV_EVENT_END_FILE reason=2 error=0
08-22 17:16:55.930 I/MpvEvent(17565): [PlaybackTrace][Native][dispatch:event] name=endFile payload={"reason":2,"error":0}
08-22 17:16:55.931 D/MPVLib  (17565): onNativeEvent: endFile {"reason":2,"error":0}
08-22 17:16:55.932 I/MpvBridgeModule(17565): [PlaybackTrace][Bridge][listener:event] name=endFile payload={"reason":2,"error":0}
08-22 17:16:55.933 I/MpvEvent(17565): [PlaybackTrace][Native][eventLoop] event_id=6 error=0
08-22 17:16:55.933 I/MpvEvent(17565): MPV_EVENT_START_FILE
08-22 17:16:55.933 I/MpvEvent(17565): [PlaybackTrace][Native][dispatch:event] name=startFile payload={}
08-22 17:16:55.933 D/MPVLib  (17565): onNativeEvent: startFile {}
08-22 17:16:55.933 I/MpvBridgeModule(17565): [PlaybackTrace][Bridge][listener:event] name=startFile payload={}
08-22 17:16:55.934 I/MpvEvent(17565): [PlaybackTrace][Native][eventLoop] event_id=22 error=0
08-22 17:16:55.934 I/MpvEvent(17565): [PlaybackTrace][Native][eventLoop] property=cache-buffering-state format=NONE
08-22 17:16:55.934 I/MpvEvent(17565): [PlaybackTrace][Native][eventLoop] event_id=22 error=0
08-22 17:16:55.935 I/MpvEvent(17565): [PlaybackTrace][Native][eventLoop] property=paused-for-cache format=NONE
08-22 17:16:55.935 I/MpvEvent(17565): [PlaybackTrace][Native][eventLoop] event_id=22 error=0
08-22 17:16:55.935 I/MpvEvent(17565): [PlaybackTrace][Native][eventLoop] property=demuxer-cache-state format=NONE
08-22 17:16:55.935 I/MpvEvent(17565): [PlaybackTrace][Native][eventLoop] event_id=22 error=0
08-22 17:16:55.935 I/MpvEvent(17565): [PlaybackTrace][Native][eventLoop] property=seekable format=NONE
08-22 17:16:55.935 I/MpvEvent(17565): [PlaybackTrace][Native][eventLoop] event_id=2 error=0
08-22 17:16:55.935 I/MpvEvent(17565): [PlaybackTrace][Native][mpv-log] prefix=cplayer level=v text=finished playback, success (reason 2)
08-22 17:16:55.935 D/mpv     (17565): [cplayer] v: finished playback, success (reason 2)
08-22 17:16:55.935 I/MpvEvent(17565): [PlaybackTrace][Native][eventLoop] event_id=2 error=0
08-22 17:16:55.935 I/MpvEvent(17565): [PlaybackTrace][Native][mpv-log] prefix=cplayer level=v text=Running hook: ytdl_hook/on_after_end_file
08-22 17:16:55.936 D/mpv     (17565): [cplayer] v: Running hook: ytdl_hook/on_after_end_file
08-22 17:16:55.936 I/MpvEvent(17565): [PlaybackTrace][Native][eventLoop] event_id=2 error=0
08-22 17:16:55.936 I/MpvEvent(17565): [PlaybackTrace][Native][mpv-log] prefix=cplayer level=v text=Running hook: ytdl_hook/on_load
08-22 17:16:55.936 D/mpv     (17565): [cplayer] v: Running hook: ytdl_hook/on_load
08-22 17:16:55.936 I/MpvEvent(17565): [PlaybackTrace][Native][eventLoop] event_id=2 error=0
08-22 17:16:55.936 I/MpvEvent(17565): [PlaybackTrace][Native][mpv-log] prefix=cplayer level=v text=Running hook: ytdl_hook/on_load
08-22 17:16:55.936 D/mpv     (17565): [cplayer] v: Running hook: ytdl_hook/on_load
08-22 17:16:55.936 I/MpvEvent(17565): [PlaybackTrace][Native][eventLoop] event_id=2 error=0
08-22 17:16:55.936 I/MpvEvent(17565): [PlaybackTrace][Native][mpv-log] prefix=ytdl_hook level=v text=playlist hook
08-22 17:16:55.936 I/MpvEvent(17565): [PlaybackTrace][Native][eventLoop] event_id=2 error=0
08-22 17:16:55.936 I/MpvEvent(17565): [PlaybackTrace][Native][mpv-log] prefix=stream_callback level=v text=Opening https://prod-1.storage.jamendo.com/?trackid=1593988&format=mp31&from=%2FV3E9Qwm8kkOD6hbkNYXkg%3D%3D%7CMJJdmScXeWFhFQqasgwXjQ%3D%3D
08-22 17:16:55.936 I/MpvEvent(17565): [PlaybackTrace][Native][eventLoop] event_id=2 error=0
08-22 17:16:55.936 I/MpvEvent(17565): [PlaybackTrace][Native][mpv-log] prefix=ffmpeg level=v text=Opening https://prod-1.storage.jamendo.com/?trackid=1593988&format=mp31&from=%2FV3E9Qwm8kkOD6hbkNYXkg%3D%3D%7CMJJdmScXeWFhFQqasgwXjQ%3D%3D
08-22 17:16:55.936 D/mpv     (17565): [ffmpeg] v: Opening https://prod-1.storage.jamendo.com/?trackid=1593988&format=mp31&from=%2FV3E9Qwm8kkOD6hbkNYXkg%3D%3D%7CMJJdmScXeWFhFQqasgwXjQ%3D%3D
08-22 17:16:56.019 I/MpvJNI  (17565): [PlaybackTrace][Native][getPosition] result=-10 position=0.000000
08-22 17:16:56.019 D/MpvBridgeModule(17565): [PlaybackTrace][Bridge][getPosition] ptr=131217388352464 position=0.0
08-22 17:16:56.019 I/MpvJNI  (17565): [PlaybackTrace][Native][getDuration] result=-10 duration=0.000000
08-22 17:16:56.019 D/MpvBridgeModule(17565): [PlaybackTrace][Bridge][getDuration] ptr=131217388352464 duration=0.0
08-22 17:16:56.019 D/MpvBridgeModule(17565): [PlaybackTrace][Bridge][getPlaybackState] ptr=131217388352464 state=playing idle=false eof=false pause=false
08-22 17:16:56.170 I/ReactNativeJS(17565): '[INFO]', '[PlaybackTrace][JS][resume:call]'
08-22 17:16:56.171 I/MpvBridgeModule(17565): [PlaybackTrace][Bridge][play] ptr=131217388352464
08-22 17:16:56.171 I/MpvJNI  (17565): [PlaybackTrace][Native][play] pause=no result=0
08-22 17:16:56.171 I/MpvBridgeModule(17565): [PlaybackTrace][Bridge][play] nativePlay returned
08-22 17:16:56.172 I/MpvEvent(17565): [PlaybackTrace][Native][eventLoop] event_id=2 error=0
08-22 17:16:56.173 I/MpvEvent(17565): [PlaybackTrace][Native][mpv-log] prefix=cplayer level=v text=Set property: pause="no" -> 1
08-22 17:16:56.173 D/mpv     (17565): [cplayer] v: Set property: pause="no" -> 1
08-22 17:16:56.587 I/MpvJNI  (17565): [PlaybackTrace][Native][getPosition] result=-10 position=0.000000
08-22 17:16:56.588 D/MpvBridgeModule(17565): [PlaybackTrace][Bridge][getPosition] ptr=131217388352464 position=0.0
08-22 17:16:56.589 I/MpvJNI  (17565): [PlaybackTrace][Native][getDuration] result=-10 duration=0.000000
08-22 17:16:56.589 D/MpvBridgeModule(17565): [PlaybackTrace][Bridge][getDuration] ptr=131217388352464 duration=0.0
08-22 17:16:56.590 D/MpvBridgeModule(17565): [PlaybackTrace][Bridge][getPlaybackState] ptr=131217388352464 state=playing idle=false eof=false pause=false
08-22 17:16:56.599 I/MpvJNI  (17565): [PlaybackTrace][Native][getDuration] result=-10 duration=0.000000
08-22 17:16:56.600 D/MpvBridgeModule(17565): [PlaybackTrace][Bridge][getDuration] ptr=131217388352464 duration=0.0
08-22 17:16:56.937 I/MpvEvent(17565): [PlaybackTrace][Native][eventLoop] event_id=2 error=0
08-22 17:16:56.937 I/MpvEvent(17565): [PlaybackTrace][Native][mpv-log] prefix=ffmpeg level=v text=Mime-type: 'audio/mpeg'
08-22 17:16:56.938 D/mpv     (17565): [ffmpeg] v: Mime-type: 'audio/mpeg'
08-22 17:16:56.938 I/MpvEvent(17565): [PlaybackTrace][Native][eventLoop] event_id=2 error=0
08-22 17:16:56.938 I/MpvEvent(17565): [PlaybackTrace][Native][mpv-log] prefix=demux level=v text=Trying demuxers for level=normal.
08-22 17:16:56.945 I/MpvEvent(17565): [PlaybackTrace][Native][eventLoop] event_id=2 error=0
08-22 17:16:56.945 I/MpvEvent(17565): [PlaybackTrace][Native][mpv-log] prefix=lavf level=v text=Found 'mp3' at score=24 size=2048.
08-22 17:16:57.045 I/MpvJNI  (17565): [PlaybackTrace][Native][getPosition] result=-10 position=0.000000
08-22 17:16:57.046 D/MpvBridgeModule(17565): [PlaybackTrace][Bridge][getPosition] ptr=131217388352464 position=0.0
08-22 17:16:57.046 I/MpvJNI  (17565): [PlaybackTrace][Native][getDuration] result=-10 duration=0.000000
08-22 17:16:57.047 D/MpvBridgeModule(17565): [PlaybackTrace][Bridge][getDuration] ptr=131217388352464 duration=0.0
08-22 17:16:57.049 D/MpvBridgeModule(17565): [PlaybackTrace][Bridge][getPlaybackState] ptr=131217388352464 state=playing idle=false eof=false pause=false
08-22 17:16:57.121 I/MpvEvent(17565): [PlaybackTrace][Native][eventLoop] event_id=2 error=0
08-22 17:16:57.121 I/MpvEvent(17565): [PlaybackTrace][Native][mpv-log] prefix=lavf level=v text=avformat_find_stream_info() finished after 32275 bytes.
08-22 17:16:57.122 I/MpvEvent(17565): [PlaybackTrace][Native][eventLoop] event_id=2 error=0
08-22 17:16:57.122 I/MpvEvent(17565): [PlaybackTrace][Native][mpv-log] prefix=lavf level=v text=Assuming this is an image format.
08-22 17:16:57.122 I/MpvEvent(17565): [PlaybackTrace][Native][eventLoop] event_id=2 error=0
08-22 17:16:57.122 I/MpvEvent(17565): [PlaybackTrace][Native][mpv-log] prefix=demux level=v text=Detected file format: mp3 (libavformat)
08-22 17:16:57.123 I/MpvEvent(17565): [PlaybackTrace][Native][eventLoop] event_id=2 error=0
08-22 17:16:57.123 I/MpvEvent(17565): [PlaybackTrace][Native][mpv-log] prefix=cplayer level=v text=Opening done: https://prod-1.storage.jamendo.com/?trackid=1593988&format=mp31&from=%2FV3E9Qwm8kkOD6hbkNYXkg%3D%3D%7CMJJdmScXeWFhFQqasgwXjQ%3D%3D
08-22 17:16:57.123 D/mpv     (17565): [cplayer] v: Opening done: https://prod-1.storage.jamendo.com/?trackid=1593988&format=mp31&from=%2FV3E9Qwm8kkOD6hbkNYXkg%3D%3D%7CMJJdmScXeWFhFQqasgwXjQ%3D%3D
08-22 17:16:57.123 I/MpvEvent(17565): [PlaybackTrace][Native][eventLoop] event_id=2 error=0
08-22 17:16:57.123 I/MpvEvent(17565): [PlaybackTrace][Native][mpv-log] prefix=cplayer level=v text=Running hook: ytdl_hook/on_preloaded
08-22 17:16:57.123 D/mpv     (17565): [cplayer] v: Running hook: ytdl_hook/on_preloaded
08-22 17:16:57.123 I/MpvEvent(17565): [PlaybackTrace][Native][eventLoop] event_id=2 error=0
08-22 17:16:57.124 I/MpvEvent(17565): [PlaybackTrace][Native][mpv-log] prefix=lavf level=v text=select track 1
08-22 17:16:57.124 I/MpvEvent(17565): [PlaybackTrace][Native][eventLoop] event_id=2 error=0
08-22 17:16:57.124 I/MpvEvent(17565): [PlaybackTrace][Native][mpv-log] prefix=lavf level=v text=select track 0
08-22 17:16:57.124 I/MpvEvent(17565): [PlaybackTrace][Native][eventLoop] event_id=2 error=0
08-22 17:16:57.124 I/MpvEvent(17565): [PlaybackTrace][Native][mpv-log] prefix=cplayer level=info text=ΓùÅ Image  --vid=1  'Cover Image' (mjpeg [Baseline] 400x400)
08-22 17:16:57.124 D/mpv     (17565): [cplayer] info: ΓùÅ Image  --vid=1  'Cover Image' (mjpeg [Baseline] 400x400)
08-22 17:16:57.124 I/MpvEvent(17565): [PlaybackTrace][Native][eventLoop] event_id=2 error=0
08-22 17:16:57.124 I/MpvEvent(17565): [PlaybackTrace][Native][mpv-log] prefix=cplayer level=info text=ΓùÅ Audio  --aid=1  (mp3 2ch 44100 Hz 96 kbps)
08-22 17:16:57.124 D/mpv     (17565): [cplayer] info: ΓùÅ Audio  --aid=1  (mp3 2ch 44100 Hz 96 kbps)
08-22 17:16:57.124 I/MpvEvent(17565): [PlaybackTrace][Native][eventLoop] event_id=2 error=0
08-22 17:16:57.124 I/MpvEvent(17565): [PlaybackTrace][Native][mpv-log] prefix=display-tags level=info text=File tags:
08-22 17:16:57.124 I/MpvEvent(17565): [PlaybackTrace][Native][eventLoop] event_id=2 error=0
08-22 17:16:57.124 I/MpvEvent(17565): [PlaybackTrace][Native][mpv-log] prefix=display-tags level=info text= Artist: Joystock
08-22 17:16:57.124 I/MpvEvent(17565): [PlaybackTrace][Native][eventLoop] event_id=2 error=0
08-22 17:16:57.124 I/MpvEvent(17565): [PlaybackTrace][Native][mpv-log] prefix=display-tags level=info text= Comment: http://www.jamendo.com cc_standard
08-22 17:16:57.126 I/MpvEvent(17565): [PlaybackTrace][Native][eventLoop] event_id=2 error=0
08-22 17:16:57.126 I/MpvEvent(17565): [PlaybackTrace][Native][mpv-log] prefix=display-tags level=info text= Composer: Joystock
08-22 17:16:57.126 I/MpvEvent(17565): [PlaybackTrace][Native][eventLoop] event_id=18 error=0
08-22 17:16:57.126 I/MpvEvent(17565): [PlaybackTrace][Native][eventLoop] MPV_EVENT_AUDIO_RECONFIG
08-22 17:16:57.126 I/MpvEvent(17565): [PlaybackTrace][Native][dispatch:event] name=audioReconfig payload={}
08-22 17:16:57.143 I/MpvBridgeModule(17565): [PlaybackTrace][Bridge][listener:event] name=audioReconfig payload={}
08-22 17:16:57.144 I/MpvEvent(17565): [PlaybackTrace][Native][eventLoop] event_id=18 error=0
08-22 17:16:57.144 I/MpvEvent(17565): [PlaybackTrace][Native][eventLoop] MPV_EVENT_AUDIO_RECONFIG
08-22 17:16:57.144 I/MpvEvent(17565): [PlaybackTrace][Native][dispatch:event] name=audioReconfig payload={}
08-22 17:16:57.144 I/MpvBridgeModule(17565): [PlaybackTrace][Bridge][listener:event] name=audioReconfig payload={}
08-22 17:16:57.147 I/MpvEvent(17565): [PlaybackTrace][Native][eventLoop] event_id=8 error=0
08-22 17:16:57.148 I/MpvEvent(17565): MPV_EVENT_FILE_LOADED
08-22 17:16:57.148 I/MpvEvent(17565): [PlaybackTrace][Native][dispatch:event] name=fileLoaded payload={}
08-22 17:16:57.148 D/MPVLib  (17565): onNativeEvent: fileLoaded {}
08-22 17:16:57.149 I/MpvBridgeModule(17565): [PlaybackTrace][Bridge][listener:event] name=fileLoaded payload={}
08-22 17:16:57.154 I/ReactNativeJS(17565): '[INFO]', '[PlaybackTrace][Controller][event:onFileLoaded]', { fileUri: 'https://prod-1.storage.jamendo.com/?trackid=1593988&format=mp31&from=%2FV3E9Qwm8kkOD6hbkNYXkg%3D%3D%7CMJJdmScXeWFhFQqasgwXjQ%3D%3D',
08-22 17:16:57.155 I/MpvEvent(17565): [PlaybackTrace][Native][eventLoop] event_id=22 error=0
08-22 17:16:57.156 I/MpvEvent(17565): [PlaybackTrace][Native][property] name=seekable format=6 value=null
08-22 17:16:57.156 I/MpvEvent(17565): [PlaybackTrace][Native][dispatch:property] name=seekable value=null
08-22 17:16:57.158 I/MpvBridgeModule(17565): [PlaybackTrace][Bridge][listener:property] name=seekable value=null
08-22 17:16:57.163 I/MpvEvent(17565): [PlaybackTrace][Native][eventLoop] event_id=2 error=0
08-22 17:16:57.164 I/MpvEvent(17565): [PlaybackTrace][Native][mpv-log] prefix=display-tags level=info text= Date: 2018
08-22 17:16:57.169 I/MpvEvent(17565): [PlaybackTrace][Native][eventLoop] event_id=2 error=0
08-22 17:16:57.169 I/MpvEvent(17565): [PlaybackTrace][Native][mpv-log] prefix=display-tags level=info text= Genre: chillhop
08-22 17:16:57.177 I/MpvEvent(17565): [PlaybackTrace][Native][eventLoop] event_id=2 error=0
08-22 17:16:57.178 I/MpvEvent(17565): [PlaybackTrace][Native][mpv-log] prefix=display-tags level=info text= Title: Lofi Chillout Hip Hop Beat
08-22 17:16:57.178 I/MpvEvent(17565): [PlaybackTrace][Native][eventLoop] event_id=2 error=0
08-22 17:16:57.178 I/MpvEvent(17565): [PlaybackTrace][Native][mpv-log] prefix=display-tags level=info text= Track: 62
08-22 17:16:57.178 I/MpvEvent(17565): [PlaybackTrace][Native][eventLoop] event_id=2 error=0
08-22 17:16:57.178 I/MpvEvent(17565): [PlaybackTrace][Native][mpv-log] prefix=vd level=v text=Container reported FPS: 1.000000
08-22 17:16:57.178 I/MpvEvent(17565): [PlaybackTrace][Native][eventLoop] event_id=2 error=0
08-22 17:16:57.178 I/MpvEvent(17565): [PlaybackTrace][Native][mpv-log] prefix=vd level=v text=Codec list:
08-22 17:16:57.178 I/MpvEvent(17565): [PlaybackTrace][Native][eventLoop] event_id=2 error=0
08-22 17:16:57.178 I/MpvEvent(17565): [PlaybackTrace][Native][mpv-log] prefix=vd level=v text=    mjpeg - MJPEG (Motion JPEG)
08-22 17:16:57.178 I/MpvEvent(17565): [PlaybackTrace][Native][eventLoop] event_id=2 error=0
08-22 17:16:57.178 I/MpvEvent(17565): [PlaybackTrace][Native][mpv-log] prefix=vd level=v text=Opening decoder mjpeg
08-22 17:16:57.178 I/MpvEvent(17565): [PlaybackTrace][Native][eventLoop] event_id=2 error=0
08-22 17:16:57.178 I/MpvEvent(17565): [PlaybackTrace][Native][mpv-log] prefix=vd level=v text=Not trying to use hardware decoding: codec mjpeg is not on whitelist.
08-22 17:16:57.178 I/MpvEvent(17565): [PlaybackTrace][Native][eventLoop] event_id=2 error=0
08-22 17:16:57.178 I/MpvEvent(17565): [PlaybackTrace][Native][mpv-log] prefix=vd level=v text=Using software decoding.
08-22 17:16:57.179 I/MpvEvent(17565): [PlaybackTrace][Native][eventLoop] event_id=2 error=0
08-22 17:16:57.180 I/MpvEvent(17565): [PlaybackTrace][Native][mpv-log] prefix=vd level=v text=Detected 4 logical cores.
08-22 17:16:57.186 I/MpvEvent(17565): [PlaybackTrace][Native][eventLoop] event_id=2 error=0
08-22 17:16:57.186 I/MpvEvent(17565): [PlaybackTrace][Native][mpv-log] prefix=vd level=v text=Requesting 5 threads for decoding.
08-22 17:16:57.186 I/MpvEvent(17565): [PlaybackTrace][Native][eventLoop] event_id=2 error=0
08-22 17:16:57.186 I/MpvEvent(17565): [PlaybackTrace][Native][mpv-log] prefix=vd level=v text=Selected decoder: mjpeg - MJPEG (Motion JPEG)
08-22 17:16:57.186 I/MpvEvent(17565): [PlaybackTrace][Native][eventLoop] event_id=2 error=0
08-22 17:16:57.186 I/MpvEvent(17565): [PlaybackTrace][Native][mpv-log] prefix=vf level=v text=User filter list:
08-22 17:16:57.186 I/MpvEvent(17565): [PlaybackTrace][Native][eventLoop] event_id=2 error=0
08-22 17:16:57.186 I/MpvEvent(17565): [PlaybackTrace][Native][mpv-log] prefix=vf level=v text=  (empty)
08-22 17:16:57.186 I/MpvEvent(17565): [PlaybackTrace][Native][eventLoop] event_id=2 error=0
08-22 17:16:57.186 I/MpvEvent(17565): [PlaybackTrace][Native][mpv-log] prefix=ad level=v text=Codec list:
08-22 17:16:57.186 I/MpvEvent(17565): [PlaybackTrace][Native][eventLoop] event_id=2 error=0
08-22 17:16:57.186 I/MpvEvent(17565): [PlaybackTrace][Native][mpv-log] prefix=ad level=v text=    mp3float (mp3) - MP3 (MPEG audio layer 3)
08-22 17:16:57.186 I/MpvEvent(17565): [PlaybackTrace][Native][eventLoop] event_id=2 error=0
08-22 17:16:57.186 I/MpvEvent(17565): [PlaybackTrace][Native][mpv-log] prefix=ad level=v text=    mp3 - MP3 (MPEG audio layer 3)
08-22 17:16:57.186 I/MpvEvent(17565): [PlaybackTrace][Native][eventLoop] event_id=2 error=0
08-22 17:16:57.186 I/MpvEvent(17565): [PlaybackTrace][Native][mpv-log] prefix=ad level=v text=    mp3_mediacodec (mp3) - MP3 Android MediaCodec decoder
08-22 17:16:57.186 I/MpvEvent(17565): [PlaybackTrace][Native][eventLoop] event_id=2 error=0
08-22 17:16:57.186 I/MpvEvent(17565): [PlaybackTrace][Native][mpv-log] prefix=ad level=v text=Opening decoder mp3float
08-22 17:16:57.186 I/MpvEvent(17565): [PlaybackTrace][Native][eventLoop] event_id=2 error=0
08-22 17:16:57.186 I/MpvEvent(17565): [PlaybackTrace][Native][mpv-log] prefix=ad level=v text=Requesting 1 threads for decoding.
08-22 17:16:57.186 I/MpvEvent(17565): [PlaybackTrace][Native][eventLoop] event_id=2 error=0
08-22 17:16:57.186 I/MpvEvent(17565): [PlaybackTrace][Native][mpv-log] prefix=ad level=v text=Selected decoder: mp3float - MP3 (MPEG audio layer 3)
08-22 17:16:57.186 I/MpvEvent(17565): [PlaybackTrace][Native][eventLoop] event_id=2 error=0
08-22 17:16:57.186 I/MpvEvent(17565): [PlaybackTrace][Native][mpv-log] prefix=af level=v text=User filter list:
08-22 17:16:57.186 I/MpvEvent(17565): [PlaybackTrace][Native][eventLoop] event_id=2 error=0
08-22 17:16:57.186 I/MpvEvent(17565): [PlaybackTrace][Native][mpv-log] prefix=af level=v text=  (empty)
08-22 17:16:57.186 I/MpvEvent(17565): [PlaybackTrace][Native][eventLoop] event_id=2 error=0
08-22 17:16:57.186 I/MpvEvent(17565): [PlaybackTrace][Native][mpv-log] prefix=cplayer level=info text=Displaying cover art. Use --no-audio-display to prevent this.
08-22 17:16:57.186 D/mpv     (17565): [cplayer] info: Displaying cover art. Use --no-audio-display to prevent this.
08-22 17:16:57.186 I/MpvEvent(17565): [PlaybackTrace][Native][eventLoop] event_id=2 error=0
08-22 17:16:57.186 I/MpvEvent(17565): [PlaybackTrace][Native][mpv-log] prefix=cplayer level=v text=Starting playback...
08-22 17:16:57.186 D/mpv     (17565): [cplayer] v: Starting playback...
08-22 17:16:57.186 I/MpvEvent(17565): [PlaybackTrace][Native][eventLoop] event_id=2 error=0
08-22 17:16:57.186 I/MpvEvent(17565): [PlaybackTrace][Native][mpv-log] prefix=vd level=v text=DR failed - disabling.
08-22 17:16:57.186 I/MpvEvent(17565): [PlaybackTrace][Native][eventLoop] event_id=2 error=0
08-22 17:16:57.186 I/MpvEvent(17565): [PlaybackTrace][Native][mpv-log] prefix=ffmpeg/video level=error text=mjpeg: overread 8
08-22 17:16:57.186 E/MpvEvent(17565): [PlaybackTrace][Native][dispatch:error] code=-1 message=mjpeg: overread 8
08-22 17:16:57.193 E/MpvBridgeModule(17565): [PlaybackTrace][Bridge][listener:error] code=-1 message=mjpeg: overread 8
08-22 17:16:57.194 I/MpvEvent(17565): [PlaybackTrace][Native][eventLoop] event_id=2 error=0
08-22 17:16:57.194 I/MpvEvent(17565): [PlaybackTrace][Native][mpv-log] prefix=ffmpeg/video level=warn text=mjpeg: EOI missing, emulating
08-22 17:16:57.194 I/MpvEvent(17565): [PlaybackTrace][Native][eventLoop] event_id=2 error=0
08-22 17:16:57.194 I/MpvEvent(17565): [PlaybackTrace][Native][mpv-log] prefix=vd level=v text=Using software decoding.
08-22 17:16:57.194 I/MpvEvent(17565): [PlaybackTrace][Native][eventLoop] event_id=2 error=0
08-22 17:16:57.194 I/MpvEvent(17565): [PlaybackTrace][Native][mpv-log] prefix=vd level=v text=Decoder format: 400x400 yuv420p bt.601/auto/auto/full/auto CL=mpeg1/jpeg crop=400x400+0+0 A=none
08-22 17:16:57.194 I/MpvEvent(17565): [PlaybackTrace][Native][eventLoop] event_id=18 error=0
08-22 17:16:57.194 I/MpvEvent(17565): [PlaybackTrace][Native][eventLoop] MPV_EVENT_AUDIO_RECONFIG
08-22 17:16:57.194 I/MpvEvent(17565): [PlaybackTrace][Native][dispatch:event] name=audioReconfig payload={}
08-22 17:16:57.195 I/MpvBridgeModule(17565): [PlaybackTrace][Bridge][listener:event] name=audioReconfig payload={}
08-22 17:16:57.197 I/MpvEvent(17565): [PlaybackTrace][Native][eventLoop] event_id=17 error=0
08-22 17:16:57.197 I/MpvEvent(17565): MPV_EVENT_VIDEO_RECONFIG
08-22 17:16:57.197 I/MpvEvent(17565): [PlaybackTrace][Native][dispatch:event] name=videoReconfig payload={}
08-22 17:16:57.197 I/MpvBridgeModule(17565): [PlaybackTrace][Bridge][listener:event] name=videoReconfig payload={}
08-22 17:16:57.199 I/MpvEvent(17565): [PlaybackTrace][Native][eventLoop] event_id=2 error=0
08-22 17:16:57.200 I/MpvEvent(17565): [PlaybackTrace][Native][mpv-log] prefix=vf level=v text=[in] 400x400 yuv420p bt.601/bt.709/srgb/full/display CL=mpeg1/jpeg crop=400x400+0+0 A=none
08-22 17:16:57.200 I/MpvEvent(17565): [PlaybackTrace][Native][eventLoop] event_id=2 error=0
08-22 17:16:57.200 I/MpvEvent(17565): [PlaybackTrace][Native][mpv-log] prefix=vf level=v text=[userdeint] 400x400 yuv420p bt.601/bt.709/srgb/full/display CL=mpeg1/jpeg crop=400x400+0+0 A=none
08-22 17:16:57.200 I/MpvEvent(17565): [PlaybackTrace][Native][eventLoop] event_id=2 error=0
08-22 17:16:57.200 I/MpvEvent(17565): [PlaybackTrace][Native][mpv-log] prefix=vf level=v text=[userdeint] (disabled)
08-22 17:16:57.200 I/MpvEvent(17565): [PlaybackTrace][Native][eventLoop] event_id=2 error=0
08-22 17:16:57.200 I/MpvEvent(17565): [PlaybackTrace][Native][mpv-log] prefix=vf level=v text=[autovflip] 400x400 yuv420p bt.601/bt.709/srgb/full/display CL=mpeg1/jpeg crop=400x400+0+0 A=none
08-22 17:16:57.200 I/MpvEvent(17565): [PlaybackTrace][Native][eventLoop] event_id=2 error=0
08-22 17:16:57.200 I/MpvEvent(17565): [PlaybackTrace][Native][mpv-log] prefix=vf level=v text=[autovflip] (disabled)
08-22 17:16:57.200 I/MpvEvent(17565): [PlaybackTrace][Native][eventLoop] event_id=2 error=0
08-22 17:16:57.200 I/MpvEvent(17565): [PlaybackTrace][Native][mpv-log] prefix=vf level=v text=[autorotate] 400x400 yuv420p bt.601/bt.709/srgb/full/display CL=mpeg1/jpeg crop=400x400+0+0 A=none
08-22 17:16:57.204 I/MpvEvent(17565): [PlaybackTrace][Native][eventLoop] event_id=2 error=0
08-22 17:16:57.206 I/MpvEvent(17565): [PlaybackTrace][Native][mpv-log] prefix=vf level=v text=[autorotate] (disabled)
08-22 17:16:57.212 I/MpvEvent(17565): [PlaybackTrace][Native][eventLoop] event_id=2 error=0
08-22 17:16:57.212 I/MpvEvent(17565): [PlaybackTrace][Native][mpv-log] prefix=vf level=v text=[convert] 400x400 yuv420p bt.601/bt.709/srgb/full/display CL=mpeg1/jpeg crop=400x400+0+0 A=none
08-22 17:16:57.213 I/MpvEvent(17565): [PlaybackTrace][Native][eventLoop] event_id=2 error=0
08-22 17:16:57.216 I/MpvEvent(17565): [PlaybackTrace][Native][mpv-log] prefix=vf level=v text=[convert] (disabled)
08-22 17:16:57.220 I/MpvEvent(17565): [PlaybackTrace][Native][eventLoop] event_id=2 error=0
08-22 17:16:57.220 I/MpvEvent(17565): [PlaybackTrace][Native][mpv-log] prefix=vf level=v text=[out] 400x400 yuv420p bt.601/bt.709/srgb/full/display CL=mpeg1/jpeg crop=400x400+0+0 A=none
08-22 17:16:57.220 I/MpvEvent(17565): [PlaybackTrace][Native][eventLoop] event_id=2 error=0
08-22 17:16:57.221 I/MpvEvent(17565): [PlaybackTrace][Native][mpv-log] prefix=af level=v text=[in] 44100Hz stereo 2ch floatp
08-22 17:16:57.223 I/MpvEvent(17565): [PlaybackTrace][Native][eventLoop] event_id=2 error=0
08-22 17:16:57.223 I/MpvEvent(17565): [PlaybackTrace][Native][mpv-log] prefix=af level=v text=[userspeed] 44100Hz stereo 2ch floatp
08-22 17:16:57.224 I/MpvEvent(17565): [PlaybackTrace][Native][eventLoop] event_id=2 error=0
08-22 17:16:57.224 I/MpvEvent(17565): [PlaybackTrace][Native][mpv-log] prefix=af level=v text=[userspeed] (disabled)
08-22 17:16:57.224 I/MpvEvent(17565): [PlaybackTrace][Native][eventLoop] event_id=2 error=0
08-22 17:16:57.224 I/MpvEvent(17565): [PlaybackTrace][Native][mpv-log] prefix=af level=v text=[convert] 44100Hz stereo 2ch floatp
08-22 17:16:57.224 I/MpvEvent(17565): [PlaybackTrace][Native][eventLoop] event_id=2 error=0
08-22 17:16:57.225 I/MpvEvent(17565): [PlaybackTrace][Native][mpv-log] prefix=cplayer level=v text=first video frame after restart shown
08-22 17:16:57.225 D/mpv     (17565): [cplayer] v: first video frame after restart shown
08-22 17:16:57.225 I/MpvEvent(17565): [PlaybackTrace][Native][eventLoop] event_id=2 error=0
08-22 17:16:57.227 I/MpvEvent(17565): [PlaybackTrace][Native][mpv-log] prefix=ao level=v text=Trying audio driver 'audiotrack'
08-22 17:16:57.227 I/MpvEvent(17565): [PlaybackTrace][Native][eventLoop] event_id=2 error=0
08-22 17:16:57.227 I/MpvEvent(17565): [PlaybackTrace][Native][mpv-log] prefix=ao/audiotrack level=v text=requested format: 44100 Hz, stereo channels, floatp
08-22 17:16:57.227 D/mpv     (17565): [ao/audiotrack] v: requested format: 44100 Hz, stereo channels, floatp
08-22 17:16:57.227 I/MpvEvent(17565): [PlaybackTrace][Native][eventLoop] event_id=2 error=0
08-22 17:16:57.227 I/MpvEvent(17565): [PlaybackTrace][Native][mpv-log] prefix=ao/audiotrack level=v text=AudioTrack.nativeOutputSampleRate = 48000
08-22 17:16:57.227 D/mpv     (17565): [ao/audiotrack] v: AudioTrack.nativeOutputSampleRate = 48000
08-22 17:16:57.227 I/MpvEvent(17565): [PlaybackTrace][Native][eventLoop] event_id=2 error=0
08-22 17:16:57.227 I/MpvEvent(17565): [PlaybackTrace][Native][mpv-log] prefix=ao/audiotrack level=v text=Channel layouts:
08-22 17:16:57.227 D/mpv     (17565): [ao/audiotrack] v: Channel layouts:
08-22 17:16:57.227 I/MpvEvent(17565): [PlaybackTrace][Native][eventLoop] event_id=2 error=0
08-22 17:16:57.228 I/MpvEvent(17565): [PlaybackTrace][Native][mpv-log] prefix=ao/audiotrack level=v text= - mono
08-22 17:16:57.228 D/mpv     (17565): [ao/audiotrack] v:  - mono
08-22 17:16:57.228 I/MpvEvent(17565): [PlaybackTrace][Native][eventLoop] event_id=2 error=0
08-22 17:16:57.228 I/MpvEvent(17565): [PlaybackTrace][Native][mpv-log] prefix=ao/audiotrack level=v text= - stereo
08-22 17:16:57.228 D/mpv     (17565): [ao/audiotrack] v:  - stereo
08-22 17:16:57.228 I/MpvEvent(17565): [PlaybackTrace][Native][eventLoop] event_id=2 error=0
08-22 17:16:57.228 I/MpvEvent(17565): [PlaybackTrace][Native][mpv-log] prefix=ao/audiotrack level=v text= - 3.0
08-22 17:16:57.228 D/mpv     (17565): [ao/audiotrack] v:  - 3.0
08-22 17:16:57.229 I/MpvEvent(17565): [PlaybackTrace][Native][eventLoop] event_id=2 error=0
08-22 17:16:57.230 I/MpvEvent(17565): [PlaybackTrace][Native][mpv-log] prefix=ao/audiotrack level=v text= - quad
08-22 17:16:57.232 D/mpv     (17565): [ao/audiotrack] v:  - quad
08-22 17:16:57.233 I/MpvEvent(17565): [PlaybackTrace][Native][eventLoop] event_id=2 error=0
08-22 17:16:57.237 I/MpvEvent(17565): [PlaybackTrace][Native][mpv-log] prefix=ao/audiotrack level=v text= - 5.0
08-22 17:16:57.240 D/mpv     (17565): [ao/audiotrack] v:  - 5.0
08-22 17:16:57.242 I/MpvEvent(17565): [PlaybackTrace][Native][eventLoop] event_id=2 error=0
08-22 17:16:57.242 I/MpvEvent(17565): [PlaybackTrace][Native][mpv-log] prefix=ao/audiotrack level=v text= - 5.1
08-22 17:16:57.242 D/mpv     (17565): [ao/audiotrack] v:  - 5.1
08-22 17:16:57.242 I/MpvEvent(17565): [PlaybackTrace][Native][eventLoop] event_id=2 error=0
08-22 17:16:57.242 I/MpvEvent(17565): [PlaybackTrace][Native][mpv-log] prefix=ao/audiotrack level=v text= - 6.1(back)
08-22 17:16:57.242 D/mpv     (17565): [ao/audiotrack] v:  - 6.1(back)
08-22 17:16:57.242 I/MpvEvent(17565): [PlaybackTrace][Native][eventLoop] event_id=2 error=0
08-22 17:16:57.242 I/MpvEvent(17565): [PlaybackTrace][Native][mpv-log] prefix=ao/audiotrack level=v text= - 7.1
08-22 17:16:57.242 D/mpv     (17565): [ao/audiotrack] v:  - 7.1
08-22 17:16:57.242 I/MpvEvent(17565): [PlaybackTrace][Native][eventLoop] event_id=2 error=0
08-22 17:16:57.242 I/MpvEvent(17565): [PlaybackTrace][Native][mpv-log] prefix=ao/audiotrack level=v text=result: stereo
08-22 17:16:57.242 D/mpv     (17565): [ao/audiotrack] v: result: stereo
08-22 17:16:57.243 I/MpvEvent(17565): [PlaybackTrace][Native][eventLoop] event_id=2 error=0
08-22 17:16:57.243 I/MpvEvent(17565): [PlaybackTrace][Native][mpv-log] prefix=ao/audiotrack level=v text=Setting bufferSize = 52920 (driver=32096, min=26460, max=52920)
08-22 17:16:57.243 D/mpv     (17565): [ao/audiotrack] v: Setting bufferSize = 52920 (driver=32096, min=26460, max=52920)
08-22 17:16:57.243 I/MpvEvent(17565): [PlaybackTrace][Native][eventLoop] event_id=2 error=0
08-22 17:16:57.243 I/MpvEvent(17565): [PlaybackTrace][Native][mpv-log] prefix=ao/audiotrack level=v text=Using NIO ByteBuffer
08-22 17:16:57.243 D/mpv     (17565): [ao/audiotrack] v: Using NIO ByteBuffer
08-22 17:16:57.243 I/MpvEvent(17565): [PlaybackTrace][Native][eventLoop] event_id=2 error=0
08-22 17:16:57.243 I/MpvEvent(17565): [PlaybackTrace][Native][mpv-log] prefix=ao/audiotrack level=v text=Using API21 initializer
08-22 17:16:57.243 D/mpv     (17565): [ao/audiotrack] v: Using API21 initializer
08-22 17:16:57.243 I/MpvEvent(17565): [PlaybackTrace][Native][eventLoop] event_id=2 error=0
08-22 17:16:57.250 I/MpvEvent(17565): [PlaybackTrace][Native][mpv-log] prefix=ao/audiotrack level=v text=AudioTrack.getBufferSizeInFrames = 6615
08-22 17:16:57.250 D/mpv     (17565): [ao/audiotrack] v: AudioTrack.getBufferSizeInFrames = 6615
08-22 17:16:57.253 I/MpvEvent(17565): [PlaybackTrace][Native][eventLoop] event_id=2 error=0
08-22 17:16:57.254 I/MpvEvent(17565): [PlaybackTrace][Native][mpv-log] prefix=ao/audiotrack level=v text=device buffer: 6615 samples.
08-22 17:16:57.254 D/mpv     (17565): [ao/audiotrack] v: device buffer: 6615 samples.
08-22 17:16:57.254 I/MpvEvent(17565): [PlaybackTrace][Native][eventLoop] event_id=2 error=0
08-22 17:16:57.254 I/MpvEvent(17565): [PlaybackTrace][Native][mpv-log] prefix=ao/audiotrack level=v text=using soft-buffer of 8820 samples.
08-22 17:16:57.254 D/mpv     (17565): [ao/audiotrack] v: using soft-buffer of 8820 samples.
08-22 17:16:57.254 I/MpvEvent(17565): [PlaybackTrace][Native][eventLoop] event_id=2 error=0
08-22 17:16:57.254 I/MpvEvent(17565): [PlaybackTrace][Native][mpv-log] prefix=cplayer level=info text=AO: [audiotrack] 44100Hz stereo 2ch float
08-22 17:16:57.254 D/mpv     (17565): [cplayer] info: AO: [audiotrack] 44100Hz stereo 2ch float
08-22 17:16:57.254 I/MpvEvent(17565): [PlaybackTrace][Native][eventLoop] event_id=2 error=0
08-22 17:16:57.255 I/MpvEvent(17565): [PlaybackTrace][Native][mpv-log] prefix=cplayer level=v text=AO: Description: Android AudioTrack audio output
08-22 17:16:57.257 D/mpv     (17565): [cplayer] v: AO: Description: Android AudioTrack audio output
08-22 17:16:57.259 I/MpvEvent(17565): [PlaybackTrace][Native][eventLoop] event_id=2 error=0
08-22 17:16:57.261 I/MpvEvent(17565): [PlaybackTrace][Native][mpv-log] prefix=autoconvert level=v text=inserting resampler
08-22 17:16:57.262 I/MpvEvent(17565): [PlaybackTrace][Native][eventLoop] event_id=2 error=0
08-22 17:16:57.262 I/MpvEvent(17565): [PlaybackTrace][Native][mpv-log] prefix=swresample level=v text=format change, reinitializing resampler
08-22 17:16:57.265 I/MpvEvent(17565): [PlaybackTrace][Native][eventLoop] event_id=2 error=0
08-22 17:16:57.265 I/MpvEvent(17565): [PlaybackTrace][Native][mpv-log] prefix=swresample level=v text=44100Hz stereo floatp -> 44100Hz stereo float
08-22 17:16:57.266 I/MpvEvent(17565): [PlaybackTrace][Native][eventLoop] event_id=2 error=0
08-22 17:16:57.266 I/MpvEvent(17565): [PlaybackTrace][Native][mpv-log] prefix=af level=v text=[out] 44100Hz stereo 2ch float
08-22 17:16:57.300 I/MpvEvent(17565): [PlaybackTrace][Native][eventLoop] event_id=22 error=0
08-22 17:16:57.300 I/MpvEvent(17565): [PlaybackTrace][Native][property] name=cache-buffering-state format=6 value=null
08-22 17:16:57.300 I/MpvEvent(17565): [PlaybackTrace][Native][dispatch:property] name=cache-buffering-state value=null
08-22 17:16:57.310 D/MPVLib  (17565): onNativePropertyChanged: cache-buffering-state = null
08-22 17:16:57.313 I/MpvBridgeModule(17565): [PlaybackTrace][Bridge][listener:property] name=cache-buffering-state value=null
08-22 17:16:57.364 I/MpvEvent(17565): [PlaybackTrace][Native][eventLoop] event_id=22 error=0
08-22 17:16:57.365 I/MpvEvent(17565): [PlaybackTrace][Native][property] name=paused-for-cache format=6 value=null
08-22 17:16:57.365 I/MpvEvent(17565): [PlaybackTrace][Native][dispatch:property] name=paused-for-cache value=null
08-22 17:16:57.369 D/MPVLib  (17565): onNativePropertyChanged: paused-for-cache = null
08-22 17:16:57.370 I/MpvBridgeModule(17565): [PlaybackTrace][Bridge][listener:property] name=paused-for-cache value=null
08-22 17:16:57.375 I/MpvEvent(17565): [PlaybackTrace][Native][eventLoop] event_id=22 error=0
08-22 17:16:57.376 I/MpvEvent(17565): [PlaybackTrace][Native][property] name=demuxer-cache-state format=6 value=null
08-22 17:16:57.376 I/MpvEvent(17565): [PlaybackTrace][Native][dispatch:property] name=demuxer-cache-state value=null
08-22 17:16:57.386 I/MpvBridgeModule(17565): [PlaybackTrace][Bridge][listener:property] name=demuxer-cache-state value=null
08-22 17:16:57.460 I/MpvJNI  (17565): [PlaybackTrace][Native][getDuration] result=0 duration=149.696033
08-22 17:16:57.460 D/MpvBridgeModule(17565): [PlaybackTrace][Bridge][getDuration] ptr=131217388352464 duration=149.69603333333333
08-22 17:16:57.538 I/MpvEvent(17565): [PlaybackTrace][Native][eventLoop] event_id=22 error=0
08-22 17:16:57.538 I/MpvEvent(17565): [PlaybackTrace][Native][property] name=demuxer-cache-state format=6 value=null
08-22 17:16:57.538 I/MpvEvent(17565): [PlaybackTrace][Native][dispatch:property] name=demuxer-cache-state value=null
08-22 17:16:57.545 I/MpvBridgeModule(17565): [PlaybackTrace][Bridge][listener:property] name=demuxer-cache-state value=null
08-22 17:16:57.568 I/MpvEvent(17565): [PlaybackTrace][Native][eventLoop] event_id=2 error=0
08-22 17:16:57.568 I/MpvEvent(17565): [PlaybackTrace][Native][mpv-log] prefix=cplayer level=v text=audio ready
08-22 17:16:57.568 D/mpv     (17565): [cplayer] v: audio ready
08-22 17:16:57.568 I/MpvEvent(17565): [PlaybackTrace][Native][eventLoop] event_id=2 error=0
08-22 17:16:57.568 I/MpvEvent(17565): [PlaybackTrace][Native][mpv-log] prefix=cplayer level=v text=starting audio playback
08-22 17:16:57.568 D/mpv     (17565): [cplayer] v: starting audio playback
08-22 17:16:57.571 I/MpvEvent(17565): [PlaybackTrace][Native][eventLoop] event_id=21 error=0
08-22 17:16:57.571 I/MpvEvent(17565): [PlaybackTrace][Native][eventLoop] MPV_EVENT_PLAYBACK_RESTART
08-22 17:16:57.571 I/MpvEvent(17565): [PlaybackTrace][Native][dispatch:event] name=playbackRestart payload={}
08-22 17:16:57.573 I/MpvBridgeModule(17565): [PlaybackTrace][Bridge][listener:event] name=playbackRestart payload={}
08-22 17:16:57.574 I/MpvEvent(17565): [PlaybackTrace][Native][eventLoop] event_id=2 error=0
08-22 17:16:57.574 I/MpvEvent(17565): [PlaybackTrace][Native][mpv-log] prefix=cplayer level=v text=playback restart complete @ 0.000001, audio=playing, video=eof
08-22 17:16:57.574 D/mpv     (17565): [cplayer] v: playback restart complete @ 0.000001, audio=playing, video=eof
08-22 17:16:57.582 I/MpvEvent(17565): [PlaybackTrace][Native][eventLoop] event_id=2 error=0
08-22 17:16:57.582 I/MpvEvent(17565): [PlaybackTrace][Native][mpv-log] prefix=cplayer level=warn text=Audio device underrun detected.
08-22 17:16:57.593 D/mpv     (17565): [cplayer] warn: Audio device underrun detected.
08-22 17:16:57.593 I/MpvEvent(17565): [PlaybackTrace][Native][eventLoop] event_id=2 error=0
08-22 17:16:57.593 I/MpvEvent(17565): [PlaybackTrace][Native][mpv-log] prefix=cplayer level=v text=restarting audio after underrun
08-22 17:16:57.593 D/mpv     (17565): [cplayer] v: restarting audio after underrun
08-22 17:16:57.717 I/MpvEvent(17565): [PlaybackTrace][Native][eventLoop] event_id=22 error=0
08-22 17:16:57.718 I/MpvEvent(17565): [PlaybackTrace][Native][property] name=demuxer-cache-state format=6 value=null
08-22 17:16:57.718 I/MpvEvent(17565): [PlaybackTrace][Native][dispatch:property] name=demuxer-cache-state value=null
08-22 17:16:57.723 I/MpvBridgeModule(17565): [PlaybackTrace][Bridge][listener:property] name=demuxer-cache-state value=null
08-22 17:16:57.900 I/MpvJNI  (17565): [PlaybackTrace][Native][getPosition] result=0 position=0.186775
08-22 17:16:57.900 D/MpvBridgeModule(17565): [PlaybackTrace][Bridge][getPosition] ptr=131217388352464 position=0.1867746030907027
08-22 17:16:57.900 I/MpvJNI  (17565): [PlaybackTrace][Native][getDuration] result=0 duration=149.696033
08-22 17:16:57.900 D/MpvBridgeModule(17565): [PlaybackTrace][Bridge][getDuration] ptr=131217388352464 duration=149.69603333333333
08-22 17:16:57.900 D/MpvBridgeModule(17565): [PlaybackTrace][Bridge][getPlaybackState] ptr=131217388352464 state=playing idle=false eof=false pause=false
08-22 17:16:57.919 I/MpvJNI  (17565): [PlaybackTrace][Native][getDuration] result=0 duration=149.696033
08-22 17:16:57.919 D/MpvBridgeModule(17565): [PlaybackTrace][Bridge][getDuration] ptr=131217388352464 duration=149.69603333333333
08-22 17:16:57.965 I/MpvEvent(17565): [PlaybackTrace][Native][eventLoop] event_id=22 error=0
08-22 17:16:57.965 I/MpvEvent(17565): [PlaybackTrace][Native][property] name=demuxer-cache-state format=6 value=null
08-22 17:16:57.965 I/MpvEvent(17565): [PlaybackTrace][Native][dispatch:property] name=demuxer-cache-state value=null
08-22 17:16:57.965 I/MpvBridgeModule(17565): [PlaybackTrace][Bridge][listener:property] name=demuxer-cache-state value=null
08-22 17:16:58.102 I/MpvJNI  (17565): [PlaybackTrace][Native][getPosition] result=0 position=0.469372
08-22 17:16:58.103 D/MpvBridgeModule(17565): [PlaybackTrace][Bridge][getPosition] ptr=131217388352464 position=0.4693722100907025
08-22 17:16:58.103 I/MpvJNI  (17565): [PlaybackTrace][Native][getDuration] result=0 duration=149.696033
08-22 17:16:58.103 D/MpvBridgeModule(17565): [PlaybackTrace][Bridge][getDuration] ptr=131217388352464 duration=149.69603333333333
08-22 17:16:58.103 D/MpvBridgeModule(17565): [PlaybackTrace][Bridge][getPlaybackState] ptr=131217388352464 state=playing idle=false eof=false pause=false
08-22 17:16:58.118 I/MpvJNI  (17565): [PlaybackTrace][Native][getDuration] result=0 duration=149.696033
08-22 17:16:58.118 D/MpvBridgeModule(17565): [PlaybackTrace][Bridge][getDuration] ptr=131217388352464 duration=149.69603333333333
08-22 17:16:58.222 I/MpvEvent(17565): [PlaybackTrace][Native][eventLoop] event_id=22 error=0
08-22 17:16:58.222 I/MpvEvent(17565): [PlaybackTrace][Native][property] name=demuxer-cache-state format=6 value=null
08-22 17:16:58.222 I/MpvEvent(17565): [PlaybackTrace][Native][dispatch:property] name=demuxer-cache-state value=null
08-22 17:16:58.223 I/MpvBridgeModule(17565): [PlaybackTrace][Bridge][listener:property] name=demuxer-cache-state value=null
08-22 17:16:58.298 I/MpvJNI  (17565): [PlaybackTrace][Native][getDuration] result=0 duration=149.696033
08-22 17:16:58.298 D/MpvBridgeModule(17565): [PlaybackTrace][Bridge][getDuration] ptr=131217388352464 duration=149.69603333333333
08-22 17:16:58.471 I/MpvEvent(17565): [PlaybackTrace][Native][eventLoop] event_id=22 error=0
08-22 17:16:58.472 I/MpvEvent(17565): [PlaybackTrace][Native][property] name=demuxer-cache-state format=6 value=null
08-22 17:16:58.472 I/MpvEvent(17565): [PlaybackTrace][Native][dispatch:property] name=demuxer-cache-state value=null
08-22 17:16:58.473 I/MpvBridgeModule(17565): [PlaybackTrace][Bridge][listener:property] name=demuxer-cache-state value=null
08-22 17:16:58.490 I/MpvJNI  (17565): [PlaybackTrace][Native][getDuration] result=0 duration=149.696033
08-22 17:16:58.490 D/MpvBridgeModule(17565): [PlaybackTrace][Bridge][getDuration] ptr=131217388352464 duration=149.69603333333333
08-22 17:16:58.619 I/MpvJNI  (17565): [PlaybackTrace][Native][getPosition] result=0 position=0.935083
08-22 17:16:58.619 D/MpvBridgeModule(17565): [PlaybackTrace][Bridge][getPosition] ptr=131217388352464 position=0.9350827020907042
08-22 17:16:58.619 I/MpvJNI  (17565): [PlaybackTrace][Native][getDuration] result=0 duration=149.696033
08-22 17:16:58.619 D/MpvBridgeModule(17565): [PlaybackTrace][Bridge][getDuration] ptr=131217388352464 duration=149.69603333333333
08-22 17:16:58.619 D/MpvBridgeModule(17565): [PlaybackTrace][Bridge][getPlaybackState] ptr=131217388352464 state=playing idle=false eof=false pause=false
08-22 17:16:58.628 I/MpvJNI  (17565): [PlaybackTrace][Native][getDuration] result=0 duration=149.696033
08-22 17:16:58.628 D/MpvBridgeModule(17565): [PlaybackTrace][Bridge][getDuration] ptr=131217388352464 duration=149.69603333333333
08-22 17:16:58.720 I/MpvEvent(17565): [PlaybackTrace][Native][eventLoop] event_id=22 error=0
08-22 17:16:58.720 I/MpvEvent(17565): [PlaybackTrace][Native][property] name=demuxer-cache-state format=6 value=null
08-22 17:16:58.720 I/MpvEvent(17565): [PlaybackTrace][Native][dispatch:property] name=demuxer-cache-state value=null
08-22 17:16:58.721 I/MpvBridgeModule(17565): [PlaybackTrace][Bridge][listener:property] name=demuxer-cache-state value=null
08-22 17:16:58.743 I/ReactNativeJS(17565): '[INFO]', '[PlaybackTrace][Controller][loadAndResume:before]', { uri: 'https://prod-1.storage.jamendo.com/?trackid=1593988&format=mp31&from=%2FV3E9Qwm8kkOD6hbkNYXkg%3D%3D%7CMJJdmScXeWFhFQqasgwXjQ%3D%3D',
08-22 17:16:58.743 I/ReactNativeJS(17565): '[INFO]', '[PlaybackTrace][JS][loadFile:call]', { requestedPath: 'https://prod-1.storage.jamendo.com/?trackid=1593988&format=mp31&from=%2FV3E9Qwm8kkOD6hbkNYXkg%3D%3D%7CMJJdmScXeWFhFQqasgwXjQ%3D%3D',
08-22 17:16:58.744 I/MpvBridgeModule(17565): [PlaybackTrace][Bridge][loadFile] requested=https://prod-1.storage.jamendo.com/?trackid=1593988&format=mp31&from=%2FV3E9Qwm8kkOD6hbkNYXkg%3D%3D%7CMJJdmScXeWFhFQqasgwXjQ%3D%3D resolved=https://prod-1.storage.jamendo.com/?trackid=1593988&format=mp31&from=%2FV3E9Qwm8kkOD6hbkNYXkg%3D%3D%7CMJJdmScXeWFhFQqasgwXjQ%3D%3D ptr=131217388352464
08-22 17:16:58.744 I/MpvJNI  (17565): [PlaybackTrace][Native][loadFile] begin path=https://prod-1.storage.jamendo.com/?trackid=1593988&format=mp31&from=%2FV3E9Qwm8kkOD6hbkNYXkg%3D%3D%7CMJJdmScXeWFhFQqasgwXjQ%3D%3D initialized=1
08-22 17:16:58.745 I/MpvJNI  (17565): [PlaybackTrace][Native][loadFile] loadfile command accepted result=0
08-22 17:16:58.745 I/MpvBridgeModule(17565): [PlaybackTrace][Bridge][loadFile] nativeLoadFile returned
08-22 17:16:58.745 I/ReactNativeJS(17565): '[INFO]', '[PlaybackTrace][JS][loadFile:return]', { resolvedPath: 'https://prod-1.storage.jamendo.com/?trackid=1593988&format=mp31&from=%2FV3E9Qwm8kkOD6hbkNYXkg%3D%3D%7CMJJdmScXeWFhFQqasgwXjQ%3D%3D' }
08-22 17:16:58.746 I/ReactNativeJS(17565): '[INFO]', '[PlaybackTrace][Controller][loadAndResume:loaded]', 'https://prod-1.storage.jamendo.com/?trackid=1593988&format=mp31&from=%2FV3E9Qwm8kkOD6hbkNYXkg%3D%3D%7CMJJdmScXeWFhFQqasgwXjQ%3D%3D'
08-22 17:16:58.747 I/MpvEvent(17565): [PlaybackTrace][Native][eventLoop] event_id=2 error=0
08-22 17:16:58.748 I/MpvEvent(17565): [PlaybackTrace][Native][mpv-log] prefix=cplayer level=v text=EOF code: 3  
08-22 17:16:58.748 D/mpv     (17565): [cplayer] v: EOF code: 3  
08-22 17:16:58.748 I/ReactNativeJS(17565): '[INFO]', '[PlaybackTrace][JS][resume:call]'
08-22 17:16:58.750 I/ReactNativeJS(17565): '[INFO]', '[PlaybackTrace][Controller][loadAndResume:resumed]', 'https://prod-1.storage.jamendo.com/?trackid=1593988&format=mp31&from=%2FV3E9Qwm8kkOD6hbkNYXkg%3D%3D%7CMJJdmScXeWFhFQqasgwXjQ%3D%3D'
08-22 17:16:58.752 I/MpvBridgeModule(17565): [PlaybackTrace][Bridge][play] ptr=131217388352464
08-22 17:16:58.756 I/MpvEvent(17565): [PlaybackTrace][Native][eventLoop] event_id=18 error=0
08-22 17:16:58.756 I/MpvEvent(17565): [PlaybackTrace][Native][eventLoop] MPV_EVENT_AUDIO_RECONFIG
08-22 17:16:58.756 I/MpvEvent(17565): [PlaybackTrace][Native][dispatch:event] name=audioReconfig payload={}
08-22 17:16:58.761 I/MpvBridgeModule(17565): [PlaybackTrace][Bridge][listener:event] name=audioReconfig payload={}
08-22 17:16:58.767 I/MpvEvent(17565): [PlaybackTrace][Native][eventLoop] event_id=17 error=0
08-22 17:16:58.767 I/MpvEvent(17565): MPV_EVENT_VIDEO_RECONFIG
08-22 17:16:58.767 I/MpvEvent(17565): [PlaybackTrace][Native][dispatch:event] name=videoReconfig payload={}
08-22 17:16:58.769 I/MpvBridgeModule(17565): [PlaybackTrace][Bridge][listener:event] name=videoReconfig payload={}
08-22 17:16:58.770 I/MpvJNI  (17565): [PlaybackTrace][Native][getDuration] result=-10 duration=0.000000
08-22 17:16:58.770 D/MpvBridgeModule(17565): [PlaybackTrace][Bridge][getDuration] ptr=131217388352464 duration=0.0
08-22 17:16:58.771 I/MpvJNI  (17565): [PlaybackTrace][Native][play] pause=no result=0
08-22 17:16:58.771 I/MpvBridgeModule(17565): [PlaybackTrace][Bridge][play] nativePlay returned
08-22 17:16:58.772 I/MpvEvent(17565): [PlaybackTrace][Native][eventLoop] event_id=18 error=0
08-22 17:16:58.772 I/MpvEvent(17565): [PlaybackTrace][Native][eventLoop] MPV_EVENT_AUDIO_RECONFIG
08-22 17:16:58.772 I/MpvEvent(17565): [PlaybackTrace][Native][dispatch:event] name=audioReconfig payload={}
08-22 17:16:58.773 I/MpvBridgeModule(17565): [PlaybackTrace][Bridge][listener:event] name=audioReconfig payload={}
08-22 17:16:58.773 I/MpvEvent(17565): [PlaybackTrace][Native][eventLoop] event_id=2 error=0
08-22 17:16:58.774 I/MpvEvent(17565): [PlaybackTrace][Native][mpv-log] prefix=cplayer level=v text=Set property: pause="no" -> 1
08-22 17:16:58.774 D/mpv     (17565): [cplayer] v: Set property: pause="no" -> 1
08-22 17:16:58.944 I/MpvEvent(17565): [PlaybackTrace][Native][eventLoop] event_id=7 error=0
08-22 17:16:58.945 E/MpvEvent(17565): [PlaybackTrace][Native][eventLoop] MPV_EVENT_END_FILE reason=2 error=0
08-22 17:16:58.945 I/MpvEvent(17565): [PlaybackTrace][Native][dispatch:event] name=endFile payload={"reason":2,"error":0}
08-22 17:16:58.945 D/MPVLib  (17565): onNativeEvent: endFile {"reason":2,"error":0}
08-22 17:16:58.945 I/MpvBridgeModule(17565): [PlaybackTrace][Bridge][listener:event] name=endFile payload={"reason":2,"error":0}
08-22 17:16:58.946 I/MpvEvent(17565): [PlaybackTrace][Native][eventLoop] event_id=6 error=0
08-22 17:16:58.946 I/MpvEvent(17565): MPV_EVENT_START_FILE
08-22 17:16:58.946 I/MpvEvent(17565): [PlaybackTrace][Native][dispatch:event] name=startFile payload={}
08-22 17:16:58.947 D/MPVLib  (17565): onNativeEvent: startFile {}
08-22 17:16:58.947 I/MpvBridgeModule(17565): [PlaybackTrace][Bridge][listener:event] name=startFile payload={}
08-22 17:16:58.948 I/MpvEvent(17565): [PlaybackTrace][Native][eventLoop] event_id=22 error=0
08-22 17:16:58.948 I/MpvEvent(17565): [PlaybackTrace][Native][eventLoop] property=cache-buffering-state format=NONE
08-22 17:16:58.948 I/MpvEvent(17565): [PlaybackTrace][Native][eventLoop] event_id=22 error=0
08-22 17:16:58.948 I/MpvEvent(17565): [PlaybackTrace][Native][eventLoop] property=paused-for-cache format=NONE
08-22 17:16:58.948 I/MpvEvent(17565): [PlaybackTrace][Native][eventLoop] event_id=22 error=0
08-22 17:16:58.948 I/MpvEvent(17565): [PlaybackTrace][Native][eventLoop] property=demuxer-cache-state format=NONE
08-22 17:16:58.948 I/MpvEvent(17565): [PlaybackTrace][Native][eventLoop] event_id=22 error=0
08-22 17:16:58.948 I/MpvEvent(17565): [PlaybackTrace][Native][eventLoop] property=seekable format=NONE
08-22 17:16:58.948 I/MpvEvent(17565): [PlaybackTrace][Native][eventLoop] event_id=2 error=0
08-22 17:16:58.948 I/MpvEvent(17565): [PlaybackTrace][Native][mpv-log] prefix=cplayer level=v text=finished playback, success (reason 2)
08-22 17:16:58.948 D/mpv     (17565): [cplayer] v: finished playback, success (reason 2)
08-22 17:16:58.948 I/MpvEvent(17565): [PlaybackTrace][Native][eventLoop] event_id=2 error=0
08-22 17:16:58.948 I/MpvEvent(17565): [PlaybackTrace][Native][mpv-log] prefix=cplayer level=v text=Running hook: ytdl_hook/on_after_end_file
08-22 17:16:58.948 D/mpv     (17565): [cplayer] v: Running hook: ytdl_hook/on_after_end_file
08-22 17:16:58.949 I/MpvEvent(17565): [PlaybackTrace][Native][eventLoop] event_id=2 error=0
08-22 17:16:58.949 I/MpvEvent(17565): [PlaybackTrace][Native][mpv-log] prefix=cplayer level=v text=Running hook: ytdl_hook/on_load
08-22 17:16:58.949 D/mpv     (17565): [cplayer] v: Running hook: ytdl_hook/on_load
08-22 17:16:58.949 I/MpvEvent(17565): [PlaybackTrace][Native][eventLoop] event_id=2 error=0
08-22 17:16:58.949 I/MpvEvent(17565): [PlaybackTrace][Native][mpv-log] prefix=cplayer level=v text=Running hook: ytdl_hook/on_load
08-22 17:16:58.949 D/mpv     (17565): [cplayer] v: Running hook: ytdl_hook/on_load
08-22 17:16:58.949 I/MpvEvent(17565): [PlaybackTrace][Native][eventLoop] event_id=2 error=0
08-22 17:16:58.949 I/MpvEvent(17565): [PlaybackTrace][Native][mpv-log] prefix=ytdl_hook level=v text=playlist hook
08-22 17:16:58.949 I/MpvEvent(17565): [PlaybackTrace][Native][eventLoop] event_id=2 error=0
08-22 17:16:58.949 I/MpvEvent(17565): [PlaybackTrace][Native][mpv-log] prefix=stream_callback level=v text=Opening https://prod-1.storage.jamendo.com/?trackid=1593988&format=mp31&from=%2FV3E9Qwm8kkOD6hbkNYXkg%3D%3D%7CMJJdmScXeWFhFQqasgwXjQ%3D%3D
08-22 17:16:58.949 I/MpvEvent(17565): [PlaybackTrace][Native][eventLoop] event_id=2 error=0
08-22 17:16:58.949 I/MpvEvent(17565): [PlaybackTrace][Native][mpv-log] prefix=ffmpeg level=v text=Opening https://prod-1.storage.jamendo.com/?trackid=1593988&format=mp31&from=%2FV3E9Qwm8kkOD6hbkNYXkg%3D%3D%7CMJJdmScXeWFhFQqasgwXjQ%3D%3D
08-22 17:16:58.949 D/mpv     (17565): [ffmpeg] v: Opening https://prod-1.storage.jamendo.com/?trackid=1593988&format=mp31&from=%2FV3E9Qwm8kkOD6hbkNYXkg%3D%3D%7CMJJdmScXeWFhFQqasgwXjQ%3D%3D
08-22 17:16:59.035 I/ReactNativeJS(17565): '[INFO]', '[PlaybackTrace][JS][resume:call]'
08-22 17:16:59.035 I/MpvBridgeModule(17565): [PlaybackTrace][Bridge][play] ptr=131217388352464
08-22 17:16:59.036 I/MpvJNI  (17565): [PlaybackTrace][Native][play] pause=no result=0
08-22 17:16:59.036 I/MpvBridgeModule(17565): [PlaybackTrace][Bridge][play] nativePlay returned
08-22 17:16:59.036 I/MpvEvent(17565): [PlaybackTrace][Native][eventLoop] event_id=2 error=0
08-22 17:16:59.036 I/MpvEvent(17565): [PlaybackTrace][Native][mpv-log] prefix=cplayer level=v text=Set property: pause="no" -> 1
08-22 17:16:59.036 D/mpv     (17565): [cplayer] v: Set property: pause="no" -> 1
08-22 17:16:59.085 I/MpvJNI  (17565): [PlaybackTrace][Native][getPosition] result=-10 position=0.000000
08-22 17:16:59.085 D/MpvBridgeModule(17565): [PlaybackTrace][Bridge][getPosition] ptr=131217388352464 position=0.0
08-22 17:16:59.085 I/MpvJNI  (17565): [PlaybackTrace][Native][getDuration] result=-10 duration=0.000000
08-22 17:16:59.085 D/MpvBridgeModule(17565): [PlaybackTrace][Bridge][getDuration] ptr=131217388352464 duration=0.0
08-22 17:16:59.086 D/MpvBridgeModule(17565): [PlaybackTrace][Bridge][getPlaybackState] ptr=131217388352464 state=playing idle=false eof=false pause=false
08-22 17:16:59.652 I/MpvJNI  (17565): [PlaybackTrace][Native][getPosition] result=-10 position=0.000000
08-22 17:16:59.652 D/MpvBridgeModule(17565): [PlaybackTrace][Bridge][getPosition] ptr=131217388352464 position=0.0
08-22 17:16:59.652 I/MpvJNI  (17565): [PlaybackTrace][Native][getDuration] result=-10 duration=0.000000
08-22 17:16:59.652 D/MpvBridgeModule(17565): [PlaybackTrace][Bridge][getDuration] ptr=131217388352464 duration=0.0
08-22 17:16:59.652 D/MpvBridgeModule(17565): [PlaybackTrace][Bridge][getPlaybackState] ptr=131217388352464 state=playing idle=false eof=false pause=false
08-22 17:16:59.655 I/MpvJNI  (17565): [PlaybackTrace][Native][getDuration] result=-10 duration=0.000000
08-22 17:16:59.655 D/MpvBridgeModule(17565): [PlaybackTrace][Bridge][getDuration] ptr=131217388352464 duration=0.0
08-22 17:16:59.658 I/MpvEvent(17565): [PlaybackTrace][Native][eventLoop] event_id=2 error=0
08-22 17:16:59.658 I/MpvEvent(17565): [PlaybackTrace][Native][mpv-log] prefix=ffmpeg level=v text=Mime-type: 'audio/mpeg'
08-22 17:16:59.658 D/mpv     (17565): [ffmpeg] v: Mime-type: 'audio/mpeg'
08-22 17:16:59.658 I/MpvEvent(17565): [PlaybackTrace][Native][eventLoop] event_id=2 error=0
08-22 17:16:59.658 I/MpvEvent(17565): [PlaybackTrace][Native][mpv-log] prefix=demux level=v text=Trying demuxers for level=normal.
08-22 17:16:59.670 I/MpvEvent(17565): [PlaybackTrace][Native][eventLoop] event_id=2 error=0
08-22 17:16:59.670 I/MpvEvent(17565): [PlaybackTrace][Native][mpv-log] prefix=lavf level=v text=Found 'mp3' at score=24 size=2048.
08-22 17:16:59.869 I/MpvEvent(17565): [PlaybackTrace][Native][eventLoop] event_id=2 error=0
08-22 17:16:59.869 I/MpvEvent(17565): [PlaybackTrace][Native][mpv-log] prefix=lavf level=v text=avformat_find_stream_info() finished after 32275 bytes.
08-22 17:16:59.869 I/MpvEvent(17565): [PlaybackTrace][Native][eventLoop] event_id=2 error=0
08-22 17:16:59.869 I/MpvEvent(17565): [PlaybackTrace][Native][mpv-log] prefix=lavf level=v text=Assuming this is an image format.
08-22 17:16:59.869 I/MpvEvent(17565): [PlaybackTrace][Native][eventLoop] event_id=2 error=0
08-22 17:16:59.870 I/MpvEvent(17565): [PlaybackTrace][Native][mpv-log] prefix=demux level=v text=Detected file format: mp3 (libavformat)
08-22 17:16:59.870 I/MpvEvent(17565): [PlaybackTrace][Native][eventLoop] event_id=2 error=0
08-22 17:16:59.870 I/MpvEvent(17565): [PlaybackTrace][Native][mpv-log] prefix=cplayer level=v text=Opening done: https://prod-1.storage.jamendo.com/?trackid=1593988&format=mp31&from=%2FV3E9Qwm8kkOD6hbkNYXkg%3D%3D%7CMJJdmScXeWFhFQqasgwXjQ%3D%3D
08-22 17:16:59.870 D/mpv     (17565): [cplayer] v: Opening done: https://prod-1.storage.jamendo.com/?trackid=1593988&format=mp31&from=%2FV3E9Qwm8kkOD6hbkNYXkg%3D%3D%7CMJJdmScXeWFhFQqasgwXjQ%3D%3D
08-22 17:16:59.872 I/MpvEvent(17565): [PlaybackTrace][Native][eventLoop] event_id=22 error=0
08-22 17:16:59.872 I/MpvEvent(17565): [PlaybackTrace][Native][property] name=cache-buffering-state format=6 value=null
08-22 17:16:59.872 I/MpvEvent(17565): [PlaybackTrace][Native][dispatch:property] name=cache-buffering-state value=null
08-22 17:16:59.873 D/MPVLib  (17565): onNativePropertyChanged: cache-buffering-state = null
08-22 17:16:59.873 I/MpvBridgeModule(17565): [PlaybackTrace][Bridge][listener:property] name=cache-buffering-state value=null
08-22 17:16:59.878 I/MpvEvent(17565): [PlaybackTrace][Native][eventLoop] event_id=18 error=0
08-22 17:16:59.878 I/MpvEvent(17565): [PlaybackTrace][Native][eventLoop] MPV_EVENT_AUDIO_RECONFIG
08-22 17:16:59.878 I/MpvEvent(17565): [PlaybackTrace][Native][dispatch:event] name=audioReconfig payload={}
08-22 17:16:59.878 I/MpvBridgeModule(17565): [PlaybackTrace][Bridge][listener:event] name=audioReconfig payload={}
08-22 17:16:59.879 I/MpvEvent(17565): [PlaybackTrace][Native][eventLoop] event_id=18 error=0
08-22 17:16:59.879 I/MpvEvent(17565): [PlaybackTrace][Native][eventLoop] MPV_EVENT_AUDIO_RECONFIG
08-22 17:16:59.879 I/MpvEvent(17565): [PlaybackTrace][Native][dispatch:event] name=audioReconfig payload={}
08-22 17:16:59.879 I/MpvBridgeModule(17565): [PlaybackTrace][Bridge][listener:event] name=audioReconfig payload={}
08-22 17:16:59.880 I/MpvEvent(17565): [PlaybackTrace][Native][eventLoop] event_id=8 error=0
08-22 17:16:59.880 I/MpvEvent(17565): MPV_EVENT_FILE_LOADED
08-22 17:16:59.880 I/MpvEvent(17565): [PlaybackTrace][Native][dispatch:event] name=fileLoaded payload={}
08-22 17:16:59.880 D/MPVLib  (17565): onNativeEvent: fileLoaded {}
08-22 17:16:59.880 I/MpvBridgeModule(17565): [PlaybackTrace][Bridge][listener:event] name=fileLoaded payload={}
08-22 17:16:59.881 I/MpvEvent(17565): [PlaybackTrace][Native][eventLoop] event_id=2 error=0
08-22 17:16:59.882 I/MpvEvent(17565): [PlaybackTrace][Native][mpv-log] prefix=cplayer level=v text=Running hook: ytdl_hook/on_preloaded
08-22 17:16:59.882 D/mpv     (17565): [cplayer] v: Running hook: ytdl_hook/on_preloaded
08-22 17:16:59.882 I/MpvEvent(17565): [PlaybackTrace][Native][eventLoop] event_id=2 error=0
08-22 17:16:59.882 I/MpvEvent(17565): [PlaybackTrace][Native][mpv-log] prefix=lavf level=v text=select track 1
08-22 17:16:59.882 I/MpvEvent(17565): [PlaybackTrace][Native][eventLoop] event_id=2 error=0
08-22 17:16:59.882 I/MpvEvent(17565): [PlaybackTrace][Native][mpv-log] prefix=lavf level=v text=select track 0
08-22 17:16:59.882 I/MpvEvent(17565): [PlaybackTrace][Native][eventLoop] event_id=2 error=0
08-22 17:16:59.882 I/MpvEvent(17565): [PlaybackTrace][Native][mpv-log] prefix=cplayer level=info text=ΓùÅ Image  --vid=1  'Cover Image' (mjpeg [Baseline] 400x400)
08-22 17:16:59.882 D/mpv     (17565): [cplayer] info: ΓùÅ Image  --vid=1  'Cover Image' (mjpeg [Baseline] 400x400)
08-22 17:16:59.882 I/MpvEvent(17565): [PlaybackTrace][Native][eventLoop] event_id=2 error=0
08-22 17:16:59.882 I/MpvEvent(17565): [PlaybackTrace][Native][mpv-log] prefix=cplayer level=info text=ΓùÅ Audio  --aid=1  (mp3 2ch 44100 Hz 96 kbps)
08-22 17:16:59.882 D/mpv     (17565): [cplayer] info: ΓùÅ Audio  --aid=1  (mp3 2ch 44100 Hz 96 kbps)
08-22 17:16:59.882 I/MpvEvent(17565): [PlaybackTrace][Native][eventLoop] event_id=2 error=0
08-22 17:16:59.882 I/MpvEvent(17565): [PlaybackTrace][Native][mpv-log] prefix=display-tags level=info text=File tags:
08-22 17:16:59.883 I/MpvEvent(17565): [PlaybackTrace][Native][eventLoop] event_id=2 error=0
08-22 17:16:59.883 I/MpvEvent(17565): [PlaybackTrace][Native][mpv-log] prefix=display-tags level=info text= Artist: Joystock
08-22 17:16:59.883 I/MpvEvent(17565): [PlaybackTrace][Native][eventLoop] event_id=2 error=0
08-22 17:16:59.883 I/MpvEvent(17565): [PlaybackTrace][Native][mpv-log] prefix=display-tags level=info text= Comment: http://www.jamendo.com cc_standard
08-22 17:16:59.883 I/MpvEvent(17565): [PlaybackTrace][Native][eventLoop] event_id=2 error=0
08-22 17:16:59.883 I/MpvEvent(17565): [PlaybackTrace][Native][mpv-log] prefix=display-tags level=info text= Composer: Joystock
08-22 17:16:59.883 I/MpvEvent(17565): [PlaybackTrace][Native][eventLoop] event_id=2 error=0
08-22 17:16:59.883 I/MpvEvent(17565): [PlaybackTrace][Native][mpv-log] prefix=display-tags level=info text= Date: 2018
08-22 17:16:59.883 I/MpvEvent(17565): [PlaybackTrace][Native][eventLoop] event_id=2 error=0
08-22 17:16:59.883 I/MpvEvent(17565): [PlaybackTrace][Native][mpv-log] prefix=display-tags level=info text= Genre: chillhop
08-22 17:16:59.883 I/MpvEvent(17565): [PlaybackTrace][Native][eventLoop] event_id=2 error=0
08-22 17:16:59.883 I/MpvEvent(17565): [PlaybackTrace][Native][mpv-log] prefix=display-tags level=info text= Title: Lofi Chillout Hip Hop Beat
08-22 17:16:59.883 I/MpvEvent(17565): [PlaybackTrace][Native][eventLoop] event_id=2 error=0
08-22 17:16:59.883 I/MpvEvent(17565): [PlaybackTrace][Native][mpv-log] prefix=display-tags level=info text= Track: 62
08-22 17:16:59.883 I/MpvEvent(17565): [PlaybackTrace][Native][eventLoop] event_id=2 error=0
08-22 17:16:59.883 I/MpvEvent(17565): [PlaybackTrace][Native][mpv-log] prefix=vd level=v text=Container reported FPS: 1.000000
08-22 17:16:59.883 I/MpvEvent(17565): [PlaybackTrace][Native][eventLoop] event_id=2 error=0
08-22 17:16:59.883 I/MpvEvent(17565): [PlaybackTrace][Native][mpv-log] prefix=vd level=v text=Codec list:
08-22 17:16:59.883 I/MpvEvent(17565): [PlaybackTrace][Native][eventLoop] event_id=2 error=0
08-22 17:16:59.883 I/MpvEvent(17565): [PlaybackTrace][Native][mpv-log] prefix=vd level=v text=    mjpeg - MJPEG (Motion JPEG)
08-22 17:16:59.883 I/MpvEvent(17565): [PlaybackTrace][Native][eventLoop] event_id=2 error=0
08-22 17:16:59.883 I/MpvEvent(17565): [PlaybackTrace][Native][mpv-log] prefix=vd level=v text=Opening decoder mjpeg
08-22 17:16:59.884 I/MpvEvent(17565): [PlaybackTrace][Native][eventLoop] event_id=2 error=0
08-22 17:16:59.884 I/MpvEvent(17565): [PlaybackTrace][Native][mpv-log] prefix=vd level=v text=Not trying to use hardware decoding: codec mjpeg is not on whitelist.
08-22 17:16:59.884 I/MpvEvent(17565): [PlaybackTrace][Native][eventLoop] event_id=2 error=0
08-22 17:16:59.884 I/MpvEvent(17565): [PlaybackTrace][Native][mpv-log] prefix=vd level=v text=Using software decoding.
08-22 17:16:59.884 I/MpvEvent(17565): [PlaybackTrace][Native][eventLoop] event_id=2 error=0
08-22 17:16:59.884 I/MpvEvent(17565): [PlaybackTrace][Native][mpv-log] prefix=vd level=v text=Detected 4 logical cores.
08-22 17:16:59.884 I/MpvEvent(17565): [PlaybackTrace][Native][eventLoop] event_id=2 error=0
08-22 17:16:59.884 I/MpvEvent(17565): [PlaybackTrace][Native][mpv-log] prefix=vd level=v text=Requesting 5 threads for decoding.
08-22 17:16:59.884 I/MpvEvent(17565): [PlaybackTrace][Native][eventLoop] event_id=2 error=0
08-22 17:16:59.884 I/MpvEvent(17565): [PlaybackTrace][Native][mpv-log] prefix=vd level=v text=Selected decoder: mjpeg - MJPEG (Motion JPEG)
08-22 17:16:59.885 I/MpvEvent(17565): [PlaybackTrace][Native][eventLoop] event_id=2 error=0
08-22 17:16:59.885 I/MpvEvent(17565): [PlaybackTrace][Native][mpv-log] prefix=vf level=v text=User filter list:
08-22 17:16:59.885 I/MpvEvent(17565): [PlaybackTrace][Native][eventLoop] event_id=2 error=0
08-22 17:16:59.885 I/MpvEvent(17565): [PlaybackTrace][Native][mpv-log] prefix=vf level=v text=  (empty)
08-22 17:16:59.885 I/MpvEvent(17565): [PlaybackTrace][Native][eventLoop] event_id=2 error=0
08-22 17:16:59.885 I/MpvEvent(17565): [PlaybackTrace][Native][mpv-log] prefix=ad level=v text=Codec list:
08-22 17:16:59.885 I/MpvEvent(17565): [PlaybackTrace][Native][eventLoop] event_id=2 error=0
08-22 17:16:59.885 I/MpvEvent(17565): [PlaybackTrace][Native][mpv-log] prefix=ad level=v text=    mp3float (mp3) - MP3 (MPEG audio layer 3)
08-22 17:16:59.885 I/MpvEvent(17565): [PlaybackTrace][Native][eventLoop] event_id=2 error=0
08-22 17:16:59.885 I/MpvEvent(17565): [PlaybackTrace][Native][mpv-log] prefix=ad level=v text=    mp3 - MP3 (MPEG audio layer 3)
08-22 17:16:59.885 I/MpvEvent(17565): [PlaybackTrace][Native][eventLoop] event_id=2 error=0
08-22 17:16:59.885 I/MpvEvent(17565): [PlaybackTrace][Native][mpv-log] prefix=ad level=v text=    mp3_mediacodec (mp3) - MP3 Android MediaCodec decoder
08-22 17:16:59.885 I/MpvEvent(17565): [PlaybackTrace][Native][eventLoop] event_id=2 error=0
08-22 17:16:59.885 I/MpvEvent(17565): [PlaybackTrace][Native][mpv-log] prefix=ad level=v text=Opening decoder mp3float
08-22 17:16:59.885 I/MpvEvent(17565): [PlaybackTrace][Native][eventLoop] event_id=2 error=0
08-22 17:16:59.885 I/MpvEvent(17565): [PlaybackTrace][Native][mpv-log] prefix=ad level=v text=Requesting 1 threads for decoding.
08-22 17:16:59.885 I/MpvEvent(17565): [PlaybackTrace][Native][eventLoop] event_id=2 error=0
08-22 17:16:59.885 I/MpvEvent(17565): [PlaybackTrace][Native][mpv-log] prefix=ad level=v text=Selected decoder: mp3float - MP3 (MPEG audio layer 3)
08-22 17:16:59.885 I/MpvEvent(17565): [PlaybackTrace][Native][eventLoop] event_id=2 error=0
08-22 17:16:59.885 I/MpvEvent(17565): [PlaybackTrace][Native][mpv-log] prefix=af level=v text=User filter list:
08-22 17:16:59.885 I/MpvEvent(17565): [PlaybackTrace][Native][eventLoop] event_id=2 error=0
08-22 17:16:59.885 I/MpvEvent(17565): [PlaybackTrace][Native][mpv-log] prefix=af level=v text=  (empty)
08-22 17:16:59.885 I/MpvEvent(17565): [PlaybackTrace][Native][eventLoop] event_id=2 error=0
08-22 17:16:59.885 I/MpvEvent(17565): [PlaybackTrace][Native][mpv-log] prefix=cplayer level=info text=Displaying cover art. Use --no-audio-display to prevent this.
08-22 17:16:59.885 D/mpv     (17565): [cplayer] info: Displaying cover art. Use --no-audio-display to prevent this.
08-22 17:16:59.885 I/MpvEvent(17565): [PlaybackTrace][Native][eventLoop] event_id=2 error=0
08-22 17:16:59.885 I/MpvEvent(17565): [PlaybackTrace][Native][mpv-log] prefix=cplayer level=v text=Starting playback...
08-22 17:16:59.885 D/mpv     (17565): [cplayer] v: Starting playback...
08-22 17:16:59.885 I/MpvEvent(17565): [PlaybackTrace][Native][eventLoop] event_id=2 error=0
08-22 17:16:59.885 I/MpvEvent(17565): [PlaybackTrace][Native][mpv-log] prefix=vd level=v text=DR failed - disabling.
08-22 17:16:59.885 I/MpvEvent(17565): [PlaybackTrace][Native][eventLoop] event_id=2 error=0
08-22 17:16:59.885 I/MpvEvent(17565): [PlaybackTrace][Native][mpv-log] prefix=ffmpeg/video level=error text=mjpeg: overread 8
08-22 17:16:59.885 E/MpvEvent(17565): [PlaybackTrace][Native][dispatch:error] code=-1 message=mjpeg: overread 8
08-22 17:16:59.886 I/ReactNativeJS(17565): '[INFO]', '[PlaybackTrace][Controller][event:onFileLoaded]', { fileUri: 'https://prod-1.storage.jamendo.com/?trackid=1593988&format=mp31&from=%2FV3E9Qwm8kkOD6hbkNYXkg%3D%3D%7CMJJdmScXeWFhFQqasgwXjQ%3D%3D',
08-22 17:16:59.886 E/MpvBridgeModule(17565): [PlaybackTrace][Bridge][listener:error] code=-1 message=mjpeg: overread 8
08-22 17:16:59.893 I/MpvEvent(17565): [PlaybackTrace][Native][eventLoop] event_id=22 error=0
08-22 17:16:59.894 I/MpvEvent(17565): [PlaybackTrace][Native][property] name=seekable format=6 value=null
08-22 17:16:59.894 I/MpvEvent(17565): [PlaybackTrace][Native][dispatch:property] name=seekable value=null
08-22 17:16:59.894 I/MpvBridgeModule(17565): [PlaybackTrace][Bridge][listener:property] name=seekable value=null
08-22 17:16:59.896 I/MpvEvent(17565): [PlaybackTrace][Native][eventLoop] event_id=2 error=0
08-22 17:16:59.897 I/MpvEvent(17565): [PlaybackTrace][Native][mpv-log] prefix=ffmpeg/video level=warn text=mjpeg: EOI missing, emulating
08-22 17:16:59.897 I/MpvEvent(17565): [PlaybackTrace][Native][eventLoop] event_id=2 error=0
08-22 17:16:59.897 I/MpvEvent(17565): [PlaybackTrace][Native][mpv-log] prefix=vd level=v text=Using software decoding.
08-22 17:16:59.897 I/MpvEvent(17565): [PlaybackTrace][Native][eventLoop] event_id=2 error=0
08-22 17:16:59.897 I/MpvEvent(17565): [PlaybackTrace][Native][mpv-log] prefix=vd level=v text=Decoder format: 400x400 yuv420p bt.601/auto/auto/full/auto CL=mpeg1/jpeg crop=400x400+0+0 A=none
08-22 17:16:59.897 I/MpvEvent(17565): [PlaybackTrace][Native][eventLoop] event_id=2 error=0
08-22 17:16:59.897 I/MpvEvent(17565): [PlaybackTrace][Native][mpv-log] prefix=vf level=v text=[in] 400x400 yuv420p bt.601/bt.709/srgb/full/display CL=mpeg1/jpeg crop=400x400+0+0 A=none
08-22 17:16:59.897 I/MpvEvent(17565): [PlaybackTrace][Native][eventLoop] event_id=2 error=0
08-22 17:16:59.897 I/MpvEvent(17565): [PlaybackTrace][Native][mpv-log] prefix=vf level=v text=[userdeint] 400x400 yuv420p bt.601/bt.709/srgb/full/display CL=mpeg1/jpeg crop=400x400+0+0 A=none
08-22 17:16:59.897 I/MpvEvent(17565): [PlaybackTrace][Native][eventLoop] event_id=2 error=0
08-22 17:16:59.897 I/MpvEvent(17565): [PlaybackTrace][Native][mpv-log] prefix=vf level=v text=[userdeint] (disabled)
08-22 17:16:59.897 I/MpvEvent(17565): [PlaybackTrace][Native][eventLoop] event_id=2 error=0
08-22 17:16:59.897 I/MpvEvent(17565): [PlaybackTrace][Native][mpv-log] prefix=vf level=v text=[autovflip] 400x400 yuv420p bt.601/bt.709/srgb/full/display CL=mpeg1/jpeg crop=400x400+0+0 A=none
08-22 17:16:59.897 I/MpvEvent(17565): [PlaybackTrace][Native][eventLoop] event_id=2 error=0
08-22 17:16:59.897 I/MpvEvent(17565): [PlaybackTrace][Native][mpv-log] prefix=vf level=v text=[autovflip] (disabled)
08-22 17:16:59.897 I/MpvEvent(17565): [PlaybackTrace][Native][eventLoop] event_id=2 error=0
08-22 17:16:59.897 I/MpvEvent(17565): [PlaybackTrace][Native][mpv-log] prefix=vf level=v text=[autorotate] 400x400 yuv420p bt.601/bt.709/srgb/full/display CL=mpeg1/jpeg crop=400x400+0+0 A=none
08-22 17:16:59.897 I/MpvEvent(17565): [PlaybackTrace][Native][eventLoop] event_id=2 error=0
08-22 17:16:59.897 I/MpvEvent(17565): [PlaybackTrace][Native][mpv-log] prefix=vf level=v text=[autorotate] (disabled)
08-22 17:16:59.898 I/MpvEvent(17565): [PlaybackTrace][Native][eventLoop] event_id=2 error=0
08-22 17:16:59.898 I/MpvEvent(17565): [PlaybackTrace][Native][mpv-log] prefix=vf level=v text=[convert] 400x400 yuv420p bt.601/bt.709/srgb/full/display CL=mpeg1/jpeg crop=400x400+0+0 A=none
08-22 17:16:59.898 I/MpvEvent(17565): [PlaybackTrace][Native][eventLoop] event_id=2 error=0
08-22 17:16:59.898 I/MpvEvent(17565): [PlaybackTrace][Native][mpv-log] prefix=vf level=v text=[convert] (disabled)
08-22 17:16:59.898 I/MpvEvent(17565): [PlaybackTrace][Native][eventLoop] event_id=2 error=0
08-22 17:16:59.898 I/MpvEvent(17565): [PlaybackTrace][Native][mpv-log] prefix=vf level=v text=[out] 400x400 yuv420p bt.601/bt.709/srgb/full/display CL=mpeg1/jpeg crop=400x400+0+0 A=none
08-22 17:16:59.898 I/MpvEvent(17565): [PlaybackTrace][Native][eventLoop] event_id=2 error=0
08-22 17:16:59.898 I/MpvEvent(17565): [PlaybackTrace][Native][mpv-log] prefix=af level=v text=[in] 44100Hz stereo 2ch floatp
08-22 17:16:59.898 I/MpvEvent(17565): [PlaybackTrace][Native][eventLoop] event_id=2 error=0
08-22 17:16:59.898 I/MpvEvent(17565): [PlaybackTrace][Native][mpv-log] prefix=af level=v text=[userspeed] 44100Hz stereo 2ch floatp
08-22 17:16:59.898 I/MpvEvent(17565): [PlaybackTrace][Native][eventLoop] event_id=2 error=0
08-22 17:16:59.898 I/MpvEvent(17565): [PlaybackTrace][Native][mpv-log] prefix=af level=v text=[userspeed] (disabled)
08-22 17:16:59.898 I/MpvEvent(17565): [PlaybackTrace][Native][eventLoop] event_id=2 error=0
08-22 17:16:59.898 I/MpvEvent(17565): [PlaybackTrace][Native][mpv-log] prefix=af level=v text=[convert] 44100Hz stereo 2ch floatp
08-22 17:16:59.898 I/MpvEvent(17565): [PlaybackTrace][Native][eventLoop] event_id=2 error=0
08-22 17:16:59.898 I/MpvEvent(17565): [PlaybackTrace][Native][mpv-log] prefix=cplayer level=v text=first video frame after restart shown
08-22 17:16:59.898 D/mpv     (17565): [cplayer] v: first video frame after restart shown
08-22 17:16:59.898 I/MpvEvent(17565): [PlaybackTrace][Native][eventLoop] event_id=2 error=0
08-22 17:16:59.898 I/MpvEvent(17565): [PlaybackTrace][Native][mpv-log] prefix=ao level=v text=Trying audio driver 'audiotrack'
08-22 17:16:59.898 I/MpvEvent(17565): [PlaybackTrace][Native][eventLoop] event_id=2 error=0
08-22 17:16:59.898 I/MpvEvent(17565): [PlaybackTrace][Native][mpv-log] prefix=ao/audiotrack level=v text=requested format: 44100 Hz, stereo channels, floatp
08-22 17:16:59.898 D/mpv     (17565): [ao/audiotrack] v: requested format: 44100 Hz, stereo channels, floatp
08-22 17:16:59.898 I/MpvEvent(17565): [PlaybackTrace][Native][eventLoop] event_id=2 error=0
08-22 17:16:59.898 I/MpvEvent(17565): [PlaybackTrace][Native][mpv-log] prefix=ao/audiotrack level=v text=AudioTrack.nativeOutputSampleRate = 48000
08-22 17:16:59.898 D/mpv     (17565): [ao/audiotrack] v: AudioTrack.nativeOutputSampleRate = 48000
08-22 17:16:59.898 I/MpvEvent(17565): [PlaybackTrace][Native][eventLoop] event_id=2 error=0
08-22 17:16:59.898 I/MpvEvent(17565): [PlaybackTrace][Native][mpv-log] prefix=ao/audiotrack level=v text=Channel layouts:
08-22 17:16:59.898 D/mpv     (17565): [ao/audiotrack] v: Channel layouts:
08-22 17:16:59.898 I/MpvEvent(17565): [PlaybackTrace][Native][eventLoop] event_id=2 error=0
08-22 17:16:59.898 I/MpvEvent(17565): [PlaybackTrace][Native][mpv-log] prefix=ao/audiotrack level=v text= - mono
08-22 17:16:59.898 D/mpv     (17565): [ao/audiotrack] v:  - mono
08-22 17:16:59.898 I/MpvEvent(17565): [PlaybackTrace][Native][eventLoop] event_id=2 error=0
08-22 17:16:59.898 I/MpvEvent(17565): [PlaybackTrace][Native][mpv-log] prefix=ao/audiotrack level=v text= - stereo
08-22 17:16:59.898 D/mpv     (17565): [ao/audiotrack] v:  - stereo
08-22 17:16:59.898 I/MpvEvent(17565): [PlaybackTrace][Native][eventLoop] event_id=2 error=0
08-22 17:16:59.898 I/MpvEvent(17565): [PlaybackTrace][Native][mpv-log] prefix=ao/audiotrack level=v text= - 3.0
08-22 17:16:59.898 D/mpv     (17565): [ao/audiotrack] v:  - 3.0
08-22 17:16:59.898 I/MpvEvent(17565): [PlaybackTrace][Native][eventLoop] event_id=2 error=0
08-22 17:16:59.898 I/MpvEvent(17565): [PlaybackTrace][Native][mpv-log] prefix=ao/audiotrack level=v text= - quad
08-22 17:16:59.898 D/mpv     (17565): [ao/audiotrack] v:  - quad
08-22 17:16:59.899 I/MpvEvent(17565): [PlaybackTrace][Native][eventLoop] event_id=2 error=0
08-22 17:16:59.899 I/MpvEvent(17565): [PlaybackTrace][Native][mpv-log] prefix=ao/audiotrack level=v text= - 5.0
08-22 17:16:59.899 D/mpv     (17565): [ao/audiotrack] v:  - 5.0
08-22 17:16:59.899 I/MpvEvent(17565): [PlaybackTrace][Native][eventLoop] event_id=2 error=0
08-22 17:16:59.899 I/MpvEvent(17565): [PlaybackTrace][Native][mpv-log] prefix=ao/audiotrack level=v text= - 5.1
08-22 17:16:59.899 D/mpv     (17565): [ao/audiotrack] v:  - 5.1
08-22 17:16:59.899 I/MpvEvent(17565): [PlaybackTrace][Native][eventLoop] event_id=2 error=0
08-22 17:16:59.899 I/MpvEvent(17565): [PlaybackTrace][Native][mpv-log] prefix=ao/audiotrack level=v text= - 6.1(back)
08-22 17:16:59.899 D/mpv     (17565): [ao/audiotrack] v:  - 6.1(back)
08-22 17:16:59.899 I/MpvEvent(17565): [PlaybackTrace][Native][eventLoop] event_id=2 error=0
08-22 17:16:59.899 I/MpvEvent(17565): [PlaybackTrace][Native][mpv-log] prefix=ao/audiotrack level=v text= - 7.1
08-22 17:16:59.899 D/mpv     (17565): [ao/audiotrack] v:  - 7.1
08-22 17:16:59.899 I/MpvEvent(17565): [PlaybackTrace][Native][eventLoop] event_id=2 error=0
08-22 17:16:59.899 I/MpvEvent(17565): [PlaybackTrace][Native][mpv-log] prefix=ao/audiotrack level=v text=result: stereo
08-22 17:16:59.899 D/mpv     (17565): [ao/audiotrack] v: result: stereo
08-22 17:16:59.899 I/MpvEvent(17565): [PlaybackTrace][Native][eventLoop] event_id=2 error=0
08-22 17:16:59.899 I/MpvEvent(17565): [PlaybackTrace][Native][mpv-log] prefix=ao/audiotrack level=v text=Setting bufferSize = 52920 (driver=32096, min=26460, max=52920)
08-22 17:16:59.899 D/mpv     (17565): [ao/audiotrack] v: Setting bufferSize = 52920 (driver=32096, min=26460, max=52920)
08-22 17:16:59.899 I/MpvEvent(17565): [PlaybackTrace][Native][eventLoop] event_id=2 error=0
08-22 17:16:59.899 I/MpvEvent(17565): [PlaybackTrace][Native][mpv-log] prefix=ao/audiotrack level=v text=Using NIO ByteBuffer
08-22 17:16:59.899 D/mpv     (17565): [ao/audiotrack] v: Using NIO ByteBuffer
08-22 17:16:59.899 I/MpvEvent(17565): [PlaybackTrace][Native][eventLoop] event_id=2 error=0
08-22 17:16:59.899 I/MpvEvent(17565): [PlaybackTrace][Native][mpv-log] prefix=ao/audiotrack level=v text=Using API21 initializer
08-22 17:16:59.899 D/mpv     (17565): [ao/audiotrack] v: Using API21 initializer
08-22 17:16:59.909 I/MpvEvent(17565): [PlaybackTrace][Native][eventLoop] event_id=2 error=0
08-22 17:16:59.909 I/MpvEvent(17565): [PlaybackTrace][Native][mpv-log] prefix=ao/audiotrack level=v text=AudioTrack.getBufferSizeInFrames = 6615
08-22 17:16:59.909 D/mpv     (17565): [ao/audiotrack] v: AudioTrack.getBufferSizeInFrames = 6615
08-22 17:16:59.909 I/MpvEvent(17565): [PlaybackTrace][Native][eventLoop] event_id=2 error=0
08-22 17:16:59.909 I/MpvEvent(17565): [PlaybackTrace][Native][mpv-log] prefix=ao/audiotrack level=v text=device buffer: 6615 samples.
08-22 17:16:59.909 D/mpv     (17565): [ao/audiotrack] v: device buffer: 6615 samples.
08-22 17:16:59.909 I/MpvEvent(17565): [PlaybackTrace][Native][eventLoop] event_id=2 error=0
08-22 17:16:59.909 I/MpvEvent(17565): [PlaybackTrace][Native][mpv-log] prefix=ao/audiotrack level=v text=using soft-buffer of 8820 samples.
08-22 17:16:59.909 D/mpv     (17565): [ao/audiotrack] v: using soft-buffer of 8820 samples.
08-22 17:16:59.909 I/MpvEvent(17565): [PlaybackTrace][Native][eventLoop] event_id=2 error=0
08-22 17:16:59.909 I/MpvEvent(17565): [PlaybackTrace][Native][mpv-log] prefix=cplayer level=info text=AO: [audiotrack] 44100Hz stereo 2ch float
08-22 17:16:59.909 D/mpv     (17565): [cplayer] info: AO: [audiotrack] 44100Hz stereo 2ch float
08-22 17:16:59.909 I/MpvEvent(17565): [PlaybackTrace][Native][eventLoop] event_id=2 error=0
08-22 17:16:59.909 I/MpvEvent(17565): [PlaybackTrace][Native][mpv-log] prefix=cplayer level=v text=AO: Description: Android AudioTrack audio output
08-22 17:16:59.909 D/mpv     (17565): [cplayer] v: AO: Description: Android AudioTrack audio output
08-22 17:16:59.909 I/MpvEvent(17565): [PlaybackTrace][Native][eventLoop] event_id=18 error=0
08-22 17:16:59.909 I/MpvEvent(17565): [PlaybackTrace][Native][eventLoop] MPV_EVENT_AUDIO_RECONFIG
08-22 17:16:59.909 I/MpvEvent(17565): [PlaybackTrace][Native][dispatch:event] name=audioReconfig payload={}
08-22 17:16:59.909 I/MpvBridgeModule(17565): [PlaybackTrace][Bridge][listener:event] name=audioReconfig payload={}
08-22 17:16:59.910 I/MpvEvent(17565): [PlaybackTrace][Native][eventLoop] event_id=17 error=0
08-22 17:16:59.910 I/MpvEvent(17565): MPV_EVENT_VIDEO_RECONFIG
08-22 17:16:59.910 I/MpvEvent(17565): [PlaybackTrace][Native][dispatch:event] name=videoReconfig payload={}
08-22 17:16:59.910 I/MpvBridgeModule(17565): [PlaybackTrace][Bridge][listener:event] name=videoReconfig payload={}
08-22 17:16:59.912 I/MpvEvent(17565): [PlaybackTrace][Native][eventLoop] event_id=2 error=0
08-22 17:16:59.912 I/MpvEvent(17565): [PlaybackTrace][Native][mpv-log] prefix=autoconvert level=v text=inserting resampler
08-22 17:16:59.912 I/MpvEvent(17565): [PlaybackTrace][Native][eventLoop] event_id=2 error=0
08-22 17:16:59.912 I/MpvEvent(17565): [PlaybackTrace][Native][mpv-log] prefix=swresample level=v text=format change, reinitializing resampler
08-22 17:16:59.912 I/MpvEvent(17565): [PlaybackTrace][Native][eventLoop] event_id=2 error=0
08-22 17:16:59.912 I/MpvEvent(17565): [PlaybackTrace][Native][mpv-log] prefix=swresample level=v text=44100Hz stereo floatp -> 44100Hz stereo float
08-22 17:16:59.912 I/MpvEvent(17565): [PlaybackTrace][Native][eventLoop] event_id=2 error=0
08-22 17:16:59.912 I/MpvEvent(17565): [PlaybackTrace][Native][mpv-log] prefix=af level=v text=[out] 44100Hz stereo 2ch float
08-22 17:16:59.916 I/MpvEvent(17565): [PlaybackTrace][Native][eventLoop] event_id=22 error=0
08-22 17:16:59.916 I/MpvEvent(17565): [PlaybackTrace][Native][property] name=paused-for-cache format=6 value=null
08-22 17:16:59.916 I/MpvEvent(17565): [PlaybackTrace][Native][dispatch:property] name=paused-for-cache value=null
08-22 17:16:59.916 D/MPVLib  (17565): onNativePropertyChanged: paused-for-cache = null
08-22 17:16:59.917 I/MpvBridgeModule(17565): [PlaybackTrace][Bridge][listener:property] name=paused-for-cache value=null
08-22 17:16:59.919 I/MpvEvent(17565): [PlaybackTrace][Native][eventLoop] event_id=22 error=0
08-22 17:16:59.919 I/MpvEvent(17565): [PlaybackTrace][Native][property] name=demuxer-cache-state format=6 value=null
08-22 17:16:59.919 I/MpvEvent(17565): [PlaybackTrace][Native][dispatch:property] name=demuxer-cache-state value=null
08-22 17:16:59.919 I/MpvBridgeModule(17565): [PlaybackTrace][Bridge][listener:property] name=demuxer-cache-state value=null
08-22 17:16:59.920 I/MpvEvent(17565): [PlaybackTrace][Native][eventLoop] event_id=2 error=0
08-22 17:16:59.920 I/MpvEvent(17565): [PlaybackTrace][Native][mpv-log] prefix=cplayer level=v text=audio ready
08-22 17:16:59.920 D/mpv     (17565): [cplayer] v: audio ready
08-22 17:16:59.920 I/MpvEvent(17565): [PlaybackTrace][Native][eventLoop] event_id=2 error=0
08-22 17:16:59.920 I/MpvEvent(17565): [PlaybackTrace][Native][mpv-log] prefix=cplayer level=v text=starting audio playback
08-22 17:16:59.920 D/mpv     (17565): [cplayer] v: starting audio playback
08-22 17:16:59.926 I/MpvEvent(17565): [PlaybackTrace][Native][eventLoop] event_id=21 error=0
08-22 17:16:59.927 I/MpvEvent(17565): [PlaybackTrace][Native][eventLoop] MPV_EVENT_PLAYBACK_RESTART
08-22 17:16:59.927 I/MpvEvent(17565): [PlaybackTrace][Native][dispatch:event] name=playbackRestart payload={}
08-22 17:16:59.927 I/MpvBridgeModule(17565): [PlaybackTrace][Bridge][listener:event] name=playbackRestart payload={}
08-22 17:16:59.928 I/MpvEvent(17565): [PlaybackTrace][Native][eventLoop] event_id=2 error=0
08-22 17:16:59.928 I/MpvEvent(17565): [PlaybackTrace][Native][mpv-log] prefix=cplayer level=v text=playback restart complete @ 0.000001, audio=playing, video=eof
08-22 17:16:59.929 D/mpv     (17565): [cplayer] v: playback restart complete @ 0.000001, audio=playing, video=eof
08-22 17:16:59.934 I/MpvJNI  (17565): [PlaybackTrace][Native][getDuration] result=0 duration=149.696033
08-22 17:16:59.934 D/MpvBridgeModule(17565): [PlaybackTrace][Bridge][getDuration] ptr=131217388352464 duration=149.69603333333333
08-22 17:16:59.935 I/MpvEvent(17565): [PlaybackTrace][Native][eventLoop] event_id=2 error=0
08-22 17:16:59.935 I/MpvEvent(17565): [PlaybackTrace][Native][mpv-log] prefix=cplayer level=warn text=Audio device underrun detected.
08-22 17:16:59.935 D/mpv     (17565): [cplayer] warn: Audio device underrun detected.
08-22 17:16:59.935 I/MpvEvent(17565): [PlaybackTrace][Native][eventLoop] event_id=2 error=0
08-22 17:16:59.935 I/MpvEvent(17565): [PlaybackTrace][Native][mpv-log] prefix=cplayer level=v text=restarting audio after underrun
08-22 17:16:59.935 D/mpv     (17565): [cplayer] v: restarting audio after underrun
08-22 17:17:00.102 I/MpvJNI  (17565): [PlaybackTrace][Native][getPosition] result=0 position=0.005872
08-22 17:17:00.102 D/MpvBridgeModule(17565): [PlaybackTrace][Bridge][getPosition] ptr=131217388352464 position=0.005871758090702728
08-22 17:17:00.103 I/MpvJNI  (17565): [PlaybackTrace][Native][getDuration] result=0 duration=149.696033
08-22 17:17:00.103 D/MpvBridgeModule(17565): [PlaybackTrace][Bridge][getDuration] ptr=131217388352464 duration=149.69603333333333
08-22 17:17:00.103 D/MpvBridgeModule(17565): [PlaybackTrace][Bridge][getPlaybackState] ptr=131217388352464 state=playing idle=false eof=false pause=false
08-22 17:17:00.144 I/MpvEvent(17565): [PlaybackTrace][Native][eventLoop] event_id=22 error=0
08-22 17:17:00.145 I/MpvEvent(17565): [PlaybackTrace][Native][property] name=demuxer-cache-state format=6 value=null
08-22 17:17:00.145 I/MpvEvent(17565): [PlaybackTrace][Native][dispatch:property] name=demuxer-cache-state value=null
08-22 17:17:00.145 I/MpvBridgeModule(17565): [PlaybackTrace][Bridge][listener:property] name=demuxer-cache-state value=null
08-22 17:17:00.150 I/MpvJNI  (17565): [PlaybackTrace][Native][getDuration] result=0 duration=149.696033
08-22 17:17:00.150 D/MpvBridgeModule(17565): [PlaybackTrace][Bridge][getDuration] ptr=131217388352464 duration=149.69603333333333
08-22 17:17:00.397 I/MpvEvent(17565): [PlaybackTrace][Native][eventLoop] event_id=22 error=0
08-22 17:17:00.397 I/MpvEvent(17565): [PlaybackTrace][Native][property] name=demuxer-cache-state format=6 value=null
08-22 17:17:00.397 I/MpvEvent(17565): [PlaybackTrace][Native][dispatch:property] name=demuxer-cache-state value=null
08-22 17:17:00.398 I/MpvBridgeModule(17565): [PlaybackTrace][Bridge][listener:property] name=demuxer-cache-state value=null
08-22 17:17:00.405 I/MpvJNI  (17565): [PlaybackTrace][Native][getDuration] result=0 duration=149.696033
08-22 17:17:00.405 D/MpvBridgeModule(17565): [PlaybackTrace][Bridge][getDuration] ptr=131217388352464 duration=149.69603333333333
08-22 17:17:00.646 I/MpvEvent(17565): [PlaybackTrace][Native][eventLoop] event_id=22 error=0
08-22 17:17:00.646 I/MpvEvent(17565): [PlaybackTrace][Native][property] name=demuxer-cache-state format=6 value=null
08-22 17:17:00.646 I/MpvEvent(17565): [PlaybackTrace][Native][dispatch:property] name=demuxer-cache-state value=null
08-22 17:17:00.646 I/MpvBridgeModule(17565): [PlaybackTrace][Bridge][listener:property] name=demuxer-cache-state value=null
08-22 17:17:00.651 I/MpvJNI  (17565): [PlaybackTrace][Native][getDuration] result=0 duration=149.696033
08-22 17:17:00.651 D/MpvBridgeModule(17565): [PlaybackTrace][Bridge][getDuration] ptr=131217388352464 duration=149.69603333333333
08-22 17:17:00.792 I/MpvJNI  (17565): [PlaybackTrace][Native][getPosition] result=0 position=0.731740
08-22 17:17:00.792 D/MpvBridgeModule(17565): [PlaybackTrace][Bridge][getPosition] ptr=131217388352464 position=0.7317400660907036
08-22 17:17:00.792 I/MpvJNI  (17565): [PlaybackTrace][Native][getDuration] result=0 duration=149.696033
08-22 17:17:00.792 D/MpvBridgeModule(17565): [PlaybackTrace][Bridge][getDuration] ptr=131217388352464 duration=149.69603333333333
08-22 17:17:00.793 D/MpvBridgeModule(17565): [PlaybackTrace][Bridge][getPlaybackState] ptr=131217388352464 state=playing idle=false eof=false pause=false
08-22 17:17:00.812 I/MpvJNI  (17565): [PlaybackTrace][Native][getDuration] result=0 duration=149.696033
08-22 17:17:00.812 D/MpvBridgeModule(17565): [PlaybackTrace][Bridge][getDuration] ptr=131217388352464 duration=149.69603333333333
08-22 17:17:00.898 I/MpvEvent(17565): [PlaybackTrace][Native][eventLoop] event_id=22 error=0
08-22 17:17:00.898 I/MpvEvent(17565): [PlaybackTrace][Native][property] name=demuxer-cache-state format=6 value=null
08-22 17:17:00.898 I/MpvEvent(17565): [PlaybackTrace][Native][dispatch:property] name=demuxer-cache-state value=null
08-22 17:17:00.898 I/MpvBridgeModule(17565): [PlaybackTrace][Bridge][listener:property] name=demuxer-cache-state value=null
08-22 17:17:00.978 I/MpvJNI  (17565): [PlaybackTrace][Native][getDuration] result=0 duration=149.696033
08-22 17:17:00.978 D/MpvBridgeModule(17565): [PlaybackTrace][Bridge][getDuration] ptr=131217388352464 duration=149.69603333333333
08-22 17:17:01.165 I/MpvEvent(17565): [PlaybackTrace][Native][eventLoop] event_id=22 error=0
08-22 17:17:01.165 I/MpvEvent(17565): [PlaybackTrace][Native][property] name=demuxer-cache-state format=6 value=null
08-22 17:17:01.165 I/MpvEvent(17565): [PlaybackTrace][Native][dispatch:property] name=demuxer-cache-state value=null
08-22 17:17:01.165 I/MpvBridgeModule(17565): [PlaybackTrace][Bridge][listener:property] name=demuxer-cache-state value=null
08-22 17:17:01.198 I/MpvJNI  (17565): [PlaybackTrace][Native][getPosition] result=0 position=1.183857
08-22 17:17:01.198 D/MpvBridgeModule(17565): [PlaybackTrace][Bridge][getPosition] ptr=131217388352464 position=1.1838572150907045
08-22 17:17:01.198 I/MpvJNI  (17565): [PlaybackTrace][Native][getDuration] result=0 duration=149.696033
08-22 17:17:01.198 D/MpvBridgeModule(17565): [PlaybackTrace][Bridge][getDuration] ptr=131217388352464 duration=149.69603333333333
08-22 17:17:01.198 D/MpvBridgeModule(17565): [PlaybackTrace][Bridge][getPlaybackState] ptr=131217388352464 state=playing idle=false eof=false pause=false
08-22 17:17:01.228 I/MpvJNI  (17565): [PlaybackTrace][Native][getDuration] result=0 duration=149.696033
08-22 17:17:01.228 D/MpvBridgeModule(17565): [PlaybackTrace][Bridge][getDuration] ptr=131217388352464 duration=149.69603333333333
08-22 17:17:01.414 I/MpvEvent(17565): [PlaybackTrace][Native][eventLoop] event_id=22 error=0
08-22 17:17:01.414 I/MpvEvent(17565): [PlaybackTrace][Native][property] name=demuxer-cache-state format=6 value=null
08-22 17:17:01.414 I/MpvEvent(17565): [PlaybackTrace][Native][dispatch:property] name=demuxer-cache-state value=null
08-22 17:17:01.414 I/MpvBridgeModule(17565): [PlaybackTrace][Bridge][listener:property] name=demuxer-cache-state value=null
08-22 17:17:01.575 I/MpvJNI  (17565): [PlaybackTrace][Native][getDuration] result=0 duration=149.696033
08-22 17:17:01.575 D/MpvBridgeModule(17565): [PlaybackTrace][Bridge][getDuration] ptr=131217388352464 duration=149.69603333333333
08-22 17:17:01.661 I/MpvEvent(17565): [PlaybackTrace][Native][eventLoop] event_id=22 error=0
08-22 17:17:01.661 I/MpvEvent(17565): [PlaybackTrace][Native][property] name=demuxer-cache-state format=6 value=null
08-22 17:17:01.661 I/MpvEvent(17565): [PlaybackTrace][Native][dispatch:property] name=demuxer-cache-state value=null
08-22 17:17:01.661 I/MpvBridgeModule(17565): [PlaybackTrace][Bridge][listener:property] name=demuxer-cache-state value=null
08-22 17:17:01.715 I/MpvJNI  (17565): [PlaybackTrace][Native][getPosition] result=0 position=1.687917
08-22 17:17:01.715 D/MpvBridgeModule(17565): [PlaybackTrace][Bridge][getPosition] ptr=131217388352464 position=1.6879168080907048
08-22 17:17:01.715 I/MpvJNI  (17565): [PlaybackTrace][Native][getDuration] result=0 duration=149.696033
08-22 17:17:01.715 D/MpvBridgeModule(17565): [PlaybackTrace][Bridge][getDuration] ptr=131217388352464 duration=149.69603333333333
08-22 17:17:01.715 D/MpvBridgeModule(17565): [PlaybackTrace][Bridge][getPlaybackState] ptr=131217388352464 state=playing idle=false eof=false pause=false
08-22 17:17:01.723 I/MpvJNI  (17565): [PlaybackTrace][Native][getDuration] result=0 duration=149.696033
08-22 17:17:01.723 D/MpvBridgeModule(17565): [PlaybackTrace][Bridge][getDuration] ptr=131217388352464 duration=149.69603333333333
08-22 17:17:01.912 I/MpvEvent(17565): [PlaybackTrace][Native][eventLoop] event_id=22 error=0
08-22 17:17:01.913 I/MpvEvent(17565): [PlaybackTrace][Native][property] name=demuxer-cache-state format=6 value=null
08-22 17:17:01.913 I/MpvEvent(17565): [PlaybackTrace][Native][dispatch:property] name=demuxer-cache-state value=null
08-22 17:17:01.913 I/MpvBridgeModule(17565): [PlaybackTrace][Bridge][listener:property] name=demuxer-cache-state value=null
08-22 17:17:01.920 I/MpvJNI  (17565): [PlaybackTrace][Native][getDuration] result=0 duration=149.696033
08-22 17:17:01.920 D/MpvBridgeModule(17565): [PlaybackTrace][Bridge][getDuration] ptr=131217388352464 duration=149.69603333333333
08-22 17:17:02.119 I/MpvJNI  (17565): [PlaybackTrace][Native][getPosition] result=0 position=2.090501
08-22 17:17:02.119 D/MpvBridgeModule(17565): [PlaybackTrace][Bridge][getPosition] ptr=131217388352464 position=2.0905013240907024
08-22 17:17:02.119 I/MpvJNI  (17565): [PlaybackTrace][Native][getDuration] result=0 duration=149.696033
08-22 17:17:02.119 D/MpvBridgeModule(17565): [PlaybackTrace][Bridge][getDuration] ptr=131217388352464 duration=149.69603333333333
08-22 17:17:02.119 D/MpvBridgeModule(17565): [PlaybackTrace][Bridge][getPlaybackState] ptr=131217388352464 state=playing idle=false eof=false pause=false
08-22 17:17:02.163 I/MpvEvent(17565): [PlaybackTrace][Native][eventLoop] event_id=22 error=0
08-22 17:17:02.163 I/MpvEvent(17565): [PlaybackTrace][Native][property] name=demuxer-cache-state format=6 value=null
08-22 17:17:02.163 I/MpvEvent(17565): [PlaybackTrace][Native][dispatch:property] name=demuxer-cache-state value=null
08-22 17:17:02.163 I/MpvBridgeModule(17565): [PlaybackTrace][Bridge][listener:property] name=demuxer-cache-state value=null
08-22 17:17:02.172 I/MpvJNI  (17565): [PlaybackTrace][Native][getDuration] result=0 duration=149.696033
08-22 17:17:02.173 D/MpvBridgeModule(17565): [PlaybackTrace][Bridge][getDuration] ptr=131217388352464 duration=149.69603333333333
08-22 17:17:02.414 I/MpvEvent(17565): [PlaybackTrace][Native][eventLoop] event_id=22 error=0
08-22 17:17:02.414 I/MpvEvent(17565): [PlaybackTrace][Native][property] name=demuxer-cache-state format=6 value=null
08-22 17:17:02.414 I/MpvEvent(17565): [PlaybackTrace][Native][dispatch:property] name=demuxer-cache-state value=null
08-22 17:17:02.414 I/MpvBridgeModule(17565): [PlaybackTrace][Bridge][listener:property] name=demuxer-cache-state value=null
08-22 17:17:02.417 I/MpvJNI  (17565): [PlaybackTrace][Native][getDuration] result=0 duration=149.696033
08-22 17:17:02.417 D/MpvBridgeModule(17565): [PlaybackTrace][Bridge][getDuration] ptr=131217388352464 duration=149.69603333333333
08-22 17:17:02.670 I/MpvEvent(17565): [PlaybackTrace][Native][eventLoop] event_id=22 error=0
08-22 17:17:02.670 I/MpvEvent(17565): [PlaybackTrace][Native][property] name=demuxer-cache-state format=6 value=null
08-22 17:17:02.670 I/MpvEvent(17565): [PlaybackTrace][Native][dispatch:property] name=demuxer-cache-state value=null
08-22 17:17:02.672 I/MpvBridgeModule(17565): [PlaybackTrace][Bridge][listener:property] name=demuxer-cache-state value=null
08-22 17:17:02.685 I/MpvJNI  (17565): [PlaybackTrace][Native][getDuration] result=0 duration=149.696033
08-22 17:17:02.685 D/MpvBridgeModule(17565): [PlaybackTrace][Bridge][getDuration] ptr=131217388352464 duration=149.69603333333333
08-22 17:17:02.918 I/MpvEvent(17565): [PlaybackTrace][Native][eventLoop] event_id=22 error=0
08-22 17:17:02.918 I/MpvEvent(17565): [PlaybackTrace][Native][property] name=demuxer-cache-state format=6 value=null
08-22 17:17:02.918 I/MpvEvent(17565): [PlaybackTrace][Native][dispatch:property] name=demuxer-cache-state value=null
08-22 17:17:02.919 I/MpvBridgeModule(17565): [PlaybackTrace][Bridge][listener:property] name=demuxer-cache-state value=null
08-22 17:17:02.938 I/MpvJNI  (17565): [PlaybackTrace][Native][getPosition] result=0 position=2.910797
08-22 17:17:02.939 D/MpvBridgeModule(17565): [PlaybackTrace][Bridge][getPosition] ptr=131217388352464 position=2.910797497090699
08-22 17:17:02.939 I/MpvJNI  (17565): [PlaybackTrace][Native][getDuration] result=0 duration=149.696033
08-22 17:17:02.939 D/MpvBridgeModule(17565): [PlaybackTrace][Bridge][getDuration] ptr=131217388352464 duration=149.69603333333333
08-22 17:17:02.939 D/MpvBridgeModule(17565): [PlaybackTrace][Bridge][getPlaybackState] ptr=131217388352464 state=playing idle=false eof=false pause=false
08-22 17:17:02.940 I/ReactNativeJS(17565): '[INFO]', '[PlaybackTrace][Controller][loadAndResume:before]', { uri: 'https://prod-1.storage.jamendo.com/?trackid=1593988&format=mp31&from=%2FV3E9Qwm8kkOD6hbkNYXkg%3D%3D%7CMJJdmScXeWFhFQqasgwXjQ%3D%3D',
08-22 17:17:02.941 I/ReactNativeJS(17565): '[INFO]', '[PlaybackTrace][JS][loadFile:call]', { requestedPath: 'https://prod-1.storage.jamendo.com/?trackid=1593988&format=mp31&from=%2FV3E9Qwm8kkOD6hbkNYXkg%3D%3D%7CMJJdmScXeWFhFQqasgwXjQ%3D%3D',
08-22 17:17:02.942 I/MpvBridgeModule(17565): [PlaybackTrace][Bridge][loadFile] requested=https://prod-1.storage.jamendo.com/?trackid=1593988&format=mp31&from=%2FV3E9Qwm8kkOD6hbkNYXkg%3D%3D%7CMJJdmScXeWFhFQqasgwXjQ%3D%3D resolved=https://prod-1.storage.jamendo.com/?trackid=1593988&format=mp31&from=%2FV3E9Qwm8kkOD6hbkNYXkg%3D%3D%7CMJJdmScXeWFhFQqasgwXjQ%3D%3D ptr=131217388352464
08-22 17:17:02.942 I/MpvJNI  (17565): [PlaybackTrace][Native][loadFile] begin path=https://prod-1.storage.jamendo.com/?trackid=1593988&format=mp31&from=%2FV3E9Qwm8kkOD6hbkNYXkg%3D%3D%7CMJJdmScXeWFhFQqasgwXjQ%3D%3D initialized=1
08-22 17:17:02.943 I/MpvJNI  (17565): [PlaybackTrace][Native][loadFile] loadfile command accepted result=0
08-22 17:17:02.943 I/ReactNativeJS(17565): '[INFO]', '[PlaybackTrace][JS][loadFile:return]', { resolvedPath: 'https://prod-1.storage.jamendo.com/?trackid=1593988&format=mp31&from=%2FV3E9Qwm8kkOD6hbkNYXkg%3D%3D%7CMJJdmScXeWFhFQqasgwXjQ%3D%3D' }
08-22 17:17:02.943 I/MpvBridgeModule(17565): [PlaybackTrace][Bridge][loadFile] nativeLoadFile returned
08-22 17:17:02.945 I/MpvEvent(17565): [PlaybackTrace][Native][eventLoop] event_id=2 error=0
08-22 17:17:02.945 I/MpvEvent(17565): [PlaybackTrace][Native][mpv-log] prefix=cplayer level=v text=EOF code: 3  
08-22 17:17:02.945 D/mpv     (17565): [cplayer] v: EOF code: 3  
08-22 17:17:02.945 I/ReactNativeJS(17565): '[INFO]', '[PlaybackTrace][Controller][loadAndResume:loaded]', 'https://prod-1.storage.jamendo.com/?trackid=1593988&format=mp31&from=%2FV3E9Qwm8kkOD6hbkNYXkg%3D%3D%7CMJJdmScXeWFhFQqasgwXjQ%3D%3D'
08-22 17:17:02.945 I/ReactNativeJS(17565): '[INFO]', '[PlaybackTrace][JS][resume:call]'
08-22 17:17:02.946 I/ReactNativeJS(17565): '[INFO]', '[PlaybackTrace][Controller][loadAndResume:resumed]', 'https://prod-1.storage.jamendo.com/?trackid=1593988&format=mp31&from=%2FV3E9Qwm8kkOD6hbkNYXkg%3D%3D%7CMJJdmScXeWFhFQqasgwXjQ%3D%3D'
08-22 17:17:02.955 I/MpvBridgeModule(17565): [PlaybackTrace][Bridge][play] ptr=131217388352464
08-22 17:17:02.962 I/MpvEvent(17565): [PlaybackTrace][Native][eventLoop] event_id=18 error=0
08-22 17:17:02.962 I/MpvEvent(17565): [PlaybackTrace][Native][eventLoop] MPV_EVENT_AUDIO_RECONFIG
08-22 17:17:02.962 I/MpvEvent(17565): [PlaybackTrace][Native][dispatch:event] name=audioReconfig payload={}
08-22 17:17:02.962 I/MpvBridgeModule(17565): [PlaybackTrace][Bridge][listener:event] name=audioReconfig payload={}
08-22 17:17:02.963 I/MpvEvent(17565): [PlaybackTrace][Native][eventLoop] event_id=17 error=0
08-22 17:17:02.963 I/MpvEvent(17565): MPV_EVENT_VIDEO_RECONFIG
08-22 17:17:02.963 I/MpvEvent(17565): [PlaybackTrace][Native][dispatch:event] name=videoReconfig payload={}
08-22 17:17:02.973 I/MpvBridgeModule(17565): [PlaybackTrace][Bridge][listener:event] name=videoReconfig payload={}
08-22 17:17:02.975 I/MpvEvent(17565): [PlaybackTrace][Native][eventLoop] event_id=18 error=0
08-22 17:17:02.975 I/MpvEvent(17565): [PlaybackTrace][Native][eventLoop] MPV_EVENT_AUDIO_RECONFIG
08-22 17:17:02.975 I/MpvEvent(17565): [PlaybackTrace][Native][dispatch:event] name=audioReconfig payload={}
08-22 17:17:02.975 I/MpvBridgeModule(17565): [PlaybackTrace][Bridge][listener:event] name=audioReconfig payload={}
08-22 17:17:02.976 I/MpvJNI  (17565): [PlaybackTrace][Native][play] pause=no result=0
08-22 17:17:02.976 I/MpvBridgeModule(17565): [PlaybackTrace][Bridge][play] nativePlay returned
08-22 17:17:02.977 I/MpvEvent(17565): [PlaybackTrace][Native][eventLoop] event_id=2 error=0
08-22 17:17:02.977 I/MpvEvent(17565): [PlaybackTrace][Native][mpv-log] prefix=cplayer level=v text=Set property: pause="no" -> 1
08-22 17:17:02.977 D/mpv     (17565): [cplayer] v: Set property: pause="no" -> 1
08-22 17:17:02.979 I/MpvJNI  (17565): [PlaybackTrace][Native][getDuration] result=-10 duration=0.000000
08-22 17:17:02.979 D/MpvBridgeModule(17565): [PlaybackTrace][Bridge][getDuration] ptr=131217388352464 duration=0.0
08-22 17:17:03.099 I/MpvEvent(17565): [PlaybackTrace][Native][eventLoop] event_id=7 error=0
08-22 17:17:03.100 E/MpvEvent(17565): [PlaybackTrace][Native][eventLoop] MPV_EVENT_END_FILE reason=2 error=0
08-22 17:17:03.100 I/MpvEvent(17565): [PlaybackTrace][Native][dispatch:event] name=endFile payload={"reason":2,"error":0}
08-22 17:17:03.105 D/MPVLib  (17565): onNativeEvent: endFile {"reason":2,"error":0}
08-22 17:17:03.105 I/MpvBridgeModule(17565): [PlaybackTrace][Bridge][listener:event] name=endFile payload={"reason":2,"error":0}
08-22 17:17:03.106 I/MpvEvent(17565): [PlaybackTrace][Native][eventLoop] event_id=22 error=0
08-22 17:17:03.106 I/MpvEvent(17565): [PlaybackTrace][Native][eventLoop] property=cache-buffering-state format=NONE
08-22 17:17:03.106 I/MpvEvent(17565): [PlaybackTrace][Native][eventLoop] event_id=22 error=0
08-22 17:17:03.106 I/MpvEvent(17565): [PlaybackTrace][Native][eventLoop] property=paused-for-cache format=NONE
08-22 17:17:03.107 I/MpvEvent(17565): [PlaybackTrace][Native][eventLoop] event_id=22 error=0
08-22 17:17:03.107 I/MpvEvent(17565): [PlaybackTrace][Native][eventLoop] property=demuxer-cache-state format=NONE
08-22 17:17:03.107 I/MpvEvent(17565): [PlaybackTrace][Native][eventLoop] event_id=22 error=0
08-22 17:17:03.107 I/MpvEvent(17565): [PlaybackTrace][Native][eventLoop] property=seekable format=NONE
08-22 17:17:03.107 I/MpvEvent(17565): [PlaybackTrace][Native][eventLoop] event_id=2 error=0
08-22 17:17:03.107 I/MpvEvent(17565): [PlaybackTrace][Native][mpv-log] prefix=cplayer level=v text=finished playback, success (reason 2)
08-22 17:17:03.107 D/mpv     (17565): [cplayer] v: finished playback, success (reason 2)
08-22 17:17:03.108 I/MpvEvent(17565): [PlaybackTrace][Native][eventLoop] event_id=2 error=0
08-22 17:17:03.108 I/MpvEvent(17565): [PlaybackTrace][Native][mpv-log] prefix=cplayer level=v text=Running hook: ytdl_hook/on_after_end_file
08-22 17:17:03.108 D/mpv     (17565): [cplayer] v: Running hook: ytdl_hook/on_after_end_file
08-22 17:17:03.113 I/MpvEvent(17565): [PlaybackTrace][Native][eventLoop] event_id=6 error=0
08-22 17:17:03.113 I/MpvEvent(17565): MPV_EVENT_START_FILE
08-22 17:17:03.113 I/MpvEvent(17565): [PlaybackTrace][Native][dispatch:event] name=startFile payload={}
08-22 17:17:03.114 D/MPVLib  (17565): onNativeEvent: startFile {}
08-22 17:17:03.114 I/MpvBridgeModule(17565): [PlaybackTrace][Bridge][listener:event] name=startFile payload={}
08-22 17:17:03.122 I/MpvEvent(17565): [PlaybackTrace][Native][eventLoop] event_id=2 error=0
08-22 17:17:03.122 I/MpvEvent(17565): [PlaybackTrace][Native][mpv-log] prefix=cplayer level=v text=Running hook: ytdl_hook/on_load
08-22 17:17:03.122 D/mpv     (17565): [cplayer] v: Running hook: ytdl_hook/on_load
08-22 17:17:03.122 I/MpvEvent(17565): [PlaybackTrace][Native][eventLoop] event_id=2 error=0
08-22 17:17:03.123 I/MpvEvent(17565): [PlaybackTrace][Native][mpv-log] prefix=cplayer level=v text=Running hook: ytdl_hook/on_load
08-22 17:17:03.123 D/mpv     (17565): [cplayer] v: Running hook: ytdl_hook/on_load
08-22 17:17:03.135 I/MpvEvent(17565): [PlaybackTrace][Native][eventLoop] event_id=2 error=0
08-22 17:17:03.135 I/MpvEvent(17565): [PlaybackTrace][Native][mpv-log] prefix=ytdl_hook level=v text=playlist hook
08-22 17:17:03.136 I/MpvEvent(17565): [PlaybackTrace][Native][eventLoop] event_id=2 error=0
08-22 17:17:03.136 I/MpvEvent(17565): [PlaybackTrace][Native][mpv-log] prefix=stream_callback level=v text=Opening https://prod-1.storage.jamendo.com/?trackid=1593988&format=mp31&from=%2FV3E9Qwm8kkOD6hbkNYXkg%3D%3D%7CMJJdmScXeWFhFQqasgwXjQ%3D%3D
08-22 17:17:03.136 I/MpvEvent(17565): [PlaybackTrace][Native][eventLoop] event_id=2 error=0
08-22 17:17:03.136 I/MpvEvent(17565): [PlaybackTrace][Native][mpv-log] prefix=ffmpeg level=v text=Opening https://prod-1.storage.jamendo.com/?trackid=1593988&format=mp31&from=%2FV3E9Qwm8kkOD6hbkNYXkg%3D%3D%7CMJJdmScXeWFhFQqasgwXjQ%3D%3D
08-22 17:17:03.136 D/mpv     (17565): [ffmpeg] v: Opening https://prod-1.storage.jamendo.com/?trackid=1593988&format=mp31&from=%2FV3E9Qwm8kkOD6hbkNYXkg%3D%3D%7CMJJdmScXeWFhFQqasgwXjQ%3D%3D
08-22 17:17:03.272 I/MpvJNI  (17565): [PlaybackTrace][Native][getPosition] result=-10 position=0.000000
08-22 17:17:03.272 D/MpvBridgeModule(17565): [PlaybackTrace][Bridge][getPosition] ptr=131217388352464 position=0.0
08-22 17:17:03.272 I/MpvJNI  (17565): [PlaybackTrace][Native][getDuration] result=-10 duration=0.000000
08-22 17:17:03.272 D/MpvBridgeModule(17565): [PlaybackTrace][Bridge][getDuration] ptr=131217388352464 duration=0.0
08-22 17:17:03.272 D/MpvBridgeModule(17565): [PlaybackTrace][Bridge][getPlaybackState] ptr=131217388352464 state=playing idle=false eof=false pause=false
08-22 17:17:03.274 I/ReactNativeJS(17565): '[INFO]', '[PlaybackTrace][JS][resume:call]'
08-22 17:17:03.279 I/MpvBridgeModule(17565): [PlaybackTrace][Bridge][play] ptr=131217388352464
08-22 17:17:03.280 I/MpvEvent(17565): [PlaybackTrace][Native][eventLoop] event_id=2 error=0
08-22 17:17:03.280 I/MpvEvent(17565): [PlaybackTrace][Native][mpv-log] prefix=cplayer level=v text=Set property: pause="no" -> 1
08-22 17:17:03.280 D/mpv     (17565): [cplayer] v: Set property: pause="no" -> 1
08-22 17:17:03.281 I/MpvJNI  (17565): [PlaybackTrace][Native][play] pause=no result=0
08-22 17:17:03.281 I/MpvBridgeModule(17565): [PlaybackTrace][Bridge][play] nativePlay returned
08-22 17:17:03.702 I/MpvJNI  (17565): [PlaybackTrace][Native][getPosition] result=-10 position=0.000000
08-22 17:17:03.702 D/MpvBridgeModule(17565): [PlaybackTrace][Bridge][getPosition] ptr=131217388352464 position=0.0
08-22 17:17:03.703 I/MpvJNI  (17565): [PlaybackTrace][Native][getDuration] result=-10 duration=0.000000
08-22 17:17:03.703 D/MpvBridgeModule(17565): [PlaybackTrace][Bridge][getDuration] ptr=131217388352464 duration=0.0
08-22 17:17:03.703 D/MpvBridgeModule(17565): [PlaybackTrace][Bridge][getPlaybackState] ptr=131217388352464 state=playing idle=false eof=false pause=false
08-22 17:17:03.707 I/MpvJNI  (17565): [PlaybackTrace][Native][getDuration] result=-10 duration=0.000000
08-22 17:17:03.707 D/MpvBridgeModule(17565): [PlaybackTrace][Bridge][getDuration] ptr=131217388352464 duration=0.0
08-22 17:17:03.828 I/MpvEvent(17565): [PlaybackTrace][Native][eventLoop] event_id=2 error=0
08-22 17:17:03.828 I/MpvEvent(17565): [PlaybackTrace][Native][mpv-log] prefix=ffmpeg level=v text=Mime-type: 'audio/mpeg'
08-22 17:17:03.829 D/mpv     (17565): [ffmpeg] v: Mime-type: 'audio/mpeg'
08-22 17:17:03.829 I/MpvEvent(17565): [PlaybackTrace][Native][eventLoop] event_id=2 error=0
08-22 17:17:03.829 I/MpvEvent(17565): [PlaybackTrace][Native][mpv-log] prefix=demux level=v text=Trying demuxers for level=normal.
08-22 17:17:03.835 I/MpvEvent(17565): [PlaybackTrace][Native][eventLoop] event_id=2 error=0
08-22 17:17:03.836 I/MpvEvent(17565): [PlaybackTrace][Native][mpv-log] prefix=lavf level=v text=Found 'mp3' at score=24 size=2048.
08-22 17:17:04.008 I/MpvEvent(17565): [PlaybackTrace][Native][eventLoop] event_id=2 error=0
08-22 17:17:04.008 I/MpvEvent(17565): [PlaybackTrace][Native][mpv-log] prefix=lavf level=v text=avformat_find_stream_info() finished after 32275 bytes.
08-22 17:17:04.008 I/MpvEvent(17565): [PlaybackTrace][Native][eventLoop] event_id=2 error=0
08-22 17:17:04.008 I/MpvEvent(17565): [PlaybackTrace][Native][mpv-log] prefix=lavf level=v text=Assuming this is an image format.
08-22 17:17:04.008 I/MpvEvent(17565): [PlaybackTrace][Native][eventLoop] event_id=2 error=0
08-22 17:17:04.008 I/MpvEvent(17565): [PlaybackTrace][Native][mpv-log] prefix=demux level=v text=Detected file format: mp3 (libavformat)
08-22 17:17:04.008 I/MpvEvent(17565): [PlaybackTrace][Native][eventLoop] event_id=2 error=0
08-22 17:17:04.008 I/MpvEvent(17565): [PlaybackTrace][Native][mpv-log] prefix=cplayer level=v text=Opening done: https://prod-1.storage.jamendo.com/?trackid=1593988&format=mp31&from=%2FV3E9Qwm8kkOD6hbkNYXkg%3D%3D%7CMJJdmScXeWFhFQqasgwXjQ%3D%3D
08-22 17:17:04.008 D/mpv     (17565): [cplayer] v: Opening done: https://prod-1.storage.jamendo.com/?trackid=1593988&format=mp31&from=%2FV3E9Qwm8kkOD6hbkNYXkg%3D%3D%7CMJJdmScXeWFhFQqasgwXjQ%3D%3D
08-22 17:17:04.008 I/MpvEvent(17565): [PlaybackTrace][Native][eventLoop] event_id=22 error=0
08-22 17:17:04.008 I/MpvEvent(17565): [PlaybackTrace][Native][property] name=cache-buffering-state format=6 value=null
08-22 17:17:04.008 I/MpvEvent(17565): [PlaybackTrace][Native][dispatch:property] name=cache-buffering-state value=null
08-22 17:17:04.009 D/MPVLib  (17565): onNativePropertyChanged: cache-buffering-state = null
08-22 17:17:04.009 I/MpvBridgeModule(17565): [PlaybackTrace][Bridge][listener:property] name=cache-buffering-state value=null
08-22 17:17:04.010 I/MpvEvent(17565): [PlaybackTrace][Native][eventLoop] event_id=22 error=0
08-22 17:17:04.010 I/MpvEvent(17565): [PlaybackTrace][Native][property] name=demuxer-cache-state format=6 value=null
08-22 17:17:04.010 I/MpvEvent(17565): [PlaybackTrace][Native][dispatch:property] name=demuxer-cache-state value=null
08-22 17:17:04.010 I/MpvBridgeModule(17565): [PlaybackTrace][Bridge][listener:property] name=demuxer-cache-state value=null
08-22 17:17:04.012 I/MpvEvent(17565): [PlaybackTrace][Native][eventLoop] event_id=18 error=0
08-22 17:17:04.012 I/MpvEvent(17565): [PlaybackTrace][Native][eventLoop] MPV_EVENT_AUDIO_RECONFIG
08-22 17:17:04.012 I/MpvEvent(17565): [PlaybackTrace][Native][dispatch:event] name=audioReconfig payload={}
08-22 17:17:04.012 I/MpvBridgeModule(17565): [PlaybackTrace][Bridge][listener:event] name=audioReconfig payload={}
08-22 17:17:04.014 I/MpvEvent(17565): [PlaybackTrace][Native][eventLoop] event_id=18 error=0
08-22 17:17:04.014 I/MpvEvent(17565): [PlaybackTrace][Native][eventLoop] MPV_EVENT_AUDIO_RECONFIG
08-22 17:17:04.014 I/MpvEvent(17565): [PlaybackTrace][Native][dispatch:event] name=audioReconfig payload={}
08-22 17:17:04.015 I/MpvBridgeModule(17565): [PlaybackTrace][Bridge][listener:event] name=audioReconfig payload={}
08-22 17:17:04.015 I/MpvEvent(17565): [PlaybackTrace][Native][eventLoop] event_id=8 error=0
08-22 17:17:04.015 I/MpvEvent(17565): MPV_EVENT_FILE_LOADED
08-22 17:17:04.015 I/MpvEvent(17565): [PlaybackTrace][Native][dispatch:event] name=fileLoaded payload={}
08-22 17:17:04.015 D/MPVLib  (17565): onNativeEvent: fileLoaded {}
08-22 17:17:04.015 I/MpvBridgeModule(17565): [PlaybackTrace][Bridge][listener:event] name=fileLoaded payload={}
08-22 17:17:04.016 I/MpvEvent(17565): [PlaybackTrace][Native][eventLoop] event_id=2 error=0
08-22 17:17:04.016 I/MpvEvent(17565): [PlaybackTrace][Native][mpv-log] prefix=cplayer level=v text=Running hook: ytdl_hook/on_preloaded
08-22 17:17:04.016 D/mpv     (17565): [cplayer] v: Running hook: ytdl_hook/on_preloaded
08-22 17:17:04.016 I/MpvEvent(17565): [PlaybackTrace][Native][eventLoop] event_id=2 error=0
08-22 17:17:04.016 I/MpvEvent(17565): [PlaybackTrace][Native][mpv-log] prefix=lavf level=v text=select track 1
08-22 17:17:04.016 I/MpvEvent(17565): [PlaybackTrace][Native][eventLoop] event_id=2 error=0
08-22 17:17:04.016 I/MpvEvent(17565): [PlaybackTrace][Native][mpv-log] prefix=lavf level=v text=select track 0
08-22 17:17:04.016 I/MpvEvent(17565): [PlaybackTrace][Native][eventLoop] event_id=2 error=0
08-22 17:17:04.016 I/MpvEvent(17565): [PlaybackTrace][Native][mpv-log] prefix=cplayer level=info text=ΓùÅ Image  --vid=1  'Cover Image' (mjpeg [Baseline] 400x400)
08-22 17:17:04.016 D/mpv     (17565): [cplayer] info: ΓùÅ Image  --vid=1  'Cover Image' (mjpeg [Baseline] 400x400)
08-22 17:17:04.016 I/MpvEvent(17565): [PlaybackTrace][Native][eventLoop] event_id=2 error=0
08-22 17:17:04.016 I/MpvEvent(17565): [PlaybackTrace][Native][mpv-log] prefix=cplayer level=info text=ΓùÅ Audio  --aid=1  (mp3 2ch 44100 Hz 96 kbps)
08-22 17:17:04.016 D/mpv     (17565): [cplayer] info: ΓùÅ Audio  --aid=1  (mp3 2ch 44100 Hz 96 kbps)
08-22 17:17:04.016 I/MpvEvent(17565): [PlaybackTrace][Native][eventLoop] event_id=2 error=0
08-22 17:17:04.016 I/MpvEvent(17565): [PlaybackTrace][Native][mpv-log] prefix=display-tags level=info text=File tags:
08-22 17:17:04.017 I/MpvEvent(17565): [PlaybackTrace][Native][eventLoop] event_id=2 error=0
08-22 17:17:04.017 I/MpvEvent(17565): [PlaybackTrace][Native][mpv-log] prefix=display-tags level=info text= Artist: Joystock
08-22 17:17:04.017 I/MpvEvent(17565): [PlaybackTrace][Native][eventLoop] event_id=2 error=0
08-22 17:17:04.017 I/MpvEvent(17565): [PlaybackTrace][Native][mpv-log] prefix=display-tags level=info text= Comment: http://www.jamendo.com cc_standard
08-22 17:17:04.017 I/MpvEvent(17565): [PlaybackTrace][Native][eventLoop] event_id=2 error=0
08-22 17:17:04.017 I/MpvEvent(17565): [PlaybackTrace][Native][mpv-log] prefix=display-tags level=info text= Composer: Joystock
08-22 17:17:04.017 I/MpvEvent(17565): [PlaybackTrace][Native][eventLoop] event_id=2 error=0
08-22 17:17:04.017 I/MpvEvent(17565): [PlaybackTrace][Native][mpv-log] prefix=display-tags level=info text= Date: 2018
08-22 17:17:04.017 I/MpvEvent(17565): [PlaybackTrace][Native][eventLoop] event_id=2 error=0
08-22 17:17:04.017 I/MpvEvent(17565): [PlaybackTrace][Native][mpv-log] prefix=display-tags level=info text= Genre: chillhop
08-22 17:17:04.017 I/MpvEvent(17565): [PlaybackTrace][Native][eventLoop] event_id=2 error=0
08-22 17:17:04.017 I/MpvEvent(17565): [PlaybackTrace][Native][mpv-log] prefix=display-tags level=info text= Title: Lofi Chillout Hip Hop Beat
08-22 17:17:04.017 I/MpvEvent(17565): [PlaybackTrace][Native][eventLoop] event_id=2 error=0
08-22 17:17:04.017 I/MpvEvent(17565): [PlaybackTrace][Native][mpv-log] prefix=display-tags level=info text= Track: 62
08-22 17:17:04.017 I/MpvEvent(17565): [PlaybackTrace][Native][eventLoop] event_id=2 error=0
08-22 17:17:04.017 I/MpvEvent(17565): [PlaybackTrace][Native][mpv-log] prefix=vd level=v text=Container reported FPS: 1.000000
08-22 17:17:04.017 I/MpvEvent(17565): [PlaybackTrace][Native][eventLoop] event_id=2 error=0
08-22 17:17:04.017 I/MpvEvent(17565): [PlaybackTrace][Native][mpv-log] prefix=vd level=v text=Codec list:
08-22 17:17:04.017 I/MpvEvent(17565): [PlaybackTrace][Native][eventLoop] event_id=2 error=0
08-22 17:17:04.017 I/MpvEvent(17565): [PlaybackTrace][Native][mpv-log] prefix=vd level=v text=    mjpeg - MJPEG (Motion JPEG)
08-22 17:17:04.017 I/MpvEvent(17565): [PlaybackTrace][Native][eventLoop] event_id=22 error=0
08-22 17:17:04.017 I/MpvEvent(17565): [PlaybackTrace][Native][property] name=paused-for-cache format=6 value=null
08-22 17:17:04.017 I/MpvEvent(17565): [PlaybackTrace][Native][dispatch:property] name=paused-for-cache value=null
08-22 17:17:04.017 D/MPVLib  (17565): onNativePropertyChanged: paused-for-cache = null
08-22 17:17:04.017 I/MpvBridgeModule(17565): [PlaybackTrace][Bridge][listener:property] name=paused-for-cache value=null
08-22 17:17:04.019 I/MpvEvent(17565): [PlaybackTrace][Native][eventLoop] event_id=22 error=0
08-22 17:17:04.019 I/MpvEvent(17565): [PlaybackTrace][Native][property] name=seekable format=6 value=null
08-22 17:17:04.019 I/MpvEvent(17565): [PlaybackTrace][Native][dispatch:property] name=seekable value=null
08-22 17:17:04.019 I/MpvBridgeModule(17565): [PlaybackTrace][Bridge][listener:property] name=seekable value=null
08-22 17:17:04.020 I/MpvEvent(17565): [PlaybackTrace][Native][eventLoop] event_id=2 error=0
08-22 17:17:04.020 I/ReactNativeJS(17565): '[INFO]', '[PlaybackTrace][Controller][event:onFileLoaded]', { fileUri: 'https://prod-1.storage.jamendo.com/?trackid=1593988&format=mp31&from=%2FV3E9Qwm8kkOD6hbkNYXkg%3D%3D%7CMJJdmScXeWFhFQqasgwXjQ%3D%3D',
08-22 17:17:04.021 I/MpvEvent(17565): [PlaybackTrace][Native][mpv-log] prefix=vd level=v text=Opening decoder mjpeg
08-22 17:17:04.021 I/MpvEvent(17565): [PlaybackTrace][Native][eventLoop] event_id=2 error=0
08-22 17:17:04.021 I/MpvEvent(17565): [PlaybackTrace][Native][mpv-log] prefix=vd level=v text=Not trying to use hardware decoding: codec mjpeg is not on whitelist.
08-22 17:17:04.021 I/MpvEvent(17565): [PlaybackTrace][Native][eventLoop] event_id=2 error=0
08-22 17:17:04.021 I/MpvEvent(17565): [PlaybackTrace][Native][mpv-log] prefix=vd level=v text=Using software decoding.
08-22 17:17:04.021 I/MpvEvent(17565): [PlaybackTrace][Native][eventLoop] event_id=2 error=0
08-22 17:17:04.021 I/MpvEvent(17565): [PlaybackTrace][Native][mpv-log] prefix=vd level=v text=Detected 4 logical cores.
08-22 17:17:04.021 I/MpvEvent(17565): [PlaybackTrace][Native][eventLoop] event_id=2 error=0
08-22 17:17:04.021 I/MpvEvent(17565): [PlaybackTrace][Native][mpv-log] prefix=vd level=v text=Requesting 5 threads for decoding.
08-22 17:17:04.021 I/MpvEvent(17565): [PlaybackTrace][Native][eventLoop] event_id=2 error=0
08-22 17:17:04.021 I/MpvEvent(17565): [PlaybackTrace][Native][mpv-log] prefix=vd level=v text=Selected decoder: mjpeg - MJPEG (Motion JPEG)
08-22 17:17:04.021 I/MpvEvent(17565): [PlaybackTrace][Native][eventLoop] event_id=2 error=0
08-22 17:17:04.021 I/MpvEvent(17565): [PlaybackTrace][Native][mpv-log] prefix=vf level=v text=User filter list:
08-22 17:17:04.022 I/MpvEvent(17565): [PlaybackTrace][Native][eventLoop] event_id=2 error=0
08-22 17:17:04.022 I/MpvEvent(17565): [PlaybackTrace][Native][mpv-log] prefix=vf level=v text=  (empty)
08-22 17:17:04.023 I/MpvEvent(17565): [PlaybackTrace][Native][eventLoop] event_id=2 error=0
08-22 17:17:04.023 I/MpvEvent(17565): [PlaybackTrace][Native][mpv-log] prefix=ad level=v text=Codec list:
08-22 17:17:04.023 I/MpvEvent(17565): [PlaybackTrace][Native][eventLoop] event_id=2 error=0
08-22 17:17:04.023 I/MpvEvent(17565): [PlaybackTrace][Native][mpv-log] prefix=ad level=v text=    mp3float (mp3) - MP3 (MPEG audio layer 3)
08-22 17:17:04.023 I/MpvEvent(17565): [PlaybackTrace][Native][eventLoop] event_id=2 error=0
08-22 17:17:04.023 I/MpvEvent(17565): [PlaybackTrace][Native][mpv-log] prefix=ad level=v text=    mp3 - MP3 (MPEG audio layer 3)
08-22 17:17:04.023 I/MpvEvent(17565): [PlaybackTrace][Native][eventLoop] event_id=2 error=0
08-22 17:17:04.023 I/MpvEvent(17565): [PlaybackTrace][Native][mpv-log] prefix=ad level=v text=    mp3_mediacodec (mp3) - MP3 Android MediaCodec decoder
08-22 17:17:04.023 I/MpvEvent(17565): [PlaybackTrace][Native][eventLoop] event_id=2 error=0
08-22 17:17:04.023 I/MpvEvent(17565): [PlaybackTrace][Native][mpv-log] prefix=ad level=v text=Opening decoder mp3float
08-22 17:17:04.023 I/MpvEvent(17565): [PlaybackTrace][Native][eventLoop] event_id=2 error=0
08-22 17:17:04.024 I/MpvEvent(17565): [PlaybackTrace][Native][mpv-log] prefix=ad level=v text=Requesting 1 threads for decoding.
08-22 17:17:04.024 I/MpvEvent(17565): [PlaybackTrace][Native][eventLoop] event_id=2 error=0
08-22 17:17:04.024 I/MpvEvent(17565): [PlaybackTrace][Native][mpv-log] prefix=ad level=v text=Selected decoder: mp3float - MP3 (MPEG audio layer 3)
08-22 17:17:04.024 I/MpvEvent(17565): [PlaybackTrace][Native][eventLoop] event_id=2 error=0
08-22 17:17:04.024 I/MpvEvent(17565): [PlaybackTrace][Native][mpv-log] prefix=af level=v text=User filter list:
08-22 17:17:04.024 I/MpvEvent(17565): [PlaybackTrace][Native][eventLoop] event_id=2 error=0
08-22 17:17:04.024 I/MpvEvent(17565): [PlaybackTrace][Native][mpv-log] prefix=af level=v text=  (empty)
08-22 17:17:04.024 I/MpvEvent(17565): [PlaybackTrace][Native][eventLoop] event_id=2 error=0
08-22 17:17:04.025 I/MpvEvent(17565): [PlaybackTrace][Native][mpv-log] prefix=cplayer level=info text=Displaying cover art. Use --no-audio-display to prevent this.
08-22 17:17:04.025 D/mpv     (17565): [cplayer] info: Displaying cover art. Use --no-audio-display to prevent this.
08-22 17:17:04.025 I/MpvEvent(17565): [PlaybackTrace][Native][eventLoop] event_id=2 error=0
08-22 17:17:04.025 I/MpvEvent(17565): [PlaybackTrace][Native][mpv-log] prefix=cplayer level=v text=Starting playback...
08-22 17:17:04.025 D/mpv     (17565): [cplayer] v: Starting playback...
08-22 17:17:04.025 I/MpvEvent(17565): [PlaybackTrace][Native][eventLoop] event_id=2 error=0
08-22 17:17:04.025 I/MpvEvent(17565): [PlaybackTrace][Native][mpv-log] prefix=vd level=v text=DR failed - disabling.
08-22 17:17:04.025 I/MpvEvent(17565): [PlaybackTrace][Native][eventLoop] event_id=2 error=0
08-22 17:17:04.025 I/MpvEvent(17565): [PlaybackTrace][Native][mpv-log] prefix=ffmpeg/video level=error text=mjpeg: overread 8
08-22 17:17:04.025 E/MpvEvent(17565): [PlaybackTrace][Native][dispatch:error] code=-1 message=mjpeg: overread 8
08-22 17:17:04.026 E/MpvBridgeModule(17565): [PlaybackTrace][Bridge][listener:error] code=-1 message=mjpeg: overread 8
08-22 17:17:04.027 I/MpvEvent(17565): [PlaybackTrace][Native][eventLoop] event_id=2 error=0
08-22 17:17:04.027 I/MpvEvent(17565): [PlaybackTrace][Native][mpv-log] prefix=ffmpeg/video level=warn text=mjpeg: EOI missing, emulating
08-22 17:17:04.027 I/MpvEvent(17565): [PlaybackTrace][Native][eventLoop] event_id=2 error=0
08-22 17:17:04.027 I/MpvEvent(17565): [PlaybackTrace][Native][mpv-log] prefix=vd level=v text=Using software decoding.
08-22 17:17:04.027 I/MpvEvent(17565): [PlaybackTrace][Native][eventLoop] event_id=2 error=0
08-22 17:17:04.027 I/MpvEvent(17565): [PlaybackTrace][Native][mpv-log] prefix=vd level=v text=Decoder format: 400x400 yuv420p bt.601/auto/auto/full/auto CL=mpeg1/jpeg crop=400x400+0+0 A=none
08-22 17:17:04.027 I/MpvEvent(17565): [PlaybackTrace][Native][eventLoop] event_id=2 error=0
08-22 17:17:04.027 I/MpvEvent(17565): [PlaybackTrace][Native][mpv-log] prefix=vf level=v text=[in] 400x400 yuv420p bt.601/bt.709/srgb/full/display CL=mpeg1/jpeg crop=400x400+0+0 A=none
08-22 17:17:04.027 I/MpvEvent(17565): [PlaybackTrace][Native][eventLoop] event_id=2 error=0
08-22 17:17:04.027 I/MpvEvent(17565): [PlaybackTrace][Native][mpv-log] prefix=vf level=v text=[userdeint] 400x400 yuv420p bt.601/bt.709/srgb/full/display CL=mpeg1/jpeg crop=400x400+0+0 A=none
08-22 17:17:04.027 I/MpvEvent(17565): [PlaybackTrace][Native][eventLoop] event_id=2 error=0
08-22 17:17:04.027 I/MpvEvent(17565): [PlaybackTrace][Native][mpv-log] prefix=vf level=v text=[userdeint] (disabled)
08-22 17:17:04.027 I/MpvEvent(17565): [PlaybackTrace][Native][eventLoop] event_id=2 error=0
08-22 17:17:04.027 I/MpvEvent(17565): [PlaybackTrace][Native][mpv-log] prefix=vf level=v text=[autovflip] 400x400 yuv420p bt.601/bt.709/srgb/full/display CL=mpeg1/jpeg crop=400x400+0+0 A=none
08-22 17:17:04.027 I/MpvEvent(17565): [PlaybackTrace][Native][eventLoop] event_id=2 error=0
08-22 17:17:04.027 I/MpvEvent(17565): [PlaybackTrace][Native][mpv-log] prefix=vf level=v text=[autovflip] (disabled)
08-22 17:17:04.027 I/MpvEvent(17565): [PlaybackTrace][Native][eventLoop] event_id=2 error=0
08-22 17:17:04.027 I/MpvEvent(17565): [PlaybackTrace][Native][mpv-log] prefix=vf level=v text=[autorotate] 400x400 yuv420p bt.601/bt.709/srgb/full/display CL=mpeg1/jpeg crop=400x400+0+0 A=none
08-22 17:17:04.028 I/MpvEvent(17565): [PlaybackTrace][Native][eventLoop] event_id=2 error=0
08-22 17:17:04.028 I/MpvEvent(17565): [PlaybackTrace][Native][mpv-log] prefix=vf level=v text=[autorotate] (disabled)
08-22 17:17:04.028 I/MpvEvent(17565): [PlaybackTrace][Native][eventLoop] event_id=2 error=0
08-22 17:17:04.028 I/MpvEvent(17565): [PlaybackTrace][Native][mpv-log] prefix=vf level=v text=[convert] 400x400 yuv420p bt.601/bt.709/srgb/full/display CL=mpeg1/jpeg crop=400x400+0+0 A=none
08-22 17:17:04.028 I/MpvEvent(17565): [PlaybackTrace][Native][eventLoop] event_id=2 error=0
08-22 17:17:04.028 I/MpvEvent(17565): [PlaybackTrace][Native][mpv-log] prefix=vf level=v text=[convert] (disabled)
08-22 17:17:04.028 I/MpvEvent(17565): [PlaybackTrace][Native][eventLoop] event_id=2 error=0
08-22 17:17:04.028 I/MpvEvent(17565): [PlaybackTrace][Native][mpv-log] prefix=vf level=v text=[out] 400x400 yuv420p bt.601/bt.709/srgb/full/display CL=mpeg1/jpeg crop=400x400+0+0 A=none
08-22 17:17:04.028 I/MpvEvent(17565): [PlaybackTrace][Native][eventLoop] event_id=2 error=0
08-22 17:17:04.028 I/MpvEvent(17565): [PlaybackTrace][Native][mpv-log] prefix=af level=v text=[in] 44100Hz stereo 2ch floatp
08-22 17:17:04.028 I/MpvEvent(17565): [PlaybackTrace][Native][eventLoop] event_id=2 error=0
08-22 17:17:04.028 I/MpvEvent(17565): [PlaybackTrace][Native][mpv-log] prefix=af level=v text=[userspeed] 44100Hz stereo 2ch floatp
08-22 17:17:04.028 I/MpvEvent(17565): [PlaybackTrace][Native][eventLoop] event_id=2 error=0
08-22 17:17:04.028 I/MpvEvent(17565): [PlaybackTrace][Native][mpv-log] prefix=af level=v text=[userspeed] (disabled)
08-22 17:17:04.028 I/MpvEvent(17565): [PlaybackTrace][Native][eventLoop] event_id=2 error=0
08-22 17:17:04.028 I/MpvEvent(17565): [PlaybackTrace][Native][mpv-log] prefix=af level=v text=[convert] 44100Hz stereo 2ch floatp
08-22 17:17:04.028 I/MpvEvent(17565): [PlaybackTrace][Native][eventLoop] event_id=2 error=0
08-22 17:17:04.028 I/MpvEvent(17565): [PlaybackTrace][Native][mpv-log] prefix=cplayer level=v text=first video frame after restart shown
08-22 17:17:04.028 D/mpv     (17565): [cplayer] v: first video frame after restart shown
08-22 17:17:04.028 I/MpvEvent(17565): [PlaybackTrace][Native][eventLoop] event_id=2 error=0
08-22 17:17:04.028 I/MpvEvent(17565): [PlaybackTrace][Native][mpv-log] prefix=ao level=v text=Trying audio driver 'audiotrack'
08-22 17:17:04.028 I/MpvEvent(17565): [PlaybackTrace][Native][eventLoop] event_id=2 error=0
08-22 17:17:04.028 I/MpvEvent(17565): [PlaybackTrace][Native][mpv-log] prefix=ao/audiotrack level=v text=requested format: 44100 Hz, stereo channels, floatp
08-22 17:17:04.028 D/mpv     (17565): [ao/audiotrack] v: requested format: 44100 Hz, stereo channels, floatp
08-22 17:17:04.028 I/MpvEvent(17565): [PlaybackTrace][Native][eventLoop] event_id=2 error=0
08-22 17:17:04.028 I/MpvEvent(17565): [PlaybackTrace][Native][mpv-log] prefix=ao/audiotrack level=v text=AudioTrack.nativeOutputSampleRate = 48000
08-22 17:17:04.028 D/mpv     (17565): [ao/audiotrack] v: AudioTrack.nativeOutputSampleRate = 48000
08-22 17:17:04.028 I/MpvEvent(17565): [PlaybackTrace][Native][eventLoop] event_id=2 error=0
08-22 17:17:04.028 I/MpvEvent(17565): [PlaybackTrace][Native][mpv-log] prefix=ao/audiotrack level=v text=Channel layouts:
08-22 17:17:04.028 D/mpv     (17565): [ao/audiotrack] v: Channel layouts:
08-22 17:17:04.028 I/MpvEvent(17565): [PlaybackTrace][Native][eventLoop] event_id=2 error=0
08-22 17:17:04.028 I/MpvEvent(17565): [PlaybackTrace][Native][mpv-log] prefix=ao/audiotrack level=v text= - mono
08-22 17:17:04.028 D/mpv     (17565): [ao/audiotrack] v:  - mono
08-22 17:17:04.028 I/MpvEvent(17565): [PlaybackTrace][Native][eventLoop] event_id=2 error=0
08-22 17:17:04.028 I/MpvEvent(17565): [PlaybackTrace][Native][mpv-log] prefix=ao/audiotrack level=v text= - stereo
08-22 17:17:04.028 D/mpv     (17565): [ao/audiotrack] v:  - stereo
08-22 17:17:04.028 I/MpvEvent(17565): [PlaybackTrace][Native][eventLoop] event_id=2 error=0
08-22 17:17:04.028 I/MpvEvent(17565): [PlaybackTrace][Native][mpv-log] prefix=ao/audiotrack level=v text= - 3.0
08-22 17:17:04.028 D/mpv     (17565): [ao/audiotrack] v:  - 3.0
08-22 17:17:04.028 I/MpvEvent(17565): [PlaybackTrace][Native][eventLoop] event_id=2 error=0
08-22 17:17:04.028 I/MpvEvent(17565): [PlaybackTrace][Native][mpv-log] prefix=ao/audiotrack level=v text= - quad
08-22 17:17:04.028 D/mpv     (17565): [ao/audiotrack] v:  - quad
08-22 17:17:04.028 I/MpvEvent(17565): [PlaybackTrace][Native][eventLoop] event_id=2 error=0
08-22 17:17:04.028 I/MpvEvent(17565): [PlaybackTrace][Native][mpv-log] prefix=ao/audiotrack level=v text= - 5.0
08-22 17:17:04.028 D/mpv     (17565): [ao/audiotrack] v:  - 5.0
08-22 17:17:04.028 I/MpvEvent(17565): [PlaybackTrace][Native][eventLoop] event_id=2 error=0
08-22 17:17:04.028 I/MpvEvent(17565): [PlaybackTrace][Native][mpv-log] prefix=ao/audiotrack level=v text= - 5.1
08-22 17:17:04.028 D/mpv     (17565): [ao/audiotrack] v:  - 5.1
08-22 17:17:04.028 I/MpvEvent(17565): [PlaybackTrace][Native][eventLoop] event_id=2 error=0
08-22 17:17:04.029 I/MpvEvent(17565): [PlaybackTrace][Native][mpv-log] prefix=ao/audiotrack level=v text= - 6.1(back)
08-22 17:17:04.029 D/mpv     (17565): [ao/audiotrack] v:  - 6.1(back)
08-22 17:17:04.029 I/MpvEvent(17565): [PlaybackTrace][Native][eventLoop] event_id=2 error=0
08-22 17:17:04.029 I/MpvEvent(17565): [PlaybackTrace][Native][mpv-log] prefix=ao/audiotrack level=v text= - 7.1
08-22 17:17:04.029 D/mpv     (17565): [ao/audiotrack] v:  - 7.1
08-22 17:17:04.029 I/MpvEvent(17565): [PlaybackTrace][Native][eventLoop] event_id=2 error=0
08-22 17:17:04.029 I/MpvEvent(17565): [PlaybackTrace][Native][mpv-log] prefix=ao/audiotrack level=v text=result: stereo
08-22 17:17:04.029 D/mpv     (17565): [ao/audiotrack] v: result: stereo
08-22 17:17:04.029 I/MpvEvent(17565): [PlaybackTrace][Native][eventLoop] event_id=2 error=0
08-22 17:17:04.029 I/MpvEvent(17565): [PlaybackTrace][Native][mpv-log] prefix=ao/audiotrack level=v text=Setting bufferSize = 52920 (driver=32096, min=26460, max=52920)
08-22 17:17:04.029 D/mpv     (17565): [ao/audiotrack] v: Setting bufferSize = 52920 (driver=32096, min=26460, max=52920)
08-22 17:17:04.029 I/MpvEvent(17565): [PlaybackTrace][Native][eventLoop] event_id=2 error=0
08-22 17:17:04.029 I/MpvEvent(17565): [PlaybackTrace][Native][mpv-log] prefix=ao/audiotrack level=v text=Using NIO ByteBuffer
08-22 17:17:04.029 D/mpv     (17565): [ao/audiotrack] v: Using NIO ByteBuffer
08-22 17:17:04.029 I/MpvEvent(17565): [PlaybackTrace][Native][eventLoop] event_id=2 error=0
08-22 17:17:04.029 I/MpvEvent(17565): [PlaybackTrace][Native][mpv-log] prefix=ao/audiotrack level=v text=Using API21 initializer
08-22 17:17:04.029 D/mpv     (17565): [ao/audiotrack] v: Using API21 initializer
08-22 17:17:04.043 I/MpvEvent(17565): [PlaybackTrace][Native][eventLoop] event_id=2 error=0
08-22 17:17:04.043 I/MpvEvent(17565): [PlaybackTrace][Native][mpv-log] prefix=ao/audiotrack level=v text=AudioTrack.getBufferSizeInFrames = 6615
08-22 17:17:04.043 D/mpv     (17565): [ao/audiotrack] v: AudioTrack.getBufferSizeInFrames = 6615
08-22 17:17:04.043 I/MpvEvent(17565): [PlaybackTrace][Native][eventLoop] event_id=2 error=0
08-22 17:17:04.043 I/MpvEvent(17565): [PlaybackTrace][Native][mpv-log] prefix=ao/audiotrack level=v text=device buffer: 6615 samples.
08-22 17:17:04.043 D/mpv     (17565): [ao/audiotrack] v: device buffer: 6615 samples.
08-22 17:17:04.046 I/MpvEvent(17565): [PlaybackTrace][Native][eventLoop] event_id=2 error=0
08-22 17:17:04.046 I/MpvEvent(17565): [PlaybackTrace][Native][mpv-log] prefix=ao/audiotrack level=v text=using soft-buffer of 8820 samples.
08-22 17:17:04.046 D/mpv     (17565): [ao/audiotrack] v: using soft-buffer of 8820 samples.
08-22 17:17:04.046 I/MpvEvent(17565): [PlaybackTrace][Native][eventLoop] event_id=2 error=0
08-22 17:17:04.046 I/MpvEvent(17565): [PlaybackTrace][Native][mpv-log] prefix=cplayer level=info text=AO: [audiotrack] 44100Hz stereo 2ch float
08-22 17:17:04.046 D/mpv     (17565): [cplayer] info: AO: [audiotrack] 44100Hz stereo 2ch float
08-22 17:17:04.046 I/MpvEvent(17565): [PlaybackTrace][Native][eventLoop] event_id=2 error=0
08-22 17:17:04.046 I/MpvEvent(17565): [PlaybackTrace][Native][mpv-log] prefix=cplayer level=v text=AO: Description: Android AudioTrack audio output
08-22 17:17:04.046 D/mpv     (17565): [cplayer] v: AO: Description: Android AudioTrack audio output
08-22 17:17:04.049 I/MpvEvent(17565): [PlaybackTrace][Native][eventLoop] event_id=18 error=0
08-22 17:17:04.049 I/MpvEvent(17565): [PlaybackTrace][Native][eventLoop] MPV_EVENT_AUDIO_RECONFIG
08-22 17:17:04.049 I/MpvEvent(17565): [PlaybackTrace][Native][dispatch:event] name=audioReconfig payload={}
08-22 17:17:04.050 I/MpvBridgeModule(17565): [PlaybackTrace][Bridge][listener:event] name=audioReconfig payload={}
08-22 17:17:04.054 I/MpvEvent(17565): [PlaybackTrace][Native][eventLoop] event_id=17 error=0
08-22 17:17:04.055 I/MpvEvent(17565): MPV_EVENT_VIDEO_RECONFIG
08-22 17:17:04.055 I/MpvEvent(17565): [PlaybackTrace][Native][dispatch:event] name=videoReconfig payload={}
08-22 17:17:04.055 I/MpvBridgeModule(17565): [PlaybackTrace][Bridge][listener:event] name=videoReconfig payload={}
08-22 17:17:04.059 I/MpvEvent(17565): [PlaybackTrace][Native][eventLoop] event_id=2 error=0
08-22 17:17:04.059 I/MpvEvent(17565): [PlaybackTrace][Native][mpv-log] prefix=autoconvert level=v text=inserting resampler
08-22 17:17:04.060 I/MpvEvent(17565): [PlaybackTrace][Native][eventLoop] event_id=2 error=0
08-22 17:17:04.060 I/MpvEvent(17565): [PlaybackTrace][Native][mpv-log] prefix=swresample level=v text=format change, reinitializing resampler
08-22 17:17:04.060 I/MpvEvent(17565): [PlaybackTrace][Native][eventLoop] event_id=2 error=0
08-22 17:17:04.060 I/MpvEvent(17565): [PlaybackTrace][Native][mpv-log] prefix=swresample level=v text=44100Hz stereo floatp -> 44100Hz stereo float
08-22 17:17:04.060 I/MpvEvent(17565): [PlaybackTrace][Native][eventLoop] event_id=2 error=0
08-22 17:17:04.060 I/MpvEvent(17565): [PlaybackTrace][Native][mpv-log] prefix=af level=v text=[out] 44100Hz stereo 2ch float
08-22 17:17:04.065 I/MpvJNI  (17565): [PlaybackTrace][Native][getDuration] result=0 duration=149.696033
08-22 17:17:04.065 I/MpvEvent(17565): [PlaybackTrace][Native][eventLoop] event_id=22 error=0
08-22 17:17:04.065 I/MpvEvent(17565): [PlaybackTrace][Native][property] name=demuxer-cache-state format=6 value=null
08-22 17:17:04.065 I/MpvEvent(17565): [PlaybackTrace][Native][dispatch:property] name=demuxer-cache-state value=null
08-22 17:17:04.065 D/MpvBridgeModule(17565): [PlaybackTrace][Bridge][getDuration] ptr=131217388352464 duration=149.69603333333333
08-22 17:17:04.066 I/MpvBridgeModule(17565): [PlaybackTrace][Bridge][listener:property] name=demuxer-cache-state value=null
08-22 17:17:04.070 I/MpvEvent(17565): [PlaybackTrace][Native][eventLoop] event_id=2 error=0
08-22 17:17:04.070 I/MpvEvent(17565): [PlaybackTrace][Native][mpv-log] prefix=cplayer level=v text=audio ready
08-22 17:17:04.070 D/mpv     (17565): [cplayer] v: audio ready
08-22 17:17:04.070 I/MpvEvent(17565): [PlaybackTrace][Native][eventLoop] event_id=2 error=0
08-22 17:17:04.070 I/MpvEvent(17565): [PlaybackTrace][Native][mpv-log] prefix=cplayer level=v text=starting audio playback
08-22 17:17:04.070 D/mpv     (17565): [cplayer] v: starting audio playback
08-22 17:17:04.074 I/MpvEvent(17565): [PlaybackTrace][Native][eventLoop] event_id=21 error=0
08-22 17:17:04.074 I/MpvEvent(17565): [PlaybackTrace][Native][eventLoop] MPV_EVENT_PLAYBACK_RESTART
08-22 17:17:04.074 I/MpvEvent(17565): [PlaybackTrace][Native][dispatch:event] name=playbackRestart payload={}
08-22 17:17:04.075 I/MpvBridgeModule(17565): [PlaybackTrace][Bridge][listener:event] name=playbackRestart payload={}
08-22 17:17:04.076 I/MpvEvent(17565): [PlaybackTrace][Native][eventLoop] event_id=2 error=0
08-22 17:17:04.076 I/MpvEvent(17565): [PlaybackTrace][Native][mpv-log] prefix=cplayer level=v text=playback restart complete @ 0.000001, audio=playing, video=eof
08-22 17:17:04.076 D/mpv     (17565): [cplayer] v: playback restart complete @ 0.000001, audio=playing, video=eof
08-22 17:17:04.078 I/MpvEvent(17565): [PlaybackTrace][Native][eventLoop] event_id=2 error=0
08-22 17:17:04.078 I/MpvEvent(17565): [PlaybackTrace][Native][mpv-log] prefix=cplayer level=warn text=Audio device underrun detected.
08-22 17:17:04.078 D/mpv     (17565): [cplayer] warn: Audio device underrun detected.
08-22 17:17:04.078 I/MpvEvent(17565): [PlaybackTrace][Native][eventLoop] event_id=2 error=0
08-22 17:17:04.078 I/MpvEvent(17565): [PlaybackTrace][Native][mpv-log] prefix=cplayer level=v text=restarting audio after underrun
08-22 17:17:04.078 D/mpv     (17565): [cplayer] v: restarting audio after underrun
08-22 17:17:04.270 I/MpvEvent(17565): [PlaybackTrace][Native][eventLoop] event_id=22 error=0
08-22 17:17:04.270 I/MpvEvent(17565): [PlaybackTrace][Native][property] name=demuxer-cache-state format=6 value=null
08-22 17:17:04.270 I/MpvEvent(17565): [PlaybackTrace][Native][dispatch:property] name=demuxer-cache-state value=null
08-22 17:17:04.270 I/MpvBridgeModule(17565): [PlaybackTrace][Bridge][listener:property] name=demuxer-cache-state value=null
08-22 17:17:04.396 I/MpvJNI  (17565): [PlaybackTrace][Native][getPosition] result=0 position=0.188599
08-22 17:17:04.397 D/MpvBridgeModule(17565): [PlaybackTrace][Bridge][getPosition] ptr=131217388352464 position=0.18859889609070257
08-22 17:17:04.397 I/MpvJNI  (17565): [PlaybackTrace][Native][getDuration] result=0 duration=149.696033
08-22 17:17:04.397 D/MpvBridgeModule(17565): [PlaybackTrace][Bridge][getDuration] ptr=131217388352464 duration=149.69603333333333
08-22 17:17:04.399 D/MpvBridgeModule(17565): [PlaybackTrace][Bridge][getPlaybackState] ptr=131217388352464 state=playing idle=false eof=false pause=false
08-22 17:17:04.414 I/MpvJNI  (17565): [PlaybackTrace][Native][getDuration] result=0 duration=149.696033
08-22 17:17:04.414 D/MpvBridgeModule(17565): [PlaybackTrace][Bridge][getDuration] ptr=131217388352464 duration=149.69603333333333
08-22 17:17:04.521 I/MpvEvent(17565): [PlaybackTrace][Native][eventLoop] event_id=22 error=0
08-22 17:17:04.521 I/MpvEvent(17565): [PlaybackTrace][Native][property] name=demuxer-cache-state format=6 value=null
08-22 17:17:04.521 I/MpvEvent(17565): [PlaybackTrace][Native][dispatch:property] name=demuxer-cache-state value=null
08-22 17:17:04.523 I/MpvBridgeModule(17565): [PlaybackTrace][Bridge][listener:property] name=demuxer-cache-state value=null
08-22 17:17:04.726 I/MpvJNI  (17565): [PlaybackTrace][Native][getPosition] result=0 position=0.464716
08-22 17:17:04.726 D/MpvBridgeModule(17565): [PlaybackTrace][Bridge][getPosition] ptr=131217388352464 position=0.46471564409070254
08-22 17:17:04.727 I/MpvJNI  (17565): [PlaybackTrace][Native][getDuration] result=0 duration=149.696033
08-22 17:17:04.727 D/MpvBridgeModule(17565): [PlaybackTrace][Bridge][getDuration] ptr=131217388352464 duration=149.69603333333333
08-22 17:17:04.728 D/MpvBridgeModule(17565): [PlaybackTrace][Bridge][getPlaybackState] ptr=131217388352464 state=playing idle=false eof=false pause=false
08-22 17:17:04.736 I/MpvJNI  (17565): [PlaybackTrace][Native][getDuration] result=0 duration=149.696033
08-22 17:17:04.736 D/MpvBridgeModule(17565): [PlaybackTrace][Bridge][getDuration] ptr=131217388352464 duration=149.69603333333333
08-22 17:17:04.771 I/MpvEvent(17565): [PlaybackTrace][Native][eventLoop] event_id=22 error=0
08-22 17:17:04.771 I/MpvEvent(17565): [PlaybackTrace][Native][property] name=demuxer-cache-state format=6 value=null
08-22 17:17:04.771 I/MpvEvent(17565): [PlaybackTrace][Native][dispatch:property] name=demuxer-cache-state value=null
08-22 17:17:04.772 I/MpvBridgeModule(17565): [PlaybackTrace][Bridge][listener:property] name=demuxer-cache-state value=null
08-22 17:17:05.022 I/MpvEvent(17565): [PlaybackTrace][Native][eventLoop] event_id=22 error=0
08-22 17:17:05.022 I/MpvEvent(17565): [PlaybackTrace][Native][property] name=demuxer-cache-state format=6 value=null
08-22 17:17:05.022 I/MpvEvent(17565): [PlaybackTrace][Native][dispatch:property] name=demuxer-cache-state value=null
08-22 17:17:05.023 I/MpvBridgeModule(17565): [PlaybackTrace][Bridge][listener:property] name=demuxer-cache-state value=null
08-22 17:17:05.077 I/MpvJNI  (17565): [PlaybackTrace][Native][getDuration] result=0 duration=149.696033
08-22 17:17:05.077 D/MpvBridgeModule(17565): [PlaybackTrace][Bridge][getDuration] ptr=131217388352464 duration=149.69603333333333
08-22 17:17:05.254 I/MpvJNI  (17565): [PlaybackTrace][Native][getPosition] result=0 position=1.092982
08-22 17:17:05.254 D/MpvBridgeModule(17565): [PlaybackTrace][Bridge][getPosition] ptr=131217388352464 position=1.0929816400907046
08-22 17:17:05.254 I/MpvJNI  (17565): [PlaybackTrace][Native][getDuration] result=0 duration=149.696033
08-22 17:17:05.254 D/MpvBridgeModule(17565): [PlaybackTrace][Bridge][getDuration] ptr=131217388352464 duration=149.69603333333333
08-22 17:17:05.254 D/MpvBridgeModule(17565): [PlaybackTrace][Bridge][getPlaybackState] ptr=131217388352464 state=playing idle=false eof=false pause=false
08-22 17:17:05.277 I/MpvEvent(17565): [PlaybackTrace][Native][eventLoop] event_id=22 error=0
08-22 17:17:05.277 I/MpvEvent(17565): [PlaybackTrace][Native][property] name=demuxer-cache-state format=6 value=null
08-22 17:17:05.277 I/MpvEvent(17565): [PlaybackTrace][Native][dispatch:property] name=demuxer-cache-state value=null
08-22 17:17:05.278 I/MpvBridgeModule(17565): [PlaybackTrace][Bridge][listener:property] name=demuxer-cache-state value=null
08-22 17:17:05.282 I/MpvJNI  (17565): [PlaybackTrace][Native][getDuration] result=0 duration=149.696033
08-22 17:17:05.282 D/MpvBridgeModule(17565): [PlaybackTrace][Bridge][getDuration] ptr=131217388352464 duration=149.69603333333333
08-22 17:17:05.532 I/MpvEvent(17565): [PlaybackTrace][Native][eventLoop] event_id=22 error=0
08-22 17:17:05.533 I/MpvEvent(17565): [PlaybackTrace][Native][property] name=demuxer-cache-state format=6 value=null
08-22 17:17:05.533 I/MpvEvent(17565): [PlaybackTrace][Native][dispatch:property] name=demuxer-cache-state value=null
08-22 17:17:05.533 I/MpvBridgeModule(17565): [PlaybackTrace][Bridge][listener:property] name=demuxer-cache-state value=null
08-22 17:17:05.546 I/MpvJNI  (17565): [PlaybackTrace][Native][getDuration] result=0 duration=149.696033
08-22 17:17:05.546 D/MpvBridgeModule(17565): [PlaybackTrace][Bridge][getDuration] ptr=131217388352464 duration=149.69603333333333
08-22 17:17:05.745 I/MpvJNI  (17565): [PlaybackTrace][Native][getPosition] result=0 position=1.546264
08-22 17:17:05.745 D/MpvBridgeModule(17565): [PlaybackTrace][Bridge][getPosition] ptr=131217388352464 position=1.5462642530907054
08-22 17:17:05.745 I/MpvJNI  (17565): [PlaybackTrace][Native][getDuration] result=0 duration=149.696033
08-22 17:17:05.745 D/MpvBridgeModule(17565): [PlaybackTrace][Bridge][getDuration] ptr=131217388352464 duration=149.69603333333333
08-22 17:17:05.745 D/MpvBridgeModule(17565): [PlaybackTrace][Bridge][getPlaybackState] ptr=131217388352464 state=playing idle=false eof=false pause=false
08-22 17:17:05.750 I/MpvJNI  (17565): [PlaybackTrace][Native][getDuration] result=0 duration=149.696033
08-22 17:17:05.750 D/MpvBridgeModule(17565): [PlaybackTrace][Bridge][getDuration] ptr=131217388352464 duration=149.69603333333333
08-22 17:17:05.778 I/MpvEvent(17565): [PlaybackTrace][Native][eventLoop] event_id=22 error=0
08-22 17:17:05.778 I/MpvEvent(17565): [PlaybackTrace][Native][property] name=demuxer-cache-state format=6 value=null
08-22 17:17:05.778 I/MpvEvent(17565): [PlaybackTrace][Native][dispatch:property] name=demuxer-cache-state value=null
08-22 17:17:05.778 I/MpvBridgeModule(17565): [PlaybackTrace][Bridge][listener:property] name=demuxer-cache-state value=null
08-22 17:17:05.958 I/MpvJNI  (17565): [PlaybackTrace][Native][getDuration] result=0 duration=149.696033
08-22 17:17:05.959 D/MpvBridgeModule(17565): [PlaybackTrace][Bridge][getDuration] ptr=131217388352464 duration=149.69603333333333
08-22 17:17:06.030 I/MpvEvent(17565): [PlaybackTrace][Native][eventLoop] event_id=22 error=0
08-22 17:17:06.031 I/MpvEvent(17565): [PlaybackTrace][Native][property] name=demuxer-cache-state format=6 value=null
08-22 17:17:06.031 I/MpvEvent(17565): [PlaybackTrace][Native][dispatch:property] name=demuxer-cache-state value=null
08-22 17:17:06.033 I/MpvBridgeModule(17565): [PlaybackTrace][Bridge][listener:property] name=demuxer-cache-state value=null
08-22 17:17:06.125 I/MpvJNI  (17565): [PlaybackTrace][Native][getDuration] result=0 duration=149.696033
08-22 17:17:06.125 D/MpvBridgeModule(17565): [PlaybackTrace][Bridge][getDuration] ptr=131217388352464 duration=149.69603333333333
08-22 17:17:06.283 I/MpvEvent(17565): [PlaybackTrace][Native][eventLoop] event_id=22 error=0
08-22 17:17:06.283 I/MpvEvent(17565): [PlaybackTrace][Native][property] name=demuxer-cache-state format=6 value=null
08-22 17:17:06.283 I/MpvEvent(17565): [PlaybackTrace][Native][dispatch:property] name=demuxer-cache-state value=null
08-22 17:17:06.284 I/MpvBridgeModule(17565): [PlaybackTrace][Bridge][listener:property] name=demuxer-cache-state value=null
08-22 17:17:06.286 I/MpvJNI  (17565): [PlaybackTrace][Native][getPosition] result=0 position=2.127246
08-22 17:17:06.286 D/MpvBridgeModule(17565): [PlaybackTrace][Bridge][getPosition] ptr=131217388352464 position=2.1272458410907022
08-22 17:17:06.286 I/MpvJNI  (17565): [PlaybackTrace][Native][getDuration] result=0 duration=149.696033
08-22 17:17:06.286 D/MpvBridgeModule(17565): [PlaybackTrace][Bridge][getDuration] ptr=131217388352464 duration=149.69603333333333
08-22 17:17:06.287 D/MpvBridgeModule(17565): [PlaybackTrace][Bridge][getPlaybackState] ptr=131217388352464 state=playing idle=false eof=false pause=false
08-22 17:17:06.311 I/MpvJNI  (17565): [PlaybackTrace][Native][getDuration] result=0 duration=149.696033
08-22 17:17:06.311 D/MpvBridgeModule(17565): [PlaybackTrace][Bridge][getDuration] ptr=131217388352464 duration=149.69603333333333
08-22 17:17:06.532 I/MpvEvent(17565): [PlaybackTrace][Native][eventLoop] event_id=22 error=0
08-22 17:17:06.532 I/MpvEvent(17565): [PlaybackTrace][Native][property] name=demuxer-cache-state format=6 value=null
08-22 17:17:06.532 I/MpvEvent(17565): [PlaybackTrace][Native][dispatch:property] name=demuxer-cache-state value=null
08-22 17:17:06.532 I/MpvBridgeModule(17565): [PlaybackTrace][Bridge][listener:property] name=demuxer-cache-state value=null
08-22 17:17:06.536 I/MpvJNI  (17565): [PlaybackTrace][Native][getDuration] result=0 duration=149.696033
08-22 17:17:06.536 D/MpvBridgeModule(17565): [PlaybackTrace][Bridge][getDuration] ptr=131217388352464 duration=149.69603333333333
08-22 17:17:06.756 I/MpvJNI  (17565): [PlaybackTrace][Native][getPosition] result=0 position=2.543788
08-22 17:17:06.756 D/MpvBridgeModule(17565): [PlaybackTrace][Bridge][getPosition] ptr=131217388352464 position=2.5437883760907
08-22 17:17:06.757 I/MpvJNI  (17565): [PlaybackTrace][Native][getDuration] result=0 duration=149.696033
08-22 17:17:06.757 D/MpvBridgeModule(17565): [PlaybackTrace][Bridge][getDuration] ptr=131217388352464 duration=149.69603333333333
08-22 17:17:06.762 D/MpvBridgeModule(17565): [PlaybackTrace][Bridge][getPlaybackState] ptr=131217388352464 state=playing idle=false eof=false pause=false
08-22 17:17:06.773 I/MpvJNI  (17565): [PlaybackTrace][Native][getDuration] result=0 duration=149.696033
08-22 17:17:06.774 D/MpvBridgeModule(17565): [PlaybackTrace][Bridge][getDuration] ptr=131217388352464 duration=149.69603333333333
08-22 17:17:06.788 I/MpvEvent(17565): [PlaybackTrace][Native][eventLoop] event_id=22 error=0
08-22 17:17:06.788 I/MpvEvent(17565): [PlaybackTrace][Native][property] name=demuxer-cache-state format=6 value=null
08-22 17:17:06.788 I/MpvEvent(17565): [PlaybackTrace][Native][dispatch:property] name=demuxer-cache-state value=null
08-22 17:17:06.789 I/MpvBridgeModule(17565): [PlaybackTrace][Bridge][listener:property] name=demuxer-cache-state value=null
08-22 17:17:07.006 I/MpvJNI  (17565): [PlaybackTrace][Native][getDuration] result=0 duration=149.696033
08-22 17:17:07.007 D/MpvBridgeModule(17565): [PlaybackTrace][Bridge][getDuration] ptr=131217388352464 duration=149.69603333333333
08-22 17:17:07.046 I/MpvEvent(17565): [PlaybackTrace][Native][eventLoop] event_id=22 error=0
08-22 17:17:07.047 I/MpvEvent(17565): [PlaybackTrace][Native][property] name=demuxer-cache-state format=6 value=null
08-22 17:17:07.047 I/MpvEvent(17565): [PlaybackTrace][Native][dispatch:property] name=demuxer-cache-state value=null
08-22 17:17:07.048 I/MpvBridgeModule(17565): [PlaybackTrace][Bridge][listener:property] name=demuxer-cache-state value=null
08-22 17:17:07.293 I/MpvEvent(17565): [PlaybackTrace][Native][eventLoop] event_id=22 error=0
08-22 17:17:07.293 I/MpvEvent(17565): [PlaybackTrace][Native][property] name=demuxer-cache-state format=6 value=null
08-22 17:17:07.293 I/MpvEvent(17565): [PlaybackTrace][Native][dispatch:property] name=demuxer-cache-state value=null
08-22 17:17:07.294 I/MpvBridgeModule(17565): [PlaybackTrace][Bridge][listener:property] name=demuxer-cache-state value=null
08-22 17:17:07.459 I/MpvJNI  (17565): [PlaybackTrace][Native][getPosition] result=0 position=3.198181
08-22 17:17:07.459 D/MpvBridgeModule(17565): [PlaybackTrace][Bridge][getPosition] ptr=131217388352464 position=3.198180543090697
08-22 17:17:07.459 I/MpvJNI  (17565): [PlaybackTrace][Native][getDuration] result=0 duration=149.696033
08-22 17:17:07.459 D/MpvBridgeModule(17565): [PlaybackTrace][Bridge][getDuration] ptr=131217388352464 duration=149.69603333333333
08-22 17:17:07.459 D/MpvBridgeModule(17565): [PlaybackTrace][Bridge][getPlaybackState] ptr=131217388352464 state=playing idle=false eof=false pause=false
08-22 17:17:07.488 I/MpvJNI  (17565): [PlaybackTrace][Native][getDuration] result=0 duration=149.696033
08-22 17:17:07.488 D/MpvBridgeModule(17565): [PlaybackTrace][Bridge][getDuration] ptr=131217388352464 duration=149.69603333333333
08-22 17:17:07.599 I/MpvEvent(17565): [PlaybackTrace][Native][eventLoop] event_id=22 error=0
08-22 17:17:07.599 I/MpvEvent(17565): [PlaybackTrace][Native][property] name=demuxer-cache-state format=6 value=null
08-22 17:17:07.599 I/MpvEvent(17565): [PlaybackTrace][Native][dispatch:property] name=demuxer-cache-state value=null
08-22 17:17:07.599 I/MpvBridgeModule(17565): [PlaybackTrace][Bridge][listener:property] name=demuxer-cache-state value=null
08-22 17:17:07.728 I/MpvJNI  (17565): [PlaybackTrace][Native][getDuration] result=0 duration=149.696033
08-22 17:17:07.728 D/MpvBridgeModule(17565): [PlaybackTrace][Bridge][getDuration] ptr=131217388352464 duration=149.69603333333333
08-22 17:17:07.850 I/MpvEvent(17565): [PlaybackTrace][Native][eventLoop] event_id=22 error=0
08-22 17:17:07.851 I/MpvEvent(17565): [PlaybackTrace][Native][property] name=demuxer-cache-state format=6 value=null
08-22 17:17:07.851 I/MpvEvent(17565): [PlaybackTrace][Native][dispatch:property] name=demuxer-cache-state value=null
08-22 17:17:07.854 I/MpvBridgeModule(17565): [PlaybackTrace][Bridge][listener:property] name=demuxer-cache-state value=null
08-22 17:17:07.973 I/MpvEvent(17565): [PlaybackTrace][Native][eventLoop] event_id=22 error=0
08-22 17:17:07.974 I/MpvEvent(17565): [PlaybackTrace][Native][property] name=demuxer-cache-state format=6 value=null
08-22 17:17:07.974 I/MpvEvent(17565): [PlaybackTrace][Native][dispatch:property] name=demuxer-cache-state value=null
08-22 17:17:07.974 I/MpvBridgeModule(17565): [PlaybackTrace][Bridge][listener:property] name=demuxer-cache-state value=null
08-22 17:17:08.225 I/MpvEvent(17565): [PlaybackTrace][Native][eventLoop] event_id=22 error=0
08-22 17:17:08.226 I/MpvEvent(17565): [PlaybackTrace][Native][property] name=demuxer-cache-state format=6 value=null
08-22 17:17:08.226 I/MpvEvent(17565): [PlaybackTrace][Native][dispatch:property] name=demuxer-cache-state value=null
08-22 17:17:08.226 I/MpvBridgeModule(17565): [PlaybackTrace][Bridge][listener:property] name=demuxer-cache-state value=null
08-22 17:17:08.236 I/MpvJNI  (17565): [PlaybackTrace][Native][getPosition] result=0 position=4.069524
08-22 17:17:08.236 D/MpvBridgeModule(17565): [PlaybackTrace][Bridge][getPosition] ptr=131217388352464 position=4.069523815090703
08-22 17:17:08.236 I/MpvJNI  (17565): [PlaybackTrace][Native][getDuration] result=0 duration=149.696033
08-22 17:17:08.236 D/MpvBridgeModule(17565): [PlaybackTrace][Bridge][getDuration] ptr=131217388352464 duration=149.69603333333333
08-22 17:17:08.236 D/MpvBridgeModule(17565): [PlaybackTrace][Bridge][getPlaybackState] ptr=131217388352464 state=playing idle=false eof=false pause=false
08-22 17:17:08.238 I/MpvJNI  (17565): [PlaybackTrace][Native][getPosition] result=0 position=4.069524
08-22 17:17:08.238 D/MpvBridgeModule(17565): [PlaybackTrace][Bridge][getPosition] ptr=131217388352464 position=4.069523815090703
08-22 17:17:08.238 I/MpvJNI  (17565): [PlaybackTrace][Native][getDuration] result=0 duration=149.696033
08-22 17:17:08.238 D/MpvBridgeModule(17565): [PlaybackTrace][Bridge][getDuration] ptr=131217388352464 duration=149.69603333333333
08-22 17:17:08.239 D/MpvBridgeModule(17565): [PlaybackTrace][Bridge][getPlaybackState] ptr=131217388352464 state=playing idle=false eof=false pause=false
08-22 17:17:08.253 I/MpvJNI  (17565): [PlaybackTrace][Native][getDuration] result=0 duration=149.696033
08-22 17:17:08.253 D/MpvBridgeModule(17565): [PlaybackTrace][Bridge][getDuration] ptr=131217388352464 duration=149.69603333333333
08-22 17:17:08.790 I/MpvJNI  (17565): [PlaybackTrace][Native][getPosition] result=0 position=4.531411
08-22 17:17:08.791 D/MpvBridgeModule(17565): [PlaybackTrace][Bridge][getPosition] ptr=131217388352464 position=4.531411329090709
08-22 17:17:08.791 I/MpvJNI  (17565): [PlaybackTrace][Native][getDuration] result=0 duration=149.696033
08-22 17:17:08.791 D/MpvBridgeModule(17565): [PlaybackTrace][Bridge][getDuration] ptr=131217388352464 duration=149.69603333333333
08-22 17:17:08.791 D/MpvBridgeModule(17565): [PlaybackTrace][Bridge][getPlaybackState] ptr=131217388352464 state=playing idle=false eof=false pause=false
08-22 17:17:08.798 I/MpvJNI  (17565): [PlaybackTrace][Native][getDuration] result=0 duration=149.696033
08-22 17:17:08.798 D/MpvBridgeModule(17565): [PlaybackTrace][Bridge][getDuration] ptr=131217388352464 duration=149.69603333333333
08-22 17:17:09.253 I/MpvJNI  (17565): [PlaybackTrace][Native][getPosition] result=0 position=4.987433
08-22 17:17:09.253 D/MpvBridgeModule(17565): [PlaybackTrace][Bridge][getPosition] ptr=131217388352464 position=4.987433418090713
08-22 17:17:09.253 I/MpvJNI  (17565): [PlaybackTrace][Native][getDuration] result=0 duration=149.696033
08-22 17:17:09.253 D/MpvBridgeModule(17565): [PlaybackTrace][Bridge][getDuration] ptr=131217388352464 duration=149.69603333333333
08-22 17:17:09.254 D/MpvBridgeModule(17565): [PlaybackTrace][Bridge][getPlaybackState] ptr=131217388352464 state=playing idle=false eof=false pause=false
08-22 17:17:09.312 I/MpvEvent(17565): [PlaybackTrace][Native][eventLoop] event_id=22 error=0
08-22 17:17:09.312 I/MpvEvent(17565): [PlaybackTrace][Native][property] name=demuxer-cache-state format=6 value=null
08-22 17:17:09.312 I/MpvEvent(17565): [PlaybackTrace][Native][dispatch:property] name=demuxer-cache-state value=null
08-22 17:17:09.312 I/MpvBridgeModule(17565): [PlaybackTrace][Bridge][listener:property] name=demuxer-cache-state value=null
08-22 17:17:09.318 I/MpvJNI  (17565): [PlaybackTrace][Native][getDuration] result=0 duration=149.696033
08-22 17:17:09.318 D/MpvBridgeModule(17565): [PlaybackTrace][Bridge][getDuration] ptr=131217388352464 duration=149.69603333333333
08-22 17:17:09.563 I/MpvEvent(17565): [PlaybackTrace][Native][eventLoop] event_id=22 error=0
08-22 17:17:09.563 I/MpvEvent(17565): [PlaybackTrace][Native][property] name=demuxer-cache-state format=6 value=null
08-22 17:17:09.563 I/MpvEvent(17565): [PlaybackTrace][Native][dispatch:property] name=demuxer-cache-state value=null
08-22 17:17:09.564 I/MpvBridgeModule(17565): [PlaybackTrace][Bridge][listener:property] name=demuxer-cache-state value=null
08-22 17:17:09.570 I/MpvJNI  (17565): [PlaybackTrace][Native][getDuration] result=0 duration=149.696033
08-22 17:17:09.570 D/MpvBridgeModule(17565): [PlaybackTrace][Bridge][getDuration] ptr=131217388352464 duration=149.69603333333333
08-22 17:17:09.821 I/MpvJNI  (17565): [PlaybackTrace][Native][getPosition] result=0 position=5.637275
08-22 17:17:09.821 D/MpvBridgeModule(17565): [PlaybackTrace][Bridge][getPosition] ptr=131217388352464 position=5.637274958090721
08-22 17:17:09.821 I/MpvJNI  (17565): [PlaybackTrace][Native][getDuration] result=0 duration=149.696033
08-22 17:17:09.821 D/MpvBridgeModule(17565): [PlaybackTrace][Bridge][getDuration] ptr=131217388352464 duration=149.69603333333333
08-22 17:17:09.822 D/MpvBridgeModule(17565): [PlaybackTrace][Bridge][getPlaybackState] ptr=131217388352464 state=playing idle=false eof=false pause=false
08-22 17:17:09.827 I/MpvJNI  (17565): [PlaybackTrace][Native][getDuration] result=0 duration=149.696033
08-22 17:17:09.827 D/MpvBridgeModule(17565): [PlaybackTrace][Bridge][getDuration] ptr=131217388352464 duration=149.69603333333333
08-22 17:17:09.873 I/MpvEvent(17565): [PlaybackTrace][Native][eventLoop] event_id=22 error=0
08-22 17:17:09.874 I/MpvEvent(17565): [PlaybackTrace][Native][property] name=demuxer-cache-state format=6 value=null
08-22 17:17:09.874 I/MpvEvent(17565): [PlaybackTrace][Native][dispatch:property] name=demuxer-cache-state value=null
08-22 17:17:09.874 I/MpvBridgeModule(17565): [PlaybackTrace][Bridge][listener:property] name=demuxer-cache-state value=null
08-22 17:17:10.119 I/MpvEvent(17565): [PlaybackTrace][Native][eventLoop] event_id=22 error=0
08-22 17:17:10.119 I/MpvEvent(17565): [PlaybackTrace][Native][property] name=demuxer-cache-state format=6 value=null
08-22 17:17:10.119 I/MpvEvent(17565): [PlaybackTrace][Native][dispatch:property] name=demuxer-cache-state value=null
08-22 17:17:10.119 I/MpvBridgeModule(17565): [PlaybackTrace][Bridge][listener:property] name=demuxer-cache-state value=null
08-22 17:17:10.291 I/MpvJNI  (17565): [PlaybackTrace][Native][getPosition] result=0 position=6.066586
08-22 17:17:10.291 D/MpvBridgeModule(17565): [PlaybackTrace][Bridge][getPosition] ptr=131217388352464 position=6.0665858700907265
08-22 17:17:10.291 I/MpvJNI  (17565): [PlaybackTrace][Native][getDuration] result=0 duration=149.696033
08-22 17:17:10.291 D/MpvBridgeModule(17565): [PlaybackTrace][Bridge][getDuration] ptr=131217388352464 duration=149.69603333333333
08-22 17:17:10.292 D/MpvBridgeModule(17565): [PlaybackTrace][Bridge][getPlaybackState] ptr=131217388352464 state=playing idle=false eof=false pause=false
08-22 17:17:10.314 I/MpvJNI  (17565): [PlaybackTrace][Native][getDuration] result=0 duration=149.696033
08-22 17:17:10.314 D/MpvBridgeModule(17565): [PlaybackTrace][Bridge][getDuration] ptr=131217388352464 duration=149.69603333333333
08-22 17:17:10.316 I/MpvEvent(17565): [PlaybackTrace][Native][eventLoop] event_id=22 error=0
08-22 17:17:10.316 I/MpvEvent(17565): [PlaybackTrace][Native][property] name=demuxer-cache-state format=6 value=null
08-22 17:17:10.319 I/MpvEvent(17565): [PlaybackTrace][Native][dispatch:property] name=demuxer-cache-state value=null
08-22 17:17:10.326 I/MpvBridgeModule(17565): [PlaybackTrace][Bridge][listener:property] name=demuxer-cache-state value=null
08-22 17:17:10.547 I/ReactNativeJS(17565): '[INFO]', '[PlaybackTrace][Controller][loadAndResume:before]', { uri: 'https://prod-1.storage.jamendo.com/?trackid=1593988&format=mp31&from=%2FV3E9Qwm8kkOD6hbkNYXkg%3D%3D%7CMJJdmScXeWFhFQqasgwXjQ%3D%3D',
08-22 17:17:10.549 I/ReactNativeJS(17565): '[INFO]', '[PlaybackTrace][JS][loadFile:call]', { requestedPath: 'https://prod-1.storage.jamendo.com/?trackid=1593988&format=mp31&from=%2FV3E9Qwm8kkOD6hbkNYXkg%3D%3D%7CMJJdmScXeWFhFQqasgwXjQ%3D%3D',
08-22 17:17:10.549 I/MpvBridgeModule(17565): [PlaybackTrace][Bridge][loadFile] requested=https://prod-1.storage.jamendo.com/?trackid=1593988&format=mp31&from=%2FV3E9Qwm8kkOD6hbkNYXkg%3D%3D%7CMJJdmScXeWFhFQqasgwXjQ%3D%3D resolved=https://prod-1.storage.jamendo.com/?trackid=1593988&format=mp31&from=%2FV3E9Qwm8kkOD6hbkNYXkg%3D%3D%7CMJJdmScXeWFhFQqasgwXjQ%3D%3D ptr=131217388352464
08-22 17:17:10.549 I/MpvJNI  (17565): [PlaybackTrace][Native][loadFile] begin path=https://prod-1.storage.jamendo.com/?trackid=1593988&format=mp31&from=%2FV3E9Qwm8kkOD6hbkNYXkg%3D%3D%7CMJJdmScXeWFhFQqasgwXjQ%3D%3D initialized=1
08-22 17:17:10.549 I/MpvJNI  (17565): [PlaybackTrace][Native][loadFile] loadfile command accepted result=0
08-22 17:17:10.549 I/MpvBridgeModule(17565): [PlaybackTrace][Bridge][loadFile] nativeLoadFile returned
08-22 17:17:10.550 I/ReactNativeJS(17565): '[INFO]', '[PlaybackTrace][JS][loadFile:return]', { resolvedPath: 'https://prod-1.storage.jamendo.com/?trackid=1593988&format=mp31&from=%2FV3E9Qwm8kkOD6hbkNYXkg%3D%3D%7CMJJdmScXeWFhFQqasgwXjQ%3D%3D' }
08-22 17:17:10.551 I/ReactNativeJS(17565): '[INFO]', '[PlaybackTrace][Controller][loadAndResume:loaded]', 'https://prod-1.storage.jamendo.com/?trackid=1593988&format=mp31&from=%2FV3E9Qwm8kkOD6hbkNYXkg%3D%3D%7CMJJdmScXeWFhFQqasgwXjQ%3D%3D'
08-22 17:17:10.552 I/MpvEvent(17565): [PlaybackTrace][Native][eventLoop] event_id=2 error=0
08-22 17:17:10.552 I/MpvEvent(17565): [PlaybackTrace][Native][mpv-log] prefix=cplayer level=v text=EOF code: 3  
08-22 17:17:10.552 D/mpv     (17565): [cplayer] v: EOF code: 3  
08-22 17:17:10.556 I/ReactNativeJS(17565): '[INFO]', '[PlaybackTrace][JS][resume:call]'
08-22 17:17:10.557 I/MpvBridgeModule(17565): [PlaybackTrace][Bridge][play] ptr=131217388352464
08-22 17:17:10.557 I/ReactNativeJS(17565): '[INFO]', '[PlaybackTrace][Controller][loadAndResume:resumed]', 'https://prod-1.storage.jamendo.com/?trackid=1593988&format=mp31&from=%2FV3E9Qwm8kkOD6hbkNYXkg%3D%3D%7CMJJdmScXeWFhFQqasgwXjQ%3D%3D'
08-22 17:17:10.560 I/MpvEvent(17565): [PlaybackTrace][Native][eventLoop] event_id=18 error=0
08-22 17:17:10.560 I/MpvEvent(17565): [PlaybackTrace][Native][eventLoop] MPV_EVENT_AUDIO_RECONFIG
08-22 17:17:10.560 I/MpvEvent(17565): [PlaybackTrace][Native][dispatch:event] name=audioReconfig payload={}
08-22 17:17:10.560 I/MpvBridgeModule(17565): [PlaybackTrace][Bridge][listener:event] name=audioReconfig payload={}
08-22 17:17:10.565 I/MpvEvent(17565): [PlaybackTrace][Native][eventLoop] event_id=17 error=0
08-22 17:17:10.565 I/MpvEvent(17565): MPV_EVENT_VIDEO_RECONFIG
08-22 17:17:10.565 I/MpvEvent(17565): [PlaybackTrace][Native][dispatch:event] name=videoReconfig payload={}
08-22 17:17:10.567 I/MpvBridgeModule(17565): [PlaybackTrace][Bridge][listener:event] name=videoReconfig payload={}
08-22 17:17:10.576 I/MpvEvent(17565): [PlaybackTrace][Native][eventLoop] event_id=18 error=0
08-22 17:17:10.576 I/MpvEvent(17565): [PlaybackTrace][Native][eventLoop] MPV_EVENT_AUDIO_RECONFIG
08-22 17:17:10.576 I/MpvEvent(17565): [PlaybackTrace][Native][dispatch:event] name=audioReconfig payload={}
08-22 17:17:10.576 I/MpvBridgeModule(17565): [PlaybackTrace][Bridge][listener:event] name=audioReconfig payload={}
08-22 17:17:10.588 I/MpvJNI  (17565): [PlaybackTrace][Native][play] pause=no result=0
08-22 17:17:10.588 I/MpvBridgeModule(17565): [PlaybackTrace][Bridge][play] nativePlay returned
08-22 17:17:10.588 I/MpvJNI  (17565): [PlaybackTrace][Native][getDuration] result=-10 duration=0.000000
08-22 17:17:10.588 D/MpvBridgeModule(17565): [PlaybackTrace][Bridge][getDuration] ptr=131217388352464 duration=0.0
08-22 17:17:10.588 I/MpvEvent(17565): [PlaybackTrace][Native][eventLoop] event_id=2 error=0
08-22 17:17:10.588 I/MpvEvent(17565): [PlaybackTrace][Native][mpv-log] prefix=cplayer level=v text=Set property: pause="no" -> 1
08-22 17:17:10.588 D/mpv     (17565): [cplayer] v: Set property: pause="no" -> 1
08-22 17:17:10.589 I/MpvEvent(17565): [PlaybackTrace][Native][eventLoop] event_id=7 error=0
08-22 17:17:10.592 E/MpvEvent(17565): [PlaybackTrace][Native][eventLoop] MPV_EVENT_END_FILE reason=2 error=0
08-22 17:17:10.592 I/MpvEvent(17565): [PlaybackTrace][Native][dispatch:event] name=endFile payload={"reason":2,"error":0}
08-22 17:17:10.593 D/MPVLib  (17565): onNativeEvent: endFile {"reason":2,"error":0}
08-22 17:17:10.593 I/MpvBridgeModule(17565): [PlaybackTrace][Bridge][listener:event] name=endFile payload={"reason":2,"error":0}
08-22 17:17:10.594 I/MpvEvent(17565): [PlaybackTrace][Native][eventLoop] event_id=2 error=0
08-22 17:17:10.594 I/MpvEvent(17565): [PlaybackTrace][Native][mpv-log] prefix=cplayer level=v text=finished playback, success (reason 2)
08-22 17:17:10.594 D/mpv     (17565): [cplayer] v: finished playback, success (reason 2)
08-22 17:17:10.594 I/MpvEvent(17565): [PlaybackTrace][Native][eventLoop] event_id=2 error=0
08-22 17:17:10.594 I/MpvEvent(17565): [PlaybackTrace][Native][mpv-log] prefix=cplayer level=v text=Running hook: ytdl_hook/on_after_end_file
08-22 17:17:10.594 D/mpv     (17565): [cplayer] v: Running hook: ytdl_hook/on_after_end_file
08-22 17:17:10.599 I/MpvEvent(17565): [PlaybackTrace][Native][eventLoop] event_id=6 error=0
08-22 17:17:10.599 I/MpvEvent(17565): MPV_EVENT_START_FILE
08-22 17:17:10.599 I/MpvEvent(17565): [PlaybackTrace][Native][dispatch:event] name=startFile payload={}
08-22 17:17:10.600 D/MPVLib  (17565): onNativeEvent: startFile {}
08-22 17:17:10.600 I/MpvBridgeModule(17565): [PlaybackTrace][Bridge][listener:event] name=startFile payload={}
08-22 17:17:10.604 I/MpvEvent(17565): [PlaybackTrace][Native][eventLoop] event_id=22 error=0
08-22 17:17:10.604 I/MpvEvent(17565): [PlaybackTrace][Native][eventLoop] property=cache-buffering-state format=NONE
08-22 17:17:10.604 I/MpvEvent(17565): [PlaybackTrace][Native][eventLoop] event_id=22 error=0
08-22 17:17:10.606 I/MpvEvent(17565): [PlaybackTrace][Native][eventLoop] property=paused-for-cache format=NONE
08-22 17:17:10.606 I/MpvEvent(17565): [PlaybackTrace][Native][eventLoop] event_id=22 error=0
08-22 17:17:10.606 I/MpvEvent(17565): [PlaybackTrace][Native][eventLoop] property=demuxer-cache-state format=NONE
08-22 17:17:10.606 I/MpvEvent(17565): [PlaybackTrace][Native][eventLoop] event_id=22 error=0
08-22 17:17:10.606 I/MpvEvent(17565): [PlaybackTrace][Native][eventLoop] property=seekable format=NONE
08-22 17:17:10.606 I/MpvEvent(17565): [PlaybackTrace][Native][eventLoop] event_id=2 error=0
08-22 17:17:10.606 I/MpvEvent(17565): [PlaybackTrace][Native][mpv-log] prefix=cplayer level=v text=Running hook: ytdl_hook/on_load
08-22 17:17:10.606 D/mpv     (17565): [cplayer] v: Running hook: ytdl_hook/on_load
08-22 17:17:10.606 I/MpvEvent(17565): [PlaybackTrace][Native][eventLoop] event_id=2 error=0
08-22 17:17:10.606 I/MpvEvent(17565): [PlaybackTrace][Native][mpv-log] prefix=cplayer level=v text=Running hook: ytdl_hook/on_load
08-22 17:17:10.606 D/mpv     (17565): [cplayer] v: Running hook: ytdl_hook/on_load
08-22 17:17:10.606 I/MpvEvent(17565): [PlaybackTrace][Native][eventLoop] event_id=2 error=0
08-22 17:17:10.606 I/MpvEvent(17565): [PlaybackTrace][Native][mpv-log] prefix=ytdl_hook level=v text=playlist hook
08-22 17:17:10.609 I/MpvEvent(17565): [PlaybackTrace][Native][eventLoop] event_id=2 error=0
08-22 17:17:10.609 I/MpvEvent(17565): [PlaybackTrace][Native][mpv-log] prefix=stream_callback level=v text=Opening https://prod-1.storage.jamendo.com/?trackid=1593988&format=mp31&from=%2FV3E9Qwm8kkOD6hbkNYXkg%3D%3D%7CMJJdmScXeWFhFQqasgwXjQ%3D%3D
08-22 17:17:10.610 I/MpvEvent(17565): [PlaybackTrace][Native][eventLoop] event_id=2 error=0
08-22 17:17:10.610 I/MpvEvent(17565): [PlaybackTrace][Native][mpv-log] prefix=ffmpeg level=v text=Opening https://prod-1.storage.jamendo.com/?trackid=1593988&format=mp31&from=%2FV3E9Qwm8kkOD6hbkNYXkg%3D%3D%7CMJJdmScXeWFhFQqasgwXjQ%3D%3D
08-22 17:17:10.610 D/mpv     (17565): [ffmpeg] v: Opening https://prod-1.storage.jamendo.com/?trackid=1593988&format=mp31&from=%2FV3E9Qwm8kkOD6hbkNYXkg%3D%3D%7CMJJdmScXeWFhFQqasgwXjQ%3D%3D
08-22 17:17:10.835 I/MpvJNI  (17565): [PlaybackTrace][Native][getPosition] result=-10 position=0.000000
08-22 17:17:10.835 D/MpvBridgeModule(17565): [PlaybackTrace][Bridge][getPosition] ptr=131217388352464 position=0.0
08-22 17:17:10.835 I/MpvJNI  (17565): [PlaybackTrace][Native][getDuration] result=-10 duration=0.000000
08-22 17:17:10.836 D/MpvBridgeModule(17565): [PlaybackTrace][Bridge][getDuration] ptr=131217388352464 duration=0.0
08-22 17:17:10.836 D/MpvBridgeModule(17565): [PlaybackTrace][Bridge][getPlaybackState] ptr=131217388352464 state=playing idle=false eof=false pause=false
08-22 17:17:10.837 I/ReactNativeJS(17565): '[INFO]', '[PlaybackTrace][JS][resume:call]'
08-22 17:17:10.840 I/MpvBridgeModule(17565): [PlaybackTrace][Bridge][play] ptr=131217388352464
08-22 17:17:10.841 I/MpvJNI  (17565): [PlaybackTrace][Native][play] pause=no result=0
08-22 17:17:10.841 I/MpvBridgeModule(17565): [PlaybackTrace][Bridge][play] nativePlay returned
08-22 17:17:10.841 I/MpvEvent(17565): [PlaybackTrace][Native][eventLoop] event_id=2 error=0
08-22 17:17:10.841 I/MpvEvent(17565): [PlaybackTrace][Native][mpv-log] prefix=cplayer level=v text=Set property: pause="no" -> 1
08-22 17:17:10.841 D/mpv     (17565): [cplayer] v: Set property: pause="no" -> 1
08-22 17:17:10.844 I/MpvJNI  (17565): [PlaybackTrace][Native][getDuration] result=-10 duration=0.000000
08-22 17:17:10.844 D/MpvBridgeModule(17565): [PlaybackTrace][Bridge][getDuration] ptr=131217388352464 duration=0.0
08-22 17:17:11.286 I/MpvJNI  (17565): [PlaybackTrace][Native][getPosition] result=-10 position=0.000000
08-22 17:17:11.286 D/MpvBridgeModule(17565): [PlaybackTrace][Bridge][getPosition] ptr=131217388352464 position=0.0
08-22 17:17:11.287 I/MpvJNI  (17565): [PlaybackTrace][Native][getDuration] result=-10 duration=0.000000
08-22 17:17:11.287 D/MpvBridgeModule(17565): [PlaybackTrace][Bridge][getDuration] ptr=131217388352464 duration=0.0
08-22 17:17:11.288 D/MpvBridgeModule(17565): [PlaybackTrace][Bridge][getPlaybackState] ptr=131217388352464 state=playing idle=false eof=false pause=false
08-22 17:17:11.327 I/MpvEvent(17565): [PlaybackTrace][Native][eventLoop] event_id=2 error=0
08-22 17:17:11.327 I/MpvEvent(17565): [PlaybackTrace][Native][mpv-log] prefix=ffmpeg level=v text=Mime-type: 'audio/mpeg'
08-22 17:17:11.327 D/mpv     (17565): [ffmpeg] v: Mime-type: 'audio/mpeg'
08-22 17:17:11.327 I/MpvEvent(17565): [PlaybackTrace][Native][eventLoop] event_id=2 error=0
08-22 17:17:11.328 I/MpvEvent(17565): [PlaybackTrace][Native][mpv-log] prefix=demux level=v text=Trying demuxers for level=normal.
08-22 17:17:11.341 I/MpvEvent(17565): [PlaybackTrace][Native][eventLoop] event_id=2 error=0
08-22 17:17:11.341 I/MpvEvent(17565): [PlaybackTrace][Native][mpv-log] prefix=lavf level=v text=Found 'mp3' at score=24 size=2048.
08-22 17:17:11.518 I/MpvEvent(17565): [PlaybackTrace][Native][eventLoop] event_id=2 error=0
08-22 17:17:11.519 I/MpvEvent(17565): [PlaybackTrace][Native][mpv-log] prefix=lavf level=v text=avformat_find_stream_info() finished after 32275 bytes.
08-22 17:17:11.519 I/MpvEvent(17565): [PlaybackTrace][Native][eventLoop] event_id=2 error=0
08-22 17:17:11.519 I/MpvEvent(17565): [PlaybackTrace][Native][mpv-log] prefix=lavf level=v text=Assuming this is an image format.
08-22 17:17:11.519 I/MpvEvent(17565): [PlaybackTrace][Native][eventLoop] event_id=2 error=0
08-22 17:17:11.519 I/MpvEvent(17565): [PlaybackTrace][Native][mpv-log] prefix=demux level=v text=Detected file format: mp3 (libavformat)
08-22 17:17:11.519 I/MpvEvent(17565): [PlaybackTrace][Native][eventLoop] event_id=2 error=0
08-22 17:17:11.519 I/MpvEvent(17565): [PlaybackTrace][Native][mpv-log] prefix=cplayer level=v text=Opening done: https://prod-1.storage.jamendo.com/?trackid=1593988&format=mp31&from=%2FV3E9Qwm8kkOD6hbkNYXkg%3D%3D%7CMJJdmScXeWFhFQqasgwXjQ%3D%3D
08-22 17:17:11.519 D/mpv     (17565): [cplayer] v: Opening done: https://prod-1.storage.jamendo.com/?trackid=1593988&format=mp31&from=%2FV3E9Qwm8kkOD6hbkNYXkg%3D%3D%7CMJJdmScXeWFhFQqasgwXjQ%3D%3D
08-22 17:17:11.522 I/MpvEvent(17565): [PlaybackTrace][Native][eventLoop] event_id=2 error=0
08-22 17:17:11.522 I/MpvEvent(17565): [PlaybackTrace][Native][mpv-log] prefix=cplayer level=v text=Running hook: ytdl_hook/on_preloaded
08-22 17:17:11.522 D/mpv     (17565): [cplayer] v: Running hook: ytdl_hook/on_preloaded
08-22 17:17:11.522 I/MpvEvent(17565): [PlaybackTrace][Native][eventLoop] event_id=22 error=0
08-22 17:17:11.522 I/MpvEvent(17565): [PlaybackTrace][Native][property] name=cache-buffering-state format=6 value=null
08-22 17:17:11.522 I/MpvEvent(17565): [PlaybackTrace][Native][dispatch:property] name=cache-buffering-state value=null
08-22 17:17:11.522 D/MPVLib  (17565): onNativePropertyChanged: cache-buffering-state = null
08-22 17:17:11.523 I/MpvBridgeModule(17565): [PlaybackTrace][Bridge][listener:property] name=cache-buffering-state value=null
08-22 17:17:11.527 I/MpvEvent(17565): [PlaybackTrace][Native][eventLoop] event_id=22 error=0
08-22 17:17:11.527 I/MpvEvent(17565): [PlaybackTrace][Native][property] name=demuxer-cache-state format=6 value=null
08-22 17:17:11.527 I/MpvEvent(17565): [PlaybackTrace][Native][dispatch:property] name=demuxer-cache-state value=null
08-22 17:17:11.528 I/MpvBridgeModule(17565): [PlaybackTrace][Bridge][listener:property] name=demuxer-cache-state value=null
08-22 17:17:11.535 I/MpvEvent(17565): [PlaybackTrace][Native][eventLoop] event_id=2 error=0
08-22 17:17:11.535 I/MpvEvent(17565): [PlaybackTrace][Native][mpv-log] prefix=lavf level=v text=select track 1
08-22 17:17:11.535 I/MpvEvent(17565): [PlaybackTrace][Native][eventLoop] event_id=2 error=0
08-22 17:17:11.535 I/MpvEvent(17565): [PlaybackTrace][Native][mpv-log] prefix=lavf level=v text=select track 0
08-22 17:17:11.535 I/MpvEvent(17565): [PlaybackTrace][Native][eventLoop] event_id=2 error=0
08-22 17:17:11.535 I/MpvEvent(17565): [PlaybackTrace][Native][mpv-log] prefix=cplayer level=info text=ΓùÅ Image  --vid=1  'Cover Image' (mjpeg [Baseline] 400x400)
08-22 17:17:11.535 D/mpv     (17565): [cplayer] info: ΓùÅ Image  --vid=1  'Cover Image' (mjpeg [Baseline] 400x400)
08-22 17:17:11.535 I/MpvEvent(17565): [PlaybackTrace][Native][eventLoop] event_id=2 error=0
08-22 17:17:11.535 I/MpvEvent(17565): [PlaybackTrace][Native][mpv-log] prefix=cplayer level=info text=ΓùÅ Audio  --aid=1  (mp3 2ch 44100 Hz 96 kbps)
08-22 17:17:11.535 D/mpv     (17565): [cplayer] info: ΓùÅ Audio  --aid=1  (mp3 2ch 44100 Hz 96 kbps)
08-22 17:17:11.535 I/MpvEvent(17565): [PlaybackTrace][Native][eventLoop] event_id=2 error=0
08-22 17:17:11.535 I/MpvEvent(17565): [PlaybackTrace][Native][mpv-log] prefix=display-tags level=info text=File tags:
08-22 17:17:11.535 I/MpvEvent(17565): [PlaybackTrace][Native][eventLoop] event_id=2 error=0
08-22 17:17:11.535 I/MpvEvent(17565): [PlaybackTrace][Native][mpv-log] prefix=display-tags level=info text= Artist: Joystock
08-22 17:17:11.535 I/MpvEvent(17565): [PlaybackTrace][Native][eventLoop] event_id=2 error=0
08-22 17:17:11.535 I/MpvEvent(17565): [PlaybackTrace][Native][mpv-log] prefix=display-tags level=info text= Comment: http://www.jamendo.com cc_standard
08-22 17:17:11.535 I/MpvEvent(17565): [PlaybackTrace][Native][eventLoop] event_id=2 error=0
08-22 17:17:11.535 I/MpvEvent(17565): [PlaybackTrace][Native][mpv-log] prefix=display-tags level=info text= Composer: Joystock
08-22 17:17:11.535 I/MpvEvent(17565): [PlaybackTrace][Native][eventLoop] event_id=2 error=0
08-22 17:17:11.535 I/MpvEvent(17565): [PlaybackTrace][Native][mpv-log] prefix=display-tags level=info text= Date: 2018
08-22 17:17:11.536 I/MpvEvent(17565): [PlaybackTrace][Native][eventLoop] event_id=2 error=0
08-22 17:17:11.536 I/MpvEvent(17565): [PlaybackTrace][Native][mpv-log] prefix=display-tags level=info text= Genre: chillhop
08-22 17:17:11.536 I/MpvEvent(17565): [PlaybackTrace][Native][eventLoop] event_id=2 error=0
08-22 17:17:11.536 I/MpvEvent(17565): [PlaybackTrace][Native][mpv-log] prefix=display-tags level=info text= Title: Lofi Chillout Hip Hop Beat
08-22 17:17:11.536 I/MpvEvent(17565): [PlaybackTrace][Native][eventLoop] event_id=2 error=0
08-22 17:17:11.536 I/MpvEvent(17565): [PlaybackTrace][Native][mpv-log] prefix=display-tags level=info text= Track: 62
08-22 17:17:11.536 I/MpvEvent(17565): [PlaybackTrace][Native][eventLoop] event_id=2 error=0
08-22 17:17:11.536 I/MpvEvent(17565): [PlaybackTrace][Native][mpv-log] prefix=vd level=v text=Container reported FPS: 1.000000
08-22 17:17:11.543 I/MpvEvent(17565): [PlaybackTrace][Native][eventLoop] event_id=2 error=0
08-22 17:17:11.543 I/MpvEvent(17565): [PlaybackTrace][Native][mpv-log] prefix=vd level=v text=Codec list:
08-22 17:17:11.544 I/MpvEvent(17565): [PlaybackTrace][Native][eventLoop] event_id=18 error=0
08-22 17:17:11.544 I/MpvEvent(17565): [PlaybackTrace][Native][eventLoop] MPV_EVENT_AUDIO_RECONFIG
08-22 17:17:11.544 I/MpvEvent(17565): [PlaybackTrace][Native][dispatch:event] name=audioReconfig payload={}
08-22 17:17:11.545 I/MpvBridgeModule(17565): [PlaybackTrace][Bridge][listener:event] name=audioReconfig payload={}
08-22 17:17:11.547 I/MpvEvent(17565): [PlaybackTrace][Native][eventLoop] event_id=18 error=0
08-22 17:17:11.547 I/MpvEvent(17565): [PlaybackTrace][Native][eventLoop] MPV_EVENT_AUDIO_RECONFIG
08-22 17:17:11.547 I/MpvEvent(17565): [PlaybackTrace][Native][dispatch:event] name=audioReconfig payload={}
08-22 17:17:11.547 I/MpvBridgeModule(17565): [PlaybackTrace][Bridge][listener:event] name=audioReconfig payload={}
08-22 17:17:11.548 I/MpvEvent(17565): [PlaybackTrace][Native][eventLoop] event_id=8 error=0
08-22 17:17:11.548 I/MpvEvent(17565): MPV_EVENT_FILE_LOADED
08-22 17:17:11.548 I/MpvEvent(17565): [PlaybackTrace][Native][dispatch:event] name=fileLoaded payload={}
08-22 17:17:11.548 D/MPVLib  (17565): onNativeEvent: fileLoaded {}
08-22 17:17:11.548 I/MpvBridgeModule(17565): [PlaybackTrace][Bridge][listener:event] name=fileLoaded payload={}
08-22 17:17:11.548 I/MpvEvent(17565): [PlaybackTrace][Native][eventLoop] event_id=2 error=0
08-22 17:17:11.548 I/MpvEvent(17565): [PlaybackTrace][Native][mpv-log] prefix=vd level=v text=    mjpeg - MJPEG (Motion JPEG)
08-22 17:17:11.549 I/MpvEvent(17565): [PlaybackTrace][Native][eventLoop] event_id=2 error=0
08-22 17:17:11.549 I/MpvEvent(17565): [PlaybackTrace][Native][mpv-log] prefix=vd level=v text=Opening decoder mjpeg
08-22 17:17:11.549 I/MpvEvent(17565): [PlaybackTrace][Native][eventLoop] event_id=2 error=0
08-22 17:17:11.549 I/MpvEvent(17565): [PlaybackTrace][Native][mpv-log] prefix=vd level=v text=Not trying to use hardware decoding: codec mjpeg is not on whitelist.
08-22 17:17:11.549 I/MpvEvent(17565): [PlaybackTrace][Native][eventLoop] event_id=2 error=0
08-22 17:17:11.549 I/MpvEvent(17565): [PlaybackTrace][Native][mpv-log] prefix=vd level=v text=Using software decoding.
08-22 17:17:11.549 I/MpvEvent(17565): [PlaybackTrace][Native][eventLoop] event_id=2 error=0
08-22 17:17:11.549 I/MpvEvent(17565): [PlaybackTrace][Native][mpv-log] prefix=vd level=v text=Detected 4 logical cores.
08-22 17:17:11.549 I/MpvEvent(17565): [PlaybackTrace][Native][eventLoop] event_id=2 error=0
08-22 17:17:11.549 I/MpvEvent(17565): [PlaybackTrace][Native][mpv-log] prefix=vd level=v text=Requesting 5 threads for decoding.
08-22 17:17:11.549 I/MpvEvent(17565): [PlaybackTrace][Native][eventLoop] event_id=2 error=0
08-22 17:17:11.549 I/MpvEvent(17565): [PlaybackTrace][Native][mpv-log] prefix=vd level=v text=Selected decoder: mjpeg - MJPEG (Motion JPEG)
08-22 17:17:11.549 I/MpvEvent(17565): [PlaybackTrace][Native][eventLoop] event_id=2 error=0
08-22 17:17:11.549 I/MpvEvent(17565): [PlaybackTrace][Native][mpv-log] prefix=vf level=v text=User filter list:
08-22 17:17:11.549 I/MpvEvent(17565): [PlaybackTrace][Native][eventLoop] event_id=2 error=0
08-22 17:17:11.549 I/MpvEvent(17565): [PlaybackTrace][Native][mpv-log] prefix=vf level=v text=  (empty)
08-22 17:17:11.549 I/MpvEvent(17565): [PlaybackTrace][Native][eventLoop] event_id=2 error=0
08-22 17:17:11.549 I/MpvEvent(17565): [PlaybackTrace][Native][mpv-log] prefix=ad level=v text=Codec list:
08-22 17:17:11.550 I/MpvEvent(17565): [PlaybackTrace][Native][eventLoop] event_id=2 error=0
08-22 17:17:11.550 I/MpvEvent(17565): [PlaybackTrace][Native][mpv-log] prefix=ad level=v text=    mp3float (mp3) - MP3 (MPEG audio layer 3)
08-22 17:17:11.550 I/MpvEvent(17565): [PlaybackTrace][Native][eventLoop] event_id=2 error=0
08-22 17:17:11.550 I/MpvEvent(17565): [PlaybackTrace][Native][mpv-log] prefix=ad level=v text=    mp3 - MP3 (MPEG audio layer 3)
08-22 17:17:11.550 I/MpvEvent(17565): [PlaybackTrace][Native][eventLoop] event_id=2 error=0
08-22 17:17:11.550 I/MpvEvent(17565): [PlaybackTrace][Native][mpv-log] prefix=ad level=v text=    mp3_mediacodec (mp3) - MP3 Android MediaCodec decoder
08-22 17:17:11.550 I/MpvEvent(17565): [PlaybackTrace][Native][eventLoop] event_id=2 error=0
08-22 17:17:11.550 I/MpvEvent(17565): [PlaybackTrace][Native][mpv-log] prefix=ad level=v text=Opening decoder mp3float
08-22 17:17:11.550 I/MpvEvent(17565): [PlaybackTrace][Native][eventLoop] event_id=2 error=0
08-22 17:17:11.550 I/MpvEvent(17565): [PlaybackTrace][Native][mpv-log] prefix=ad level=v text=Requesting 1 threads for decoding.
08-22 17:17:11.550 I/MpvEvent(17565): [PlaybackTrace][Native][eventLoop] event_id=2 error=0
08-22 17:17:11.550 I/MpvEvent(17565): [PlaybackTrace][Native][mpv-log] prefix=ad level=v text=Selected decoder: mp3float - MP3 (MPEG audio layer 3)
08-22 17:17:11.550 I/MpvEvent(17565): [PlaybackTrace][Native][eventLoop] event_id=2 error=0
08-22 17:17:11.550 I/MpvEvent(17565): [PlaybackTrace][Native][mpv-log] prefix=af level=v text=User filter list:
08-22 17:17:11.550 I/MpvEvent(17565): [PlaybackTrace][Native][eventLoop] event_id=2 error=0
08-22 17:17:11.550 I/MpvEvent(17565): [PlaybackTrace][Native][mpv-log] prefix=af level=v text=  (empty)
08-22 17:17:11.550 I/MpvEvent(17565): [PlaybackTrace][Native][eventLoop] event_id=2 error=0
08-22 17:17:11.550 I/MpvEvent(17565): [PlaybackTrace][Native][mpv-log] prefix=cplayer level=info text=Displaying cover art. Use --no-audio-display to prevent this.
08-22 17:17:11.550 D/mpv     (17565): [cplayer] info: Displaying cover art. Use --no-audio-display to prevent this.
08-22 17:17:11.550 I/MpvEvent(17565): [PlaybackTrace][Native][eventLoop] event_id=2 error=0
08-22 17:17:11.550 I/MpvEvent(17565): [PlaybackTrace][Native][mpv-log] prefix=cplayer level=v text=Starting playback...
08-22 17:17:11.550 D/mpv     (17565): [cplayer] v: Starting playback...
08-22 17:17:11.552 I/MpvEvent(17565): [PlaybackTrace][Native][eventLoop] event_id=2 error=0
08-22 17:17:11.552 I/MpvEvent(17565): [PlaybackTrace][Native][mpv-log] prefix=vd level=v text=DR failed - disabling.
08-22 17:17:11.553 I/MpvEvent(17565): [PlaybackTrace][Native][eventLoop] event_id=2 error=0
08-22 17:17:11.553 I/MpvEvent(17565): [PlaybackTrace][Native][mpv-log] prefix=ffmpeg/video level=error text=mjpeg: overread 8
08-22 17:17:11.553 E/MpvEvent(17565): [PlaybackTrace][Native][dispatch:error] code=-1 message=mjpeg: overread 8
08-22 17:17:11.553 E/MpvBridgeModule(17565): [PlaybackTrace][Bridge][listener:error] code=-1 message=mjpeg: overread 8
08-22 17:17:11.554 I/MpvEvent(17565): [PlaybackTrace][Native][eventLoop] event_id=2 error=0
08-22 17:17:11.554 I/MpvEvent(17565): [PlaybackTrace][Native][mpv-log] prefix=ffmpeg/video level=warn text=mjpeg: EOI missing, emulating
08-22 17:17:11.554 I/MpvEvent(17565): [PlaybackTrace][Native][eventLoop] event_id=2 error=0
08-22 17:17:11.554 I/MpvEvent(17565): [PlaybackTrace][Native][mpv-log] prefix=vd level=v text=Using software decoding.
08-22 17:17:11.555 I/MpvEvent(17565): [PlaybackTrace][Native][eventLoop] event_id=2 error=0
08-22 17:17:11.555 I/MpvEvent(17565): [PlaybackTrace][Native][mpv-log] prefix=vd level=v text=Decoder format: 400x400 yuv420p bt.601/auto/auto/full/auto CL=mpeg1/jpeg crop=400x400+0+0 A=none
08-22 17:17:11.555 I/MpvEvent(17565): [PlaybackTrace][Native][eventLoop] event_id=2 error=0
08-22 17:17:11.555 I/MpvEvent(17565): [PlaybackTrace][Native][mpv-log] prefix=vf level=v text=[in] 400x400 yuv420p bt.601/bt.709/srgb/full/display CL=mpeg1/jpeg crop=400x400+0+0 A=none
08-22 17:17:11.555 I/MpvEvent(17565): [PlaybackTrace][Native][eventLoop] event_id=2 error=0
08-22 17:17:11.555 I/MpvEvent(17565): [PlaybackTrace][Native][mpv-log] prefix=vf level=v text=[userdeint] 400x400 yuv420p bt.601/bt.709/srgb/full/display CL=mpeg1/jpeg crop=400x400+0+0 A=none
08-22 17:17:11.555 I/MpvEvent(17565): [PlaybackTrace][Native][eventLoop] event_id=2 error=0
08-22 17:17:11.555 I/MpvEvent(17565): [PlaybackTrace][Native][mpv-log] prefix=vf level=v text=[userdeint] (disabled)
08-22 17:17:11.555 I/MpvEvent(17565): [PlaybackTrace][Native][eventLoop] event_id=2 error=0
08-22 17:17:11.555 I/MpvEvent(17565): [PlaybackTrace][Native][mpv-log] prefix=vf level=v text=[autovflip] 400x400 yuv420p bt.601/bt.709/srgb/full/display CL=mpeg1/jpeg crop=400x400+0+0 A=none
08-22 17:17:11.555 I/MpvEvent(17565): [PlaybackTrace][Native][eventLoop] event_id=2 error=0
08-22 17:17:11.555 I/MpvEvent(17565): [PlaybackTrace][Native][mpv-log] prefix=vf level=v text=[autovflip] (disabled)
08-22 17:17:11.555 I/MpvEvent(17565): [PlaybackTrace][Native][eventLoop] event_id=22 error=0
08-22 17:17:11.555 I/MpvEvent(17565): [PlaybackTrace][Native][property] name=paused-for-cache format=6 value=null
08-22 17:17:11.555 I/MpvEvent(17565): [PlaybackTrace][Native][dispatch:property] name=paused-for-cache value=null
08-22 17:17:11.555 D/MPVLib  (17565): onNativePropertyChanged: paused-for-cache = null
08-22 17:17:11.555 I/MpvBridgeModule(17565): [PlaybackTrace][Bridge][listener:property] name=paused-for-cache value=null
08-22 17:17:11.556 I/MpvEvent(17565): [PlaybackTrace][Native][eventLoop] event_id=22 error=0
08-22 17:17:11.556 I/MpvEvent(17565): [PlaybackTrace][Native][property] name=demuxer-cache-state format=6 value=null
08-22 17:17:11.556 I/MpvEvent(17565): [PlaybackTrace][Native][dispatch:property] name=demuxer-cache-state value=null
08-22 17:17:11.557 I/MpvBridgeModule(17565): [PlaybackTrace][Bridge][listener:property] name=demuxer-cache-state value=null
08-22 17:17:11.558 I/ReactNativeJS(17565): '[INFO]', '[PlaybackTrace][Controller][event:onFileLoaded]', { fileUri: 'https://prod-1.storage.jamendo.com/?trackid=1593988&format=mp31&from=%2FV3E9Qwm8kkOD6hbkNYXkg%3D%3D%7CMJJdmScXeWFhFQqasgwXjQ%3D%3D',
08-22 17:17:11.560 I/MpvEvent(17565): [PlaybackTrace][Native][eventLoop] event_id=22 error=0
08-22 17:17:11.560 I/MpvEvent(17565): [PlaybackTrace][Native][property] name=seekable format=6 value=null
08-22 17:17:11.560 I/MpvEvent(17565): [PlaybackTrace][Native][dispatch:property] name=seekable value=null
08-22 17:17:11.560 I/MpvBridgeModule(17565): [PlaybackTrace][Bridge][listener:property] name=seekable value=null
08-22 17:17:11.565 I/MpvEvent(17565): [PlaybackTrace][Native][eventLoop] event_id=2 error=0
08-22 17:17:11.565 I/MpvEvent(17565): [PlaybackTrace][Native][mpv-log] prefix=vf level=v text=[autorotate] 400x400 yuv420p bt.601/bt.709/srgb/full/display CL=mpeg1/jpeg crop=400x400+0+0 A=none
08-22 17:17:11.565 I/MpvEvent(17565): [PlaybackTrace][Native][eventLoop] event_id=2 error=0
08-22 17:17:11.565 I/MpvEvent(17565): [PlaybackTrace][Native][mpv-log] prefix=vf level=v text=[autorotate] (disabled)
08-22 17:17:11.565 I/MpvEvent(17565): [PlaybackTrace][Native][eventLoop] event_id=2 error=0
08-22 17:17:11.565 I/MpvEvent(17565): [PlaybackTrace][Native][mpv-log] prefix=vf level=v text=[convert] 400x400 yuv420p bt.601/bt.709/srgb/full/display CL=mpeg1/jpeg crop=400x400+0+0 A=none
08-22 17:17:11.565 I/MpvEvent(17565): [PlaybackTrace][Native][eventLoop] event_id=2 error=0
08-22 17:17:11.565 I/MpvEvent(17565): [PlaybackTrace][Native][mpv-log] prefix=vf level=v text=[convert] (disabled)
08-22 17:17:11.565 I/MpvEvent(17565): [PlaybackTrace][Native][eventLoop] event_id=2 error=0
08-22 17:17:11.565 I/MpvEvent(17565): [PlaybackTrace][Native][mpv-log] prefix=vf level=v text=[out] 400x400 yuv420p bt.601/bt.709/srgb/full/display CL=mpeg1/jpeg crop=400x400+0+0 A=none
08-22 17:17:11.566 I/MpvEvent(17565): [PlaybackTrace][Native][eventLoop] event_id=2 error=0
08-22 17:17:11.566 I/MpvEvent(17565): [PlaybackTrace][Native][mpv-log] prefix=af level=v text=[in] 44100Hz stereo 2ch floatp
08-22 17:17:11.566 I/MpvEvent(17565): [PlaybackTrace][Native][eventLoop] event_id=2 error=0
08-22 17:17:11.566 I/MpvEvent(17565): [PlaybackTrace][Native][mpv-log] prefix=af level=v text=[userspeed] 44100Hz stereo 2ch floatp
08-22 17:17:11.566 I/MpvEvent(17565): [PlaybackTrace][Native][eventLoop] event_id=2 error=0
08-22 17:17:11.566 I/MpvEvent(17565): [PlaybackTrace][Native][mpv-log] prefix=af level=v text=[userspeed] (disabled)
08-22 17:17:11.566 I/MpvEvent(17565): [PlaybackTrace][Native][eventLoop] event_id=2 error=0
08-22 17:17:11.566 I/MpvEvent(17565): [PlaybackTrace][Native][mpv-log] prefix=af level=v text=[convert] 44100Hz stereo 2ch floatp
08-22 17:17:11.566 I/MpvEvent(17565): [PlaybackTrace][Native][eventLoop] event_id=2 error=0
08-22 17:17:11.566 I/MpvEvent(17565): [PlaybackTrace][Native][mpv-log] prefix=cplayer level=v text=first video frame after restart shown
08-22 17:17:11.566 D/mpv     (17565): [cplayer] v: first video frame after restart shown
08-22 17:17:11.566 I/MpvEvent(17565): [PlaybackTrace][Native][eventLoop] event_id=2 error=0
08-22 17:17:11.566 I/MpvEvent(17565): [PlaybackTrace][Native][mpv-log] prefix=ao level=v text=Trying audio driver 'audiotrack'
08-22 17:17:11.566 I/MpvEvent(17565): [PlaybackTrace][Native][eventLoop] event_id=2 error=0
08-22 17:17:11.568 I/MpvEvent(17565): [PlaybackTrace][Native][mpv-log] prefix=ao/audiotrack level=v text=requested format: 44100 Hz, stereo channels, floatp
08-22 17:17:11.569 D/mpv     (17565): [ao/audiotrack] v: requested format: 44100 Hz, stereo channels, floatp
08-22 17:17:11.569 I/MpvEvent(17565): [PlaybackTrace][Native][eventLoop] event_id=2 error=0
08-22 17:17:11.598 I/MpvEvent(17565): [PlaybackTrace][Native][mpv-log] prefix=ao/audiotrack level=v text=AudioTrack.nativeOutputSampleRate = 48000
08-22 17:17:11.598 D/mpv     (17565): [ao/audiotrack] v: AudioTrack.nativeOutputSampleRate = 48000
08-22 17:17:11.598 I/MpvEvent(17565): [PlaybackTrace][Native][eventLoop] event_id=18 error=0
08-22 17:17:11.598 I/MpvEvent(17565): [PlaybackTrace][Native][eventLoop] MPV_EVENT_AUDIO_RECONFIG
08-22 17:17:11.598 I/MpvEvent(17565): [PlaybackTrace][Native][dispatch:event] name=audioReconfig payload={}
08-22 17:17:11.598 I/MpvBridgeModule(17565): [PlaybackTrace][Bridge][listener:event] name=audioReconfig payload={}
08-22 17:17:11.605 I/MpvEvent(17565): [PlaybackTrace][Native][eventLoop] event_id=17 error=0
08-22 17:17:11.605 I/MpvEvent(17565): MPV_EVENT_VIDEO_RECONFIG
08-22 17:17:11.606 I/MpvEvent(17565): [PlaybackTrace][Native][dispatch:event] name=videoReconfig payload={}
08-22 17:17:11.606 I/MpvBridgeModule(17565): [PlaybackTrace][Bridge][listener:event] name=videoReconfig payload={}
08-22 17:17:11.606 I/MpvEvent(17565): [PlaybackTrace][Native][eventLoop] event_id=2 error=0
08-22 17:17:11.606 I/MpvEvent(17565): [PlaybackTrace][Native][mpv-log] prefix=ao/audiotrack level=v text=Channel layouts:
08-22 17:17:11.606 D/mpv     (17565): [ao/audiotrack] v: Channel layouts:
08-22 17:17:11.606 I/MpvEvent(17565): [PlaybackTrace][Native][eventLoop] event_id=2 error=0
08-22 17:17:11.606 I/MpvEvent(17565): [PlaybackTrace][Native][mpv-log] prefix=ao/audiotrack level=v text= - mono
08-22 17:17:11.606 D/mpv     (17565): [ao/audiotrack] v:  - mono
08-22 17:17:11.606 I/MpvEvent(17565): [PlaybackTrace][Native][eventLoop] event_id=2 error=0
08-22 17:17:11.606 I/MpvEvent(17565): [PlaybackTrace][Native][mpv-log] prefix=ao/audiotrack level=v text= - stereo
08-22 17:17:11.606 D/mpv     (17565): [ao/audiotrack] v:  - stereo
08-22 17:17:11.606 I/MpvEvent(17565): [PlaybackTrace][Native][eventLoop] event_id=2 error=0
08-22 17:17:11.606 I/MpvEvent(17565): [PlaybackTrace][Native][mpv-log] prefix=ao/audiotrack level=v text= - 3.0
08-22 17:17:11.606 D/mpv     (17565): [ao/audiotrack] v:  - 3.0
08-22 17:17:11.606 I/MpvEvent(17565): [PlaybackTrace][Native][eventLoop] event_id=2 error=0
08-22 17:17:11.607 I/MpvEvent(17565): [PlaybackTrace][Native][mpv-log] prefix=ao/audiotrack level=v text= - quad
08-22 17:17:11.607 D/mpv     (17565): [ao/audiotrack] v:  - quad
08-22 17:17:11.607 I/MpvEvent(17565): [PlaybackTrace][Native][eventLoop] event_id=2 error=0
08-22 17:17:11.607 I/MpvEvent(17565): [PlaybackTrace][Native][mpv-log] prefix=ao/audiotrack level=v text= - 5.0
08-22 17:17:11.607 D/mpv     (17565): [ao/audiotrack] v:  - 5.0
08-22 17:17:11.607 I/MpvEvent(17565): [PlaybackTrace][Native][eventLoop] event_id=2 error=0
08-22 17:17:11.607 I/MpvEvent(17565): [PlaybackTrace][Native][mpv-log] prefix=ao/audiotrack level=v text= - 5.1
08-22 17:17:11.607 D/mpv     (17565): [ao/audiotrack] v:  - 5.1
08-22 17:17:11.607 I/MpvEvent(17565): [PlaybackTrace][Native][eventLoop] event_id=2 error=0
08-22 17:17:11.607 I/MpvEvent(17565): [PlaybackTrace][Native][mpv-log] prefix=ao/audiotrack level=v text= - 6.1(back)
08-22 17:17:11.607 D/mpv     (17565): [ao/audiotrack] v:  - 6.1(back)
08-22 17:17:11.607 I/MpvEvent(17565): [PlaybackTrace][Native][eventLoop] event_id=2 error=0
08-22 17:17:11.607 I/MpvEvent(17565): [PlaybackTrace][Native][mpv-log] prefix=ao/audiotrack level=v text= - 7.1
08-22 17:17:11.607 D/mpv     (17565): [ao/audiotrack] v:  - 7.1
08-22 17:17:11.607 I/MpvEvent(17565): [PlaybackTrace][Native][eventLoop] event_id=2 error=0
08-22 17:17:11.607 I/MpvEvent(17565): [PlaybackTrace][Native][mpv-log] prefix=ao/audiotrack level=v text=result: stereo
08-22 17:17:11.607 D/mpv     (17565): [ao/audiotrack] v: result: stereo
08-22 17:17:11.607 I/MpvEvent(17565): [PlaybackTrace][Native][eventLoop] event_id=2 error=0
08-22 17:17:11.607 I/MpvEvent(17565): [PlaybackTrace][Native][mpv-log] prefix=ao/audiotrack level=v text=Setting bufferSize = 52920 (driver=32096, min=26460, max=52920)
08-22 17:17:11.607 D/mpv     (17565): [ao/audiotrack] v: Setting bufferSize = 52920 (driver=32096, min=26460, max=52920)
08-22 17:17:11.607 I/MpvEvent(17565): [PlaybackTrace][Native][eventLoop] event_id=2 error=0
08-22 17:17:11.607 I/MpvEvent(17565): [PlaybackTrace][Native][mpv-log] prefix=ao/audiotrack level=v text=Using NIO ByteBuffer
08-22 17:17:11.607 D/mpv     (17565): [ao/audiotrack] v: Using NIO ByteBuffer
08-22 17:17:11.607 I/MpvEvent(17565): [PlaybackTrace][Native][eventLoop] event_id=2 error=0
08-22 17:17:11.607 I/MpvEvent(17565): [PlaybackTrace][Native][mpv-log] prefix=ao/audiotrack level=v text=Using API21 initializer
08-22 17:17:11.607 D/mpv     (17565): [ao/audiotrack] v: Using API21 initializer
08-22 17:17:11.607 I/MpvEvent(17565): [PlaybackTrace][Native][eventLoop] event_id=2 error=0
08-22 17:17:11.607 I/MpvEvent(17565): [PlaybackTrace][Native][mpv-log] prefix=ao/audiotrack level=v text=AudioTrack.getBufferSizeInFrames = 6615
08-22 17:17:11.607 D/mpv     (17565): [ao/audiotrack] v: AudioTrack.getBufferSizeInFrames = 6615
08-22 17:17:11.608 I/MpvEvent(17565): [PlaybackTrace][Native][eventLoop] event_id=2 error=0
08-22 17:17:11.608 I/MpvEvent(17565): [PlaybackTrace][Native][mpv-log] prefix=ao/audiotrack level=v text=device buffer: 6615 samples.
08-22 17:17:11.608 D/mpv     (17565): [ao/audiotrack] v: device buffer: 6615 samples.
08-22 17:17:11.608 I/MpvEvent(17565): [PlaybackTrace][Native][eventLoop] event_id=2 error=0
08-22 17:17:11.608 I/MpvEvent(17565): [PlaybackTrace][Native][mpv-log] prefix=ao/audiotrack level=v text=using soft-buffer of 8820 samples.
08-22 17:17:11.608 D/mpv     (17565): [ao/audiotrack] v: using soft-buffer of 8820 samples.
08-22 17:17:11.608 I/MpvEvent(17565): [PlaybackTrace][Native][eventLoop] event_id=2 error=0
08-22 17:17:11.608 I/MpvEvent(17565): [PlaybackTrace][Native][mpv-log] prefix=cplayer level=info text=AO: [audiotrack] 44100Hz stereo 2ch float
08-22 17:17:11.608 D/mpv     (17565): [cplayer] info: AO: [audiotrack] 44100Hz stereo 2ch float
08-22 17:17:11.608 I/MpvEvent(17565): [PlaybackTrace][Native][eventLoop] event_id=2 error=0
08-22 17:17:11.608 I/MpvEvent(17565): [PlaybackTrace][Native][mpv-log] prefix=cplayer level=v text=AO: Description: Android AudioTrack audio output
08-22 17:17:11.608 D/mpv     (17565): [cplayer] v: AO: Description: Android AudioTrack audio output
08-22 17:17:11.608 I/MpvEvent(17565): [PlaybackTrace][Native][eventLoop] event_id=2 error=0
08-22 17:17:11.608 I/MpvEvent(17565): [PlaybackTrace][Native][mpv-log] prefix=autoconvert level=v text=inserting resampler
08-22 17:17:11.608 I/MpvEvent(17565): [PlaybackTrace][Native][eventLoop] event_id=2 error=0
08-22 17:17:11.608 I/MpvEvent(17565): [PlaybackTrace][Native][mpv-log] prefix=swresample level=v text=format change, reinitializing resampler
08-22 17:17:11.608 I/MpvEvent(17565): [PlaybackTrace][Native][eventLoop] event_id=2 error=0
08-22 17:17:11.608 I/MpvEvent(17565): [PlaybackTrace][Native][mpv-log] prefix=swresample level=v text=44100Hz stereo floatp -> 44100Hz stereo float
08-22 17:17:11.608 I/MpvEvent(17565): [PlaybackTrace][Native][eventLoop] event_id=2 error=0
08-22 17:17:11.608 I/MpvEvent(17565): [PlaybackTrace][Native][mpv-log] prefix=af level=v text=[out] 44100Hz stereo 2ch float
08-22 17:17:11.611 I/MpvEvent(17565): [PlaybackTrace][Native][eventLoop] event_id=22 error=0
08-22 17:17:11.611 I/MpvEvent(17565): [PlaybackTrace][Native][property] name=demuxer-cache-state format=6 value=null
08-22 17:17:11.611 I/MpvEvent(17565): [PlaybackTrace][Native][dispatch:property] name=demuxer-cache-state value=null
08-22 17:17:11.613 I/MpvBridgeModule(17565): [PlaybackTrace][Bridge][listener:property] name=demuxer-cache-state value=null
08-22 17:17:11.614 I/MpvEvent(17565): [PlaybackTrace][Native][eventLoop] event_id=2 error=0
08-22 17:17:11.615 I/MpvEvent(17565): [PlaybackTrace][Native][mpv-log] prefix=cplayer level=v text=audio ready
08-22 17:17:11.615 D/mpv     (17565): [cplayer] v: audio ready
08-22 17:17:11.615 I/MpvEvent(17565): [PlaybackTrace][Native][eventLoop] event_id=2 error=0
08-22 17:17:11.615 I/MpvEvent(17565): [PlaybackTrace][Native][mpv-log] prefix=cplayer level=v text=starting audio playback
08-22 17:17:11.615 D/mpv     (17565): [cplayer] v: starting audio playback
08-22 17:17:11.680 I/MpvEvent(17565): [PlaybackTrace][Native][eventLoop] event_id=21 error=0
08-22 17:17:11.680 I/MpvEvent(17565): [PlaybackTrace][Native][eventLoop] MPV_EVENT_PLAYBACK_RESTART
08-22 17:17:11.680 I/MpvEvent(17565): [PlaybackTrace][Native][dispatch:event] name=playbackRestart payload={}
08-22 17:17:11.680 I/MpvBridgeModule(17565): [PlaybackTrace][Bridge][listener:event] name=playbackRestart payload={}
08-22 17:17:11.681 I/MpvEvent(17565): [PlaybackTrace][Native][eventLoop] event_id=2 error=0
08-22 17:17:11.681 I/MpvEvent(17565): [PlaybackTrace][Native][mpv-log] prefix=cplayer level=v text=playback restart complete @ 0.000001, audio=playing, video=eof
08-22 17:17:11.681 D/mpv     (17565): [cplayer] v: playback restart complete @ 0.000001, audio=playing, video=eof
08-22 17:17:11.686 I/MpvJNI  (17565): [PlaybackTrace][Native][getDuration] result=0 duration=149.696033
08-22 17:17:11.687 D/MpvBridgeModule(17565): [PlaybackTrace][Bridge][getDuration] ptr=131217388352464 duration=149.69603333333333
08-22 17:17:11.689 I/MpvEvent(17565): [PlaybackTrace][Native][eventLoop] event_id=2 error=0
08-22 17:17:11.692 I/MpvEvent(17565): [PlaybackTrace][Native][mpv-log] prefix=cplayer level=warn text=Audio device underrun detected.
08-22 17:17:11.703 D/mpv     (17565): [cplayer] warn: Audio device underrun detected.
08-22 17:17:11.713 I/MpvEvent(17565): [PlaybackTrace][Native][eventLoop] event_id=2 error=0
08-22 17:17:11.713 I/MpvEvent(17565): [PlaybackTrace][Native][mpv-log] prefix=cplayer level=v text=restarting audio after underrun
08-22 17:17:11.713 D/mpv     (17565): [cplayer] v: restarting audio after underrun
08-22 17:17:11.813 I/MpvEvent(17565): [PlaybackTrace][Native][eventLoop] event_id=22 error=0
08-22 17:17:11.813 I/MpvEvent(17565): [PlaybackTrace][Native][property] name=demuxer-cache-state format=6 value=null
08-22 17:17:11.813 I/MpvEvent(17565): [PlaybackTrace][Native][dispatch:property] name=demuxer-cache-state value=null
08-22 17:17:11.814 I/MpvBridgeModule(17565): [PlaybackTrace][Bridge][listener:property] name=demuxer-cache-state value=null
08-22 17:17:11.966 I/MpvJNI  (17565): [PlaybackTrace][Native][getPosition] result=0 position=0.208442
08-22 17:17:11.967 D/MpvBridgeModule(17565): [PlaybackTrace][Bridge][getPosition] ptr=131217388352464 position=0.2084423530907027
08-22 17:17:11.967 I/MpvJNI  (17565): [PlaybackTrace][Native][getDuration] result=0 duration=149.696033
08-22 17:17:11.967 D/MpvBridgeModule(17565): [PlaybackTrace][Bridge][getDuration] ptr=131217388352464 duration=149.69603333333333
08-22 17:17:11.967 D/MpvBridgeModule(17565): [PlaybackTrace][Bridge][getPlaybackState] ptr=131217388352464 state=playing idle=false eof=false pause=false
08-22 17:17:11.979 I/MpvJNI  (17565): [PlaybackTrace][Native][getDuration] result=0 duration=149.696033
08-22 17:17:11.979 D/MpvBridgeModule(17565): [PlaybackTrace][Bridge][getDuration] ptr=131217388352464 duration=149.69603333333333
08-22 17:17:12.064 I/MpvEvent(17565): [PlaybackTrace][Native][eventLoop] event_id=22 error=0
08-22 17:17:12.064 I/MpvEvent(17565): [PlaybackTrace][Native][property] name=demuxer-cache-state format=6 value=null
08-22 17:17:12.065 I/MpvEvent(17565): [PlaybackTrace][Native][dispatch:property] name=demuxer-cache-state value=null
08-22 17:17:12.069 I/MpvBridgeModule(17565): [PlaybackTrace][Bridge][listener:property] name=demuxer-cache-state value=null
08-22 17:17:12.187 I/MpvJNI  (17565): [PlaybackTrace][Native][getDuration] result=0 duration=149.696033
08-22 17:17:12.187 D/MpvBridgeModule(17565): [PlaybackTrace][Bridge][getDuration] ptr=131217388352464 duration=149.69603333333333
08-22 17:17:12.315 I/MpvEvent(17565): [PlaybackTrace][Native][eventLoop] event_id=22 error=0
08-22 17:17:12.315 I/MpvEvent(17565): [PlaybackTrace][Native][property] name=demuxer-cache-state format=6 value=null
08-22 17:17:12.320 I/MpvEvent(17565): [PlaybackTrace][Native][dispatch:property] name=demuxer-cache-state value=null
08-22 17:17:12.321 I/MpvBridgeModule(17565): [PlaybackTrace][Bridge][listener:property] name=demuxer-cache-state value=null
08-22 17:17:12.374 I/MpvJNI  (17565): [PlaybackTrace][Native][getPosition] result=0 position=0.566886
08-22 17:17:12.374 D/MpvBridgeModule(17565): [PlaybackTrace][Bridge][getPosition] ptr=131217388352464 position=0.5668858480907025
08-22 17:17:12.374 I/MpvJNI  (17565): [PlaybackTrace][Native][getDuration] result=0 duration=149.696033
08-22 17:17:12.374 D/MpvBridgeModule(17565): [PlaybackTrace][Bridge][getDuration] ptr=131217388352464 duration=149.69603333333333
08-22 17:17:12.375 D/MpvBridgeModule(17565): [PlaybackTrace][Bridge][getPlaybackState] ptr=131217388352464 state=playing idle=false eof=false pause=false
08-22 17:17:12.392 I/MpvJNI  (17565): [PlaybackTrace][Native][getDuration] result=0 duration=149.696033
08-22 17:17:12.392 D/MpvBridgeModule(17565): [PlaybackTrace][Bridge][getDuration] ptr=131217388352464 duration=149.69603333333333
08-22 17:17:12.588 I/MpvEvent(17565): [PlaybackTrace][Native][eventLoop] event_id=22 error=0
08-22 17:17:12.589 I/MpvEvent(17565): [PlaybackTrace][Native][property] name=demuxer-cache-state format=6 value=null
08-22 17:17:12.591 I/MpvEvent(17565): [PlaybackTrace][Native][dispatch:property] name=demuxer-cache-state value=null
08-22 17:17:12.593 I/MpvBridgeModule(17565): [PlaybackTrace][Bridge][listener:property] name=demuxer-cache-state value=null
08-22 17:17:12.604 I/MpvJNI  (17565): [PlaybackTrace][Native][getDuration] result=0 duration=149.696033
08-22 17:17:12.604 D/MpvBridgeModule(17565): [PlaybackTrace][Bridge][getDuration] ptr=131217388352464 duration=149.69603333333333
08-22 17:17:12.818 I/MpvEvent(17565): [PlaybackTrace][Native][eventLoop] event_id=22 error=0
08-22 17:17:12.818 I/MpvEvent(17565): [PlaybackTrace][Native][property] name=demuxer-cache-state format=6 value=null
08-22 17:17:12.818 I/MpvEvent(17565): [PlaybackTrace][Native][dispatch:property] name=demuxer-cache-state value=null
08-22 17:17:12.818 I/MpvBridgeModule(17565): [PlaybackTrace][Bridge][listener:property] name=demuxer-cache-state value=null
08-22 17:17:12.890 I/MpvJNI  (17565): [PlaybackTrace][Native][getPosition] result=0 position=1.123752
08-22 17:17:12.890 D/MpvBridgeModule(17565): [PlaybackTrace][Bridge][getPosition] ptr=131217388352464 position=1.1237517390907046
08-22 17:17:12.890 I/MpvJNI  (17565): [PlaybackTrace][Native][getDuration] result=0 duration=149.696033
08-22 17:17:12.891 D/MpvBridgeModule(17565): [PlaybackTrace][Bridge][getDuration] ptr=131217388352464 duration=149.69603333333333
08-22 17:17:12.891 D/MpvBridgeModule(17565): [PlaybackTrace][Bridge][getPlaybackState] ptr=131217388352464 state=playing idle=false eof=false pause=false
08-22 17:17:12.902 I/MpvJNI  (17565): [PlaybackTrace][Native][getDuration] result=0 duration=149.696033
08-22 17:17:12.903 D/MpvBridgeModule(17565): [PlaybackTrace][Bridge][getDuration] ptr=131217388352464 duration=149.69603333333333
08-22 17:17:13.073 I/MpvEvent(17565): [PlaybackTrace][Native][eventLoop] event_id=22 error=0
08-22 17:17:13.074 I/MpvEvent(17565): [PlaybackTrace][Native][property] name=demuxer-cache-state format=6 value=null
08-22 17:17:13.074 I/MpvEvent(17565): [PlaybackTrace][Native][dispatch:property] name=demuxer-cache-state value=null
08-22 17:17:13.074 I/MpvBridgeModule(17565): [PlaybackTrace][Bridge][listener:property] name=demuxer-cache-state value=null
08-22 17:17:13.151 I/MpvJNI  (17565): [PlaybackTrace][Native][getDuration] result=0 duration=149.696033
08-22 17:17:13.151 D/MpvBridgeModule(17565): [PlaybackTrace][Bridge][getDuration] ptr=131217388352464 duration=149.69603333333333
08-22 17:17:13.324 I/MpvEvent(17565): [PlaybackTrace][Native][eventLoop] event_id=22 error=0
08-22 17:17:13.324 I/MpvEvent(17565): [PlaybackTrace][Native][property] name=demuxer-cache-state format=6 value=null
08-22 17:17:13.324 I/MpvEvent(17565): [PlaybackTrace][Native][dispatch:property] name=demuxer-cache-state value=null
08-22 17:17:13.324 I/MpvBridgeModule(17565): [PlaybackTrace][Bridge][listener:property] name=demuxer-cache-state value=null
08-22 17:17:13.388 I/MpvJNI  (17565): [PlaybackTrace][Native][getPosition] result=0 position=1.638139
08-22 17:17:13.388 D/MpvBridgeModule(17565): [PlaybackTrace][Bridge][getPosition] ptr=131217388352464 position=1.6381392670907053
08-22 17:17:13.388 I/MpvJNI  (17565): [PlaybackTrace][Native][getDuration] result=0 duration=149.696033
08-22 17:17:13.388 D/MpvBridgeModule(17565): [PlaybackTrace][Bridge][getDuration] ptr=131217388352464 duration=149.69603333333333
08-22 17:17:13.388 D/MpvBridgeModule(17565): [PlaybackTrace][Bridge][getPlaybackState] ptr=131217388352464 state=playing idle=false eof=false pause=false
08-22 17:17:13.404 I/MpvJNI  (17565): [PlaybackTrace][Native][getDuration] result=0 duration=149.696033
08-22 17:17:13.404 D/MpvBridgeModule(17565): [PlaybackTrace][Bridge][getDuration] ptr=131217388352464 duration=149.69603333333333
08-22 17:17:13.573 I/MpvEvent(17565): [PlaybackTrace][Native][eventLoop] event_id=22 error=0
08-22 17:17:13.573 I/MpvEvent(17565): [PlaybackTrace][Native][property] name=demuxer-cache-state format=6 value=null
08-22 17:17:13.573 I/MpvEvent(17565): [PlaybackTrace][Native][dispatch:property] name=demuxer-cache-state value=null
08-22 17:17:13.573 I/MpvBridgeModule(17565): [PlaybackTrace][Bridge][listener:property] name=demuxer-cache-state value=null
08-22 17:17:13.617 I/MpvJNI  (17565): [PlaybackTrace][Native][getDuration] result=0 duration=149.696033
08-22 17:17:13.618 D/MpvBridgeModule(17565): [PlaybackTrace][Bridge][getDuration] ptr=131217388352464 duration=149.69603333333333
08-22 17:17:13.824 I/MpvEvent(17565): [PlaybackTrace][Native][eventLoop] event_id=22 error=0
08-22 17:17:13.824 I/MpvEvent(17565): [PlaybackTrace][Native][property] name=demuxer-cache-state format=6 value=null
08-22 17:17:13.824 I/MpvEvent(17565): [PlaybackTrace][Native][dispatch:property] name=demuxer-cache-state value=null
08-22 17:17:13.825 I/MpvBridgeModule(17565): [PlaybackTrace][Bridge][listener:property] name=demuxer-cache-state value=null
08-22 17:17:13.846 I/MpvJNI  (17565): [PlaybackTrace][Native][getDuration] result=0 duration=149.696033
08-22 17:17:13.846 D/MpvBridgeModule(17565): [PlaybackTrace][Bridge][getDuration] ptr=131217388352464 duration=149.69603333333333
08-22 17:17:14.087 I/MpvJNI  (17565): [PlaybackTrace][Native][getPosition] result=0 position=2.277805
08-22 17:17:14.087 D/MpvBridgeModule(17565): [PlaybackTrace][Bridge][getPosition] ptr=131217388352464 position=2.277805073090702
08-22 17:17:14.087 I/MpvJNI  (17565): [PlaybackTrace][Native][getDuration] result=0 duration=149.696033
08-22 17:17:14.087 D/MpvBridgeModule(17565): [PlaybackTrace][Bridge][getDuration] ptr=131217388352464 duration=149.69603333333333
08-22 17:17:14.089 D/MpvBridgeModule(17565): [PlaybackTrace][Bridge][getPlaybackState] ptr=131217388352464 state=playing idle=false eof=false pause=false
08-22 17:17:14.105 I/MpvJNI  (17565): [PlaybackTrace][Native][getDuration] result=0 duration=149.696033
08-22 17:17:14.105 D/MpvBridgeModule(17565): [PlaybackTrace][Bridge][getDuration] ptr=131217388352464 duration=149.69603333333333
08-22 17:17:14.336 I/MpvJNI  (17565): [PlaybackTrace][Native][getPosition] result=0 position=2.551910
08-22 17:17:14.336 D/MpvBridgeModule(17565): [PlaybackTrace][Bridge][getPosition] ptr=131217388352464 position=2.5519102390907
08-22 17:17:14.336 I/MpvJNI  (17565): [PlaybackTrace][Native][getDuration] result=0 duration=149.696033
08-22 17:17:14.336 D/MpvBridgeModule(17565): [PlaybackTrace][Bridge][getDuration] ptr=131217388352464 duration=149.69603333333333
08-22 17:17:14.336 D/MpvBridgeModule(17565): [PlaybackTrace][Bridge][getPlaybackState] ptr=131217388352464 state=playing idle=false eof=false pause=false
08-22 17:17:14.903 I/MpvJNI  (17565): [PlaybackTrace][Native][getPosition] result=0 position=2.998625
08-22 17:17:14.903 D/MpvBridgeModule(17565): [PlaybackTrace][Bridge][getPosition] ptr=131217388352464 position=2.998624503090698
08-22 17:17:14.903 I/MpvJNI  (17565): [PlaybackTrace][Native][getDuration] result=0 duration=149.696033
08-22 17:17:14.904 D/MpvBridgeModule(17565): [PlaybackTrace][Bridge][getDuration] ptr=131217388352464 duration=149.69603333333333
08-22 17:17:14.904 D/MpvBridgeModule(17565): [PlaybackTrace][Bridge][getPlaybackState] ptr=131217388352464 state=playing idle=false eof=false pause=false
08-22 17:17:14.907 I/MpvJNI  (17565): [PlaybackTrace][Native][getDuration] result=0 duration=149.696033
08-22 17:17:14.908 D/MpvBridgeModule(17565): [PlaybackTrace][Bridge][getDuration] ptr=131217388352464 duration=149.69603333333333
08-22 17:17:14.929 I/MpvEvent(17565): [PlaybackTrace][Native][eventLoop] event_id=22 error=0
08-22 17:17:14.929 I/MpvEvent(17565): [PlaybackTrace][Native][property] name=demuxer-cache-state format=6 value=null
08-22 17:17:14.929 I/MpvEvent(17565): [PlaybackTrace][Native][dispatch:property] name=demuxer-cache-state value=null
08-22 17:17:14.930 I/MpvBridgeModule(17565): [PlaybackTrace][Bridge][listener:property] name=demuxer-cache-state value=null
08-22 17:17:15.066 I/MpvJNI  (17565): [PlaybackTrace][Native][getDuration] result=0 duration=149.696033
08-22 17:17:15.066 D/MpvBridgeModule(17565): [PlaybackTrace][Bridge][getDuration] ptr=131217388352464 duration=149.69603333333333
08-22 17:17:15.179 I/MpvEvent(17565): [PlaybackTrace][Native][eventLoop] event_id=22 error=0
08-22 17:17:15.180 I/MpvEvent(17565): [PlaybackTrace][Native][property] name=demuxer-cache-state format=6 value=null
08-22 17:17:15.180 I/MpvEvent(17565): [PlaybackTrace][Native][dispatch:property] name=demuxer-cache-state value=null
08-22 17:17:15.181 I/MpvBridgeModule(17565): [PlaybackTrace][Bridge][listener:property] name=demuxer-cache-state value=null
08-22 17:17:15.251 I/MpvJNI  (17565): [PlaybackTrace][Native][getDuration] result=0 duration=149.696033
08-22 17:17:15.251 D/MpvBridgeModule(17565): [PlaybackTrace][Bridge][getDuration] ptr=131217388352464 duration=149.69603333333333
08-22 17:17:15.383 I/MpvJNI  (17565): [PlaybackTrace][Native][getPosition] result=0 position=3.633698
08-22 17:17:15.384 D/MpvBridgeModule(17565): [PlaybackTrace][Bridge][getPosition] ptr=131217388352464 position=3.6336976930906975
08-22 17:17:15.384 I/MpvJNI  (17565): [PlaybackTrace][Native][getDuration] result=0 duration=149.696033
08-22 17:17:15.384 D/MpvBridgeModule(17565): [PlaybackTrace][Bridge][getDuration] ptr=131217388352464 duration=149.69603333333333
08-22 17:17:15.384 D/MpvBridgeModule(17565): [PlaybackTrace][Bridge][getPlaybackState] ptr=131217388352464 state=playing idle=false eof=false pause=false
08-22 17:17:15.561 I/MpvEvent(17565): [PlaybackTrace][Native][eventLoop] event_id=22 error=0
08-22 17:17:15.562 I/MpvEvent(17565): [PlaybackTrace][Native][property] name=demuxer-cache-state format=6 value=null
08-22 17:17:15.562 I/MpvEvent(17565): [PlaybackTrace][Native][dispatch:property] name=demuxer-cache-state value=null
08-22 17:17:15.562 I/MpvBridgeModule(17565): [PlaybackTrace][Bridge][listener:property] name=demuxer-cache-state value=null
08-22 17:17:15.566 I/MpvJNI  (17565): [PlaybackTrace][Native][getDuration] result=0 duration=149.696033
08-22 17:17:15.566 D/MpvBridgeModule(17565): [PlaybackTrace][Bridge][getDuration] ptr=131217388352464 duration=149.69603333333333
08-22 17:17:15.811 I/MpvEvent(17565): [PlaybackTrace][Native][eventLoop] event_id=22 error=0
08-22 17:17:15.812 I/MpvEvent(17565): [PlaybackTrace][Native][property] name=demuxer-cache-state format=6 value=null
08-22 17:17:15.812 I/MpvEvent(17565): [PlaybackTrace][Native][dispatch:property] name=demuxer-cache-state value=null
08-22 17:17:15.812 I/MpvBridgeModule(17565): [PlaybackTrace][Bridge][listener:property] name=demuxer-cache-state value=null
08-22 17:17:15.815 I/MpvJNI  (17565): [PlaybackTrace][Native][getDuration] result=0 duration=149.696033
08-22 17:17:15.815 D/MpvBridgeModule(17565): [PlaybackTrace][Bridge][getDuration] ptr=131217388352464 duration=149.69603333333333
08-22 17:17:15.923 I/MpvJNI  (17565): [PlaybackTrace][Native][getPosition] result=0 position=4.083890
08-22 17:17:15.923 D/MpvBridgeModule(17565): [PlaybackTrace][Bridge][getPosition] ptr=131217388352464 position=4.083889666090703
08-22 17:17:15.923 I/MpvJNI  (17565): [PlaybackTrace][Native][getDuration] result=0 duration=149.696033
08-22 17:17:15.923 D/MpvBridgeModule(17565): [PlaybackTrace][Bridge][getDuration] ptr=131217388352464 duration=149.69603333333333
08-22 17:17:15.925 D/MpvBridgeModule(17565): [PlaybackTrace][Bridge][getPlaybackState] ptr=131217388352464 state=playing idle=false eof=false pause=false
08-22 17:17:15.950 I/MpvJNI  (17565): [PlaybackTrace][Native][getDuration] result=0 duration=149.696033
08-22 17:17:15.950 D/MpvBridgeModule(17565): [PlaybackTrace][Bridge][getDuration] ptr=131217388352464 duration=149.69603333333333
08-22 17:17:16.369 I/MpvJNI  (17565): [PlaybackTrace][Native][getPosition] result=0 position=4.540768
08-22 17:17:16.369 D/MpvBridgeModule(17565): [PlaybackTrace][Bridge][getPosition] ptr=131217388352464 position=4.540768168090708
08-22 17:17:16.369 I/MpvJNI  (17565): [PlaybackTrace][Native][getDuration] result=0 duration=149.696033
08-22 17:17:16.369 D/MpvBridgeModule(17565): [PlaybackTrace][Bridge][getDuration] ptr=131217388352464 duration=149.69603333333333
08-22 17:17:16.370 D/MpvBridgeModule(17565): [PlaybackTrace][Bridge][getPlaybackState] ptr=131217388352464 state=playing idle=false eof=false pause=false
08-22 17:17:16.742 I/MpvEvent(17565): [PlaybackTrace][Native][eventLoop] event_id=22 error=0
08-22 17:17:16.742 I/MpvEvent(17565): [PlaybackTrace][Native][property] name=demuxer-cache-state format=6 value=null
08-22 17:17:16.742 I/MpvEvent(17565): [PlaybackTrace][Native][dispatch:property] name=demuxer-cache-state value=null
08-22 17:17:16.743 I/MpvBridgeModule(17565): [PlaybackTrace][Bridge][listener:property] name=demuxer-cache-state value=null
08-22 17:17:16.751 I/MpvJNI  (17565): [PlaybackTrace][Native][getDuration] result=0 duration=149.696033
08-22 17:17:16.751 D/MpvBridgeModule(17565): [PlaybackTrace][Bridge][getDuration] ptr=131217388352464 duration=149.69603333333333
08-22 17:17:16.946 I/MpvJNI  (17565): [PlaybackTrace][Native][getPosition] result=0 position=5.086330
08-22 17:17:16.946 D/MpvBridgeModule(17565): [PlaybackTrace][Bridge][getPosition] ptr=131217388352464 position=5.086329855090716
08-22 17:17:16.946 I/MpvJNI  (17565): [PlaybackTrace][Native][getDuration] result=0 duration=149.696033
08-22 17:17:16.946 D/MpvBridgeModule(17565): [PlaybackTrace][Bridge][getDuration] ptr=131217388352464 duration=149.69603333333333
08-22 17:17:16.947 D/MpvBridgeModule(17565): [PlaybackTrace][Bridge][getPlaybackState] ptr=131217388352464 state=playing idle=false eof=false pause=false
08-22 17:17:16.963 I/MpvJNI  (17565): [PlaybackTrace][Native][getDuration] result=0 duration=149.696033
08-22 17:17:16.963 D/MpvBridgeModule(17565): [PlaybackTrace][Bridge][getDuration] ptr=131217388352464 duration=149.69603333333333
08-22 17:17:16.993 I/MpvEvent(17565): [PlaybackTrace][Native][eventLoop] event_id=22 error=0
08-22 17:17:16.993 I/MpvEvent(17565): [PlaybackTrace][Native][property] name=demuxer-cache-state format=6 value=null
08-22 17:17:16.993 I/MpvEvent(17565): [PlaybackTrace][Native][dispatch:property] name=demuxer-cache-state value=null
08-22 17:17:16.994 I/MpvBridgeModule(17565): [PlaybackTrace][Bridge][listener:property] name=demuxer-cache-state value=null
08-22 17:17:17.328 I/MpvJNI  (17565): [PlaybackTrace][Native][getDuration] result=0 duration=149.696033
08-22 17:17:17.328 D/MpvBridgeModule(17565): [PlaybackTrace][Bridge][getDuration] ptr=131217388352464 duration=149.69603333333333
08-22 17:17:17.539 I/MpvJNI  (17565): [PlaybackTrace][Native][getPosition] result=0 position=5.724916
08-22 17:17:17.540 D/MpvBridgeModule(17565): [PlaybackTrace][Bridge][getPosition] ptr=131217388352464 position=5.724915787090723
08-22 17:17:17.540 I/MpvJNI  (17565): [PlaybackTrace][Native][getDuration] result=0 duration=149.696033
08-22 17:17:17.540 D/MpvBridgeModule(17565): [PlaybackTrace][Bridge][getDuration] ptr=131217388352464 duration=149.69603333333333
08-22 17:17:17.540 D/MpvBridgeModule(17565): [PlaybackTrace][Bridge][getPlaybackState] ptr=131217388352464 state=playing idle=false eof=false pause=false
08-22 17:17:17.919 I/MpvEvent(17565): [PlaybackTrace][Native][eventLoop] event_id=22 error=0
08-22 17:17:17.919 I/MpvEvent(17565): [PlaybackTrace][Native][property] name=demuxer-cache-state format=6 value=null
08-22 17:17:17.919 I/MpvEvent(17565): [PlaybackTrace][Native][dispatch:property] name=demuxer-cache-state value=null
08-22 17:17:17.920 I/MpvBridgeModule(17565): [PlaybackTrace][Bridge][listener:property] name=demuxer-cache-state value=null
08-22 17:17:17.925 I/MpvJNI  (17565): [PlaybackTrace][Native][getDuration] result=0 duration=149.696033
08-22 17:17:17.925 D/MpvBridgeModule(17565): [PlaybackTrace][Bridge][getDuration] ptr=131217388352464 duration=149.69603333333333
08-22 17:17:18.088 I/MpvJNI  (17565): [PlaybackTrace][Native][getPosition] result=0 position=6.217586
08-22 17:17:18.088 D/MpvBridgeModule(17565): [PlaybackTrace][Bridge][getPosition] ptr=131217388352464 position=6.217585991090728
08-22 17:17:18.094 I/MpvJNI  (17565): [PlaybackTrace][Native][getDuration] result=0 duration=149.696033
08-22 17:17:18.095 D/MpvBridgeModule(17565): [PlaybackTrace][Bridge][getDuration] ptr=131217388352464 duration=149.69603333333333
08-22 17:17:18.095 D/MpvBridgeModule(17565): [PlaybackTrace][Bridge][getPlaybackState] ptr=131217388352464 state=playing idle=false eof=false pause=false
08-22 17:17:18.107 I/MpvJNI  (17565): [PlaybackTrace][Native][getDuration] result=0 duration=149.696033
08-22 17:17:18.108 D/MpvBridgeModule(17565): [PlaybackTrace][Bridge][getDuration] ptr=131217388352464 duration=149.69603333333333
08-22 17:17:18.171 I/MpvEvent(17565): [PlaybackTrace][Native][eventLoop] event_id=22 error=0
08-22 17:17:18.171 I/MpvEvent(17565): [PlaybackTrace][Native][property] name=demuxer-cache-state format=6 value=null
08-22 17:17:18.171 I/MpvEvent(17565): [PlaybackTrace][Native][dispatch:property] name=demuxer-cache-state value=null
08-22 17:17:18.174 I/MpvBridgeModule(17565): [PlaybackTrace][Bridge][listener:property] name=demuxer-cache-state value=null
08-22 17:17:18.297 I/MpvJNI  (17565): [PlaybackTrace][Native][getDuration] result=0 duration=149.696033
08-22 17:17:18.297 D/MpvBridgeModule(17565): [PlaybackTrace][Bridge][getDuration] ptr=131217388352464 duration=149.69603333333333
08-22 17:17:18.462 I/MpvJNI  (17565): [PlaybackTrace][Native][getPosition] result=0 position=6.634442
08-22 17:17:18.462 D/MpvBridgeModule(17565): [PlaybackTrace][Bridge][getPosition] ptr=131217388352464 position=6.634442026090734
08-22 17:17:18.463 I/MpvJNI  (17565): [PlaybackTrace][Native][getDuration] result=0 duration=149.696033
08-22 17:17:18.463 D/MpvBridgeModule(17565): [PlaybackTrace][Bridge][getDuration] ptr=131217388352464 duration=149.69603333333333
08-22 17:17:18.463 D/MpvBridgeModule(17565): [PlaybackTrace][Bridge][getPlaybackState] ptr=131217388352464 state=playing idle=false eof=false pause=false
08-22 17:17:18.647 I/MpvEvent(17565): [PlaybackTrace][Native][eventLoop] event_id=22 error=0
08-22 17:17:18.647 I/MpvEvent(17565): [PlaybackTrace][Native][property] name=demuxer-cache-state format=6 value=null
08-22 17:17:18.647 I/MpvEvent(17565): [PlaybackTrace][Native][dispatch:property] name=demuxer-cache-state value=null
08-22 17:17:18.647 I/MpvBridgeModule(17565): [PlaybackTrace][Bridge][listener:property] name=demuxer-cache-state value=null
08-22 17:17:18.652 I/MpvJNI  (17565): [PlaybackTrace][Native][getDuration] result=0 duration=149.696033
08-22 17:17:18.653 D/MpvBridgeModule(17565): [PlaybackTrace][Bridge][getDuration] ptr=131217388352464 duration=149.69603333333333
08-22 17:17:18.899 I/MpvEvent(17565): [PlaybackTrace][Native][eventLoop] event_id=22 error=0
08-22 17:17:18.899 I/MpvEvent(17565): [PlaybackTrace][Native][property] name=demuxer-cache-state format=6 value=null
08-22 17:17:18.899 I/MpvEvent(17565): [PlaybackTrace][Native][dispatch:property] name=demuxer-cache-state value=null
08-22 17:17:18.899 I/MpvBridgeModule(17565): [PlaybackTrace][Bridge][listener:property] name=demuxer-cache-state value=null
08-22 17:17:18.908 I/MpvJNI  (17565): [PlaybackTrace][Native][getDuration] result=0 duration=149.696033
08-22 17:17:18.909 D/MpvBridgeModule(17565): [PlaybackTrace][Bridge][getDuration] ptr=131217388352464 duration=149.69603333333333
08-22 17:17:18.990 I/MpvEvent(17565): [PlaybackTrace][Native][eventLoop] event_id=22 error=0
08-22 17:17:18.990 I/MpvEvent(17565): [PlaybackTrace][Native][property] name=demuxer-cache-state format=6 value=null
08-22 17:17:18.990 I/MpvEvent(17565): [PlaybackTrace][Native][dispatch:property] name=demuxer-cache-state value=null
08-22 17:17:18.990 I/MpvBridgeModule(17565): [PlaybackTrace][Bridge][listener:property] name=demuxer-cache-state value=null
08-22 17:17:19.122 I/MpvJNI  (17565): [PlaybackTrace][Native][getPosition] result=0 position=7.329590
08-22 17:17:19.122 D/MpvBridgeModule(17565): [PlaybackTrace][Bridge][getPosition] ptr=131217388352464 position=7.329589545090743
08-22 17:17:19.122 I/MpvJNI  (17565): [PlaybackTrace][Native][getDuration] result=0 duration=149.696033
08-22 17:17:19.123 D/MpvBridgeModule(17565): [PlaybackTrace][Bridge][getDuration] ptr=131217388352464 duration=149.69603333333333
08-22 17:17:19.123 D/MpvBridgeModule(17565): [PlaybackTrace][Bridge][getPlaybackState] ptr=131217388352464 state=playing idle=false eof=false pause=false
08-22 17:17:19.137 I/MpvJNI  (17565): [PlaybackTrace][Native][getDuration] result=0 duration=149.696033
08-22 17:17:19.137 D/MpvBridgeModule(17565): [PlaybackTrace][Bridge][getDuration] ptr=131217388352464 duration=149.69603333333333
08-22 17:17:19.237 I/MpvEvent(17565): [PlaybackTrace][Native][eventLoop] event_id=22 error=0
08-22 17:17:19.237 I/MpvEvent(17565): [PlaybackTrace][Native][property] name=demuxer-cache-state format=6 value=null
08-22 17:17:19.237 I/MpvEvent(17565): [PlaybackTrace][Native][dispatch:property] name=demuxer-cache-state value=null
08-22 17:17:19.237 I/MpvBridgeModule(17565): [PlaybackTrace][Bridge][listener:property] name=demuxer-cache-state value=null
08-22 17:17:19.304 I/MpvJNI  (17565): [PlaybackTrace][Native][getDuration] result=0 duration=149.696033
08-22 17:17:19.304 D/MpvBridgeModule(17565): [PlaybackTrace][Bridge][getDuration] ptr=131217388352464 duration=149.69603333333333
08-22 17:17:19.534 I/MpvJNI  (17565): [PlaybackTrace][Native][getPosition] result=0 position=7.781005
08-22 17:17:19.534 D/MpvBridgeModule(17565): [PlaybackTrace][Bridge][getPosition] ptr=131217388352464 position=7.781005451090747
08-22 17:17:19.534 I/MpvJNI  (17565): [PlaybackTrace][Native][getDuration] result=0 duration=149.696033
08-22 17:17:19.534 D/MpvBridgeModule(17565): [PlaybackTrace][Bridge][getDuration] ptr=131217388352464 duration=149.69603333333333
08-22 17:17:19.534 D/MpvBridgeModule(17565): [PlaybackTrace][Bridge][getPlaybackState] ptr=131217388352464 state=playing idle=false eof=false pause=false
08-22 17:17:19.988 I/MpvJNI  (17565): [PlaybackTrace][Native][getPosition] result=0 position=8.233793
08-22 17:17:19.989 D/MpvBridgeModule(17565): [PlaybackTrace][Bridge][getPosition] ptr=131217388352464 position=8.233792677090753
08-22 17:17:19.989 I/MpvJNI  (17565): [PlaybackTrace][Native][getDuration] result=0 duration=149.696033
08-22 17:17:19.989 D/MpvBridgeModule(17565): [PlaybackTrace][Bridge][getDuration] ptr=131217388352464 duration=149.69603333333333
08-22 17:17:19.989 D/MpvBridgeModule(17565): [PlaybackTrace][Bridge][getPlaybackState] ptr=131217388352464 state=playing idle=false eof=false pause=false
08-22 17:17:19.996 I/MpvJNI  (17565): [PlaybackTrace][Native][getDuration] result=0 duration=149.696033
08-22 17:17:19.996 D/MpvBridgeModule(17565): [PlaybackTrace][Bridge][getDuration] ptr=131217388352464 duration=149.69603333333333
08-22 17:17:20.162 I/MpvEvent(17565): [PlaybackTrace][Native][eventLoop] event_id=22 error=0
08-22 17:17:20.162 I/MpvEvent(17565): [PlaybackTrace][Native][property] name=demuxer-cache-state format=6 value=null
08-22 17:17:20.162 I/MpvEvent(17565): [PlaybackTrace][Native][dispatch:property] name=demuxer-cache-state value=null
08-22 17:17:20.162 I/MpvBridgeModule(17565): [PlaybackTrace][Bridge][listener:property] name=demuxer-cache-state value=null
08-22 17:17:20.165 I/MpvJNI  (17565): [PlaybackTrace][Native][getDuration] result=0 duration=149.696033
08-22 17:17:20.165 D/MpvBridgeModule(17565): [PlaybackTrace][Bridge][getDuration] ptr=131217388352464 duration=149.69603333333333
08-22 17:17:20.413 I/MpvEvent(17565): [PlaybackTrace][Native][eventLoop] event_id=22 error=0
08-22 17:17:20.413 I/MpvEvent(17565): [PlaybackTrace][Native][property] name=demuxer-cache-state format=6 value=null
08-22 17:17:20.413 I/MpvEvent(17565): [PlaybackTrace][Native][dispatch:property] name=demuxer-cache-state value=null
08-22 17:17:20.413 I/MpvBridgeModule(17565): [PlaybackTrace][Bridge][listener:property] name=demuxer-cache-state value=null
08-22 17:17:20.418 I/MpvJNI  (17565): [PlaybackTrace][Native][getDuration] result=0 duration=149.696033
08-22 17:17:20.418 D/MpvBridgeModule(17565): [PlaybackTrace][Bridge][getDuration] ptr=131217388352464 duration=149.69603333333333
08-22 17:17:20.526 I/MpvJNI  (17565): [PlaybackTrace][Native][getPosition] result=0 position=8.688863
08-22 17:17:20.526 D/MpvBridgeModule(17565): [PlaybackTrace][Bridge][getPosition] ptr=131217388352464 position=8.688862500090758
08-22 17:17:20.526 I/MpvJNI  (17565): [PlaybackTrace][Native][getDuration] result=0 duration=149.696033
08-22 17:17:20.526 D/MpvBridgeModule(17565): [PlaybackTrace][Bridge][getDuration] ptr=131217388352464 duration=149.69603333333333
08-22 17:17:20.526 D/MpvBridgeModule(17565): [PlaybackTrace][Bridge][getPlaybackState] ptr=131217388352464 state=playing idle=false eof=false pause=false
08-22 17:17:20.798 I/MpvEvent(17565): [PlaybackTrace][Native][eventLoop] event_id=22 error=0
08-22 17:17:20.798 I/MpvEvent(17565): [PlaybackTrace][Native][property] name=demuxer-cache-state format=6 value=null
08-22 17:17:20.798 I/MpvEvent(17565): [PlaybackTrace][Native][dispatch:property] name=demuxer-cache-state value=null
08-22 17:17:20.799 I/MpvBridgeModule(17565): [PlaybackTrace][Bridge][listener:property] name=demuxer-cache-state value=null
08-22 17:17:20.803 I/MpvJNI  (17565): [PlaybackTrace][Native][getDuration] result=0 duration=149.696033
08-22 17:17:20.803 D/MpvBridgeModule(17565): [PlaybackTrace][Bridge][getDuration] ptr=131217388352464 duration=149.69603333333333
08-22 17:17:21.002 I/MpvJNI  (17565): [PlaybackTrace][Native][getPosition] result=0 position=9.140796
08-22 17:17:21.002 D/MpvBridgeModule(17565): [PlaybackTrace][Bridge][getPosition] ptr=131217388352464 position=9.140795785090763
08-22 17:17:21.002 I/MpvJNI  (17565): [PlaybackTrace][Native][getDuration] result=0 duration=149.696033
08-22 17:17:21.002 D/MpvBridgeModule(17565): [PlaybackTrace][Bridge][getDuration] ptr=131217388352464 duration=149.69603333333333
08-22 17:17:21.002 D/MpvBridgeModule(17565): [PlaybackTrace][Bridge][getPlaybackState] ptr=131217388352464 state=playing idle=false eof=false pause=false
08-22 17:17:21.005 I/MpvJNI  (17565): [PlaybackTrace][Native][getDuration] result=0 duration=149.696033
08-22 17:17:21.005 D/MpvBridgeModule(17565): [PlaybackTrace][Bridge][getDuration] ptr=131217388352464 duration=149.69603333333333
08-22 17:17:21.048 I/MpvEvent(17565): [PlaybackTrace][Native][eventLoop] event_id=22 error=0
08-22 17:17:21.048 I/MpvEvent(17565): [PlaybackTrace][Native][property] name=demuxer-cache-state format=6 value=null
08-22 17:17:21.048 I/MpvEvent(17565): [PlaybackTrace][Native][dispatch:property] name=demuxer-cache-state value=null
08-22 17:17:21.048 I/MpvBridgeModule(17565): [PlaybackTrace][Bridge][listener:property] name=demuxer-cache-state value=null
08-22 17:17:21.118 I/MpvJNI  (17565): [PlaybackTrace][Native][getDuration] result=0 duration=149.696033
08-22 17:17:21.119 D/MpvBridgeModule(17565): [PlaybackTrace][Bridge][getDuration] ptr=131217388352464 duration=149.69603333333333
08-22 17:17:21.470 I/MpvJNI  (17565): [PlaybackTrace][Native][getPosition] result=0 position=9.598404
08-22 17:17:21.470 D/MpvBridgeModule(17565): [PlaybackTrace][Bridge][getPosition] ptr=131217388352464 position=9.598403698090769
08-22 17:17:21.470 I/MpvJNI  (17565): [PlaybackTrace][Native][getDuration] result=0 duration=149.696033
08-22 17:17:21.470 D/MpvBridgeModule(17565): [PlaybackTrace][Bridge][getDuration] ptr=131217388352464 duration=149.69603333333333
08-22 17:17:21.472 D/MpvBridgeModule(17565): [PlaybackTrace][Bridge][getPlaybackState] ptr=131217388352464 state=playing idle=false eof=false pause=false
08-22 17:17:21.983 I/MpvEvent(17565): [PlaybackTrace][Native][eventLoop] event_id=22 error=0
08-22 17:17:21.983 I/MpvEvent(17565): [PlaybackTrace][Native][property] name=demuxer-cache-state format=6 value=null
08-22 17:17:21.983 I/MpvEvent(17565): [PlaybackTrace][Native][dispatch:property] name=demuxer-cache-state value=null
08-22 17:17:21.985 I/MpvBridgeModule(17565): [PlaybackTrace][Bridge][listener:property] name=demuxer-cache-state value=null
08-22 17:17:21.990 I/MpvJNI  (17565): [PlaybackTrace][Native][getDuration] result=0 duration=149.696033
08-22 17:17:21.991 D/MpvBridgeModule(17565): [PlaybackTrace][Bridge][getDuration] ptr=131217388352464 duration=149.69603333333333
08-22 17:17:22.135 I/MpvJNI  (17565): [PlaybackTrace][Native][getPosition] result=0 position=10.276154
08-22 17:17:22.135 D/MpvBridgeModule(17565): [PlaybackTrace][Bridge][getPosition] ptr=131217388352464 position=10.276154466090777
08-22 17:17:22.135 I/MpvJNI  (17565): [PlaybackTrace][Native][getDuration] result=0 duration=149.696033
08-22 17:17:22.135 D/MpvBridgeModule(17565): [PlaybackTrace][Bridge][getDuration] ptr=131217388352464 duration=149.69603333333333
08-22 17:17:22.135 D/MpvBridgeModule(17565): [PlaybackTrace][Bridge][getPlaybackState] ptr=131217388352464 state=playing idle=false eof=false pause=false
08-22 17:17:22.146 I/MpvJNI  (17565): [PlaybackTrace][Native][getDuration] result=0 duration=149.696033
08-22 17:17:22.146 D/MpvBridgeModule(17565): [PlaybackTrace][Bridge][getDuration] ptr=131217388352464 duration=149.69603333333333
08-22 17:17:22.237 I/MpvEvent(17565): [PlaybackTrace][Native][eventLoop] event_id=22 error=0
08-22 17:17:22.237 I/MpvEvent(17565): [PlaybackTrace][Native][property] name=demuxer-cache-state format=6 value=null
08-22 17:17:22.237 I/MpvEvent(17565): [PlaybackTrace][Native][dispatch:property] name=demuxer-cache-state value=null
08-22 17:17:22.237 I/MpvBridgeModule(17565): [PlaybackTrace][Bridge][listener:property] name=demuxer-cache-state value=null
08-22 17:17:22.438 I/MpvJNI  (17565): [PlaybackTrace][Native][getDuration] result=0 duration=149.696033
08-22 17:17:22.438 D/MpvBridgeModule(17565): [PlaybackTrace][Bridge][getDuration] ptr=131217388352464 duration=149.69603333333333
08-22 17:17:22.594 I/MpvJNI  (17565): [PlaybackTrace][Native][getPosition] result=0 position=10.695522
08-22 17:17:22.594 D/MpvBridgeModule(17565): [PlaybackTrace][Bridge][getPosition] ptr=131217388352464 position=10.695522430090781
08-22 17:17:22.594 I/MpvJNI  (17565): [PlaybackTrace][Native][getDuration] result=0 duration=149.696033
08-22 17:17:22.594 D/MpvBridgeModule(17565): [PlaybackTrace][Bridge][getDuration] ptr=131217388352464 duration=149.69603333333333
08-22 17:17:22.594 D/MpvBridgeModule(17565): [PlaybackTrace][Bridge][getPlaybackState] ptr=131217388352464 state=playing idle=false eof=false pause=false
08-22 17:17:23.038 I/MpvJNI  (17565): [PlaybackTrace][Native][getPosition] result=0 position=11.226773
08-22 17:17:23.038 D/MpvBridgeModule(17565): [PlaybackTrace][Bridge][getPosition] ptr=131217388352464 position=11.226772719090789
08-22 17:17:23.038 I/MpvJNI  (17565): [PlaybackTrace][Native][getDuration] result=0 duration=149.696033
08-22 17:17:23.038 D/MpvBridgeModule(17565): [PlaybackTrace][Bridge][getDuration] ptr=131217388352464 duration=149.69603333333333
08-22 17:17:23.038 D/MpvBridgeModule(17565): [PlaybackTrace][Bridge][getPlaybackState] ptr=131217388352464 state=playing idle=false eof=false pause=false
08-22 17:17:23.041 I/MpvJNI  (17565): [PlaybackTrace][Native][getDuration] result=0 duration=149.696033
08-22 17:17:23.042 D/MpvBridgeModule(17565): [PlaybackTrace][Bridge][getDuration] ptr=131217388352464 duration=149.69603333333333
08-22 17:17:23.338 I/MpvEvent(17565): [PlaybackTrace][Native][eventLoop] event_id=22 error=0
08-22 17:17:23.338 I/MpvEvent(17565): [PlaybackTrace][Native][property] name=demuxer-cache-state format=6 value=null
08-22 17:17:23.338 I/MpvEvent(17565): [PlaybackTrace][Native][dispatch:property] name=demuxer-cache-state value=null
08-22 17:17:23.339 I/MpvBridgeModule(17565): [PlaybackTrace][Bridge][listener:property] name=demuxer-cache-state value=null
08-22 17:17:23.346 I/MpvJNI  (17565): [PlaybackTrace][Native][getDuration] result=0 duration=149.696033
08-22 17:17:23.346 D/MpvBridgeModule(17565): [PlaybackTrace][Bridge][getDuration] ptr=131217388352464 duration=149.69603333333333
08-22 17:17:23.562 I/MpvJNI  (17565): [PlaybackTrace][Native][getPosition] result=0 position=11.709989
08-22 17:17:23.563 D/MpvBridgeModule(17565): [PlaybackTrace][Bridge][getPosition] ptr=131217388352464 position=11.709988966090794
08-22 17:17:23.563 I/MpvJNI  (17565): [PlaybackTrace][Native][getDuration] result=0 duration=149.696033
08-22 17:17:23.563 D/MpvBridgeModule(17565): [PlaybackTrace][Bridge][getDuration] ptr=131217388352464 duration=149.69603333333333
08-22 17:17:23.563 D/MpvBridgeModule(17565): [PlaybackTrace][Bridge][getPlaybackState] ptr=131217388352464 state=playing idle=false eof=false pause=false
08-22 17:17:23.588 I/MpvEvent(17565): [PlaybackTrace][Native][eventLoop] event_id=22 error=0
08-22 17:17:23.588 I/MpvEvent(17565): [PlaybackTrace][Native][property] name=demuxer-cache-state format=6 value=null
08-22 17:17:23.588 I/MpvEvent(17565): [PlaybackTrace][Native][dispatch:property] name=demuxer-cache-state value=null
08-22 17:17:23.589 I/MpvBridgeModule(17565): [PlaybackTrace][Bridge][listener:property] name=demuxer-cache-state value=null
08-22 17:17:23.592 I/MpvJNI  (17565): [PlaybackTrace][Native][getDuration] result=0 duration=149.696033
08-22 17:17:23.593 D/MpvBridgeModule(17565): [PlaybackTrace][Bridge][getDuration] ptr=131217388352464 duration=149.69603333333333
08-22 17:17:23.882 I/MpvEvent(17565): [PlaybackTrace][Native][eventLoop] event_id=22 error=0
08-22 17:17:23.882 I/MpvEvent(17565): [PlaybackTrace][Native][property] name=demuxer-cache-state format=6 value=null
08-22 17:17:23.882 I/MpvEvent(17565): [PlaybackTrace][Native][dispatch:property] name=demuxer-cache-state value=null
08-22 17:17:23.883 I/MpvBridgeModule(17565): [PlaybackTrace][Bridge][listener:property] name=demuxer-cache-state value=null
08-22 17:17:23.890 I/MpvJNI  (17565): [PlaybackTrace][Native][getDuration] result=0 duration=149.696033
08-22 17:17:23.891 D/MpvBridgeModule(17565): [PlaybackTrace][Bridge][getDuration] ptr=131217388352464 duration=149.69603333333333
08-22 17:17:24.055 I/MpvJNI  (17565): [PlaybackTrace][Native][getPosition] result=0 position=12.180615
08-22 17:17:24.055 D/MpvBridgeModule(17565): [PlaybackTrace][Bridge][getPosition] ptr=131217388352464 position=12.1806153830908
08-22 17:17:24.055 I/MpvJNI  (17565): [PlaybackTrace][Native][getDuration] result=0 duration=149.696033
08-22 17:17:24.055 D/MpvBridgeModule(17565): [PlaybackTrace][Bridge][getDuration] ptr=131217388352464 duration=149.69603333333333
08-22 17:17:24.055 D/MpvBridgeModule(17565): [PlaybackTrace][Bridge][getPlaybackState] ptr=131217388352464 state=playing idle=false eof=false pause=false
08-22 17:17:24.068 I/MpvJNI  (17565): [PlaybackTrace][Native][getDuration] result=0 duration=149.696033
08-22 17:17:24.068 D/MpvBridgeModule(17565): [PlaybackTrace][Bridge][getDuration] ptr=131217388352464 duration=149.69603333333333
08-22 17:17:24.134 I/MpvEvent(17565): [PlaybackTrace][Native][eventLoop] event_id=22 error=0
08-22 17:17:24.134 I/MpvEvent(17565): [PlaybackTrace][Native][property] name=demuxer-cache-state format=6 value=null
08-22 17:17:24.134 I/MpvEvent(17565): [PlaybackTrace][Native][dispatch:property] name=demuxer-cache-state value=null
08-22 17:17:24.134 I/MpvBridgeModule(17565): [PlaybackTrace][Bridge][listener:property] name=demuxer-cache-state value=null
08-22 17:17:24.214 I/MpvJNI  (17565): [PlaybackTrace][Native][getDuration] result=0 duration=149.696033
08-22 17:17:24.214 D/MpvBridgeModule(17565): [PlaybackTrace][Bridge][getDuration] ptr=131217388352464 duration=149.69603333333333
08-22 17:17:24.502 I/MpvJNI  (17565): [PlaybackTrace][Native][getPosition] result=0 position=12.589108
08-22 17:17:24.502 D/MpvBridgeModule(17565): [PlaybackTrace][Bridge][getPosition] ptr=131217388352464 position=12.589107825090805
08-22 17:17:24.502 I/MpvJNI  (17565): [PlaybackTrace][Native][getDuration] result=0 duration=149.696033
08-22 17:17:24.502 D/MpvBridgeModule(17565): [PlaybackTrace][Bridge][getDuration] ptr=131217388352464 duration=149.69603333333333
08-22 17:17:24.502 D/MpvBridgeModule(17565): [PlaybackTrace][Bridge][getPlaybackState] ptr=131217388352464 state=playing idle=false eof=false pause=false
08-22 17:17:25.069 I/MpvJNI  (17565): [PlaybackTrace][Native][getPosition] result=0 position=13.219601
08-22 17:17:25.069 D/MpvBridgeModule(17565): [PlaybackTrace][Bridge][getPosition] ptr=131217388352464 position=13.219600885090813
08-22 17:17:25.069 I/MpvJNI  (17565): [PlaybackTrace][Native][getDuration] result=0 duration=149.696033
08-22 17:17:25.069 D/MpvBridgeModule(17565): [PlaybackTrace][Bridge][getDuration] ptr=131217388352464 duration=149.69603333333333
08-22 17:17:25.069 D/MpvBridgeModule(17565): [PlaybackTrace][Bridge][getPlaybackState] ptr=131217388352464 state=playing idle=false eof=false pause=false
08-22 17:17:25.072 I/MpvJNI  (17565): [PlaybackTrace][Native][getDuration] result=0 duration=149.696033
08-22 17:17:25.072 D/MpvBridgeModule(17565): [PlaybackTrace][Bridge][getDuration] ptr=131217388352464 duration=149.69603333333333
08-22 17:17:25.159 I/MpvEvent(17565): [PlaybackTrace][Native][eventLoop] event_id=22 error=0
08-22 17:17:25.159 I/MpvEvent(17565): [PlaybackTrace][Native][property] name=demuxer-cache-state format=6 value=null
08-22 17:17:25.159 I/MpvEvent(17565): [PlaybackTrace][Native][dispatch:property] name=demuxer-cache-state value=null
08-22 17:17:25.160 I/MpvBridgeModule(17565): [PlaybackTrace][Bridge][listener:property] name=demuxer-cache-state value=null
08-22 17:17:25.200 I/MpvJNI  (17565): [PlaybackTrace][Native][getDuration] result=0 duration=149.696033
08-22 17:17:25.201 D/MpvBridgeModule(17565): [PlaybackTrace][Bridge][getDuration] ptr=131217388352464 duration=149.69603333333333
08-22 17:17:25.399 I/MpvEvent(17565): [PlaybackTrace][Native][eventLoop] event_id=22 error=0
08-22 17:17:25.399 I/MpvEvent(17565): [PlaybackTrace][Native][property] name=demuxer-cache-state format=6 value=null
08-22 17:17:25.399 I/MpvEvent(17565): [PlaybackTrace][Native][dispatch:property] name=demuxer-cache-state value=null
08-22 17:17:25.400 I/MpvBridgeModule(17565): [PlaybackTrace][Bridge][listener:property] name=demuxer-cache-state value=null
08-22 17:17:25.403 I/MpvJNI  (17565): [PlaybackTrace][Native][getDuration] result=0 duration=149.696033
08-22 17:17:25.403 D/MpvBridgeModule(17565): [PlaybackTrace][Bridge][getDuration] ptr=131217388352464 duration=149.69603333333333
08-22 17:17:25.519 I/MpvJNI  (17565): [PlaybackTrace][Native][getPosition] result=0 position=13.674089
08-22 17:17:25.519 D/MpvBridgeModule(17565): [PlaybackTrace][Bridge][getPosition] ptr=131217388352464 position=13.674089224090817
08-22 17:17:25.519 I/MpvJNI  (17565): [PlaybackTrace][Native][getDuration] result=0 duration=149.696033
08-22 17:17:25.519 D/MpvBridgeModule(17565): [PlaybackTrace][Bridge][getDuration] ptr=131217388352464 duration=149.69603333333333
08-22 17:17:25.519 D/MpvBridgeModule(17565): [PlaybackTrace][Bridge][getPlaybackState] ptr=131217388352464 state=playing idle=false eof=false pause=false
08-22 17:17:26.086 I/MpvJNI  (17565): [PlaybackTrace][Native][getPosition] result=0 position=14.311921
08-22 17:17:26.086 D/MpvBridgeModule(17565): [PlaybackTrace][Bridge][getPosition] ptr=131217388352464 position=14.311921287090824
08-22 17:17:26.086 I/MpvJNI  (17565): [PlaybackTrace][Native][getDuration] result=0 duration=149.696033
08-22 17:17:26.086 D/MpvBridgeModule(17565): [PlaybackTrace][Bridge][getDuration] ptr=131217388352464 duration=149.69603333333333
08-22 17:17:26.087 D/MpvBridgeModule(17565): [PlaybackTrace][Bridge][getPlaybackState] ptr=131217388352464 state=playing idle=false eof=false pause=false
08-22 17:17:26.090 I/MpvJNI  (17565): [PlaybackTrace][Native][getDuration] result=0 duration=149.696033
08-22 17:17:26.090 D/MpvBridgeModule(17565): [PlaybackTrace][Bridge][getDuration] ptr=131217388352464 duration=149.69603333333333
08-22 17:17:26.327 I/MpvEvent(17565): [PlaybackTrace][Native][eventLoop] event_id=22 error=0
08-22 17:17:26.327 I/MpvEvent(17565): [PlaybackTrace][Native][property] name=demuxer-cache-state format=6 value=null
08-22 17:17:26.327 I/MpvEvent(17565): [PlaybackTrace][Native][dispatch:property] name=demuxer-cache-state value=null
08-22 17:17:26.327 I/MpvBridgeModule(17565): [PlaybackTrace][Bridge][listener:property] name=demuxer-cache-state value=null
08-22 17:17:26.331 I/MpvJNI  (17565): [PlaybackTrace][Native][getDuration] result=0 duration=149.696033
08-22 17:17:26.331 D/MpvBridgeModule(17565): [PlaybackTrace][Bridge][getDuration] ptr=131217388352464 duration=149.69603333333333
08-22 17:17:26.535 I/MpvJNI  (17565): [PlaybackTrace][Native][getPosition] result=0 position=14.761565
08-22 17:17:26.535 D/MpvBridgeModule(17565): [PlaybackTrace][Bridge][getPosition] ptr=131217388352464 position=14.76156522409083
08-22 17:17:26.535 I/MpvJNI  (17565): [PlaybackTrace][Native][getDuration] result=0 duration=149.696033
08-22 17:17:26.535 D/MpvBridgeModule(17565): [PlaybackTrace][Bridge][getDuration] ptr=131217388352464 duration=149.69603333333333
08-22 17:17:26.535 D/MpvBridgeModule(17565): [PlaybackTrace][Bridge][getPlaybackState] ptr=131217388352464 state=playing idle=false eof=false pause=false
08-22 17:17:26.579 I/MpvEvent(17565): [PlaybackTrace][Native][eventLoop] event_id=22 error=0
08-22 17:17:26.579 I/MpvEvent(17565): [PlaybackTrace][Native][property] name=demuxer-cache-state format=6 value=null
08-22 17:17:26.579 I/MpvEvent(17565): [PlaybackTrace][Native][dispatch:property] name=demuxer-cache-state value=null
08-22 17:17:26.579 I/MpvBridgeModule(17565): [PlaybackTrace][Bridge][listener:property] name=demuxer-cache-state value=null
08-22 17:17:26.582 I/MpvJNI  (17565): [PlaybackTrace][Native][getDuration] result=0 duration=149.696033
08-22 17:17:26.582 D/MpvBridgeModule(17565): [PlaybackTrace][Bridge][getDuration] ptr=131217388352464 duration=149.69603333333333
08-22 17:17:27.054 I/MpvEvent(17565): [PlaybackTrace][Native][eventLoop] event_id=22 error=0
08-22 17:17:27.054 I/MpvEvent(17565): [PlaybackTrace][Native][property] name=demuxer-cache-state format=6 value=null
08-22 17:17:27.054 I/MpvEvent(17565): [PlaybackTrace][Native][dispatch:property] name=demuxer-cache-state value=null
08-22 17:17:27.055 I/MpvBridgeModule(17565): [PlaybackTrace][Bridge][listener:property] name=demuxer-cache-state value=null
08-22 17:17:27.061 I/MpvJNI  (17565): [PlaybackTrace][Native][getDuration] result=0 duration=149.696033
08-22 17:17:27.061 D/MpvBridgeModule(17565): [PlaybackTrace][Bridge][getDuration] ptr=131217388352464 duration=149.69603333333333
08-22 17:17:27.291 I/MpvJNI  (17565): [PlaybackTrace][Native][getPosition] result=0 position=15.496401
08-22 17:17:27.292 D/MpvBridgeModule(17565): [PlaybackTrace][Bridge][getPosition] ptr=131217388352464 position=15.496401154090837
08-22 17:17:27.292 I/MpvJNI  (17565): [PlaybackTrace][Native][getDuration] result=0 duration=149.696033
08-22 17:17:27.292 D/MpvBridgeModule(17565): [PlaybackTrace][Bridge][getDuration] ptr=131217388352464 duration=149.69603333333333
08-22 17:17:27.292 D/MpvBridgeModule(17565): [PlaybackTrace][Bridge][getPlaybackState] ptr=131217388352464 state=playing idle=false eof=false pause=false
08-22 17:17:27.304 I/MpvJNI  (17565): [PlaybackTrace][Native][getDuration] result=0 duration=149.696033
08-22 17:17:27.304 D/MpvBridgeModule(17565): [PlaybackTrace][Bridge][getDuration] ptr=131217388352464 duration=149.69603333333333
08-22 17:17:27.305 I/MpvEvent(17565): [PlaybackTrace][Native][eventLoop] event_id=22 error=0
08-22 17:17:27.305 I/MpvEvent(17565): [PlaybackTrace][Native][property] name=demuxer-cache-state format=6 value=null
08-22 17:17:27.305 I/MpvEvent(17565): [PlaybackTrace][Native][dispatch:property] name=demuxer-cache-state value=null
08-22 17:17:27.305 I/MpvBridgeModule(17565): [PlaybackTrace][Bridge][listener:property] name=demuxer-cache-state value=null
08-22 17:17:27.325 I/MpvEvent(17565): [PlaybackTrace][Native][eventLoop] event_id=22 error=0
08-22 17:17:27.326 I/MpvEvent(17565): [PlaybackTrace][Native][property] name=demuxer-cache-state format=6 value=null
08-22 17:17:27.326 I/MpvEvent(17565): [PlaybackTrace][Native][dispatch:property] name=demuxer-cache-state value=null
08-22 17:17:27.327 I/MpvBridgeModule(17565): [PlaybackTrace][Bridge][listener:property] name=demuxer-cache-state value=null
08-22 17:17:27.457 I/MpvJNI  (17565): [PlaybackTrace][Native][getDuration] result=0 duration=149.696033
08-22 17:17:27.457 D/MpvBridgeModule(17565): [PlaybackTrace][Bridge][getDuration] ptr=131217388352464 duration=149.69603333333333
08-22 17:17:27.576 I/MpvEvent(17565): [PlaybackTrace][Native][eventLoop] event_id=22 error=0
08-22 17:17:27.576 I/MpvEvent(17565): [PlaybackTrace][Native][property] name=demuxer-cache-state format=6 value=null
08-22 17:17:27.576 I/MpvEvent(17565): [PlaybackTrace][Native][dispatch:property] name=demuxer-cache-state value=null
08-22 17:17:27.577 I/MpvBridgeModule(17565): [PlaybackTrace][Bridge][listener:property] name=demuxer-cache-state value=null
08-22 17:17:27.620 I/MpvJNI  (17565): [PlaybackTrace][Native][getPosition] result=0 position=15.828352
08-22 17:17:27.621 D/MpvBridgeModule(17565): [PlaybackTrace][Bridge][getPosition] ptr=131217388352464 position=15.828351649090841
08-22 17:17:27.621 I/MpvJNI  (17565): [PlaybackTrace][Native][getDuration] result=0 duration=149.696033
08-22 17:17:27.621 D/MpvBridgeModule(17565): [PlaybackTrace][Bridge][getDuration] ptr=131217388352464 duration=149.69603333333333
08-22 17:17:27.621 D/MpvBridgeModule(17565): [PlaybackTrace][Bridge][getPlaybackState] ptr=131217388352464 state=playing idle=false eof=false pause=false
08-22 17:17:27.638 I/MpvJNI  (17565): [PlaybackTrace][Native][getDuration] result=0 duration=149.696033
08-22 17:17:27.638 D/MpvBridgeModule(17565): [PlaybackTrace][Bridge][getDuration] ptr=131217388352464 duration=149.69603333333333
08-22 17:17:28.120 I/MpvJNI  (17565): [PlaybackTrace][Native][getPosition] result=0 position=16.211953
08-22 17:17:28.120 D/MpvBridgeModule(17565): [PlaybackTrace][Bridge][getPosition] ptr=131217388352464 position=16.211952762090846
08-22 17:17:28.121 I/MpvJNI  (17565): [PlaybackTrace][Native][getDuration] result=0 duration=149.696033
08-22 17:17:28.121 D/MpvBridgeModule(17565): [PlaybackTrace][Bridge][getDuration] ptr=131217388352464 duration=149.69603333333333
08-22 17:17:28.121 D/MpvBridgeModule(17565): [PlaybackTrace][Bridge][getPlaybackState] ptr=131217388352464 state=playing idle=false eof=false pause=false
08-22 17:17:28.125 I/MpvJNI  (17565): [PlaybackTrace][Native][getDuration] result=0 duration=149.696033
08-22 17:17:28.126 D/MpvBridgeModule(17565): [PlaybackTrace][Bridge][getDuration] ptr=131217388352464 duration=149.69603333333333
08-22 17:17:28.569 I/MpvJNI  (17565): [PlaybackTrace][Native][getPosition] result=0 position=16.664352
08-22 17:17:28.569 D/MpvBridgeModule(17565): [PlaybackTrace][Bridge][getPosition] ptr=131217388352464 position=16.664351632090852
08-22 17:17:28.569 I/MpvJNI  (17565): [PlaybackTrace][Native][getDuration] result=0 duration=149.696033
08-22 17:17:28.569 D/MpvBridgeModule(17565): [PlaybackTrace][Bridge][getDuration] ptr=131217388352464 duration=149.69603333333333
08-22 17:17:28.570 D/MpvBridgeModule(17565): [PlaybackTrace][Bridge][getPlaybackState] ptr=131217388352464 state=playing idle=false eof=false pause=false
08-22 17:17:28.595 I/MpvEvent(17565): [PlaybackTrace][Native][eventLoop] event_id=22 error=0
08-22 17:17:28.595 I/MpvEvent(17565): [PlaybackTrace][Native][property] name=demuxer-cache-state format=6 value=null
08-22 17:17:28.595 I/MpvEvent(17565): [PlaybackTrace][Native][dispatch:property] name=demuxer-cache-state value=null
08-22 17:17:28.595 I/MpvBridgeModule(17565): [PlaybackTrace][Bridge][listener:property] name=demuxer-cache-state value=null
08-22 17:17:28.598 I/MpvJNI  (17565): [PlaybackTrace][Native][getDuration] result=0 duration=149.696033
08-22 17:17:28.598 D/MpvBridgeModule(17565): [PlaybackTrace][Bridge][getDuration] ptr=131217388352464 duration=149.69603333333333
08-22 17:17:28.847 I/MpvEvent(17565): [PlaybackTrace][Native][eventLoop] event_id=22 error=0
08-22 17:17:28.847 I/MpvEvent(17565): [PlaybackTrace][Native][property] name=demuxer-cache-state format=6 value=null
08-22 17:17:28.847 I/MpvEvent(17565): [PlaybackTrace][Native][dispatch:property] name=demuxer-cache-state value=null
08-22 17:17:28.848 I/MpvBridgeModule(17565): [PlaybackTrace][Bridge][listener:property] name=demuxer-cache-state value=null
08-22 17:17:28.862 I/MpvJNI  (17565): [PlaybackTrace][Native][getDuration] result=0 duration=149.696033
08-22 17:17:28.862 D/MpvBridgeModule(17565): [PlaybackTrace][Bridge][getDuration] ptr=131217388352464 duration=149.69603333333333
08-22 17:17:28.878 I/MpvEvent(17565): [PlaybackTrace][Native][eventLoop] event_id=22 error=0
08-22 17:17:28.878 I/MpvEvent(17565): [PlaybackTrace][Native][property] name=demuxer-cache-state format=6 value=null
08-22 17:17:28.879 I/MpvEvent(17565): [PlaybackTrace][Native][dispatch:property] name=demuxer-cache-state value=null
08-22 17:17:28.879 I/MpvBridgeModule(17565): [PlaybackTrace][Bridge][listener:property] name=demuxer-cache-state value=null
08-22 17:17:29.032 I/MpvJNI  (17565): [PlaybackTrace][Native][getDuration] result=0 duration=149.696033
08-22 17:17:29.032 D/MpvBridgeModule(17565): [PlaybackTrace][Bridge][getDuration] ptr=131217388352464 duration=149.69603333333333
08-22 17:17:29.130 I/MpvEvent(17565): [PlaybackTrace][Native][eventLoop] event_id=22 error=0
08-22 17:17:29.130 I/MpvEvent(17565): [PlaybackTrace][Native][property] name=demuxer-cache-state format=6 value=null
08-22 17:17:29.130 I/MpvEvent(17565): [PlaybackTrace][Native][dispatch:property] name=demuxer-cache-state value=null
08-22 17:17:29.130 I/MpvBridgeModule(17565): [PlaybackTrace][Bridge][listener:property] name=demuxer-cache-state value=null
08-22 17:17:29.154 I/MpvJNI  (17565): [PlaybackTrace][Native][getPosition] result=0 position=17.391608
08-22 17:17:29.155 D/MpvBridgeModule(17565): [PlaybackTrace][Bridge][getPosition] ptr=131217388352464 position=17.39160759309086
08-22 17:17:29.155 I/MpvJNI  (17565): [PlaybackTrace][Native][getDuration] result=0 duration=149.696033
08-22 17:17:29.155 D/MpvBridgeModule(17565): [PlaybackTrace][Bridge][getDuration] ptr=131217388352464 duration=149.69603333333333
08-22 17:17:29.155 D/MpvBridgeModule(17565): [PlaybackTrace][Bridge][getPlaybackState] ptr=131217388352464 state=playing idle=false eof=false pause=false
08-22 17:17:29.163 I/MpvJNI  (17565): [PlaybackTrace][Native][getDuration] result=0 duration=149.696033
08-22 17:17:29.163 D/MpvBridgeModule(17565): [PlaybackTrace][Bridge][getDuration] ptr=131217388352464 duration=149.69603333333333
08-22 17:17:29.586 I/MpvJNI  (17565): [PlaybackTrace][Native][getPosition] result=0 position=17.759167
08-22 17:17:29.586 D/MpvBridgeModule(17565): [PlaybackTrace][Bridge][getPosition] ptr=131217388352464 position=17.759167455090864
08-22 17:17:29.586 I/MpvJNI  (17565): [PlaybackTrace][Native][getDuration] result=0 duration=149.696033
08-22 17:17:29.586 D/MpvBridgeModule(17565): [PlaybackTrace][Bridge][getDuration] ptr=131217388352464 duration=149.69603333333333
08-22 17:17:29.586 D/MpvBridgeModule(17565): [PlaybackTrace][Bridge][getPlaybackState] ptr=131217388352464 state=playing idle=false eof=false pause=false
08-22 17:17:30.153 I/MpvJNI  (17565): [PlaybackTrace][Native][getPosition] result=0 position=18.297197
08-22 17:17:30.153 D/MpvBridgeModule(17565): [PlaybackTrace][Bridge][getPosition] ptr=131217388352464 position=18.29719715409087
08-22 17:17:30.153 I/MpvJNI  (17565): [PlaybackTrace][Native][getDuration] result=0 duration=149.696033
08-22 17:17:30.153 D/MpvBridgeModule(17565): [PlaybackTrace][Bridge][getDuration] ptr=131217388352464 duration=149.69603333333333
08-22 17:17:30.153 D/MpvBridgeModule(17565): [PlaybackTrace][Bridge][getPlaybackState] ptr=131217388352464 state=playing idle=false eof=false pause=false
08-22 17:17:30.156 I/MpvJNI  (17565): [PlaybackTrace][Native][getDuration] result=0 duration=149.696033
08-22 17:17:30.156 D/MpvBridgeModule(17565): [PlaybackTrace][Bridge][getDuration] ptr=131217388352464 duration=149.69603333333333
08-22 17:17:30.228 I/MpvEvent(17565): [PlaybackTrace][Native][eventLoop] event_id=22 error=0
08-22 17:17:30.228 I/MpvEvent(17565): [PlaybackTrace][Native][property] name=demuxer-cache-state format=6 value=null
08-22 17:17:30.229 I/MpvEvent(17565): [PlaybackTrace][Native][dispatch:property] name=demuxer-cache-state value=null
08-22 17:17:30.230 I/MpvBridgeModule(17565): [PlaybackTrace][Bridge][listener:property] name=demuxer-cache-state value=null
08-22 17:17:30.333 I/MpvJNI  (17565): [PlaybackTrace][Native][getDuration] result=0 duration=149.696033
08-22 17:17:30.333 D/MpvBridgeModule(17565): [PlaybackTrace][Bridge][getDuration] ptr=131217388352464 duration=149.69603333333333
08-22 17:17:30.481 I/MpvEvent(17565): [PlaybackTrace][Native][eventLoop] event_id=22 error=0
08-22 17:17:30.481 I/MpvEvent(17565): [PlaybackTrace][Native][property] name=demuxer-cache-state format=6 value=null
08-22 17:17:30.481 I/MpvEvent(17565): [PlaybackTrace][Native][dispatch:property] name=demuxer-cache-state value=null
08-22 17:17:30.482 I/MpvBridgeModule(17565): [PlaybackTrace][Bridge][listener:property] name=demuxer-cache-state value=null
08-22 17:17:30.485 I/MpvJNI  (17565): [PlaybackTrace][Native][getDuration] result=0 duration=149.696033
08-22 17:17:30.485 D/MpvBridgeModule(17565): [PlaybackTrace][Bridge][getDuration] ptr=131217388352464 duration=149.69603333333333
08-22 17:17:30.505 I/MpvEvent(17565): [PlaybackTrace][Native][eventLoop] event_id=22 error=0
08-22 17:17:30.505 I/MpvEvent(17565): [PlaybackTrace][Native][property] name=demuxer-cache-state format=6 value=null
08-22 17:17:30.505 I/MpvEvent(17565): [PlaybackTrace][Native][dispatch:property] name=demuxer-cache-state value=null
08-22 17:17:30.505 I/MpvBridgeModule(17565): [PlaybackTrace][Bridge][listener:property] name=demuxer-cache-state value=null
08-22 17:17:30.646 I/MpvJNI  (17565): [PlaybackTrace][Native][getPosition] result=0 position=18.783657
08-22 17:17:30.646 D/MpvBridgeModule(17565): [PlaybackTrace][Bridge][getPosition] ptr=131217388352464 position=18.783657330090875
08-22 17:17:30.646 I/MpvJNI  (17565): [PlaybackTrace][Native][getDuration] result=0 duration=149.696033
08-22 17:17:30.646 D/MpvBridgeModule(17565): [PlaybackTrace][Bridge][getDuration] ptr=131217388352464 duration=149.69603333333333
08-22 17:17:30.646 D/MpvBridgeModule(17565): [PlaybackTrace][Bridge][getPlaybackState] ptr=131217388352464 state=playing idle=false eof=false pause=false
08-22 17:17:30.656 I/MpvJNI  (17565): [PlaybackTrace][Native][getDuration] result=0 duration=149.696033
08-22 17:17:30.656 D/MpvBridgeModule(17565): [PlaybackTrace][Bridge][getDuration] ptr=131217388352464 duration=149.69603333333333
08-22 17:17:30.755 I/MpvEvent(17565): [PlaybackTrace][Native][eventLoop] event_id=22 error=0
08-22 17:17:30.755 I/MpvEvent(17565): [PlaybackTrace][Native][property] name=demuxer-cache-state format=6 value=null
08-22 17:17:30.755 I/MpvEvent(17565): [PlaybackTrace][Native][dispatch:property] name=demuxer-cache-state value=null
08-22 17:17:30.755 I/MpvBridgeModule(17565): [PlaybackTrace][Bridge][listener:property] name=demuxer-cache-state value=null
08-22 17:17:30.769 I/MpvJNI  (17565): [PlaybackTrace][Native][getDuration] result=0 duration=149.696033
08-22 17:17:30.770 D/MpvBridgeModule(17565): [PlaybackTrace][Bridge][getDuration] ptr=131217388352464 duration=149.69603333333333
08-22 17:17:31.169 I/MpvJNI  (17565): [PlaybackTrace][Native][getPosition] result=0 position=19.386470
08-22 17:17:31.169 D/MpvBridgeModule(17565): [PlaybackTrace][Bridge][getPosition] ptr=131217388352464 position=19.386470006090885
08-22 17:17:31.169 I/MpvJNI  (17565): [PlaybackTrace][Native][getDuration] result=0 duration=149.696033
08-22 17:17:31.169 D/MpvBridgeModule(17565): [PlaybackTrace][Bridge][getDuration] ptr=131217388352464 duration=149.69603333333333
08-22 17:17:31.169 D/MpvBridgeModule(17565): [PlaybackTrace][Bridge][getPlaybackState] ptr=131217388352464 state=playing idle=false eof=false pause=false
08-22 17:17:31.172 I/MpvJNI  (17565): [PlaybackTrace][Native][getDuration] result=0 duration=149.696033
08-22 17:17:31.172 D/MpvBridgeModule(17565): [PlaybackTrace][Bridge][getDuration] ptr=131217388352464 duration=149.69603333333333
08-22 17:17:31.619 I/MpvJNI  (17565): [PlaybackTrace][Native][getPosition] result=0 position=19.837371
08-22 17:17:31.619 D/MpvBridgeModule(17565): [PlaybackTrace][Bridge][getPosition] ptr=131217388352464 position=19.83737126609089
08-22 17:17:31.619 I/MpvJNI  (17565): [PlaybackTrace][Native][getDuration] result=0 duration=149.696033
08-22 17:17:31.619 D/MpvBridgeModule(17565): [PlaybackTrace][Bridge][getDuration] ptr=131217388352464 duration=149.69603333333333
08-22 17:17:31.619 D/MpvBridgeModule(17565): [PlaybackTrace][Bridge][getPlaybackState] ptr=131217388352464 state=playing idle=false eof=false pause=false
08-22 17:17:31.858 I/MpvEvent(17565): [PlaybackTrace][Native][eventLoop] event_id=22 error=0
08-22 17:17:31.858 I/MpvEvent(17565): [PlaybackTrace][Native][property] name=demuxer-cache-state format=6 value=null
08-22 17:17:31.858 I/MpvEvent(17565): [PlaybackTrace][Native][dispatch:property] name=demuxer-cache-state value=null
08-22 17:17:31.858 I/MpvBridgeModule(17565): [PlaybackTrace][Bridge][listener:property] name=demuxer-cache-state value=null
08-22 17:17:31.862 I/MpvJNI  (17565): [PlaybackTrace][Native][getDuration] result=0 duration=149.696033
08-22 17:17:31.862 D/MpvBridgeModule(17565): [PlaybackTrace][Bridge][getDuration] ptr=131217388352464 duration=149.69603333333333
08-22 17:17:32.110 I/MpvEvent(17565): [PlaybackTrace][Native][eventLoop] event_id=22 error=0
08-22 17:17:32.110 I/MpvEvent(17565): [PlaybackTrace][Native][property] name=demuxer-cache-state format=6 value=null
08-22 17:17:32.110 I/MpvEvent(17565): [PlaybackTrace][Native][dispatch:property] name=demuxer-cache-state value=null
08-22 17:17:32.110 I/MpvBridgeModule(17565): [PlaybackTrace][Bridge][listener:property] name=demuxer-cache-state value=null
08-22 17:17:32.113 I/MpvJNI  (17565): [PlaybackTrace][Native][getDuration] result=0 duration=149.696033
08-22 17:17:32.113 D/MpvBridgeModule(17565): [PlaybackTrace][Bridge][getDuration] ptr=131217388352464 duration=149.69603333333333
08-22 17:17:32.224 I/MpvJNI  (17565): [PlaybackTrace][Native][getPosition] result=0 position=20.382485
08-22 17:17:32.224 D/MpvBridgeModule(17565): [PlaybackTrace][Bridge][getPosition] ptr=131217388352464 position=20.382485052090896
08-22 17:17:32.225 I/MpvJNI  (17565): [PlaybackTrace][Native][getDuration] result=0 duration=149.696033
08-22 17:17:32.225 D/MpvBridgeModule(17565): [PlaybackTrace][Bridge][getDuration] ptr=131217388352464 duration=149.69603333333333
08-22 17:17:32.225 D/MpvBridgeModule(17565): [PlaybackTrace][Bridge][getPlaybackState] ptr=131217388352464 state=playing idle=false eof=false pause=false
08-22 17:17:32.232 I/MpvJNI  (17565): [PlaybackTrace][Native][getDuration] result=0 duration=149.696033
08-22 17:17:32.232 D/MpvBridgeModule(17565): [PlaybackTrace][Bridge][getDuration] ptr=131217388352464 duration=149.69603333333333
08-22 17:17:32.636 I/MpvJNI  (17565): [PlaybackTrace][Native][getPosition] result=0 position=20.836623
08-22 17:17:32.636 D/MpvBridgeModule(17565): [PlaybackTrace][Bridge][getPosition] ptr=131217388352464 position=20.836623036090902
08-22 17:17:32.636 I/MpvJNI  (17565): [PlaybackTrace][Native][getDuration] result=0 duration=149.696033
08-22 17:17:32.636 D/MpvBridgeModule(17565): [PlaybackTrace][Bridge][getDuration] ptr=131217388352464 duration=149.69603333333333
08-22 17:17:32.637 D/MpvBridgeModule(17565): [PlaybackTrace][Bridge][getPlaybackState] ptr=131217388352464 state=playing idle=false eof=false pause=false
08-22 17:17:32.950 I/MpvEvent(17565): [PlaybackTrace][Native][eventLoop] event_id=22 error=0
08-22 17:17:32.950 I/MpvEvent(17565): [PlaybackTrace][Native][property] name=demuxer-cache-state format=6 value=null
08-22 17:17:32.950 I/MpvEvent(17565): [PlaybackTrace][Native][dispatch:property] name=demuxer-cache-state value=null
08-22 17:17:32.951 I/MpvBridgeModule(17565): [PlaybackTrace][Bridge][listener:property] name=demuxer-cache-state value=null
08-22 17:17:32.955 I/MpvJNI  (17565): [PlaybackTrace][Native][getDuration] result=0 duration=149.696033
08-22 17:17:32.955 D/MpvBridgeModule(17565): [PlaybackTrace][Bridge][getDuration] ptr=131217388352464 duration=149.69603333333333
08-22 17:17:33.200 I/MpvEvent(17565): [PlaybackTrace][Native][eventLoop] event_id=22 error=0
08-22 17:17:33.201 I/MpvEvent(17565): [PlaybackTrace][Native][property] name=demuxer-cache-state format=6 value=null
08-22 17:17:33.201 I/MpvEvent(17565): [PlaybackTrace][Native][dispatch:property] name=demuxer-cache-state value=null
08-22 17:17:33.201 I/MpvBridgeModule(17565): [PlaybackTrace][Bridge][listener:property] name=demuxer-cache-state value=null
08-22 17:17:33.202 I/MpvJNI  (17565): [PlaybackTrace][Native][getPosition] result=0 position=21.452618
08-22 17:17:33.202 D/MpvBridgeModule(17565): [PlaybackTrace][Bridge][getPosition] ptr=131217388352464 position=21.452617768090906
08-22 17:17:33.202 I/MpvJNI  (17565): [PlaybackTrace][Native][getDuration] result=0 duration=149.696033
08-22 17:17:33.202 D/MpvBridgeModule(17565): [PlaybackTrace][Bridge][getDuration] ptr=131217388352464 duration=149.69603333333333
08-22 17:17:33.202 D/MpvBridgeModule(17565): [PlaybackTrace][Bridge][getPlaybackState] ptr=131217388352464 state=playing idle=false eof=false pause=false
08-22 17:17:33.205 I/MpvJNI  (17565): [PlaybackTrace][Native][getDuration] result=0 duration=149.696033
08-22 17:17:33.205 D/MpvBridgeModule(17565): [PlaybackTrace][Bridge][getDuration] ptr=131217388352464 duration=149.69603333333333
08-22 17:17:33.651 I/MpvJNI  (17565): [PlaybackTrace][Native][getPosition] result=0 position=21.751922
08-22 17:17:33.652 D/MpvBridgeModule(17565): [PlaybackTrace][Bridge][getPosition] ptr=131217388352464 position=21.751922497090913
08-22 17:17:33.652 I/MpvJNI  (17565): [PlaybackTrace][Native][getDuration] result=0 duration=149.696033
08-22 17:17:33.652 D/MpvBridgeModule(17565): [PlaybackTrace][Bridge][getDuration] ptr=131217388352464 duration=149.69603333333333
08-22 17:17:33.652 D/MpvBridgeModule(17565): [PlaybackTrace][Bridge][getPlaybackState] ptr=131217388352464 state=playing idle=false eof=false pause=false
08-22 17:17:33.675 I/MpvEvent(17565): [PlaybackTrace][Native][eventLoop] event_id=22 error=0
08-22 17:17:33.675 I/MpvEvent(17565): [PlaybackTrace][Native][property] name=demuxer-cache-state format=6 value=null
08-22 17:17:33.675 I/MpvEvent(17565): [PlaybackTrace][Native][dispatch:property] name=demuxer-cache-state value=null
08-22 17:17:33.675 I/MpvBridgeModule(17565): [PlaybackTrace][Bridge][listener:property] name=demuxer-cache-state value=null
08-22 17:17:33.679 I/MpvJNI  (17565): [PlaybackTrace][Native][getDuration] result=0 duration=149.696033
08-22 17:17:33.680 D/MpvBridgeModule(17565): [PlaybackTrace][Bridge][getDuration] ptr=131217388352464 duration=149.69603333333333
08-22 17:17:33.928 I/MpvEvent(17565): [PlaybackTrace][Native][eventLoop] event_id=22 error=0
08-22 17:17:33.928 I/MpvEvent(17565): [PlaybackTrace][Native][property] name=demuxer-cache-state format=6 value=null
08-22 17:17:33.928 I/MpvEvent(17565): [PlaybackTrace][Native][dispatch:property] name=demuxer-cache-state value=null
08-22 17:17:33.929 I/MpvBridgeModule(17565): [PlaybackTrace][Bridge][listener:property] name=demuxer-cache-state value=null
08-22 17:17:33.932 I/MpvJNI  (17565): [PlaybackTrace][Native][getDuration] result=0 duration=149.696033
08-22 17:17:33.932 D/MpvBridgeModule(17565): [PlaybackTrace][Bridge][getDuration] ptr=131217388352464 duration=149.69603333333333
08-22 17:17:34.221 I/MpvJNI  (17565): [PlaybackTrace][Native][getPosition] result=0 position=22.381503
08-22 17:17:34.221 D/MpvBridgeModule(17565): [PlaybackTrace][Bridge][getPosition] ptr=131217388352464 position=22.38150321709092
08-22 17:17:34.221 I/MpvJNI  (17565): [PlaybackTrace][Native][getDuration] result=0 duration=149.696033
08-22 17:17:34.221 D/MpvBridgeModule(17565): [PlaybackTrace][Bridge][getDuration] ptr=131217388352464 duration=149.69603333333333
08-22 17:17:34.221 D/MpvBridgeModule(17565): [PlaybackTrace][Bridge][getPlaybackState] ptr=131217388352464 state=playing idle=false eof=false pause=false
08-22 17:17:34.224 I/MpvJNI  (17565): [PlaybackTrace][Native][getDuration] result=0 duration=149.696033
08-22 17:17:34.224 D/MpvBridgeModule(17565): [PlaybackTrace][Bridge][getDuration] ptr=131217388352464 duration=149.69603333333333
08-22 17:17:34.668 I/MpvJNI  (17565): [PlaybackTrace][Native][getPosition] result=0 position=22.828995
08-22 17:17:34.668 D/MpvBridgeModule(17565): [PlaybackTrace][Bridge][getPosition] ptr=131217388352464 position=22.828994567090923
08-22 17:17:34.668 I/MpvJNI  (17565): [PlaybackTrace][Native][getDuration] result=0 duration=149.696033
08-22 17:17:34.668 D/MpvBridgeModule(17565): [PlaybackTrace][Bridge][getDuration] ptr=131217388352464 duration=149.69603333333333
08-22 17:17:34.669 D/MpvBridgeModule(17565): [PlaybackTrace][Bridge][getPlaybackState] ptr=131217388352464 state=playing idle=false eof=false pause=false
08-22 17:17:35.041 I/MpvEvent(17565): [PlaybackTrace][Native][eventLoop] event_id=22 error=0
08-22 17:17:35.043 I/MpvEvent(17565): [PlaybackTrace][Native][property] name=demuxer-cache-state format=6 value=null
08-22 17:17:35.043 I/MpvEvent(17565): [PlaybackTrace][Native][dispatch:property] name=demuxer-cache-state value=null
08-22 17:17:35.043 I/MpvBridgeModule(17565): [PlaybackTrace][Bridge][listener:property] name=demuxer-cache-state value=null
08-22 17:17:35.046 I/MpvJNI  (17565): [PlaybackTrace][Native][getDuration] result=0 duration=149.696033
08-22 17:17:35.046 D/MpvBridgeModule(17565): [PlaybackTrace][Bridge][getDuration] ptr=131217388352464 duration=149.69603333333333
08-22 17:17:35.244 I/MpvJNI  (17565): [PlaybackTrace][Native][getPosition] result=0 position=23.473280
08-22 17:17:35.244 D/MpvBridgeModule(17565): [PlaybackTrace][Bridge][getPosition] ptr=131217388352464 position=23.473279723090933
08-22 17:17:35.244 I/MpvJNI  (17565): [PlaybackTrace][Native][getDuration] result=0 duration=149.696033
08-22 17:17:35.244 D/MpvBridgeModule(17565): [PlaybackTrace][Bridge][getDuration] ptr=131217388352464 duration=149.69603333333333
08-22 17:17:35.244 D/MpvBridgeModule(17565): [PlaybackTrace][Bridge][getPlaybackState] ptr=131217388352464 state=playing idle=false eof=false pause=false
08-22 17:17:35.250 I/MpvJNI  (17565): [PlaybackTrace][Native][getDuration] result=0 duration=149.696033
08-22 17:17:35.250 D/MpvBridgeModule(17565): [PlaybackTrace][Bridge][getDuration] ptr=131217388352464 duration=149.69603333333333
08-22 17:17:35.293 I/MpvEvent(17565): [PlaybackTrace][Native][eventLoop] event_id=22 error=0
08-22 17:17:35.293 I/MpvEvent(17565): [PlaybackTrace][Native][property] name=demuxer-cache-state format=6 value=null
08-22 17:17:35.293 I/MpvEvent(17565): [PlaybackTrace][Native][dispatch:property] name=demuxer-cache-state value=null
08-22 17:17:35.293 I/MpvBridgeModule(17565): [PlaybackTrace][Bridge][listener:property] name=demuxer-cache-state value=null
08-22 17:17:35.381 I/MpvJNI  (17565): [PlaybackTrace][Native][getDuration] result=0 duration=149.696033
08-22 17:17:35.381 D/MpvBridgeModule(17565): [PlaybackTrace][Bridge][getDuration] ptr=131217388352464 duration=149.69603333333333
08-22 17:17:35.686 I/MpvJNI  (17565): [PlaybackTrace][Native][getPosition] result=0 position=23.827499
08-22 17:17:35.686 D/MpvBridgeModule(17565): [PlaybackTrace][Bridge][getPosition] ptr=131217388352464 position=23.827499362090936
08-22 17:17:35.686 I/MpvJNI  (17565): [PlaybackTrace][Native][getDuration] result=0 duration=149.696033
08-22 17:17:35.686 D/MpvBridgeModule(17565): [PlaybackTrace][Bridge][getDuration] ptr=131217388352464 duration=149.69603333333333
08-22 17:17:35.686 D/MpvBridgeModule(17565): [PlaybackTrace][Bridge][getPlaybackState] ptr=131217388352464 state=playing idle=false eof=false pause=false
08-22 17:17:36.029 I/MpvEvent(17565): [PlaybackTrace][Native][eventLoop] event_id=22 error=0
08-22 17:17:36.029 I/MpvEvent(17565): [PlaybackTrace][Native][property] name=demuxer-cache-state format=6 value=null
08-22 17:17:36.029 I/MpvEvent(17565): [PlaybackTrace][Native][dispatch:property] name=demuxer-cache-state value=null
08-22 17:17:36.029 I/MpvBridgeModule(17565): [PlaybackTrace][Bridge][listener:property] name=demuxer-cache-state value=null
08-22 17:17:36.032 I/MpvJNI  (17565): [PlaybackTrace][Native][getDuration] result=0 duration=149.696033
08-22 17:17:36.032 D/MpvBridgeModule(17565): [PlaybackTrace][Bridge][getDuration] ptr=131217388352464 duration=149.69603333333333
08-22 17:17:36.252 I/MpvJNI  (17565): [PlaybackTrace][Native][getPosition] result=0 position=24.461684
08-22 17:17:36.252 D/MpvBridgeModule(17565): [PlaybackTrace][Bridge][getPosition] ptr=131217388352464 position=24.461684307090945
08-22 17:17:36.253 I/MpvJNI  (17565): [PlaybackTrace][Native][getDuration] result=0 duration=149.696033
08-22 17:17:36.253 D/MpvBridgeModule(17565): [PlaybackTrace][Bridge][getDuration] ptr=131217388352464 duration=149.69603333333333
08-22 17:17:36.253 D/MpvBridgeModule(17565): [PlaybackTrace][Bridge][getPlaybackState] ptr=131217388352464 state=playing idle=false eof=false pause=false
08-22 17:17:36.256 I/MpvJNI  (17565): [PlaybackTrace][Native][getDuration] result=0 duration=149.696033
08-22 17:17:36.256 D/MpvBridgeModule(17565): [PlaybackTrace][Bridge][getDuration] ptr=131217388352464 duration=149.69603333333333
08-22 17:17:36.280 I/MpvEvent(17565): [PlaybackTrace][Native][eventLoop] event_id=22 error=0
08-22 17:17:36.280 I/MpvEvent(17565): [PlaybackTrace][Native][property] name=demuxer-cache-state format=6 value=null
08-22 17:17:36.280 I/MpvEvent(17565): [PlaybackTrace][Native][dispatch:property] name=demuxer-cache-state value=null
08-22 17:17:36.281 I/MpvBridgeModule(17565): [PlaybackTrace][Bridge][listener:property] name=demuxer-cache-state value=null
08-22 17:17:36.375 I/MpvJNI  (17565): [PlaybackTrace][Native][getDuration] result=0 duration=149.696033
08-22 17:17:36.375 D/MpvBridgeModule(17565): [PlaybackTrace][Bridge][getDuration] ptr=131217388352464 duration=149.69603333333333
08-22 17:17:36.485 I/MpvEvent(17565): [PlaybackTrace][Native][eventLoop] event_id=22 error=0
08-22 17:17:36.486 I/MpvEvent(17565): [PlaybackTrace][Native][property] name=demuxer-cache-state format=6 value=null
08-22 17:17:36.486 I/MpvEvent(17565): [PlaybackTrace][Native][dispatch:property] name=demuxer-cache-state value=null
08-22 17:17:36.486 I/MpvBridgeModule(17565): [PlaybackTrace][Bridge][listener:property] name=demuxer-cache-state value=null
08-22 17:17:36.524 I/MpvJNI  (17565): [PlaybackTrace][Native][getDuration] result=0 duration=149.696033
08-22 17:17:36.524 D/MpvBridgeModule(17565): [PlaybackTrace][Bridge][getDuration] ptr=131217388352464 duration=149.69603333333333
08-22 17:17:36.703 I/MpvJNI  (17565): [PlaybackTrace][Native][getPosition] result=0 position=24.914892
08-22 17:17:36.703 D/MpvBridgeModule(17565): [PlaybackTrace][Bridge][getPosition] ptr=131217388352464 position=24.91489248909095
08-22 17:17:36.703 I/MpvJNI  (17565): [PlaybackTrace][Native][getDuration] result=0 duration=149.696033
08-22 17:17:36.703 D/MpvBridgeModule(17565): [PlaybackTrace][Bridge][getDuration] ptr=131217388352464 duration=149.69603333333333
08-22 17:17:36.703 D/MpvBridgeModule(17565): [PlaybackTrace][Bridge][getPlaybackState] ptr=131217388352464 state=playing idle=false eof=false pause=false
08-22 17:17:36.736 I/MpvEvent(17565): [PlaybackTrace][Native][eventLoop] event_id=22 error=0
08-22 17:17:36.736 I/MpvEvent(17565): [PlaybackTrace][Native][property] name=demuxer-cache-state format=6 value=null
08-22 17:17:36.736 I/MpvEvent(17565): [PlaybackTrace][Native][dispatch:property] name=demuxer-cache-state value=null
08-22 17:17:36.736 I/MpvBridgeModule(17565): [PlaybackTrace][Bridge][listener:property] name=demuxer-cache-state value=null
08-22 17:17:36.739 I/MpvJNI  (17565): [PlaybackTrace][Native][getDuration] result=0 duration=149.696033
08-22 17:17:36.739 D/MpvBridgeModule(17565): [PlaybackTrace][Bridge][getDuration] ptr=131217388352464 duration=149.69603333333333
08-22 17:17:37.283 I/MpvJNI  (17565): [PlaybackTrace][Native][getPosition] result=0 position=25.390329
08-22 17:17:37.290 D/MpvBridgeModule(17565): [PlaybackTrace][Bridge][getPosition] ptr=131217388352464 position=25.390328502090956
08-22 17:17:37.291 I/MpvJNI  (17565): [PlaybackTrace][Native][getDuration] result=0 duration=149.696033
08-22 17:17:37.291 D/MpvBridgeModule(17565): [PlaybackTrace][Bridge][getDuration] ptr=131217388352464 duration=149.69603333333333
08-22 17:17:37.291 D/MpvBridgeModule(17565): [PlaybackTrace][Bridge][getPlaybackState] ptr=131217388352464 state=playing idle=false eof=false pause=false
08-22 17:17:37.337 I/MpvJNI  (17565): [PlaybackTrace][Native][getDuration] result=0 duration=149.696033
08-22 17:17:37.338 D/MpvBridgeModule(17565): [PlaybackTrace][Bridge][getDuration] ptr=131217388352464 duration=149.69603333333333
08-22 17:17:37.718 I/MpvJNI  (17565): [PlaybackTrace][Native][getPosition] result=0 position=25.822145
08-22 17:17:37.718 D/MpvBridgeModule(17565): [PlaybackTrace][Bridge][getPosition] ptr=131217388352464 position=25.82214507109096
08-22 17:17:37.718 I/MpvJNI  (17565): [PlaybackTrace][Native][getDuration] result=0 duration=149.696033
08-22 17:17:37.718 D/MpvBridgeModule(17565): [PlaybackTrace][Bridge][getDuration] ptr=131217388352464 duration=149.69603333333333
08-22 17:17:37.719 D/MpvBridgeModule(17565): [PlaybackTrace][Bridge][getPlaybackState] ptr=131217388352464 state=playing idle=false eof=false pause=false
08-22 17:17:37.753 I/MpvEvent(17565): [PlaybackTrace][Native][eventLoop] event_id=22 error=0
08-22 17:17:37.753 I/MpvEvent(17565): [PlaybackTrace][Native][property] name=demuxer-cache-state format=6 value=null
08-22 17:17:37.753 I/MpvEvent(17565): [PlaybackTrace][Native][dispatch:property] name=demuxer-cache-state value=null
08-22 17:17:37.753 I/MpvBridgeModule(17565): [PlaybackTrace][Bridge][listener:property] name=demuxer-cache-state value=null
08-22 17:17:37.759 I/MpvJNI  (17565): [PlaybackTrace][Native][getDuration] result=0 duration=149.696033
08-22 17:17:37.759 D/MpvBridgeModule(17565): [PlaybackTrace][Bridge][getDuration] ptr=131217388352464 duration=149.69603333333333
08-22 17:17:38.003 I/MpvEvent(17565): [PlaybackTrace][Native][eventLoop] event_id=22 error=0
08-22 17:17:38.003 I/MpvEvent(17565): [PlaybackTrace][Native][property] name=demuxer-cache-state format=6 value=null
08-22 17:17:38.003 I/MpvEvent(17565): [PlaybackTrace][Native][dispatch:property] name=demuxer-cache-state value=null
08-22 17:17:38.003 I/MpvBridgeModule(17565): [PlaybackTrace][Bridge][listener:property] name=demuxer-cache-state value=null
08-22 17:17:38.009 I/MpvJNI  (17565): [PlaybackTrace][Native][getDuration] result=0 duration=149.696033
08-22 17:17:38.009 D/MpvBridgeModule(17565): [PlaybackTrace][Bridge][getDuration] ptr=131217388352464 duration=149.69603333333333
08-22 17:17:38.024 I/MpvEvent(17565): [PlaybackTrace][Native][eventLoop] event_id=22 error=0
08-22 17:17:38.024 I/MpvEvent(17565): [PlaybackTrace][Native][property] name=demuxer-cache-state format=6 value=null
08-22 17:17:38.024 I/MpvEvent(17565): [PlaybackTrace][Native][dispatch:property] name=demuxer-cache-state value=null
08-22 17:17:38.024 I/MpvBridgeModule(17565): [PlaybackTrace][Bridge][listener:property] name=demuxer-cache-state value=null
08-22 17:17:38.162 I/MpvJNI  (17565): [PlaybackTrace][Native][getDuration] result=0 duration=149.696033
08-22 17:17:38.162 D/MpvBridgeModule(17565): [PlaybackTrace][Bridge][getDuration] ptr=131217388352464 duration=149.69603333333333
08-22 17:17:38.275 I/MpvEvent(17565): [PlaybackTrace][Native][eventLoop] event_id=22 error=0
08-22 17:17:38.275 I/MpvEvent(17565): [PlaybackTrace][Native][property] name=demuxer-cache-state format=6 value=null
08-22 17:17:38.275 I/MpvEvent(17565): [PlaybackTrace][Native][dispatch:property] name=demuxer-cache-state value=null
08-22 17:17:38.277 I/MpvBridgeModule(17565): [PlaybackTrace][Bridge][listener:property] name=demuxer-cache-state value=null
08-22 17:17:38.283 I/MpvJNI  (17565): [PlaybackTrace][Native][getDuration] result=0 duration=149.696033
08-22 17:17:38.284 D/MpvBridgeModule(17565): [PlaybackTrace][Bridge][getDuration] ptr=131217388352464 duration=149.69603333333333
08-22 17:17:38.378 I/MpvJNI  (17565): [PlaybackTrace][Native][getPosition] result=0 position=26.546993
08-22 17:17:38.378 D/MpvBridgeModule(17565): [PlaybackTrace][Bridge][getPosition] ptr=131217388352464 position=26.54699336009097
08-22 17:17:38.378 I/MpvJNI  (17565): [PlaybackTrace][Native][getDuration] result=0 duration=149.696033
08-22 17:17:38.378 D/MpvBridgeModule(17565): [PlaybackTrace][Bridge][getDuration] ptr=131217388352464 duration=149.69603333333333
08-22 17:17:38.378 D/MpvBridgeModule(17565): [PlaybackTrace][Bridge][getPlaybackState] ptr=131217388352464 state=playing idle=false eof=false pause=false
08-22 17:17:38.415 I/MpvJNI  (17565): [PlaybackTrace][Native][getDuration] result=0 duration=149.696033
08-22 17:17:38.415 D/MpvBridgeModule(17565): [PlaybackTrace][Bridge][getDuration] ptr=131217388352464 duration=149.69603333333333
08-22 17:17:38.737 I/MpvJNI  (17565): [PlaybackTrace][Native][getPosition] result=0 position=26.910205
08-22 17:17:38.737 D/MpvBridgeModule(17565): [PlaybackTrace][Bridge][getPosition] ptr=131217388352464 position=26.910204734090975
08-22 17:17:38.737 I/MpvJNI  (17565): [PlaybackTrace][Native][getDuration] result=0 duration=149.696033
08-22 17:17:38.737 D/MpvBridgeModule(17565): [PlaybackTrace][Bridge][getDuration] ptr=131217388352464 duration=149.69603333333333
08-22 17:17:38.737 D/MpvBridgeModule(17565): [PlaybackTrace][Bridge][getPlaybackState] ptr=131217388352464 state=playing idle=false eof=false pause=false
08-22 17:17:38.754 I/MpvEvent(17565): [PlaybackTrace][Native][eventLoop] event_id=22 error=0
08-22 17:17:38.754 I/MpvEvent(17565): [PlaybackTrace][Native][property] name=demuxer-cache-state format=6 value=null
08-22 17:17:38.754 I/MpvEvent(17565): [PlaybackTrace][Native][dispatch:property] name=demuxer-cache-state value=null
08-22 17:17:38.754 I/MpvBridgeModule(17565): [PlaybackTrace][Bridge][listener:property] name=demuxer-cache-state value=null
08-22 17:17:38.764 I/MpvJNI  (17565): [PlaybackTrace][Native][getDuration] result=0 duration=149.696033
08-22 17:17:38.764 D/MpvBridgeModule(17565): [PlaybackTrace][Bridge][getDuration] ptr=131217388352464 duration=149.69603333333333
08-22 17:17:39.005 I/MpvEvent(17565): [PlaybackTrace][Native][eventLoop] event_id=22 error=0
08-22 17:17:39.005 I/MpvEvent(17565): [PlaybackTrace][Native][property] name=demuxer-cache-state format=6 value=null
08-22 17:17:39.005 I/MpvEvent(17565): [PlaybackTrace][Native][dispatch:property] name=demuxer-cache-state value=null
08-22 17:17:39.006 I/MpvBridgeModule(17565): [PlaybackTrace][Bridge][listener:property] name=demuxer-cache-state value=null
08-22 17:17:39.009 I/MpvJNI  (17565): [PlaybackTrace][Native][getDuration] result=0 duration=149.696033
08-22 17:17:39.009 D/MpvBridgeModule(17565): [PlaybackTrace][Bridge][getDuration] ptr=131217388352464 duration=149.69603333333333
08-22 17:17:39.302 I/MpvJNI  (17565): [PlaybackTrace][Native][getPosition] result=0 position=27.455997
08-22 17:17:39.302 D/MpvBridgeModule(17565): [PlaybackTrace][Bridge][getPosition] ptr=131217388352464 position=27.45599654409098
08-22 17:17:39.302 I/MpvJNI  (17565): [PlaybackTrace][Native][getDuration] result=0 duration=149.696033
08-22 17:17:39.302 D/MpvBridgeModule(17565): [PlaybackTrace][Bridge][getDuration] ptr=131217388352464 duration=149.69603333333333
08-22 17:17:39.302 D/MpvBridgeModule(17565): [PlaybackTrace][Bridge][getPlaybackState] ptr=131217388352464 state=playing idle=false eof=false pause=false
08-22 17:17:39.305 I/MpvJNI  (17565): [PlaybackTrace][Native][getDuration] result=0 duration=149.696033
08-22 17:17:39.305 D/MpvBridgeModule(17565): [PlaybackTrace][Bridge][getDuration] ptr=131217388352464 duration=149.69603333333333
08-22 17:17:39.752 I/MpvJNI  (17565): [PlaybackTrace][Native][getPosition] result=0 position=27.906994
08-22 17:17:39.752 D/MpvBridgeModule(17565): [PlaybackTrace][Bridge][getPosition] ptr=131217388352464 position=27.906993966090987
08-22 17:17:39.752 I/MpvJNI  (17565): [PlaybackTrace][Native][getDuration] result=0 duration=149.696033
08-22 17:17:39.752 D/MpvBridgeModule(17565): [PlaybackTrace][Bridge][getDuration] ptr=131217388352464 duration=149.69603333333333
08-22 17:17:39.752 D/MpvBridgeModule(17565): [PlaybackTrace][Bridge][getPlaybackState] ptr=131217388352464 state=playing idle=false eof=false pause=false
08-22 17:17:40.113 I/MpvEvent(17565): [PlaybackTrace][Native][eventLoop] event_id=22 error=0
08-22 17:17:40.113 I/MpvEvent(17565): [PlaybackTrace][Native][property] name=demuxer-cache-state format=6 value=null
08-22 17:17:40.113 I/MpvEvent(17565): [PlaybackTrace][Native][dispatch:property] name=demuxer-cache-state value=null
08-22 17:17:40.113 I/MpvBridgeModule(17565): [PlaybackTrace][Bridge][listener:property] name=demuxer-cache-state value=null
08-22 17:17:40.116 I/MpvJNI  (17565): [PlaybackTrace][Native][getDuration] result=0 duration=149.696033
08-22 17:17:40.116 D/MpvBridgeModule(17565): [PlaybackTrace][Bridge][getDuration] ptr=131217388352464 duration=149.69603333333333
08-22 17:17:40.318 I/MpvJNI  (17565): [PlaybackTrace][Native][getPosition] result=0 position=28.545240
08-22 17:17:40.318 D/MpvBridgeModule(17565): [PlaybackTrace][Bridge][getPosition] ptr=131217388352464 position=28.545240095090993
08-22 17:17:40.318 I/MpvJNI  (17565): [PlaybackTrace][Native][getDuration] result=0 duration=149.696033
08-22 17:17:40.318 D/MpvBridgeModule(17565): [PlaybackTrace][Bridge][getDuration] ptr=131217388352464 duration=149.69603333333333
08-22 17:17:40.319 D/MpvBridgeModule(17565): [PlaybackTrace][Bridge][getPlaybackState] ptr=131217388352464 state=playing idle=false eof=false pause=false
08-22 17:17:40.321 I/MpvJNI  (17565): [PlaybackTrace][Native][getDuration] result=0 duration=149.696033
08-22 17:17:40.321 D/MpvBridgeModule(17565): [PlaybackTrace][Bridge][getDuration] ptr=131217388352464 duration=149.69603333333333
08-22 17:17:40.364 I/MpvEvent(17565): [PlaybackTrace][Native][eventLoop] event_id=22 error=0
08-22 17:17:40.364 I/MpvEvent(17565): [PlaybackTrace][Native][property] name=demuxer-cache-state format=6 value=null
08-22 17:17:40.364 I/MpvEvent(17565): [PlaybackTrace][Native][dispatch:property] name=demuxer-cache-state value=null
08-22 17:17:40.365 I/MpvBridgeModule(17565): [PlaybackTrace][Bridge][listener:property] name=demuxer-cache-state value=null
08-22 17:17:40.481 I/MpvJNI  (17565): [PlaybackTrace][Native][getDuration] result=0 duration=149.696033
08-22 17:17:40.481 D/MpvBridgeModule(17565): [PlaybackTrace][Bridge][getDuration] ptr=131217388352464 duration=149.69603333333333
08-22 17:17:40.769 I/MpvJNI  (17565): [PlaybackTrace][Native][getPosition] result=0 position=28.996400
08-22 17:17:40.769 D/MpvBridgeModule(17565): [PlaybackTrace][Bridge][getPosition] ptr=131217388352464 position=28.996399907091
08-22 17:17:40.769 I/MpvJNI  (17565): [PlaybackTrace][Native][getDuration] result=0 duration=149.696033
08-22 17:17:40.769 D/MpvBridgeModule(17565): [PlaybackTrace][Bridge][getDuration] ptr=131217388352464 duration=149.69603333333333
08-22 17:17:40.770 D/MpvBridgeModule(17565): [PlaybackTrace][Bridge][getPlaybackState] ptr=131217388352464 state=playing idle=false eof=false pause=false
08-22 17:17:41.017 I/MpvEvent(17565): [PlaybackTrace][Native][eventLoop] event_id=2 error=0
08-22 17:17:41.017 I/MpvEvent(17565): [PlaybackTrace][Native][mpv-log] prefix=lavf level=v text=EOF reached.
08-22 17:17:41.335 I/MpvJNI  (17565): [PlaybackTrace][Native][getPosition] result=0 position=29.540194
08-22 17:17:41.335 D/MpvBridgeModule(17565): [PlaybackTrace][Bridge][getPosition] ptr=131217388352464 position=29.540194338091005
08-22 17:17:41.335 I/MpvJNI  (17565): [PlaybackTrace][Native][getDuration] result=0 duration=149.696033
08-22 17:17:41.335 D/MpvBridgeModule(17565): [PlaybackTrace][Bridge][getDuration] ptr=131217388352464 duration=149.69603333333333
08-22 17:17:41.335 D/MpvBridgeModule(17565): [PlaybackTrace][Bridge][getPlaybackState] ptr=131217388352464 state=playing idle=false eof=false pause=false
08-22 17:17:41.339 I/MpvJNI  (17565): [PlaybackTrace][Native][getDuration] result=0 duration=149.696033
08-22 17:17:41.339 D/MpvBridgeModule(17565): [PlaybackTrace][Bridge][getDuration] ptr=131217388352464 duration=149.69603333333333
08-22 17:17:41.470 I/MpvEvent(17565): [PlaybackTrace][Native][eventLoop] event_id=22 error=0
08-22 17:17:41.470 I/MpvEvent(17565): [PlaybackTrace][Native][property] name=demuxer-cache-state format=6 value=null
08-22 17:17:41.470 I/MpvEvent(17565): [PlaybackTrace][Native][dispatch:property] name=demuxer-cache-state value=null
08-22 17:17:41.471 I/MpvBridgeModule(17565): [PlaybackTrace][Bridge][listener:property] name=demuxer-cache-state value=null
08-22 17:17:41.531 I/MpvJNI  (17565): [PlaybackTrace][Native][getDuration] result=0 duration=149.696033
08-22 17:17:41.531 D/MpvBridgeModule(17565): [PlaybackTrace][Bridge][getDuration] ptr=131217388352464 duration=149.69603333333333
08-22 17:17:41.721 I/MpvEvent(17565): [PlaybackTrace][Native][eventLoop] event_id=22 error=0
08-22 17:17:41.721 I/MpvEvent(17565): [PlaybackTrace][Native][property] name=demuxer-cache-state format=6 value=null
08-22 17:17:41.721 I/MpvEvent(17565): [PlaybackTrace][Native][dispatch:property] name=demuxer-cache-state value=null
08-22 17:17:41.722 I/MpvBridgeModule(17565): [PlaybackTrace][Bridge][listener:property] name=demuxer-cache-state value=null
08-22 17:17:41.725 I/MpvJNI  (17565): [PlaybackTrace][Native][getDuration] result=0 duration=149.696033
08-22 17:17:41.725 D/MpvBridgeModule(17565): [PlaybackTrace][Bridge][getDuration] ptr=131217388352464 duration=149.69603333333333
08-22 17:17:41.907 I/MpvJNI  (17565): [PlaybackTrace][Native][getPosition] result=0 position=29.992017
08-22 17:17:41.907 D/MpvBridgeModule(17565): [PlaybackTrace][Bridge][getPosition] ptr=131217388352464 position=29.99201653709101
08-22 17:17:41.907 I/MpvJNI  (17565): [PlaybackTrace][Native][getDuration] result=0 duration=149.696033
08-22 17:17:41.907 D/MpvBridgeModule(17565): [PlaybackTrace][Bridge][getDuration] ptr=131217388352464 duration=149.69603333333333
08-22 17:17:41.907 D/MpvBridgeModule(17565): [PlaybackTrace][Bridge][getPlaybackState] ptr=131217388352464 state=playing idle=false eof=false pause=false
08-22 17:17:42.352 I/MpvJNI  (17565): [PlaybackTrace][Native][getPosition] result=0 position=30.448257
08-22 17:17:42.352 D/MpvBridgeModule(17565): [PlaybackTrace][Bridge][getPosition] ptr=131217388352464 position=30.448257306091016
08-22 17:17:42.352 I/MpvJNI  (17565): [PlaybackTrace][Native][getDuration] result=0 duration=149.696033
08-22 17:17:42.353 D/MpvBridgeModule(17565): [PlaybackTrace][Bridge][getDuration] ptr=131217388352464 duration=149.69603333333333
08-22 17:17:42.353 D/MpvBridgeModule(17565): [PlaybackTrace][Bridge][getPlaybackState] ptr=131217388352464 state=playing idle=false eof=false pause=false
08-22 17:17:42.355 I/MpvJNI  (17565): [PlaybackTrace][Native][getDuration] result=0 duration=149.696033
08-22 17:17:42.355 D/MpvBridgeModule(17565): [PlaybackTrace][Bridge][getDuration] ptr=131217388352464 duration=149.69603333333333
08-22 17:17:42.803 I/MpvJNI  (17565): [PlaybackTrace][Native][getPosition] result=0 position=30.900472
08-22 17:17:42.803 D/MpvBridgeModule(17565): [PlaybackTrace][Bridge][getPosition] ptr=131217388352464 position=30.900472163091024
08-22 17:17:42.803 I/MpvJNI  (17565): [PlaybackTrace][Native][getDuration] result=0 duration=149.696033
08-22 17:17:42.803 D/MpvBridgeModule(17565): [PlaybackTrace][Bridge][getDuration] ptr=131217388352464 duration=149.69603333333333
08-22 17:17:42.803 D/MpvBridgeModule(17565): [PlaybackTrace][Bridge][getPlaybackState] ptr=131217388352464 state=playing idle=false eof=false pause=false
08-22 17:17:42.832 I/MpvEvent(17565): [PlaybackTrace][Native][eventLoop] event_id=22 error=0
08-22 17:17:42.832 I/MpvEvent(17565): [PlaybackTrace][Native][property] name=demuxer-cache-state format=6 value=null
08-22 17:17:42.833 I/MpvEvent(17565): [PlaybackTrace][Native][dispatch:property] name=demuxer-cache-state value=null
08-22 17:17:42.835 I/MpvBridgeModule(17565): [PlaybackTrace][Bridge][listener:property] name=demuxer-cache-state value=null
08-22 17:17:42.839 I/MpvJNI  (17565): [PlaybackTrace][Native][getDuration] result=0 duration=149.696033
08-22 17:17:42.840 D/MpvBridgeModule(17565): [PlaybackTrace][Bridge][getDuration] ptr=131217388352464 duration=149.69603333333333
08-22 17:17:43.083 I/MpvEvent(17565): [PlaybackTrace][Native][eventLoop] event_id=22 error=0
08-22 17:17:43.083 I/MpvEvent(17565): [PlaybackTrace][Native][property] name=demuxer-cache-state format=6 value=null
08-22 17:17:43.083 I/MpvEvent(17565): [PlaybackTrace][Native][dispatch:property] name=demuxer-cache-state value=null
08-22 17:17:43.084 I/MpvBridgeModule(17565): [PlaybackTrace][Bridge][listener:property] name=demuxer-cache-state value=null
08-22 17:17:43.089 I/MpvJNI  (17565): [PlaybackTrace][Native][getDuration] result=0 duration=149.696033
08-22 17:17:43.089 D/MpvBridgeModule(17565): [PlaybackTrace][Bridge][getDuration] ptr=131217388352464 duration=149.69603333333333
08-22 17:17:43.379 I/MpvJNI  (17565): [PlaybackTrace][Native][getPosition] result=0 position=31.623824
08-22 17:17:43.379 D/MpvBridgeModule(17565): [PlaybackTrace][Bridge][getPosition] ptr=131217388352464 position=31.62382441409103
08-22 17:17:43.379 I/MpvJNI  (17565): [PlaybackTrace][Native][getDuration] result=0 duration=149.696033
08-22 17:17:43.379 D/MpvBridgeModule(17565): [PlaybackTrace][Bridge][getDuration] ptr=131217388352464 duration=149.69603333333333
08-22 17:17:43.379 D/MpvBridgeModule(17565): [PlaybackTrace][Bridge][getPlaybackState] ptr=131217388352464 state=playing idle=false eof=false pause=false
08-22 17:17:43.382 I/MpvJNI  (17565): [PlaybackTrace][Native][getDuration] result=0 duration=149.696033
08-22 17:17:43.383 D/MpvBridgeModule(17565): [PlaybackTrace][Bridge][getDuration] ptr=131217388352464 duration=149.69603333333333
08-22 17:17:43.820 I/MpvJNI  (17565): [PlaybackTrace][Native][getPosition] result=0 position=31.988722
08-22 17:17:43.820 D/MpvBridgeModule(17565): [PlaybackTrace][Bridge][getPosition] ptr=131217388352464 position=31.988722407091036
08-22 17:17:43.820 I/MpvJNI  (17565): [PlaybackTrace][Native][getDuration] result=0 duration=149.696033
08-22 17:17:43.821 D/MpvBridgeModule(17565): [PlaybackTrace][Bridge][getDuration] ptr=131217388352464 duration=149.69603333333333
08-22 17:17:43.821 D/MpvBridgeModule(17565): [PlaybackTrace][Bridge][getPlaybackState] ptr=131217388352464 state=playing idle=false eof=false pause=false
08-22 17:17:44.191 I/MpvEvent(17565): [PlaybackTrace][Native][eventLoop] event_id=22 error=0
08-22 17:17:44.191 I/MpvEvent(17565): [PlaybackTrace][Native][property] name=demuxer-cache-state format=6 value=null
08-22 17:17:44.191 I/MpvEvent(17565): [PlaybackTrace][Native][dispatch:property] name=demuxer-cache-state value=null
08-22 17:17:44.192 I/MpvBridgeModule(17565): [PlaybackTrace][Bridge][listener:property] name=demuxer-cache-state value=null
08-22 17:17:44.201 I/MpvJNI  (17565): [PlaybackTrace][Native][getDuration] result=0 duration=149.696033
08-22 17:17:44.201 D/MpvBridgeModule(17565): [PlaybackTrace][Bridge][getDuration] ptr=131217388352464 duration=149.69603333333333
08-22 17:17:44.387 I/MpvJNI  (17565): [PlaybackTrace][Native][getPosition] result=0 position=32.532512
08-22 17:17:44.387 D/MpvBridgeModule(17565): [PlaybackTrace][Bridge][getPosition] ptr=131217388352464 position=32.532512449091044
08-22 17:17:44.387 I/MpvJNI  (17565): [PlaybackTrace][Native][getDuration] result=0 duration=149.696033
08-22 17:17:44.387 D/MpvBridgeModule(17565): [PlaybackTrace][Bridge][getDuration] ptr=131217388352464 duration=149.69603333333333
08-22 17:17:44.387 D/MpvBridgeModule(17565): [PlaybackTrace][Bridge][getPlaybackState] ptr=131217388352464 state=playing idle=false eof=false pause=false
08-22 17:17:44.396 I/MpvJNI  (17565): [PlaybackTrace][Native][getDuration] result=0 duration=149.696033
08-22 17:17:44.396 D/MpvBridgeModule(17565): [PlaybackTrace][Bridge][getDuration] ptr=131217388352464 duration=149.69603333333333
08-22 17:17:44.441 I/MpvEvent(17565): [PlaybackTrace][Native][eventLoop] event_id=22 error=0
08-22 17:17:44.442 I/MpvEvent(17565): [PlaybackTrace][Native][property] name=demuxer-cache-state format=6 value=null
08-22 17:17:44.442 I/MpvEvent(17565): [PlaybackTrace][Native][dispatch:property] name=demuxer-cache-state value=null
08-22 17:17:44.442 I/MpvBridgeModule(17565): [PlaybackTrace][Bridge][listener:property] name=demuxer-cache-state value=null
08-22 17:17:44.539 I/MpvJNI  (17565): [PlaybackTrace][Native][getDuration] result=0 duration=149.696033
08-22 17:17:44.540 D/MpvBridgeModule(17565): [PlaybackTrace][Bridge][getDuration] ptr=131217388352464 duration=149.69603333333333
08-22 17:17:44.836 I/MpvJNI  (17565): [PlaybackTrace][Native][getPosition] result=0 position=32.989743
08-22 17:17:44.836 D/MpvBridgeModule(17565): [PlaybackTrace][Bridge][getPosition] ptr=131217388352464 position=32.989742832091046
08-22 17:17:44.837 I/MpvJNI  (17565): [PlaybackTrace][Native][getDuration] result=0 duration=149.696033
08-22 17:17:44.837 D/MpvBridgeModule(17565): [PlaybackTrace][Bridge][getDuration] ptr=131217388352464 duration=149.69603333333333
08-22 17:17:44.837 D/MpvBridgeModule(17565): [PlaybackTrace][Bridge][getPlaybackState] ptr=131217388352464 state=playing idle=false eof=false pause=false
08-22 17:17:45.368 I/MpvEvent(17565): [PlaybackTrace][Native][eventLoop] event_id=22 error=0
08-22 17:17:45.368 I/MpvEvent(17565): [PlaybackTrace][Native][property] name=demuxer-cache-state format=6 value=null
08-22 17:17:45.368 I/MpvEvent(17565): [PlaybackTrace][Native][dispatch:property] name=demuxer-cache-state value=null
08-22 17:17:45.368 I/MpvBridgeModule(17565): [PlaybackTrace][Bridge][listener:property] name=demuxer-cache-state value=null
08-22 17:17:45.372 I/MpvJNI  (17565): [PlaybackTrace][Native][getDuration] result=0 duration=149.696033
08-22 17:17:45.372 D/MpvBridgeModule(17565): [PlaybackTrace][Bridge][getDuration] ptr=131217388352464 duration=149.69603333333333
08-22 17:17:45.536 I/MpvJNI  (17565): [PlaybackTrace][Native][getPosition] result=0 position=33.668416
08-22 17:17:45.536 D/MpvBridgeModule(17565): [PlaybackTrace][Bridge][getPosition] ptr=131217388352464 position=33.668415712091054
08-22 17:17:45.536 I/MpvJNI  (17565): [PlaybackTrace][Native][getDuration] result=0 duration=149.696033
08-22 17:17:45.536 D/MpvBridgeModule(17565): [PlaybackTrace][Bridge][getDuration] ptr=131217388352464 duration=149.69603333333333
08-22 17:17:45.536 D/MpvBridgeModule(17565): [PlaybackTrace][Bridge][getPlaybackState] ptr=131217388352464 state=playing idle=false eof=false pause=false
08-22 17:17:45.545 I/MpvJNI  (17565): [PlaybackTrace][Native][getDuration] result=0 duration=149.696033
08-22 17:17:45.545 D/MpvBridgeModule(17565): [PlaybackTrace][Bridge][getDuration] ptr=131217388352464 duration=149.69603333333333
08-22 17:17:45.620 I/MpvEvent(17565): [PlaybackTrace][Native][eventLoop] event_id=22 error=0
08-22 17:17:45.620 I/MpvEvent(17565): [PlaybackTrace][Native][property] name=demuxer-cache-state format=6 value=null
08-22 17:17:45.620 I/MpvEvent(17565): [PlaybackTrace][Native][dispatch:property] name=demuxer-cache-state value=null
08-22 17:17:45.621 I/MpvBridgeModule(17565): [PlaybackTrace][Bridge][listener:property] name=demuxer-cache-state value=null
08-22 17:17:45.687 I/MpvJNI  (17565): [PlaybackTrace][Native][getDuration] result=0 duration=149.696033
08-22 17:17:45.687 D/MpvBridgeModule(17565): [PlaybackTrace][Bridge][getDuration] ptr=131217388352464 duration=149.69603333333333
08-22 17:17:45.859 I/MpvJNI  (17565): [PlaybackTrace][Native][getPosition] result=0 position=34.080910
08-22 17:17:45.859 D/MpvBridgeModule(17565): [PlaybackTrace][Bridge][getPosition] ptr=131217388352464 position=34.08091047009106
08-22 17:17:45.860 I/MpvJNI  (17565): [PlaybackTrace][Native][getDuration] result=0 duration=149.696033
08-22 17:17:45.860 D/MpvBridgeModule(17565): [PlaybackTrace][Bridge][getDuration] ptr=131217388352464 duration=149.69603333333333
08-22 17:17:45.860 D/MpvBridgeModule(17565): [PlaybackTrace][Bridge][getPlaybackState] ptr=131217388352464 state=playing idle=false eof=false pause=false
08-22 17:17:46.419 I/MpvJNI  (17565): [PlaybackTrace][Native][getPosition] result=0 position=34.528660
08-22 17:17:46.419 D/MpvBridgeModule(17565): [PlaybackTrace][Bridge][getPosition] ptr=131217388352464 position=34.528659822091065
08-22 17:17:46.419 I/MpvJNI  (17565): [PlaybackTrace][Native][getDuration] result=0 duration=149.696033
08-22 17:17:46.419 D/MpvBridgeModule(17565): [PlaybackTrace][Bridge][getDuration] ptr=131217388352464 duration=149.69603333333333
08-22 17:17:46.419 D/MpvBridgeModule(17565): [PlaybackTrace][Bridge][getPlaybackState] ptr=131217388352464 state=playing idle=false eof=false pause=false
08-22 17:17:46.422 I/MpvJNI  (17565): [PlaybackTrace][Native][getDuration] result=0 duration=149.696033
08-22 17:17:46.422 D/MpvBridgeModule(17565): [PlaybackTrace][Bridge][getDuration] ptr=131217388352464 duration=149.69603333333333
08-22 17:17:46.728 I/MpvEvent(17565): [PlaybackTrace][Native][eventLoop] event_id=22 error=0
08-22 17:17:46.728 I/MpvEvent(17565): [PlaybackTrace][Native][property] name=demuxer-cache-state format=6 value=null
08-22 17:17:46.728 I/MpvEvent(17565): [PlaybackTrace][Native][dispatch:property] name=demuxer-cache-state value=null
08-22 17:17:46.728 I/MpvBridgeModule(17565): [PlaybackTrace][Bridge][listener:property] name=demuxer-cache-state value=null
08-22 17:17:46.733 I/MpvJNI  (17565): [PlaybackTrace][Native][getDuration] result=0 duration=149.696033
08-22 17:17:46.733 D/MpvBridgeModule(17565): [PlaybackTrace][Bridge][getDuration] ptr=131217388352464 duration=149.69603333333333
08-22 17:17:46.875 I/MpvJNI  (17565): [PlaybackTrace][Native][getPosition] result=0 position=34.980542
08-22 17:17:46.875 D/MpvBridgeModule(17565): [PlaybackTrace][Bridge][getPosition] ptr=131217388352464 position=34.98054204209107
08-22 17:17:46.875 I/MpvJNI  (17565): [PlaybackTrace][Native][getDuration] result=0 duration=149.696033
08-22 17:17:46.875 D/MpvBridgeModule(17565): [PlaybackTrace][Bridge][getDuration] ptr=131217388352464 duration=149.69603333333333
08-22 17:17:46.876 D/MpvBridgeModule(17565): [PlaybackTrace][Bridge][getPlaybackState] ptr=131217388352464 state=playing idle=false eof=false pause=false
08-22 17:17:46.976 I/MpvEvent(17565): [PlaybackTrace][Native][eventLoop] event_id=22 error=0
08-22 17:17:46.976 I/MpvEvent(17565): [PlaybackTrace][Native][property] name=demuxer-cache-state format=6 value=null
08-22 17:17:46.976 I/MpvEvent(17565): [PlaybackTrace][Native][dispatch:property] name=demuxer-cache-state value=null
08-22 17:17:46.976 I/MpvBridgeModule(17565): [PlaybackTrace][Bridge][listener:property] name=demuxer-cache-state value=null
08-22 17:17:46.980 I/MpvJNI  (17565): [PlaybackTrace][Native][getDuration] result=0 duration=149.696033
08-22 17:17:46.980 D/MpvBridgeModule(17565): [PlaybackTrace][Bridge][getDuration] ptr=131217388352464 duration=149.69603333333333
08-22 17:17:47.436 I/MpvJNI  (17565): [PlaybackTrace][Native][getPosition] result=0 position=35.640781
08-22 17:17:47.436 D/MpvBridgeModule(17565): [PlaybackTrace][Bridge][getPosition] ptr=131217388352464 position=35.64078073609108
08-22 17:17:47.436 I/MpvJNI  (17565): [PlaybackTrace][Native][getDuration] result=0 duration=149.696033
08-22 17:17:47.436 D/MpvBridgeModule(17565): [PlaybackTrace][Bridge][getDuration] ptr=131217388352464 duration=149.69603333333333
08-22 17:17:47.436 D/MpvBridgeModule(17565): [PlaybackTrace][Bridge][getPlaybackState] ptr=131217388352464 state=playing idle=false eof=false pause=false
08-22 17:17:47.440 I/MpvJNI  (17565): [PlaybackTrace][Native][getDuration] result=0 duration=149.696033
08-22 17:17:47.441 D/MpvBridgeModule(17565): [PlaybackTrace][Bridge][getDuration] ptr=131217388352464 duration=149.69603333333333
08-22 17:17:47.887 I/MpvJNI  (17565): [PlaybackTrace][Native][getPosition] result=0 position=35.978873
08-22 17:17:47.887 D/MpvBridgeModule(17565): [PlaybackTrace][Bridge][getPosition] ptr=131217388352464 position=35.97887340009108
08-22 17:17:47.887 I/MpvJNI  (17565): [PlaybackTrace][Native][getDuration] result=0 duration=149.696033
08-22 17:17:47.887 D/MpvBridgeModule(17565): [PlaybackTrace][Bridge][getDuration] ptr=131217388352464 duration=149.69603333333333
08-22 17:17:47.888 D/MpvBridgeModule(17565): [PlaybackTrace][Bridge][getPlaybackState] ptr=131217388352464 state=playing idle=false eof=false pause=false
08-22 17:17:48.089 I/MpvEvent(17565): [PlaybackTrace][Native][eventLoop] event_id=22 error=0
08-22 17:17:48.089 I/MpvEvent(17565): [PlaybackTrace][Native][property] name=demuxer-cache-state format=6 value=null
08-22 17:17:48.089 I/MpvEvent(17565): [PlaybackTrace][Native][dispatch:property] name=demuxer-cache-state value=null
08-22 17:17:48.089 I/MpvBridgeModule(17565): [PlaybackTrace][Bridge][listener:property] name=demuxer-cache-state value=null
08-22 17:17:48.093 I/MpvJNI  (17565): [PlaybackTrace][Native][getDuration] result=0 duration=149.696033
08-22 17:17:48.094 D/MpvBridgeModule(17565): [PlaybackTrace][Bridge][getDuration] ptr=131217388352464 duration=149.69603333333333
08-22 17:17:48.335 I/MpvEvent(17565): [PlaybackTrace][Native][eventLoop] event_id=22 error=0
08-22 17:17:48.335 I/MpvEvent(17565): [PlaybackTrace][Native][property] name=demuxer-cache-state format=6 value=null
08-22 17:17:48.335 I/MpvEvent(17565): [PlaybackTrace][Native][dispatch:property] name=demuxer-cache-state value=null
08-22 17:17:48.335 I/MpvBridgeModule(17565): [PlaybackTrace][Bridge][listener:property] name=demuxer-cache-state value=null
08-22 17:17:48.338 I/MpvJNI  (17565): [PlaybackTrace][Native][getDuration] result=0 duration=149.696033
08-22 17:17:48.338 D/MpvBridgeModule(17565): [PlaybackTrace][Bridge][getDuration] ptr=131217388352464 duration=149.69603333333333
08-22 17:17:48.452 I/MpvJNI  (17565): [PlaybackTrace][Native][getPosition] result=0 position=36.613082
08-22 17:17:48.452 D/MpvBridgeModule(17565): [PlaybackTrace][Bridge][getPosition] ptr=131217388352464 position=36.61308181509109
08-22 17:17:48.452 I/MpvJNI  (17565): [PlaybackTrace][Native][getDuration] result=0 duration=149.696033
08-22 17:17:48.452 D/MpvBridgeModule(17565): [PlaybackTrace][Bridge][getDuration] ptr=131217388352464 duration=149.69603333333333
08-22 17:17:48.453 D/MpvBridgeModule(17565): [PlaybackTrace][Bridge][getPlaybackState] ptr=131217388352464 state=playing idle=false eof=false pause=false
08-22 17:17:48.455 I/MpvJNI  (17565): [PlaybackTrace][Native][getDuration] result=0 duration=149.696033
08-22 17:17:48.455 D/MpvBridgeModule(17565): [PlaybackTrace][Bridge][getDuration] ptr=131217388352464 duration=149.69603333333333
08-22 17:17:48.902 I/MpvJNI  (17565): [PlaybackTrace][Native][getPosition] result=0 position=37.070844
08-22 17:17:48.902 D/MpvBridgeModule(17565): [PlaybackTrace][Bridge][getPosition] ptr=131217388352464 position=37.070843588091094
08-22 17:17:48.902 I/MpvJNI  (17565): [PlaybackTrace][Native][getDuration] result=0 duration=149.696033
08-22 17:17:48.903 D/MpvBridgeModule(17565): [PlaybackTrace][Bridge][getDuration] ptr=131217388352464 duration=149.69603333333333
08-22 17:17:48.903 D/MpvBridgeModule(17565): [PlaybackTrace][Bridge][getPlaybackState] ptr=131217388352464 state=playing idle=false eof=false pause=false
08-22 17:17:49.268 I/MpvEvent(17565): [PlaybackTrace][Native][eventLoop] event_id=22 error=0
08-22 17:17:49.268 I/MpvEvent(17565): [PlaybackTrace][Native][property] name=demuxer-cache-state format=6 value=null
08-22 17:17:49.268 I/MpvEvent(17565): [PlaybackTrace][Native][dispatch:property] name=demuxer-cache-state value=null
08-22 17:17:49.269 I/MpvBridgeModule(17565): [PlaybackTrace][Bridge][listener:property] name=demuxer-cache-state value=null
08-22 17:17:49.272 I/MpvJNI  (17565): [PlaybackTrace][Native][getDuration] result=0 duration=149.696033
08-22 17:17:49.272 D/MpvBridgeModule(17565): [PlaybackTrace][Bridge][getDuration] ptr=131217388352464 duration=149.69603333333333
08-22 17:17:49.469 I/MpvJNI  (17565): [PlaybackTrace][Native][getPosition] result=0 position=37.698809
08-22 17:17:49.469 D/MpvBridgeModule(17565): [PlaybackTrace][Bridge][getPosition] ptr=131217388352464 position=37.698808819091106
08-22 17:17:49.469 I/MpvJNI  (17565): [PlaybackTrace][Native][getDuration] result=0 duration=149.696033
08-22 17:17:49.469 D/MpvBridgeModule(17565): [PlaybackTrace][Bridge][getDuration] ptr=131217388352464 duration=149.69603333333333
08-22 17:17:49.469 D/MpvBridgeModule(17565): [PlaybackTrace][Bridge][getPlaybackState] ptr=131217388352464 state=playing idle=false eof=false pause=false
08-22 17:17:49.471 I/MpvJNI  (17565): [PlaybackTrace][Native][getDuration] result=0 duration=149.696033
08-22 17:17:49.472 D/MpvBridgeModule(17565): [PlaybackTrace][Bridge][getDuration] ptr=131217388352464 duration=149.69603333333333
08-22 17:17:49.520 I/MpvEvent(17565): [PlaybackTrace][Native][eventLoop] event_id=22 error=0
08-22 17:17:49.520 I/MpvEvent(17565): [PlaybackTrace][Native][property] name=demuxer-cache-state format=6 value=null
08-22 17:17:49.520 I/MpvEvent(17565): [PlaybackTrace][Native][dispatch:property] name=demuxer-cache-state value=null
08-22 17:17:49.520 I/MpvBridgeModule(17565): [PlaybackTrace][Bridge][listener:property] name=demuxer-cache-state value=null
08-22 17:17:49.598 I/MpvJNI  (17565): [PlaybackTrace][Native][getDuration] result=0 duration=149.696033
08-22 17:17:49.598 D/MpvBridgeModule(17565): [PlaybackTrace][Bridge][getDuration] ptr=131217388352464 duration=149.69603333333333
08-22 17:17:49.921 I/MpvJNI  (17565): [PlaybackTrace][Native][getPosition] result=0 position=38.152415
08-22 17:17:49.921 D/MpvBridgeModule(17565): [PlaybackTrace][Bridge][getPosition] ptr=131217388352464 position=38.15241500309111
08-22 17:17:49.922 I/MpvJNI  (17565): [PlaybackTrace][Native][getDuration] result=0 duration=149.696033
08-22 17:17:49.922 D/MpvBridgeModule(17565): [PlaybackTrace][Bridge][getDuration] ptr=131217388352464 duration=149.69603333333333
08-22 17:17:49.922 D/MpvBridgeModule(17565): [PlaybackTrace][Bridge][getPlaybackState] ptr=131217388352464 state=playing idle=false eof=false pause=false
08-22 17:17:50.485 I/MpvJNI  (17565): [PlaybackTrace][Native][getPosition] result=0 position=38.696453
08-22 17:17:50.485 D/MpvBridgeModule(17565): [PlaybackTrace][Bridge][getPosition] ptr=131217388352464 position=38.696452536091115
08-22 17:17:50.485 I/MpvJNI  (17565): [PlaybackTrace][Native][getDuration] result=0 duration=149.696033
08-22 17:17:50.485 D/MpvBridgeModule(17565): [PlaybackTrace][Bridge][getDuration] ptr=131217388352464 duration=149.69603333333333
08-22 17:17:50.486 D/MpvBridgeModule(17565): [PlaybackTrace][Bridge][getPlaybackState] ptr=131217388352464 state=playing idle=false eof=false pause=false
08-22 17:17:50.488 I/MpvJNI  (17565): [PlaybackTrace][Native][getDuration] result=0 duration=149.696033
08-22 17:17:50.488 D/MpvBridgeModule(17565): [PlaybackTrace][Bridge][getDuration] ptr=131217388352464 duration=149.69603333333333
08-22 17:17:50.627 I/MpvEvent(17565): [PlaybackTrace][Native][eventLoop] event_id=22 error=0
08-22 17:17:50.627 I/MpvEvent(17565): [PlaybackTrace][Native][property] name=demuxer-cache-state format=6 value=null
08-22 17:17:50.627 I/MpvEvent(17565): [PlaybackTrace][Native][dispatch:property] name=demuxer-cache-state value=null
08-22 17:17:50.628 I/MpvBridgeModule(17565): [PlaybackTrace][Bridge][listener:property] name=demuxer-cache-state value=null
08-22 17:17:50.636 I/MpvJNI  (17565): [PlaybackTrace][Native][getDuration] result=0 duration=149.696033
08-22 17:17:50.636 D/MpvBridgeModule(17565): [PlaybackTrace][Bridge][getDuration] ptr=131217388352464 duration=149.69603333333333
08-22 17:17:50.880 I/MpvEvent(17565): [PlaybackTrace][Native][eventLoop] event_id=22 error=0
08-22 17:17:50.880 I/MpvEvent(17565): [PlaybackTrace][Native][property] name=demuxer-cache-state format=6 value=null
08-22 17:17:50.880 I/MpvEvent(17565): [PlaybackTrace][Native][dispatch:property] name=demuxer-cache-state value=null
08-22 17:17:50.881 I/MpvBridgeModule(17565): [PlaybackTrace][Bridge][listener:property] name=demuxer-cache-state value=null
08-22 17:17:50.895 I/MpvJNI  (17565): [PlaybackTrace][Native][getDuration] result=0 duration=149.696033
08-22 17:17:50.896 D/MpvBridgeModule(17565): [PlaybackTrace][Bridge][getDuration] ptr=131217388352464 duration=149.69603333333333
08-22 17:17:51.039 I/MpvJNI  (17565): [PlaybackTrace][Native][getPosition] result=0 position=39.167341
08-22 17:17:51.039 D/MpvBridgeModule(17565): [PlaybackTrace][Bridge][getPosition] ptr=131217388352464 position=39.16734138009112
08-22 17:17:51.039 I/MpvJNI  (17565): [PlaybackTrace][Native][getDuration] result=0 duration=149.696033
08-22 17:17:51.039 D/MpvBridgeModule(17565): [PlaybackTrace][Bridge][getDuration] ptr=131217388352464 duration=149.69603333333333
08-22 17:17:51.039 D/MpvBridgeModule(17565): [PlaybackTrace][Bridge][getPlaybackState] ptr=131217388352464 state=playing idle=false eof=false pause=false
08-22 17:17:51.509 I/MpvJNI  (17565): [PlaybackTrace][Native][getPosition] result=0 position=39.603475
08-22 17:17:51.509 D/MpvBridgeModule(17565): [PlaybackTrace][Bridge][getPosition] ptr=131217388352464 position=39.603474549091125
08-22 17:17:51.514 I/MpvJNI  (17565): [PlaybackTrace][Native][getDuration] result=0 duration=149.696033
08-22 17:17:51.514 D/MpvBridgeModule(17565): [PlaybackTrace][Bridge][getDuration] ptr=131217388352464 duration=149.69603333333333
08-22 17:17:51.514 D/MpvBridgeModule(17565): [PlaybackTrace][Bridge][getPlaybackState] ptr=131217388352464 state=playing idle=false eof=false pause=false
08-22 17:17:51.551 I/MpvJNI  (17565): [PlaybackTrace][Native][getDuration] result=0 duration=149.696033
08-22 17:17:51.551 D/MpvBridgeModule(17565): [PlaybackTrace][Bridge][getDuration] ptr=131217388352464 duration=149.69603333333333
08-22 17:17:51.954 I/MpvJNI  (17565): [PlaybackTrace][Native][getPosition] result=0 position=40.081836
08-22 17:17:51.955 D/MpvBridgeModule(17565): [PlaybackTrace][Bridge][getPosition] ptr=131217388352464 position=40.08183550809113
08-22 17:17:51.956 I/MpvJNI  (17565): [PlaybackTrace][Native][getDuration] result=0 duration=149.696033
08-22 17:17:51.956 D/MpvBridgeModule(17565): [PlaybackTrace][Bridge][getDuration] ptr=131217388352464 duration=149.69603333333333
08-22 17:17:51.956 D/MpvBridgeModule(17565): [PlaybackTrace][Bridge][getPlaybackState] ptr=131217388352464 state=playing idle=false eof=false pause=false
08-22 17:17:51.991 I/MpvEvent(17565): [PlaybackTrace][Native][eventLoop] event_id=22 error=0
08-22 17:17:51.991 I/MpvEvent(17565): [PlaybackTrace][Native][property] name=demuxer-cache-state format=6 value=null
08-22 17:17:51.991 I/MpvEvent(17565): [PlaybackTrace][Native][dispatch:property] name=demuxer-cache-state value=null
08-22 17:17:51.991 I/MpvBridgeModule(17565): [PlaybackTrace][Bridge][listener:property] name=demuxer-cache-state value=null
08-22 17:17:51.997 I/MpvJNI  (17565): [PlaybackTrace][Native][getDuration] result=0 duration=149.696033
08-22 17:17:51.997 D/MpvBridgeModule(17565): [PlaybackTrace][Bridge][getDuration] ptr=131217388352464 duration=149.69603333333333
08-22 17:17:52.234 I/MpvEvent(17565): [PlaybackTrace][Native][eventLoop] event_id=22 error=0
08-22 17:17:52.234 I/MpvEvent(17565): [PlaybackTrace][Native][property] name=demuxer-cache-state format=6 value=null
08-22 17:17:52.234 I/MpvEvent(17565): [PlaybackTrace][Native][dispatch:property] name=demuxer-cache-state value=null
08-22 17:17:52.235 I/MpvBridgeModule(17565): [PlaybackTrace][Bridge][listener:property] name=demuxer-cache-state value=null
08-22 17:17:52.244 I/MpvJNI  (17565): [PlaybackTrace][Native][getDuration] result=0 duration=149.696033
08-22 17:17:52.245 D/MpvBridgeModule(17565): [PlaybackTrace][Bridge][getDuration] ptr=131217388352464 duration=149.69603333333333
08-22 17:17:52.734 I/MpvJNI  (17565): [PlaybackTrace][Native][getPosition] result=0 position=40.976495
08-22 17:17:52.734 D/MpvBridgeModule(17565): [PlaybackTrace][Bridge][getPosition] ptr=131217388352464 position=40.97649462109114
08-22 17:17:52.734 I/MpvJNI  (17565): [PlaybackTrace][Native][getDuration] result=0 duration=149.696033
08-22 17:17:52.734 D/MpvBridgeModule(17565): [PlaybackTrace][Bridge][getDuration] ptr=131217388352464 duration=149.69603333333333
08-22 17:17:52.734 D/MpvBridgeModule(17565): [PlaybackTrace][Bridge][getPlaybackState] ptr=131217388352464 state=playing idle=false eof=false pause=false
08-22 17:17:52.765 I/MpvJNI  (17565): [PlaybackTrace][Native][getDuration] result=0 duration=149.696033
08-22 17:17:52.766 D/MpvBridgeModule(17565): [PlaybackTrace][Bridge][getDuration] ptr=131217388352464 duration=149.69603333333333
08-22 17:17:53.015 I/MpvJNI  (17565): [PlaybackTrace][Native][getPosition] result=0 position=41.254744
08-22 17:17:53.015 D/MpvBridgeModule(17565): [PlaybackTrace][Bridge][getPosition] ptr=131217388352464 position=41.254743871091144
08-22 17:17:53.016 I/MpvJNI  (17565): [PlaybackTrace][Native][getDuration] result=0 duration=149.696033
08-22 17:17:53.016 D/MpvBridgeModule(17565): [PlaybackTrace][Bridge][getDuration] ptr=131217388352464 duration=149.69603333333333
08-22 17:17:53.018 D/MpvBridgeModule(17565): [PlaybackTrace][Bridge][getPlaybackState] ptr=131217388352464 state=playing idle=false eof=false pause=false
08-22 17:17:53.168 I/MpvEvent(17565): [PlaybackTrace][Native][eventLoop] event_id=22 error=0
08-22 17:17:53.168 I/MpvEvent(17565): [PlaybackTrace][Native][property] name=demuxer-cache-state format=6 value=null
08-22 17:17:53.169 I/MpvEvent(17565): [PlaybackTrace][Native][dispatch:property] name=demuxer-cache-state value=null
08-22 17:17:53.169 I/MpvBridgeModule(17565): [PlaybackTrace][Bridge][listener:property] name=demuxer-cache-state value=null
08-22 17:17:53.212 I/MpvJNI  (17565): [PlaybackTrace][Native][getDuration] result=0 duration=149.696033
08-22 17:17:53.212 D/MpvBridgeModule(17565): [PlaybackTrace][Bridge][getDuration] ptr=131217388352464 duration=149.69603333333333
08-22 17:17:53.424 I/MpvEvent(17565): [PlaybackTrace][Native][eventLoop] event_id=22 error=0
08-22 17:17:53.424 I/MpvEvent(17565): [PlaybackTrace][Native][property] name=demuxer-cache-state format=6 value=null
08-22 17:17:53.425 I/MpvEvent(17565): [PlaybackTrace][Native][dispatch:property] name=demuxer-cache-state value=null
08-22 17:17:53.427 I/MpvBridgeModule(17565): [PlaybackTrace][Bridge][listener:property] name=demuxer-cache-state value=null
08-22 17:17:53.467 I/MpvJNI  (17565): [PlaybackTrace][Native][getDuration] result=0 duration=149.696033
08-22 17:17:53.467 D/MpvBridgeModule(17565): [PlaybackTrace][Bridge][getDuration] ptr=131217388352464 duration=149.69603333333333
08-22 17:17:53.685 I/MpvJNI  (17565): [PlaybackTrace][Native][getPosition] result=0 position=41.871036
08-22 17:17:53.685 D/MpvBridgeModule(17565): [PlaybackTrace][Bridge][getPosition] ptr=131217388352464 position=41.87103568709115
08-22 17:17:53.685 I/MpvJNI  (17565): [PlaybackTrace][Native][getDuration] result=0 duration=149.696033
08-22 17:17:53.685 D/MpvBridgeModule(17565): [PlaybackTrace][Bridge][getDuration] ptr=131217388352464 duration=149.69603333333333
08-22 17:17:53.685 D/MpvBridgeModule(17565): [PlaybackTrace][Bridge][getPlaybackState] ptr=131217388352464 state=playing idle=false eof=false pause=false
08-22 17:17:53.694 I/MpvJNI  (17565): [PlaybackTrace][Native][getDuration] result=0 duration=149.696033
08-22 17:17:53.694 D/MpvBridgeModule(17565): [PlaybackTrace][Bridge][getDuration] ptr=131217388352464 duration=149.69603333333333
08-22 17:17:53.970 I/MpvJNI  (17565): [PlaybackTrace][Native][getPosition] result=0 position=42.146097
08-22 17:17:53.970 D/MpvBridgeModule(17565): [PlaybackTrace][Bridge][getPosition] ptr=131217388352464 position=42.146097286091155
08-22 17:17:53.970 I/MpvJNI  (17565): [PlaybackTrace][Native][getDuration] result=0 duration=149.696033
08-22 17:17:53.970 D/MpvBridgeModule(17565): [PlaybackTrace][Bridge][getDuration] ptr=131217388352464 duration=149.69603333333333
08-22 17:17:53.971 D/MpvBridgeModule(17565): [PlaybackTrace][Bridge][getPlaybackState] ptr=131217388352464 state=playing idle=false eof=false pause=false
08-22 17:17:54.525 I/MpvEvent(17565): [PlaybackTrace][Native][eventLoop] event_id=22 error=0
08-22 17:17:54.525 I/MpvEvent(17565): [PlaybackTrace][Native][property] name=demuxer-cache-state format=6 value=null
08-22 17:17:54.525 I/MpvEvent(17565): [PlaybackTrace][Native][dispatch:property] name=demuxer-cache-state value=null
08-22 17:17:54.525 I/MpvBridgeModule(17565): [PlaybackTrace][Bridge][listener:property] name=demuxer-cache-state value=null
08-22 17:17:54.530 I/MpvJNI  (17565): [PlaybackTrace][Native][getDuration] result=0 duration=149.696033
08-22 17:17:54.530 D/MpvBridgeModule(17565): [PlaybackTrace][Bridge][getDuration] ptr=131217388352464 duration=149.69603333333333
08-22 17:17:54.780 I/MpvEvent(17565): [PlaybackTrace][Native][eventLoop] event_id=22 error=0
08-22 17:17:54.781 I/MpvEvent(17565): [PlaybackTrace][Native][property] name=demuxer-cache-state format=6 value=null
08-22 17:17:54.782 I/MpvEvent(17565): [PlaybackTrace][Native][dispatch:property] name=demuxer-cache-state value=null
08-22 17:17:54.784 I/MpvBridgeModule(17565): [PlaybackTrace][Bridge][listener:property] name=demuxer-cache-state value=null
08-22 17:17:54.932 I/MpvJNI  (17565): [PlaybackTrace][Native][getPosition] result=0 position=43.074642
08-22 17:17:54.932 D/MpvBridgeModule(17565): [PlaybackTrace][Bridge][getPosition] ptr=131217388352464 position=43.07464229009117
08-22 17:17:54.933 I/MpvJNI  (17565): [PlaybackTrace][Native][getDuration] result=0 duration=149.696033
08-22 17:17:54.933 D/MpvBridgeModule(17565): [PlaybackTrace][Bridge][getDuration] ptr=131217388352464 duration=149.69603333333333
08-22 17:17:54.934 D/MpvBridgeModule(17565): [PlaybackTrace][Bridge][getPlaybackState] ptr=131217388352464 state=playing idle=false eof=false pause=false
08-22 17:17:54.943 I/MpvJNI  (17565): [PlaybackTrace][Native][getDuration] result=0 duration=149.696033
08-22 17:17:54.944 D/MpvBridgeModule(17565): [PlaybackTrace][Bridge][getDuration] ptr=131217388352464 duration=149.69603333333333
08-22 17:17:55.239 I/MpvJNI  (17565): [PlaybackTrace][Native][getPosition] result=0 position=43.412189
08-22 17:17:55.240 D/MpvBridgeModule(17565): [PlaybackTrace][Bridge][getPosition] ptr=131217388352464 position=43.41218905009117
08-22 17:17:55.240 I/MpvJNI  (17565): [PlaybackTrace][Native][getDuration] result=0 duration=149.696033
08-22 17:17:55.240 D/MpvBridgeModule(17565): [PlaybackTrace][Bridge][getDuration] ptr=131217388352464 duration=149.69603333333333
08-22 17:17:55.240 D/MpvBridgeModule(17565): [PlaybackTrace][Bridge][getPlaybackState] ptr=131217388352464 state=playing idle=false eof=false pause=false
08-22 17:17:55.568 I/MpvJNI  (17565): [PlaybackTrace][Native][getPosition] result=0 position=43.706801
08-22 17:17:55.569 D/MpvBridgeModule(17565): [PlaybackTrace][Bridge][getPosition] ptr=131217388352464 position=43.70680124109118
08-22 17:17:55.569 I/MpvJNI  (17565): [PlaybackTrace][Native][getDuration] result=0 duration=149.696033
08-22 17:17:55.569 D/MpvBridgeModule(17565): [PlaybackTrace][Bridge][getDuration] ptr=131217388352464 duration=149.69603333333333
08-22 17:17:55.569 D/MpvBridgeModule(17565): [PlaybackTrace][Bridge][getPlaybackState] ptr=131217388352464 state=playing idle=false eof=false pause=false
08-22 17:17:55.575 I/MpvJNI  (17565): [PlaybackTrace][Native][getDuration] result=0 duration=149.696033
08-22 17:17:55.575 D/MpvBridgeModule(17565): [PlaybackTrace][Bridge][getDuration] ptr=131217388352464 duration=149.69603333333333
08-22 17:17:55.898 I/MpvEvent(17565): [PlaybackTrace][Native][eventLoop] event_id=22 error=0
08-22 17:17:55.899 I/MpvEvent(17565): [PlaybackTrace][Native][property] name=demuxer-cache-state format=6 value=null
08-22 17:17:55.899 I/MpvEvent(17565): [PlaybackTrace][Native][dispatch:property] name=demuxer-cache-state value=null
08-22 17:17:55.905 I/MpvBridgeModule(17565): [PlaybackTrace][Bridge][listener:property] name=demuxer-cache-state value=null
08-22 17:17:55.952 I/MpvJNI  (17565): [PlaybackTrace][Native][getDuration] result=0 duration=149.696033
08-22 17:17:55.952 D/MpvBridgeModule(17565): [PlaybackTrace][Bridge][getDuration] ptr=131217388352464 duration=149.69603333333333
08-22 17:17:56.091 I/MpvJNI  (17565): [PlaybackTrace][Native][getPosition] result=0 position=44.230911
08-22 17:17:56.091 D/MpvBridgeModule(17565): [PlaybackTrace][Bridge][getPosition] ptr=131217388352464 position=44.230910846091184
08-22 17:17:56.091 I/MpvJNI  (17565): [PlaybackTrace][Native][getDuration] result=0 duration=149.696033
08-22 17:17:56.091 D/MpvBridgeModule(17565): [PlaybackTrace][Bridge][getDuration] ptr=131217388352464 duration=149.69603333333333
08-22 17:17:56.092 D/MpvBridgeModule(17565): [PlaybackTrace][Bridge][getPlaybackState] ptr=131217388352464 state=playing idle=false eof=false pause=false
08-22 17:17:56.148 I/MpvEvent(17565): [PlaybackTrace][Native][eventLoop] event_id=22 error=0
08-22 17:17:56.148 I/MpvEvent(17565): [PlaybackTrace][Native][property] name=demuxer-cache-state format=6 value=null
08-22 17:17:56.148 I/MpvEvent(17565): [PlaybackTrace][Native][dispatch:property] name=demuxer-cache-state value=null
08-22 17:17:56.149 I/MpvBridgeModule(17565): [PlaybackTrace][Bridge][listener:property] name=demuxer-cache-state value=null
08-22 17:17:56.154 I/MpvJNI  (17565): [PlaybackTrace][Native][getDuration] result=0 duration=149.696033
08-22 17:17:56.154 D/MpvBridgeModule(17565): [PlaybackTrace][Bridge][getDuration] ptr=131217388352464 duration=149.69603333333333
08-22 17:17:56.592 I/MpvJNI  (17565): [PlaybackTrace][Native][getPosition] result=0 position=44.839283
08-22 17:17:56.592 D/MpvBridgeModule(17565): [PlaybackTrace][Bridge][getPosition] ptr=131217388352464 position=44.83928338009119
08-22 17:17:56.592 I/MpvJNI  (17565): [PlaybackTrace][Native][getDuration] result=0 duration=149.696033
08-22 17:17:56.592 D/MpvBridgeModule(17565): [PlaybackTrace][Bridge][getDuration] ptr=131217388352464 duration=149.69603333333333
08-22 17:17:56.593 D/MpvBridgeModule(17565): [PlaybackTrace][Bridge][getPlaybackState] ptr=131217388352464 state=playing idle=false eof=false pause=false
08-22 17:17:56.596 I/MpvJNI  (17565): [PlaybackTrace][Native][getDuration] result=0 duration=149.696033
08-22 17:17:56.596 D/MpvBridgeModule(17565): [PlaybackTrace][Bridge][getDuration] ptr=131217388352464 duration=149.69603333333333
08-22 17:17:57.076 I/MpvJNI  (17565): [PlaybackTrace][Native][getPosition] result=0 position=45.293164
08-22 17:17:57.076 D/MpvBridgeModule(17565): [PlaybackTrace][Bridge][getPosition] ptr=131217388352464 position=45.293163955091195
08-22 17:17:57.076 I/MpvJNI  (17565): [PlaybackTrace][Native][getDuration] result=0 duration=149.696033
08-22 17:17:57.077 D/MpvBridgeModule(17565): [PlaybackTrace][Bridge][getDuration] ptr=131217388352464 duration=149.69603333333333
08-22 17:17:57.077 D/MpvBridgeModule(17565): [PlaybackTrace][Bridge][getPlaybackState] ptr=131217388352464 state=playing idle=false eof=false pause=false
08-22 17:17:57.252 I/MpvEvent(17565): [PlaybackTrace][Native][eventLoop] event_id=22 error=0
08-22 17:17:57.252 I/MpvEvent(17565): [PlaybackTrace][Native][property] name=demuxer-cache-state format=6 value=null
08-22 17:17:57.252 I/MpvEvent(17565): [PlaybackTrace][Native][dispatch:property] name=demuxer-cache-state value=null
08-22 17:17:57.253 I/MpvBridgeModule(17565): [PlaybackTrace][Bridge][listener:property] name=demuxer-cache-state value=null
08-22 17:17:57.287 I/MpvJNI  (17565): [PlaybackTrace][Native][getDuration] result=0 duration=149.696033
08-22 17:17:57.287 D/MpvBridgeModule(17565): [PlaybackTrace][Bridge][getDuration] ptr=131217388352464 duration=149.69603333333333
08-22 17:17:57.521 I/MpvEvent(17565): [PlaybackTrace][Native][eventLoop] event_id=2 error=0
08-22 17:17:57.521 I/MpvEvent(17565): [PlaybackTrace][Native][mpv-log] prefix=cplayer level=warn text=Audio device underrun detected.
08-22 17:17:57.521 D/mpv     (17565): [cplayer] warn: Audio device underrun detected.
08-22 17:17:57.550 I/MpvEvent(17565): [PlaybackTrace][Native][eventLoop] event_id=22 error=0
08-22 17:17:57.550 I/MpvEvent(17565): [PlaybackTrace][Native][property] name=demuxer-cache-state format=6 value=null
08-22 17:17:57.550 I/MpvEvent(17565): [PlaybackTrace][Native][dispatch:property] name=demuxer-cache-state value=null
08-22 17:17:57.555 I/MpvBridgeModule(17565): [PlaybackTrace][Bridge][listener:property] name=demuxer-cache-state value=null
08-22 17:17:57.560 I/MpvEvent(17565): [PlaybackTrace][Native][eventLoop] event_id=2 error=0
08-22 17:17:57.560 I/MpvEvent(17565): [PlaybackTrace][Native][mpv-log] prefix=cplayer level=v text=restarting audio after underrun
08-22 17:17:57.560 D/mpv     (17565): [cplayer] v: restarting audio after underrun
08-22 17:17:58.163 I/MpvJNI  (17565): [PlaybackTrace][Native][getPosition] result=0 position=46.401342
08-22 17:17:58.163 D/MpvBridgeModule(17565): [PlaybackTrace][Bridge][getPosition] ptr=131217388352464 position=46.401341959254474
08-22 17:17:58.163 I/MpvJNI  (17565): [PlaybackTrace][Native][getDuration] result=0 duration=149.696033
08-22 17:17:58.165 D/MpvBridgeModule(17565): [PlaybackTrace][Bridge][getDuration] ptr=131217388352464 duration=149.69603333333333
08-22 17:17:58.167 D/MpvBridgeModule(17565): [PlaybackTrace][Bridge][getPlaybackState] ptr=131217388352464 state=playing idle=false eof=false pause=false
08-22 17:17:58.167 I/MpvJNI  (17565): [PlaybackTrace][Native][getPosition] result=0 position=46.401342
08-22 17:17:58.168 D/MpvBridgeModule(17565): [PlaybackTrace][Bridge][getPosition] ptr=131217388352464 position=46.401341959254474
08-22 17:17:58.168 I/MpvJNI  (17565): [PlaybackTrace][Native][getDuration] result=0 duration=149.696033
08-22 17:17:58.168 D/MpvBridgeModule(17565): [PlaybackTrace][Bridge][getDuration] ptr=131217388352464 duration=149.69603333333333
08-22 17:17:58.170 D/MpvBridgeModule(17565): [PlaybackTrace][Bridge][getPlaybackState] ptr=131217388352464 state=playing idle=false eof=false pause=false
08-22 17:17:58.195 I/MpvJNI  (17565): [PlaybackTrace][Native][getDuration] result=0 duration=149.696033
08-22 17:17:58.195 D/MpvBridgeModule(17565): [PlaybackTrace][Bridge][getDuration] ptr=131217388352464 duration=149.69603333333333
08-22 17:17:58.615 I/MpvEvent(17565): [PlaybackTrace][Native][eventLoop] event_id=22 error=0
08-22 17:17:58.615 I/MpvEvent(17565): [PlaybackTrace][Native][property] name=demuxer-cache-state format=6 value=null
08-22 17:17:58.618 I/MpvEvent(17565): [PlaybackTrace][Native][dispatch:property] name=demuxer-cache-state value=null
08-22 17:17:58.629 I/MpvBridgeModule(17565): [PlaybackTrace][Bridge][listener:property] name=demuxer-cache-state value=null
08-22 17:17:58.838 I/MpvEvent(17565): [PlaybackTrace][Native][eventLoop] event_id=22 error=0
08-22 17:17:58.838 I/MpvEvent(17565): [PlaybackTrace][Native][property] name=demuxer-cache-state format=6 value=null
08-22 17:17:58.838 I/MpvEvent(17565): [PlaybackTrace][Native][dispatch:property] name=demuxer-cache-state value=null
08-22 17:17:58.848 I/MpvBridgeModule(17565): [PlaybackTrace][Bridge][listener:property] name=demuxer-cache-state value=null
08-22 17:17:59.044 I/MpvJNI  (17565): [PlaybackTrace][Native][getPosition] result=0 position=47.214344
08-22 17:17:59.044 D/MpvBridgeModule(17565): [PlaybackTrace][Bridge][getPosition] ptr=131217388352464 position=47.21434380925448
08-22 17:17:59.044 I/MpvJNI  (17565): [PlaybackTrace][Native][getDuration] result=0 duration=149.696033
08-22 17:17:59.044 D/MpvBridgeModule(17565): [PlaybackTrace][Bridge][getDuration] ptr=131217388352464 duration=149.69603333333333
08-22 17:17:59.045 D/MpvBridgeModule(17565): [PlaybackTrace][Bridge][getPlaybackState] ptr=131217388352464 state=playing idle=false eof=false pause=false
08-22 17:17:59.085 I/MpvJNI  (17565): [PlaybackTrace][Native][getPosition] result=0 position=47.214344
08-22 17:17:59.085 D/MpvBridgeModule(17565): [PlaybackTrace][Bridge][getPosition] ptr=131217388352464 position=47.21434380925448
08-22 17:17:59.087 I/MpvJNI  (17565): [PlaybackTrace][Native][getDuration] result=0 duration=149.696033
08-22 17:17:59.087 D/MpvBridgeModule(17565): [PlaybackTrace][Bridge][getDuration] ptr=131217388352464 duration=149.69603333333333
08-22 17:17:59.087 D/MpvBridgeModule(17565): [PlaybackTrace][Bridge][getPlaybackState] ptr=131217388352464 state=playing idle=false eof=false pause=false
08-22 17:17:59.126 I/MpvJNI  (17565): [PlaybackTrace][Native][getDuration] result=0 duration=149.696033
08-22 17:17:59.127 D/MpvBridgeModule(17565): [PlaybackTrace][Bridge][getDuration] ptr=131217388352464 duration=149.69603333333333
